//go:build amd64
// +build amd64

// Code generated by asm2asm, DO NOT EDIT.

package avx2

var _text_skip_one = []byte{
	// .p2align 5, 0x00
	// LCPI0_0
	0x20, // .byte 32
	0x00, //0x00000001 .byte 0
	0x00, //0x00000002 .byte 0
	0x00, //0x00000003 .byte 0
	0x00, //0x00000004 .byte 0
	0x00, //0x00000005 .byte 0
	0x00, //0x00000006 .byte 0
	0x00, //0x00000007 .byte 0
	0x00, //0x00000008 .byte 0
	0x09, //0x00000009 .byte 9
	0x0a, //0x0000000a .byte 10
	0x00, //0x0000000b .byte 0
	0x00, //0x0000000c .byte 0
	0x0d, //0x0000000d .byte 13
	0x00, //0x0000000e .byte 0
	0x00, //0x0000000f .byte 0
	0x20, //0x00000010 .byte 32
	0x00, //0x00000011 .byte 0
	0x00, //0x00000012 .byte 0
	0x00, //0x00000013 .byte 0
	0x00, //0x00000014 .byte 0
	0x00, //0x00000015 .byte 0
	0x00, //0x00000016 .byte 0
	0x00, //0x00000017 .byte 0
	0x00, //0x00000018 .byte 0
	0x09, //0x00000019 .byte 9
	0x0a, //0x0000001a .byte 10
	0x00, //0x0000001b .byte 0
	0x00, //0x0000001c .byte 0
	0x0d, //0x0000001d .byte 13
	0x00, //0x0000001e .byte 0
	0x00, //0x0000001f .byte 0
	//0x00000020 LCPI0_1
	0x2c, 0x2c, 0x2c, 0x2c, 0x2c, 0x2c, 0x2c, 0x2c, 0x2c, 0x2c, 0x2c, 0x2c, 0x2c, 0x2c, 0x2c, 0x2c, //0x00000020 QUAD $0x2c2c2c2c2c2c2c2c; QUAD $0x2c2c2c2c2c2c2c2c  // .space 16, ',,,,,,,,,,,,,,,,'
	0x2c, 0x2c, 0x2c, 0x2c, 0x2c, 0x2c, 0x2c, 0x2c, 0x2c, 0x2c, 0x2c, 0x2c, 0x2c, 0x2c, 0x2c, 0x2c, //0x00000030 QUAD $0x2c2c2c2c2c2c2c2c; QUAD $0x2c2c2c2c2c2c2c2c  // .space 16, ',,,,,,,,,,,,,,,,'
	//0x00000040 LCPI0_2
	0xdf, 0xdf, 0xdf, 0xdf, 0xdf, 0xdf, 0xdf, 0xdf, 0xdf, 0xdf, 0xdf, 0xdf, 0xdf, 0xdf, 0xdf, 0xdf, //0x00000040 QUAD $0xdfdfdfdfdfdfdfdf; QUAD $0xdfdfdfdfdfdfdfdf  // .space 16, '\xdf\xdf\xdf\xdf\xdf\xdf\xdf\xdf\xdf\xdf\xdf\xdf\xdf\xdf\xdf\xdf'
	0xdf, 0xdf, 0xdf, 0xdf, 0xdf, 0xdf, 0xdf, 0xdf, 0xdf, 0xdf, 0xdf, 0xdf, 0xdf, 0xdf, 0xdf, 0xdf, //0x00000050 QUAD $0xdfdfdfdfdfdfdfdf; QUAD $0xdfdfdfdfdfdfdfdf  // .space 16, '\xdf\xdf\xdf\xdf\xdf\xdf\xdf\xdf\xdf\xdf\xdf\xdf\xdf\xdf\xdf\xdf'
	//0x00000060 LCPI0_3
	0x5d, 0x5d, 0x5d, 0x5d, 0x5d, 0x5d, 0x5d, 0x5d, 0x5d, 0x5d, 0x5d, 0x5d, 0x5d, 0x5d, 0x5d, 0x5d, //0x00000060 QUAD $0x5d5d5d5d5d5d5d5d; QUAD $0x5d5d5d5d5d5d5d5d  // .space 16, ']]]]]]]]]]]]]]]]'
	0x5d, 0x5d, 0x5d, 0x5d, 0x5d, 0x5d, 0x5d, 0x5d, 0x5d, 0x5d, 0x5d, 0x5d, 0x5d, 0x5d, 0x5d, 0x5d, //0x00000070 QUAD $0x5d5d5d5d5d5d5d5d; QUAD $0x5d5d5d5d5d5d5d5d  // .space 16, ']]]]]]]]]]]]]]]]'
	//0x00000080 LCPI0_7
	0x22, 0x22, 0x22, 0x22, 0x22, 0x22, 0x22, 0x22, 0x22, 0x22, 0x22, 0x22, 0x22, 0x22, 0x22, 0x22, //0x00000080 QUAD $0x2222222222222222; QUAD $0x2222222222222222  // .space 16, '""""""""""""""""'
	0x22, 0x22, 0x22, 0x22, 0x22, 0x22, 0x22, 0x22, 0x22, 0x22, 0x22, 0x22, 0x22, 0x22, 0x22, 0x22, //0x00000090 QUAD $0x2222222222222222; QUAD $0x2222222222222222  // .space 16, '""""""""""""""""'
	//0x000000a0 LCPI0_8
	0x5c, 0x5c, 0x5c, 0x5c, 0x5c, 0x5c, 0x5c, 0x5c, 0x5c, 0x5c, 0x5c, 0x5c, 0x5c, 0x5c, 0x5c, 0x5c, //0x000000a0 QUAD $0x5c5c5c5c5c5c5c5c; QUAD $0x5c5c5c5c5c5c5c5c  // .space 16, '\\\\\\\\\\\\\\\\\\\\\\\\\\\\\\\\'
	0x5c, 0x5c, 0x5c, 0x5c, 0x5c, 0x5c, 0x5c, 0x5c, 0x5c, 0x5c, 0x5c, 0x5c, 0x5c, 0x5c, 0x5c, 0x5c, //0x000000b0 QUAD $0x5c5c5c5c5c5c5c5c; QUAD $0x5c5c5c5c5c5c5c5c  // .space 16, '\\\\\\\\\\\\\\\\\\\\\\\\\\\\\\\\'
	//0x000000c0 LCPI0_9
	0x7b, 0x7b, 0x7b, 0x7b, 0x7b, 0x7b, 0x7b, 0x7b, 0x7b, 0x7b, 0x7b, 0x7b, 0x7b, 0x7b, 0x7b, 0x7b, //0x000000c0 QUAD $0x7b7b7b7b7b7b7b7b; QUAD $0x7b7b7b7b7b7b7b7b  // .space 16, '{{{{{{{{{{{{{{{{'
	0x7b, 0x7b, 0x7b, 0x7b, 0x7b, 0x7b, 0x7b, 0x7b, 0x7b, 0x7b, 0x7b, 0x7b, 0x7b, 0x7b, 0x7b, 0x7b, //0x000000d0 QUAD $0x7b7b7b7b7b7b7b7b; QUAD $0x7b7b7b7b7b7b7b7b  // .space 16, '{{{{{{{{{{{{{{{{'
	//0x000000e0 LCPI0_10
	0x7d, 0x7d, 0x7d, 0x7d, 0x7d, 0x7d, 0x7d, 0x7d, 0x7d, 0x7d, 0x7d, 0x7d, 0x7d, 0x7d, 0x7d, 0x7d, //0x000000e0 QUAD $0x7d7d7d7d7d7d7d7d; QUAD $0x7d7d7d7d7d7d7d7d  // .space 16, '}}}}}}}}}}}}}}}}'
	0x7d, 0x7d, 0x7d, 0x7d, 0x7d, 0x7d, 0x7d, 0x7d, 0x7d, 0x7d, 0x7d, 0x7d, 0x7d, 0x7d, 0x7d, 0x7d, //0x000000f0 QUAD $0x7d7d7d7d7d7d7d7d; QUAD $0x7d7d7d7d7d7d7d7d  // .space 16, '}}}}}}}}}}}}}}}}'
	//0x00000100 LCPI0_11
	0x5b, 0x5b, 0x5b, 0x5b, 0x5b, 0x5b, 0x5b, 0x5b, 0x5b, 0x5b, 0x5b, 0x5b, 0x5b, 0x5b, 0x5b, 0x5b, //0x00000100 QUAD $0x5b5b5b5b5b5b5b5b; QUAD $0x5b5b5b5b5b5b5b5b  // .space 16, '[[[[[[[[[[[[[[[['
	0x5b, 0x5b, 0x5b, 0x5b, 0x5b, 0x5b, 0x5b, 0x5b, 0x5b, 0x5b, 0x5b, 0x5b, 0x5b, 0x5b, 0x5b, 0x5b, //0x00000110 QUAD $0x5b5b5b5b5b5b5b5b; QUAD $0x5b5b5b5b5b5b5b5b  // .space 16, '[[[[[[[[[[[[[[[['
	//0x00000120 LCPI0_13
	0x20, 0x20, 0x20, 0x20, 0x20, 0x20, 0x20, 0x20, 0x20, 0x20, 0x20, 0x20, 0x20, 0x20, 0x20, 0x20, //0x00000120 QUAD $0x2020202020202020; QUAD $0x2020202020202020  // .space 16, '                '
	0x20, 0x20, 0x20, 0x20, 0x20, 0x20, 0x20, 0x20, 0x20, 0x20, 0x20, 0x20, 0x20, 0x20, 0x20, 0x20, //0x00000130 QUAD $0x2020202020202020; QUAD $0x2020202020202020  // .space 16, '                '
	//0x00000140 LCPI0_14
	0x2f, 0x2f, 0x2f, 0x2f, 0x2f, 0x2f, 0x2f, 0x2f, 0x2f, 0x2f, 0x2f, 0x2f, 0x2f, 0x2f, 0x2f, 0x2f, //0x00000140 QUAD $0x2f2f2f2f2f2f2f2f; QUAD $0x2f2f2f2f2f2f2f2f  // .space 16, '////////////////'
	0x2f, 0x2f, 0x2f, 0x2f, 0x2f, 0x2f, 0x2f, 0x2f, 0x2f, 0x2f, 0x2f, 0x2f, 0x2f, 0x2f, 0x2f, 0x2f, //0x00000150 QUAD $0x2f2f2f2f2f2f2f2f; QUAD $0x2f2f2f2f2f2f2f2f  // .space 16, '////////////////'
	//0x00000160 LCPI0_15
	0x3a, 0x3a, 0x3a, 0x3a, 0x3a, 0x3a, 0x3a, 0x3a, 0x3a, 0x3a, 0x3a, 0x3a, 0x3a, 0x3a, 0x3a, 0x3a, //0x00000160 QUAD $0x3a3a3a3a3a3a3a3a; QUAD $0x3a3a3a3a3a3a3a3a  // .space 16, '::::::::::::::::'
	0x3a, 0x3a, 0x3a, 0x3a, 0x3a, 0x3a, 0x3a, 0x3a, 0x3a, 0x3a, 0x3a, 0x3a, 0x3a, 0x3a, 0x3a, 0x3a, //0x00000170 QUAD $0x3a3a3a3a3a3a3a3a; QUAD $0x3a3a3a3a3a3a3a3a  // .space 16, '::::::::::::::::'
	//0x00000180 LCPI0_16
	0x2b, 0x2b, 0x2b, 0x2b, 0x2b, 0x2b, 0x2b, 0x2b, 0x2b, 0x2b, 0x2b, 0x2b, 0x2b, 0x2b, 0x2b, 0x2b, //0x00000180 QUAD $0x2b2b2b2b2b2b2b2b; QUAD $0x2b2b2b2b2b2b2b2b  // .space 16, '++++++++++++++++'
	0x2b, 0x2b, 0x2b, 0x2b, 0x2b, 0x2b, 0x2b, 0x2b, 0x2b, 0x2b, 0x2b, 0x2b, 0x2b, 0x2b, 0x2b, 0x2b, //0x00000190 QUAD $0x2b2b2b2b2b2b2b2b; QUAD $0x2b2b2b2b2b2b2b2b  // .space 16, '++++++++++++++++'
	//0x000001a0 LCPI0_17
	0x2d, 0x2d, 0x2d, 0x2d, 0x2d, 0x2d, 0x2d, 0x2d, 0x2d, 0x2d, 0x2d, 0x2d, 0x2d, 0x2d, 0x2d, 0x2d, //0x000001a0 QUAD $0x2d2d2d2d2d2d2d2d; QUAD $0x2d2d2d2d2d2d2d2d  // .space 16, '----------------'
	0x2d, 0x2d, 0x2d, 0x2d, 0x2d, 0x2d, 0x2d, 0x2d, 0x2d, 0x2d, 0x2d, 0x2d, 0x2d, 0x2d, 0x2d, 0x2d, //0x000001b0 QUAD $0x2d2d2d2d2d2d2d2d; QUAD $0x2d2d2d2d2d2d2d2d  // .space 16, '----------------'
	//0x000001c0 LCPI0_18
	0x2e, 0x2e, 0x2e, 0x2e, 0x2e, 0x2e, 0x2e, 0x2e, 0x2e, 0x2e, 0x2e, 0x2e, 0x2e, 0x2e, 0x2e, 0x2e, //0x000001c0 QUAD $0x2e2e2e2e2e2e2e2e; QUAD $0x2e2e2e2e2e2e2e2e  // .space 16, '................'
	0x2e, 0x2e, 0x2e, 0x2e, 0x2e, 0x2e, 0x2e, 0x2e, 0x2e, 0x2e, 0x2e, 0x2e, 0x2e, 0x2e, 0x2e, 0x2e, //0x000001d0 QUAD $0x2e2e2e2e2e2e2e2e; QUAD $0x2e2e2e2e2e2e2e2e  // .space 16, '................'
	//0x000001e0 LCPI0_19
	0x45, 0x45, 0x45, 0x45, 0x45, 0x45, 0x45, 0x45, 0x45, 0x45, 0x45, 0x45, 0x45, 0x45, 0x45, 0x45, //0x000001e0 QUAD $0x4545454545454545; QUAD $0x4545454545454545  // .space 16, 'EEEEEEEEEEEEEEEE'
	0x45, 0x45, 0x45, 0x45, 0x45, 0x45, 0x45, 0x45, 0x45, 0x45, 0x45, 0x45, 0x45, 0x45, 0x45, 0x45, //0x000001f0 QUAD $0x4545454545454545; QUAD $0x4545454545454545  // .space 16, 'EEEEEEEEEEEEEEEE'
	//0x00000200 .p2align 4, 0x00
	//0x00000200 LCPI0_4
	0x2c, 0x2c, 0x2c, 0x2c, 0x2c, 0x2c, 0x2c, 0x2c, 0x2c, 0x2c, 0x2c, 0x2c, 0x2c, 0x2c, 0x2c, 0x2c, //0x00000200 QUAD $0x2c2c2c2c2c2c2c2c; QUAD $0x2c2c2c2c2c2c2c2c  // .space 16, ',,,,,,,,,,,,,,,,'
	//0x00000210 LCPI0_5
	0xdf, 0xdf, 0xdf, 0xdf, 0xdf, 0xdf, 0xdf, 0xdf, 0xdf, 0xdf, 0xdf, 0xdf, 0xdf, 0xdf, 0xdf, 0xdf, //0x00000210 QUAD $0xdfdfdfdfdfdfdfdf; QUAD $0xdfdfdfdfdfdfdfdf  // .space 16, '\xdf\xdf\xdf\xdf\xdf\xdf\xdf\xdf\xdf\xdf\xdf\xdf\xdf\xdf\xdf\xdf'
	//0x00000220 LCPI0_6
	0x5d, 0x5d, 0x5d, 0x5d, 0x5d, 0x5d, 0x5d, 0x5d, 0x5d, 0x5d, 0x5d, 0x5d, 0x5d, 0x5d, 0x5d, 0x5d, //0x00000220 QUAD $0x5d5d5d5d5d5d5d5d; QUAD $0x5d5d5d5d5d5d5d5d  // .space 16, ']]]]]]]]]]]]]]]]'
	//0x00000230 LCPI0_12
	0x01, 0x00, 0x00, 0x00, 0x00, 0x00, 0x00, 0x00, //0x00000230 .quad 1
	0x00, 0x00, 0x00, 0x00, 0x00, 0x00, 0x00, 0x00, //0x00000238 .quad 0
	//0x00000240 LCPI0_20
	0x2f, 0x2f, 0x2f, 0x2f, 0x2f, 0x2f, 0x2f, 0x2f, 0x2f, 0x2f, 0x2f, 0x2f, 0x2f, 0x2f, 0x2f, 0x2f, //0x00000240 QUAD $0x2f2f2f2f2f2f2f2f; QUAD $0x2f2f2f2f2f2f2f2f  // .space 16, '////////////////'
	//0x00000250 LCPI0_21
	0x3a, 0x3a, 0x3a, 0x3a, 0x3a, 0x3a, 0x3a, 0x3a, 0x3a, 0x3a, 0x3a, 0x3a, 0x3a, 0x3a, 0x3a, 0x3a, //0x00000250 QUAD $0x3a3a3a3a3a3a3a3a; QUAD $0x3a3a3a3a3a3a3a3a  // .space 16, '::::::::::::::::'
	//0x00000260 LCPI0_22
	0x2b, 0x2b, 0x2b, 0x2b, 0x2b, 0x2b, 0x2b, 0x2b, 0x2b, 0x2b, 0x2b, 0x2b, 0x2b, 0x2b, 0x2b, 0x2b, //0x00000260 QUAD $0x2b2b2b2b2b2b2b2b; QUAD $0x2b2b2b2b2b2b2b2b  // .space 16, '++++++++++++++++'
	//0x00000270 LCPI0_23
	0x2d, 0x2d, 0x2d, 0x2d, 0x2d, 0x2d, 0x2d, 0x2d, 0x2d, 0x2d, 0x2d, 0x2d, 0x2d, 0x2d, 0x2d, 0x2d, //0x00000270 QUAD $0x2d2d2d2d2d2d2d2d; QUAD $0x2d2d2d2d2d2d2d2d  // .space 16, '----------------'
	//0x00000280 LCPI0_24
	0x2e, 0x2e, 0x2e, 0x2e, 0x2e, 0x2e, 0x2e, 0x2e, 0x2e, 0x2e, 0x2e, 0x2e, 0x2e, 0x2e, 0x2e, 0x2e, //0x00000280 QUAD $0x2e2e2e2e2e2e2e2e; QUAD $0x2e2e2e2e2e2e2e2e  // .space 16, '................'
	//0x00000290 LCPI0_25
	0x45, 0x45, 0x45, 0x45, 0x45, 0x45, 0x45, 0x45, 0x45, 0x45, 0x45, 0x45, 0x45, 0x45, 0x45, 0x45, //0x00000290 QUAD $0x4545454545454545; QUAD $0x4545454545454545  // .space 16, 'EEEEEEEEEEEEEEEE'
	//0x000002a0 .p2align 4, 0x90
	//0x000002a0 _skip_one
	0x55,             //0x000002a0 pushq        %rbp
	0x48, 0x89, 0xe5, //0x000002a1 movq         %rsp, %rbp
	0x41, 0x57, //0x000002a4 pushq        %r15
	0x41, 0x56, //0x000002a6 pushq        %r14
	0x41, 0x55, //0x000002a8 pushq        %r13
	0x41, 0x54, //0x000002aa pushq        %r12
	0x53,                                     //0x000002ac pushq        %rbx
	0x48, 0x81, 0xec, 0x00, 0x01, 0x00, 0x00, //0x000002ad subq         $256, %rsp
	0x49, 0x89, 0xf5, //0x000002b4 movq         %rsi, %r13
	0x49, 0x89, 0xfe, //0x000002b7 movq         %rdi, %r14
	0xf6, 0xc1, 0x40, //0x000002ba testb        $64, %cl
	0x0f, 0x85, 0x93, 0x00, 0x00, 0x00, //0x000002bd jne          LBB0_2
	0x49, 0x89, 0xd2, //0x000002c3 movq         %rdx, %r10
	0x48, 0x89, 0x8c, 0x24, 0x98, 0x00, 0x00, 0x00, //0x000002c6 movq         %rcx, $152(%rsp)
	0xc5, 0xfa, 0x6f, 0x05, 0x5a, 0xff, 0xff, 0xff, //0x000002ce vmovdqu      $-166(%rip), %xmm0  /* LCPI0_12+0(%rip) */
	0xc5, 0xfa, 0x7f, 0x02, //0x000002d6 vmovdqu      %xmm0, (%rdx)
	0x4d, 0x8b, 0x65, 0x00, //0x000002da movq         (%r13), %r12
	0x49, 0xc7, 0xc7, 0xff, 0xff, 0xff, 0xff, //0x000002de movq         $-1, %r15
	0xb9, 0x01, 0x00, 0x00, 0x00, //0x000002e5 movl         $1, %ecx
	0xc5, 0xfe, 0x6f, 0x2d, 0x0e, 0xfd, 0xff, 0xff, //0x000002ea vmovdqu      $-754(%rip), %ymm5  /* LCPI0_0+0(%rip) */
	0xc5, 0xfe, 0x6f, 0x35, 0x86, 0xfd, 0xff, 0xff, //0x000002f2 vmovdqu      $-634(%rip), %ymm6  /* LCPI0_7+0(%rip) */
	0xc5, 0xfe, 0x6f, 0x3d, 0x9e, 0xfd, 0xff, 0xff, //0x000002fa vmovdqu      $-610(%rip), %ymm7  /* LCPI0_8+0(%rip) */
	0xc5, 0x7e, 0x6f, 0x05, 0x16, 0xfe, 0xff, 0xff, //0x00000302 vmovdqu      $-490(%rip), %ymm8  /* LCPI0_13+0(%rip) */
	0xc4, 0x41, 0x35, 0x76, 0xc9, //0x0000030a vpcmpeqd     %ymm9, %ymm9, %ymm9
	0xc5, 0x7e, 0x6f, 0x15, 0x29, 0xfe, 0xff, 0xff, //0x0000030f vmovdqu      $-471(%rip), %ymm10  /* LCPI0_14+0(%rip) */
	0xc5, 0x7e, 0x6f, 0x1d, 0x41, 0xfe, 0xff, 0xff, //0x00000317 vmovdqu      $-447(%rip), %ymm11  /* LCPI0_15+0(%rip) */
	0xc5, 0x7e, 0x6f, 0x25, 0x59, 0xfe, 0xff, 0xff, //0x0000031f vmovdqu      $-423(%rip), %ymm12  /* LCPI0_16+0(%rip) */
	0xc5, 0x7e, 0x6f, 0x2d, 0x71, 0xfe, 0xff, 0xff, //0x00000327 vmovdqu      $-399(%rip), %ymm13  /* LCPI0_17+0(%rip) */
	0xc5, 0x7e, 0x6f, 0x35, 0x09, 0xfd, 0xff, 0xff, //0x0000032f vmovdqu      $-759(%rip), %ymm14  /* LCPI0_2+0(%rip) */
	0xc5, 0x7e, 0x6f, 0x3d, 0x81, 0xfe, 0xff, 0xff, //0x00000337 vmovdqu      $-383(%rip), %ymm15  /* LCPI0_18+0(%rip) */
	0xc5, 0xfe, 0x6f, 0x25, 0x99, 0xfe, 0xff, 0xff, //0x0000033f vmovdqu      $-359(%rip), %ymm4  /* LCPI0_19+0(%rip) */
	0x48, 0x89, 0x54, 0x24, 0x48, //0x00000347 movq         %rdx, $72(%rsp)
	0x4c, 0x89, 0x6c, 0x24, 0x20, //0x0000034c movq         %r13, $32(%rsp)
	0xe9, 0x5a, 0x0c, 0x00, 0x00, //0x00000351 jmp          LBB0_37
	//0x00000356 LBB0_2
	0x4d, 0x8b, 0x16, //0x00000356 movq         (%r14), %r10
	0x49, 0x8b, 0x56, 0x08, //0x00000359 movq         $8(%r14), %rdx
	0x49, 0x8b, 0x75, 0x00, //0x0000035d movq         (%r13), %rsi
	0x48, 0x39, 0xd6, //0x00000361 cmpq         %rdx, %rsi
	0x0f, 0x83, 0x26, 0x00, 0x00, 0x00, //0x00000364 jae          LBB0_7
	0x41, 0x8a, 0x04, 0x32, //0x0000036a movb         (%r10,%rsi), %al
	0x3c, 0x0d, //0x0000036e cmpb         $13, %al
	0x0f, 0x84, 0x1a, 0x00, 0x00, 0x00, //0x00000370 je           LBB0_7
	0x3c, 0x20, //0x00000376 cmpb         $32, %al
	0x0f, 0x84, 0x12, 0x00, 0x00, 0x00, //0x00000378 je           LBB0_7
	0x04, 0xf7, //0x0000037e addb         $-9, %al
	0x3c, 0x01, //0x00000380 cmpb         $1, %al
	0x0f, 0x86, 0x08, 0x00, 0x00, 0x00, //0x00000382 jbe          LBB0_7
	0x48, 0x89, 0xf0, //0x00000388 movq         %rsi, %rax
	0xe9, 0x7f, 0x01, 0x00, 0x00, //0x0000038b jmp          LBB0_763
	//0x00000390 LBB0_7
	0x48, 0x8d, 0x46, 0x01, //0x00000390 leaq         $1(%rsi), %rax
	0x48, 0x39, 0xd0, //0x00000394 cmpq         %rdx, %rax
	0x0f, 0x83, 0x22, 0x00, 0x00, 0x00, //0x00000397 jae          LBB0_11
	0x41, 0x8a, 0x0c, 0x02, //0x0000039d movb         (%r10,%rax), %cl
	0x80, 0xf9, 0x0d, //0x000003a1 cmpb         $13, %cl
	0x0f, 0x84, 0x15, 0x00, 0x00, 0x00, //0x000003a4 je           LBB0_11
	0x80, 0xf9, 0x20, //0x000003aa cmpb         $32, %cl
	0x0f, 0x84, 0x0c, 0x00, 0x00, 0x00, //0x000003ad je           LBB0_11
	0x80, 0xc1, 0xf7, //0x000003b3 addb         $-9, %cl
	0x80, 0xf9, 0x01, //0x000003b6 cmpb         $1, %cl
	0x0f, 0x87, 0x50, 0x01, 0x00, 0x00, //0x000003b9 ja           LBB0_763
	//0x000003bf LBB0_11
	0x48, 0x8d, 0x46, 0x02, //0x000003bf leaq         $2(%rsi), %rax
	0x48, 0x39, 0xd0, //0x000003c3 cmpq         %rdx, %rax
	0x0f, 0x83, 0x22, 0x00, 0x00, 0x00, //0x000003c6 jae          LBB0_15
	0x41, 0x8a, 0x0c, 0x02, //0x000003cc movb         (%r10,%rax), %cl
	0x80, 0xf9, 0x0d, //0x000003d0 cmpb         $13, %cl
	0x0f, 0x84, 0x15, 0x00, 0x00, 0x00, //0x000003d3 je           LBB0_15
	0x80, 0xf9, 0x20, //0x000003d9 cmpb         $32, %cl
	0x0f, 0x84, 0x0c, 0x00, 0x00, 0x00, //0x000003dc je           LBB0_15
	0x80, 0xc1, 0xf7, //0x000003e2 addb         $-9, %cl
	0x80, 0xf9, 0x01, //0x000003e5 cmpb         $1, %cl
	0x0f, 0x87, 0x21, 0x01, 0x00, 0x00, //0x000003e8 ja           LBB0_763
	//0x000003ee LBB0_15
	0x48, 0x8d, 0x46, 0x03, //0x000003ee leaq         $3(%rsi), %rax
	0x48, 0x39, 0xd0, //0x000003f2 cmpq         %rdx, %rax
	0x0f, 0x83, 0x22, 0x00, 0x00, 0x00, //0x000003f5 jae          LBB0_19
	0x41, 0x8a, 0x0c, 0x02, //0x000003fb movb         (%r10,%rax), %cl
	0x80, 0xf9, 0x0d, //0x000003ff cmpb         $13, %cl
	0x0f, 0x84, 0x15, 0x00, 0x00, 0x00, //0x00000402 je           LBB0_19
	0x80, 0xf9, 0x20, //0x00000408 cmpb         $32, %cl
	0x0f, 0x84, 0x0c, 0x00, 0x00, 0x00, //0x0000040b je           LBB0_19
	0x80, 0xc1, 0xf7, //0x00000411 addb         $-9, %cl
	0x80, 0xf9, 0x01, //0x00000414 cmpb         $1, %cl
	0x0f, 0x87, 0xf2, 0x00, 0x00, 0x00, //0x00000417 ja           LBB0_763
	//0x0000041d LBB0_19
	0x48, 0x8d, 0x46, 0x04, //0x0000041d leaq         $4(%rsi), %rax
	0x48, 0x89, 0xd7, //0x00000421 movq         %rdx, %rdi
	0x48, 0x29, 0xc7, //0x00000424 subq         %rax, %rdi
	0x0f, 0x86, 0xba, 0x00, 0x00, 0x00, //0x00000427 jbe          LBB0_761
	0x48, 0x83, 0xff, 0x20, //0x0000042d cmpq         $32, %rdi
	0x0f, 0x82, 0x81, 0x0a, 0x00, 0x00, //0x00000431 jb           LBB0_901
	0x48, 0xc7, 0xc7, 0xfc, 0xff, 0xff, 0xff, //0x00000437 movq         $-4, %rdi
	0x48, 0x29, 0xf7, //0x0000043e subq         %rsi, %rdi
	0xc5, 0xfe, 0x6f, 0x05, 0xb7, 0xfb, 0xff, 0xff, //0x00000441 vmovdqu      $-1097(%rip), %ymm0  /* LCPI0_0+0(%rip) */
	0x90, 0x90, 0x90, 0x90, 0x90, 0x90, 0x90, //0x00000449 .p2align 4, 0x90
	//0x00000450 LBB0_22
	0xc4, 0xc1, 0x7e, 0x6f, 0x0c, 0x02, //0x00000450 vmovdqu      (%r10,%rax), %ymm1
	0xc4, 0xe2, 0x7d, 0x00, 0xd1, //0x00000456 vpshufb      %ymm1, %ymm0, %ymm2
	0xc5, 0xf5, 0x74, 0xca, //0x0000045b vpcmpeqb     %ymm2, %ymm1, %ymm1
	0xc5, 0xfd, 0xd7, 0xc9, //0x0000045f vpmovmskb    %ymm1, %ecx
	0x83, 0xf9, 0xff, //0x00000463 cmpl         $-1, %ecx
	0x0f, 0x85, 0x8b, 0x00, 0x00, 0x00, //0x00000466 jne          LBB0_762
	0x48, 0x83, 0xc0, 0x20, //0x0000046c addq         $32, %rax
	0x48, 0x8d, 0x0c, 0x3a, //0x00000470 leaq         (%rdx,%rdi), %rcx
	0x48, 0x83, 0xc1, 0xe0, //0x00000474 addq         $-32, %rcx
	0x48, 0x83, 0xc7, 0xe0, //0x00000478 addq         $-32, %rdi
	0x48, 0x83, 0xf9, 0x1f, //0x0000047c cmpq         $31, %rcx
	0x0f, 0x87, 0xca, 0xff, 0xff, 0xff, //0x00000480 ja           LBB0_22
	0x4c, 0x89, 0xd0, //0x00000486 movq         %r10, %rax
	0x48, 0x29, 0xf8, //0x00000489 subq         %rdi, %rax
	0x48, 0x01, 0xd7, //0x0000048c addq         %rdx, %rdi
	0x48, 0x85, 0xff, //0x0000048f testq        %rdi, %rdi
	0x0f, 0x84, 0x37, 0x00, 0x00, 0x00, //0x00000492 je           LBB0_30
	//0x00000498 LBB0_25
	0x4c, 0x8d, 0x04, 0x38, //0x00000498 leaq         (%rax,%rdi), %r8
	0x31, 0xf6, //0x0000049c xorl         %esi, %esi
	0x48, 0xb9, 0x00, 0x26, 0x00, 0x00, 0x01, 0x00, 0x00, 0x00, //0x0000049e movabsq      $4294977024, %rcx
	//0x000004a8 LBB0_26
	0x0f, 0xbe, 0x1c, 0x30, //0x000004a8 movsbl       (%rax,%rsi), %ebx
	0x83, 0xfb, 0x20, //0x000004ac cmpl         $32, %ebx
	0x0f, 0x87, 0xd8, 0x09, 0x00, 0x00, //0x000004af ja           LBB0_891
	0x48, 0x0f, 0xa3, 0xd9, //0x000004b5 btq          %rbx, %rcx
	0x0f, 0x83, 0xce, 0x09, 0x00, 0x00, //0x000004b9 jae          LBB0_891
	0x48, 0x83, 0xc6, 0x01, //0x000004bf addq         $1, %rsi
	0x48, 0x39, 0xf7, //0x000004c3 cmpq         %rsi, %rdi
	0x0f, 0x85, 0xdc, 0xff, 0xff, 0xff, //0x000004c6 jne          LBB0_26
	0x4c, 0x89, 0xc0, //0x000004cc movq         %r8, %rax
	//0x000004cf LBB0_30
	0x4c, 0x29, 0xd0, //0x000004cf subq         %r10, %rax
	0x49, 0xc7, 0xc0, 0xff, 0xff, 0xff, 0xff, //0x000004d2 movq         $-1, %r8
	0x48, 0x39, 0xd0, //0x000004d9 cmpq         %rdx, %rax
	0x0f, 0x82, 0x2d, 0x00, 0x00, 0x00, //0x000004dc jb           LBB0_763
	0xe9, 0xb1, 0x46, 0x00, 0x00, //0x000004e2 jmp          LBB0_907
	//0x000004e7 LBB0_761
	0x49, 0x89, 0x45, 0x00, //0x000004e7 movq         %rax, (%r13)
	0x49, 0xc7, 0xc0, 0xff, 0xff, 0xff, 0xff, //0x000004eb movq         $-1, %r8
	0xe9, 0xa1, 0x46, 0x00, 0x00, //0x000004f2 jmp          LBB0_907
	//0x000004f7 LBB0_762
	0xf7, 0xd1, //0x000004f7 notl         %ecx
	0x0f, 0xbc, 0xc1, //0x000004f9 bsfl         %ecx, %eax
	0x48, 0x29, 0xf8, //0x000004fc subq         %rdi, %rax
	0x49, 0xc7, 0xc0, 0xff, 0xff, 0xff, 0xff, //0x000004ff movq         $-1, %r8
	0x48, 0x39, 0xd0, //0x00000506 cmpq         %rdx, %rax
	0x0f, 0x83, 0x89, 0x46, 0x00, 0x00, //0x00000509 jae          LBB0_907
	//0x0000050f LBB0_763
	0x48, 0x8d, 0x50, 0x01, //0x0000050f leaq         $1(%rax), %rdx
	0x49, 0x89, 0x55, 0x00, //0x00000513 movq         %rdx, (%r13)
	0x41, 0x0f, 0xbe, 0x0c, 0x02, //0x00000517 movsbl       (%r10,%rax), %ecx
	0x83, 0xf9, 0x7b, //0x0000051c cmpl         $123, %ecx
	0x0f, 0x87, 0x68, 0x46, 0x00, 0x00, //0x0000051f ja           LBB0_861
	0x49, 0xc7, 0xc0, 0xff, 0xff, 0xff, 0xff, //0x00000525 movq         $-1, %r8
	0x48, 0x8d, 0x35, 0x01, 0x4a, 0x00, 0x00, //0x0000052c leaq         $18945(%rip), %rsi  /* LJTI0_0+0(%rip) */
	0x48, 0x63, 0x0c, 0x8e, //0x00000533 movslq       (%rsi,%rcx,4), %rcx
	0x48, 0x01, 0xf1, //0x00000537 addq         %rsi, %rcx
	0xff, 0xe1, //0x0000053a jmpq         *%rcx
	//0x0000053c LBB0_765
	0x49, 0x8b, 0x76, 0x08, //0x0000053c movq         $8(%r14), %rsi
	0x48, 0x29, 0xd6, //0x00000540 subq         %rdx, %rsi
	0x48, 0x83, 0xfe, 0x20, //0x00000543 cmpq         $32, %rsi
	0x0f, 0x82, 0x7c, 0x09, 0x00, 0x00, //0x00000547 jb           LBB0_902
	0x31, 0xff, //0x0000054d xorl         %edi, %edi
	0xc5, 0xfe, 0x6f, 0x05, 0xc9, 0xfa, 0xff, 0xff, //0x0000054f vmovdqu      $-1335(%rip), %ymm0  /* LCPI0_1+0(%rip) */
	0xc5, 0xfe, 0x6f, 0x0d, 0xe1, 0xfa, 0xff, 0xff, //0x00000557 vmovdqu      $-1311(%rip), %ymm1  /* LCPI0_2+0(%rip) */
	0xc5, 0xfe, 0x6f, 0x15, 0xf9, 0xfa, 0xff, 0xff, //0x0000055f vmovdqu      $-1287(%rip), %ymm2  /* LCPI0_3+0(%rip) */
	0x4c, 0x89, 0xd2, //0x00000567 movq         %r10, %rdx
	0x90, 0x90, 0x90, 0x90, 0x90, 0x90, //0x0000056a .p2align 4, 0x90
	//0x00000570 LBB0_767
	0xc5, 0xfe, 0x6f, 0x5c, 0x02, 0x01, //0x00000570 vmovdqu      $1(%rdx,%rax), %ymm3
	0xc5, 0xe5, 0x74, 0xe0, //0x00000576 vpcmpeqb     %ymm0, %ymm3, %ymm4
	0xc5, 0xe5, 0xdb, 0xd9, //0x0000057a vpand        %ymm1, %ymm3, %ymm3
	0xc5, 0xe5, 0x74, 0xda, //0x0000057e vpcmpeqb     %ymm2, %ymm3, %ymm3
	0xc5, 0xe5, 0xeb, 0xdc, //0x00000582 vpor         %ymm4, %ymm3, %ymm3
	0xc5, 0xfd, 0xd7, 0xcb, //0x00000586 vpmovmskb    %ymm3, %ecx
	0x85, 0xc9, //0x0000058a testl        %ecx, %ecx
	0x0f, 0x85, 0xdb, 0x00, 0x00, 0x00, //0x0000058c jne          LBB0_783
	0x48, 0x83, 0xc2, 0x20, //0x00000592 addq         $32, %rdx
	0x48, 0x8d, 0x0c, 0x3e, //0x00000596 leaq         (%rsi,%rdi), %rcx
	0x48, 0x83, 0xc1, 0xe0, //0x0000059a addq         $-32, %rcx
	0x48, 0x83, 0xc7, 0xe0, //0x0000059e addq         $-32, %rdi
	0x48, 0x83, 0xf9, 0x1f, //0x000005a2 cmpq         $31, %rcx
	0x0f, 0x87, 0xc4, 0xff, 0xff, 0xff, //0x000005a6 ja           LBB0_767
	0x48, 0x01, 0xc2, //0x000005ac addq         %rax, %rdx
	0x48, 0x83, 0xc2, 0x01, //0x000005af addq         $1, %rdx
	0x48, 0x01, 0xfe, //0x000005b3 addq         %rdi, %rsi
	0x48, 0x83, 0xfe, 0x10, //0x000005b6 cmpq         $16, %rsi
	0x0f, 0x82, 0x54, 0x00, 0x00, 0x00, //0x000005ba jb           LBB0_774
	//0x000005c0 LBB0_770
	0x48, 0x8d, 0x7a, 0xff, //0x000005c0 leaq         $-1(%rdx), %rdi
	0x31, 0xdb, //0x000005c4 xorl         %ebx, %ebx
	0xc5, 0xfa, 0x6f, 0x05, 0x32, 0xfc, 0xff, 0xff, //0x000005c6 vmovdqu      $-974(%rip), %xmm0  /* LCPI0_4+0(%rip) */
	0xc5, 0xfa, 0x6f, 0x0d, 0x3a, 0xfc, 0xff, 0xff, //0x000005ce vmovdqu      $-966(%rip), %xmm1  /* LCPI0_5+0(%rip) */
	0xc5, 0xfa, 0x6f, 0x15, 0x42, 0xfc, 0xff, 0xff, //0x000005d6 vmovdqu      $-958(%rip), %xmm2  /* LCPI0_6+0(%rip) */
	//0x000005de LBB0_771
	0xc5, 0xfa, 0x6f, 0x1c, 0x1a, //0x000005de vmovdqu      (%rdx,%rbx), %xmm3
	0xc5, 0xe1, 0x74, 0xe0, //0x000005e3 vpcmpeqb     %xmm0, %xmm3, %xmm4
	0xc5, 0xe1, 0xdb, 0xd9, //0x000005e7 vpand        %xmm1, %xmm3, %xmm3
	0xc5, 0xe1, 0x74, 0xda, //0x000005eb vpcmpeqb     %xmm2, %xmm3, %xmm3
	0xc5, 0xe1, 0xeb, 0xdc, //0x000005ef vpor         %xmm4, %xmm3, %xmm3
	0xc5, 0xf9, 0xd7, 0xcb, //0x000005f3 vpmovmskb    %xmm3, %ecx
	0x85, 0xc9, //0x000005f7 testl        %ecx, %ecx
	0x0f, 0x85, 0x1b, 0x08, 0x00, 0x00, //0x000005f9 jne          LBB0_869
	0x48, 0x83, 0xc6, 0xf0, //0x000005ff addq         $-16, %rsi
	0x48, 0x83, 0xc3, 0x10, //0x00000603 addq         $16, %rbx
	0x48, 0x83, 0xfe, 0x0f, //0x00000607 cmpq         $15, %rsi
	0x0f, 0x87, 0xcd, 0xff, 0xff, 0xff, //0x0000060b ja           LBB0_771
	0x48, 0x01, 0xda, //0x00000611 addq         %rbx, %rdx
	//0x00000614 LBB0_774
	0x48, 0x85, 0xf6, //0x00000614 testq        %rsi, %rsi
	0x0f, 0x84, 0x48, 0x00, 0x00, 0x00, //0x00000617 je           LBB0_782
	0x48, 0x8d, 0x3c, 0x32, //0x0000061d leaq         (%rdx,%rsi), %rdi
	0x48, 0xbb, 0x00, 0x26, 0x00, 0x00, 0x01, 0x10, 0x00, 0x00, //0x00000621 movabsq      $17596481021440, %rbx
	//0x0000062b LBB0_776
	0x0f, 0xb6, 0x0a, //0x0000062b movzbl       (%rdx), %ecx
	0x48, 0x83, 0xf9, 0x2c, //0x0000062e cmpq         $44, %rcx
	0x0f, 0x87, 0x0a, 0x00, 0x00, 0x00, //0x00000632 ja           LBB0_778
	0x48, 0x0f, 0xa3, 0xcb, //0x00000638 btq          %rcx, %rbx
	0x0f, 0x82, 0x23, 0x00, 0x00, 0x00, //0x0000063c jb           LBB0_782
	//0x00000642 LBB0_778
	0x80, 0xf9, 0x5d, //0x00000642 cmpb         $93, %cl
	0x0f, 0x84, 0x1a, 0x00, 0x00, 0x00, //0x00000645 je           LBB0_782
	0x80, 0xf9, 0x7d, //0x0000064b cmpb         $125, %cl
	0x0f, 0x84, 0x11, 0x00, 0x00, 0x00, //0x0000064e je           LBB0_782
	0x48, 0x83, 0xc2, 0x01, //0x00000654 addq         $1, %rdx
	0x48, 0x83, 0xc6, 0xff, //0x00000658 addq         $-1, %rsi
	0x0f, 0x85, 0xc9, 0xff, 0xff, 0xff, //0x0000065c jne          LBB0_776
	0x48, 0x89, 0xfa, //0x00000662 movq         %rdi, %rdx
	//0x00000665 LBB0_782
	0x4c, 0x29, 0xd2, //0x00000665 subq         %r10, %rdx
	0xe9, 0x42, 0x08, 0x00, 0x00, //0x00000668 jmp          LBB0_895
	//0x0000066d LBB0_783
	0x0f, 0xbc, 0xd9, //0x0000066d bsfl         %ecx, %ebx
	0x48, 0x01, 0xc3, //0x00000670 addq         %rax, %rbx
	0x48, 0x89, 0xd9, //0x00000673 movq         %rbx, %rcx
	0x48, 0x29, 0xf9, //0x00000676 subq         %rdi, %rcx
	0x48, 0x8d, 0x71, 0x01, //0x00000679 leaq         $1(%rcx), %rsi
	0x49, 0x89, 0x75, 0x00, //0x0000067d movq         %rsi, (%r13)
	0x48, 0x85, 0xf6, //0x00000681 testq        %rsi, %rsi
	0x0f, 0x8e, 0x47, 0x00, 0x00, 0x00, //0x00000684 jle          LBB0_896
	0x48, 0x8d, 0x71, 0x02, //0x0000068a leaq         $2(%rcx), %rsi
	0x48, 0x01, 0xda, //0x0000068e addq         %rbx, %rdx
	0x48, 0xbf, 0x00, 0x26, 0x00, 0x00, 0x01, 0x00, 0x00, 0x00, //0x00000691 movabsq      $4294977024, %rdi
	0x90, 0x90, 0x90, 0x90, 0x90, //0x0000069b .p2align 4, 0x90
	//0x000006a0 LBB0_785
	0x0f, 0xb6, 0x1a, //0x000006a0 movzbl       (%rdx), %ebx
	0x48, 0x83, 0xfb, 0x20, //0x000006a3 cmpq         $32, %rbx
	0x0f, 0x87, 0x24, 0x00, 0x00, 0x00, //0x000006a7 ja           LBB0_896
	0x48, 0x0f, 0xa3, 0xdf, //0x000006ad btq          %rbx, %rdi
	0x0f, 0x83, 0x1a, 0x00, 0x00, 0x00, //0x000006b1 jae          LBB0_896
	0x49, 0x89, 0x4d, 0x00, //0x000006b7 movq         %rcx, (%r13)
	0x48, 0x83, 0xc6, 0xff, //0x000006bb addq         $-1, %rsi
	0x48, 0x83, 0xc1, 0xff, //0x000006bf addq         $-1, %rcx
	0x48, 0x83, 0xc2, 0xff, //0x000006c3 addq         $-1, %rdx
	0x48, 0x83, 0xfe, 0x01, //0x000006c7 cmpq         $1, %rsi
	0x0f, 0x8f, 0xcf, 0xff, 0xff, 0xff, //0x000006cb jg           LBB0_785
	//0x000006d1 LBB0_896
	0x49, 0x89, 0xc0, //0x000006d1 movq         %rax, %r8
	0xe9, 0xbf, 0x44, 0x00, 0x00, //0x000006d4 jmp          LBB0_907
	//0x000006d9 LBB0_790
	0x48, 0x8d, 0x48, 0x04, //0x000006d9 leaq         $4(%rax), %rcx
	0xe9, 0xf9, 0x00, 0x00, 0x00, //0x000006dd jmp          LBB0_806
	//0x000006e2 LBB0_793
	0x4d, 0x8b, 0x46, 0x08, //0x000006e2 movq         $8(%r14), %r8
	0x4d, 0x89, 0xc6, //0x000006e6 movq         %r8, %r14
	0x49, 0x29, 0xd6, //0x000006e9 subq         %rdx, %r14
	0x49, 0x83, 0xfe, 0x20, //0x000006ec cmpq         $32, %r14
	0x0f, 0x8c, 0xe5, 0x07, 0x00, 0x00, //0x000006f0 jl           LBB0_910
	0x4d, 0x8d, 0x1c, 0x02, //0x000006f6 leaq         (%r10,%rax), %r11
	0x49, 0x29, 0xc0, //0x000006fa subq         %rax, %r8
	0xbb, 0x1f, 0x00, 0x00, 0x00, //0x000006fd movl         $31, %ebx
	0x45, 0x31, 0xf6, //0x00000702 xorl         %r14d, %r14d
	0xc5, 0xfe, 0x6f, 0x05, 0x73, 0xf9, 0xff, 0xff, //0x00000705 vmovdqu      $-1677(%rip), %ymm0  /* LCPI0_7+0(%rip) */
	0xc5, 0xfe, 0x6f, 0x0d, 0x8b, 0xf9, 0xff, 0xff, //0x0000070d vmovdqu      $-1653(%rip), %ymm1  /* LCPI0_8+0(%rip) */
	0x45, 0x31, 0xff, //0x00000715 xorl         %r15d, %r15d
	0x90, 0x90, 0x90, 0x90, 0x90, 0x90, 0x90, 0x90, //0x00000718 .p2align 4, 0x90
	//0x00000720 LBB0_795
	0xc4, 0x81, 0x7e, 0x6f, 0x54, 0x33, 0x01, //0x00000720 vmovdqu      $1(%r11,%r14), %ymm2
	0xc5, 0xed, 0x74, 0xd8, //0x00000727 vpcmpeqb     %ymm0, %ymm2, %ymm3
	0xc5, 0x7d, 0xd7, 0xcb, //0x0000072b vpmovmskb    %ymm3, %r9d
	0xc5, 0xed, 0x74, 0xd1, //0x0000072f vpcmpeqb     %ymm1, %ymm2, %ymm2
	0xc5, 0xfd, 0xd7, 0xca, //0x00000733 vpmovmskb    %ymm2, %ecx
	0x85, 0xc9, //0x00000737 testl        %ecx, %ecx
	0x0f, 0x85, 0x11, 0x00, 0x00, 0x00, //0x00000739 jne          LBB0_798
	0x4d, 0x85, 0xff, //0x0000073f testq        %r15, %r15
	0x0f, 0x85, 0x08, 0x00, 0x00, 0x00, //0x00000742 jne          LBB0_798
	0x45, 0x31, 0xff, //0x00000748 xorl         %r15d, %r15d
	0xe9, 0x31, 0x00, 0x00, 0x00, //0x0000074b jmp          LBB0_799
	//0x00000750 LBB0_798
	0x44, 0x89, 0xff, //0x00000750 movl         %r15d, %edi
	0xf7, 0xd7, //0x00000753 notl         %edi
	0x21, 0xcf, //0x00000755 andl         %ecx, %edi
	0x8d, 0x14, 0x3f, //0x00000757 leal         (%rdi,%rdi), %edx
	0x44, 0x09, 0xfa, //0x0000075a orl          %r15d, %edx
	0x89, 0xd6, //0x0000075d movl         %edx, %esi
	0xf7, 0xd6, //0x0000075f notl         %esi
	0x21, 0xce, //0x00000761 andl         %ecx, %esi
	0x81, 0xe6, 0xaa, 0xaa, 0xaa, 0xaa, //0x00000763 andl         $-1431655766, %esi
	0x45, 0x31, 0xff, //0x00000769 xorl         %r15d, %r15d
	0x01, 0xfe, //0x0000076c addl         %edi, %esi
	0x41, 0x0f, 0x92, 0xc7, //0x0000076e setb         %r15b
	0x01, 0xf6, //0x00000772 addl         %esi, %esi
	0x81, 0xf6, 0x55, 0x55, 0x55, 0x55, //0x00000774 xorl         $1431655765, %esi
	0x21, 0xd6, //0x0000077a andl         %edx, %esi
	0xf7, 0xd6, //0x0000077c notl         %esi
	0x41, 0x21, 0xf1, //0x0000077e andl         %esi, %r9d
	//0x00000781 LBB0_799
	0x4d, 0x85, 0xc9, //0x00000781 testq        %r9, %r9
	0x0f, 0x85, 0x2c, 0x06, 0x00, 0x00, //0x00000784 jne          LBB0_856
	0x49, 0x83, 0xc6, 0x20, //0x0000078a addq         $32, %r14
	0x49, 0x8d, 0x0c, 0x18, //0x0000078e leaq         (%r8,%rbx), %rcx
	0x48, 0x83, 0xc1, 0xe0, //0x00000792 addq         $-32, %rcx
	0x48, 0x83, 0xc3, 0xe0, //0x00000796 addq         $-32, %rbx
	0x48, 0x83, 0xf9, 0x3f, //0x0000079a cmpq         $63, %rcx
	0x0f, 0x8f, 0x7c, 0xff, 0xff, 0xff, //0x0000079e jg           LBB0_795
	0x4d, 0x85, 0xff, //0x000007a4 testq        %r15, %r15
	0x0f, 0x85, 0xf2, 0x46, 0x00, 0x00, //0x000007a7 jne          LBB0_920
	0x4b, 0x8d, 0x14, 0x1e, //0x000007ad leaq         (%r14,%r11), %rdx
	0x48, 0x83, 0xc2, 0x01, //0x000007b1 addq         $1, %rdx
	0x49, 0xf7, 0xd6, //0x000007b5 notq         %r14
	0x4d, 0x01, 0xc6, //0x000007b8 addq         %r8, %r14
	//0x000007bb LBB0_803
	0x4d, 0x85, 0xf6, //0x000007bb testq        %r14, %r14
	0x49, 0xc7, 0xc0, 0xff, 0xff, 0xff, 0xff, //0x000007be movq         $-1, %r8
	0x0f, 0x8e, 0xcd, 0x43, 0x00, 0x00, //0x000007c5 jle          LBB0_907
	0x49, 0xc7, 0xc0, 0xff, 0xff, 0xff, 0xff, //0x000007cb movq         $-1, %r8
	0xe9, 0x11, 0x06, 0x00, 0x00, //0x000007d2 jmp          LBB0_863
	//0x000007d7 LBB0_805
	0x48, 0x8d, 0x48, 0x05, //0x000007d7 leaq         $5(%rax), %rcx
	//0x000007db LBB0_806
	0x49, 0x3b, 0x4e, 0x08, //0x000007db cmpq         $8(%r14), %rcx
	0x0f, 0x86, 0xdf, 0x05, 0x00, 0x00, //0x000007df jbe          LBB0_857
	0xe9, 0xae, 0x43, 0x00, 0x00, //0x000007e5 jmp          LBB0_907
	//0x000007ea LBB0_807
	0x4d, 0x89, 0xe8, //0x000007ea movq         %r13, %r8
	0x4d, 0x89, 0xf3, //0x000007ed movq         %r14, %r11
	0x4d, 0x8b, 0x76, 0x08, //0x000007f0 movq         $8(%r14), %r14
	0x49, 0x29, 0xd6, //0x000007f4 subq         %rdx, %r14
	0x49, 0x01, 0xd2, //0x000007f7 addq         %rdx, %r10
	0x45, 0x31, 0xe4, //0x000007fa xorl         %r12d, %r12d
	0xc5, 0xfe, 0x6f, 0x05, 0x9b, 0xf8, 0xff, 0xff, //0x000007fd vmovdqu      $-1893(%rip), %ymm0  /* LCPI0_8+0(%rip) */
	0xc5, 0xfe, 0x6f, 0x0d, 0x73, 0xf8, 0xff, 0xff, //0x00000805 vmovdqu      $-1933(%rip), %ymm1  /* LCPI0_7+0(%rip) */
	0xc5, 0xe9, 0x76, 0xd2, //0x0000080d vpcmpeqd     %xmm2, %xmm2, %xmm2
	0xc5, 0xfe, 0x6f, 0x1d, 0xa7, 0xf8, 0xff, 0xff, //0x00000811 vmovdqu      $-1881(%rip), %ymm3  /* LCPI0_9+0(%rip) */
	0xc5, 0xfe, 0x6f, 0x25, 0xbf, 0xf8, 0xff, 0xff, //0x00000819 vmovdqu      $-1857(%rip), %ymm4  /* LCPI0_10+0(%rip) */
	0xc4, 0x41, 0x31, 0xef, 0xc9, //0x00000821 vpxor        %xmm9, %xmm9, %xmm9
	0x45, 0x31, 0xff, //0x00000826 xorl         %r15d, %r15d
	0x45, 0x31, 0xed, //0x00000829 xorl         %r13d, %r13d
	0x31, 0xd2, //0x0000082c xorl         %edx, %edx
	0x49, 0x83, 0xfe, 0x40, //0x0000082e cmpq         $64, %r14
	0x0f, 0x8c, 0x41, 0x01, 0x00, 0x00, //0x00000832 jl           LBB0_816
	//0x00000838 LBB0_810
	0xc4, 0xc1, 0x7e, 0x6f, 0x3a, //0x00000838 vmovdqu      (%r10), %ymm7
	0xc4, 0xc1, 0x7e, 0x6f, 0x72, 0x20, //0x0000083d vmovdqu      $32(%r10), %ymm6
	0xc5, 0x45, 0x74, 0xc0, //0x00000843 vpcmpeqb     %ymm0, %ymm7, %ymm8
	0xc4, 0xc1, 0x7d, 0xd7, 0xf8, //0x00000847 vpmovmskb    %ymm8, %edi
	0xc5, 0x4d, 0x74, 0xc0, //0x0000084c vpcmpeqb     %ymm0, %ymm6, %ymm8
	0xc4, 0xc1, 0x7d, 0xd7, 0xc8, //0x00000850 vpmovmskb    %ymm8, %ecx
	0x48, 0xc1, 0xe1, 0x20, //0x00000855 shlq         $32, %rcx
	0x48, 0x09, 0xcf, //0x00000859 orq          %rcx, %rdi
	0x48, 0x89, 0xf9, //0x0000085c movq         %rdi, %rcx
	0x4c, 0x09, 0xf9, //0x0000085f orq          %r15, %rcx
	0x0f, 0x85, 0x0f, 0x00, 0x00, 0x00, //0x00000862 jne          LBB0_812
	0x48, 0xc7, 0xc7, 0xff, 0xff, 0xff, 0xff, //0x00000868 movq         $-1, %rdi
	0x45, 0x31, 0xff, //0x0000086f xorl         %r15d, %r15d
	0xe9, 0x46, 0x00, 0x00, 0x00, //0x00000872 jmp          LBB0_813
	//0x00000877 LBB0_812
	0x4c, 0x89, 0xf9, //0x00000877 movq         %r15, %rcx
	0x48, 0xf7, 0xd1, //0x0000087a notq         %rcx
	0x48, 0x21, 0xf9, //0x0000087d andq         %rdi, %rcx
	0x4c, 0x8d, 0x0c, 0x09, //0x00000880 leaq         (%rcx,%rcx), %r9
	0x4d, 0x09, 0xf9, //0x00000884 orq          %r15, %r9
	0x4c, 0x89, 0xce, //0x00000887 movq         %r9, %rsi
	0x48, 0xf7, 0xd6, //0x0000088a notq         %rsi
	0x48, 0xbb, 0xaa, 0xaa, 0xaa, 0xaa, 0xaa, 0xaa, 0xaa, 0xaa, //0x0000088d movabsq      $-6148914691236517206, %rbx
	0x48, 0x21, 0xdf, //0x00000897 andq         %rbx, %rdi
	0x48, 0x21, 0xf7, //0x0000089a andq         %rsi, %rdi
	0x45, 0x31, 0xff, //0x0000089d xorl         %r15d, %r15d
	0x48, 0x01, 0xcf, //0x000008a0 addq         %rcx, %rdi
	0x41, 0x0f, 0x92, 0xc7, //0x000008a3 setb         %r15b
	0x48, 0x01, 0xff, //0x000008a7 addq         %rdi, %rdi
	0x48, 0xb9, 0x55, 0x55, 0x55, 0x55, 0x55, 0x55, 0x55, 0x55, //0x000008aa movabsq      $6148914691236517205, %rcx
	0x48, 0x31, 0xcf, //0x000008b4 xorq         %rcx, %rdi
	0x4c, 0x21, 0xcf, //0x000008b7 andq         %r9, %rdi
	0x48, 0xf7, 0xd7, //0x000008ba notq         %rdi
	//0x000008bd LBB0_813
	0xc5, 0x4d, 0x74, 0xc1, //0x000008bd vpcmpeqb     %ymm1, %ymm6, %ymm8
	0xc4, 0xc1, 0x7d, 0xd7, 0xc8, //0x000008c1 vpmovmskb    %ymm8, %ecx
	0x48, 0xc1, 0xe1, 0x20, //0x000008c6 shlq         $32, %rcx
	0xc5, 0x45, 0x74, 0xc1, //0x000008ca vpcmpeqb     %ymm1, %ymm7, %ymm8
	0xc4, 0xc1, 0x7d, 0xd7, 0xf0, //0x000008ce vpmovmskb    %ymm8, %esi
	0x48, 0x09, 0xce, //0x000008d3 orq          %rcx, %rsi
	0x48, 0x21, 0xfe, //0x000008d6 andq         %rdi, %rsi
	0xc4, 0xe1, 0xf9, 0x6e, 0xee, //0x000008d9 vmovq        %rsi, %xmm5
	0xc4, 0xe3, 0x51, 0x44, 0xea, 0x00, //0x000008de vpclmulqdq   $0, %xmm2, %xmm5, %xmm5
	0xc4, 0xc1, 0xf9, 0x7e, 0xe9, //0x000008e4 vmovq        %xmm5, %r9
	0x4d, 0x31, 0xe1, //0x000008e9 xorq         %r12, %r9
	0xc5, 0xc5, 0x74, 0xeb, //0x000008ec vpcmpeqb     %ymm3, %ymm7, %ymm5
	0xc5, 0xfd, 0xd7, 0xf5, //0x000008f0 vpmovmskb    %ymm5, %esi
	0xc5, 0xcd, 0x74, 0xeb, //0x000008f4 vpcmpeqb     %ymm3, %ymm6, %ymm5
	0xc5, 0xfd, 0xd7, 0xcd, //0x000008f8 vpmovmskb    %ymm5, %ecx
	0x48, 0xc1, 0xe1, 0x20, //0x000008fc shlq         $32, %rcx
	0x48, 0x09, 0xce, //0x00000900 orq          %rcx, %rsi
	0x4c, 0x89, 0xc9, //0x00000903 movq         %r9, %rcx
	0x48, 0xf7, 0xd1, //0x00000906 notq         %rcx
	0x48, 0x21, 0xce, //0x00000909 andq         %rcx, %rsi
	0xc5, 0xc5, 0x74, 0xec, //0x0000090c vpcmpeqb     %ymm4, %ymm7, %ymm5
	0xc5, 0xfd, 0xd7, 0xdd, //0x00000910 vpmovmskb    %ymm5, %ebx
	0xc5, 0xcd, 0x74, 0xec, //0x00000914 vpcmpeqb     %ymm4, %ymm6, %ymm5
	0xc5, 0xfd, 0xd7, 0xfd, //0x00000918 vpmovmskb    %ymm5, %edi
	0x48, 0xc1, 0xe7, 0x20, //0x0000091c shlq         $32, %rdi
	0x48, 0x09, 0xfb, //0x00000920 orq          %rdi, %rbx
	0x48, 0x21, 0xcb, //0x00000923 andq         %rcx, %rbx
	0x0f, 0x84, 0x2c, 0x00, 0x00, 0x00, //0x00000926 je           LBB0_808
	0x90, 0x90, 0x90, 0x90, //0x0000092c .p2align 4, 0x90
	//0x00000930 LBB0_814
	0x48, 0x8d, 0x4b, 0xff, //0x00000930 leaq         $-1(%rbx), %rcx
	0x48, 0x89, 0xcf, //0x00000934 movq         %rcx, %rdi
	0x48, 0x21, 0xf7, //0x00000937 andq         %rsi, %rdi
	0xf3, 0x48, 0x0f, 0xb8, 0xff, //0x0000093a popcntq      %rdi, %rdi
	0x4c, 0x01, 0xef, //0x0000093f addq         %r13, %rdi
	0x48, 0x39, 0xd7, //0x00000942 cmpq         %rdx, %rdi
	0x0f, 0x86, 0x35, 0x04, 0x00, 0x00, //0x00000945 jbe          LBB0_855
	0x48, 0x83, 0xc2, 0x01, //0x0000094b addq         $1, %rdx
	0x48, 0x21, 0xcb, //0x0000094f andq         %rcx, %rbx
	0x0f, 0x85, 0xd8, 0xff, 0xff, 0xff, //0x00000952 jne          LBB0_814
	//0x00000958 LBB0_808
	0x49, 0xc1, 0xf9, 0x3f, //0x00000958 sarq         $63, %r9
	0xf3, 0x48, 0x0f, 0xb8, 0xce, //0x0000095c popcntq      %rsi, %rcx
	0x49, 0x01, 0xcd, //0x00000961 addq         %rcx, %r13
	0x49, 0x83, 0xc2, 0x40, //0x00000964 addq         $64, %r10
	0x49, 0x83, 0xc6, 0xc0, //0x00000968 addq         $-64, %r14
	0x4d, 0x89, 0xcc, //0x0000096c movq         %r9, %r12
	0x49, 0x83, 0xfe, 0x40, //0x0000096f cmpq         $64, %r14
	0x0f, 0x8d, 0xbf, 0xfe, 0xff, 0xff, //0x00000973 jge          LBB0_810
	//0x00000979 LBB0_816
	0x4d, 0x85, 0xf6, //0x00000979 testq        %r14, %r14
	0x0f, 0x8e, 0xa2, 0x44, 0x00, 0x00, //0x0000097c jle          LBB0_911
	0xc5, 0x7e, 0x7f, 0x8c, 0x24, 0xc0, 0x00, 0x00, 0x00, //0x00000982 vmovdqu      %ymm9, $192(%rsp)
	0xc5, 0x7e, 0x7f, 0x8c, 0x24, 0xa0, 0x00, 0x00, 0x00, //0x0000098b vmovdqu      %ymm9, $160(%rsp)
	0x44, 0x89, 0xd1, //0x00000994 movl         %r10d, %ecx
	0x81, 0xe1, 0xff, 0x0f, 0x00, 0x00, //0x00000997 andl         $4095, %ecx
	0x81, 0xf9, 0xc1, 0x0f, 0x00, 0x00, //0x0000099d cmpl         $4033, %ecx
	0x0f, 0x82, 0x8f, 0xfe, 0xff, 0xff, //0x000009a3 jb           LBB0_810
	0x49, 0x83, 0xfe, 0x20, //0x000009a9 cmpq         $32, %r14
	0x0f, 0x82, 0x23, 0x00, 0x00, 0x00, //0x000009ad jb           LBB0_820
	0xc4, 0xc1, 0x7e, 0x6f, 0x2a, //0x000009b3 vmovdqu      (%r10), %ymm5
	0xc5, 0xfe, 0x7f, 0xac, 0x24, 0xa0, 0x00, 0x00, 0x00, //0x000009b8 vmovdqu      %ymm5, $160(%rsp)
	0x49, 0x83, 0xc2, 0x20, //0x000009c1 addq         $32, %r10
	0x49, 0x8d, 0x76, 0xe0, //0x000009c5 leaq         $-32(%r14), %rsi
	0x48, 0x8d, 0xbc, 0x24, 0xc0, 0x00, 0x00, 0x00, //0x000009c9 leaq         $192(%rsp), %rdi
	0xe9, 0x0b, 0x00, 0x00, 0x00, //0x000009d1 jmp          LBB0_821
	//0x000009d6 LBB0_820
	0x48, 0x8d, 0xbc, 0x24, 0xa0, 0x00, 0x00, 0x00, //0x000009d6 leaq         $160(%rsp), %rdi
	0x4c, 0x89, 0xf6, //0x000009de movq         %r14, %rsi
	//0x000009e1 LBB0_821
	0x48, 0x83, 0xfe, 0x10, //0x000009e1 cmpq         $16, %rsi
	0x0f, 0x82, 0x5d, 0x00, 0x00, 0x00, //0x000009e5 jb           LBB0_822
	0xc4, 0xc1, 0x7a, 0x6f, 0x2a, //0x000009eb vmovdqu      (%r10), %xmm5
	0xc5, 0xfa, 0x7f, 0x2f, //0x000009f0 vmovdqu      %xmm5, (%rdi)
	0x49, 0x83, 0xc2, 0x10, //0x000009f4 addq         $16, %r10
	0x48, 0x83, 0xc7, 0x10, //0x000009f8 addq         $16, %rdi
	0x48, 0x83, 0xc6, 0xf0, //0x000009fc addq         $-16, %rsi
	0x48, 0x83, 0xfe, 0x08, //0x00000a00 cmpq         $8, %rsi
	0x0f, 0x83, 0x48, 0x00, 0x00, 0x00, //0x00000a04 jae          LBB0_827
	//0x00000a0a LBB0_823
	0x48, 0x83, 0xfe, 0x04, //0x00000a0a cmpq         $4, %rsi
	0x0f, 0x8c, 0x5a, 0x00, 0x00, 0x00, //0x00000a0e jl           LBB0_824
	//0x00000a14 LBB0_828
	0x41, 0x8b, 0x0a, //0x00000a14 movl         (%r10), %ecx
	0x89, 0x0f, //0x00000a17 movl         %ecx, (%rdi)
	0x49, 0x83, 0xc2, 0x04, //0x00000a19 addq         $4, %r10
	0x48, 0x83, 0xc7, 0x04, //0x00000a1d addq         $4, %rdi
	0x48, 0x83, 0xc6, 0xfc, //0x00000a21 addq         $-4, %rsi
	0x48, 0x83, 0xfe, 0x02, //0x00000a25 cmpq         $2, %rsi
	0x0f, 0x83, 0x49, 0x00, 0x00, 0x00, //0x00000a29 jae          LBB0_829
	//0x00000a2f LBB0_825
	0x4c, 0x89, 0xd3, //0x00000a2f movq         %r10, %rbx
	0x4c, 0x8d, 0x94, 0x24, 0xa0, 0x00, 0x00, 0x00, //0x00000a32 leaq         $160(%rsp), %r10
	0x48, 0x85, 0xf6, //0x00000a3a testq        %rsi, %rsi
	0x0f, 0x85, 0x5c, 0x00, 0x00, 0x00, //0x00000a3d jne          LBB0_830
	0xe9, 0xf0, 0xfd, 0xff, 0xff, //0x00000a43 jmp          LBB0_810
	//0x00000a48 LBB0_822
	0x48, 0x83, 0xfe, 0x08, //0x00000a48 cmpq         $8, %rsi
	0x0f, 0x82, 0xb8, 0xff, 0xff, 0xff, //0x00000a4c jb           LBB0_823
	//0x00000a52 LBB0_827
	0x49, 0x8b, 0x0a, //0x00000a52 movq         (%r10), %rcx
	0x48, 0x89, 0x0f, //0x00000a55 movq         %rcx, (%rdi)
	0x49, 0x83, 0xc2, 0x08, //0x00000a58 addq         $8, %r10
	0x48, 0x83, 0xc7, 0x08, //0x00000a5c addq         $8, %rdi
	0x48, 0x83, 0xc6, 0xf8, //0x00000a60 addq         $-8, %rsi
	0x48, 0x83, 0xfe, 0x04, //0x00000a64 cmpq         $4, %rsi
	0x0f, 0x8d, 0xa6, 0xff, 0xff, 0xff, //0x00000a68 jge          LBB0_828
	//0x00000a6e LBB0_824
	0x48, 0x83, 0xfe, 0x02, //0x00000a6e cmpq         $2, %rsi
	0x0f, 0x82, 0xb7, 0xff, 0xff, 0xff, //0x00000a72 jb           LBB0_825
	//0x00000a78 LBB0_829
	0x41, 0x0f, 0xb7, 0x0a, //0x00000a78 movzwl       (%r10), %ecx
	0x66, 0x89, 0x0f, //0x00000a7c movw         %cx, (%rdi)
	0x49, 0x83, 0xc2, 0x02, //0x00000a7f addq         $2, %r10
	0x48, 0x83, 0xc7, 0x02, //0x00000a83 addq         $2, %rdi
	0x48, 0x83, 0xc6, 0xfe, //0x00000a87 addq         $-2, %rsi
	0x4c, 0x89, 0xd3, //0x00000a8b movq         %r10, %rbx
	0x4c, 0x8d, 0x94, 0x24, 0xa0, 0x00, 0x00, 0x00, //0x00000a8e leaq         $160(%rsp), %r10
	0x48, 0x85, 0xf6, //0x00000a96 testq        %rsi, %rsi
	0x0f, 0x84, 0x99, 0xfd, 0xff, 0xff, //0x00000a99 je           LBB0_810
	//0x00000a9f LBB0_830
	0x8a, 0x0b, //0x00000a9f movb         (%rbx), %cl
	0x88, 0x0f, //0x00000aa1 movb         %cl, (%rdi)
	0x4c, 0x8d, 0x94, 0x24, 0xa0, 0x00, 0x00, 0x00, //0x00000aa3 leaq         $160(%rsp), %r10
	0xe9, 0x88, 0xfd, 0xff, 0xff, //0x00000aab jmp          LBB0_810
	//0x00000ab0 LBB0_831
	0x4d, 0x89, 0xe8, //0x00000ab0 movq         %r13, %r8
	0x4d, 0x89, 0xf3, //0x00000ab3 movq         %r14, %r11
	0x4d, 0x8b, 0x76, 0x08, //0x00000ab6 movq         $8(%r14), %r14
	0x49, 0x29, 0xd6, //0x00000aba subq         %rdx, %r14
	0x49, 0x01, 0xd2, //0x00000abd addq         %rdx, %r10
	0x45, 0x31, 0xe4, //0x00000ac0 xorl         %r12d, %r12d
	0xc5, 0xfe, 0x6f, 0x05, 0xd5, 0xf5, 0xff, 0xff, //0x00000ac3 vmovdqu      $-2603(%rip), %ymm0  /* LCPI0_8+0(%rip) */
	0xc5, 0xfe, 0x6f, 0x0d, 0xad, 0xf5, 0xff, 0xff, //0x00000acb vmovdqu      $-2643(%rip), %ymm1  /* LCPI0_7+0(%rip) */
	0xc5, 0xe9, 0x76, 0xd2, //0x00000ad3 vpcmpeqd     %xmm2, %xmm2, %xmm2
	0xc5, 0xfe, 0x6f, 0x1d, 0x21, 0xf6, 0xff, 0xff, //0x00000ad7 vmovdqu      $-2527(%rip), %ymm3  /* LCPI0_11+0(%rip) */
	0xc5, 0xfe, 0x6f, 0x25, 0x79, 0xf5, 0xff, 0xff, //0x00000adf vmovdqu      $-2695(%rip), %ymm4  /* LCPI0_3+0(%rip) */
	0xc4, 0x41, 0x31, 0xef, 0xc9, //0x00000ae7 vpxor        %xmm9, %xmm9, %xmm9
	0x45, 0x31, 0xff, //0x00000aec xorl         %r15d, %r15d
	0x45, 0x31, 0xed, //0x00000aef xorl         %r13d, %r13d
	0x31, 0xd2, //0x00000af2 xorl         %edx, %edx
	0x49, 0x83, 0xfe, 0x40, //0x00000af4 cmpq         $64, %r14
	0x0f, 0x8c, 0x4b, 0x01, 0x00, 0x00, //0x00000af8 jl           LBB0_840
	//0x00000afe LBB0_834
	0xc4, 0xc1, 0x7e, 0x6f, 0x3a, //0x00000afe vmovdqu      (%r10), %ymm7
	0xc4, 0xc1, 0x7e, 0x6f, 0x72, 0x20, //0x00000b03 vmovdqu      $32(%r10), %ymm6
	0xc5, 0x45, 0x74, 0xc0, //0x00000b09 vpcmpeqb     %ymm0, %ymm7, %ymm8
	0xc4, 0xc1, 0x7d, 0xd7, 0xf8, //0x00000b0d vpmovmskb    %ymm8, %edi
	0xc5, 0x4d, 0x74, 0xc0, //0x00000b12 vpcmpeqb     %ymm0, %ymm6, %ymm8
	0xc4, 0xc1, 0x7d, 0xd7, 0xc8, //0x00000b16 vpmovmskb    %ymm8, %ecx
	0x48, 0xc1, 0xe1, 0x20, //0x00000b1b shlq         $32, %rcx
	0x48, 0x09, 0xcf, //0x00000b1f orq          %rcx, %rdi
	0x48, 0x89, 0xf9, //0x00000b22 movq         %rdi, %rcx
	0x4c, 0x09, 0xf9, //0x00000b25 orq          %r15, %rcx
	0x0f, 0x85, 0x0f, 0x00, 0x00, 0x00, //0x00000b28 jne          LBB0_836
	0x48, 0xc7, 0xc7, 0xff, 0xff, 0xff, 0xff, //0x00000b2e movq         $-1, %rdi
	0x45, 0x31, 0xff, //0x00000b35 xorl         %r15d, %r15d
	0xe9, 0x46, 0x00, 0x00, 0x00, //0x00000b38 jmp          LBB0_837
	//0x00000b3d LBB0_836
	0x4c, 0x89, 0xf9, //0x00000b3d movq         %r15, %rcx
	0x48, 0xf7, 0xd1, //0x00000b40 notq         %rcx
	0x48, 0x21, 0xf9, //0x00000b43 andq         %rdi, %rcx
	0x4c, 0x8d, 0x0c, 0x09, //0x00000b46 leaq         (%rcx,%rcx), %r9
	0x4d, 0x09, 0xf9, //0x00000b4a orq          %r15, %r9
	0x4c, 0x89, 0xce, //0x00000b4d movq         %r9, %rsi
	0x48, 0xf7, 0xd6, //0x00000b50 notq         %rsi
	0x48, 0xbb, 0xaa, 0xaa, 0xaa, 0xaa, 0xaa, 0xaa, 0xaa, 0xaa, //0x00000b53 movabsq      $-6148914691236517206, %rbx
	0x48, 0x21, 0xdf, //0x00000b5d andq         %rbx, %rdi
	0x48, 0x21, 0xf7, //0x00000b60 andq         %rsi, %rdi
	0x45, 0x31, 0xff, //0x00000b63 xorl         %r15d, %r15d
	0x48, 0x01, 0xcf, //0x00000b66 addq         %rcx, %rdi
	0x41, 0x0f, 0x92, 0xc7, //0x00000b69 setb         %r15b
	0x48, 0x01, 0xff, //0x00000b6d addq         %rdi, %rdi
	0x48, 0xb9, 0x55, 0x55, 0x55, 0x55, 0x55, 0x55, 0x55, 0x55, //0x00000b70 movabsq      $6148914691236517205, %rcx
	0x48, 0x31, 0xcf, //0x00000b7a xorq         %rcx, %rdi
	0x4c, 0x21, 0xcf, //0x00000b7d andq         %r9, %rdi
	0x48, 0xf7, 0xd7, //0x00000b80 notq         %rdi
	//0x00000b83 LBB0_837
	0xc5, 0x4d, 0x74, 0xc1, //0x00000b83 vpcmpeqb     %ymm1, %ymm6, %ymm8
	0xc4, 0xc1, 0x7d, 0xd7, 0xc8, //0x00000b87 vpmovmskb    %ymm8, %ecx
	0x48, 0xc1, 0xe1, 0x20, //0x00000b8c shlq         $32, %rcx
	0xc5, 0x45, 0x74, 0xc1, //0x00000b90 vpcmpeqb     %ymm1, %ymm7, %ymm8
	0xc4, 0xc1, 0x7d, 0xd7, 0xf0, //0x00000b94 vpmovmskb    %ymm8, %esi
	0x48, 0x09, 0xce, //0x00000b99 orq          %rcx, %rsi
	0x48, 0x21, 0xfe, //0x00000b9c andq         %rdi, %rsi
	0xc4, 0xe1, 0xf9, 0x6e, 0xee, //0x00000b9f vmovq        %rsi, %xmm5
	0xc4, 0xe3, 0x51, 0x44, 0xea, 0x00, //0x00000ba4 vpclmulqdq   $0, %xmm2, %xmm5, %xmm5
	0xc4, 0xc1, 0xf9, 0x7e, 0xe9, //0x00000baa vmovq        %xmm5, %r9
	0x4d, 0x31, 0xe1, //0x00000baf xorq         %r12, %r9
	0xc5, 0xc5, 0x74, 0xeb, //0x00000bb2 vpcmpeqb     %ymm3, %ymm7, %ymm5
	0xc5, 0xfd, 0xd7, 0xf5, //0x00000bb6 vpmovmskb    %ymm5, %esi
	0xc5, 0xcd, 0x74, 0xeb, //0x00000bba vpcmpeqb     %ymm3, %ymm6, %ymm5
	0xc5, 0xfd, 0xd7, 0xcd, //0x00000bbe vpmovmskb    %ymm5, %ecx
	0x48, 0xc1, 0xe1, 0x20, //0x00000bc2 shlq         $32, %rcx
	0x48, 0x09, 0xce, //0x00000bc6 orq          %rcx, %rsi
	0x4c, 0x89, 0xc9, //0x00000bc9 movq         %r9, %rcx
	0x48, 0xf7, 0xd1, //0x00000bcc notq         %rcx
	0x48, 0x21, 0xce, //0x00000bcf andq         %rcx, %rsi
	0xc5, 0xc5, 0x74, 0xec, //0x00000bd2 vpcmpeqb     %ymm4, %ymm7, %ymm5
	0xc5, 0xfd, 0xd7, 0xdd, //0x00000bd6 vpmovmskb    %ymm5, %ebx
	0xc5, 0xcd, 0x74, 0xec, //0x00000bda vpcmpeqb     %ymm4, %ymm6, %ymm5
	0xc5, 0xfd, 0xd7, 0xfd, //0x00000bde vpmovmskb    %ymm5, %edi
	0x48, 0xc1, 0xe7, 0x20, //0x00000be2 shlq         $32, %rdi
	0x48, 0x09, 0xfb, //0x00000be6 orq          %rdi, %rbx
	0x48, 0x21, 0xcb, //0x00000be9 andq         %rcx, %rbx
	0x0f, 0x84, 0x36, 0x00, 0x00, 0x00, //0x00000bec je           LBB0_832
	0x90, 0x90, 0x90, 0x90, 0x90, 0x90, 0x90, 0x90, 0x90, 0x90, 0x90, 0x90, 0x90, 0x90, //0x00000bf2 .p2align 4, 0x90
	//0x00000c00 LBB0_838
	0x48, 0x8d, 0x4b, 0xff, //0x00000c00 leaq         $-1(%rbx), %rcx
	0x48, 0x89, 0xcf, //0x00000c04 movq         %rcx, %rdi
	0x48, 0x21, 0xf7, //0x00000c07 andq         %rsi, %rdi
	0xf3, 0x48, 0x0f, 0xb8, 0xff, //0x00000c0a popcntq      %rdi, %rdi
	0x4c, 0x01, 0xef, //0x00000c0f addq         %r13, %rdi
	0x48, 0x39, 0xd7, //0x00000c12 cmpq         %rdx, %rdi
	0x0f, 0x86, 0x65, 0x01, 0x00, 0x00, //0x00000c15 jbe          LBB0_855
	0x48, 0x83, 0xc2, 0x01, //0x00000c1b addq         $1, %rdx
	0x48, 0x21, 0xcb, //0x00000c1f andq         %rcx, %rbx
	0x0f, 0x85, 0xd8, 0xff, 0xff, 0xff, //0x00000c22 jne          LBB0_838
	//0x00000c28 LBB0_832
	0x49, 0xc1, 0xf9, 0x3f, //0x00000c28 sarq         $63, %r9
	0xf3, 0x48, 0x0f, 0xb8, 0xce, //0x00000c2c popcntq      %rsi, %rcx
	0x49, 0x01, 0xcd, //0x00000c31 addq         %rcx, %r13
	0x49, 0x83, 0xc2, 0x40, //0x00000c34 addq         $64, %r10
	0x49, 0x83, 0xc6, 0xc0, //0x00000c38 addq         $-64, %r14
	0x4d, 0x89, 0xcc, //0x00000c3c movq         %r9, %r12
	0x49, 0x83, 0xfe, 0x40, //0x00000c3f cmpq         $64, %r14
	0x0f, 0x8d, 0xb5, 0xfe, 0xff, 0xff, //0x00000c43 jge          LBB0_834
	//0x00000c49 LBB0_840
	0x4d, 0x85, 0xf6, //0x00000c49 testq        %r14, %r14
	0x0f, 0x8e, 0xd2, 0x41, 0x00, 0x00, //0x00000c4c jle          LBB0_911
	0xc5, 0x7e, 0x7f, 0x8c, 0x24, 0xc0, 0x00, 0x00, 0x00, //0x00000c52 vmovdqu      %ymm9, $192(%rsp)
	0xc5, 0x7e, 0x7f, 0x8c, 0x24, 0xa0, 0x00, 0x00, 0x00, //0x00000c5b vmovdqu      %ymm9, $160(%rsp)
	0x44, 0x89, 0xd1, //0x00000c64 movl         %r10d, %ecx
	0x81, 0xe1, 0xff, 0x0f, 0x00, 0x00, //0x00000c67 andl         $4095, %ecx
	0x81, 0xf9, 0xc1, 0x0f, 0x00, 0x00, //0x00000c6d cmpl         $4033, %ecx
	0x0f, 0x82, 0x85, 0xfe, 0xff, 0xff, //0x00000c73 jb           LBB0_834
	0x49, 0x83, 0xfe, 0x20, //0x00000c79 cmpq         $32, %r14
	0x0f, 0x82, 0x23, 0x00, 0x00, 0x00, //0x00000c7d jb           LBB0_844
	0xc4, 0xc1, 0x7e, 0x6f, 0x2a, //0x00000c83 vmovdqu      (%r10), %ymm5
	0xc5, 0xfe, 0x7f, 0xac, 0x24, 0xa0, 0x00, 0x00, 0x00, //0x00000c88 vmovdqu      %ymm5, $160(%rsp)
	0x49, 0x83, 0xc2, 0x20, //0x00000c91 addq         $32, %r10
	0x49, 0x8d, 0x76, 0xe0, //0x00000c95 leaq         $-32(%r14), %rsi
	0x48, 0x8d, 0xbc, 0x24, 0xc0, 0x00, 0x00, 0x00, //0x00000c99 leaq         $192(%rsp), %rdi
	0xe9, 0x0b, 0x00, 0x00, 0x00, //0x00000ca1 jmp          LBB0_845
	//0x00000ca6 LBB0_844
	0x48, 0x8d, 0xbc, 0x24, 0xa0, 0x00, 0x00, 0x00, //0x00000ca6 leaq         $160(%rsp), %rdi
	0x4c, 0x89, 0xf6, //0x00000cae movq         %r14, %rsi
	//0x00000cb1 LBB0_845
	0x48, 0x83, 0xfe, 0x10, //0x00000cb1 cmpq         $16, %rsi
	0x0f, 0x82, 0x5d, 0x00, 0x00, 0x00, //0x00000cb5 jb           LBB0_846
	0xc4, 0xc1, 0x7a, 0x6f, 0x2a, //0x00000cbb vmovdqu      (%r10), %xmm5
	0xc5, 0xfa, 0x7f, 0x2f, //0x00000cc0 vmovdqu      %xmm5, (%rdi)
	0x49, 0x83, 0xc2, 0x10, //0x00000cc4 addq         $16, %r10
	0x48, 0x83, 0xc7, 0x10, //0x00000cc8 addq         $16, %rdi
	0x48, 0x83, 0xc6, 0xf0, //0x00000ccc addq         $-16, %rsi
	0x48, 0x83, 0xfe, 0x08, //0x00000cd0 cmpq         $8, %rsi
	0x0f, 0x83, 0x48, 0x00, 0x00, 0x00, //0x00000cd4 jae          LBB0_851
	//0x00000cda LBB0_847
	0x48, 0x83, 0xfe, 0x04, //0x00000cda cmpq         $4, %rsi
	0x0f, 0x8c, 0x5a, 0x00, 0x00, 0x00, //0x00000cde jl           LBB0_848
	//0x00000ce4 LBB0_852
	0x41, 0x8b, 0x0a, //0x00000ce4 movl         (%r10), %ecx
	0x89, 0x0f, //0x00000ce7 movl         %ecx, (%rdi)
	0x49, 0x83, 0xc2, 0x04, //0x00000ce9 addq         $4, %r10
	0x48, 0x83, 0xc7, 0x04, //0x00000ced addq         $4, %rdi
	0x48, 0x83, 0xc6, 0xfc, //0x00000cf1 addq         $-4, %rsi
	0x48, 0x83, 0xfe, 0x02, //0x00000cf5 cmpq         $2, %rsi
	0x0f, 0x83, 0x49, 0x00, 0x00, 0x00, //0x00000cf9 jae          LBB0_853
	//0x00000cff LBB0_849
	0x4c, 0x89, 0xd3, //0x00000cff movq         %r10, %rbx
	0x4c, 0x8d, 0x94, 0x24, 0xa0, 0x00, 0x00, 0x00, //0x00000d02 leaq         $160(%rsp), %r10
	0x48, 0x85, 0xf6, //0x00000d0a testq        %rsi, %rsi
	0x0f, 0x85, 0x5c, 0x00, 0x00, 0x00, //0x00000d0d jne          LBB0_854
	0xe9, 0xe6, 0xfd, 0xff, 0xff, //0x00000d13 jmp          LBB0_834
	//0x00000d18 LBB0_846
	0x48, 0x83, 0xfe, 0x08, //0x00000d18 cmpq         $8, %rsi
	0x0f, 0x82, 0xb8, 0xff, 0xff, 0xff, //0x00000d1c jb           LBB0_847
	//0x00000d22 LBB0_851
	0x49, 0x8b, 0x0a, //0x00000d22 movq         (%r10), %rcx
	0x48, 0x89, 0x0f, //0x00000d25 movq         %rcx, (%rdi)
	0x49, 0x83, 0xc2, 0x08, //0x00000d28 addq         $8, %r10
	0x48, 0x83, 0xc7, 0x08, //0x00000d2c addq         $8, %rdi
	0x48, 0x83, 0xc6, 0xf8, //0x00000d30 addq         $-8, %rsi
	0x48, 0x83, 0xfe, 0x04, //0x00000d34 cmpq         $4, %rsi
	0x0f, 0x8d, 0xa6, 0xff, 0xff, 0xff, //0x00000d38 jge          LBB0_852
	//0x00000d3e LBB0_848
	0x48, 0x83, 0xfe, 0x02, //0x00000d3e cmpq         $2, %rsi
	0x0f, 0x82, 0xb7, 0xff, 0xff, 0xff, //0x00000d42 jb           LBB0_849
	//0x00000d48 LBB0_853
	0x41, 0x0f, 0xb7, 0x0a, //0x00000d48 movzwl       (%r10), %ecx
	0x66, 0x89, 0x0f, //0x00000d4c movw         %cx, (%rdi)
	0x49, 0x83, 0xc2, 0x02, //0x00000d4f addq         $2, %r10
	0x48, 0x83, 0xc7, 0x02, //0x00000d53 addq         $2, %rdi
	0x48, 0x83, 0xc6, 0xfe, //0x00000d57 addq         $-2, %rsi
	0x4c, 0x89, 0xd3, //0x00000d5b movq         %r10, %rbx
	0x4c, 0x8d, 0x94, 0x24, 0xa0, 0x00, 0x00, 0x00, //0x00000d5e leaq         $160(%rsp), %r10
	0x48, 0x85, 0xf6, //0x00000d66 testq        %rsi, %rsi
	0x0f, 0x84, 0x8f, 0xfd, 0xff, 0xff, //0x00000d69 je           LBB0_834
	//0x00000d6f LBB0_854
	0x8a, 0x0b, //0x00000d6f movb         (%rbx), %cl
	0x88, 0x0f, //0x00000d71 movb         %cl, (%rdi)
	0x4c, 0x8d, 0x94, 0x24, 0xa0, 0x00, 0x00, 0x00, //0x00000d73 leaq         $160(%rsp), %r10
	0xe9, 0x7e, 0xfd, 0xff, 0xff, //0x00000d7b jmp          LBB0_834
	//0x00000d80 LBB0_855
	0x49, 0x8b, 0x4b, 0x08, //0x00000d80 movq         $8(%r11), %rcx
	0x48, 0x0f, 0xbc, 0xd3, //0x00000d84 bsfq         %rbx, %rdx
	0x4c, 0x29, 0xf2, //0x00000d88 subq         %r14, %rdx
	0x48, 0x01, 0xd1, //0x00000d8b addq         %rdx, %rcx
	0x48, 0x83, 0xc1, 0x01, //0x00000d8e addq         $1, %rcx
	0x49, 0x89, 0x08, //0x00000d92 movq         %rcx, (%r8)
	0x49, 0x8b, 0x53, 0x08, //0x00000d95 movq         $8(%r11), %rdx
	0x48, 0x39, 0xd1, //0x00000d99 cmpq         %rdx, %rcx
	0x48, 0x0f, 0x47, 0xca, //0x00000d9c cmovaq       %rdx, %rcx
	0x49, 0x89, 0x08, //0x00000da0 movq         %rcx, (%r8)
	0x48, 0xc7, 0xc1, 0xff, 0xff, 0xff, 0xff, //0x00000da3 movq         $-1, %rcx
	0x48, 0x0f, 0x47, 0xc1, //0x00000daa cmovaq       %rcx, %rax
	0x49, 0x89, 0xc0, //0x00000dae movq         %rax, %r8
	0xe9, 0xe2, 0x3d, 0x00, 0x00, //0x00000db1 jmp          LBB0_907
	//0x00000db6 LBB0_856
	0x41, 0x0f, 0xbc, 0xc9, //0x00000db6 bsfl         %r9d, %ecx
	0x48, 0x01, 0xc1, //0x00000dba addq         %rax, %rcx
	0x4c, 0x01, 0xf1, //0x00000dbd addq         %r14, %rcx
	0x48, 0x83, 0xc1, 0x02, //0x00000dc0 addq         $2, %rcx
	//0x00000dc4 LBB0_857
	0x49, 0x89, 0x4d, 0x00, //0x00000dc4 movq         %rcx, (%r13)
	0x49, 0x89, 0xc0, //0x00000dc8 movq         %rax, %r8
	0xe9, 0xc8, 0x3d, 0x00, 0x00, //0x00000dcb jmp          LBB0_907
	//0x00000dd0 LBB0_862
	0x48, 0xc7, 0xc1, 0xfe, 0xff, 0xff, 0xff, //0x00000dd0 movq         $-2, %rcx
	0xbf, 0x02, 0x00, 0x00, 0x00, //0x00000dd7 movl         $2, %edi
	0x48, 0x01, 0xfa, //0x00000ddc addq         %rdi, %rdx
	0x49, 0x01, 0xce, //0x00000ddf addq         %rcx, %r14
	0x0f, 0x8e, 0xb0, 0x3d, 0x00, 0x00, //0x00000de2 jle          LBB0_907
	//0x00000de8 LBB0_863
	0x0f, 0xb6, 0x0a, //0x00000de8 movzbl       (%rdx), %ecx
	0x80, 0xf9, 0x5c, //0x00000deb cmpb         $92, %cl
	0x0f, 0x84, 0xdc, 0xff, 0xff, 0xff, //0x00000dee je           LBB0_862
	0x80, 0xf9, 0x22, //0x00000df4 cmpb         $34, %cl
	0x0f, 0x84, 0xab, 0x00, 0x00, 0x00, //0x00000df7 je           LBB0_894
	0x48, 0xc7, 0xc1, 0xff, 0xff, 0xff, 0xff, //0x00000dfd movq         $-1, %rcx
	0xbf, 0x01, 0x00, 0x00, 0x00, //0x00000e04 movl         $1, %edi
	0x48, 0x01, 0xfa, //0x00000e09 addq         %rdi, %rdx
	0x49, 0x01, 0xce, //0x00000e0c addq         %rcx, %r14
	0x0f, 0x8f, 0xd3, 0xff, 0xff, 0xff, //0x00000e0f jg           LBB0_863
	0xe9, 0x7e, 0x3d, 0x00, 0x00, //0x00000e15 jmp          LBB0_907
	//0x00000e1a LBB0_869
	0x66, 0x0f, 0xbc, 0xc9, //0x00000e1a bsfw         %cx, %cx
	0x0f, 0xb7, 0xf1, //0x00000e1e movzwl       %cx, %esi
	0x4c, 0x29, 0xd2, //0x00000e21 subq         %r10, %rdx
	0x48, 0x01, 0xf2, //0x00000e24 addq         %rsi, %rdx
	0x48, 0x8d, 0x0c, 0x1a, //0x00000e27 leaq         (%rdx,%rbx), %rcx
	0x49, 0x89, 0x4d, 0x00, //0x00000e2b movq         %rcx, (%r13)
	0x48, 0x85, 0xc9, //0x00000e2f testq        %rcx, %rcx
	0x0f, 0x8e, 0x99, 0xf8, 0xff, 0xff, //0x00000e32 jle          LBB0_896
	0x48, 0x8d, 0x0c, 0x13, //0x00000e38 leaq         (%rbx,%rdx), %rcx
	0x48, 0x83, 0xc1, 0x01, //0x00000e3c addq         $1, %rcx
	0x48, 0x01, 0xda, //0x00000e40 addq         %rbx, %rdx
	0x48, 0x83, 0xc2, 0xff, //0x00000e43 addq         $-1, %rdx
	0x48, 0x01, 0xf7, //0x00000e47 addq         %rsi, %rdi
	0x48, 0x01, 0xdf, //0x00000e4a addq         %rbx, %rdi
	0x48, 0xbe, 0x00, 0x26, 0x00, 0x00, 0x01, 0x00, 0x00, 0x00, //0x00000e4d movabsq      $4294977024, %rsi
	//0x00000e57 LBB0_871
	0x0f, 0xb6, 0x1f, //0x00000e57 movzbl       (%rdi), %ebx
	0x48, 0x83, 0xfb, 0x20, //0x00000e5a cmpq         $32, %rbx
	0x0f, 0x87, 0x6d, 0xf8, 0xff, 0xff, //0x00000e5e ja           LBB0_896
	0x48, 0x0f, 0xa3, 0xde, //0x00000e64 btq          %rbx, %rsi
	0x0f, 0x83, 0x63, 0xf8, 0xff, 0xff, //0x00000e68 jae          LBB0_896
	0x49, 0x89, 0x55, 0x00, //0x00000e6e movq         %rdx, (%r13)
	0x48, 0x83, 0xc1, 0xff, //0x00000e72 addq         $-1, %rcx
	0x48, 0x83, 0xc2, 0xff, //0x00000e76 addq         $-1, %rdx
	0x48, 0x83, 0xc7, 0xff, //0x00000e7a addq         $-1, %rdi
	0x48, 0x83, 0xf9, 0x01, //0x00000e7e cmpq         $1, %rcx
	0x0f, 0x8f, 0xcf, 0xff, 0xff, 0xff, //0x00000e82 jg           LBB0_871
	0xe9, 0x44, 0xf8, 0xff, 0xff, //0x00000e88 jmp          LBB0_896
	//0x00000e8d LBB0_891
	0x4c, 0x29, 0xd0, //0x00000e8d subq         %r10, %rax
	0x48, 0x01, 0xf0, //0x00000e90 addq         %rsi, %rax
	0x49, 0xc7, 0xc0, 0xff, 0xff, 0xff, 0xff, //0x00000e93 movq         $-1, %r8
	0x48, 0x39, 0xd0, //0x00000e9a cmpq         %rdx, %rax
	0x0f, 0x82, 0x6c, 0xf6, 0xff, 0xff, //0x00000e9d jb           LBB0_763
	0xe9, 0xf0, 0x3c, 0x00, 0x00, //0x00000ea3 jmp          LBB0_907
	//0x00000ea8 LBB0_894
	0x4c, 0x29, 0xd2, //0x00000ea8 subq         %r10, %rdx
	0x48, 0x83, 0xc2, 0x01, //0x00000eab addq         $1, %rdx
	//0x00000eaf LBB0_895
	0x49, 0x89, 0x55, 0x00, //0x00000eaf movq         %rdx, (%r13)
	0xe9, 0x19, 0xf8, 0xff, 0xff, //0x00000eb3 jmp          LBB0_896
	//0x00000eb8 LBB0_901
	0x4c, 0x01, 0xd0, //0x00000eb8 addq         %r10, %rax
	0x48, 0x85, 0xff, //0x00000ebb testq        %rdi, %rdi
	0x0f, 0x85, 0xd4, 0xf5, 0xff, 0xff, //0x00000ebe jne          LBB0_25
	0xe9, 0x06, 0xf6, 0xff, 0xff, //0x00000ec4 jmp          LBB0_30
	//0x00000ec9 LBB0_902
	0x4c, 0x01, 0xd2, //0x00000ec9 addq         %r10, %rdx
	0x48, 0x83, 0xfe, 0x10, //0x00000ecc cmpq         $16, %rsi
	0x0f, 0x83, 0xea, 0xf6, 0xff, 0xff, //0x00000ed0 jae          LBB0_770
	0xe9, 0x39, 0xf7, 0xff, 0xff, //0x00000ed6 jmp          LBB0_774
	//0x00000edb LBB0_910
	0x4c, 0x01, 0xd2, //0x00000edb addq         %r10, %rdx
	0xe9, 0xd8, 0xf8, 0xff, 0xff, //0x00000ede jmp          LBB0_803
	//0x00000ee3 LBB0_500
	0x48, 0x83, 0x7c, 0x24, 0x18, 0xff, //0x00000ee3 cmpq         $-1, $24(%rsp)
	0x0f, 0x84, 0x97, 0x00, 0x00, 0x00, //0x00000ee9 je           LBB0_501
	//0x00000eef LBB0_502
	0x44, 0x89, 0xc0, //0x00000eef movl         %r8d, %eax
	0xf7, 0xd0, //0x00000ef2 notl         %eax
	0x21, 0xd0, //0x00000ef4 andl         %edx, %eax
	0x8d, 0x34, 0x00, //0x00000ef6 leal         (%rax,%rax), %esi
	0x41, 0x8d, 0x1c, 0x40, //0x00000ef9 leal         (%r8,%rax,2), %ebx
	0xf7, 0xd6, //0x00000efd notl         %esi
	0x21, 0xd6, //0x00000eff andl         %edx, %esi
	0x81, 0xe6, 0xaa, 0xaa, 0xaa, 0xaa, //0x00000f01 andl         $-1431655766, %esi
	0x45, 0x31, 0xc0, //0x00000f07 xorl         %r8d, %r8d
	0x01, 0xc6, //0x00000f0a addl         %eax, %esi
	0x41, 0x0f, 0x92, 0xc0, //0x00000f0c setb         %r8b
	0x01, 0xf6, //0x00000f10 addl         %esi, %esi
	0x81, 0xf6, 0x55, 0x55, 0x55, 0x55, //0x00000f12 xorl         $1431655765, %esi
	0x21, 0xde, //0x00000f18 andl         %ebx, %esi
	0xf7, 0xd6, //0x00000f1a notl         %esi
	0x21, 0xf7, //0x00000f1c andl         %esi, %edi
	0x4c, 0x8b, 0x54, 0x24, 0x48, //0x00000f1e movq         $72(%rsp), %r10
	0x4c, 0x8b, 0x7c, 0x24, 0x38, //0x00000f23 movq         $56(%rsp), %r15
	0xc4, 0x41, 0x35, 0x76, 0xc9, //0x00000f28 vpcmpeqd     %ymm9, %ymm9, %ymm9
	0xc5, 0xfe, 0x6f, 0x25, 0xab, 0xf2, 0xff, 0xff, //0x00000f2d vmovdqu      $-3413(%rip), %ymm4  /* LCPI0_19+0(%rip) */
	0x48, 0x85, 0xff, //0x00000f35 testq        %rdi, %rdi
	0x0f, 0x84, 0x5d, 0x20, 0x00, 0x00, //0x00000f38 je           LBB0_503
	//0x00000f3e LBB0_88
	0x48, 0x0f, 0xbc, 0xc7, //0x00000f3e bsfq         %rdi, %rax
	0x4d, 0x29, 0xdc, //0x00000f42 subq         %r11, %r12
	0x49, 0x01, 0xc4, //0x00000f45 addq         %rax, %r12
	0x49, 0x83, 0xc4, 0x01, //0x00000f48 addq         $1, %r12
	//0x00000f4c LBB0_33
	0x4d, 0x85, 0xe4, //0x00000f4c testq        %r12, %r12
	0x0f, 0x88, 0xf7, 0x3b, 0x00, 0x00, //0x00000f4f js           LBB0_791
	//0x00000f55 LBB0_34
	0x4d, 0x89, 0x65, 0x00, //0x00000f55 movq         %r12, (%r13)
	0x4d, 0x89, 0xc8, //0x00000f59 movq         %r9, %r8
	0x48, 0xb8, 0xfe, 0xff, 0xff, 0xff, 0xff, 0xff, 0xff, 0x7f, //0x00000f5c movabsq      $9223372036854775806, %rax
	0x49, 0x39, 0xc1, //0x00000f66 cmpq         %rax, %r9
	0x0f, 0x87, 0x29, 0x3c, 0x00, 0x00, //0x00000f69 ja           LBB0_907
	//0x00000f6f LBB0_35
	0x49, 0x8b, 0x12, //0x00000f6f movq         (%r10), %rdx
	0x48, 0x89, 0xd1, //0x00000f72 movq         %rdx, %rcx
	0x4d, 0x89, 0xf8, //0x00000f75 movq         %r15, %r8
	0x48, 0x85, 0xd2, //0x00000f78 testq        %rdx, %rdx
	0x0f, 0x85, 0x2f, 0x00, 0x00, 0x00, //0x00000f7b jne          LBB0_37
	0xe9, 0x12, 0x3c, 0x00, 0x00, //0x00000f81 jmp          LBB0_907
	//0x00000f86 LBB0_501
	0x4c, 0x89, 0xe0, //0x00000f86 movq         %r12, %rax
	0x4c, 0x29, 0xd8, //0x00000f89 subq         %r11, %rax
	0x48, 0x0f, 0xbc, 0xda, //0x00000f8c bsfq         %rdx, %rbx
	0x48, 0x01, 0xc3, //0x00000f90 addq         %rax, %rbx
	0x48, 0x89, 0x5c, 0x24, 0x18, //0x00000f93 movq         %rbx, $24(%rsp)
	0xe9, 0x52, 0xff, 0xff, 0xff, //0x00000f98 jmp          LBB0_502
	//0x00000f9d LBB0_31
	0x4c, 0x0f, 0xbc, 0xe3, //0x00000f9d bsfq         %rbx, %r12
	0x49, 0x29, 0xfc, //0x00000fa1 subq         %rdi, %r12
	//0x00000fa4 LBB0_32
	0x4c, 0x8b, 0x54, 0x24, 0x48, //0x00000fa4 movq         $72(%rsp), %r10
	0xe9, 0x9e, 0xff, 0xff, 0xff, //0x00000fa9 jmp          LBB0_33
	0x90, 0x90, //0x00000fae .p2align 4, 0x90
	//0x00000fb0 LBB0_37
	0x4d, 0x8b, 0x1e, //0x00000fb0 movq         (%r14), %r11
	0x49, 0x8b, 0x76, 0x08, //0x00000fb3 movq         $8(%r14), %rsi
	0x49, 0x39, 0xf4, //0x00000fb7 cmpq         %rsi, %r12
	0x0f, 0x83, 0x30, 0x00, 0x00, 0x00, //0x00000fba jae          LBB0_42
	0x43, 0x8a, 0x04, 0x23, //0x00000fc0 movb         (%r11,%r12), %al
	0x3c, 0x0d, //0x00000fc4 cmpb         $13, %al
	0x0f, 0x84, 0x24, 0x00, 0x00, 0x00, //0x00000fc6 je           LBB0_42
	0x3c, 0x20, //0x00000fcc cmpb         $32, %al
	0x0f, 0x84, 0x1c, 0x00, 0x00, 0x00, //0x00000fce je           LBB0_42
	0x04, 0xf7, //0x00000fd4 addb         $-9, %al
	0x3c, 0x01, //0x00000fd6 cmpb         $1, %al
	0x0f, 0x86, 0x12, 0x00, 0x00, 0x00, //0x00000fd8 jbe          LBB0_42
	0x4d, 0x89, 0xe1, //0x00000fde movq         %r12, %r9
	0xe9, 0x7c, 0x01, 0x00, 0x00, //0x00000fe1 jmp          LBB0_67
	0x90, 0x90, 0x90, 0x90, 0x90, 0x90, 0x90, 0x90, 0x90, 0x90, //0x00000fe6 .p2align 4, 0x90
	//0x00000ff0 LBB0_42
	0x4d, 0x8d, 0x4c, 0x24, 0x01, //0x00000ff0 leaq         $1(%r12), %r9
	0x49, 0x39, 0xf1, //0x00000ff5 cmpq         %rsi, %r9
	0x0f, 0x83, 0x22, 0x00, 0x00, 0x00, //0x00000ff8 jae          LBB0_46
	0x43, 0x8a, 0x14, 0x0b, //0x00000ffe movb         (%r11,%r9), %dl
	0x80, 0xfa, 0x0d, //0x00001002 cmpb         $13, %dl
	0x0f, 0x84, 0x15, 0x00, 0x00, 0x00, //0x00001005 je           LBB0_46
	0x80, 0xfa, 0x20, //0x0000100b cmpb         $32, %dl
	0x0f, 0x84, 0x0c, 0x00, 0x00, 0x00, //0x0000100e je           LBB0_46
	0x80, 0xc2, 0xf7, //0x00001014 addb         $-9, %dl
	0x80, 0xfa, 0x01, //0x00001017 cmpb         $1, %dl
	0x0f, 0x87, 0x42, 0x01, 0x00, 0x00, //0x0000101a ja           LBB0_67
	//0x00001020 .p2align 4, 0x90
	//0x00001020 LBB0_46
	0x4d, 0x8d, 0x4c, 0x24, 0x02, //0x00001020 leaq         $2(%r12), %r9
	0x49, 0x39, 0xf1, //0x00001025 cmpq         %rsi, %r9
	0x0f, 0x83, 0x22, 0x00, 0x00, 0x00, //0x00001028 jae          LBB0_50
	0x43, 0x8a, 0x14, 0x0b, //0x0000102e movb         (%r11,%r9), %dl
	0x80, 0xfa, 0x0d, //0x00001032 cmpb         $13, %dl
	0x0f, 0x84, 0x15, 0x00, 0x00, 0x00, //0x00001035 je           LBB0_50
	0x80, 0xfa, 0x20, //0x0000103b cmpb         $32, %dl
	0x0f, 0x84, 0x0c, 0x00, 0x00, 0x00, //0x0000103e je           LBB0_50
	0x80, 0xc2, 0xf7, //0x00001044 addb         $-9, %dl
	0x80, 0xfa, 0x01, //0x00001047 cmpb         $1, %dl
	0x0f, 0x87, 0x12, 0x01, 0x00, 0x00, //0x0000104a ja           LBB0_67
	//0x00001050 .p2align 4, 0x90
	//0x00001050 LBB0_50
	0x4d, 0x8d, 0x4c, 0x24, 0x03, //0x00001050 leaq         $3(%r12), %r9
	0x49, 0x39, 0xf1, //0x00001055 cmpq         %rsi, %r9
	0x0f, 0x83, 0x22, 0x00, 0x00, 0x00, //0x00001058 jae          LBB0_54
	0x43, 0x8a, 0x14, 0x0b, //0x0000105e movb         (%r11,%r9), %dl
	0x80, 0xfa, 0x0d, //0x00001062 cmpb         $13, %dl
	0x0f, 0x84, 0x15, 0x00, 0x00, 0x00, //0x00001065 je           LBB0_54
	0x80, 0xfa, 0x20, //0x0000106b cmpb         $32, %dl
	0x0f, 0x84, 0x0c, 0x00, 0x00, 0x00, //0x0000106e je           LBB0_54
	0x80, 0xc2, 0xf7, //0x00001074 addb         $-9, %dl
	0x80, 0xfa, 0x01, //0x00001077 cmpb         $1, %dl
	0x0f, 0x87, 0xe2, 0x00, 0x00, 0x00, //0x0000107a ja           LBB0_67
	//0x00001080 .p2align 4, 0x90
	//0x00001080 LBB0_54
	0x4d, 0x8d, 0x4c, 0x24, 0x04, //0x00001080 leaq         $4(%r12), %r9
	0x48, 0x89, 0xf2, //0x00001085 movq         %rsi, %rdx
	0x4c, 0x29, 0xca, //0x00001088 subq         %r9, %rdx
	0x0f, 0x86, 0x9f, 0x3a, 0x00, 0x00, //0x0000108b jbe          LBB0_788
	0x48, 0x83, 0xfa, 0x20, //0x00001091 cmpq         $32, %rdx
	0x0f, 0x82, 0x69, 0x20, 0x00, 0x00, //0x00001095 jb           LBB0_454
	0x48, 0xc7, 0xc2, 0xfc, 0xff, 0xff, 0xff, //0x0000109b movq         $-4, %rdx
	0x4c, 0x29, 0xe2, //0x000010a2 subq         %r12, %rdx
	0x90, 0x90, 0x90, 0x90, 0x90, 0x90, 0x90, 0x90, 0x90, 0x90, 0x90, //0x000010a5 .p2align 4, 0x90
	//0x000010b0 LBB0_57
	0xc4, 0x81, 0x7e, 0x6f, 0x04, 0x0b, //0x000010b0 vmovdqu      (%r11,%r9), %ymm0
	0xc4, 0xe2, 0x55, 0x00, 0xc8, //0x000010b6 vpshufb      %ymm0, %ymm5, %ymm1
	0xc5, 0xfd, 0x74, 0xc1, //0x000010bb vpcmpeqb     %ymm1, %ymm0, %ymm0
	0xc5, 0xfd, 0xd7, 0xf8, //0x000010bf vpmovmskb    %ymm0, %edi
	0x83, 0xff, 0xff, //0x000010c3 cmpl         $-1, %edi
	0x0f, 0x85, 0x84, 0x00, 0x00, 0x00, //0x000010c6 jne          LBB0_66
	0x49, 0x83, 0xc1, 0x20, //0x000010cc addq         $32, %r9
	0x48, 0x8d, 0x04, 0x16, //0x000010d0 leaq         (%rsi,%rdx), %rax
	0x48, 0x83, 0xc0, 0xe0, //0x000010d4 addq         $-32, %rax
	0x48, 0x83, 0xc2, 0xe0, //0x000010d8 addq         $-32, %rdx
	0x48, 0x83, 0xf8, 0x1f, //0x000010dc cmpq         $31, %rax
	0x0f, 0x87, 0xca, 0xff, 0xff, 0xff, //0x000010e0 ja           LBB0_57
	0x4d, 0x89, 0xd9, //0x000010e6 movq         %r11, %r9
	0x49, 0x29, 0xd1, //0x000010e9 subq         %rdx, %r9
	0x48, 0x01, 0xf2, //0x000010ec addq         %rsi, %rdx
	0x48, 0x85, 0xd2, //0x000010ef testq        %rdx, %rdx
	0x0f, 0x84, 0x3f, 0x00, 0x00, 0x00, //0x000010f2 je           LBB0_65
	//0x000010f8 LBB0_60
	0x4d, 0x8d, 0x04, 0x11, //0x000010f8 leaq         (%r9,%rdx), %r8
	0x31, 0xff, //0x000010fc xorl         %edi, %edi
	0x90, 0x90, //0x000010fe .p2align 4, 0x90
	//0x00001100 LBB0_61
	0x41, 0x0f, 0xbe, 0x04, 0x39, //0x00001100 movsbl       (%r9,%rdi), %eax
	0x83, 0xf8, 0x20, //0x00001105 cmpl         $32, %eax
	0x0f, 0x87, 0x2f, 0x1e, 0x00, 0x00, //0x00001108 ja           LBB0_789
	0x48, 0xbb, 0x00, 0x26, 0x00, 0x00, 0x01, 0x00, 0x00, 0x00, //0x0000110e movabsq      $4294977024, %rbx
	0x48, 0x0f, 0xa3, 0xc3, //0x00001118 btq          %rax, %rbx
	0x0f, 0x83, 0x1b, 0x1e, 0x00, 0x00, //0x0000111c jae          LBB0_789
	0x48, 0x83, 0xc7, 0x01, //0x00001122 addq         $1, %rdi
	0x48, 0x39, 0xfa, //0x00001126 cmpq         %rdi, %rdx
	0x0f, 0x85, 0xd1, 0xff, 0xff, 0xff, //0x00001129 jne          LBB0_61
	0x4d, 0x89, 0xc1, //0x0000112f movq         %r8, %r9
	0x4c, 0x8b, 0x54, 0x24, 0x48, //0x00001132 movq         $72(%rsp), %r10
	//0x00001137 LBB0_65
	0x4d, 0x29, 0xd9, //0x00001137 subq         %r11, %r9
	0x49, 0x39, 0xf1, //0x0000113a cmpq         %rsi, %r9
	0x0f, 0x82, 0x1f, 0x00, 0x00, 0x00, //0x0000113d jb           LBB0_67
	0xe9, 0xec, 0x39, 0x00, 0x00, //0x00001143 jmp          LBB0_921
	0x90, 0x90, 0x90, 0x90, 0x90, 0x90, 0x90, 0x90, //0x00001148 .p2align 4, 0x90
	//0x00001150 LBB0_66
	0xf7, 0xd7, //0x00001150 notl         %edi
	0x44, 0x0f, 0xbc, 0xcf, //0x00001152 bsfl         %edi, %r9d
	0x49, 0x29, 0xd1, //0x00001156 subq         %rdx, %r9
	0x49, 0x39, 0xf1, //0x00001159 cmpq         %rsi, %r9
	0x0f, 0x83, 0xd2, 0x39, 0x00, 0x00, //0x0000115c jae          LBB0_921
	//0x00001162 LBB0_67
	0x4d, 0x8d, 0x61, 0x01, //0x00001162 leaq         $1(%r9), %r12
	0x4d, 0x89, 0x65, 0x00, //0x00001166 movq         %r12, (%r13)
	0x43, 0x0f, 0xbe, 0x34, 0x0b, //0x0000116a movsbl       (%r11,%r9), %esi
	0x49, 0xc7, 0xc0, 0xff, 0xff, 0xff, 0xff, //0x0000116f movq         $-1, %r8
	0x85, 0xf6, //0x00001176 testl        %esi, %esi
	0x0f, 0x84, 0x1a, 0x3a, 0x00, 0x00, //0x00001178 je           LBB0_907
	0x48, 0x8d, 0x51, 0xff, //0x0000117e leaq         $-1(%rcx), %rdx
	0x41, 0x8b, 0x3c, 0xca, //0x00001182 movl         (%r10,%rcx,8), %edi
	0x49, 0x83, 0xff, 0xff, //0x00001186 cmpq         $-1, %r15
	0x4d, 0x0f, 0x44, 0xf9, //0x0000118a cmoveq       %r9, %r15
	0x83, 0xc7, 0xff, //0x0000118e addl         $-1, %edi
	0x83, 0xff, 0x05, //0x00001191 cmpl         $5, %edi
	0x4c, 0x89, 0x7c, 0x24, 0x38, //0x00001194 movq         %r15, $56(%rsp)
	0x0f, 0x87, 0xf1, 0x01, 0x00, 0x00, //0x00001199 ja           LBB0_98
	0x48, 0x8d, 0x1d, 0x7e, 0x3f, 0x00, 0x00, //0x0000119f leaq         $16254(%rip), %rbx  /* LJTI0_1+0(%rip) */
	0x48, 0x63, 0x04, 0xbb, //0x000011a6 movslq       (%rbx,%rdi,4), %rax
	0x48, 0x01, 0xd8, //0x000011aa addq         %rbx, %rax
	0xff, 0xe0, //0x000011ad jmpq         *%rax
	//0x000011af LBB0_70
	0x83, 0xfe, 0x2c, //0x000011af cmpl         $44, %esi
	0x0f, 0x84, 0x01, 0x06, 0x00, 0x00, //0x000011b2 je           LBB0_156
	0x83, 0xfe, 0x5d, //0x000011b8 cmpl         $93, %esi
	0x0f, 0x84, 0xb8, 0x01, 0x00, 0x00, //0x000011bb je           LBB0_72
	0xe9, 0xcb, 0x39, 0x00, 0x00, //0x000011c1 jmp          LBB0_906
	//0x000011c6 LBB0_73
	0x40, 0x80, 0xfe, 0x5d, //0x000011c6 cmpb         $93, %sil
	0x0f, 0x84, 0xa9, 0x01, 0x00, 0x00, //0x000011ca je           LBB0_72
	0x49, 0xc7, 0x04, 0xca, 0x01, 0x00, 0x00, 0x00, //0x000011d0 movq         $1, (%r10,%rcx,8)
	0x83, 0xfe, 0x7b, //0x000011d8 cmpl         $123, %esi
	0x0f, 0x86, 0xbb, 0x01, 0x00, 0x00, //0x000011db jbe          LBB0_99
	0xe9, 0xab, 0x39, 0x00, 0x00, //0x000011e1 jmp          LBB0_906
	//0x000011e6 LBB0_75
	0x40, 0x80, 0xfe, 0x22, //0x000011e6 cmpb         $34, %sil
	0x0f, 0x85, 0xa1, 0x39, 0x00, 0x00, //0x000011ea jne          LBB0_906
	0x49, 0xc7, 0x04, 0xca, 0x04, 0x00, 0x00, 0x00, //0x000011f0 movq         $4, (%r10,%rcx,8)
	0x49, 0x8b, 0x4e, 0x08, //0x000011f8 movq         $8(%r14), %rcx
	0x48, 0x8b, 0xbc, 0x24, 0x98, 0x00, 0x00, 0x00, //0x000011fc movq         $152(%rsp), %rdi
	0x40, 0xf6, 0xc7, 0x20, //0x00001204 testb        $32, %dil
	0x48, 0x89, 0x4c, 0x24, 0x50, //0x00001208 movq         %rcx, $80(%rsp)
	0x0f, 0x85, 0x0e, 0x07, 0x00, 0x00, //0x0000120d jne          LBB0_177
	0x4c, 0x29, 0xe1, //0x00001213 subq         %r12, %rcx
	0x0f, 0x84, 0x82, 0x3b, 0x00, 0x00, //0x00001216 je           LBB0_899
	0x48, 0x83, 0xf9, 0x40, //0x0000121c cmpq         $64, %rcx
	0x0f, 0x82, 0x80, 0x20, 0x00, 0x00, //0x00001220 jb           LBB0_472
	0x48, 0xc7, 0xc7, 0xfe, 0xff, 0xff, 0xff, //0x00001226 movq         $-2, %rdi
	0x4c, 0x29, 0xcf, //0x0000122d subq         %r9, %rdi
	0x4d, 0x8d, 0x61, 0x01, //0x00001230 leaq         $1(%r9), %r12
	0x48, 0xc7, 0x44, 0x24, 0x18, 0xff, 0xff, 0xff, 0xff, //0x00001234 movq         $-1, $24(%rsp)
	0x45, 0x31, 0xc0, //0x0000123d xorl         %r8d, %r8d
	//0x00001240 .p2align 4, 0x90
	//0x00001240 LBB0_80
	0xc4, 0x81, 0x7e, 0x6f, 0x04, 0x23, //0x00001240 vmovdqu      (%r11,%r12), %ymm0
	0xc4, 0x81, 0x7e, 0x6f, 0x4c, 0x23, 0x20, //0x00001246 vmovdqu      $32(%r11,%r12), %ymm1
	0xc5, 0xfd, 0x74, 0xd6, //0x0000124d vpcmpeqb     %ymm6, %ymm0, %ymm2
	0xc5, 0xfd, 0xd7, 0xda, //0x00001251 vpmovmskb    %ymm2, %ebx
	0xc5, 0xf5, 0x74, 0xd6, //0x00001255 vpcmpeqb     %ymm6, %ymm1, %ymm2
	0xc5, 0xfd, 0xd7, 0xc2, //0x00001259 vpmovmskb    %ymm2, %eax
	0xc5, 0xfd, 0x74, 0xc7, //0x0000125d vpcmpeqb     %ymm7, %ymm0, %ymm0
	0xc5, 0xfd, 0xd7, 0xd0, //0x00001261 vpmovmskb    %ymm0, %edx
	0xc5, 0xf5, 0x74, 0xc7, //0x00001265 vpcmpeqb     %ymm7, %ymm1, %ymm0
	0xc5, 0xfd, 0xd7, 0xf0, //0x00001269 vpmovmskb    %ymm0, %esi
	0x48, 0xc1, 0xe0, 0x20, //0x0000126d shlq         $32, %rax
	0x48, 0x09, 0xc3, //0x00001271 orq          %rax, %rbx
	0x48, 0xc1, 0xe6, 0x20, //0x00001274 shlq         $32, %rsi
	0x48, 0x09, 0xf2, //0x00001278 orq          %rsi, %rdx
	0x0f, 0x85, 0x30, 0x00, 0x00, 0x00, //0x0000127b jne          LBB0_89
	0x4d, 0x85, 0xc0, //0x00001281 testq        %r8, %r8
	0x0f, 0x85, 0x3f, 0x00, 0x00, 0x00, //0x00001284 jne          LBB0_91
	0x45, 0x31, 0xc0, //0x0000128a xorl         %r8d, %r8d
	0x48, 0x85, 0xdb, //0x0000128d testq        %rbx, %rbx
	0x0f, 0x85, 0x07, 0xfd, 0xff, 0xff, //0x00001290 jne          LBB0_31
	//0x00001296 LBB0_83
	0x48, 0x83, 0xc1, 0xc0, //0x00001296 addq         $-64, %rcx
	0x48, 0x83, 0xc7, 0xc0, //0x0000129a addq         $-64, %rdi
	0x49, 0x83, 0xc4, 0x40, //0x0000129e addq         $64, %r12
	0x48, 0x83, 0xf9, 0x3f, //0x000012a2 cmpq         $63, %rcx
	0x0f, 0x87, 0x94, 0xff, 0xff, 0xff, //0x000012a6 ja           LBB0_80
	0xe9, 0xa5, 0x1c, 0x00, 0x00, //0x000012ac jmp          LBB0_84
	//0x000012b1 LBB0_89
	0x48, 0x83, 0x7c, 0x24, 0x18, 0xff, //0x000012b1 cmpq         $-1, $24(%rsp)
	0x0f, 0x85, 0x0c, 0x00, 0x00, 0x00, //0x000012b7 jne          LBB0_91
	0x48, 0x0f, 0xbc, 0xf2, //0x000012bd bsfq         %rdx, %rsi
	0x4c, 0x01, 0xe6, //0x000012c1 addq         %r12, %rsi
	0x48, 0x89, 0x74, 0x24, 0x18, //0x000012c4 movq         %rsi, $24(%rsp)
	//0x000012c9 LBB0_91
	0x4c, 0x89, 0xc0, //0x000012c9 movq         %r8, %rax
	0x48, 0xf7, 0xd0, //0x000012cc notq         %rax
	0x48, 0x21, 0xd0, //0x000012cf andq         %rdx, %rax
	0x4c, 0x8d, 0x14, 0x00, //0x000012d2 leaq         (%rax,%rax), %r10
	0x4d, 0x09, 0xc2, //0x000012d6 orq          %r8, %r10
	0x4c, 0x89, 0xd6, //0x000012d9 movq         %r10, %rsi
	0x48, 0xf7, 0xd6, //0x000012dc notq         %rsi
	0x48, 0x21, 0xd6, //0x000012df andq         %rdx, %rsi
	0x48, 0xba, 0xaa, 0xaa, 0xaa, 0xaa, 0xaa, 0xaa, 0xaa, 0xaa, //0x000012e2 movabsq      $-6148914691236517206, %rdx
	0x48, 0x21, 0xd6, //0x000012ec andq         %rdx, %rsi
	0x45, 0x31, 0xc0, //0x000012ef xorl         %r8d, %r8d
	0x48, 0x01, 0xc6, //0x000012f2 addq         %rax, %rsi
	0x41, 0x0f, 0x92, 0xc0, //0x000012f5 setb         %r8b
	0x48, 0x01, 0xf6, //0x000012f9 addq         %rsi, %rsi
	0x48, 0xb8, 0x55, 0x55, 0x55, 0x55, 0x55, 0x55, 0x55, 0x55, //0x000012fc movabsq      $6148914691236517205, %rax
	0x48, 0x31, 0xc6, //0x00001306 xorq         %rax, %rsi
	0x4c, 0x21, 0xd6, //0x00001309 andq         %r10, %rsi
	0x48, 0xf7, 0xd6, //0x0000130c notq         %rsi
	0x48, 0x21, 0xf3, //0x0000130f andq         %rsi, %rbx
	0x4c, 0x8b, 0x7c, 0x24, 0x38, //0x00001312 movq         $56(%rsp), %r15
	0x48, 0x85, 0xdb, //0x00001317 testq        %rbx, %rbx
	0x0f, 0x84, 0x76, 0xff, 0xff, 0xff, //0x0000131a je           LBB0_83
	0xe9, 0x78, 0xfc, 0xff, 0xff, //0x00001320 jmp          LBB0_31
	//0x00001325 LBB0_92
	0x40, 0x80, 0xfe, 0x3a, //0x00001325 cmpb         $58, %sil
	0x0f, 0x85, 0x62, 0x38, 0x00, 0x00, //0x00001329 jne          LBB0_906
	0x49, 0xc7, 0x04, 0xca, 0x00, 0x00, 0x00, 0x00, //0x0000132f movq         $0, (%r10,%rcx,8)
	0xe9, 0x33, 0xfc, 0xff, 0xff, //0x00001337 jmp          LBB0_35
	//0x0000133c LBB0_94
	0x83, 0xfe, 0x2c, //0x0000133c cmpl         $44, %esi
	0x0f, 0x85, 0x2b, 0x00, 0x00, 0x00, //0x0000133f jne          LBB0_95
	0x48, 0x81, 0xf9, 0xff, 0x0f, 0x00, 0x00, //0x00001345 cmpq         $4095, %rcx
	0x0f, 0x8f, 0xee, 0x37, 0x00, 0x00, //0x0000134c jg           LBB0_877
	0x48, 0x8d, 0x41, 0x01, //0x00001352 leaq         $1(%rcx), %rax
	0x49, 0x89, 0x02, //0x00001356 movq         %rax, (%r10)
	0x49, 0xc7, 0x44, 0xca, 0x08, 0x03, 0x00, 0x00, 0x00, //0x00001359 movq         $3, $8(%r10,%rcx,8)
	0xe9, 0x08, 0xfc, 0xff, 0xff, //0x00001362 jmp          LBB0_35
	//0x00001367 LBB0_96
	0x83, 0xfe, 0x22, //0x00001367 cmpl         $34, %esi
	0x0f, 0x84, 0x6b, 0x04, 0x00, 0x00, //0x0000136a je           LBB0_160
	//0x00001370 LBB0_95
	0x83, 0xfe, 0x7d, //0x00001370 cmpl         $125, %esi
	0x0f, 0x85, 0x18, 0x38, 0x00, 0x00, //0x00001373 jne          LBB0_906
	//0x00001379 LBB0_72
	0x49, 0x89, 0x12, //0x00001379 movq         %rdx, (%r10)
	0x48, 0x89, 0xd1, //0x0000137c movq         %rdx, %rcx
	0x4d, 0x89, 0xf8, //0x0000137f movq         %r15, %r8
	0x48, 0x85, 0xd2, //0x00001382 testq        %rdx, %rdx
	0x0f, 0x85, 0x25, 0xfc, 0xff, 0xff, //0x00001385 jne          LBB0_37
	0xe9, 0x08, 0x38, 0x00, 0x00, //0x0000138b jmp          LBB0_907
	//0x00001390 LBB0_98
	0x49, 0x89, 0x12, //0x00001390 movq         %rdx, (%r10)
	0x83, 0xfe, 0x7b, //0x00001393 cmpl         $123, %esi
	0x0f, 0x87, 0xf5, 0x37, 0x00, 0x00, //0x00001396 ja           LBB0_906
	//0x0000139c LBB0_99
	0x4b, 0x8d, 0x04, 0x0b, //0x0000139c leaq         (%r11,%r9), %rax
	0x48, 0x89, 0x44, 0x24, 0x18, //0x000013a0 movq         %rax, $24(%rsp)
	0x89, 0xf0, //0x000013a5 movl         %esi, %eax
	0x48, 0x8d, 0x0d, 0x6e, 0x45, 0x00, 0x00, //0x000013a7 leaq         $17774(%rip), %rcx  /* LJTI0_8+0(%rip) */
	0x48, 0x63, 0x04, 0x81, //0x000013ae movslq       (%rcx,%rax,4), %rax
	0x48, 0x01, 0xc8, //0x000013b2 addq         %rcx, %rax
	0xff, 0xe0, //0x000013b5 jmpq         *%rax
	//0x000013b7 LBB0_100
	0x49, 0x8b, 0x5e, 0x08, //0x000013b7 movq         $8(%r14), %rbx
	0x4c, 0x29, 0xcb, //0x000013bb subq         %r9, %rbx
	0x0f, 0x84, 0xaf, 0x37, 0x00, 0x00, //0x000013be je           LBB0_858
	0x4c, 0x89, 0x74, 0x24, 0x78, //0x000013c4 movq         %r14, $120(%rsp)
	0x4c, 0x8b, 0x44, 0x24, 0x18, //0x000013c9 movq         $24(%rsp), %r8
	0x41, 0x80, 0x38, 0x30, //0x000013ce cmpb         $48, (%r8)
	0x0f, 0x85, 0x35, 0x00, 0x00, 0x00, //0x000013d2 jne          LBB0_105
	0x41, 0xbe, 0x01, 0x00, 0x00, 0x00, //0x000013d8 movl         $1, %r14d
	0x48, 0x83, 0xfb, 0x01, //0x000013de cmpq         $1, %rbx
	0x0f, 0x84, 0xfa, 0x0e, 0x00, 0x00, //0x000013e2 je           LBB0_278
	0x43, 0x8a, 0x04, 0x23, //0x000013e8 movb         (%r11,%r12), %al
	0x04, 0xd2, //0x000013ec addb         $-46, %al
	0x3c, 0x37, //0x000013ee cmpb         $55, %al
	0x0f, 0x87, 0xec, 0x0e, 0x00, 0x00, //0x000013f0 ja           LBB0_278
	0x0f, 0xb6, 0xc0, //0x000013f6 movzbl       %al, %eax
	0x48, 0xb9, 0x01, 0x00, 0x80, 0x00, 0x00, 0x00, 0x80, 0x00, //0x000013f9 movabsq      $36028797027352577, %rcx
	0x48, 0x0f, 0xa3, 0xc1, //0x00001403 btq          %rax, %rcx
	0x0f, 0x83, 0xd5, 0x0e, 0x00, 0x00, //0x00001407 jae          LBB0_278
	//0x0000140d LBB0_105
	0x4c, 0x89, 0x5c, 0x24, 0x30, //0x0000140d movq         %r11, $48(%rsp)
	0x49, 0xc7, 0xc4, 0xff, 0xff, 0xff, 0xff, //0x00001412 movq         $-1, %r12
	0x48, 0x83, 0xfb, 0x20, //0x00001419 cmpq         $32, %rbx
	0x0f, 0x82, 0x63, 0x1e, 0x00, 0x00, //0x0000141d jb           LBB0_471
	0x45, 0x31, 0xf6, //0x00001423 xorl         %r14d, %r14d
	0x49, 0xc7, 0xc2, 0xff, 0xff, 0xff, 0xff, //0x00001426 movq         $-1, %r10
	0x49, 0xc7, 0xc3, 0xff, 0xff, 0xff, 0xff, //0x0000142d movq         $-1, %r11
	0x90, 0x90, 0x90, 0x90, 0x90, 0x90, 0x90, 0x90, 0x90, 0x90, 0x90, 0x90, //0x00001434 .p2align 4, 0x90
	//0x00001440 LBB0_107
	0xc4, 0x81, 0x7e, 0x6f, 0x04, 0x30, //0x00001440 vmovdqu      (%r8,%r14), %ymm0
	0xc4, 0xc1, 0x7d, 0x64, 0xca, //0x00001446 vpcmpgtb     %ymm10, %ymm0, %ymm1
	0xc5, 0xa5, 0x64, 0xd0, //0x0000144b vpcmpgtb     %ymm0, %ymm11, %ymm2
	0xc5, 0xed, 0xdb, 0xc9, //0x0000144f vpand        %ymm1, %ymm2, %ymm1
	0xc5, 0x9d, 0x74, 0xd0, //0x00001453 vpcmpeqb     %ymm0, %ymm12, %ymm2
	0xc5, 0x95, 0x74, 0xd8, //0x00001457 vpcmpeqb     %ymm0, %ymm13, %ymm3
	0xc5, 0xe5, 0xeb, 0xd2, //0x0000145b vpor         %ymm2, %ymm3, %ymm2
	0xc5, 0x8d, 0xdb, 0xd8, //0x0000145f vpand        %ymm0, %ymm14, %ymm3
	0xc5, 0x85, 0x74, 0xc0, //0x00001463 vpcmpeqb     %ymm0, %ymm15, %ymm0
	0xc5, 0xfd, 0xd7, 0xf8, //0x00001467 vpmovmskb    %ymm0, %edi
	0xc5, 0xe5, 0x74, 0xdc, //0x0000146b vpcmpeqb     %ymm4, %ymm3, %ymm3
	0xc5, 0xfd, 0xd7, 0xd3, //0x0000146f vpmovmskb    %ymm3, %edx
	0xc5, 0xfd, 0xd7, 0xf2, //0x00001473 vpmovmskb    %ymm2, %esi
	0xc5, 0xf5, 0xeb, 0xc0, //0x00001477 vpor         %ymm0, %ymm1, %ymm0
	0xc5, 0xe5, 0xeb, 0xca, //0x0000147b vpor         %ymm2, %ymm3, %ymm1
	0xc5, 0xfd, 0xeb, 0xc1, //0x0000147f vpor         %ymm1, %ymm0, %ymm0
	0xc5, 0xfd, 0xd7, 0xc0, //0x00001483 vpmovmskb    %ymm0, %eax
	0x48, 0xf7, 0xd0, //0x00001487 notq         %rax
	0x48, 0x0f, 0xbc, 0xc8, //0x0000148a bsfq         %rax, %rcx
	0x83, 0xf9, 0x20, //0x0000148e cmpl         $32, %ecx
	0x0f, 0x84, 0x11, 0x00, 0x00, 0x00, //0x00001491 je           LBB0_109
	0xb8, 0xff, 0xff, 0xff, 0xff, //0x00001497 movl         $-1, %eax
	0xd3, 0xe0, //0x0000149c shll         %cl, %eax
	0xf7, 0xd0, //0x0000149e notl         %eax
	0x21, 0xc7, //0x000014a0 andl         %eax, %edi
	0x21, 0xc2, //0x000014a2 andl         %eax, %edx
	0x21, 0xf0, //0x000014a4 andl         %esi, %eax
	0x89, 0xc6, //0x000014a6 movl         %eax, %esi
	//0x000014a8 LBB0_109
	0x8d, 0x47, 0xff, //0x000014a8 leal         $-1(%rdi), %eax
	0x21, 0xf8, //0x000014ab andl         %edi, %eax
	0x0f, 0x85, 0x27, 0x19, 0x00, 0x00, //0x000014ad jne          LBB0_430
	0x8d, 0x42, 0xff, //0x000014b3 leal         $-1(%rdx), %eax
	0x21, 0xd0, //0x000014b6 andl         %edx, %eax
	0x0f, 0x85, 0x1c, 0x19, 0x00, 0x00, //0x000014b8 jne          LBB0_430
	0x8d, 0x46, 0xff, //0x000014be leal         $-1(%rsi), %eax
	0x21, 0xf0, //0x000014c1 andl         %esi, %eax
	0x0f, 0x85, 0x11, 0x19, 0x00, 0x00, //0x000014c3 jne          LBB0_430
	0x85, 0xff, //0x000014c9 testl        %edi, %edi
	0x0f, 0x84, 0x13, 0x00, 0x00, 0x00, //0x000014cb je           LBB0_115
	0x0f, 0xbc, 0xff, //0x000014d1 bsfl         %edi, %edi
	0x49, 0x83, 0xfb, 0xff, //0x000014d4 cmpq         $-1, %r11
	0x0f, 0x85, 0x12, 0x1c, 0x00, 0x00, //0x000014d8 jne          LBB0_451
	0x4c, 0x01, 0xf7, //0x000014de addq         %r14, %rdi
	0x49, 0x89, 0xfb, //0x000014e1 movq         %rdi, %r11
	//0x000014e4 LBB0_115
	0x85, 0xd2, //0x000014e4 testl        %edx, %edx
	0x0f, 0x84, 0x13, 0x00, 0x00, 0x00, //0x000014e6 je           LBB0_118
	0x0f, 0xbc, 0xd2, //0x000014ec bsfl         %edx, %edx
	0x49, 0x83, 0xfa, 0xff, //0x000014ef cmpq         $-1, %r10
	0x0f, 0x85, 0x90, 0x1b, 0x00, 0x00, //0x000014f3 jne          LBB0_449
	0x4c, 0x01, 0xf2, //0x000014f9 addq         %r14, %rdx
	0x49, 0x89, 0xd2, //0x000014fc movq         %rdx, %r10
	//0x000014ff LBB0_118
	0x85, 0xf6, //0x000014ff testl        %esi, %esi
	0x0f, 0x84, 0x13, 0x00, 0x00, 0x00, //0x00001501 je           LBB0_121
	0x0f, 0xbc, 0xd6, //0x00001507 bsfl         %esi, %edx
	0x49, 0x83, 0xfc, 0xff, //0x0000150a cmpq         $-1, %r12
	0x0f, 0x85, 0x75, 0x1b, 0x00, 0x00, //0x0000150e jne          LBB0_449
	0x4c, 0x01, 0xf2, //0x00001514 addq         %r14, %rdx
	0x49, 0x89, 0xd4, //0x00001517 movq         %rdx, %r12
	//0x0000151a LBB0_121
	0x83, 0xf9, 0x20, //0x0000151a cmpl         $32, %ecx
	0x0f, 0x85, 0x0c, 0x08, 0x00, 0x00, //0x0000151d jne          LBB0_219
	0x48, 0x83, 0xc3, 0xe0, //0x00001523 addq         $-32, %rbx
	0x49, 0x83, 0xc6, 0x20, //0x00001527 addq         $32, %r14
	0x48, 0x83, 0xfb, 0x1f, //0x0000152b cmpq         $31, %rbx
	0x0f, 0x87, 0x0b, 0xff, 0xff, 0xff, //0x0000152f ja           LBB0_107
	0xc5, 0xf8, 0x77, //0x00001535 vzeroupper
	0xc5, 0x7e, 0x6f, 0x3d, 0x80, 0xec, 0xff, 0xff, //0x00001538 vmovdqu      $-4992(%rip), %ymm15  /* LCPI0_18+0(%rip) */
	0xc5, 0x7e, 0x6f, 0x35, 0xf8, 0xea, 0xff, 0xff, //0x00001540 vmovdqu      $-5384(%rip), %ymm14  /* LCPI0_2+0(%rip) */
	0xc5, 0x7e, 0x6f, 0x2d, 0x50, 0xec, 0xff, 0xff, //0x00001548 vmovdqu      $-5040(%rip), %ymm13  /* LCPI0_17+0(%rip) */
	0xc5, 0x7e, 0x6f, 0x25, 0x28, 0xec, 0xff, 0xff, //0x00001550 vmovdqu      $-5080(%rip), %ymm12  /* LCPI0_16+0(%rip) */
	0xc5, 0x7e, 0x6f, 0x1d, 0x00, 0xec, 0xff, 0xff, //0x00001558 vmovdqu      $-5120(%rip), %ymm11  /* LCPI0_15+0(%rip) */
	0xc5, 0x7e, 0x6f, 0x15, 0xd8, 0xeb, 0xff, 0xff, //0x00001560 vmovdqu      $-5160(%rip), %ymm10  /* LCPI0_14+0(%rip) */
	0xc4, 0x41, 0x35, 0x76, 0xc9, //0x00001568 vpcmpeqd     %ymm9, %ymm9, %ymm9
	0xc5, 0x7e, 0x6f, 0x05, 0xab, 0xeb, 0xff, 0xff, //0x0000156d vmovdqu      $-5205(%rip), %ymm8  /* LCPI0_13+0(%rip) */
	0xc5, 0xfe, 0x6f, 0x3d, 0x23, 0xeb, 0xff, 0xff, //0x00001575 vmovdqu      $-5341(%rip), %ymm7  /* LCPI0_8+0(%rip) */
	0xc5, 0xfe, 0x6f, 0x35, 0xfb, 0xea, 0xff, 0xff, //0x0000157d vmovdqu      $-5381(%rip), %ymm6  /* LCPI0_7+0(%rip) */
	0xc5, 0xfe, 0x6f, 0x2d, 0x73, 0xea, 0xff, 0xff, //0x00001585 vmovdqu      $-5517(%rip), %ymm5  /* LCPI0_0+0(%rip) */
	0x4d, 0x01, 0xc6, //0x0000158d addq         %r8, %r14
	0x48, 0x83, 0xfb, 0x10, //0x00001590 cmpq         $16, %rbx
	0x0f, 0x82, 0x72, 0x01, 0x00, 0x00, //0x00001594 jb           LBB0_143
	//0x0000159a LBB0_124
	0x4d, 0x89, 0xf7, //0x0000159a movq         %r14, %r15
	0x4d, 0x29, 0xc7, //0x0000159d subq         %r8, %r15
	0x45, 0x31, 0xed, //0x000015a0 xorl         %r13d, %r13d
	0x90, 0x90, 0x90, 0x90, 0x90, 0x90, 0x90, 0x90, 0x90, 0x90, 0x90, 0x90, 0x90, //0x000015a3 .p2align 4, 0x90
	//0x000015b0 LBB0_125
	0xc4, 0x81, 0x7a, 0x6f, 0x04, 0x2e, //0x000015b0 vmovdqu      (%r14,%r13), %xmm0
	0xc5, 0xf9, 0x64, 0x0d, 0x82, 0xec, 0xff, 0xff, //0x000015b6 vpcmpgtb     $-4990(%rip), %xmm0, %xmm1  /* LCPI0_20+0(%rip) */
	0xc5, 0xfa, 0x6f, 0x15, 0x8a, 0xec, 0xff, 0xff, //0x000015be vmovdqu      $-4982(%rip), %xmm2  /* LCPI0_21+0(%rip) */
	0xc5, 0xe9, 0x64, 0xd0, //0x000015c6 vpcmpgtb     %xmm0, %xmm2, %xmm2
	0xc5, 0xf1, 0xdb, 0xca, //0x000015ca vpand        %xmm2, %xmm1, %xmm1
	0xc5, 0xf9, 0x74, 0x15, 0x8a, 0xec, 0xff, 0xff, //0x000015ce vpcmpeqb     $-4982(%rip), %xmm0, %xmm2  /* LCPI0_22+0(%rip) */
	0xc5, 0xf9, 0x74, 0x1d, 0x92, 0xec, 0xff, 0xff, //0x000015d6 vpcmpeqb     $-4974(%rip), %xmm0, %xmm3  /* LCPI0_23+0(%rip) */
	0xc5, 0xe1, 0xeb, 0xd2, //0x000015de vpor         %xmm2, %xmm3, %xmm2
	0xc5, 0xf9, 0xdb, 0x1d, 0x26, 0xec, 0xff, 0xff, //0x000015e2 vpand        $-5082(%rip), %xmm0, %xmm3  /* LCPI0_5+0(%rip) */
	0xc5, 0xf9, 0x74, 0x05, 0x8e, 0xec, 0xff, 0xff, //0x000015ea vpcmpeqb     $-4978(%rip), %xmm0, %xmm0  /* LCPI0_24+0(%rip) */
	0xc5, 0xe1, 0x74, 0x1d, 0x96, 0xec, 0xff, 0xff, //0x000015f2 vpcmpeqb     $-4970(%rip), %xmm3, %xmm3  /* LCPI0_25+0(%rip) */
	0xc5, 0xe1, 0xeb, 0xe0, //0x000015fa vpor         %xmm0, %xmm3, %xmm4
	0xc5, 0xe9, 0xeb, 0xc9, //0x000015fe vpor         %xmm1, %xmm2, %xmm1
	0xc5, 0xd9, 0xeb, 0xc9, //0x00001602 vpor         %xmm1, %xmm4, %xmm1
	0xc5, 0xf9, 0xd7, 0xf0, //0x00001606 vpmovmskb    %xmm0, %esi
	0xc5, 0xf9, 0xd7, 0xfb, //0x0000160a vpmovmskb    %xmm3, %edi
	0xc5, 0xf9, 0xd7, 0xd2, //0x0000160e vpmovmskb    %xmm2, %edx
	0xc5, 0xf9, 0xd7, 0xc1, //0x00001612 vpmovmskb    %xmm1, %eax
	0xf7, 0xd0, //0x00001616 notl         %eax
	0x0f, 0xbc, 0xc8, //0x00001618 bsfl         %eax, %ecx
	0x83, 0xf9, 0x10, //0x0000161b cmpl         $16, %ecx
	0x0f, 0x84, 0x11, 0x00, 0x00, 0x00, //0x0000161e je           LBB0_127
	0xb8, 0xff, 0xff, 0xff, 0xff, //0x00001624 movl         $-1, %eax
	0xd3, 0xe0, //0x00001629 shll         %cl, %eax
	0xf7, 0xd0, //0x0000162b notl         %eax
	0x21, 0xc6, //0x0000162d andl         %eax, %esi
	0x21, 0xc7, //0x0000162f andl         %eax, %edi
	0x21, 0xd0, //0x00001631 andl         %edx, %eax
	0x89, 0xc2, //0x00001633 movl         %eax, %edx
	//0x00001635 LBB0_127
	0xc5, 0xfe, 0x6f, 0x25, 0xa3, 0xeb, 0xff, 0xff, //0x00001635 vmovdqu      $-5213(%rip), %ymm4  /* LCPI0_19+0(%rip) */
	0x44, 0x8d, 0x46, 0xff, //0x0000163d leal         $-1(%rsi), %r8d
	0x41, 0x21, 0xf0, //0x00001641 andl         %esi, %r8d
	0x0f, 0x85, 0xcb, 0x1a, 0x00, 0x00, //0x00001644 jne          LBB0_455
	0x8d, 0x47, 0xff, //0x0000164a leal         $-1(%rdi), %eax
	0x21, 0xf8, //0x0000164d andl         %edi, %eax
	0x0f, 0x85, 0x3b, 0x1a, 0x00, 0x00, //0x0000164f jne          LBB0_450
	0x8d, 0x42, 0xff, //0x00001655 leal         $-1(%rdx), %eax
	0x21, 0xd0, //0x00001658 andl         %edx, %eax
	0x0f, 0x85, 0x30, 0x1a, 0x00, 0x00, //0x0000165a jne          LBB0_450
	0x85, 0xf6, //0x00001660 testl        %esi, %esi
	0x0f, 0x84, 0x58, 0x00, 0x00, 0x00, //0x00001662 je           LBB0_136
	0x0f, 0xbc, 0xf6, //0x00001668 bsfl         %esi, %esi
	0x49, 0x83, 0xfb, 0xff, //0x0000166b cmpq         $-1, %r11
	0x4c, 0x8b, 0x44, 0x24, 0x18, //0x0000166f movq         $24(%rsp), %r8
	0x0f, 0x85, 0x83, 0x1a, 0x00, 0x00, //0x00001674 jne          LBB0_453
	0x4c, 0x01, 0xfe, //0x0000167a addq         %r15, %rsi
	0x4c, 0x01, 0xee, //0x0000167d addq         %r13, %rsi
	0x49, 0x89, 0xf3, //0x00001680 movq         %rsi, %r11
	0x85, 0xff, //0x00001683 testl        %edi, %edi
	0x0f, 0x84, 0x45, 0x00, 0x00, 0x00, //0x00001685 je           LBB0_133
	//0x0000168b LBB0_137
	0x0f, 0xbc, 0xf7, //0x0000168b bsfl         %edi, %esi
	0x49, 0x83, 0xfa, 0xff, //0x0000168e cmpq         $-1, %r10
	0x0f, 0x85, 0x65, 0x1a, 0x00, 0x00, //0x00001692 jne          LBB0_453
	0x4c, 0x01, 0xfe, //0x00001698 addq         %r15, %rsi
	0x4c, 0x01, 0xee, //0x0000169b addq         %r13, %rsi
	0x49, 0x89, 0xf2, //0x0000169e movq         %rsi, %r10
	0x85, 0xd2, //0x000016a1 testl        %edx, %edx
	0x0f, 0x85, 0x2f, 0x00, 0x00, 0x00, //0x000016a3 jne          LBB0_139
	//0x000016a9 LBB0_134
	0x83, 0xf9, 0x10, //0x000016a9 cmpl         $16, %ecx
	0x0f, 0x84, 0x45, 0x00, 0x00, 0x00, //0x000016ac je           LBB0_141
	0xe9, 0xd1, 0x0a, 0x00, 0x00, //0x000016b2 jmp          LBB0_135
	0x90, 0x90, 0x90, 0x90, 0x90, 0x90, 0x90, 0x90, 0x90, //0x000016b7 .p2align 4, 0x90
	//0x000016c0 LBB0_136
	0x4c, 0x8b, 0x44, 0x24, 0x18, //0x000016c0 movq         $24(%rsp), %r8
	0x85, 0xff, //0x000016c5 testl        %edi, %edi
	0x0f, 0x85, 0xbe, 0xff, 0xff, 0xff, //0x000016c7 jne          LBB0_137
	0x90, 0x90, 0x90, //0x000016cd .p2align 4, 0x90
	//0x000016d0 LBB0_133
	0x85, 0xd2, //0x000016d0 testl        %edx, %edx
	0x0f, 0x84, 0xd1, 0xff, 0xff, 0xff, //0x000016d2 je           LBB0_134
	//0x000016d8 LBB0_139
	0x0f, 0xbc, 0xd2, //0x000016d8 bsfl         %edx, %edx
	0x49, 0x83, 0xfc, 0xff, //0x000016db cmpq         $-1, %r12
	0x0f, 0x85, 0x5d, 0x1a, 0x00, 0x00, //0x000016df jne          LBB0_458
	0x4c, 0x01, 0xfa, //0x000016e5 addq         %r15, %rdx
	0x4c, 0x01, 0xea, //0x000016e8 addq         %r13, %rdx
	0x49, 0x89, 0xd4, //0x000016eb movq         %rdx, %r12
	0x83, 0xf9, 0x10, //0x000016ee cmpl         $16, %ecx
	0x0f, 0x85, 0x91, 0x0a, 0x00, 0x00, //0x000016f1 jne          LBB0_135
	//0x000016f7 LBB0_141
	0x48, 0x83, 0xc3, 0xf0, //0x000016f7 addq         $-16, %rbx
	0x49, 0x83, 0xc5, 0x10, //0x000016fb addq         $16, %r13
	0x48, 0x83, 0xfb, 0x0f, //0x000016ff cmpq         $15, %rbx
	0x0f, 0x87, 0xa7, 0xfe, 0xff, 0xff, //0x00001703 ja           LBB0_125
	0x4d, 0x01, 0xee, //0x00001709 addq         %r13, %r14
	//0x0000170c LBB0_143
	0x48, 0x85, 0xdb, //0x0000170c testq        %rbx, %rbx
	0x4c, 0x8b, 0x6c, 0x24, 0x20, //0x0000170f movq         $32(%rsp), %r13
	0x4c, 0x8b, 0x7c, 0x24, 0x38, //0x00001714 movq         $56(%rsp), %r15
	0xc5, 0xfe, 0x6f, 0x25, 0xbf, 0xea, 0xff, 0xff, //0x00001719 vmovdqu      $-5441(%rip), %ymm4  /* LCPI0_19+0(%rip) */
	0x0f, 0x84, 0x8b, 0x0a, 0x00, 0x00, //0x00001721 je           LBB0_266
	0x49, 0x8d, 0x14, 0x1e, //0x00001727 leaq         (%r14,%rbx), %rdx
	0x4c, 0x89, 0xf6, //0x0000172b movq         %r14, %rsi
	0x4c, 0x29, 0xc6, //0x0000172e subq         %r8, %rsi
	0x31, 0xc9, //0x00001731 xorl         %ecx, %ecx
	0xe9, 0x25, 0x00, 0x00, 0x00, //0x00001733 jmp          LBB0_148
	//0x00001738 LBB0_145
	0x49, 0x83, 0xfc, 0xff, //0x00001738 cmpq         $-1, %r12
	0x0f, 0x85, 0x2e, 0x19, 0x00, 0x00, //0x0000173c jne          LBB0_448
	0x4c, 0x8d, 0x24, 0x0e, //0x00001742 leaq         (%rsi,%rcx), %r12
	0x90, 0x90, 0x90, 0x90, 0x90, 0x90, 0x90, 0x90, 0x90, 0x90, //0x00001746 .p2align 4, 0x90
	//0x00001750 LBB0_147
	0x48, 0x83, 0xc1, 0x01, //0x00001750 addq         $1, %rcx
	0x48, 0x39, 0xcb, //0x00001754 cmpq         %rcx, %rbx
	0x0f, 0x84, 0x18, 0x16, 0x00, 0x00, //0x00001757 je           LBB0_421
	//0x0000175d LBB0_148
	0x41, 0x0f, 0xbe, 0x3c, 0x0e, //0x0000175d movsbl       (%r14,%rcx), %edi
	0x8d, 0x47, 0xd0, //0x00001762 leal         $-48(%rdi), %eax
	0x83, 0xf8, 0x0a, //0x00001765 cmpl         $10, %eax
	0x0f, 0x82, 0xe2, 0xff, 0xff, 0xff, //0x00001768 jb           LBB0_147
	0x8d, 0x47, 0xd5, //0x0000176e leal         $-43(%rdi), %eax
	0x83, 0xf8, 0x1a, //0x00001771 cmpl         $26, %eax
	0x0f, 0x87, 0x23, 0x00, 0x00, 0x00, //0x00001774 ja           LBB0_153
	0x48, 0x8d, 0x3d, 0xe7, 0x47, 0x00, 0x00, //0x0000177a leaq         $18407(%rip), %rdi  /* LJTI0_13+0(%rip) */
	0x48, 0x63, 0x04, 0x87, //0x00001781 movslq       (%rdi,%rax,4), %rax
	0x48, 0x01, 0xf8, //0x00001785 addq         %rdi, %rax
	0xff, 0xe0, //0x00001788 jmpq         *%rax
	//0x0000178a LBB0_151
	0x49, 0x83, 0xfb, 0xff, //0x0000178a cmpq         $-1, %r11
	0x0f, 0x85, 0xdc, 0x18, 0x00, 0x00, //0x0000178e jne          LBB0_448
	0x4c, 0x8d, 0x1c, 0x0e, //0x00001794 leaq         (%rsi,%rcx), %r11
	0xe9, 0xb3, 0xff, 0xff, 0xff, //0x00001798 jmp          LBB0_147
	//0x0000179d LBB0_153
	0x83, 0xff, 0x65, //0x0000179d cmpl         $101, %edi
	0x0f, 0x85, 0x09, 0x0a, 0x00, 0x00, //0x000017a0 jne          LBB0_265
	//0x000017a6 LBB0_154
	0x49, 0x83, 0xfa, 0xff, //0x000017a6 cmpq         $-1, %r10
	0x0f, 0x85, 0xc0, 0x18, 0x00, 0x00, //0x000017aa jne          LBB0_448
	0x4c, 0x8d, 0x14, 0x0e, //0x000017b0 leaq         (%rsi,%rcx), %r10
	0xe9, 0x97, 0xff, 0xff, 0xff, //0x000017b4 jmp          LBB0_147
	//0x000017b9 LBB0_156
	0x48, 0x81, 0xf9, 0xff, 0x0f, 0x00, 0x00, //0x000017b9 cmpq         $4095, %rcx
	0x0f, 0x8f, 0x7a, 0x33, 0x00, 0x00, //0x000017c0 jg           LBB0_877
	0x48, 0x8d, 0x41, 0x01, //0x000017c6 leaq         $1(%rcx), %rax
	0x49, 0x89, 0x02, //0x000017ca movq         %rax, (%r10)
	0x49, 0xc7, 0x44, 0xca, 0x08, 0x00, 0x00, 0x00, 0x00, //0x000017cd movq         $0, $8(%r10,%rcx,8)
	0xe9, 0x94, 0xf7, 0xff, 0xff, //0x000017d6 jmp          LBB0_35
	//0x000017db LBB0_160
	0x49, 0xc7, 0x04, 0xca, 0x02, 0x00, 0x00, 0x00, //0x000017db movq         $2, (%r10,%rcx,8)
	0x49, 0x8b, 0x4e, 0x08, //0x000017e3 movq         $8(%r14), %rcx
	0x48, 0x8b, 0x84, 0x24, 0x98, 0x00, 0x00, 0x00, //0x000017e7 movq         $152(%rsp), %rax
	0xa8, 0x20, //0x000017ef testb        $32, %al
	0x48, 0x89, 0x4c, 0x24, 0x50, //0x000017f1 movq         %rcx, $80(%rsp)
	0x0f, 0x85, 0x54, 0x05, 0x00, 0x00, //0x000017f6 jne          LBB0_220
	0x4c, 0x29, 0xe1, //0x000017fc subq         %r12, %rcx
	0x0f, 0x84, 0xba, 0x35, 0x00, 0x00, //0x000017ff je           LBB0_903
	0x48, 0x83, 0xf9, 0x40, //0x00001805 cmpq         $64, %rcx
	0x0f, 0x82, 0xa2, 0x1b, 0x00, 0x00, //0x00001809 jb           LBB0_484
	0x48, 0xc7, 0xc7, 0xfe, 0xff, 0xff, 0xff, //0x0000180f movq         $-2, %rdi
	0x4c, 0x29, 0xcf, //0x00001816 subq         %r9, %rdi
	0x4d, 0x8d, 0x61, 0x01, //0x00001819 leaq         $1(%r9), %r12
	0x48, 0xc7, 0x44, 0x24, 0x18, 0xff, 0xff, 0xff, 0xff, //0x0000181d movq         $-1, $24(%rsp)
	0x45, 0x31, 0xc0, //0x00001826 xorl         %r8d, %r8d
	0x90, 0x90, 0x90, 0x90, 0x90, 0x90, 0x90, //0x00001829 .p2align 4, 0x90
	//0x00001830 LBB0_164
	0xc4, 0x81, 0x7e, 0x6f, 0x04, 0x23, //0x00001830 vmovdqu      (%r11,%r12), %ymm0
	0xc4, 0x81, 0x7e, 0x6f, 0x4c, 0x23, 0x20, //0x00001836 vmovdqu      $32(%r11,%r12), %ymm1
	0xc5, 0xfd, 0x74, 0xd6, //0x0000183d vpcmpeqb     %ymm6, %ymm0, %ymm2
	0xc5, 0xfd, 0xd7, 0xda, //0x00001841 vpmovmskb    %ymm2, %ebx
	0xc5, 0xf5, 0x74, 0xd6, //0x00001845 vpcmpeqb     %ymm6, %ymm1, %ymm2
	0xc5, 0xfd, 0xd7, 0xc2, //0x00001849 vpmovmskb    %ymm2, %eax
	0xc5, 0xfd, 0x74, 0xc7, //0x0000184d vpcmpeqb     %ymm7, %ymm0, %ymm0
	0xc5, 0xfd, 0xd7, 0xd0, //0x00001851 vpmovmskb    %ymm0, %edx
	0xc5, 0xf5, 0x74, 0xc7, //0x00001855 vpcmpeqb     %ymm7, %ymm1, %ymm0
	0xc5, 0xfd, 0xd7, 0xf0, //0x00001859 vpmovmskb    %ymm0, %esi
	0x48, 0xc1, 0xe0, 0x20, //0x0000185d shlq         $32, %rax
	0x48, 0x09, 0xc3, //0x00001861 orq          %rax, %rbx
	0x48, 0xc1, 0xe6, 0x20, //0x00001864 shlq         $32, %rsi
	0x48, 0x09, 0xf2, //0x00001868 orq          %rsi, %rdx
	0x0f, 0x85, 0x30, 0x00, 0x00, 0x00, //0x0000186b jne          LBB0_173
	0x4d, 0x85, 0xc0, //0x00001871 testq        %r8, %r8
	0x0f, 0x85, 0x3f, 0x00, 0x00, 0x00, //0x00001874 jne          LBB0_175
	0x45, 0x31, 0xc0, //0x0000187a xorl         %r8d, %r8d
	0x48, 0x85, 0xdb, //0x0000187d testq        %rbx, %rbx
	0x0f, 0x85, 0x8a, 0x00, 0x00, 0x00, //0x00001880 jne          LBB0_176
	//0x00001886 LBB0_167
	0x48, 0x83, 0xc1, 0xc0, //0x00001886 addq         $-64, %rcx
	0x48, 0x83, 0xc7, 0xc0, //0x0000188a addq         $-64, %rdi
	0x49, 0x83, 0xc4, 0x40, //0x0000188e addq         $64, %r12
	0x48, 0x83, 0xf9, 0x3f, //0x00001892 cmpq         $63, %rcx
	0x0f, 0x87, 0x94, 0xff, 0xff, 0xff, //0x00001896 ja           LBB0_164
	0xe9, 0xf7, 0x17, 0x00, 0x00, //0x0000189c jmp          LBB0_168
	//0x000018a1 LBB0_173
	0x48, 0x83, 0x7c, 0x24, 0x18, 0xff, //0x000018a1 cmpq         $-1, $24(%rsp)
	0x0f, 0x85, 0x0c, 0x00, 0x00, 0x00, //0x000018a7 jne          LBB0_175
	0x48, 0x0f, 0xbc, 0xf2, //0x000018ad bsfq         %rdx, %rsi
	0x4c, 0x01, 0xe6, //0x000018b1 addq         %r12, %rsi
	0x48, 0x89, 0x74, 0x24, 0x18, //0x000018b4 movq         %rsi, $24(%rsp)
	//0x000018b9 LBB0_175
	0x4c, 0x89, 0xc0, //0x000018b9 movq         %r8, %rax
	0x48, 0xf7, 0xd0, //0x000018bc notq         %rax
	0x48, 0x21, 0xd0, //0x000018bf andq         %rdx, %rax
	0x4c, 0x8d, 0x14, 0x00, //0x000018c2 leaq         (%rax,%rax), %r10
	0x4d, 0x09, 0xc2, //0x000018c6 orq          %r8, %r10
	0x4c, 0x89, 0xd6, //0x000018c9 movq         %r10, %rsi
	0x48, 0xf7, 0xd6, //0x000018cc notq         %rsi
	0x48, 0x21, 0xd6, //0x000018cf andq         %rdx, %rsi
	0x48, 0xba, 0xaa, 0xaa, 0xaa, 0xaa, 0xaa, 0xaa, 0xaa, 0xaa, //0x000018d2 movabsq      $-6148914691236517206, %rdx
	0x48, 0x21, 0xd6, //0x000018dc andq         %rdx, %rsi
	0x45, 0x31, 0xc0, //0x000018df xorl         %r8d, %r8d
	0x48, 0x01, 0xc6, //0x000018e2 addq         %rax, %rsi
	0x41, 0x0f, 0x92, 0xc0, //0x000018e5 setb         %r8b
	0x48, 0x01, 0xf6, //0x000018e9 addq         %rsi, %rsi
	0x48, 0xb8, 0x55, 0x55, 0x55, 0x55, 0x55, 0x55, 0x55, 0x55, //0x000018ec movabsq      $6148914691236517205, %rax
	0x48, 0x31, 0xc6, //0x000018f6 xorq         %rax, %rsi
	0x4c, 0x21, 0xd6, //0x000018f9 andq         %r10, %rsi
	0x48, 0xf7, 0xd6, //0x000018fc notq         %rsi
	0x48, 0x21, 0xf3, //0x000018ff andq         %rsi, %rbx
	0x4c, 0x8b, 0x7c, 0x24, 0x38, //0x00001902 movq         $56(%rsp), %r15
	0x48, 0x85, 0xdb, //0x00001907 testq        %rbx, %rbx
	0x0f, 0x84, 0x76, 0xff, 0xff, 0xff, //0x0000190a je           LBB0_167
	//0x00001910 LBB0_176
	0x4c, 0x0f, 0xbc, 0xe3, //0x00001910 bsfq         %rbx, %r12
	0x49, 0x29, 0xfc, //0x00001914 subq         %rdi, %r12
	0x4c, 0x8b, 0x54, 0x24, 0x48, //0x00001917 movq         $72(%rsp), %r10
	0xe9, 0x37, 0x0a, 0x00, 0x00, //0x0000191c jmp          LBB0_286
	//0x00001921 LBB0_177
	0x49, 0x89, 0xcd, //0x00001921 movq         %rcx, %r13
	0x4d, 0x29, 0xe5, //0x00001924 subq         %r12, %r13
	0x0f, 0x84, 0x71, 0x34, 0x00, 0x00, //0x00001927 je           LBB0_899
	0x4f, 0x8d, 0x14, 0x23, //0x0000192d leaq         (%r11,%r12), %r10
	0x49, 0x83, 0xfd, 0x40, //0x00001931 cmpq         $64, %r13
	0x0f, 0x82, 0xf0, 0x19, 0x00, 0x00, //0x00001935 jb           LBB0_474
	0x48, 0xc7, 0x44, 0x24, 0x18, 0xff, 0xff, 0xff, 0xff, //0x0000193b movq         $-1, $24(%rsp)
	0x45, 0x31, 0xff, //0x00001944 xorl         %r15d, %r15d
	0x90, 0x90, 0x90, 0x90, 0x90, 0x90, 0x90, 0x90, 0x90, //0x00001947 .p2align 4, 0x90
	//0x00001950 LBB0_180
	0xc4, 0xc1, 0x7e, 0x6f, 0x02, //0x00001950 vmovdqu      (%r10), %ymm0
	0xc4, 0xc1, 0x7e, 0x6f, 0x4a, 0x20, //0x00001955 vmovdqu      $32(%r10), %ymm1
	0xc5, 0xfd, 0x74, 0xd6, //0x0000195b vpcmpeqb     %ymm6, %ymm0, %ymm2
	0xc5, 0xfd, 0xd7, 0xda, //0x0000195f vpmovmskb    %ymm2, %ebx
	0xc5, 0xf5, 0x74, 0xd6, //0x00001963 vpcmpeqb     %ymm6, %ymm1, %ymm2
	0xc5, 0xfd, 0xd7, 0xc2, //0x00001967 vpmovmskb    %ymm2, %eax
	0xc5, 0xfd, 0x74, 0xd7, //0x0000196b vpcmpeqb     %ymm7, %ymm0, %ymm2
	0xc5, 0xfd, 0xd7, 0xca, //0x0000196f vpmovmskb    %ymm2, %ecx
	0xc5, 0xf5, 0x74, 0xd7, //0x00001973 vpcmpeqb     %ymm7, %ymm1, %ymm2
	0xc5, 0xfd, 0xd7, 0xd2, //0x00001977 vpmovmskb    %ymm2, %edx
	0x48, 0xc1, 0xe0, 0x20, //0x0000197b shlq         $32, %rax
	0x48, 0x09, 0xc3, //0x0000197f orq          %rax, %rbx
	0x48, 0xc1, 0xe2, 0x20, //0x00001982 shlq         $32, %rdx
	0x48, 0x09, 0xd1, //0x00001986 orq          %rdx, %rcx
	0x0f, 0x85, 0x30, 0x00, 0x00, 0x00, //0x00001989 jne          LBB0_190
	0x4d, 0x85, 0xff, //0x0000198f testq        %r15, %r15
	0x0f, 0x85, 0x45, 0x00, 0x00, 0x00, //0x00001992 jne          LBB0_192
	0x45, 0x31, 0xff, //0x00001998 xorl         %r15d, %r15d
	0x45, 0x31, 0xc0, //0x0000199b xorl         %r8d, %r8d
	0x48, 0x85, 0xdb, //0x0000199e testq        %rbx, %rbx
	0x0f, 0x84, 0x89, 0x00, 0x00, 0x00, //0x000019a1 je           LBB0_193
	//0x000019a7 LBB0_183
	0x48, 0x0f, 0xbc, 0xf3, //0x000019a7 bsfq         %rbx, %rsi
	0x4c, 0x89, 0xd1, //0x000019ab movq         %r10, %rcx
	0x4c, 0x29, 0xd9, //0x000019ae subq         %r11, %rcx
	0x4d, 0x85, 0xc0, //0x000019b1 testq        %r8, %r8
	0x0f, 0x84, 0x8a, 0x00, 0x00, 0x00, //0x000019b4 je           LBB0_194
	0xe9, 0xd7, 0x00, 0x00, 0x00, //0x000019ba jmp          LBB0_184
	//0x000019bf LBB0_190
	0x48, 0x83, 0x7c, 0x24, 0x18, 0xff, //0x000019bf cmpq         $-1, $24(%rsp)
	0x0f, 0x85, 0x12, 0x00, 0x00, 0x00, //0x000019c5 jne          LBB0_192
	0x4c, 0x89, 0xd0, //0x000019cb movq         %r10, %rax
	0x4c, 0x29, 0xd8, //0x000019ce subq         %r11, %rax
	0x48, 0x0f, 0xbc, 0xd1, //0x000019d1 bsfq         %rcx, %rdx
	0x48, 0x01, 0xc2, //0x000019d5 addq         %rax, %rdx
	0x48, 0x89, 0x54, 0x24, 0x18, //0x000019d8 movq         %rdx, $24(%rsp)
	//0x000019dd LBB0_192
	0x4d, 0x89, 0xf8, //0x000019dd movq         %r15, %r8
	0x49, 0xf7, 0xd0, //0x000019e0 notq         %r8
	0x49, 0x21, 0xc8, //0x000019e3 andq         %rcx, %r8
	0x4b, 0x8d, 0x04, 0x00, //0x000019e6 leaq         (%r8,%r8), %rax
	0x4c, 0x09, 0xf8, //0x000019ea orq          %r15, %rax
	0x48, 0x89, 0xc2, //0x000019ed movq         %rax, %rdx
	0x48, 0xf7, 0xd2, //0x000019f0 notq         %rdx
	0x48, 0x21, 0xca, //0x000019f3 andq         %rcx, %rdx
	0x48, 0xb9, 0xaa, 0xaa, 0xaa, 0xaa, 0xaa, 0xaa, 0xaa, 0xaa, //0x000019f6 movabsq      $-6148914691236517206, %rcx
	0x48, 0x21, 0xca, //0x00001a00 andq         %rcx, %rdx
	0x45, 0x31, 0xff, //0x00001a03 xorl         %r15d, %r15d
	0x4c, 0x01, 0xc2, //0x00001a06 addq         %r8, %rdx
	0x41, 0x0f, 0x92, 0xc7, //0x00001a09 setb         %r15b
	0x48, 0x01, 0xd2, //0x00001a0d addq         %rdx, %rdx
	0x48, 0xb9, 0x55, 0x55, 0x55, 0x55, 0x55, 0x55, 0x55, 0x55, //0x00001a10 movabsq      $6148914691236517205, %rcx
	0x48, 0x31, 0xca, //0x00001a1a xorq         %rcx, %rdx
	0x48, 0x21, 0xc2, //0x00001a1d andq         %rax, %rdx
	0x48, 0xf7, 0xd2, //0x00001a20 notq         %rdx
	0x48, 0x21, 0xd3, //0x00001a23 andq         %rdx, %rbx
	0x48, 0x85, 0xdb, //0x00001a26 testq        %rbx, %rbx
	0x0f, 0x85, 0x78, 0xff, 0xff, 0xff, //0x00001a29 jne          LBB0_183
	0x90, //0x00001a2f .p2align 4, 0x90
	//0x00001a30 LBB0_193
	0xbe, 0x40, 0x00, 0x00, 0x00, //0x00001a30 movl         $64, %esi
	0x4c, 0x89, 0xd1, //0x00001a35 movq         %r10, %rcx
	0x4c, 0x29, 0xd9, //0x00001a38 subq         %r11, %rcx
	0x4d, 0x85, 0xc0, //0x00001a3b testq        %r8, %r8
	0x0f, 0x85, 0x52, 0x00, 0x00, 0x00, //0x00001a3e jne          LBB0_184
	//0x00001a44 LBB0_194
	0xc5, 0xbd, 0x64, 0xd1, //0x00001a44 vpcmpgtb     %ymm1, %ymm8, %ymm2
	0xc4, 0xc1, 0x75, 0x64, 0xc9, //0x00001a48 vpcmpgtb     %ymm9, %ymm1, %ymm1
	0xc5, 0xed, 0xdb, 0xc9, //0x00001a4d vpand        %ymm1, %ymm2, %ymm1
	0xc5, 0xfd, 0xd7, 0xc1, //0x00001a51 vpmovmskb    %ymm1, %eax
	0x48, 0xc1, 0xe0, 0x20, //0x00001a55 shlq         $32, %rax
	0xc5, 0xbd, 0x64, 0xc8, //0x00001a59 vpcmpgtb     %ymm0, %ymm8, %ymm1
	0xc4, 0xc1, 0x7d, 0x64, 0xc1, //0x00001a5d vpcmpgtb     %ymm9, %ymm0, %ymm0
	0xc5, 0xf5, 0xdb, 0xc0, //0x00001a62 vpand        %ymm0, %ymm1, %ymm0
	0xc5, 0xfd, 0xd7, 0xd0, //0x00001a66 vpmovmskb    %ymm0, %edx
	0x48, 0x09, 0xc2, //0x00001a6a orq          %rax, %rdx
	0x48, 0x85, 0xdb, //0x00001a6d testq        %rbx, %rbx
	0x0f, 0x85, 0xa4, 0x02, 0x00, 0x00, //0x00001a70 jne          LBB0_217
	0x48, 0x85, 0xd2, //0x00001a76 testq        %rdx, %rdx
	0x0f, 0x85, 0x5e, 0x31, 0x00, 0x00, //0x00001a79 jne          LBB0_866
	0x49, 0x83, 0xc2, 0x40, //0x00001a7f addq         $64, %r10
	0x49, 0x83, 0xc5, 0xc0, //0x00001a83 addq         $-64, %r13
	0x49, 0x83, 0xfd, 0x3f, //0x00001a87 cmpq         $63, %r13
	0x0f, 0x87, 0xbf, 0xfe, 0xff, 0xff, //0x00001a8b ja           LBB0_180
	0xe9, 0xa1, 0x18, 0x00, 0x00, //0x00001a91 jmp          LBB0_475
	//0x00001a96 LBB0_184
	0x4c, 0x89, 0x74, 0x24, 0x78, //0x00001a96 movq         %r14, $120(%rsp)
	//0x00001a9b LBB0_185
	0x4d, 0x0f, 0xbc, 0xf0, //0x00001a9b bsfq         %r8, %r14
	0x49, 0x39, 0xf6, //0x00001a9f cmpq         %rsi, %r14
	0x0f, 0x83, 0x68, 0x02, 0x00, 0x00, //0x00001aa2 jae          LBB0_216
	0x49, 0x01, 0xce, //0x00001aa8 addq         %rcx, %r14
	0x4d, 0x39, 0xe6, //0x00001aab cmpq         %r12, %r14
	0x0f, 0x8c, 0x51, 0x00, 0x00, 0x00, //0x00001aae jl           LBB0_199
	0x49, 0x8d, 0x46, 0x01, //0x00001ab4 leaq         $1(%r14), %rax
	0x48, 0x8b, 0x54, 0x24, 0x50, //0x00001ab8 movq         $80(%rsp), %rdx
	0x48, 0x29, 0xc2, //0x00001abd subq         %rax, %rdx
	0x0f, 0x84, 0x9a, 0x30, 0x00, 0x00, //0x00001ac0 je           LBB0_792
	0x48, 0x89, 0x44, 0x24, 0x30, //0x00001ac6 movq         %rax, $48(%rsp)
	0x41, 0x0f, 0xbe, 0x04, 0x03, //0x00001acb movsbl       (%r11,%rax), %eax
	0x48, 0xc7, 0x44, 0x24, 0x40, 0xfe, 0xff, 0xff, 0xff, //0x00001ad0 movq         $-2, $64(%rsp)
	0x83, 0xc0, 0xde, //0x00001ad9 addl         $-34, %eax
	0x83, 0xf8, 0x53, //0x00001adc cmpl         $83, %eax
	0x0f, 0x87, 0x17, 0x31, 0x00, 0x00, //0x00001adf ja           LBB0_868
	0x4c, 0x8d, 0x25, 0x40, 0x3a, 0x00, 0x00, //0x00001ae5 leaq         $14912(%rip), %r12  /* LJTI0_5+0(%rip) */
	0x49, 0x63, 0x04, 0x84, //0x00001aec movslq       (%r12,%rax,4), %rax
	0x4c, 0x01, 0xe0, //0x00001af0 addq         %r12, %rax
	0xff, 0xe0, //0x00001af3 jmpq         *%rax
	//0x00001af5 LBB0_197
	0x49, 0x83, 0xc6, 0x02, //0x00001af5 addq         $2, %r14
	//0x00001af9 LBB0_198
	0x4d, 0x89, 0xf4, //0x00001af9 movq         %r14, %r12
	0x4d, 0x85, 0xf6, //0x00001afc testq        %r14, %r14
	0x0f, 0x88, 0x47, 0x30, 0x00, 0x00, //0x00001aff js           LBB0_791
	//0x00001b05 LBB0_199
	0x49, 0x8d, 0x40, 0xff, //0x00001b05 leaq         $-1(%r8), %rax
	0x49, 0x21, 0xc0, //0x00001b09 andq         %rax, %r8
	0x4c, 0x8b, 0x74, 0x24, 0x78, //0x00001b0c movq         $120(%rsp), %r14
	0x0f, 0x84, 0x2d, 0xff, 0xff, 0xff, //0x00001b11 je           LBB0_194
	0xe9, 0x7f, 0xff, 0xff, 0xff, //0x00001b17 jmp          LBB0_185
	//0x00001b1c LBB0_200
	0x48, 0x83, 0xfa, 0x05, //0x00001b1c cmpq         $5, %rdx
	0x0f, 0x82, 0x3a, 0x30, 0x00, 0x00, //0x00001b20 jb           LBB0_792
	0x48, 0x8b, 0x44, 0x24, 0x30, //0x00001b26 movq         $48(%rsp), %rax
	0x45, 0x8b, 0x64, 0x03, 0x01, //0x00001b2b movl         $1(%r11,%rax), %r12d
	0x44, 0x89, 0xe0, //0x00001b30 movl         %r12d, %eax
	0xf7, 0xd0, //0x00001b33 notl         %eax
	0x4c, 0x89, 0x64, 0x24, 0x58, //0x00001b35 movq         %r12, $88(%rsp)
	0x41, 0x81, 0xc4, 0xd0, 0xcf, 0xcf, 0xcf, //0x00001b3a addl         $-808464432, %r12d
	0x44, 0x89, 0x64, 0x24, 0x60, //0x00001b41 movl         %r12d, $96(%rsp)
	0x25, 0x80, 0x80, 0x80, 0x80, //0x00001b46 andl         $-2139062144, %eax
	0x89, 0x44, 0x24, 0x28, //0x00001b4b movl         %eax, $40(%rsp)
	0x85, 0x44, 0x24, 0x60, //0x00001b4f testl        %eax, $96(%rsp)
	0x0f, 0x85, 0xa3, 0x30, 0x00, 0x00, //0x00001b53 jne          LBB0_868
	0x4c, 0x8b, 0x64, 0x24, 0x58, //0x00001b59 movq         $88(%rsp), %r12
	0x41, 0x8d, 0x84, 0x24, 0x19, 0x19, 0x19, 0x19, //0x00001b5e leal         $421075225(%r12), %eax
	0x44, 0x09, 0xe0, //0x00001b66 orl          %r12d, %eax
	0xa9, 0x80, 0x80, 0x80, 0x80, //0x00001b69 testl        $-2139062144, %eax
	0x0f, 0x85, 0x88, 0x30, 0x00, 0x00, //0x00001b6e jne          LBB0_868
	0x44, 0x89, 0xe0, //0x00001b74 movl         %r12d, %eax
	0x25, 0x7f, 0x7f, 0x7f, 0x7f, //0x00001b77 andl         $2139062143, %eax
	0x41, 0xbc, 0xc0, 0xc0, 0xc0, 0xc0, //0x00001b7c movl         $-1061109568, %r12d
	0x41, 0x29, 0xc4, //0x00001b82 subl         %eax, %r12d
	0x48, 0x89, 0x44, 0x24, 0x68, //0x00001b85 movq         %rax, $104(%rsp)
	0x05, 0x46, 0x46, 0x46, 0x46, //0x00001b8a addl         $1179010630, %eax
	0x89, 0x44, 0x24, 0x60, //0x00001b8f movl         %eax, $96(%rsp)
	0x8b, 0x44, 0x24, 0x28, //0x00001b93 movl         $40(%rsp), %eax
	0x41, 0x21, 0xc4, //0x00001b97 andl         %eax, %r12d
	0x44, 0x85, 0x64, 0x24, 0x60, //0x00001b9a testl        %r12d, $96(%rsp)
	0x0f, 0x85, 0x57, 0x30, 0x00, 0x00, //0x00001b9f jne          LBB0_868
	0xc7, 0x44, 0x24, 0x60, 0xe0, 0xe0, 0xe0, 0xe0, //0x00001ba5 movl         $-522133280, $96(%rsp)
	0x4c, 0x8b, 0x64, 0x24, 0x68, //0x00001bad movq         $104(%rsp), %r12
	0x44, 0x29, 0x64, 0x24, 0x60, //0x00001bb2 subl         %r12d, $96(%rsp)
	0x41, 0x81, 0xc4, 0x39, 0x39, 0x39, 0x39, //0x00001bb7 addl         $960051513, %r12d
	0x23, 0x44, 0x24, 0x60, //0x00001bbe andl         $96(%rsp), %eax
	0x44, 0x85, 0xe0, //0x00001bc2 testl        %r12d, %eax
	0x0f, 0x85, 0x31, 0x30, 0x00, 0x00, //0x00001bc5 jne          LBB0_868
	0x4c, 0x8b, 0x64, 0x24, 0x58, //0x00001bcb movq         $88(%rsp), %r12
	0x41, 0x0f, 0xcc, //0x00001bd0 bswapl       %r12d
	0x44, 0x89, 0xe0, //0x00001bd3 movl         %r12d, %eax
	0xc1, 0xe8, 0x04, //0x00001bd6 shrl         $4, %eax
	0xf7, 0xd0, //0x00001bd9 notl         %eax
	0x25, 0x01, 0x01, 0x01, 0x01, //0x00001bdb andl         $16843009, %eax
	0x8d, 0x04, 0xc0, //0x00001be0 leal         (%rax,%rax,8), %eax
	0x41, 0x81, 0xe4, 0x0f, 0x0f, 0x0f, 0x0f, //0x00001be3 andl         $252645135, %r12d
	0x41, 0x01, 0xc4, //0x00001bea addl         %eax, %r12d
	0x44, 0x89, 0xe0, //0x00001bed movl         %r12d, %eax
	0xc1, 0xe8, 0x0c, //0x00001bf0 shrl         $12, %eax
	0x41, 0xc1, 0xec, 0x08, //0x00001bf3 shrl         $8, %r12d
	0x41, 0x09, 0xc4, //0x00001bf7 orl          %eax, %r12d
	0x41, 0x81, 0xe4, 0x00, 0xfc, 0x00, 0x00, //0x00001bfa andl         $64512, %r12d
	0x41, 0x81, 0xfc, 0x00, 0xd8, 0x00, 0x00, //0x00001c01 cmpl         $55296, %r12d
	0x0f, 0x85, 0xf9, 0x00, 0x00, 0x00, //0x00001c08 jne          LBB0_215
	0x48, 0x83, 0xfa, 0x0b, //0x00001c0e cmpq         $11, %rdx
	0x0f, 0x82, 0xef, 0x00, 0x00, 0x00, //0x00001c12 jb           LBB0_215
	0x48, 0x8b, 0x44, 0x24, 0x30, //0x00001c18 movq         $48(%rsp), %rax
	0x41, 0x80, 0x7c, 0x03, 0x05, 0x5c, //0x00001c1d cmpb         $92, $5(%r11,%rax)
	0x0f, 0x85, 0xde, 0x00, 0x00, 0x00, //0x00001c23 jne          LBB0_215
	0x48, 0x8b, 0x44, 0x24, 0x30, //0x00001c29 movq         $48(%rsp), %rax
	0x41, 0x80, 0x7c, 0x03, 0x06, 0x75, //0x00001c2e cmpb         $117, $6(%r11,%rax)
	0x0f, 0x85, 0xcd, 0x00, 0x00, 0x00, //0x00001c34 jne          LBB0_215
	0x48, 0x8b, 0x44, 0x24, 0x30, //0x00001c3a movq         $48(%rsp), %rax
	0x41, 0x8b, 0x54, 0x03, 0x07, //0x00001c3f movl         $7(%r11,%rax), %edx
	0x41, 0x89, 0xd4, //0x00001c44 movl         %edx, %r12d
	0x41, 0xf7, 0xd4, //0x00001c47 notl         %r12d
	0x8d, 0x82, 0xd0, 0xcf, 0xcf, 0xcf, //0x00001c4a leal         $-808464432(%rdx), %eax
	0x41, 0x81, 0xe4, 0x80, 0x80, 0x80, 0x80, //0x00001c50 andl         $-2139062144, %r12d
	0x41, 0x85, 0xc4, //0x00001c57 testl        %eax, %r12d
	0x0f, 0x85, 0xa7, 0x00, 0x00, 0x00, //0x00001c5a jne          LBB0_215
	0x8d, 0x82, 0x19, 0x19, 0x19, 0x19, //0x00001c60 leal         $421075225(%rdx), %eax
	0x09, 0xd0, //0x00001c66 orl          %edx, %eax
	0xa9, 0x80, 0x80, 0x80, 0x80, //0x00001c68 testl        $-2139062144, %eax
	0x0f, 0x85, 0x94, 0x00, 0x00, 0x00, //0x00001c6d jne          LBB0_215
	0x89, 0xd0, //0x00001c73 movl         %edx, %eax
	0x25, 0x7f, 0x7f, 0x7f, 0x7f, //0x00001c75 andl         $2139062143, %eax
	0xc7, 0x44, 0x24, 0x30, 0xc0, 0xc0, 0xc0, 0xc0, //0x00001c7a movl         $-1061109568, $48(%rsp)
	0x29, 0x44, 0x24, 0x30, //0x00001c82 subl         %eax, $48(%rsp)
	0x48, 0x89, 0x44, 0x24, 0x58, //0x00001c86 movq         %rax, $88(%rsp)
	0x05, 0x46, 0x46, 0x46, 0x46, //0x00001c8b addl         $1179010630, %eax
	0x89, 0x44, 0x24, 0x40, //0x00001c90 movl         %eax, $64(%rsp)
	0x8b, 0x44, 0x24, 0x30, //0x00001c94 movl         $48(%rsp), %eax
	0x44, 0x21, 0xe0, //0x00001c98 andl         %r12d, %eax
	0x85, 0x44, 0x24, 0x40, //0x00001c9b testl        %eax, $64(%rsp)
	0x0f, 0x85, 0x62, 0x00, 0x00, 0x00, //0x00001c9f jne          LBB0_215
	0xc7, 0x44, 0x24, 0x30, 0xe0, 0xe0, 0xe0, 0xe0, //0x00001ca5 movl         $-522133280, $48(%rsp)
	0x48, 0x8b, 0x44, 0x24, 0x58, //0x00001cad movq         $88(%rsp), %rax
	0x29, 0x44, 0x24, 0x30, //0x00001cb2 subl         %eax, $48(%rsp)
	0x05, 0x39, 0x39, 0x39, 0x39, //0x00001cb6 addl         $960051513, %eax
	0x44, 0x23, 0x64, 0x24, 0x30, //0x00001cbb andl         $48(%rsp), %r12d
	0x41, 0x85, 0xc4, //0x00001cc0 testl        %eax, %r12d
	0x0f, 0x85, 0x3e, 0x00, 0x00, 0x00, //0x00001cc3 jne          LBB0_215
	0x0f, 0xca, //0x00001cc9 bswapl       %edx
	0x89, 0xd0, //0x00001ccb movl         %edx, %eax
	0xc1, 0xe8, 0x04, //0x00001ccd shrl         $4, %eax
	0xf7, 0xd0, //0x00001cd0 notl         %eax
	0x25, 0x01, 0x01, 0x01, 0x01, //0x00001cd2 andl         $16843009, %eax
	0x8d, 0x04, 0xc0, //0x00001cd7 leal         (%rax,%rax,8), %eax
	0x81, 0xe2, 0x0f, 0x0f, 0x0f, 0x0f, //0x00001cda andl         $252645135, %edx
	0x01, 0xc2, //0x00001ce0 addl         %eax, %edx
	0x89, 0xd0, //0x00001ce2 movl         %edx, %eax
	0xc1, 0xe8, 0x0c, //0x00001ce4 shrl         $12, %eax
	0xc1, 0xea, 0x08, //0x00001ce7 shrl         $8, %edx
	0x09, 0xc2, //0x00001cea orl          %eax, %edx
	0x81, 0xe2, 0x00, 0xfc, 0x00, 0x00, //0x00001cec andl         $64512, %edx
	0x81, 0xfa, 0x00, 0xdc, 0x00, 0x00, //0x00001cf2 cmpl         $56320, %edx
	0x0f, 0x85, 0x09, 0x00, 0x00, 0x00, //0x00001cf8 jne          LBB0_215
	0x49, 0x83, 0xc6, 0x0c, //0x00001cfe addq         $12, %r14
	0xe9, 0xf2, 0xfd, 0xff, 0xff, //0x00001d02 jmp          LBB0_198
	//0x00001d07 LBB0_215
	0x49, 0x83, 0xc6, 0x06, //0x00001d07 addq         $6, %r14
	0xe9, 0xe9, 0xfd, 0xff, 0xff, //0x00001d0b jmp          LBB0_198
	//0x00001d10 LBB0_216
	0x4c, 0x8b, 0x74, 0x24, 0x78, //0x00001d10 movq         $120(%rsp), %r14
	0xe9, 0x2a, 0xfd, 0xff, 0xff, //0x00001d15 jmp          LBB0_194
	//0x00001d1a LBB0_217
	0x4c, 0x89, 0xf0, //0x00001d1a movq         %r14, %rax
	0x48, 0x85, 0xd2, //0x00001d1d testq        %rdx, %rdx
	0x0f, 0x84, 0x34, 0x04, 0x00, 0x00, //0x00001d20 je           LBB0_262
	0x4c, 0x0f, 0xbc, 0xf2, //0x00001d26 bsfq         %rdx, %r14
	0xe9, 0x31, 0x04, 0x00, 0x00, //0x00001d2a jmp          LBB0_263
	//0x00001d2f LBB0_219
	0x4c, 0x01, 0xf1, //0x00001d2f addq         %r14, %rcx
	0x4c, 0x01, 0xc1, //0x00001d32 addq         %r8, %rcx
	0xc5, 0xf8, 0x77, //0x00001d35 vzeroupper
	0x49, 0x89, 0xce, //0x00001d38 movq         %rcx, %r14
	0x48, 0xc7, 0xc1, 0xff, 0xff, 0xff, 0xff, //0x00001d3b movq         $-1, %rcx
	0x4d, 0x85, 0xdb, //0x00001d42 testq        %r11, %r11
	0x0f, 0x85, 0x77, 0x04, 0x00, 0x00, //0x00001d45 jne          LBB0_267
	0xe9, 0x32, 0x2e, 0x00, 0x00, //0x00001d4b jmp          LBB0_860
	//0x00001d50 LBB0_220
	0x4d, 0x89, 0xf0, //0x00001d50 movq         %r14, %r8
	0x49, 0x89, 0xce, //0x00001d53 movq         %rcx, %r14
	0x4d, 0x29, 0xe6, //0x00001d56 subq         %r12, %r14
	0x0f, 0x84, 0x60, 0x30, 0x00, 0x00, //0x00001d59 je           LBB0_903
	0x4b, 0x8d, 0x34, 0x23, //0x00001d5f leaq         (%r11,%r12), %rsi
	0x49, 0x83, 0xfe, 0x40, //0x00001d63 cmpq         $64, %r14
	0x0f, 0x82, 0x67, 0x16, 0x00, 0x00, //0x00001d67 jb           LBB0_486
	0x48, 0xc7, 0x44, 0x24, 0x18, 0xff, 0xff, 0xff, 0xff, //0x00001d6d movq         $-1, $24(%rsp)
	0x45, 0x31, 0xed, //0x00001d76 xorl         %r13d, %r13d
	0x90, 0x90, 0x90, 0x90, 0x90, 0x90, 0x90, //0x00001d79 .p2align 4, 0x90
	//0x00001d80 LBB0_223
	0xc5, 0xfe, 0x6f, 0x06, //0x00001d80 vmovdqu      (%rsi), %ymm0
	0xc5, 0xfe, 0x6f, 0x4e, 0x20, //0x00001d84 vmovdqu      $32(%rsi), %ymm1
	0xc5, 0xfd, 0x74, 0xd6, //0x00001d89 vpcmpeqb     %ymm6, %ymm0, %ymm2
	0xc5, 0xfd, 0xd7, 0xda, //0x00001d8d vpmovmskb    %ymm2, %ebx
	0xc5, 0xf5, 0x74, 0xd6, //0x00001d91 vpcmpeqb     %ymm6, %ymm1, %ymm2
	0xc5, 0xfd, 0xd7, 0xc2, //0x00001d95 vpmovmskb    %ymm2, %eax
	0xc5, 0xfd, 0x74, 0xd7, //0x00001d99 vpcmpeqb     %ymm7, %ymm0, %ymm2
	0xc5, 0xfd, 0xd7, 0xca, //0x00001d9d vpmovmskb    %ymm2, %ecx
	0xc5, 0xf5, 0x74, 0xd7, //0x00001da1 vpcmpeqb     %ymm7, %ymm1, %ymm2
	0xc5, 0xfd, 0xd7, 0xd2, //0x00001da5 vpmovmskb    %ymm2, %edx
	0x48, 0xc1, 0xe0, 0x20, //0x00001da9 shlq         $32, %rax
	0x48, 0x09, 0xc3, //0x00001dad orq          %rax, %rbx
	0x48, 0xc1, 0xe2, 0x20, //0x00001db0 shlq         $32, %rdx
	0x48, 0x09, 0xd1, //0x00001db4 orq          %rdx, %rcx
	0x0f, 0x85, 0x30, 0x00, 0x00, 0x00, //0x00001db7 jne          LBB0_232
	0x4d, 0x85, 0xed, //0x00001dbd testq        %r13, %r13
	0x0f, 0x85, 0x45, 0x00, 0x00, 0x00, //0x00001dc0 jne          LBB0_234
	0x45, 0x31, 0xed, //0x00001dc6 xorl         %r13d, %r13d
	0x45, 0x31, 0xff, //0x00001dc9 xorl         %r15d, %r15d
	0x48, 0x85, 0xdb, //0x00001dcc testq        %rbx, %rbx
	0x0f, 0x84, 0x8b, 0x00, 0x00, 0x00, //0x00001dcf je           LBB0_235
	//0x00001dd5 LBB0_226
	0x48, 0x0f, 0xbc, 0xfb, //0x00001dd5 bsfq         %rbx, %rdi
	0x48, 0x89, 0xf1, //0x00001dd9 movq         %rsi, %rcx
	0x4c, 0x29, 0xd9, //0x00001ddc subq         %r11, %rcx
	0x4d, 0x85, 0xff, //0x00001ddf testq        %r15, %r15
	0x0f, 0x84, 0x8c, 0x00, 0x00, 0x00, //0x00001de2 je           LBB0_236
	0xe9, 0xcd, 0x02, 0x00, 0x00, //0x00001de8 jmp          LBB0_227
	//0x00001ded LBB0_232
	0x48, 0x83, 0x7c, 0x24, 0x18, 0xff, //0x00001ded cmpq         $-1, $24(%rsp)
	0x0f, 0x85, 0x12, 0x00, 0x00, 0x00, //0x00001df3 jne          LBB0_234
	0x48, 0x89, 0xf0, //0x00001df9 movq         %rsi, %rax
	0x4c, 0x29, 0xd8, //0x00001dfc subq         %r11, %rax
	0x48, 0x0f, 0xbc, 0xd1, //0x00001dff bsfq         %rcx, %rdx
	0x48, 0x01, 0xc2, //0x00001e03 addq         %rax, %rdx
	0x48, 0x89, 0x54, 0x24, 0x18, //0x00001e06 movq         %rdx, $24(%rsp)
	//0x00001e0b LBB0_234
	0x4d, 0x89, 0xef, //0x00001e0b movq         %r13, %r15
	0x49, 0xf7, 0xd7, //0x00001e0e notq         %r15
	0x49, 0x21, 0xcf, //0x00001e11 andq         %rcx, %r15
	0x4b, 0x8d, 0x04, 0x3f, //0x00001e14 leaq         (%r15,%r15), %rax
	0x4c, 0x09, 0xe8, //0x00001e18 orq          %r13, %rax
	0x48, 0x89, 0xc2, //0x00001e1b movq         %rax, %rdx
	0x48, 0xf7, 0xd2, //0x00001e1e notq         %rdx
	0x48, 0x21, 0xca, //0x00001e21 andq         %rcx, %rdx
	0x48, 0xb9, 0xaa, 0xaa, 0xaa, 0xaa, 0xaa, 0xaa, 0xaa, 0xaa, //0x00001e24 movabsq      $-6148914691236517206, %rcx
	0x48, 0x21, 0xca, //0x00001e2e andq         %rcx, %rdx
	0x45, 0x31, 0xed, //0x00001e31 xorl         %r13d, %r13d
	0x4c, 0x01, 0xfa, //0x00001e34 addq         %r15, %rdx
	0x41, 0x0f, 0x92, 0xc5, //0x00001e37 setb         %r13b
	0x48, 0x01, 0xd2, //0x00001e3b addq         %rdx, %rdx
	0x48, 0xb9, 0x55, 0x55, 0x55, 0x55, 0x55, 0x55, 0x55, 0x55, //0x00001e3e movabsq      $6148914691236517205, %rcx
	0x48, 0x31, 0xca, //0x00001e48 xorq         %rcx, %rdx
	0x48, 0x21, 0xc2, //0x00001e4b andq         %rax, %rdx
	0x48, 0xf7, 0xd2, //0x00001e4e notq         %rdx
	0x48, 0x21, 0xd3, //0x00001e51 andq         %rdx, %rbx
	0x48, 0x85, 0xdb, //0x00001e54 testq        %rbx, %rbx
	0x0f, 0x85, 0x78, 0xff, 0xff, 0xff, //0x00001e57 jne          LBB0_226
	0x90, 0x90, 0x90, //0x00001e5d .p2align 4, 0x90
	//0x00001e60 LBB0_235
	0xbf, 0x40, 0x00, 0x00, 0x00, //0x00001e60 movl         $64, %edi
	0x48, 0x89, 0xf1, //0x00001e65 movq         %rsi, %rcx
	0x4c, 0x29, 0xd9, //0x00001e68 subq         %r11, %rcx
	0x4d, 0x85, 0xff, //0x00001e6b testq        %r15, %r15
	0x0f, 0x85, 0x46, 0x02, 0x00, 0x00, //0x00001e6e jne          LBB0_227
	//0x00001e74 LBB0_236
	0xc5, 0xbd, 0x64, 0xd1, //0x00001e74 vpcmpgtb     %ymm1, %ymm8, %ymm2
	0xc4, 0xc1, 0x75, 0x64, 0xc9, //0x00001e78 vpcmpgtb     %ymm9, %ymm1, %ymm1
	0xc5, 0xed, 0xdb, 0xc9, //0x00001e7d vpand        %ymm1, %ymm2, %ymm1
	0xc5, 0xfd, 0xd7, 0xc1, //0x00001e81 vpmovmskb    %ymm1, %eax
	0x48, 0xc1, 0xe0, 0x20, //0x00001e85 shlq         $32, %rax
	0xc5, 0xbd, 0x64, 0xc8, //0x00001e89 vpcmpgtb     %ymm0, %ymm8, %ymm1
	0xc4, 0xc1, 0x7d, 0x64, 0xc1, //0x00001e8d vpcmpgtb     %ymm9, %ymm0, %ymm0
	0xc5, 0xf5, 0xdb, 0xc0, //0x00001e92 vpand        %ymm0, %ymm1, %ymm0
	0xc5, 0xfd, 0xd7, 0xd0, //0x00001e96 vpmovmskb    %ymm0, %edx
	0x48, 0x09, 0xc2, //0x00001e9a orq          %rax, %rdx
	0x48, 0x85, 0xdb, //0x00001e9d testq        %rbx, %rbx
	0x0f, 0x85, 0x9d, 0x02, 0x00, 0x00, //0x00001ea0 jne          LBB0_260
	0x48, 0x85, 0xd2, //0x00001ea6 testq        %rdx, %rdx
	0x0f, 0x85, 0x5f, 0x2d, 0x00, 0x00, //0x00001ea9 jne          LBB0_874
	0x48, 0x83, 0xc6, 0x40, //0x00001eaf addq         $64, %rsi
	0x49, 0x83, 0xc6, 0xc0, //0x00001eb3 addq         $-64, %r14
	0x49, 0x83, 0xfe, 0x3f, //0x00001eb7 cmpq         $63, %r14
	0x0f, 0x87, 0xbf, 0xfe, 0xff, 0xff, //0x00001ebb ja           LBB0_223
	0xe9, 0x1a, 0x15, 0x00, 0x00, //0x00001ec1 jmp          LBB0_487
	//0x00001ec6 LBB0_239
	0x49, 0x83, 0xfc, 0x05, //0x00001ec6 cmpq         $5, %r12
	0x0f, 0x82, 0xf1, 0x2c, 0x00, 0x00, //0x00001eca jb           LBB0_257
	0x4c, 0x89, 0x5c, 0x24, 0x30, //0x00001ed0 movq         %r11, $48(%rsp)
	0x48, 0x8b, 0x44, 0x24, 0x58, //0x00001ed5 movq         $88(%rsp), %rax
	0x45, 0x8b, 0x5c, 0x03, 0x01, //0x00001eda movl         $1(%r11,%rax), %r11d
	0x44, 0x89, 0xda, //0x00001edf movl         %r11d, %edx
	0xf7, 0xd2, //0x00001ee2 notl         %edx
	0x41, 0x8d, 0x83, 0xd0, 0xcf, 0xcf, 0xcf, //0x00001ee4 leal         $-808464432(%r11), %eax
	0x81, 0xe2, 0x80, 0x80, 0x80, 0x80, //0x00001eeb andl         $-2139062144, %edx
	0x85, 0xc2, //0x00001ef1 testl        %eax, %edx
	0x0f, 0x85, 0x08, 0x2f, 0x00, 0x00, //0x00001ef3 jne          LBB0_928
	0x41, 0x8d, 0x83, 0x19, 0x19, 0x19, 0x19, //0x00001ef9 leal         $421075225(%r11), %eax
	0x44, 0x09, 0xd8, //0x00001f00 orl          %r11d, %eax
	0xa9, 0x80, 0x80, 0x80, 0x80, //0x00001f03 testl        $-2139062144, %eax
	0x0f, 0x85, 0xf3, 0x2e, 0x00, 0x00, //0x00001f08 jne          LBB0_928
	0x45, 0x89, 0xda, //0x00001f0e movl         %r11d, %r10d
	0x41, 0x81, 0xe2, 0x7f, 0x7f, 0x7f, 0x7f, //0x00001f11 andl         $2139062143, %r10d
	0xb8, 0xc0, 0xc0, 0xc0, 0xc0, //0x00001f18 movl         $-1061109568, %eax
	0x44, 0x29, 0xd0, //0x00001f1d subl         %r10d, %eax
	0x4c, 0x89, 0x54, 0x24, 0x60, //0x00001f20 movq         %r10, $96(%rsp)
	0x41, 0x81, 0xc2, 0x46, 0x46, 0x46, 0x46, //0x00001f25 addl         $1179010630, %r10d
	0x21, 0xd0, //0x00001f2c andl         %edx, %eax
	0x44, 0x85, 0xd0, //0x00001f2e testl        %r10d, %eax
	0x0f, 0x85, 0xca, 0x2e, 0x00, 0x00, //0x00001f31 jne          LBB0_928
	0x41, 0xba, 0xe0, 0xe0, 0xe0, 0xe0, //0x00001f37 movl         $-522133280, %r10d
	0x48, 0x8b, 0x44, 0x24, 0x60, //0x00001f3d movq         $96(%rsp), %rax
	0x41, 0x29, 0xc2, //0x00001f42 subl         %eax, %r10d
	0x05, 0x39, 0x39, 0x39, 0x39, //0x00001f45 addl         $960051513, %eax
	0x44, 0x21, 0xd2, //0x00001f4a andl         %r10d, %edx
	0x85, 0xc2, //0x00001f4d testl        %eax, %edx
	0x0f, 0x85, 0xac, 0x2e, 0x00, 0x00, //0x00001f4f jne          LBB0_928
	0x41, 0x0f, 0xcb, //0x00001f55 bswapl       %r11d
	0x44, 0x89, 0xd8, //0x00001f58 movl         %r11d, %eax
	0xc1, 0xe8, 0x04, //0x00001f5b shrl         $4, %eax
	0xf7, 0xd0, //0x00001f5e notl         %eax
	0x25, 0x01, 0x01, 0x01, 0x01, //0x00001f60 andl         $16843009, %eax
	0x8d, 0x04, 0xc0, //0x00001f65 leal         (%rax,%rax,8), %eax
	0x41, 0x81, 0xe3, 0x0f, 0x0f, 0x0f, 0x0f, //0x00001f68 andl         $252645135, %r11d
	0x41, 0x01, 0xc3, //0x00001f6f addl         %eax, %r11d
	0x44, 0x89, 0xd8, //0x00001f72 movl         %r11d, %eax
	0xc1, 0xe8, 0x0c, //0x00001f75 shrl         $12, %eax
	0x41, 0xc1, 0xeb, 0x08, //0x00001f78 shrl         $8, %r11d
	0x41, 0x09, 0xc3, //0x00001f7c orl          %eax, %r11d
	0x41, 0x81, 0xe3, 0x00, 0xfc, 0x00, 0x00, //0x00001f7f andl         $64512, %r11d
	0x41, 0x81, 0xfb, 0x00, 0xd8, 0x00, 0x00, //0x00001f86 cmpl         $55296, %r11d
	0x0f, 0x85, 0xfe, 0x00, 0x00, 0x00, //0x00001f8d jne          LBB0_254
	0x49, 0x83, 0xfc, 0x0b, //0x00001f93 cmpq         $11, %r12
	0x0f, 0x82, 0xf4, 0x00, 0x00, 0x00, //0x00001f97 jb           LBB0_254
	0x48, 0x8b, 0x44, 0x24, 0x58, //0x00001f9d movq         $88(%rsp), %rax
	0x48, 0x8b, 0x54, 0x24, 0x30, //0x00001fa2 movq         $48(%rsp), %rdx
	0x80, 0x7c, 0x02, 0x05, 0x5c, //0x00001fa7 cmpb         $92, $5(%rdx,%rax)
	0x0f, 0x85, 0xdf, 0x00, 0x00, 0x00, //0x00001fac jne          LBB0_254
	0x48, 0x8b, 0x44, 0x24, 0x58, //0x00001fb2 movq         $88(%rsp), %rax
	0x48, 0x8b, 0x54, 0x24, 0x30, //0x00001fb7 movq         $48(%rsp), %rdx
	0x80, 0x7c, 0x02, 0x06, 0x75, //0x00001fbc cmpb         $117, $6(%rdx,%rax)
	0x0f, 0x85, 0xca, 0x00, 0x00, 0x00, //0x00001fc1 jne          LBB0_254
	0x48, 0x8b, 0x44, 0x24, 0x58, //0x00001fc7 movq         $88(%rsp), %rax
	0x48, 0x8b, 0x54, 0x24, 0x30, //0x00001fcc movq         $48(%rsp), %rdx
	0x44, 0x8b, 0x64, 0x02, 0x07, //0x00001fd1 movl         $7(%rdx,%rax), %r12d
	0x44, 0x89, 0xe2, //0x00001fd6 movl         %r12d, %edx
	0xf7, 0xd2, //0x00001fd9 notl         %edx
	0x41, 0x8d, 0x84, 0x24, 0xd0, 0xcf, 0xcf, 0xcf, //0x00001fdb leal         $-808464432(%r12), %eax
	0x81, 0xe2, 0x80, 0x80, 0x80, 0x80, //0x00001fe3 andl         $-2139062144, %edx
	0x85, 0xc2, //0x00001fe9 testl        %eax, %edx
	0x0f, 0x85, 0xa0, 0x00, 0x00, 0x00, //0x00001feb jne          LBB0_254
	0x41, 0x8d, 0x84, 0x24, 0x19, 0x19, 0x19, 0x19, //0x00001ff1 leal         $421075225(%r12), %eax
	0x44, 0x09, 0xe0, //0x00001ff9 orl          %r12d, %eax
	0xa9, 0x80, 0x80, 0x80, 0x80, //0x00001ffc testl        $-2139062144, %eax
	0x0f, 0x85, 0x8a, 0x00, 0x00, 0x00, //0x00002001 jne          LBB0_254
	0x45, 0x89, 0xe3, //0x00002007 movl         %r12d, %r11d
	0x41, 0x81, 0xe3, 0x7f, 0x7f, 0x7f, 0x7f, //0x0000200a andl         $2139062143, %r11d
	0xb8, 0xc0, 0xc0, 0xc0, 0xc0, //0x00002011 movl         $-1061109568, %eax
	0x44, 0x29, 0xd8, //0x00002016 subl         %r11d, %eax
	0x45, 0x8d, 0x93, 0x46, 0x46, 0x46, 0x46, //0x00002019 leal         $1179010630(%r11), %r10d
	0x21, 0xd0, //0x00002020 andl         %edx, %eax
	0x44, 0x85, 0xd0, //0x00002022 testl        %r10d, %eax
	0x0f, 0x85, 0x66, 0x00, 0x00, 0x00, //0x00002025 jne          LBB0_254
	0xb8, 0xe0, 0xe0, 0xe0, 0xe0, //0x0000202b movl         $-522133280, %eax
	0x44, 0x29, 0xd8, //0x00002030 subl         %r11d, %eax
	0x41, 0x81, 0xc3, 0x39, 0x39, 0x39, 0x39, //0x00002033 addl         $960051513, %r11d
	0x21, 0xc2, //0x0000203a andl         %eax, %edx
	0x44, 0x85, 0xda, //0x0000203c testl        %r11d, %edx
	0x0f, 0x85, 0x4c, 0x00, 0x00, 0x00, //0x0000203f jne          LBB0_254
	0x41, 0x0f, 0xcc, //0x00002045 bswapl       %r12d
	0x44, 0x89, 0xe0, //0x00002048 movl         %r12d, %eax
	0xc1, 0xe8, 0x04, //0x0000204b shrl         $4, %eax
	0xf7, 0xd0, //0x0000204e notl         %eax
	0x25, 0x01, 0x01, 0x01, 0x01, //0x00002050 andl         $16843009, %eax
	0x8d, 0x04, 0xc0, //0x00002055 leal         (%rax,%rax,8), %eax
	0x41, 0x81, 0xe4, 0x0f, 0x0f, 0x0f, 0x0f, //0x00002058 andl         $252645135, %r12d
	0x41, 0x01, 0xc4, //0x0000205f addl         %eax, %r12d
	0x44, 0x89, 0xe0, //0x00002062 movl         %r12d, %eax
	0xc1, 0xe8, 0x0c, //0x00002065 shrl         $12, %eax
	0x41, 0xc1, 0xec, 0x08, //0x00002068 shrl         $8, %r12d
	0x41, 0x09, 0xc4, //0x0000206c orl          %eax, %r12d
	0x41, 0x81, 0xe4, 0x00, 0xfc, 0x00, 0x00, //0x0000206f andl         $64512, %r12d
	0x41, 0x81, 0xfc, 0x00, 0xdc, 0x00, 0x00, //0x00002076 cmpl         $56320, %r12d
	0x0f, 0x85, 0x0e, 0x00, 0x00, 0x00, //0x0000207d jne          LBB0_254
	0x4c, 0x8b, 0x64, 0x24, 0x28, //0x00002083 movq         $40(%rsp), %r12
	0x49, 0x83, 0xc4, 0x0c, //0x00002088 addq         $12, %r12
	0xe9, 0x09, 0x00, 0x00, 0x00, //0x0000208c jmp          LBB0_255
	//0x00002091 LBB0_254
	0x4c, 0x8b, 0x64, 0x24, 0x28, //0x00002091 movq         $40(%rsp), %r12
	0x49, 0x83, 0xc4, 0x06, //0x00002096 addq         $6, %r12
	//0x0000209a LBB0_255
	0xc4, 0x41, 0x35, 0x76, 0xc9, //0x0000209a vpcmpeqd     %ymm9, %ymm9, %ymm9
	0xc5, 0xfe, 0x6f, 0x25, 0x39, 0xe1, 0xff, 0xff, //0x0000209f vmovdqu      $-7879(%rip), %ymm4  /* LCPI0_19+0(%rip) */
	0x4c, 0x8b, 0x5c, 0x24, 0x30, //0x000020a7 movq         $48(%rsp), %r11
	0x4d, 0x85, 0xe4, //0x000020ac testq        %r12, %r12
	0x0f, 0x89, 0x7c, 0x00, 0x00, 0x00, //0x000020af jns          LBB0_259
	0xe9, 0xf3, 0x2a, 0x00, 0x00, //0x000020b5 jmp          LBB0_256
	//0x000020ba LBB0_227
	0x49, 0x0f, 0xbc, 0xc7, //0x000020ba bsfq         %r15, %rax
	0x48, 0x39, 0xf8, //0x000020be cmpq         %rdi, %rax
	0x0f, 0x83, 0xad, 0xfd, 0xff, 0xff, //0x000020c1 jae          LBB0_236
	0x48, 0x01, 0xc8, //0x000020c7 addq         %rcx, %rax
	0x4c, 0x39, 0xe0, //0x000020ca cmpq         %r12, %rax
	0x0f, 0x8c, 0x5e, 0x00, 0x00, 0x00, //0x000020cd jl           LBB0_259
	0x48, 0x8d, 0x50, 0x01, //0x000020d3 leaq         $1(%rax), %rdx
	0x4c, 0x8b, 0x64, 0x24, 0x50, //0x000020d7 movq         $80(%rsp), %r12
	0x49, 0x29, 0xd4, //0x000020dc subq         %rdx, %r12
	0x0f, 0x84, 0xdc, 0x2a, 0x00, 0x00, //0x000020df je           LBB0_257
	0x48, 0x89, 0x44, 0x24, 0x28, //0x000020e5 movq         %rax, $40(%rsp)
	0x48, 0x89, 0xd0, //0x000020ea movq         %rdx, %rax
	0x48, 0x89, 0x54, 0x24, 0x58, //0x000020ed movq         %rdx, $88(%rsp)
	0x41, 0x0f, 0xbe, 0x14, 0x13, //0x000020f2 movsbl       (%r11,%rdx), %edx
	0x48, 0xc7, 0x44, 0x24, 0x40, 0xfe, 0xff, 0xff, 0xff, //0x000020f7 movq         $-2, $64(%rsp)
	0x83, 0xc2, 0xde, //0x00002100 addl         $-34, %edx
	0x83, 0xfa, 0x53, //0x00002103 cmpl         $83, %edx
	0x0f, 0x87, 0xf5, 0x2c, 0x00, 0x00, //0x00002106 ja           LBB0_928
	0x4c, 0x8d, 0x15, 0x29, 0x30, 0x00, 0x00, //0x0000210c leaq         $12329(%rip), %r10  /* LJTI0_2+0(%rip) */
	0x49, 0x63, 0x04, 0x92, //0x00002113 movslq       (%r10,%rdx,4), %rax
	0x4c, 0x01, 0xd0, //0x00002117 addq         %r10, %rax
	0x4c, 0x8b, 0x54, 0x24, 0x28, //0x0000211a movq         $40(%rsp), %r10
	0xff, 0xe0, //0x0000211f jmpq         *%rax
	//0x00002121 LBB0_258
	0x49, 0x83, 0xc2, 0x02, //0x00002121 addq         $2, %r10
	0x4d, 0x89, 0xd4, //0x00002125 movq         %r10, %r12
	0x4d, 0x85, 0xe4, //0x00002128 testq        %r12, %r12
	0x0f, 0x88, 0x7c, 0x2a, 0x00, 0x00, //0x0000212b js           LBB0_256
	//0x00002131 LBB0_259
	0x49, 0x8d, 0x47, 0xff, //0x00002131 leaq         $-1(%r15), %rax
	0x49, 0x21, 0xc7, //0x00002135 andq         %rax, %r15
	0x0f, 0x84, 0x36, 0xfd, 0xff, 0xff, //0x00002138 je           LBB0_236
	0xe9, 0x77, 0xff, 0xff, 0xff, //0x0000213e jmp          LBB0_227
	//0x00002143 LBB0_260
	0x48, 0x85, 0xd2, //0x00002143 testq        %rdx, %rdx
	0x4c, 0x8b, 0x7c, 0x24, 0x38, //0x00002146 movq         $56(%rsp), %r15
	0x0f, 0x84, 0xe4, 0x01, 0x00, 0x00, //0x0000214b je           LBB0_283
	0x48, 0x0f, 0xbc, 0xc2, //0x00002151 bsfq         %rdx, %rax
	0xe9, 0xe0, 0x01, 0x00, 0x00, //0x00002155 jmp          LBB0_284
	//0x0000215a LBB0_262
	0x41, 0xbe, 0x40, 0x00, 0x00, 0x00, //0x0000215a movl         $64, %r14d
	//0x00002160 LBB0_263
	0x4c, 0x8b, 0x6c, 0x24, 0x20, //0x00002160 movq         $32(%rsp), %r13
	0x4c, 0x8b, 0x54, 0x24, 0x48, //0x00002165 movq         $72(%rsp), %r10
	0x4c, 0x8b, 0x7c, 0x24, 0x38, //0x0000216a movq         $56(%rsp), %r15
	0x49, 0x39, 0xf6, //0x0000216f cmpq         %rsi, %r14
	0x0f, 0x82, 0x51, 0x2c, 0x00, 0x00, //0x00002172 jb           LBB0_900
	0x4c, 0x8d, 0x24, 0x31, //0x00002178 leaq         (%rcx,%rsi), %r12
	0x49, 0x83, 0xc4, 0x01, //0x0000217c addq         $1, %r12
	0x49, 0x89, 0xc6, //0x00002180 movq         %rax, %r14
	0xe9, 0xc4, 0xed, 0xff, 0xff, //0x00002183 jmp          LBB0_33
	//0x00002188 LBB0_135
	0x89, 0xc8, //0x00002188 movl         %ecx, %eax
	0x49, 0x01, 0xc6, //0x0000218a addq         %rax, %r14
	0x4d, 0x01, 0xee, //0x0000218d addq         %r13, %r14
	0x4c, 0x8b, 0x6c, 0x24, 0x20, //0x00002190 movq         $32(%rsp), %r13
	0x4c, 0x8b, 0x7c, 0x24, 0x38, //0x00002195 movq         $56(%rsp), %r15
	0x48, 0xc7, 0xc1, 0xff, 0xff, 0xff, 0xff, //0x0000219a movq         $-1, %rcx
	0x4d, 0x85, 0xdb, //0x000021a1 testq        %r11, %r11
	0x0f, 0x85, 0x18, 0x00, 0x00, 0x00, //0x000021a4 jne          LBB0_267
	0xe9, 0xd3, 0x29, 0x00, 0x00, //0x000021aa jmp          LBB0_860
	//0x000021af LBB0_265
	0x49, 0x01, 0xce, //0x000021af addq         %rcx, %r14
	//0x000021b2 LBB0_266
	0x48, 0xc7, 0xc1, 0xff, 0xff, 0xff, 0xff, //0x000021b2 movq         $-1, %rcx
	0x4d, 0x85, 0xdb, //0x000021b9 testq        %r11, %r11
	0x0f, 0x84, 0xc0, 0x29, 0x00, 0x00, //0x000021bc je           LBB0_860
	//0x000021c2 LBB0_267
	0x4d, 0x85, 0xe4, //0x000021c2 testq        %r12, %r12
	0x0f, 0x84, 0xb7, 0x29, 0x00, 0x00, //0x000021c5 je           LBB0_860
	0x4d, 0x85, 0xd2, //0x000021cb testq        %r10, %r10
	0x0f, 0x84, 0xae, 0x29, 0x00, 0x00, //0x000021ce je           LBB0_860
	0x4d, 0x29, 0xc6, //0x000021d4 subq         %r8, %r14
	0x49, 0x8d, 0x4e, 0xff, //0x000021d7 leaq         $-1(%r14), %rcx
	0x49, 0x39, 0xcb, //0x000021db cmpq         %rcx, %r11
	0x0f, 0x84, 0x91, 0x00, 0x00, 0x00, //0x000021de je           LBB0_275
	0x49, 0x39, 0xcc, //0x000021e4 cmpq         %rcx, %r12
	0x0f, 0x84, 0x88, 0x00, 0x00, 0x00, //0x000021e7 je           LBB0_275
	0x49, 0x39, 0xca, //0x000021ed cmpq         %rcx, %r10
	0x0f, 0x84, 0x7f, 0x00, 0x00, 0x00, //0x000021f0 je           LBB0_275
	0x4d, 0x85, 0xe4, //0x000021f6 testq        %r12, %r12
	0xc5, 0xfe, 0x6f, 0x2d, 0xff, 0xdd, 0xff, 0xff, //0x000021f9 vmovdqu      $-8705(%rip), %ymm5  /* LCPI0_0+0(%rip) */
	0xc5, 0xfe, 0x6f, 0x35, 0x77, 0xde, 0xff, 0xff, //0x00002201 vmovdqu      $-8585(%rip), %ymm6  /* LCPI0_7+0(%rip) */
	0xc5, 0xfe, 0x6f, 0x3d, 0x8f, 0xde, 0xff, 0xff, //0x00002209 vmovdqu      $-8561(%rip), %ymm7  /* LCPI0_8+0(%rip) */
	0xc5, 0x7e, 0x6f, 0x05, 0x07, 0xdf, 0xff, 0xff, //0x00002211 vmovdqu      $-8441(%rip), %ymm8  /* LCPI0_13+0(%rip) */
	0xc4, 0x41, 0x35, 0x76, 0xc9, //0x00002219 vpcmpeqd     %ymm9, %ymm9, %ymm9
	0xc5, 0x7e, 0x6f, 0x15, 0x1a, 0xdf, 0xff, 0xff, //0x0000221e vmovdqu      $-8422(%rip), %ymm10  /* LCPI0_14+0(%rip) */
	0xc5, 0x7e, 0x6f, 0x1d, 0x32, 0xdf, 0xff, 0xff, //0x00002226 vmovdqu      $-8398(%rip), %ymm11  /* LCPI0_15+0(%rip) */
	0xc5, 0x7e, 0x6f, 0x25, 0x4a, 0xdf, 0xff, 0xff, //0x0000222e vmovdqu      $-8374(%rip), %ymm12  /* LCPI0_16+0(%rip) */
	0xc5, 0x7e, 0x6f, 0x2d, 0x62, 0xdf, 0xff, 0xff, //0x00002236 vmovdqu      $-8350(%rip), %ymm13  /* LCPI0_17+0(%rip) */
	0xc5, 0x7e, 0x6f, 0x35, 0xfa, 0xdd, 0xff, 0xff, //0x0000223e vmovdqu      $-8710(%rip), %ymm14  /* LCPI0_2+0(%rip) */
	0xc5, 0x7e, 0x6f, 0x3d, 0x72, 0xdf, 0xff, 0xff, //0x00002246 vmovdqu      $-8334(%rip), %ymm15  /* LCPI0_18+0(%rip) */
	0xc5, 0xfe, 0x6f, 0x25, 0x8a, 0xdf, 0xff, 0xff, //0x0000224e vmovdqu      $-8310(%rip), %ymm4  /* LCPI0_19+0(%rip) */
	0x0f, 0x8e, 0xb6, 0x00, 0x00, 0x00, //0x00002256 jle          LBB0_280
	0x49, 0x8d, 0x44, 0x24, 0xff, //0x0000225c leaq         $-1(%r12), %rax
	0x49, 0x39, 0xc2, //0x00002261 cmpq         %rax, %r10
	0x0f, 0x84, 0xa8, 0x00, 0x00, 0x00, //0x00002264 je           LBB0_280
	0x49, 0xf7, 0xd4, //0x0000226a notq         %r12
	0x4d, 0x89, 0xe6, //0x0000226d movq         %r12, %r14
	0xe9, 0x60, 0x00, 0x00, 0x00, //0x00002270 jmp          LBB0_276
	//0x00002275 LBB0_275
	0x49, 0xf7, 0xde, //0x00002275 negq         %r14
	0xc5, 0xfe, 0x6f, 0x2d, 0x80, 0xdd, 0xff, 0xff, //0x00002278 vmovdqu      $-8832(%rip), %ymm5  /* LCPI0_0+0(%rip) */
	0xc5, 0xfe, 0x6f, 0x35, 0xf8, 0xdd, 0xff, 0xff, //0x00002280 vmovdqu      $-8712(%rip), %ymm6  /* LCPI0_7+0(%rip) */
	0xc5, 0xfe, 0x6f, 0x3d, 0x10, 0xde, 0xff, 0xff, //0x00002288 vmovdqu      $-8688(%rip), %ymm7  /* LCPI0_8+0(%rip) */
	0xc5, 0x7e, 0x6f, 0x05, 0x88, 0xde, 0xff, 0xff, //0x00002290 vmovdqu      $-8568(%rip), %ymm8  /* LCPI0_13+0(%rip) */
	0xc4, 0x41, 0x35, 0x76, 0xc9, //0x00002298 vpcmpeqd     %ymm9, %ymm9, %ymm9
	0xc5, 0x7e, 0x6f, 0x15, 0x9b, 0xde, 0xff, 0xff, //0x0000229d vmovdqu      $-8549(%rip), %ymm10  /* LCPI0_14+0(%rip) */
	0xc5, 0x7e, 0x6f, 0x1d, 0xb3, 0xde, 0xff, 0xff, //0x000022a5 vmovdqu      $-8525(%rip), %ymm11  /* LCPI0_15+0(%rip) */
	0xc5, 0x7e, 0x6f, 0x25, 0xcb, 0xde, 0xff, 0xff, //0x000022ad vmovdqu      $-8501(%rip), %ymm12  /* LCPI0_16+0(%rip) */
	0xc5, 0x7e, 0x6f, 0x2d, 0xe3, 0xde, 0xff, 0xff, //0x000022b5 vmovdqu      $-8477(%rip), %ymm13  /* LCPI0_17+0(%rip) */
	0xc5, 0x7e, 0x6f, 0x35, 0x7b, 0xdd, 0xff, 0xff, //0x000022bd vmovdqu      $-8837(%rip), %ymm14  /* LCPI0_2+0(%rip) */
	0xc5, 0x7e, 0x6f, 0x3d, 0xf3, 0xde, 0xff, 0xff, //0x000022c5 vmovdqu      $-8461(%rip), %ymm15  /* LCPI0_18+0(%rip) */
	0xc5, 0xfe, 0x6f, 0x25, 0x0b, 0xdf, 0xff, 0xff, //0x000022cd vmovdqu      $-8437(%rip), %ymm4  /* LCPI0_19+0(%rip) */
	//0x000022d5 LBB0_276
	0x4d, 0x85, 0xf6, //0x000022d5 testq        %r14, %r14
	0x0f, 0x88, 0xa1, 0x28, 0x00, 0x00, //0x000022d8 js           LBB0_859
	0x4d, 0x8b, 0x65, 0x00, //0x000022de movq         (%r13), %r12
	//0x000022e2 LBB0_278
	0x4d, 0x01, 0xf4, //0x000022e2 addq         %r14, %r12
	0x49, 0x83, 0xc4, 0xff, //0x000022e5 addq         $-1, %r12
	//0x000022e9 LBB0_279
	0x4d, 0x89, 0x65, 0x00, //0x000022e9 movq         %r12, (%r13)
	0x4d, 0x89, 0xc8, //0x000022ed movq         %r9, %r8
	0x48, 0xb8, 0xfe, 0xff, 0xff, 0xff, 0xff, 0xff, 0xff, 0x7f, //0x000022f0 movabsq      $9223372036854775806, %rax
	0x49, 0x39, 0xc1, //0x000022fa cmpq         %rax, %r9
	0x4c, 0x8b, 0x74, 0x24, 0x78, //0x000022fd movq         $120(%rsp), %r14
	0x4c, 0x8b, 0x54, 0x24, 0x48, //0x00002302 movq         $72(%rsp), %r10
	0x0f, 0x86, 0x62, 0xec, 0xff, 0xff, //0x00002307 jbe          LBB0_35
	0xe9, 0x86, 0x28, 0x00, 0x00, //0x0000230d jmp          LBB0_907
	//0x00002312 LBB0_280
	0x4c, 0x89, 0xd8, //0x00002312 movq         %r11, %rax
	0x4c, 0x09, 0xd0, //0x00002315 orq          %r10, %rax
	0x0f, 0x99, 0xc1, //0x00002318 setns        %cl
	0x0f, 0x88, 0x1d, 0x06, 0x00, 0x00, //0x0000231b js           LBB0_379
	0x4d, 0x39, 0xd3, //0x00002321 cmpq         %r10, %r11
	0x0f, 0x8c, 0x14, 0x06, 0x00, 0x00, //0x00002324 jl           LBB0_379
	0x49, 0xf7, 0xd3, //0x0000232a notq         %r11
	0x4d, 0x89, 0xde, //0x0000232d movq         %r11, %r14
	0xe9, 0xa0, 0xff, 0xff, 0xff, //0x00002330 jmp          LBB0_276
	//0x00002335 LBB0_283
	0xb8, 0x40, 0x00, 0x00, 0x00, //0x00002335 movl         $64, %eax
	//0x0000233a LBB0_284
	0x4c, 0x8b, 0x6c, 0x24, 0x20, //0x0000233a movq         $32(%rsp), %r13
	0x4d, 0x89, 0xc6, //0x0000233f movq         %r8, %r14
	0x4c, 0x8b, 0x54, 0x24, 0x48, //0x00002342 movq         $72(%rsp), %r10
	0x48, 0x39, 0xf8, //0x00002347 cmpq         %rdi, %rax
	0x0f, 0x82, 0x8a, 0x2a, 0x00, 0x00, //0x0000234a jb           LBB0_904
	0x4c, 0x8d, 0x24, 0x39, //0x00002350 leaq         (%rcx,%rdi), %r12
	0x49, 0x83, 0xc4, 0x01, //0x00002354 addq         $1, %r12
	//0x00002358 LBB0_286
	0x4d, 0x85, 0xe4, //0x00002358 testq        %r12, %r12
	0x0f, 0x88, 0x4c, 0x28, 0x00, 0x00, //0x0000235b js           LBB0_256
	0x4d, 0x89, 0x65, 0x00, //0x00002361 movq         %r12, (%r13)
	0x4d, 0x89, 0xc8, //0x00002365 movq         %r9, %r8
	0x48, 0xb8, 0xfe, 0xff, 0xff, 0xff, 0xff, 0xff, 0xff, 0x7f, //0x00002368 movabsq      $9223372036854775806, %rax
	0x49, 0x39, 0xc1, //0x00002372 cmpq         %rax, %r9
	0x0f, 0x87, 0x1d, 0x28, 0x00, 0x00, //0x00002375 ja           LBB0_907
	0x49, 0x8b, 0x02, //0x0000237b movq         (%r10), %rax
	0x48, 0x3d, 0xff, 0x0f, 0x00, 0x00, //0x0000237e cmpq         $4095, %rax
	0x0f, 0x8f, 0xb6, 0x27, 0x00, 0x00, //0x00002384 jg           LBB0_877
	0x48, 0x8d, 0x48, 0x01, //0x0000238a leaq         $1(%rax), %rcx
	0x49, 0x89, 0x0a, //0x0000238e movq         %rcx, (%r10)
	0x49, 0xc7, 0x44, 0xc2, 0x08, 0x04, 0x00, 0x00, 0x00, //0x00002391 movq         $4, $8(%r10,%rax,8)
	0xe9, 0xd0, 0xeb, 0xff, 0xff, //0x0000239a jmp          LBB0_35
	//0x0000239f LBB0_290
	0x49, 0x8b, 0x46, 0x08, //0x0000239f movq         $8(%r14), %rax
	0x48, 0x8d, 0x48, 0xfc, //0x000023a3 leaq         $-4(%rax), %rcx
	0x49, 0x39, 0xc9, //0x000023a7 cmpq         %rcx, %r9
	0x0f, 0x83, 0x24, 0x28, 0x00, 0x00, //0x000023aa jae          LBB0_878
	0x43, 0x8b, 0x0c, 0x23, //0x000023b0 movl         (%r11,%r12), %ecx
	0x81, 0xf9, 0x61, 0x6c, 0x73, 0x65, //0x000023b4 cmpl         $1702063201, %ecx
	0x0f, 0x85, 0xf7, 0x28, 0x00, 0x00, //0x000023ba jne          LBB0_884
	0x4d, 0x8d, 0x61, 0x05, //0x000023c0 leaq         $5(%r9), %r12
	0xe9, 0x8c, 0xeb, 0xff, 0xff, //0x000023c4 jmp          LBB0_34
	//0x000023c9 LBB0_293
	0x49, 0x8b, 0x02, //0x000023c9 movq         (%r10), %rax
	0x48, 0x3d, 0xff, 0x0f, 0x00, 0x00, //0x000023cc cmpq         $4095, %rax
	0x0f, 0x8f, 0x68, 0x27, 0x00, 0x00, //0x000023d2 jg           LBB0_877
	0x48, 0x8d, 0x48, 0x01, //0x000023d8 leaq         $1(%rax), %rcx
	0x49, 0x89, 0x0a, //0x000023dc movq         %rcx, (%r10)
	0x49, 0xc7, 0x44, 0xc2, 0x08, 0x05, 0x00, 0x00, 0x00, //0x000023df movq         $5, $8(%r10,%rax,8)
	0xe9, 0x82, 0xeb, 0xff, 0xff, //0x000023e8 jmp          LBB0_35
	//0x000023ed LBB0_295
	0x49, 0x8b, 0x4e, 0x08, //0x000023ed movq         $8(%r14), %rcx
	0x48, 0x8b, 0x84, 0x24, 0x98, 0x00, 0x00, 0x00, //0x000023f1 movq         $152(%rsp), %rax
	0xa8, 0x20, //0x000023f9 testb        $32, %al
	0x48, 0x89, 0x4c, 0x24, 0x50, //0x000023fb movq         %rcx, $80(%rsp)
	0x0f, 0x85, 0x51, 0x05, 0x00, 0x00, //0x00002400 jne          LBB0_380
	0x4c, 0x29, 0xe1, //0x00002406 subq         %r12, %rcx
	0x0f, 0x84, 0xdf, 0x29, 0x00, 0x00, //0x00002409 je           LBB0_908
	0x48, 0x83, 0xf9, 0x40, //0x0000240f cmpq         $64, %rcx
	0x0f, 0x82, 0x61, 0x10, 0x00, 0x00, //0x00002413 jb           LBB0_493
	0x48, 0xc7, 0xc7, 0xfe, 0xff, 0xff, 0xff, //0x00002419 movq         $-2, %rdi
	0x4c, 0x29, 0xcf, //0x00002420 subq         %r9, %rdi
	0x4d, 0x8d, 0x61, 0x01, //0x00002423 leaq         $1(%r9), %r12
	0x48, 0xc7, 0x44, 0x24, 0x18, 0xff, 0xff, 0xff, 0xff, //0x00002427 movq         $-1, $24(%rsp)
	0x45, 0x31, 0xc0, //0x00002430 xorl         %r8d, %r8d
	0x90, 0x90, 0x90, 0x90, 0x90, 0x90, 0x90, 0x90, 0x90, 0x90, 0x90, 0x90, 0x90, //0x00002433 .p2align 4, 0x90
	//0x00002440 LBB0_299
	0xc4, 0x81, 0x7e, 0x6f, 0x04, 0x23, //0x00002440 vmovdqu      (%r11,%r12), %ymm0
	0xc4, 0x81, 0x7e, 0x6f, 0x4c, 0x23, 0x20, //0x00002446 vmovdqu      $32(%r11,%r12), %ymm1
	0xc5, 0xfd, 0x74, 0xd6, //0x0000244d vpcmpeqb     %ymm6, %ymm0, %ymm2
	0xc5, 0xfd, 0xd7, 0xda, //0x00002451 vpmovmskb    %ymm2, %ebx
	0xc5, 0xf5, 0x74, 0xd6, //0x00002455 vpcmpeqb     %ymm6, %ymm1, %ymm2
	0xc5, 0xfd, 0xd7, 0xc2, //0x00002459 vpmovmskb    %ymm2, %eax
	0xc5, 0xfd, 0x74, 0xc7, //0x0000245d vpcmpeqb     %ymm7, %ymm0, %ymm0
	0xc5, 0xfd, 0xd7, 0xd0, //0x00002461 vpmovmskb    %ymm0, %edx
	0xc5, 0xf5, 0x74, 0xc7, //0x00002465 vpcmpeqb     %ymm7, %ymm1, %ymm0
	0xc5, 0xfd, 0xd7, 0xf0, //0x00002469 vpmovmskb    %ymm0, %esi
	0x48, 0xc1, 0xe0, 0x20, //0x0000246d shlq         $32, %rax
	0x48, 0x09, 0xc3, //0x00002471 orq          %rax, %rbx
	0x48, 0xc1, 0xe6, 0x20, //0x00002474 shlq         $32, %rsi
	0x48, 0x09, 0xf2, //0x00002478 orq          %rsi, %rdx
	0x0f, 0x85, 0x30, 0x00, 0x00, 0x00, //0x0000247b jne          LBB0_308
	0x4d, 0x85, 0xc0, //0x00002481 testq        %r8, %r8
	0x0f, 0x85, 0x3f, 0x00, 0x00, 0x00, //0x00002484 jne          LBB0_310
	0x45, 0x31, 0xc0, //0x0000248a xorl         %r8d, %r8d
	0x48, 0x85, 0xdb, //0x0000248d testq        %rbx, %rbx
	0x0f, 0x85, 0x8a, 0x00, 0x00, 0x00, //0x00002490 jne          LBB0_311
	//0x00002496 LBB0_302
	0x48, 0x83, 0xc1, 0xc0, //0x00002496 addq         $-64, %rcx
	0x48, 0x83, 0xc7, 0xc0, //0x0000249a addq         $-64, %rdi
	0x49, 0x83, 0xc4, 0x40, //0x0000249e addq         $64, %r12
	0x48, 0x83, 0xf9, 0x3f, //0x000024a2 cmpq         $63, %rcx
	0x0f, 0x87, 0x94, 0xff, 0xff, 0xff, //0x000024a6 ja           LBB0_299
	0xe9, 0xda, 0x0c, 0x00, 0x00, //0x000024ac jmp          LBB0_303
	//0x000024b1 LBB0_308
	0x48, 0x83, 0x7c, 0x24, 0x18, 0xff, //0x000024b1 cmpq         $-1, $24(%rsp)
	0x0f, 0x85, 0x0c, 0x00, 0x00, 0x00, //0x000024b7 jne          LBB0_310
	0x48, 0x0f, 0xbc, 0xf2, //0x000024bd bsfq         %rdx, %rsi
	0x4c, 0x01, 0xe6, //0x000024c1 addq         %r12, %rsi
	0x48, 0x89, 0x74, 0x24, 0x18, //0x000024c4 movq         %rsi, $24(%rsp)
	//0x000024c9 LBB0_310
	0x4c, 0x89, 0xc0, //0x000024c9 movq         %r8, %rax
	0x48, 0xf7, 0xd0, //0x000024cc notq         %rax
	0x48, 0x21, 0xd0, //0x000024cf andq         %rdx, %rax
	0x4c, 0x8d, 0x14, 0x00, //0x000024d2 leaq         (%rax,%rax), %r10
	0x4d, 0x09, 0xc2, //0x000024d6 orq          %r8, %r10
	0x4c, 0x89, 0xd6, //0x000024d9 movq         %r10, %rsi
	0x48, 0xf7, 0xd6, //0x000024dc notq         %rsi
	0x48, 0x21, 0xd6, //0x000024df andq         %rdx, %rsi
	0x48, 0xba, 0xaa, 0xaa, 0xaa, 0xaa, 0xaa, 0xaa, 0xaa, 0xaa, //0x000024e2 movabsq      $-6148914691236517206, %rdx
	0x48, 0x21, 0xd6, //0x000024ec andq         %rdx, %rsi
	0x45, 0x31, 0xc0, //0x000024ef xorl         %r8d, %r8d
	0x48, 0x01, 0xc6, //0x000024f2 addq         %rax, %rsi
	0x41, 0x0f, 0x92, 0xc0, //0x000024f5 setb         %r8b
	0x48, 0x01, 0xf6, //0x000024f9 addq         %rsi, %rsi
	0x48, 0xb8, 0x55, 0x55, 0x55, 0x55, 0x55, 0x55, 0x55, 0x55, //0x000024fc movabsq      $6148914691236517205, %rax
	0x48, 0x31, 0xc6, //0x00002506 xorq         %rax, %rsi
	0x4c, 0x21, 0xd6, //0x00002509 andq         %r10, %rsi
	0x48, 0xf7, 0xd6, //0x0000250c notq         %rsi
	0x48, 0x21, 0xf3, //0x0000250f andq         %rsi, %rbx
	0x4c, 0x8b, 0x7c, 0x24, 0x38, //0x00002512 movq         $56(%rsp), %r15
	0x48, 0x85, 0xdb, //0x00002517 testq        %rbx, %rbx
	0x0f, 0x84, 0x76, 0xff, 0xff, 0xff, //0x0000251a je           LBB0_302
	//0x00002520 LBB0_311
	0x4c, 0x0f, 0xbc, 0xe3, //0x00002520 bsfq         %rbx, %r12
	0x49, 0x29, 0xfc, //0x00002524 subq         %rdi, %r12
	0x4c, 0x8b, 0x54, 0x24, 0x48, //0x00002527 movq         $72(%rsp), %r10
	0xe9, 0x84, 0x08, 0x00, 0x00, //0x0000252c jmp          LBB0_426
	//0x00002531 LBB0_312
	0x4c, 0x89, 0x74, 0x24, 0x78, //0x00002531 movq         %r14, $120(%rsp)
	0x49, 0x8b, 0x4e, 0x08, //0x00002536 movq         $8(%r14), %rcx
	0x49, 0x89, 0xce, //0x0000253a movq         %rcx, %r14
	0x4d, 0x29, 0xe6, //0x0000253d subq         %r12, %r14
	0x4d, 0x85, 0xf6, //0x00002540 testq        %r14, %r14
	0x0f, 0x8e, 0xaf, 0x28, 0x00, 0x00, //0x00002543 jle          LBB0_905
	0x43, 0x8a, 0x0c, 0x23, //0x00002549 movb         (%r11,%r12), %cl
	0x8d, 0x41, 0xd0, //0x0000254d leal         $-48(%rcx), %eax
	0x49, 0xc7, 0xc0, 0xfe, 0xff, 0xff, 0xff, //0x00002550 movq         $-2, %r8
	0x3c, 0x09, //0x00002557 cmpb         $9, %al
	0x0f, 0x87, 0x39, 0x26, 0x00, 0x00, //0x00002559 ja           LBB0_907
	0x4b, 0x8d, 0x04, 0x23, //0x0000255f leaq         (%r11,%r12), %rax
	0x48, 0x89, 0x44, 0x24, 0x18, //0x00002563 movq         %rax, $24(%rsp)
	0x80, 0xf9, 0x30, //0x00002568 cmpb         $48, %cl
	0x0f, 0x85, 0x38, 0x00, 0x00, 0x00, //0x0000256b jne          LBB0_318
	0xbb, 0x01, 0x00, 0x00, 0x00, //0x00002571 movl         $1, %ebx
	0x49, 0x83, 0xfe, 0x01, //0x00002576 cmpq         $1, %r14
	0x0f, 0x84, 0xfe, 0x0c, 0x00, 0x00, //0x0000257a je           LBB0_470
	0x48, 0x8b, 0x44, 0x24, 0x18, //0x00002580 movq         $24(%rsp), %rax
	0x8a, 0x40, 0x01, //0x00002585 movb         $1(%rax), %al
	0x04, 0xd2, //0x00002588 addb         $-46, %al
	0x3c, 0x37, //0x0000258a cmpb         $55, %al
	0x0f, 0x87, 0xec, 0x0c, 0x00, 0x00, //0x0000258c ja           LBB0_470
	0x0f, 0xb6, 0xc0, //0x00002592 movzbl       %al, %eax
	0x48, 0xb9, 0x01, 0x00, 0x80, 0x00, 0x00, 0x00, 0x80, 0x00, //0x00002595 movabsq      $36028797027352577, %rcx
	0x48, 0x0f, 0xa3, 0xc1, //0x0000259f btq          %rax, %rcx
	0x0f, 0x83, 0xd5, 0x0c, 0x00, 0x00, //0x000025a3 jae          LBB0_470
	//0x000025a9 LBB0_318
	0x49, 0xc7, 0xc5, 0xff, 0xff, 0xff, 0xff, //0x000025a9 movq         $-1, %r13
	0x49, 0x83, 0xfe, 0x20, //0x000025b0 cmpq         $32, %r14
	0x0f, 0x82, 0x99, 0x0e, 0x00, 0x00, //0x000025b4 jb           LBB0_492
	0x31, 0xdb, //0x000025ba xorl         %ebx, %ebx
	0x49, 0xc7, 0xc4, 0xff, 0xff, 0xff, 0xff, //0x000025bc movq         $-1, %r12
	0x49, 0xc7, 0xc2, 0xff, 0xff, 0xff, 0xff, //0x000025c3 movq         $-1, %r10
	0x90, 0x90, 0x90, 0x90, 0x90, 0x90, //0x000025ca .p2align 4, 0x90
	//0x000025d0 LBB0_320
	0x48, 0x8b, 0x44, 0x24, 0x18, //0x000025d0 movq         $24(%rsp), %rax
	0xc5, 0xfe, 0x6f, 0x04, 0x18, //0x000025d5 vmovdqu      (%rax,%rbx), %ymm0
	0xc4, 0xc1, 0x7d, 0x64, 0xca, //0x000025da vpcmpgtb     %ymm10, %ymm0, %ymm1
	0xc5, 0xa5, 0x64, 0xd0, //0x000025df vpcmpgtb     %ymm0, %ymm11, %ymm2
	0xc5, 0xed, 0xdb, 0xc9, //0x000025e3 vpand        %ymm1, %ymm2, %ymm1
	0xc5, 0x9d, 0x74, 0xd0, //0x000025e7 vpcmpeqb     %ymm0, %ymm12, %ymm2
	0xc5, 0x95, 0x74, 0xd8, //0x000025eb vpcmpeqb     %ymm0, %ymm13, %ymm3
	0xc5, 0xe5, 0xeb, 0xd2, //0x000025ef vpor         %ymm2, %ymm3, %ymm2
	0xc5, 0x8d, 0xdb, 0xd8, //0x000025f3 vpand        %ymm0, %ymm14, %ymm3
	0xc5, 0x85, 0x74, 0xc0, //0x000025f7 vpcmpeqb     %ymm0, %ymm15, %ymm0
	0xc5, 0xfd, 0xd7, 0xf8, //0x000025fb vpmovmskb    %ymm0, %edi
	0xc5, 0xe5, 0x74, 0xdc, //0x000025ff vpcmpeqb     %ymm4, %ymm3, %ymm3
	0xc5, 0xfd, 0xd7, 0xd3, //0x00002603 vpmovmskb    %ymm3, %edx
	0xc5, 0xfd, 0xd7, 0xf2, //0x00002607 vpmovmskb    %ymm2, %esi
	0xc5, 0xf5, 0xeb, 0xc0, //0x0000260b vpor         %ymm0, %ymm1, %ymm0
	0xc5, 0xe5, 0xeb, 0xca, //0x0000260f vpor         %ymm2, %ymm3, %ymm1
	0xc5, 0xfd, 0xeb, 0xc1, //0x00002613 vpor         %ymm1, %ymm0, %ymm0
	0xc5, 0xfd, 0xd7, 0xc0, //0x00002617 vpmovmskb    %ymm0, %eax
	0x48, 0xf7, 0xd0, //0x0000261b notq         %rax
	0x48, 0x0f, 0xbc, 0xc8, //0x0000261e bsfq         %rax, %rcx
	0x83, 0xf9, 0x20, //0x00002622 cmpl         $32, %ecx
	0x0f, 0x84, 0x11, 0x00, 0x00, 0x00, //0x00002625 je           LBB0_322
	0xb8, 0xff, 0xff, 0xff, 0xff, //0x0000262b movl         $-1, %eax
	0xd3, 0xe0, //0x00002630 shll         %cl, %eax
	0xf7, 0xd0, //0x00002632 notl         %eax
	0x21, 0xc7, //0x00002634 andl         %eax, %edi
	0x21, 0xc2, //0x00002636 andl         %eax, %edx
	0x21, 0xf0, //0x00002638 andl         %esi, %eax
	0x89, 0xc6, //0x0000263a movl         %eax, %esi
	//0x0000263c LBB0_322
	0x8d, 0x47, 0xff, //0x0000263c leal         $-1(%rdi), %eax
	0x21, 0xf8, //0x0000263f andl         %edi, %eax
	0x0f, 0x85, 0xf3, 0x0a, 0x00, 0x00, //0x00002641 jne          LBB0_457
	0x8d, 0x42, 0xff, //0x00002647 leal         $-1(%rdx), %eax
	0x21, 0xd0, //0x0000264a andl         %edx, %eax
	0x0f, 0x85, 0xe8, 0x0a, 0x00, 0x00, //0x0000264c jne          LBB0_457
	0x8d, 0x46, 0xff, //0x00002652 leal         $-1(%rsi), %eax
	0x21, 0xf0, //0x00002655 andl         %esi, %eax
	0x0f, 0x85, 0xdd, 0x0a, 0x00, 0x00, //0x00002657 jne          LBB0_457
	0x85, 0xff, //0x0000265d testl        %edi, %edi
	0x0f, 0x84, 0x13, 0x00, 0x00, 0x00, //0x0000265f je           LBB0_328
	0x0f, 0xbc, 0xff, //0x00002665 bsfl         %edi, %edi
	0x49, 0x83, 0xfa, 0xff, //0x00002668 cmpq         $-1, %r10
	0x0f, 0x85, 0xf2, 0x0b, 0x00, 0x00, //0x0000266c jne          LBB0_465
	0x48, 0x01, 0xdf, //0x00002672 addq         %rbx, %rdi
	0x49, 0x89, 0xfa, //0x00002675 movq         %rdi, %r10
	//0x00002678 LBB0_328
	0x85, 0xd2, //0x00002678 testl        %edx, %edx
	0x0f, 0x84, 0x13, 0x00, 0x00, 0x00, //0x0000267a je           LBB0_331
	0x0f, 0xbc, 0xd2, //0x00002680 bsfl         %edx, %edx
	0x49, 0x83, 0xfc, 0xff, //0x00002683 cmpq         $-1, %r12
	0x0f, 0x85, 0xd0, 0x0b, 0x00, 0x00, //0x00002687 jne          LBB0_464
	0x48, 0x01, 0xda, //0x0000268d addq         %rbx, %rdx
	0x49, 0x89, 0xd4, //0x00002690 movq         %rdx, %r12
	//0x00002693 LBB0_331
	0x85, 0xf6, //0x00002693 testl        %esi, %esi
	0x0f, 0x84, 0x13, 0x00, 0x00, 0x00, //0x00002695 je           LBB0_334
	0x0f, 0xbc, 0xd6, //0x0000269b bsfl         %esi, %edx
	0x49, 0x83, 0xfd, 0xff, //0x0000269e cmpq         $-1, %r13
	0x0f, 0x85, 0xb5, 0x0b, 0x00, 0x00, //0x000026a2 jne          LBB0_464
	0x48, 0x01, 0xda, //0x000026a8 addq         %rbx, %rdx
	0x49, 0x89, 0xd5, //0x000026ab movq         %rdx, %r13
	//0x000026ae LBB0_334
	0x83, 0xf9, 0x20, //0x000026ae cmpl         $32, %ecx
	0x0f, 0x85, 0xab, 0x06, 0x00, 0x00, //0x000026b1 jne          LBB0_420
	0x49, 0x83, 0xc6, 0xe0, //0x000026b7 addq         $-32, %r14
	0x48, 0x83, 0xc3, 0x20, //0x000026bb addq         $32, %rbx
	0x49, 0x83, 0xfe, 0x1f, //0x000026bf cmpq         $31, %r14
	0x0f, 0x87, 0x07, 0xff, 0xff, 0xff, //0x000026c3 ja           LBB0_320
	0xc5, 0xf8, 0x77, //0x000026c9 vzeroupper
	0x48, 0x03, 0x5c, 0x24, 0x18, //0x000026cc addq         $24(%rsp), %rbx
	0x4c, 0x89, 0x6c, 0x24, 0x50, //0x000026d1 movq         %r13, $80(%rsp)
	0x49, 0x83, 0xfe, 0x10, //0x000026d6 cmpq         $16, %r14
	0x0f, 0x82, 0x40, 0x01, 0x00, 0x00, //0x000026da jb           LBB0_355
	//0x000026e0 LBB0_337
	0x48, 0x89, 0xd8, //0x000026e0 movq         %rbx, %rax
	0x4c, 0x29, 0xc8, //0x000026e3 subq         %r9, %rax
	0x4d, 0x89, 0xdd, //0x000026e6 movq         %r11, %r13
	0x49, 0xf7, 0xd5, //0x000026e9 notq         %r13
	0x49, 0x01, 0xc5, //0x000026ec addq         %rax, %r13
	0x45, 0x31, 0xff, //0x000026ef xorl         %r15d, %r15d
	//0x000026f2 LBB0_338
	0xc4, 0xa1, 0x7a, 0x6f, 0x04, 0x3b, //0x000026f2 vmovdqu      (%rbx,%r15), %xmm0
	0xc5, 0xf9, 0x64, 0x0d, 0x40, 0xdb, 0xff, 0xff, //0x000026f8 vpcmpgtb     $-9408(%rip), %xmm0, %xmm1  /* LCPI0_20+0(%rip) */
	0xc5, 0xfa, 0x6f, 0x15, 0x48, 0xdb, 0xff, 0xff, //0x00002700 vmovdqu      $-9400(%rip), %xmm2  /* LCPI0_21+0(%rip) */
	0xc5, 0xe9, 0x64, 0xd0, //0x00002708 vpcmpgtb     %xmm0, %xmm2, %xmm2
	0xc5, 0xf1, 0xdb, 0xca, //0x0000270c vpand        %xmm2, %xmm1, %xmm1
	0xc5, 0xf9, 0x74, 0x15, 0x48, 0xdb, 0xff, 0xff, //0x00002710 vpcmpeqb     $-9400(%rip), %xmm0, %xmm2  /* LCPI0_22+0(%rip) */
	0xc5, 0xf9, 0x74, 0x1d, 0x50, 0xdb, 0xff, 0xff, //0x00002718 vpcmpeqb     $-9392(%rip), %xmm0, %xmm3  /* LCPI0_23+0(%rip) */
	0xc5, 0xe1, 0xeb, 0xd2, //0x00002720 vpor         %xmm2, %xmm3, %xmm2
	0xc5, 0xf9, 0xdb, 0x1d, 0xe4, 0xda, 0xff, 0xff, //0x00002724 vpand        $-9500(%rip), %xmm0, %xmm3  /* LCPI0_5+0(%rip) */
	0xc5, 0xf9, 0x74, 0x05, 0x4c, 0xdb, 0xff, 0xff, //0x0000272c vpcmpeqb     $-9396(%rip), %xmm0, %xmm0  /* LCPI0_24+0(%rip) */
	0xc5, 0xe1, 0x74, 0x1d, 0x54, 0xdb, 0xff, 0xff, //0x00002734 vpcmpeqb     $-9388(%rip), %xmm3, %xmm3  /* LCPI0_25+0(%rip) */
	0xc5, 0xe1, 0xeb, 0xe0, //0x0000273c vpor         %xmm0, %xmm3, %xmm4
	0xc5, 0xe9, 0xeb, 0xc9, //0x00002740 vpor         %xmm1, %xmm2, %xmm1
	0xc5, 0xd9, 0xeb, 0xc9, //0x00002744 vpor         %xmm1, %xmm4, %xmm1
	0xc5, 0x79, 0xd7, 0xc0, //0x00002748 vpmovmskb    %xmm0, %r8d
	0xc5, 0xf9, 0xd7, 0xfb, //0x0000274c vpmovmskb    %xmm3, %edi
	0xc5, 0xf9, 0xd7, 0xd2, //0x00002750 vpmovmskb    %xmm2, %edx
	0xc5, 0xf9, 0xd7, 0xc1, //0x00002754 vpmovmskb    %xmm1, %eax
	0xf7, 0xd0, //0x00002758 notl         %eax
	0x0f, 0xbc, 0xc8, //0x0000275a bsfl         %eax, %ecx
	0x83, 0xf9, 0x10, //0x0000275d cmpl         $16, %ecx
	0x0f, 0x84, 0x12, 0x00, 0x00, 0x00, //0x00002760 je           LBB0_340
	0xb8, 0xff, 0xff, 0xff, 0xff, //0x00002766 movl         $-1, %eax
	0xd3, 0xe0, //0x0000276b shll         %cl, %eax
	0xf7, 0xd0, //0x0000276d notl         %eax
	0x41, 0x21, 0xc0, //0x0000276f andl         %eax, %r8d
	0x21, 0xc7, //0x00002772 andl         %eax, %edi
	0x21, 0xd0, //0x00002774 andl         %edx, %eax
	0x89, 0xc2, //0x00002776 movl         %eax, %edx
	//0x00002778 LBB0_340
	0x41, 0x8d, 0x40, 0xff, //0x00002778 leal         $-1(%r8), %eax
	0x44, 0x21, 0xc0, //0x0000277c andl         %r8d, %eax
	0x0f, 0x85, 0xe5, 0x09, 0x00, 0x00, //0x0000277f jne          LBB0_460
	0x8d, 0x47, 0xff, //0x00002785 leal         $-1(%rdi), %eax
	0x21, 0xf8, //0x00002788 andl         %edi, %eax
	0x0f, 0x85, 0xda, 0x09, 0x00, 0x00, //0x0000278a jne          LBB0_460
	0x8d, 0x42, 0xff, //0x00002790 leal         $-1(%rdx), %eax
	0x21, 0xd0, //0x00002793 andl         %edx, %eax
	0x0f, 0x85, 0xcf, 0x09, 0x00, 0x00, //0x00002795 jne          LBB0_460
	0x45, 0x85, 0xc0, //0x0000279b testl        %r8d, %r8d
	0x0f, 0x84, 0x17, 0x00, 0x00, 0x00, //0x0000279e je           LBB0_346
	0x41, 0x0f, 0xbc, 0xf0, //0x000027a4 bsfl         %r8d, %esi
	0x49, 0x83, 0xfa, 0xff, //0x000027a8 cmpq         $-1, %r10
	0x0f, 0x85, 0xd1, 0x0b, 0x00, 0x00, //0x000027ac jne          LBB0_480
	0x4c, 0x01, 0xee, //0x000027b2 addq         %r13, %rsi
	0x4c, 0x01, 0xfe, //0x000027b5 addq         %r15, %rsi
	0x49, 0x89, 0xf2, //0x000027b8 movq         %rsi, %r10
	//0x000027bb LBB0_346
	0x49, 0xc7, 0xc0, 0xfe, 0xff, 0xff, 0xff, //0x000027bb movq         $-2, %r8
	0x85, 0xff, //0x000027c2 testl        %edi, %edi
	0x0f, 0x84, 0x16, 0x00, 0x00, 0x00, //0x000027c4 je           LBB0_349
	0x0f, 0xbc, 0xf7, //0x000027ca bsfl         %edi, %esi
	0x49, 0x83, 0xfc, 0xff, //0x000027cd cmpq         $-1, %r12
	0x0f, 0x85, 0xb3, 0x0b, 0x00, 0x00, //0x000027d1 jne          LBB0_481
	0x4c, 0x01, 0xee, //0x000027d7 addq         %r13, %rsi
	0x4c, 0x01, 0xfe, //0x000027da addq         %r15, %rsi
	0x49, 0x89, 0xf4, //0x000027dd movq         %rsi, %r12
	//0x000027e0 LBB0_349
	0x85, 0xd2, //0x000027e0 testl        %edx, %edx
	0x0f, 0x84, 0x1a, 0x00, 0x00, 0x00, //0x000027e2 je           LBB0_352
	0x0f, 0xbc, 0xd2, //0x000027e8 bsfl         %edx, %edx
	0x48, 0x83, 0x7c, 0x24, 0x50, 0xff, //0x000027eb cmpq         $-1, $80(%rsp)
	0x0f, 0x85, 0x9a, 0x0b, 0x00, 0x00, //0x000027f1 jne          LBB0_482
	0x4c, 0x01, 0xea, //0x000027f7 addq         %r13, %rdx
	0x4c, 0x01, 0xfa, //0x000027fa addq         %r15, %rdx
	0x48, 0x89, 0x54, 0x24, 0x50, //0x000027fd movq         %rdx, $80(%rsp)
	//0x00002802 LBB0_352
	0x83, 0xf9, 0x10, //0x00002802 cmpl         $16, %ecx
	0x0f, 0x85, 0xb8, 0x05, 0x00, 0x00, //0x00002805 jne          LBB0_429
	0x49, 0x83, 0xc6, 0xf0, //0x0000280b addq         $-16, %r14
	0x49, 0x83, 0xc7, 0x10, //0x0000280f addq         $16, %r15
	0x49, 0x83, 0xfe, 0x0f, //0x00002813 cmpq         $15, %r14
	0x0f, 0x87, 0xd5, 0xfe, 0xff, 0xff, //0x00002817 ja           LBB0_338
	0x4c, 0x01, 0xfb, //0x0000281d addq         %r15, %rbx
	//0x00002820 LBB0_355
	0x4d, 0x85, 0xf6, //0x00002820 testq        %r14, %r14
	0x4c, 0x8b, 0x7c, 0x24, 0x38, //0x00002823 movq         $56(%rsp), %r15
	0x48, 0x8d, 0x35, 0xcd, 0x36, 0x00, 0x00, //0x00002828 leaq         $14029(%rip), %rsi  /* LJTI0_12+0(%rip) */
	0x4c, 0x8b, 0x6c, 0x24, 0x50, //0x0000282f movq         $80(%rsp), %r13
	0x0f, 0x84, 0xab, 0x05, 0x00, 0x00, //0x00002834 je           LBB0_432
	0x4e, 0x8d, 0x04, 0x33, //0x0000283a leaq         (%rbx,%r14), %r8
	0x48, 0x89, 0xd8, //0x0000283e movq         %rbx, %rax
	0x4c, 0x29, 0xc8, //0x00002841 subq         %r9, %rax
	0x4c, 0x89, 0xda, //0x00002844 movq         %r11, %rdx
	0x48, 0xf7, 0xd2, //0x00002847 notq         %rdx
	0x48, 0x01, 0xc2, //0x0000284a addq         %rax, %rdx
	0x31, 0xc9, //0x0000284d xorl         %ecx, %ecx
	0xe9, 0x29, 0x00, 0x00, 0x00, //0x0000284f jmp          LBB0_361
	//0x00002854 LBB0_357
	0x83, 0xff, 0x65, //0x00002854 cmpl         $101, %edi
	0x0f, 0x85, 0x85, 0x05, 0x00, 0x00, //0x00002857 jne          LBB0_431
	//0x0000285d LBB0_358
	0x49, 0x83, 0xfc, 0xff, //0x0000285d cmpq         $-1, %r12
	0x0f, 0x85, 0x7c, 0x09, 0x00, 0x00, //0x00002861 jne          LBB0_462
	0x4c, 0x8d, 0x24, 0x0a, //0x00002867 leaq         (%rdx,%rcx), %r12
	0x90, 0x90, 0x90, 0x90, 0x90, //0x0000286b .p2align 4, 0x90
	//0x00002870 LBB0_360
	0x48, 0x83, 0xc1, 0x01, //0x00002870 addq         $1, %rcx
	0x49, 0x39, 0xce, //0x00002874 cmpq         %rcx, %r14
	0x0f, 0x84, 0xa1, 0x08, 0x00, 0x00, //0x00002877 je           LBB0_456
	//0x0000287d LBB0_361
	0x0f, 0xbe, 0x3c, 0x0b, //0x0000287d movsbl       (%rbx,%rcx), %edi
	0x8d, 0x47, 0xd0, //0x00002881 leal         $-48(%rdi), %eax
	0x83, 0xf8, 0x0a, //0x00002884 cmpl         $10, %eax
	0x0f, 0x82, 0xe3, 0xff, 0xff, 0xff, //0x00002887 jb           LBB0_360
	0x8d, 0x47, 0xd5, //0x0000288d leal         $-43(%rdi), %eax
	0x83, 0xf8, 0x1a, //0x00002890 cmpl         $26, %eax
	0x0f, 0x87, 0xbb, 0xff, 0xff, 0xff, //0x00002893 ja           LBB0_357
	0x48, 0x63, 0x04, 0x86, //0x00002899 movslq       (%rsi,%rax,4), %rax
	0x48, 0x01, 0xf0, //0x0000289d addq         %rsi, %rax
	0xff, 0xe0, //0x000028a0 jmpq         *%rax
	//0x000028a2 LBB0_364
	0x49, 0x83, 0xfd, 0xff, //0x000028a2 cmpq         $-1, %r13
	0x0f, 0x85, 0x37, 0x09, 0x00, 0x00, //0x000028a6 jne          LBB0_462
	0x4c, 0x8d, 0x2c, 0x0a, //0x000028ac leaq         (%rdx,%rcx), %r13
	0xe9, 0xbb, 0xff, 0xff, 0xff, //0x000028b0 jmp          LBB0_360
	//0x000028b5 LBB0_366
	0x49, 0x83, 0xfa, 0xff, //0x000028b5 cmpq         $-1, %r10
	0x0f, 0x85, 0x24, 0x09, 0x00, 0x00, //0x000028b9 jne          LBB0_462
	0x4c, 0x8d, 0x14, 0x0a, //0x000028bf leaq         (%rdx,%rcx), %r10
	0xe9, 0xa8, 0xff, 0xff, 0xff, //0x000028c3 jmp          LBB0_360
	//0x000028c8 LBB0_368
	0x49, 0x8b, 0x46, 0x08, //0x000028c8 movq         $8(%r14), %rax
	0x48, 0x8d, 0x48, 0xfd, //0x000028cc leaq         $-3(%rax), %rcx
	0x49, 0x39, 0xc9, //0x000028d0 cmpq         %rcx, %r9
	0x0f, 0x83, 0xfb, 0x22, 0x00, 0x00, //0x000028d3 jae          LBB0_878
	0x48, 0x8b, 0x44, 0x24, 0x18, //0x000028d9 movq         $24(%rsp), %rax
	0x81, 0x38, 0x6e, 0x75, 0x6c, 0x6c, //0x000028de cmpl         $1819047278, (%rax)
	0x0f, 0x84, 0x4b, 0x00, 0x00, 0x00, //0x000028e4 je           LBB0_378
	0xe9, 0x21, 0x24, 0x00, 0x00, //0x000028ea jmp          LBB0_370
	//0x000028ef LBB0_374
	0x49, 0x8b, 0x02, //0x000028ef movq         (%r10), %rax
	0x48, 0x3d, 0xff, 0x0f, 0x00, 0x00, //0x000028f2 cmpq         $4095, %rax
	0x0f, 0x8f, 0x42, 0x22, 0x00, 0x00, //0x000028f8 jg           LBB0_877
	0x48, 0x8d, 0x48, 0x01, //0x000028fe leaq         $1(%rax), %rcx
	0x49, 0x89, 0x0a, //0x00002902 movq         %rcx, (%r10)
	0x49, 0xc7, 0x44, 0xc2, 0x08, 0x06, 0x00, 0x00, 0x00, //0x00002905 movq         $6, $8(%r10,%rax,8)
	0xe9, 0x5c, 0xe6, 0xff, 0xff, //0x0000290e jmp          LBB0_35
	//0x00002913 LBB0_376
	0x49, 0x8b, 0x46, 0x08, //0x00002913 movq         $8(%r14), %rax
	0x48, 0x8d, 0x48, 0xfd, //0x00002917 leaq         $-3(%rax), %rcx
	0x49, 0x39, 0xc9, //0x0000291b cmpq         %rcx, %r9
	0x0f, 0x83, 0xb0, 0x22, 0x00, 0x00, //0x0000291e jae          LBB0_878
	0x48, 0x8b, 0x44, 0x24, 0x18, //0x00002924 movq         $24(%rsp), %rax
	0x81, 0x38, 0x74, 0x72, 0x75, 0x65, //0x00002929 cmpl         $1702195828, (%rax)
	0x0f, 0x85, 0x2d, 0x23, 0x00, 0x00, //0x0000292f jne          LBB0_879
	//0x00002935 LBB0_378
	0x4d, 0x8d, 0x61, 0x04, //0x00002935 leaq         $4(%r9), %r12
	0xe9, 0x17, 0xe6, 0xff, 0xff, //0x00002939 jmp          LBB0_34
	//0x0000293e LBB0_379
	0x49, 0x8d, 0x42, 0xff, //0x0000293e leaq         $-1(%r10), %rax
	0x49, 0x39, 0xc3, //0x00002942 cmpq         %rax, %r11
	0x49, 0xf7, 0xd2, //0x00002945 notq         %r10
	0x4d, 0x0f, 0x45, 0xd6, //0x00002948 cmovneq      %r14, %r10
	0x84, 0xc9, //0x0000294c testb        %cl, %cl
	0x4d, 0x0f, 0x45, 0xf2, //0x0000294e cmovneq      %r10, %r14
	0xe9, 0x7e, 0xf9, 0xff, 0xff, //0x00002952 jmp          LBB0_276
	//0x00002957 LBB0_380
	0x4d, 0x89, 0xf7, //0x00002957 movq         %r14, %r15
	0x49, 0x89, 0xce, //0x0000295a movq         %rcx, %r14
	0x4d, 0x29, 0xe6, //0x0000295d subq         %r12, %r14
	0x0f, 0x84, 0x88, 0x24, 0x00, 0x00, //0x00002960 je           LBB0_908
	0x4b, 0x8d, 0x0c, 0x23, //0x00002966 leaq         (%r11,%r12), %rcx
	0x49, 0x83, 0xfe, 0x40, //0x0000296a cmpq         $64, %r14
	0x0f, 0x82, 0x24, 0x0b, 0x00, 0x00, //0x0000296e jb           LBB0_494
	0x48, 0xc7, 0x44, 0x24, 0x18, 0xff, 0xff, 0xff, 0xff, //0x00002974 movq         $-1, $24(%rsp)
	0x45, 0x31, 0xed, //0x0000297d xorl         %r13d, %r13d
	//0x00002980 .p2align 4, 0x90
	//0x00002980 LBB0_383
	0xc5, 0xfe, 0x6f, 0x01, //0x00002980 vmovdqu      (%rcx), %ymm0
	0xc5, 0xfe, 0x6f, 0x49, 0x20, //0x00002984 vmovdqu      $32(%rcx), %ymm1
	0xc5, 0xfd, 0x74, 0xd6, //0x00002989 vpcmpeqb     %ymm6, %ymm0, %ymm2
	0xc5, 0xfd, 0xd7, 0xda, //0x0000298d vpmovmskb    %ymm2, %ebx
	0xc5, 0xf5, 0x74, 0xd6, //0x00002991 vpcmpeqb     %ymm6, %ymm1, %ymm2
	0xc5, 0xfd, 0xd7, 0xc2, //0x00002995 vpmovmskb    %ymm2, %eax
	0xc5, 0xfd, 0x74, 0xd7, //0x00002999 vpcmpeqb     %ymm7, %ymm0, %ymm2
	0xc5, 0xfd, 0xd7, 0xd2, //0x0000299d vpmovmskb    %ymm2, %edx
	0xc5, 0xf5, 0x74, 0xd7, //0x000029a1 vpcmpeqb     %ymm7, %ymm1, %ymm2
	0xc5, 0xfd, 0xd7, 0xf2, //0x000029a5 vpmovmskb    %ymm2, %esi
	0x48, 0xc1, 0xe0, 0x20, //0x000029a9 shlq         $32, %rax
	0x48, 0x09, 0xc3, //0x000029ad orq          %rax, %rbx
	0x48, 0xc1, 0xe6, 0x20, //0x000029b0 shlq         $32, %rsi
	0x48, 0x09, 0xf2, //0x000029b4 orq          %rsi, %rdx
	0x0f, 0x85, 0x30, 0x00, 0x00, 0x00, //0x000029b7 jne          LBB0_392
	0x4d, 0x85, 0xed, //0x000029bd testq        %r13, %r13
	0x0f, 0x85, 0x45, 0x00, 0x00, 0x00, //0x000029c0 jne          LBB0_394
	0x45, 0x31, 0xed, //0x000029c6 xorl         %r13d, %r13d
	0x45, 0x31, 0xc0, //0x000029c9 xorl         %r8d, %r8d
	0x48, 0x85, 0xdb, //0x000029cc testq        %rbx, %rbx
	0x0f, 0x84, 0x8b, 0x00, 0x00, 0x00, //0x000029cf je           LBB0_395
	//0x000029d5 LBB0_386
	0x48, 0x0f, 0xbc, 0xfb, //0x000029d5 bsfq         %rbx, %rdi
	0x48, 0x89, 0xce, //0x000029d9 movq         %rcx, %rsi
	0x4c, 0x29, 0xde, //0x000029dc subq         %r11, %rsi
	0x4d, 0x85, 0xc0, //0x000029df testq        %r8, %r8
	0x0f, 0x84, 0x8c, 0x00, 0x00, 0x00, //0x000029e2 je           LBB0_396
	0xe9, 0xe1, 0x02, 0x00, 0x00, //0x000029e8 jmp          LBB0_387
	//0x000029ed LBB0_392
	0x48, 0x83, 0x7c, 0x24, 0x18, 0xff, //0x000029ed cmpq         $-1, $24(%rsp)
	0x0f, 0x85, 0x12, 0x00, 0x00, 0x00, //0x000029f3 jne          LBB0_394
	0x48, 0x89, 0xc8, //0x000029f9 movq         %rcx, %rax
	0x4c, 0x29, 0xd8, //0x000029fc subq         %r11, %rax
	0x48, 0x0f, 0xbc, 0xf2, //0x000029ff bsfq         %rdx, %rsi
	0x48, 0x01, 0xc6, //0x00002a03 addq         %rax, %rsi
	0x48, 0x89, 0x74, 0x24, 0x18, //0x00002a06 movq         %rsi, $24(%rsp)
	//0x00002a0b LBB0_394
	0x4d, 0x89, 0xe8, //0x00002a0b movq         %r13, %r8
	0x49, 0xf7, 0xd0, //0x00002a0e notq         %r8
	0x49, 0x21, 0xd0, //0x00002a11 andq         %rdx, %r8
	0x4b, 0x8d, 0x04, 0x00, //0x00002a14 leaq         (%r8,%r8), %rax
	0x4c, 0x09, 0xe8, //0x00002a18 orq          %r13, %rax
	0x48, 0x89, 0xc6, //0x00002a1b movq         %rax, %rsi
	0x48, 0xf7, 0xd6, //0x00002a1e notq         %rsi
	0x48, 0x21, 0xd6, //0x00002a21 andq         %rdx, %rsi
	0x48, 0xba, 0xaa, 0xaa, 0xaa, 0xaa, 0xaa, 0xaa, 0xaa, 0xaa, //0x00002a24 movabsq      $-6148914691236517206, %rdx
	0x48, 0x21, 0xd6, //0x00002a2e andq         %rdx, %rsi
	0x45, 0x31, 0xed, //0x00002a31 xorl         %r13d, %r13d
	0x4c, 0x01, 0xc6, //0x00002a34 addq         %r8, %rsi
	0x41, 0x0f, 0x92, 0xc5, //0x00002a37 setb         %r13b
	0x48, 0x01, 0xf6, //0x00002a3b addq         %rsi, %rsi
	0x48, 0xba, 0x55, 0x55, 0x55, 0x55, 0x55, 0x55, 0x55, 0x55, //0x00002a3e movabsq      $6148914691236517205, %rdx
	0x48, 0x31, 0xd6, //0x00002a48 xorq         %rdx, %rsi
	0x48, 0x21, 0xc6, //0x00002a4b andq         %rax, %rsi
	0x48, 0xf7, 0xd6, //0x00002a4e notq         %rsi
	0x48, 0x21, 0xf3, //0x00002a51 andq         %rsi, %rbx
	0x48, 0x85, 0xdb, //0x00002a54 testq        %rbx, %rbx
	0x0f, 0x85, 0x78, 0xff, 0xff, 0xff, //0x00002a57 jne          LBB0_386
	0x90, 0x90, 0x90, //0x00002a5d .p2align 4, 0x90
	//0x00002a60 LBB0_395
	0xbf, 0x40, 0x00, 0x00, 0x00, //0x00002a60 movl         $64, %edi
	0x48, 0x89, 0xce, //0x00002a65 movq         %rcx, %rsi
	0x4c, 0x29, 0xde, //0x00002a68 subq         %r11, %rsi
	0x4d, 0x85, 0xc0, //0x00002a6b testq        %r8, %r8
	0x0f, 0x85, 0x5a, 0x02, 0x00, 0x00, //0x00002a6e jne          LBB0_387
	//0x00002a74 LBB0_396
	0xc5, 0xbd, 0x64, 0xd1, //0x00002a74 vpcmpgtb     %ymm1, %ymm8, %ymm2
	0xc4, 0xc1, 0x75, 0x64, 0xc9, //0x00002a78 vpcmpgtb     %ymm9, %ymm1, %ymm1
	0xc5, 0xed, 0xdb, 0xc9, //0x00002a7d vpand        %ymm1, %ymm2, %ymm1
	0xc5, 0xfd, 0xd7, 0xc1, //0x00002a81 vpmovmskb    %ymm1, %eax
	0x48, 0xc1, 0xe0, 0x20, //0x00002a85 shlq         $32, %rax
	0xc5, 0xbd, 0x64, 0xc8, //0x00002a89 vpcmpgtb     %ymm0, %ymm8, %ymm1
	0xc4, 0xc1, 0x7d, 0x64, 0xc1, //0x00002a8d vpcmpgtb     %ymm9, %ymm0, %ymm0
	0xc5, 0xf5, 0xdb, 0xc0, //0x00002a92 vpand        %ymm0, %ymm1, %ymm0
	0xc5, 0xfd, 0xd7, 0xd0, //0x00002a96 vpmovmskb    %ymm0, %edx
	0x48, 0x09, 0xc2, //0x00002a9a orq          %rax, %rdx
	0x48, 0x85, 0xdb, //0x00002a9d testq        %rbx, %rbx
	0x0f, 0x85, 0xaa, 0x02, 0x00, 0x00, //0x00002aa0 jne          LBB0_418
	0x48, 0x85, 0xd2, //0x00002aa6 testq        %rdx, %rdx
	0x0f, 0x85, 0xd1, 0x22, 0x00, 0x00, //0x00002aa9 jne          LBB0_892
	0x48, 0x83, 0xc1, 0x40, //0x00002aaf addq         $64, %rcx
	0x49, 0x83, 0xc6, 0xc0, //0x00002ab3 addq         $-64, %r14
	0x49, 0x83, 0xfe, 0x3f, //0x00002ab7 cmpq         $63, %r14
	0x0f, 0x87, 0xbf, 0xfe, 0xff, 0xff, //0x00002abb ja           LBB0_383
	0xe9, 0xde, 0x09, 0x00, 0x00, //0x00002ac1 jmp          LBB0_495
	//0x00002ac6 LBB0_399
	0x48, 0x89, 0x54, 0x24, 0x28, //0x00002ac6 movq         %rdx, $40(%rsp)
	0x4c, 0x89, 0x5c, 0x24, 0x30, //0x00002acb movq         %r11, $48(%rsp)
	0x48, 0x83, 0x7c, 0x24, 0x40, 0x05, //0x00002ad0 cmpq         $5, $64(%rsp)
	0x0f, 0x82, 0x75, 0x21, 0x00, 0x00, //0x00002ad6 jb           LBB0_428
	0x48, 0x8b, 0x44, 0x24, 0x58, //0x00002adc movq         $88(%rsp), %rax
	0x48, 0x8b, 0x54, 0x24, 0x30, //0x00002ae1 movq         $48(%rsp), %rdx
	0x44, 0x8b, 0x64, 0x02, 0x01, //0x00002ae6 movl         $1(%rdx,%rax), %r12d
	0x44, 0x89, 0xe2, //0x00002aeb movl         %r12d, %edx
	0xf7, 0xd2, //0x00002aee notl         %edx
	0x41, 0x8d, 0x84, 0x24, 0xd0, 0xcf, 0xcf, 0xcf, //0x00002af0 leal         $-808464432(%r12), %eax
	0x81, 0xe2, 0x80, 0x80, 0x80, 0x80, //0x00002af8 andl         $-2139062144, %edx
	0x89, 0x54, 0x24, 0x60, //0x00002afe movl         %edx, $96(%rsp)
	0x85, 0xc2, //0x00002b02 testl        %eax, %edx
	0x0f, 0x85, 0x10, 0x23, 0x00, 0x00, //0x00002b04 jne          LBB0_930
	0x41, 0x8d, 0x84, 0x24, 0x19, 0x19, 0x19, 0x19, //0x00002b0a leal         $421075225(%r12), %eax
	0x44, 0x09, 0xe0, //0x00002b12 orl          %r12d, %eax
	0xa9, 0x80, 0x80, 0x80, 0x80, //0x00002b15 testl        $-2139062144, %eax
	0x0f, 0x85, 0xfa, 0x22, 0x00, 0x00, //0x00002b1a jne          LBB0_930
	0x44, 0x89, 0xe2, //0x00002b20 movl         %r12d, %edx
	0x81, 0xe2, 0x7f, 0x7f, 0x7f, 0x7f, //0x00002b23 andl         $2139062143, %edx
	0xb8, 0xc0, 0xc0, 0xc0, 0xc0, //0x00002b29 movl         $-1061109568, %eax
	0x29, 0xd0, //0x00002b2e subl         %edx, %eax
	0x44, 0x8d, 0x9a, 0x46, 0x46, 0x46, 0x46, //0x00002b30 leal         $1179010630(%rdx), %r11d
	0x44, 0x89, 0x5c, 0x24, 0x68, //0x00002b37 movl         %r11d, $104(%rsp)
	0x23, 0x44, 0x24, 0x60, //0x00002b3c andl         $96(%rsp), %eax
	0x85, 0x44, 0x24, 0x68, //0x00002b40 testl        %eax, $104(%rsp)
	0x0f, 0x85, 0xd0, 0x22, 0x00, 0x00, //0x00002b44 jne          LBB0_930
	0xb8, 0xe0, 0xe0, 0xe0, 0xe0, //0x00002b4a movl         $-522133280, %eax
	0x29, 0xd0, //0x00002b4f subl         %edx, %eax
	0x81, 0xc2, 0x39, 0x39, 0x39, 0x39, //0x00002b51 addl         $960051513, %edx
	0x44, 0x8b, 0x5c, 0x24, 0x60, //0x00002b57 movl         $96(%rsp), %r11d
	0x41, 0x21, 0xc3, //0x00002b5c andl         %eax, %r11d
	0x41, 0x85, 0xd3, //0x00002b5f testl        %edx, %r11d
	0x0f, 0x85, 0xb2, 0x22, 0x00, 0x00, //0x00002b62 jne          LBB0_930
	0x41, 0x0f, 0xcc, //0x00002b68 bswapl       %r12d
	0x44, 0x89, 0xe0, //0x00002b6b movl         %r12d, %eax
	0xc1, 0xe8, 0x04, //0x00002b6e shrl         $4, %eax
	0xf7, 0xd0, //0x00002b71 notl         %eax
	0x25, 0x01, 0x01, 0x01, 0x01, //0x00002b73 andl         $16843009, %eax
	0x8d, 0x04, 0xc0, //0x00002b78 leal         (%rax,%rax,8), %eax
	0x41, 0x81, 0xe4, 0x0f, 0x0f, 0x0f, 0x0f, //0x00002b7b andl         $252645135, %r12d
	0x41, 0x01, 0xc4, //0x00002b82 addl         %eax, %r12d
	0x44, 0x89, 0xe0, //0x00002b85 movl         %r12d, %eax
	0xc1, 0xe8, 0x0c, //0x00002b88 shrl         $12, %eax
	0x41, 0xc1, 0xec, 0x08, //0x00002b8b shrl         $8, %r12d
	0x41, 0x09, 0xc4, //0x00002b8f orl          %eax, %r12d
	0x41, 0x81, 0xe4, 0x00, 0xfc, 0x00, 0x00, //0x00002b92 andl         $64512, %r12d
	0x41, 0x81, 0xfc, 0x00, 0xd8, 0x00, 0x00, //0x00002b99 cmpl         $55296, %r12d
	0x0f, 0x85, 0xff, 0x00, 0x00, 0x00, //0x00002ba0 jne          LBB0_414
	0x48, 0x83, 0x7c, 0x24, 0x40, 0x0b, //0x00002ba6 cmpq         $11, $64(%rsp)
	0x0f, 0x82, 0xf3, 0x00, 0x00, 0x00, //0x00002bac jb           LBB0_414
	0x48, 0x8b, 0x44, 0x24, 0x58, //0x00002bb2 movq         $88(%rsp), %rax
	0x48, 0x8b, 0x54, 0x24, 0x30, //0x00002bb7 movq         $48(%rsp), %rdx
	0x80, 0x7c, 0x02, 0x05, 0x5c, //0x00002bbc cmpb         $92, $5(%rdx,%rax)
	0x0f, 0x85, 0xde, 0x00, 0x00, 0x00, //0x00002bc1 jne          LBB0_414
	0x48, 0x8b, 0x44, 0x24, 0x58, //0x00002bc7 movq         $88(%rsp), %rax
	0x48, 0x8b, 0x54, 0x24, 0x30, //0x00002bcc movq         $48(%rsp), %rdx
	0x80, 0x7c, 0x02, 0x06, 0x75, //0x00002bd1 cmpb         $117, $6(%rdx,%rax)
	0x0f, 0x85, 0xc9, 0x00, 0x00, 0x00, //0x00002bd6 jne          LBB0_414
	0x48, 0x8b, 0x44, 0x24, 0x58, //0x00002bdc movq         $88(%rsp), %rax
	0x48, 0x8b, 0x54, 0x24, 0x30, //0x00002be1 movq         $48(%rsp), %rdx
	0x44, 0x8b, 0x54, 0x02, 0x07, //0x00002be6 movl         $7(%rdx,%rax), %r10d
	0x45, 0x89, 0xd4, //0x00002beb movl         %r10d, %r12d
	0x41, 0xf7, 0xd4, //0x00002bee notl         %r12d
	0x41, 0x8d, 0x82, 0xd0, 0xcf, 0xcf, 0xcf, //0x00002bf1 leal         $-808464432(%r10), %eax
	0x41, 0x81, 0xe4, 0x80, 0x80, 0x80, 0x80, //0x00002bf8 andl         $-2139062144, %r12d
	0x41, 0x85, 0xc4, //0x00002bff testl        %eax, %r12d
	0x0f, 0x85, 0x9d, 0x00, 0x00, 0x00, //0x00002c02 jne          LBB0_414
	0x41, 0x8d, 0x82, 0x19, 0x19, 0x19, 0x19, //0x00002c08 leal         $421075225(%r10), %eax
	0x44, 0x09, 0xd0, //0x00002c0f orl          %r10d, %eax
	0xa9, 0x80, 0x80, 0x80, 0x80, //0x00002c12 testl        $-2139062144, %eax
	0x0f, 0x85, 0x88, 0x00, 0x00, 0x00, //0x00002c17 jne          LBB0_414
	0x44, 0x89, 0xd2, //0x00002c1d movl         %r10d, %edx
	0x81, 0xe2, 0x7f, 0x7f, 0x7f, 0x7f, //0x00002c20 andl         $2139062143, %edx
	0xb8, 0xc0, 0xc0, 0xc0, 0xc0, //0x00002c26 movl         $-1061109568, %eax
	0x29, 0xd0, //0x00002c2b subl         %edx, %eax
	0x44, 0x8d, 0x9a, 0x46, 0x46, 0x46, 0x46, //0x00002c2d leal         $1179010630(%rdx), %r11d
	0x44, 0x21, 0xe0, //0x00002c34 andl         %r12d, %eax
	0x44, 0x85, 0xd8, //0x00002c37 testl        %r11d, %eax
	0x0f, 0x85, 0x65, 0x00, 0x00, 0x00, //0x00002c3a jne          LBB0_414
	0xb8, 0xe0, 0xe0, 0xe0, 0xe0, //0x00002c40 movl         $-522133280, %eax
	0x29, 0xd0, //0x00002c45 subl         %edx, %eax
	0x81, 0xc2, 0x39, 0x39, 0x39, 0x39, //0x00002c47 addl         $960051513, %edx
	0x41, 0x21, 0xc4, //0x00002c4d andl         %eax, %r12d
	0x41, 0x85, 0xd4, //0x00002c50 testl        %edx, %r12d
	0x0f, 0x85, 0x4c, 0x00, 0x00, 0x00, //0x00002c53 jne          LBB0_414
	0x41, 0x0f, 0xca, //0x00002c59 bswapl       %r10d
	0x44, 0x89, 0xd0, //0x00002c5c movl         %r10d, %eax
	0xc1, 0xe8, 0x04, //0x00002c5f shrl         $4, %eax
	0xf7, 0xd0, //0x00002c62 notl         %eax
	0x25, 0x01, 0x01, 0x01, 0x01, //0x00002c64 andl         $16843009, %eax
	0x8d, 0x04, 0xc0, //0x00002c69 leal         (%rax,%rax,8), %eax
	0x41, 0x81, 0xe2, 0x0f, 0x0f, 0x0f, 0x0f, //0x00002c6c andl         $252645135, %r10d
	0x41, 0x01, 0xc2, //0x00002c73 addl         %eax, %r10d
	0x44, 0x89, 0xd0, //0x00002c76 movl         %r10d, %eax
	0xc1, 0xe8, 0x0c, //0x00002c79 shrl         $12, %eax
	0x41, 0xc1, 0xea, 0x08, //0x00002c7c shrl         $8, %r10d
	0x41, 0x09, 0xc2, //0x00002c80 orl          %eax, %r10d
	0x41, 0x81, 0xe2, 0x00, 0xfc, 0x00, 0x00, //0x00002c83 andl         $64512, %r10d
	0x41, 0x81, 0xfa, 0x00, 0xdc, 0x00, 0x00, //0x00002c8a cmpl         $56320, %r10d
	0x0f, 0x85, 0x0e, 0x00, 0x00, 0x00, //0x00002c91 jne          LBB0_414
	0x4c, 0x8b, 0x64, 0x24, 0x28, //0x00002c97 movq         $40(%rsp), %r12
	0x49, 0x83, 0xc4, 0x0c, //0x00002c9c addq         $12, %r12
	0xe9, 0x09, 0x00, 0x00, 0x00, //0x00002ca0 jmp          LBB0_415
	//0x00002ca5 LBB0_414
	0x4c, 0x8b, 0x64, 0x24, 0x28, //0x00002ca5 movq         $40(%rsp), %r12
	0x49, 0x83, 0xc4, 0x06, //0x00002caa addq         $6, %r12
	//0x00002cae LBB0_415
	0xc4, 0x41, 0x35, 0x76, 0xc9, //0x00002cae vpcmpeqd     %ymm9, %ymm9, %ymm9
	0xc5, 0xfe, 0x6f, 0x25, 0x25, 0xd5, 0xff, 0xff, //0x00002cb3 vmovdqu      $-10971(%rip), %ymm4  /* LCPI0_19+0(%rip) */
	0x4c, 0x8b, 0x5c, 0x24, 0x30, //0x00002cbb movq         $48(%rsp), %r11
	0x4d, 0x85, 0xe4, //0x00002cc0 testq        %r12, %r12
	0x0f, 0x89, 0x75, 0x00, 0x00, 0x00, //0x00002cc3 jns          LBB0_417
	0xe9, 0x71, 0x1f, 0x00, 0x00, //0x00002cc9 jmp          LBB0_427
	//0x00002cce LBB0_387
	0x49, 0x0f, 0xbc, 0xd0, //0x00002cce bsfq         %r8, %rdx
	0x48, 0x39, 0xfa, //0x00002cd2 cmpq         %rdi, %rdx
	0x0f, 0x83, 0x99, 0xfd, 0xff, 0xff, //0x00002cd5 jae          LBB0_396
	0x48, 0x01, 0xf2, //0x00002cdb addq         %rsi, %rdx
	0x4c, 0x39, 0xe2, //0x00002cde cmpq         %r12, %rdx
	0x0f, 0x8c, 0x57, 0x00, 0x00, 0x00, //0x00002ce1 jl           LBB0_417
	0x4c, 0x8d, 0x52, 0x01, //0x00002ce7 leaq         $1(%rdx), %r10
	0x48, 0x8b, 0x44, 0x24, 0x50, //0x00002ceb movq         $80(%rsp), %rax
	0x4c, 0x29, 0xd0, //0x00002cf0 subq         %r10, %rax
	0x48, 0x89, 0x44, 0x24, 0x40, //0x00002cf3 movq         %rax, $64(%rsp)
	0x0f, 0x84, 0x53, 0x1f, 0x00, 0x00, //0x00002cf8 je           LBB0_428
	0x4c, 0x89, 0xd0, //0x00002cfe movq         %r10, %rax
	0x4c, 0x89, 0x54, 0x24, 0x58, //0x00002d01 movq         %r10, $88(%rsp)
	0x43, 0x0f, 0xbe, 0x04, 0x13, //0x00002d06 movsbl       (%r11,%r10), %eax
	0x49, 0xc7, 0xc2, 0xfe, 0xff, 0xff, 0xff, //0x00002d0b movq         $-2, %r10
	0x83, 0xc0, 0xde, //0x00002d12 addl         $-34, %eax
	0x83, 0xf8, 0x53, //0x00002d15 cmpl         $83, %eax
	0x0f, 0x87, 0x91, 0x20, 0x00, 0x00, //0x00002d18 ja           LBB0_898
	0x4c, 0x8d, 0x25, 0xe7, 0x2d, 0x00, 0x00, //0x00002d1e leaq         $11751(%rip), %r12  /* LJTI0_9+0(%rip) */
	0x49, 0x63, 0x04, 0x84, //0x00002d25 movslq       (%r12,%rax,4), %rax
	0x4c, 0x01, 0xe0, //0x00002d29 addq         %r12, %rax
	0xff, 0xe0, //0x00002d2c jmpq         *%rax
	//0x00002d2e LBB0_416
	0x48, 0x83, 0xc2, 0x02, //0x00002d2e addq         $2, %rdx
	0x49, 0x89, 0xd4, //0x00002d32 movq         %rdx, %r12
	0x4d, 0x85, 0xe4, //0x00002d35 testq        %r12, %r12
	0x0f, 0x88, 0x01, 0x1f, 0x00, 0x00, //0x00002d38 js           LBB0_427
	//0x00002d3e LBB0_417
	0x49, 0x8d, 0x40, 0xff, //0x00002d3e leaq         $-1(%r8), %rax
	0x49, 0x21, 0xc0, //0x00002d42 andq         %rax, %r8
	0x0f, 0x84, 0x29, 0xfd, 0xff, 0xff, //0x00002d45 je           LBB0_396
	0xe9, 0x7e, 0xff, 0xff, 0xff, //0x00002d4b jmp          LBB0_387
	//0x00002d50 LBB0_418
	0x48, 0x85, 0xd2, //0x00002d50 testq        %rdx, %rdx
	0x0f, 0x84, 0x34, 0x00, 0x00, 0x00, //0x00002d53 je           LBB0_422
	0x48, 0x0f, 0xbc, 0xd2, //0x00002d59 bsfq         %rdx, %rdx
	0xe9, 0x30, 0x00, 0x00, 0x00, //0x00002d5d jmp          LBB0_423
	//0x00002d62 LBB0_420
	0x48, 0x01, 0xd9, //0x00002d62 addq         %rbx, %rcx
	0x48, 0x03, 0x4c, 0x24, 0x18, //0x00002d65 addq         $24(%rsp), %rcx
	0xc5, 0xf8, 0x77, //0x00002d6a vzeroupper
	0x48, 0x89, 0xcb, //0x00002d6d movq         %rcx, %rbx
	0xe9, 0x77, 0x00, 0x00, 0x00, //0x00002d70 jmp          LBB0_433
	//0x00002d75 LBB0_421
	0x49, 0x89, 0xd6, //0x00002d75 movq         %rdx, %r14
	0x48, 0xc7, 0xc1, 0xff, 0xff, 0xff, 0xff, //0x00002d78 movq         $-1, %rcx
	0x4d, 0x85, 0xdb, //0x00002d7f testq        %r11, %r11
	0x0f, 0x85, 0x3a, 0xf4, 0xff, 0xff, //0x00002d82 jne          LBB0_267
	0xe9, 0xf5, 0x1d, 0x00, 0x00, //0x00002d88 jmp          LBB0_860
	//0x00002d8d LBB0_422
	0xba, 0x40, 0x00, 0x00, 0x00, //0x00002d8d movl         $64, %edx
	//0x00002d92 LBB0_423
	0x4c, 0x8b, 0x6c, 0x24, 0x20, //0x00002d92 movq         $32(%rsp), %r13
	0x4d, 0x89, 0xfe, //0x00002d97 movq         %r15, %r14
	0x4c, 0x8b, 0x54, 0x24, 0x48, //0x00002d9a movq         $72(%rsp), %r10
	0x48, 0x39, 0xfa, //0x00002d9f cmpq         %rdi, %rdx
	0x0f, 0x82, 0x63, 0x20, 0x00, 0x00, //0x00002da2 jb           LBB0_909
	0x4c, 0x8d, 0x24, 0x3e, //0x00002da8 leaq         (%rsi,%rdi), %r12
	0x49, 0x83, 0xc4, 0x01, //0x00002dac addq         $1, %r12
	//0x00002db0 LBB0_425
	0x4c, 0x8b, 0x7c, 0x24, 0x38, //0x00002db0 movq         $56(%rsp), %r15
	//0x00002db5 LBB0_426
	0x4d, 0x85, 0xe4, //0x00002db5 testq        %r12, %r12
	0x0f, 0x89, 0x97, 0xe1, 0xff, 0xff, //0x00002db8 jns          LBB0_34
	0xe9, 0x7c, 0x1e, 0x00, 0x00, //0x00002dbe jmp          LBB0_427
	//0x00002dc3 LBB0_429
	0x89, 0xc8, //0x00002dc3 movl         %ecx, %eax
	0x48, 0x01, 0xc3, //0x00002dc5 addq         %rax, %rbx
	0x4c, 0x01, 0xfb, //0x00002dc8 addq         %r15, %rbx
	0x4c, 0x8b, 0x7c, 0x24, 0x38, //0x00002dcb movq         $56(%rsp), %r15
	0x4c, 0x8b, 0x6c, 0x24, 0x50, //0x00002dd0 movq         $80(%rsp), %r13
	0xe9, 0x12, 0x00, 0x00, 0x00, //0x00002dd5 jmp          LBB0_433
	//0x00002dda LBB0_430
	0x0f, 0xbc, 0xc0, //0x00002dda bsfl         %eax, %eax
	0xe9, 0x10, 0x03, 0x00, 0x00, //0x00002ddd jmp          LBB0_452
	//0x00002de2 LBB0_431
	0x48, 0x01, 0xcb, //0x00002de2 addq         %rcx, %rbx
	//0x00002de5 LBB0_432
	0x49, 0xc7, 0xc0, 0xfe, 0xff, 0xff, 0xff, //0x00002de5 movq         $-2, %r8
	//0x00002dec LBB0_433
	0x48, 0xc7, 0xc1, 0xff, 0xff, 0xff, 0xff, //0x00002dec movq         $-1, %rcx
	0x4d, 0x85, 0xd2, //0x00002df3 testq        %r10, %r10
	0x0f, 0x84, 0x74, 0x1f, 0x00, 0x00, //0x00002df6 je           LBB0_890
	0x4d, 0x85, 0xed, //0x00002dfc testq        %r13, %r13
	0x0f, 0x84, 0x6b, 0x1f, 0x00, 0x00, //0x00002dff je           LBB0_890
	0x4d, 0x85, 0xe4, //0x00002e05 testq        %r12, %r12
	0x0f, 0x84, 0x62, 0x1f, 0x00, 0x00, //0x00002e08 je           LBB0_890
	0x48, 0x2b, 0x5c, 0x24, 0x18, //0x00002e0e subq         $24(%rsp), %rbx
	0x48, 0x8d, 0x4b, 0xff, //0x00002e13 leaq         $-1(%rbx), %rcx
	0x49, 0x39, 0xca, //0x00002e17 cmpq         %rcx, %r10
	0x0f, 0x84, 0x90, 0x00, 0x00, 0x00, //0x00002e1a je           LBB0_442
	0x49, 0x39, 0xcd, //0x00002e20 cmpq         %rcx, %r13
	0x0f, 0x84, 0x87, 0x00, 0x00, 0x00, //0x00002e23 je           LBB0_442
	0x49, 0x39, 0xcc, //0x00002e29 cmpq         %rcx, %r12
	0x0f, 0x84, 0x7e, 0x00, 0x00, 0x00, //0x00002e2c je           LBB0_442
	0x4d, 0x85, 0xed, //0x00002e32 testq        %r13, %r13
	0xc5, 0xfe, 0x6f, 0x2d, 0xc3, 0xd1, 0xff, 0xff, //0x00002e35 vmovdqu      $-11837(%rip), %ymm5  /* LCPI0_0+0(%rip) */
	0xc5, 0xfe, 0x6f, 0x35, 0x3b, 0xd2, 0xff, 0xff, //0x00002e3d vmovdqu      $-11717(%rip), %ymm6  /* LCPI0_7+0(%rip) */
	0xc5, 0xfe, 0x6f, 0x3d, 0x53, 0xd2, 0xff, 0xff, //0x00002e45 vmovdqu      $-11693(%rip), %ymm7  /* LCPI0_8+0(%rip) */
	0xc5, 0x7e, 0x6f, 0x05, 0xcb, 0xd2, 0xff, 0xff, //0x00002e4d vmovdqu      $-11573(%rip), %ymm8  /* LCPI0_13+0(%rip) */
	0xc4, 0x41, 0x35, 0x76, 0xc9, //0x00002e55 vpcmpeqd     %ymm9, %ymm9, %ymm9
	0xc5, 0x7e, 0x6f, 0x15, 0xde, 0xd2, 0xff, 0xff, //0x00002e5a vmovdqu      $-11554(%rip), %ymm10  /* LCPI0_14+0(%rip) */
	0xc5, 0x7e, 0x6f, 0x1d, 0xf6, 0xd2, 0xff, 0xff, //0x00002e62 vmovdqu      $-11530(%rip), %ymm11  /* LCPI0_15+0(%rip) */
	0xc5, 0x7e, 0x6f, 0x25, 0x0e, 0xd3, 0xff, 0xff, //0x00002e6a vmovdqu      $-11506(%rip), %ymm12  /* LCPI0_16+0(%rip) */
	0xc5, 0x7e, 0x6f, 0x2d, 0x26, 0xd3, 0xff, 0xff, //0x00002e72 vmovdqu      $-11482(%rip), %ymm13  /* LCPI0_17+0(%rip) */
	0xc5, 0x7e, 0x6f, 0x35, 0xbe, 0xd1, 0xff, 0xff, //0x00002e7a vmovdqu      $-11842(%rip), %ymm14  /* LCPI0_2+0(%rip) */
	0xc5, 0x7e, 0x6f, 0x3d, 0x36, 0xd3, 0xff, 0xff, //0x00002e82 vmovdqu      $-11466(%rip), %ymm15  /* LCPI0_18+0(%rip) */
	0xc5, 0xfe, 0x6f, 0x25, 0x4e, 0xd3, 0xff, 0xff, //0x00002e8a vmovdqu      $-11442(%rip), %ymm4  /* LCPI0_19+0(%rip) */
	0x0f, 0x8e, 0x82, 0x00, 0x00, 0x00, //0x00002e92 jle          LBB0_444
	0x49, 0x8d, 0x45, 0xff, //0x00002e98 leaq         $-1(%r13), %rax
	0x49, 0x39, 0xc4, //0x00002e9c cmpq         %rax, %r12
	0x0f, 0x84, 0x75, 0x00, 0x00, 0x00, //0x00002e9f je           LBB0_444
	0x49, 0xf7, 0xd5, //0x00002ea5 notq         %r13
	0x4c, 0x89, 0xeb, //0x00002ea8 movq         %r13, %rbx
	0xe9, 0xbc, 0x03, 0x00, 0x00, //0x00002eab jmp          LBB0_467
	//0x00002eb0 LBB0_442
	0x48, 0xf7, 0xdb, //0x00002eb0 negq         %rbx
	0x4c, 0x8b, 0x6c, 0x24, 0x20, //0x00002eb3 movq         $32(%rsp), %r13
	//0x00002eb8 LBB0_443
	0xc5, 0xfe, 0x6f, 0x2d, 0x40, 0xd1, 0xff, 0xff, //0x00002eb8 vmovdqu      $-11968(%rip), %ymm5  /* LCPI0_0+0(%rip) */
	0xc5, 0xfe, 0x6f, 0x35, 0xb8, 0xd1, 0xff, 0xff, //0x00002ec0 vmovdqu      $-11848(%rip), %ymm6  /* LCPI0_7+0(%rip) */
	0xc5, 0xfe, 0x6f, 0x3d, 0xd0, 0xd1, 0xff, 0xff, //0x00002ec8 vmovdqu      $-11824(%rip), %ymm7  /* LCPI0_8+0(%rip) */
	0xc5, 0x7e, 0x6f, 0x05, 0x48, 0xd2, 0xff, 0xff, //0x00002ed0 vmovdqu      $-11704(%rip), %ymm8  /* LCPI0_13+0(%rip) */
	0xc4, 0x41, 0x35, 0x76, 0xc9, //0x00002ed8 vpcmpeqd     %ymm9, %ymm9, %ymm9
	0xc5, 0x7e, 0x6f, 0x15, 0x5b, 0xd2, 0xff, 0xff, //0x00002edd vmovdqu      $-11685(%rip), %ymm10  /* LCPI0_14+0(%rip) */
	0xc5, 0x7e, 0x6f, 0x1d, 0x73, 0xd2, 0xff, 0xff, //0x00002ee5 vmovdqu      $-11661(%rip), %ymm11  /* LCPI0_15+0(%rip) */
	0xc5, 0x7e, 0x6f, 0x25, 0x8b, 0xd2, 0xff, 0xff, //0x00002eed vmovdqu      $-11637(%rip), %ymm12  /* LCPI0_16+0(%rip) */
	0xc5, 0x7e, 0x6f, 0x2d, 0xa3, 0xd2, 0xff, 0xff, //0x00002ef5 vmovdqu      $-11613(%rip), %ymm13  /* LCPI0_17+0(%rip) */
	0xc5, 0x7e, 0x6f, 0x35, 0x3b, 0xd1, 0xff, 0xff, //0x00002efd vmovdqu      $-11973(%rip), %ymm14  /* LCPI0_2+0(%rip) */
	0xc5, 0x7e, 0x6f, 0x3d, 0xb3, 0xd2, 0xff, 0xff, //0x00002f05 vmovdqu      $-11597(%rip), %ymm15  /* LCPI0_18+0(%rip) */
	0xc5, 0xfe, 0x6f, 0x25, 0xcb, 0xd2, 0xff, 0xff, //0x00002f0d vmovdqu      $-11573(%rip), %ymm4  /* LCPI0_19+0(%rip) */
	0xe9, 0x57, 0x03, 0x00, 0x00, //0x00002f15 jmp          LBB0_468
	//0x00002f1a LBB0_444
	0x4c, 0x89, 0xd0, //0x00002f1a movq         %r10, %rax
	0x4c, 0x09, 0xe0, //0x00002f1d orq          %r12, %rax
	0x0f, 0x99, 0xc1, //0x00002f20 setns        %cl
	0x0f, 0x88, 0x2d, 0x01, 0x00, 0x00, //0x00002f23 js           LBB0_447
	0x4d, 0x39, 0xe2, //0x00002f29 cmpq         %r12, %r10
	0x0f, 0x8c, 0x24, 0x01, 0x00, 0x00, //0x00002f2c jl           LBB0_447
	0x49, 0xf7, 0xd2, //0x00002f32 notq         %r10
	0x4c, 0x89, 0xd3, //0x00002f35 movq         %r10, %rbx
	0xe9, 0x2f, 0x03, 0x00, 0x00, //0x00002f38 jmp          LBB0_467
	//0x00002f3d LBB0_789
	0x4d, 0x29, 0xd9, //0x00002f3d subq         %r11, %r9
	0x49, 0x01, 0xf9, //0x00002f40 addq         %rdi, %r9
	0x4c, 0x8b, 0x54, 0x24, 0x48, //0x00002f43 movq         $72(%rsp), %r10
	0x49, 0x39, 0xf1, //0x00002f48 cmpq         %rsi, %r9
	0x0f, 0x82, 0x11, 0xe2, 0xff, 0xff, //0x00002f4b jb           LBB0_67
	0xe9, 0xde, 0x1b, 0x00, 0x00, //0x00002f51 jmp          LBB0_921
	//0x00002f56 LBB0_84
	0x4d, 0x01, 0xdc, //0x00002f56 addq         %r11, %r12
	0x48, 0x83, 0xf9, 0x20, //0x00002f59 cmpq         $32, %rcx
	0x0f, 0x82, 0x5c, 0x03, 0x00, 0x00, //0x00002f5d jb           LBB0_473
	//0x00002f63 LBB0_85
	0xc4, 0xc1, 0x7e, 0x6f, 0x04, 0x24, //0x00002f63 vmovdqu      (%r12), %ymm0
	0xc5, 0xfd, 0x74, 0xce, //0x00002f69 vpcmpeqb     %ymm6, %ymm0, %ymm1
	0xc5, 0xfd, 0xd7, 0xf9, //0x00002f6d vpmovmskb    %ymm1, %edi
	0xc5, 0xfd, 0x74, 0xc7, //0x00002f71 vpcmpeqb     %ymm7, %ymm0, %ymm0
	0xc5, 0xfd, 0xd7, 0xd0, //0x00002f75 vpmovmskb    %ymm0, %edx
	0x85, 0xd2, //0x00002f79 testl        %edx, %edx
	0x0f, 0x85, 0x62, 0xdf, 0xff, 0xff, //0x00002f7b jne          LBB0_500
	0x4d, 0x85, 0xc0, //0x00002f81 testq        %r8, %r8
	0x4c, 0x8b, 0x54, 0x24, 0x48, //0x00002f84 movq         $72(%rsp), %r10
	0x0f, 0x85, 0x60, 0xdf, 0xff, 0xff, //0x00002f89 jne          LBB0_502
	0x45, 0x31, 0xc0, //0x00002f8f xorl         %r8d, %r8d
	0x48, 0x85, 0xff, //0x00002f92 testq        %rdi, %rdi
	0x0f, 0x85, 0xa3, 0xdf, 0xff, 0xff, //0x00002f95 jne          LBB0_88
	//0x00002f9b LBB0_503
	0x49, 0x83, 0xc4, 0x20, //0x00002f9b addq         $32, %r12
	0x48, 0x83, 0xc1, 0xe0, //0x00002f9f addq         $-32, %rcx
	0x4d, 0x85, 0xc0, //0x00002fa3 testq        %r8, %r8
	0x0f, 0x85, 0x21, 0x03, 0x00, 0x00, //0x00002fa6 jne          LBB0_618
	//0x00002fac LBB0_505
	0x4c, 0x89, 0xde, //0x00002fac movq         %r11, %rsi
	0x48, 0xf7, 0xd6, //0x00002faf notq         %rsi
	0x4c, 0x8b, 0x44, 0x24, 0x18, //0x00002fb2 movq         $24(%rsp), %r8
	0x48, 0x85, 0xc9, //0x00002fb7 testq        %rcx, %rcx
	0x0f, 0x84, 0x72, 0x01, 0x00, 0x00, //0x00002fba je           LBB0_516
	//0x00002fc0 LBB0_506
	0x48, 0x83, 0xc6, 0x01, //0x00002fc0 addq         $1, %rsi
	//0x00002fc4 LBB0_507
	0x31, 0xd2, //0x00002fc4 xorl         %edx, %edx
	//0x00002fc6 LBB0_508
	0x41, 0x0f, 0xb6, 0x1c, 0x14, //0x00002fc6 movzbl       (%r12,%rdx), %ebx
	0x80, 0xfb, 0x22, //0x00002fcb cmpb         $34, %bl
	0x0f, 0x84, 0x52, 0x01, 0x00, 0x00, //0x00002fce je           LBB0_515
	0x80, 0xfb, 0x5c, //0x00002fd4 cmpb         $92, %bl
	0x0f, 0x84, 0x12, 0x00, 0x00, 0x00, //0x00002fd7 je           LBB0_513
	0x48, 0x83, 0xc2, 0x01, //0x00002fdd addq         $1, %rdx
	0x48, 0x39, 0xd1, //0x00002fe1 cmpq         %rdx, %rcx
	0x0f, 0x85, 0xdc, 0xff, 0xff, 0xff, //0x00002fe4 jne          LBB0_508
	0xe9, 0x37, 0x04, 0x00, 0x00, //0x00002fea jmp          LBB0_511
	//0x00002fef LBB0_513
	0x48, 0x8d, 0x41, 0xff, //0x00002fef leaq         $-1(%rcx), %rax
	0x48, 0x39, 0xd0, //0x00002ff3 cmpq         %rdx, %rax
	0x0f, 0x84, 0x64, 0x1b, 0x00, 0x00, //0x00002ff6 je           LBB0_792
	0x4a, 0x8d, 0x04, 0x26, //0x00002ffc leaq         (%rsi,%r12), %rax
	0x48, 0x01, 0xd0, //0x00003000 addq         %rdx, %rax
	0x49, 0x83, 0xf8, 0xff, //0x00003003 cmpq         $-1, %r8
	0x48, 0x8b, 0x7c, 0x24, 0x18, //0x00003007 movq         $24(%rsp), %rdi
	0x48, 0x0f, 0x44, 0xf8, //0x0000300c cmoveq       %rax, %rdi
	0x48, 0x89, 0x7c, 0x24, 0x18, //0x00003010 movq         %rdi, $24(%rsp)
	0x4c, 0x0f, 0x44, 0xc0, //0x00003015 cmoveq       %rax, %r8
	0x49, 0x01, 0xd4, //0x00003019 addq         %rdx, %r12
	0x49, 0x83, 0xc4, 0x02, //0x0000301c addq         $2, %r12
	0x48, 0x89, 0xc8, //0x00003020 movq         %rcx, %rax
	0x48, 0x29, 0xd0, //0x00003023 subq         %rdx, %rax
	0x48, 0x83, 0xc0, 0xfe, //0x00003026 addq         $-2, %rax
	0x48, 0x83, 0xc1, 0xfe, //0x0000302a addq         $-2, %rcx
	0x48, 0x39, 0xd1, //0x0000302e cmpq         %rdx, %rcx
	0x48, 0x89, 0xc1, //0x00003031 movq         %rax, %rcx
	0x4c, 0x8b, 0x6c, 0x24, 0x20, //0x00003034 movq         $32(%rsp), %r13
	0x4c, 0x8b, 0x7c, 0x24, 0x38, //0x00003039 movq         $56(%rsp), %r15
	0xc4, 0x41, 0x35, 0x76, 0xc9, //0x0000303e vpcmpeqd     %ymm9, %ymm9, %ymm9
	0xc5, 0xfe, 0x6f, 0x25, 0x95, 0xd1, 0xff, 0xff, //0x00003043 vmovdqu      $-11883(%rip), %ymm4  /* LCPI0_19+0(%rip) */
	0x0f, 0x85, 0x73, 0xff, 0xff, 0xff, //0x0000304b jne          LBB0_507
	0xe9, 0x0a, 0x1b, 0x00, 0x00, //0x00003051 jmp          LBB0_792
	//0x00003056 LBB0_447
	0x49, 0x8d, 0x44, 0x24, 0xff, //0x00003056 leaq         $-1(%r12), %rax
	0x49, 0x39, 0xc2, //0x0000305b cmpq         %rax, %r10
	0x49, 0xf7, 0xd4, //0x0000305e notq         %r12
	0x4c, 0x0f, 0x45, 0xe3, //0x00003061 cmovneq      %rbx, %r12
	0x84, 0xc9, //0x00003065 testb        %cl, %cl
	0x49, 0x0f, 0x45, 0xdc, //0x00003067 cmovneq      %r12, %rbx
	0xe9, 0xfc, 0x01, 0x00, 0x00, //0x0000306b jmp          LBB0_467
	//0x00003070 LBB0_448
	0x48, 0x8b, 0x44, 0x24, 0x30, //0x00003070 movq         $48(%rsp), %rax
	0x4c, 0x01, 0xc8, //0x00003075 addq         %r9, %rax
	0x4c, 0x29, 0xf0, //0x00003078 subq         %r14, %rax
	0x48, 0xf7, 0xd1, //0x0000307b notq         %rcx
	0x48, 0x01, 0xc1, //0x0000307e addq         %rax, %rcx
	0x49, 0x89, 0xce, //0x00003081 movq         %rcx, %r14
	0xe9, 0x4c, 0xf2, 0xff, 0xff, //0x00003084 jmp          LBB0_276
	//0x00003089 LBB0_449
	0x89, 0xd0, //0x00003089 movl         %edx, %eax
	0xe9, 0x62, 0x00, 0x00, 0x00, //0x0000308b jmp          LBB0_452
	//0x00003090 LBB0_450
	0x0f, 0xbc, 0xc0, //0x00003090 bsfl         %eax, %eax
	0xe9, 0xac, 0x00, 0x00, 0x00, //0x00003093 jmp          LBB0_459
	//0x00003098 LBB0_168
	0x4d, 0x01, 0xdc, //0x00003098 addq         %r11, %r12
	0x48, 0x83, 0xf9, 0x20, //0x0000309b cmpq         $32, %rcx
	0x0f, 0x82, 0x25, 0x03, 0x00, 0x00, //0x0000309f jb           LBB0_485
	//0x000030a5 LBB0_169
	0xc4, 0xc1, 0x7e, 0x6f, 0x04, 0x24, //0x000030a5 vmovdqu      (%r12), %ymm0
	0xc5, 0xfd, 0x74, 0xce, //0x000030ab vpcmpeqb     %ymm6, %ymm0, %ymm1
	0xc5, 0xfd, 0xd7, 0xf9, //0x000030af vpmovmskb    %ymm1, %edi
	0xc5, 0xfd, 0x74, 0xc7, //0x000030b3 vpcmpeqb     %ymm7, %ymm0, %ymm0
	0xc5, 0xfd, 0xd7, 0xd0, //0x000030b7 vpmovmskb    %ymm0, %edx
	0x85, 0xd2, //0x000030bb testl        %edx, %edx
	0x0f, 0x85, 0xa1, 0x07, 0x00, 0x00, //0x000030bd jne          LBB0_559
	0x4d, 0x85, 0xc0, //0x000030c3 testq        %r8, %r8
	0x4c, 0x8b, 0x54, 0x24, 0x48, //0x000030c6 movq         $72(%rsp), %r10
	0x0f, 0x85, 0xb1, 0x07, 0x00, 0x00, //0x000030cb jne          LBB0_561
	0x45, 0x31, 0xc0, //0x000030d1 xorl         %r8d, %r8d
	0x48, 0x85, 0xff, //0x000030d4 testq        %rdi, %rdi
	0x0f, 0x84, 0xf4, 0x07, 0x00, 0x00, //0x000030d7 je           LBB0_562
	//0x000030dd LBB0_172
	0x48, 0x0f, 0xbc, 0xc7, //0x000030dd bsfq         %rdi, %rax
	0x4d, 0x29, 0xdc, //0x000030e1 subq         %r11, %r12
	0x49, 0x01, 0xc4, //0x000030e4 addq         %rax, %r12
	0x49, 0x83, 0xc4, 0x01, //0x000030e7 addq         $1, %r12
	0xe9, 0x68, 0xf2, 0xff, 0xff, //0x000030eb jmp          LBB0_286
	//0x000030f0 LBB0_451
	0x89, 0xf8, //0x000030f0 movl         %edi, %eax
	//0x000030f2 LBB0_452
	0x49, 0xf7, 0xd6, //0x000030f2 notq         %r14
	0x49, 0x29, 0xc6, //0x000030f5 subq         %rax, %r14
	0xe9, 0xd8, 0xf1, 0xff, 0xff, //0x000030f8 jmp          LBB0_276
	//0x000030fd LBB0_453
	0x89, 0xf0, //0x000030fd movl         %esi, %eax
	0xe9, 0x40, 0x00, 0x00, 0x00, //0x000030ff jmp          LBB0_459
	//0x00003104 LBB0_454
	0x4d, 0x01, 0xd9, //0x00003104 addq         %r11, %r9
	0x48, 0x85, 0xd2, //0x00003107 testq        %rdx, %rdx
	0x0f, 0x85, 0xe8, 0xdf, 0xff, 0xff, //0x0000310a jne          LBB0_60
	0xe9, 0x22, 0xe0, 0xff, 0xff, //0x00003110 jmp          LBB0_65
	//0x00003115 LBB0_455
	0x41, 0x0f, 0xbc, 0xc0, //0x00003115 bsfl         %r8d, %eax
	0xe9, 0x26, 0x00, 0x00, 0x00, //0x00003119 jmp          LBB0_459
	//0x0000311e LBB0_456
	0x4c, 0x89, 0xc3, //0x0000311e movq         %r8, %rbx
	0xe9, 0xbf, 0xfc, 0xff, 0xff, //0x00003121 jmp          LBB0_432
	//0x00003126 LBB0_515
	0x49, 0x01, 0xd4, //0x00003126 addq         %rdx, %r12
	0x49, 0x83, 0xc4, 0x01, //0x00003129 addq         $1, %r12
	0x4c, 0x8b, 0x54, 0x24, 0x48, //0x0000312d movq         $72(%rsp), %r10
	//0x00003132 LBB0_516
	0x4d, 0x29, 0xdc, //0x00003132 subq         %r11, %r12
	0xe9, 0x12, 0xde, 0xff, 0xff, //0x00003135 jmp          LBB0_33
	//0x0000313a LBB0_457
	0x0f, 0xbc, 0xc0, //0x0000313a bsfl         %eax, %eax
	0xe9, 0x24, 0x01, 0x00, 0x00, //0x0000313d jmp          LBB0_466
	//0x00003142 LBB0_458
	0x89, 0xd0, //0x00003142 movl         %edx, %eax
	//0x00003144 LBB0_459
	0x48, 0x8b, 0x4c, 0x24, 0x30, //0x00003144 movq         $48(%rsp), %rcx
	0x4c, 0x01, 0xc9, //0x00003149 addq         %r9, %rcx
	0x4c, 0x29, 0xf1, //0x0000314c subq         %r14, %rcx
	0x48, 0x29, 0xc1, //0x0000314f subq         %rax, %rcx
	0x49, 0xf7, 0xd5, //0x00003152 notq         %r13
	0x49, 0x01, 0xcd, //0x00003155 addq         %rcx, %r13
	0x4d, 0x89, 0xee, //0x00003158 movq         %r13, %r14
	0x4c, 0x8b, 0x6c, 0x24, 0x20, //0x0000315b movq         $32(%rsp), %r13
	0x4c, 0x8b, 0x7c, 0x24, 0x38, //0x00003160 movq         $56(%rsp), %r15
	0xe9, 0x6b, 0xf1, 0xff, 0xff, //0x00003165 jmp          LBB0_276
	//0x0000316a LBB0_460
	0x0f, 0xbc, 0xc0, //0x0000316a bsfl         %eax, %eax
	//0x0000316d LBB0_461
	0x4d, 0x01, 0xcb, //0x0000316d addq         %r9, %r11
	0x49, 0x29, 0xdb, //0x00003170 subq         %rbx, %r11
	0x49, 0x29, 0xc3, //0x00003173 subq         %rax, %r11
	0x4d, 0x29, 0xfb, //0x00003176 subq         %r15, %r11
	0x4c, 0x89, 0xdb, //0x00003179 movq         %r11, %rbx
	0x4c, 0x8b, 0x6c, 0x24, 0x20, //0x0000317c movq         $32(%rsp), %r13
	0x4c, 0x8b, 0x7c, 0x24, 0x38, //0x00003181 movq         $56(%rsp), %r15
	0xe9, 0x69, 0x00, 0x00, 0x00, //0x00003186 jmp          LBB0_463
	//0x0000318b LBB0_303
	0x4d, 0x01, 0xdc, //0x0000318b addq         %r11, %r12
	0x48, 0x83, 0xf9, 0x20, //0x0000318e cmpq         $32, %rcx
	0x0f, 0x82, 0x05, 0x0d, 0x00, 0x00, //0x00003192 jb           LBB0_630
	//0x00003198 LBB0_304
	0xc4, 0xc1, 0x7e, 0x6f, 0x04, 0x24, //0x00003198 vmovdqu      (%r12), %ymm0
	0xc5, 0xfd, 0x74, 0xce, //0x0000319e vpcmpeqb     %ymm6, %ymm0, %ymm1
	0xc5, 0xfd, 0xd7, 0xf9, //0x000031a2 vpmovmskb    %ymm1, %edi
	0xc5, 0xfd, 0x74, 0xc7, //0x000031a6 vpcmpeqb     %ymm7, %ymm0, %ymm0
	0xc5, 0xfd, 0xd7, 0xd0, //0x000031aa vpmovmskb    %ymm0, %edx
	0x85, 0xd2, //0x000031ae testl        %edx, %edx
	0x0f, 0x85, 0x72, 0x0c, 0x00, 0x00, //0x000031b0 jne          LBB0_626
	0x4d, 0x85, 0xc0, //0x000031b6 testq        %r8, %r8
	0x4c, 0x8b, 0x54, 0x24, 0x48, //0x000031b9 movq         $72(%rsp), %r10
	0x0f, 0x85, 0x82, 0x0c, 0x00, 0x00, //0x000031be jne          LBB0_628
	0x45, 0x31, 0xc0, //0x000031c4 xorl         %r8d, %r8d
	0x48, 0x85, 0xff, //0x000031c7 testq        %rdi, %rdi
	0x0f, 0x84, 0xc5, 0x0c, 0x00, 0x00, //0x000031ca je           LBB0_629
	//0x000031d0 LBB0_307
	0x48, 0x0f, 0xbc, 0xc7, //0x000031d0 bsfq         %rdi, %rax
	0x4d, 0x29, 0xdc, //0x000031d4 subq         %r11, %r12
	0x49, 0x01, 0xc4, //0x000031d7 addq         %rax, %r12
	0x49, 0x83, 0xc4, 0x01, //0x000031da addq         $1, %r12
	0xe9, 0xd2, 0xfb, 0xff, 0xff, //0x000031de jmp          LBB0_426
	//0x000031e3 LBB0_462
	0x4d, 0x01, 0xcb, //0x000031e3 addq         %r9, %r11
	0x49, 0x29, 0xdb, //0x000031e6 subq         %rbx, %r11
	0x49, 0x29, 0xcb, //0x000031e9 subq         %rcx, %r11
	0x4c, 0x89, 0xdb, //0x000031ec movq         %r11, %rbx
	0x4c, 0x8b, 0x6c, 0x24, 0x20, //0x000031ef movq         $32(%rsp), %r13
	//0x000031f4 LBB0_463
	0xc5, 0xfe, 0x6f, 0x2d, 0x04, 0xce, 0xff, 0xff, //0x000031f4 vmovdqu      $-12796(%rip), %ymm5  /* LCPI0_0+0(%rip) */
	0xc5, 0xfe, 0x6f, 0x35, 0x7c, 0xce, 0xff, 0xff, //0x000031fc vmovdqu      $-12676(%rip), %ymm6  /* LCPI0_7+0(%rip) */
	0xc5, 0xfe, 0x6f, 0x3d, 0x94, 0xce, 0xff, 0xff, //0x00003204 vmovdqu      $-12652(%rip), %ymm7  /* LCPI0_8+0(%rip) */
	0xc5, 0x7e, 0x6f, 0x05, 0x0c, 0xcf, 0xff, 0xff, //0x0000320c vmovdqu      $-12532(%rip), %ymm8  /* LCPI0_13+0(%rip) */
	0xc4, 0x41, 0x35, 0x76, 0xc9, //0x00003214 vpcmpeqd     %ymm9, %ymm9, %ymm9
	0xc5, 0x7e, 0x6f, 0x15, 0x1f, 0xcf, 0xff, 0xff, //0x00003219 vmovdqu      $-12513(%rip), %ymm10  /* LCPI0_14+0(%rip) */
	0xc5, 0x7e, 0x6f, 0x1d, 0x37, 0xcf, 0xff, 0xff, //0x00003221 vmovdqu      $-12489(%rip), %ymm11  /* LCPI0_15+0(%rip) */
	0xc5, 0x7e, 0x6f, 0x25, 0x4f, 0xcf, 0xff, 0xff, //0x00003229 vmovdqu      $-12465(%rip), %ymm12  /* LCPI0_16+0(%rip) */
	0xc5, 0x7e, 0x6f, 0x2d, 0x67, 0xcf, 0xff, 0xff, //0x00003231 vmovdqu      $-12441(%rip), %ymm13  /* LCPI0_17+0(%rip) */
	0xc5, 0x7e, 0x6f, 0x35, 0xff, 0xcd, 0xff, 0xff, //0x00003239 vmovdqu      $-12801(%rip), %ymm14  /* LCPI0_2+0(%rip) */
	0xc5, 0x7e, 0x6f, 0x3d, 0x77, 0xcf, 0xff, 0xff, //0x00003241 vmovdqu      $-12425(%rip), %ymm15  /* LCPI0_18+0(%rip) */
	0xc5, 0xfe, 0x6f, 0x25, 0x8f, 0xcf, 0xff, 0xff, //0x00003249 vmovdqu      $-12401(%rip), %ymm4  /* LCPI0_19+0(%rip) */
	0x49, 0xc7, 0xc0, 0xfe, 0xff, 0xff, 0xff, //0x00003251 movq         $-2, %r8
	0xe9, 0x14, 0x00, 0x00, 0x00, //0x00003258 jmp          LBB0_468
	//0x0000325d LBB0_464
	0x89, 0xd0, //0x0000325d movl         %edx, %eax
	0xe9, 0x02, 0x00, 0x00, 0x00, //0x0000325f jmp          LBB0_466
	//0x00003264 LBB0_465
	0x89, 0xf8, //0x00003264 movl         %edi, %eax
	//0x00003266 LBB0_466
	0x48, 0xf7, 0xd3, //0x00003266 notq         %rbx
	0x48, 0x29, 0xc3, //0x00003269 subq         %rax, %rbx
	//0x0000326c LBB0_467
	0x4c, 0x8b, 0x6c, 0x24, 0x20, //0x0000326c movq         $32(%rsp), %r13
	//0x00003271 LBB0_468
	0x48, 0x85, 0xdb, //0x00003271 testq        %rbx, %rbx
	0x0f, 0x88, 0xf3, 0x1a, 0x00, 0x00, //0x00003274 js           LBB0_889
	0x4d, 0x8b, 0x65, 0x00, //0x0000327a movq         (%r13), %r12
	//0x0000327e LBB0_470
	0x49, 0x01, 0xdc, //0x0000327e addq         %rbx, %r12
	0xe9, 0x63, 0xf0, 0xff, 0xff, //0x00003281 jmp          LBB0_279
	//0x00003286 LBB0_471
	0x49, 0xc7, 0xc2, 0xff, 0xff, 0xff, 0xff, //0x00003286 movq         $-1, %r10
	0x49, 0xc7, 0xc3, 0xff, 0xff, 0xff, 0xff, //0x0000328d movq         $-1, %r11
	0x4d, 0x89, 0xc6, //0x00003294 movq         %r8, %r14
	0x48, 0x83, 0xfb, 0x10, //0x00003297 cmpq         $16, %rbx
	0x0f, 0x83, 0xf9, 0xe2, 0xff, 0xff, //0x0000329b jae          LBB0_124
	0xe9, 0x66, 0xe4, 0xff, 0xff, //0x000032a1 jmp          LBB0_143
	//0x000032a6 LBB0_472
	0x4d, 0x01, 0xdc, //0x000032a6 addq         %r11, %r12
	0x48, 0xc7, 0x44, 0x24, 0x18, 0xff, 0xff, 0xff, 0xff, //0x000032a9 movq         $-1, $24(%rsp)
	0x45, 0x31, 0xc0, //0x000032b2 xorl         %r8d, %r8d
	0x48, 0x83, 0xf9, 0x20, //0x000032b5 cmpq         $32, %rcx
	0x0f, 0x83, 0xa4, 0xfc, 0xff, 0xff, //0x000032b9 jae          LBB0_85
	//0x000032bf LBB0_473
	0x4c, 0x8b, 0x54, 0x24, 0x48, //0x000032bf movq         $72(%rsp), %r10
	0x4d, 0x85, 0xc0, //0x000032c4 testq        %r8, %r8
	0x0f, 0x84, 0xdf, 0xfc, 0xff, 0xff, //0x000032c7 je           LBB0_505
	//0x000032cd LBB0_618
	0x48, 0x85, 0xc9, //0x000032cd testq        %rcx, %rcx
	0x0f, 0x84, 0x8a, 0x18, 0x00, 0x00, //0x000032d0 je           LBB0_792
	0x4c, 0x89, 0xde, //0x000032d6 movq         %r11, %rsi
	0x48, 0xf7, 0xd6, //0x000032d9 notq         %rsi
	0x49, 0x8d, 0x04, 0x34, //0x000032dc leaq         (%r12,%rsi), %rax
	0x48, 0x8b, 0x54, 0x24, 0x18, //0x000032e0 movq         $24(%rsp), %rdx
	0x48, 0x83, 0xfa, 0xff, //0x000032e5 cmpq         $-1, %rdx
	0x49, 0x89, 0xd0, //0x000032e9 movq         %rdx, %r8
	0x48, 0x0f, 0x44, 0xd0, //0x000032ec cmoveq       %rax, %rdx
	0x4c, 0x0f, 0x44, 0xc0, //0x000032f0 cmoveq       %rax, %r8
	0x49, 0x83, 0xc4, 0x01, //0x000032f4 addq         $1, %r12
	0x48, 0x83, 0xc1, 0xff, //0x000032f8 addq         $-1, %rcx
	0x48, 0x89, 0x54, 0x24, 0x18, //0x000032fc movq         %rdx, $24(%rsp)
	0x4c, 0x8b, 0x6c, 0x24, 0x20, //0x00003301 movq         $32(%rsp), %r13
	0x4c, 0x8b, 0x54, 0x24, 0x48, //0x00003306 movq         $72(%rsp), %r10
	0x4c, 0x8b, 0x7c, 0x24, 0x38, //0x0000330b movq         $56(%rsp), %r15
	0xc4, 0x41, 0x35, 0x76, 0xc9, //0x00003310 vpcmpeqd     %ymm9, %ymm9, %ymm9
	0xc5, 0xfe, 0x6f, 0x25, 0xc3, 0xce, 0xff, 0xff, //0x00003315 vmovdqu      $-12605(%rip), %ymm4  /* LCPI0_19+0(%rip) */
	0x48, 0x85, 0xc9, //0x0000331d testq        %rcx, %rcx
	0x0f, 0x85, 0x9a, 0xfc, 0xff, 0xff, //0x00003320 jne          LBB0_506
	0xe9, 0x07, 0xfe, 0xff, 0xff, //0x00003326 jmp          LBB0_516
	//0x0000332b LBB0_474
	0x48, 0xc7, 0x44, 0x24, 0x18, 0xff, 0xff, 0xff, 0xff, //0x0000332b movq         $-1, $24(%rsp)
	0x45, 0x31, 0xff, //0x00003334 xorl         %r15d, %r15d
	//0x00003337 LBB0_475
	0x49, 0x83, 0xfd, 0x20, //0x00003337 cmpq         $32, %r13
	0x0f, 0x82, 0xaa, 0x01, 0x00, 0x00, //0x0000333b jb           LBB0_517
	0xc4, 0xc1, 0x7e, 0x6f, 0x02, //0x00003341 vmovdqu      (%r10), %ymm0
	0xc5, 0xfd, 0x74, 0xce, //0x00003346 vpcmpeqb     %ymm6, %ymm0, %ymm1
	0xc5, 0xfd, 0xd7, 0xd9, //0x0000334a vpmovmskb    %ymm1, %ebx
	0xc5, 0xfd, 0x74, 0xcf, //0x0000334e vpcmpeqb     %ymm7, %ymm0, %ymm1
	0xc5, 0xfd, 0xd7, 0xc9, //0x00003352 vpmovmskb    %ymm1, %ecx
	0x85, 0xc9, //0x00003356 testl        %ecx, %ecx
	0x0f, 0x85, 0x97, 0x01, 0x00, 0x00, //0x00003358 jne          LBB0_518
	0x4d, 0x85, 0xff, //0x0000335e testq        %r15, %r15
	0x0f, 0x85, 0xac, 0x01, 0x00, 0x00, //0x00003361 jne          LBB0_520
	0x45, 0x31, 0xff, //0x00003367 xorl         %r15d, %r15d
	0x31, 0xff, //0x0000336a xorl         %edi, %edi
	0x48, 0x85, 0xdb, //0x0000336c testq        %rbx, %rbx
	0x4c, 0x89, 0x74, 0x24, 0x78, //0x0000336f movq         %r14, $120(%rsp)
	0x0f, 0x84, 0xe1, 0x01, 0x00, 0x00, //0x00003374 je           LBB0_521
	//0x0000337a LBB0_479
	0x48, 0x0f, 0xbc, 0xf3, //0x0000337a bsfq         %rbx, %rsi
	0xe9, 0xdd, 0x01, 0x00, 0x00, //0x0000337e jmp          LBB0_522
	//0x00003383 LBB0_480
	0x89, 0xf0, //0x00003383 movl         %esi, %eax
	0xe9, 0xe3, 0xfd, 0xff, 0xff, //0x00003385 jmp          LBB0_461
	//0x0000338a LBB0_481
	0x89, 0xf0, //0x0000338a movl         %esi, %eax
	0xe9, 0x02, 0x00, 0x00, 0x00, //0x0000338c jmp          LBB0_483
	//0x00003391 LBB0_482
	0x89, 0xd0, //0x00003391 movl         %edx, %eax
	//0x00003393 LBB0_483
	0x4d, 0x01, 0xcb, //0x00003393 addq         %r9, %r11
	0x49, 0x29, 0xdb, //0x00003396 subq         %rbx, %r11
	0x49, 0x29, 0xc3, //0x00003399 subq         %rax, %r11
	0x4d, 0x29, 0xfb, //0x0000339c subq         %r15, %r11
	0x4c, 0x89, 0xdb, //0x0000339f movq         %r11, %rbx
	0x4c, 0x8b, 0x6c, 0x24, 0x20, //0x000033a2 movq         $32(%rsp), %r13
	0x4c, 0x8b, 0x7c, 0x24, 0x38, //0x000033a7 movq         $56(%rsp), %r15
	0xe9, 0x07, 0xfb, 0xff, 0xff, //0x000033ac jmp          LBB0_443
	//0x000033b1 LBB0_484
	0x4d, 0x01, 0xdc, //0x000033b1 addq         %r11, %r12
	0x48, 0xc7, 0x44, 0x24, 0x18, 0xff, 0xff, 0xff, 0xff, //0x000033b4 movq         $-1, $24(%rsp)
	0x45, 0x31, 0xc0, //0x000033bd xorl         %r8d, %r8d
	0x48, 0x83, 0xf9, 0x20, //0x000033c0 cmpq         $32, %rcx
	0x0f, 0x83, 0xdb, 0xfc, 0xff, 0xff, //0x000033c4 jae          LBB0_169
	//0x000033ca LBB0_485
	0x4c, 0x8b, 0x54, 0x24, 0x48, //0x000033ca movq         $72(%rsp), %r10
	0xe9, 0x05, 0x05, 0x00, 0x00, //0x000033cf jmp          LBB0_563
	//0x000033d4 LBB0_486
	0x48, 0xc7, 0x44, 0x24, 0x18, 0xff, 0xff, 0xff, 0xff, //0x000033d4 movq         $-1, $24(%rsp)
	0x45, 0x31, 0xed, //0x000033dd xorl         %r13d, %r13d
	//0x000033e0 LBB0_487
	0x49, 0x83, 0xfe, 0x20, //0x000033e0 cmpq         $32, %r14
	0x0f, 0x82, 0xe3, 0x05, 0x00, 0x00, //0x000033e4 jb           LBB0_576
	0xc5, 0xfe, 0x6f, 0x06, //0x000033ea vmovdqu      (%rsi), %ymm0
	0xc5, 0xfd, 0x74, 0xce, //0x000033ee vpcmpeqb     %ymm6, %ymm0, %ymm1
	0xc5, 0xfd, 0xd7, 0xd9, //0x000033f2 vpmovmskb    %ymm1, %ebx
	0xc5, 0xfd, 0x74, 0xcf, //0x000033f6 vpcmpeqb     %ymm7, %ymm0, %ymm1
	0xc5, 0xfd, 0xd7, 0xc9, //0x000033fa vpmovmskb    %ymm1, %ecx
	0x85, 0xc9, //0x000033fe testl        %ecx, %ecx
	0x0f, 0x85, 0xd1, 0x05, 0x00, 0x00, //0x00003400 jne          LBB0_577
	0x4d, 0x85, 0xed, //0x00003406 testq        %r13, %r13
	0x0f, 0x85, 0xe6, 0x05, 0x00, 0x00, //0x00003409 jne          LBB0_579
	0x45, 0x31, 0xed, //0x0000340f xorl         %r13d, %r13d
	0x31, 0xd2, //0x00003412 xorl         %edx, %edx
	0x48, 0x85, 0xdb, //0x00003414 testq        %rbx, %rbx
	0x0f, 0x84, 0x1c, 0x06, 0x00, 0x00, //0x00003417 je           LBB0_580
	//0x0000341d LBB0_491
	0x48, 0x0f, 0xbc, 0xc3, //0x0000341d bsfq         %rbx, %rax
	0xe9, 0x18, 0x06, 0x00, 0x00, //0x00003421 jmp          LBB0_581
	//0x00003426 LBB0_511
	0x80, 0xfb, 0x22, //0x00003426 cmpb         $34, %bl
	0x0f, 0x85, 0x31, 0x17, 0x00, 0x00, //0x00003429 jne          LBB0_792
	0x49, 0x01, 0xcc, //0x0000342f addq         %rcx, %r12
	0x4c, 0x8b, 0x6c, 0x24, 0x20, //0x00003432 movq         $32(%rsp), %r13
	0x4c, 0x8b, 0x54, 0x24, 0x48, //0x00003437 movq         $72(%rsp), %r10
	0x4c, 0x8b, 0x7c, 0x24, 0x38, //0x0000343c movq         $56(%rsp), %r15
	0xc4, 0x41, 0x35, 0x76, 0xc9, //0x00003441 vpcmpeqd     %ymm9, %ymm9, %ymm9
	0xc5, 0xfe, 0x6f, 0x25, 0x92, 0xcd, 0xff, 0xff, //0x00003446 vmovdqu      $-12910(%rip), %ymm4  /* LCPI0_19+0(%rip) */
	0xe9, 0xdf, 0xfc, 0xff, 0xff, //0x0000344e jmp          LBB0_516
	//0x00003453 LBB0_492
	0x49, 0xc7, 0xc4, 0xff, 0xff, 0xff, 0xff, //0x00003453 movq         $-1, %r12
	0x49, 0xc7, 0xc2, 0xff, 0xff, 0xff, 0xff, //0x0000345a movq         $-1, %r10
	0x48, 0x8b, 0x5c, 0x24, 0x18, //0x00003461 movq         $24(%rsp), %rbx
	0x4c, 0x89, 0x6c, 0x24, 0x50, //0x00003466 movq         %r13, $80(%rsp)
	0x49, 0x83, 0xfe, 0x10, //0x0000346b cmpq         $16, %r14
	0x0f, 0x83, 0x6b, 0xf2, 0xff, 0xff, //0x0000346f jae          LBB0_337
	0xe9, 0xa6, 0xf3, 0xff, 0xff, //0x00003475 jmp          LBB0_355
	//0x0000347a LBB0_493
	0x4d, 0x01, 0xdc, //0x0000347a addq         %r11, %r12
	0x48, 0xc7, 0x44, 0x24, 0x18, 0xff, 0xff, 0xff, 0xff, //0x0000347d movq         $-1, $24(%rsp)
	0x45, 0x31, 0xc0, //0x00003486 xorl         %r8d, %r8d
	0x48, 0x83, 0xf9, 0x20, //0x00003489 cmpq         $32, %rcx
	0x0f, 0x83, 0x05, 0xfd, 0xff, 0xff, //0x0000348d jae          LBB0_304
	0xe9, 0x05, 0x0a, 0x00, 0x00, //0x00003493 jmp          LBB0_630
	//0x00003498 LBB0_494
	0x48, 0xc7, 0x44, 0x24, 0x18, 0xff, 0xff, 0xff, 0xff, //0x00003498 movq         $-1, $24(%rsp)
	0x45, 0x31, 0xed, //0x000034a1 xorl         %r13d, %r13d
	//0x000034a4 LBB0_495
	0x49, 0x83, 0xfe, 0x20, //0x000034a4 cmpq         $32, %r14
	0x0f, 0x82, 0x8a, 0x0b, 0x00, 0x00, //0x000034a8 jb           LBB0_653
	0xc5, 0xfe, 0x6f, 0x01, //0x000034ae vmovdqu      (%rcx), %ymm0
	0xc5, 0xfd, 0x74, 0xce, //0x000034b2 vpcmpeqb     %ymm6, %ymm0, %ymm1
	0xc5, 0xfd, 0xd7, 0xf9, //0x000034b6 vpmovmskb    %ymm1, %edi
	0xc5, 0xfd, 0x74, 0xcf, //0x000034ba vpcmpeqb     %ymm7, %ymm0, %ymm1
	0xc5, 0xfd, 0xd7, 0xd1, //0x000034be vpmovmskb    %ymm1, %edx
	0x85, 0xd2, //0x000034c2 testl        %edx, %edx
	0x0f, 0x85, 0x94, 0x0a, 0x00, 0x00, //0x000034c4 jne          LBB0_643
	0x4d, 0x85, 0xed, //0x000034ca testq        %r13, %r13
	0x0f, 0x85, 0xa9, 0x0a, 0x00, 0x00, //0x000034cd jne          LBB0_645
	0x45, 0x31, 0xed, //0x000034d3 xorl         %r13d, %r13d
	0x45, 0x31, 0xd2, //0x000034d6 xorl         %r10d, %r10d
	0x48, 0x85, 0xff, //0x000034d9 testq        %rdi, %rdi
	0x0f, 0x84, 0xe2, 0x0a, 0x00, 0x00, //0x000034dc je           LBB0_646
	//0x000034e2 LBB0_499
	0x48, 0x0f, 0xbc, 0xf7, //0x000034e2 bsfq         %rdi, %rsi
	0xe9, 0xde, 0x0a, 0x00, 0x00, //0x000034e6 jmp          LBB0_647
	//0x000034eb LBB0_517
	0x48, 0x8b, 0x44, 0x24, 0x18, //0x000034eb movq         $24(%rsp), %rax
	0xe9, 0xeb, 0x00, 0x00, 0x00, //0x000034f0 jmp          LBB0_528
	//0x000034f5 LBB0_518
	0x48, 0x83, 0x7c, 0x24, 0x18, 0xff, //0x000034f5 cmpq         $-1, $24(%rsp)
	0x0f, 0x85, 0x12, 0x00, 0x00, 0x00, //0x000034fb jne          LBB0_520
	0x4c, 0x89, 0xd0, //0x00003501 movq         %r10, %rax
	0x4c, 0x29, 0xd8, //0x00003504 subq         %r11, %rax
	0x48, 0x0f, 0xbc, 0xd1, //0x00003507 bsfq         %rcx, %rdx
	0x48, 0x01, 0xc2, //0x0000350b addq         %rax, %rdx
	0x48, 0x89, 0x54, 0x24, 0x18, //0x0000350e movq         %rdx, $24(%rsp)
	//0x00003513 LBB0_520
	0x44, 0x89, 0xff, //0x00003513 movl         %r15d, %edi
	0xf7, 0xd7, //0x00003516 notl         %edi
	0x21, 0xcf, //0x00003518 andl         %ecx, %edi
	0x8d, 0x04, 0x3f, //0x0000351a leal         (%rdi,%rdi), %eax
	0x41, 0x8d, 0x14, 0x7f, //0x0000351d leal         (%r15,%rdi,2), %edx
	0xf7, 0xd0, //0x00003521 notl         %eax
	0x21, 0xc8, //0x00003523 andl         %ecx, %eax
	0x25, 0xaa, 0xaa, 0xaa, 0xaa, //0x00003525 andl         $-1431655766, %eax
	0x45, 0x31, 0xff, //0x0000352a xorl         %r15d, %r15d
	0x01, 0xf8, //0x0000352d addl         %edi, %eax
	0x41, 0x0f, 0x92, 0xc7, //0x0000352f setb         %r15b
	0x01, 0xc0, //0x00003533 addl         %eax, %eax
	0x35, 0x55, 0x55, 0x55, 0x55, //0x00003535 xorl         $1431655765, %eax
	0x21, 0xd0, //0x0000353a andl         %edx, %eax
	0xf7, 0xd0, //0x0000353c notl         %eax
	0x21, 0xc3, //0x0000353e andl         %eax, %ebx
	0xc4, 0x41, 0x35, 0x76, 0xc9, //0x00003540 vpcmpeqd     %ymm9, %ymm9, %ymm9
	0xc5, 0xfe, 0x6f, 0x25, 0x93, 0xcc, 0xff, 0xff, //0x00003545 vmovdqu      $-13165(%rip), %ymm4  /* LCPI0_19+0(%rip) */
	0x48, 0x85, 0xdb, //0x0000354d testq        %rbx, %rbx
	0x4c, 0x89, 0x74, 0x24, 0x78, //0x00003550 movq         %r14, $120(%rsp)
	0x0f, 0x85, 0x1f, 0xfe, 0xff, 0xff, //0x00003555 jne          LBB0_479
	//0x0000355b LBB0_521
	0xbe, 0x40, 0x00, 0x00, 0x00, //0x0000355b movl         $64, %esi
	//0x00003560 LBB0_522
	0xc5, 0xbd, 0x64, 0xc8, //0x00003560 vpcmpgtb     %ymm0, %ymm8, %ymm1
	0xc4, 0xc1, 0x7d, 0x64, 0xc1, //0x00003564 vpcmpgtb     %ymm9, %ymm0, %ymm0
	0xc5, 0xf5, 0xdb, 0xc0, //0x00003569 vpand        %ymm0, %ymm1, %ymm0
	0xc5, 0x7d, 0xd7, 0xc0, //0x0000356d vpmovmskb    %ymm0, %r8d
	0x41, 0x0f, 0xbc, 0xc0, //0x00003571 bsfl         %r8d, %eax
	0x89, 0x44, 0x24, 0x58, //0x00003575 movl         %eax, $88(%rsp)
	0x89, 0xc2, //0x00003579 movl         %eax, %edx
	0xb8, 0x40, 0x00, 0x00, 0x00, //0x0000357b movl         $64, %eax
	0x0f, 0x44, 0xd0, //0x00003580 cmovel       %eax, %edx
	0x4c, 0x89, 0xd1, //0x00003583 movq         %r10, %rcx
	0x4c, 0x29, 0xd9, //0x00003586 subq         %r11, %rcx
	0x48, 0x85, 0xff, //0x00003589 testq        %rdi, %rdi
	0x0f, 0x85, 0x51, 0x0f, 0x00, 0x00, //0x0000358c jne          LBB0_701
	//0x00003592 LBB0_523
	0x48, 0x85, 0xdb, //0x00003592 testq        %rbx, %rbx
	0x0f, 0x84, 0x2a, 0x00, 0x00, 0x00, //0x00003595 je           LBB0_526
	0x48, 0x39, 0xd6, //0x0000359b cmpq         %rdx, %rsi
	0x4c, 0x8b, 0x74, 0x24, 0x78, //0x0000359e movq         $120(%rsp), %r14
	0x4c, 0x8b, 0x54, 0x24, 0x48, //0x000035a3 movq         $72(%rsp), %r10
	0x0f, 0x87, 0x89, 0x18, 0x00, 0x00, //0x000035a8 ja           LBB0_912
	0x4c, 0x8d, 0x24, 0x31, //0x000035ae leaq         (%rcx,%rsi), %r12
	0x49, 0x83, 0xc4, 0x01, //0x000035b2 addq         $1, %r12
	0x4c, 0x8b, 0x6c, 0x24, 0x20, //0x000035b6 movq         $32(%rsp), %r13
	0x4c, 0x8b, 0x7c, 0x24, 0x38, //0x000035bb movq         $56(%rsp), %r15
	0xe9, 0x87, 0xd9, 0xff, 0xff, //0x000035c0 jmp          LBB0_33
	//0x000035c5 LBB0_526
	0x45, 0x85, 0xc0, //0x000035c5 testl        %r8d, %r8d
	0x4c, 0x8b, 0x74, 0x24, 0x78, //0x000035c8 movq         $120(%rsp), %r14
	0x48, 0x8b, 0x44, 0x24, 0x18, //0x000035cd movq         $24(%rsp), %rax
	0x0f, 0x85, 0x67, 0x18, 0x00, 0x00, //0x000035d2 jne          LBB0_913
	0x49, 0x83, 0xc2, 0x20, //0x000035d8 addq         $32, %r10
	0x49, 0x83, 0xc5, 0xe0, //0x000035dc addq         $-32, %r13
	//0x000035e0 LBB0_528
	0x4d, 0x85, 0xff, //0x000035e0 testq        %r15, %r15
	0x0f, 0x85, 0x5c, 0x07, 0x00, 0x00, //0x000035e3 jne          LBB0_620
	0x48, 0x89, 0xc3, //0x000035e9 movq         %rax, %rbx
	0x4c, 0x8b, 0x7c, 0x24, 0x38, //0x000035ec movq         $56(%rsp), %r15
	//0x000035f1 LBB0_530
	0x4d, 0x85, 0xed, //0x000035f1 testq        %r13, %r13
	0x0f, 0x84, 0x66, 0x15, 0x00, 0x00, //0x000035f4 je           LBB0_792
	0x41, 0x0f, 0xb6, 0x0a, //0x000035fa movzbl       (%r10), %ecx
	0x80, 0xf9, 0x22, //0x000035fe cmpb         $34, %cl
	0x0f, 0x84, 0x44, 0x02, 0x00, 0x00, //0x00003601 je           LBB0_558
	0x80, 0xf9, 0x5c, //0x00003607 cmpb         $92, %cl
	0x0f, 0x84, 0x16, 0x00, 0x00, 0x00, //0x0000360a je           LBB0_535
	0x80, 0xf9, 0x1f, //0x00003610 cmpb         $31, %cl
	0x0f, 0x86, 0x3e, 0x18, 0x00, 0x00, //0x00003613 jbe          LBB0_915
	0x49, 0x83, 0xc2, 0x01, //0x00003619 addq         $1, %r10
	0x49, 0x83, 0xc5, 0xff, //0x0000361d addq         $-1, %r13
	0xe9, 0xcb, 0xff, 0xff, 0xff, //0x00003621 jmp          LBB0_530
	//0x00003626 LBB0_535
	0x48, 0x89, 0x44, 0x24, 0x18, //0x00003626 movq         %rax, $24(%rsp)
	0x49, 0x83, 0xfd, 0x01, //0x0000362b cmpq         $1, %r13
	0x0f, 0x84, 0x2b, 0x15, 0x00, 0x00, //0x0000362f je           LBB0_792
	0x4d, 0x89, 0xf0, //0x00003635 movq         %r14, %r8
	0x4d, 0x89, 0xd6, //0x00003638 movq         %r10, %r14
	0x4d, 0x29, 0xde, //0x0000363b subq         %r11, %r14
	0x48, 0x83, 0xfb, 0xff, //0x0000363e cmpq         $-1, %rbx
	0x48, 0x8b, 0x44, 0x24, 0x18, //0x00003642 movq         $24(%rsp), %rax
	0x49, 0x0f, 0x44, 0xc6, //0x00003647 cmoveq       %r14, %rax
	0x48, 0x89, 0x44, 0x24, 0x18, //0x0000364b movq         %rax, $24(%rsp)
	0x49, 0x0f, 0x44, 0xde, //0x00003650 cmoveq       %r14, %rbx
	0x49, 0x83, 0xc6, 0x01, //0x00003654 addq         $1, %r14
	0x48, 0x8b, 0x4c, 0x24, 0x50, //0x00003658 movq         $80(%rsp), %rcx
	0x4c, 0x29, 0xf1, //0x0000365d subq         %r14, %rcx
	0x0f, 0x84, 0xfa, 0x14, 0x00, 0x00, //0x00003660 je           LBB0_792
	0x43, 0x0f, 0xbe, 0x14, 0x33, //0x00003666 movsbl       (%r11,%r14), %edx
	0x83, 0xc2, 0xde, //0x0000366b addl         $-34, %edx
	0x83, 0xfa, 0x53, //0x0000366e cmpl         $83, %edx
	0x0f, 0x87, 0x86, 0x18, 0x00, 0x00, //0x00003671 ja           LBB0_926
	0x48, 0x8d, 0x35, 0x4e, 0x21, 0x00, 0x00, //0x00003677 leaq         $8526(%rip), %rsi  /* LJTI0_7+0(%rip) */
	0x48, 0x63, 0x04, 0x96, //0x0000367e movslq       (%rsi,%rdx,4), %rax
	0x48, 0x01, 0xf0, //0x00003682 addq         %rsi, %rax
	0xff, 0xe0, //0x00003685 jmpq         *%rax
	//0x00003687 LBB0_539
	0x4d, 0x8d, 0x66, 0x01, //0x00003687 leaq         $1(%r14), %r12
	//0x0000368b LBB0_540
	0x4d, 0x85, 0xe4, //0x0000368b testq        %r12, %r12
	0x0f, 0x88, 0xb8, 0x14, 0x00, 0x00, //0x0000368e js           LBB0_791
	0x4d, 0x29, 0xf4, //0x00003694 subq         %r14, %r12
	0x49, 0x8d, 0x44, 0x24, 0x01, //0x00003697 leaq         $1(%r12), %rax
	0x49, 0x29, 0xc5, //0x0000369c subq         %rax, %r13
	0x4d, 0x01, 0xe2, //0x0000369f addq         %r12, %r10
	0x49, 0x83, 0xc2, 0x01, //0x000036a2 addq         $1, %r10
	0x4d, 0x89, 0xc6, //0x000036a6 movq         %r8, %r14
	0x4c, 0x8b, 0x7c, 0x24, 0x38, //0x000036a9 movq         $56(%rsp), %r15
	0xc4, 0x41, 0x35, 0x76, 0xc9, //0x000036ae vpcmpeqd     %ymm9, %ymm9, %ymm9
	0xc5, 0xfe, 0x6f, 0x25, 0x25, 0xcb, 0xff, 0xff, //0x000036b3 vmovdqu      $-13531(%rip), %ymm4  /* LCPI0_19+0(%rip) */
	0x48, 0x8b, 0x44, 0x24, 0x18, //0x000036bb movq         $24(%rsp), %rax
	0xe9, 0x2c, 0xff, 0xff, 0xff, //0x000036c0 jmp          LBB0_530
	//0x000036c5 LBB0_542
	0x48, 0x83, 0xf9, 0x05, //0x000036c5 cmpq         $5, %rcx
	0x0f, 0x82, 0x91, 0x14, 0x00, 0x00, //0x000036c9 jb           LBB0_792
	0x47, 0x8b, 0x7c, 0x33, 0x01, //0x000036cf movl         $1(%r11,%r14), %r15d
	0x44, 0x89, 0xfe, //0x000036d4 movl         %r15d, %esi
	0xf7, 0xd6, //0x000036d7 notl         %esi
	0x41, 0x8d, 0x87, 0xd0, 0xcf, 0xcf, 0xcf, //0x000036d9 leal         $-808464432(%r15), %eax
	0x81, 0xe6, 0x80, 0x80, 0x80, 0x80, //0x000036e0 andl         $-2139062144, %esi
	0x85, 0xc6, //0x000036e6 testl        %eax, %esi
	0x0f, 0x85, 0x0f, 0x18, 0x00, 0x00, //0x000036e8 jne          LBB0_926
	0x41, 0x8d, 0x87, 0x19, 0x19, 0x19, 0x19, //0x000036ee leal         $421075225(%r15), %eax
	0x44, 0x09, 0xf8, //0x000036f5 orl          %r15d, %eax
	0xa9, 0x80, 0x80, 0x80, 0x80, //0x000036f8 testl        $-2139062144, %eax
	0x0f, 0x85, 0xfa, 0x17, 0x00, 0x00, //0x000036fd jne          LBB0_926
	0x44, 0x89, 0xfa, //0x00003703 movl         %r15d, %edx
	0x81, 0xe2, 0x7f, 0x7f, 0x7f, 0x7f, //0x00003706 andl         $2139062143, %edx
	0xb8, 0xc0, 0xc0, 0xc0, 0xc0, //0x0000370c movl         $-1061109568, %eax
	0x29, 0xd0, //0x00003711 subl         %edx, %eax
	0x44, 0x8d, 0xa2, 0x46, 0x46, 0x46, 0x46, //0x00003713 leal         $1179010630(%rdx), %r12d
	0x21, 0xf0, //0x0000371a andl         %esi, %eax
	0x44, 0x85, 0xe0, //0x0000371c testl        %r12d, %eax
	0x0f, 0x85, 0xd8, 0x17, 0x00, 0x00, //0x0000371f jne          LBB0_926
	0xb8, 0xe0, 0xe0, 0xe0, 0xe0, //0x00003725 movl         $-522133280, %eax
	0x29, 0xd0, //0x0000372a subl         %edx, %eax
	0x81, 0xc2, 0x39, 0x39, 0x39, 0x39, //0x0000372c addl         $960051513, %edx
	0x21, 0xc6, //0x00003732 andl         %eax, %esi
	0x85, 0xd6, //0x00003734 testl        %edx, %esi
	0x0f, 0x85, 0xc1, 0x17, 0x00, 0x00, //0x00003736 jne          LBB0_926
	0x41, 0x0f, 0xcf, //0x0000373c bswapl       %r15d
	0x44, 0x89, 0xf8, //0x0000373f movl         %r15d, %eax
	0xc1, 0xe8, 0x04, //0x00003742 shrl         $4, %eax
	0xf7, 0xd0, //0x00003745 notl         %eax
	0x25, 0x01, 0x01, 0x01, 0x01, //0x00003747 andl         $16843009, %eax
	0x8d, 0x04, 0xc0, //0x0000374c leal         (%rax,%rax,8), %eax
	0x41, 0x81, 0xe7, 0x0f, 0x0f, 0x0f, 0x0f, //0x0000374f andl         $252645135, %r15d
	0x41, 0x01, 0xc7, //0x00003756 addl         %eax, %r15d
	0x44, 0x89, 0xf8, //0x00003759 movl         %r15d, %eax
	0xc1, 0xe8, 0x0c, //0x0000375c shrl         $12, %eax
	0x41, 0xc1, 0xef, 0x08, //0x0000375f shrl         $8, %r15d
	0x41, 0x09, 0xc7, //0x00003763 orl          %eax, %r15d
	0x41, 0x81, 0xe7, 0x00, 0xfc, 0x00, 0x00, //0x00003766 andl         $64512, %r15d
	0x41, 0x81, 0xff, 0x00, 0xd8, 0x00, 0x00, //0x0000376d cmpl         $55296, %r15d
	0x0f, 0x85, 0xc8, 0x00, 0x00, 0x00, //0x00003774 jne          LBB0_557
	0x48, 0x83, 0xf9, 0x0b, //0x0000377a cmpq         $11, %rcx
	0x0f, 0x82, 0xbe, 0x00, 0x00, 0x00, //0x0000377e jb           LBB0_557
	0x43, 0x80, 0x7c, 0x33, 0x05, 0x5c, //0x00003784 cmpb         $92, $5(%r11,%r14)
	0x0f, 0x85, 0xb2, 0x00, 0x00, 0x00, //0x0000378a jne          LBB0_557
	0x43, 0x80, 0x7c, 0x33, 0x06, 0x75, //0x00003790 cmpb         $117, $6(%r11,%r14)
	0x0f, 0x85, 0xa6, 0x00, 0x00, 0x00, //0x00003796 jne          LBB0_557
	0x43, 0x8b, 0x4c, 0x33, 0x07, //0x0000379c movl         $7(%r11,%r14), %ecx
	0x89, 0xca, //0x000037a1 movl         %ecx, %edx
	0xf7, 0xd2, //0x000037a3 notl         %edx
	0x8d, 0x81, 0xd0, 0xcf, 0xcf, 0xcf, //0x000037a5 leal         $-808464432(%rcx), %eax
	0x81, 0xe2, 0x80, 0x80, 0x80, 0x80, //0x000037ab andl         $-2139062144, %edx
	0x85, 0xc2, //0x000037b1 testl        %eax, %edx
	0x0f, 0x85, 0x89, 0x00, 0x00, 0x00, //0x000037b3 jne          LBB0_557
	0x8d, 0x81, 0x19, 0x19, 0x19, 0x19, //0x000037b9 leal         $421075225(%rcx), %eax
	0x09, 0xc8, //0x000037bf orl          %ecx, %eax
	0xa9, 0x80, 0x80, 0x80, 0x80, //0x000037c1 testl        $-2139062144, %eax
	0x0f, 0x85, 0x76, 0x00, 0x00, 0x00, //0x000037c6 jne          LBB0_557
	0x89, 0xce, //0x000037cc movl         %ecx, %esi
	0x81, 0xe6, 0x7f, 0x7f, 0x7f, 0x7f, //0x000037ce andl         $2139062143, %esi
	0xb8, 0xc0, 0xc0, 0xc0, 0xc0, //0x000037d4 movl         $-1061109568, %eax
	0x29, 0xf0, //0x000037d9 subl         %esi, %eax
	0x44, 0x8d, 0xbe, 0x46, 0x46, 0x46, 0x46, //0x000037db leal         $1179010630(%rsi), %r15d
	0x21, 0xd0, //0x000037e2 andl         %edx, %eax
	0x44, 0x85, 0xf8, //0x000037e4 testl        %r15d, %eax
	0x0f, 0x85, 0x55, 0x00, 0x00, 0x00, //0x000037e7 jne          LBB0_557
	0xb8, 0xe0, 0xe0, 0xe0, 0xe0, //0x000037ed movl         $-522133280, %eax
	0x29, 0xf0, //0x000037f2 subl         %esi, %eax
	0x81, 0xc6, 0x39, 0x39, 0x39, 0x39, //0x000037f4 addl         $960051513, %esi
	0x21, 0xc2, //0x000037fa andl         %eax, %edx
	0x85, 0xf2, //0x000037fc testl        %esi, %edx
	0x0f, 0x85, 0x3e, 0x00, 0x00, 0x00, //0x000037fe jne          LBB0_557
	0x0f, 0xc9, //0x00003804 bswapl       %ecx
	0x89, 0xc8, //0x00003806 movl         %ecx, %eax
	0xc1, 0xe8, 0x04, //0x00003808 shrl         $4, %eax
	0xf7, 0xd0, //0x0000380b notl         %eax
	0x25, 0x01, 0x01, 0x01, 0x01, //0x0000380d andl         $16843009, %eax
	0x8d, 0x04, 0xc0, //0x00003812 leal         (%rax,%rax,8), %eax
	0x81, 0xe1, 0x0f, 0x0f, 0x0f, 0x0f, //0x00003815 andl         $252645135, %ecx
	0x01, 0xc1, //0x0000381b addl         %eax, %ecx
	0x89, 0xc8, //0x0000381d movl         %ecx, %eax
	0xc1, 0xe8, 0x0c, //0x0000381f shrl         $12, %eax
	0xc1, 0xe9, 0x08, //0x00003822 shrl         $8, %ecx
	0x09, 0xc1, //0x00003825 orl          %eax, %ecx
	0x81, 0xe1, 0x00, 0xfc, 0x00, 0x00, //0x00003827 andl         $64512, %ecx
	0x81, 0xf9, 0x00, 0xdc, 0x00, 0x00, //0x0000382d cmpl         $56320, %ecx
	0x0f, 0x85, 0x09, 0x00, 0x00, 0x00, //0x00003833 jne          LBB0_557
	0x4d, 0x8d, 0x66, 0x0b, //0x00003839 leaq         $11(%r14), %r12
	0xe9, 0x49, 0xfe, 0xff, 0xff, //0x0000383d jmp          LBB0_540
	//0x00003842 LBB0_557
	0x4d, 0x8d, 0x66, 0x05, //0x00003842 leaq         $5(%r14), %r12
	0xe9, 0x40, 0xfe, 0xff, 0xff, //0x00003846 jmp          LBB0_540
	//0x0000384b LBB0_558
	0x48, 0x89, 0x44, 0x24, 0x18, //0x0000384b movq         %rax, $24(%rsp)
	0x4d, 0x29, 0xda, //0x00003850 subq         %r11, %r10
	0x49, 0x83, 0xc2, 0x01, //0x00003853 addq         $1, %r10
	0x4d, 0x89, 0xd4, //0x00003857 movq         %r10, %r12
	0x4c, 0x8b, 0x6c, 0x24, 0x20, //0x0000385a movq         $32(%rsp), %r13
	0xe9, 0x40, 0xd7, 0xff, 0xff, //0x0000385f jmp          LBB0_32
	//0x00003864 LBB0_559
	0x48, 0x83, 0x7c, 0x24, 0x18, 0xff, //0x00003864 cmpq         $-1, $24(%rsp)
	0x0f, 0x85, 0x12, 0x00, 0x00, 0x00, //0x0000386a jne          LBB0_561
	0x4c, 0x89, 0xe0, //0x00003870 movq         %r12, %rax
	0x4c, 0x29, 0xd8, //0x00003873 subq         %r11, %rax
	0x48, 0x0f, 0xbc, 0xda, //0x00003876 bsfq         %rdx, %rbx
	0x48, 0x01, 0xc3, //0x0000387a addq         %rax, %rbx
	0x48, 0x89, 0x5c, 0x24, 0x18, //0x0000387d movq         %rbx, $24(%rsp)
	//0x00003882 LBB0_561
	0x44, 0x89, 0xc0, //0x00003882 movl         %r8d, %eax
	0xf7, 0xd0, //0x00003885 notl         %eax
	0x21, 0xd0, //0x00003887 andl         %edx, %eax
	0x8d, 0x34, 0x00, //0x00003889 leal         (%rax,%rax), %esi
	0x41, 0x8d, 0x1c, 0x40, //0x0000388c leal         (%r8,%rax,2), %ebx
	0xf7, 0xd6, //0x00003890 notl         %esi
	0x21, 0xd6, //0x00003892 andl         %edx, %esi
	0x81, 0xe6, 0xaa, 0xaa, 0xaa, 0xaa, //0x00003894 andl         $-1431655766, %esi
	0x45, 0x31, 0xc0, //0x0000389a xorl         %r8d, %r8d
	0x01, 0xc6, //0x0000389d addl         %eax, %esi
	0x41, 0x0f, 0x92, 0xc0, //0x0000389f setb         %r8b
	0x01, 0xf6, //0x000038a3 addl         %esi, %esi
	0x81, 0xf6, 0x55, 0x55, 0x55, 0x55, //0x000038a5 xorl         $1431655765, %esi
	0x21, 0xde, //0x000038ab andl         %ebx, %esi
	0xf7, 0xd6, //0x000038ad notl         %esi
	0x21, 0xf7, //0x000038af andl         %esi, %edi
	0x4c, 0x8b, 0x54, 0x24, 0x48, //0x000038b1 movq         $72(%rsp), %r10
	0x4c, 0x8b, 0x7c, 0x24, 0x38, //0x000038b6 movq         $56(%rsp), %r15
	0xc4, 0x41, 0x35, 0x76, 0xc9, //0x000038bb vpcmpeqd     %ymm9, %ymm9, %ymm9
	0xc5, 0xfe, 0x6f, 0x25, 0x18, 0xc9, 0xff, 0xff, //0x000038c0 vmovdqu      $-14056(%rip), %ymm4  /* LCPI0_19+0(%rip) */
	0x48, 0x85, 0xff, //0x000038c8 testq        %rdi, %rdi
	0x0f, 0x85, 0x0c, 0xf8, 0xff, 0xff, //0x000038cb jne          LBB0_172
	//0x000038d1 LBB0_562
	0x49, 0x83, 0xc4, 0x20, //0x000038d1 addq         $32, %r12
	0x48, 0x83, 0xc1, 0xe0, //0x000038d5 addq         $-32, %rcx
	//0x000038d9 LBB0_563
	0x4d, 0x85, 0xc0, //0x000038d9 testq        %r8, %r8
	0x0f, 0x85, 0xa3, 0x04, 0x00, 0x00, //0x000038dc jne          LBB0_622
	0x4c, 0x89, 0xde, //0x000038e2 movq         %r11, %rsi
	0x48, 0xf7, 0xd6, //0x000038e5 notq         %rsi
	0x48, 0x8b, 0x54, 0x24, 0x18, //0x000038e8 movq         $24(%rsp), %rdx
	0x48, 0x85, 0xc9, //0x000038ed testq        %rcx, %rcx
	0x0f, 0x84, 0xa2, 0x00, 0x00, 0x00, //0x000038f0 je           LBB0_575
	//0x000038f6 LBB0_565
	0x48, 0x83, 0xc6, 0x01, //0x000038f6 addq         $1, %rsi
	//0x000038fa LBB0_566
	0x31, 0xff, //0x000038fa xorl         %edi, %edi
	//0x000038fc LBB0_567
	0x41, 0x0f, 0xb6, 0x1c, 0x3c, //0x000038fc movzbl       (%r12,%rdi), %ebx
	0x80, 0xfb, 0x22, //0x00003901 cmpb         $34, %bl
	0x0f, 0x84, 0x82, 0x00, 0x00, 0x00, //0x00003904 je           LBB0_574
	0x80, 0xfb, 0x5c, //0x0000390a cmpb         $92, %bl
	0x0f, 0x84, 0x12, 0x00, 0x00, 0x00, //0x0000390d je           LBB0_572
	0x48, 0x83, 0xc7, 0x01, //0x00003913 addq         $1, %rdi
	0x48, 0x39, 0xf9, //0x00003917 cmpq         %rdi, %rcx
	0x0f, 0x85, 0xdc, 0xff, 0xff, 0xff, //0x0000391a jne          LBB0_567
	0xe9, 0x7b, 0x00, 0x00, 0x00, //0x00003920 jmp          LBB0_570
	//0x00003925 LBB0_572
	0x48, 0x8d, 0x41, 0xff, //0x00003925 leaq         $-1(%rcx), %rax
	0x48, 0x39, 0xf8, //0x00003929 cmpq         %rdi, %rax
	0x0f, 0x84, 0x8f, 0x12, 0x00, 0x00, //0x0000392c je           LBB0_257
	0x4a, 0x8d, 0x04, 0x26, //0x00003932 leaq         (%rsi,%r12), %rax
	0x48, 0x01, 0xf8, //0x00003936 addq         %rdi, %rax
	0x48, 0x83, 0xfa, 0xff, //0x00003939 cmpq         $-1, %rdx
	0x48, 0x8b, 0x5c, 0x24, 0x18, //0x0000393d movq         $24(%rsp), %rbx
	0x48, 0x0f, 0x44, 0xd8, //0x00003942 cmoveq       %rax, %rbx
	0x48, 0x89, 0x5c, 0x24, 0x18, //0x00003946 movq         %rbx, $24(%rsp)
	0x48, 0x0f, 0x44, 0xd0, //0x0000394b cmoveq       %rax, %rdx
	0x49, 0x01, 0xfc, //0x0000394f addq         %rdi, %r12
	0x49, 0x83, 0xc4, 0x02, //0x00003952 addq         $2, %r12
	0x48, 0x89, 0xc8, //0x00003956 movq         %rcx, %rax
	0x48, 0x29, 0xf8, //0x00003959 subq         %rdi, %rax
	0x48, 0x83, 0xc0, 0xfe, //0x0000395c addq         $-2, %rax
	0x48, 0x83, 0xc1, 0xfe, //0x00003960 addq         $-2, %rcx
	0x48, 0x39, 0xf9, //0x00003964 cmpq         %rdi, %rcx
	0x48, 0x89, 0xc1, //0x00003967 movq         %rax, %rcx
	0x4c, 0x8b, 0x6c, 0x24, 0x20, //0x0000396a movq         $32(%rsp), %r13
	0x4c, 0x8b, 0x7c, 0x24, 0x38, //0x0000396f movq         $56(%rsp), %r15
	0xc4, 0x41, 0x35, 0x76, 0xc9, //0x00003974 vpcmpeqd     %ymm9, %ymm9, %ymm9
	0xc5, 0xfe, 0x6f, 0x25, 0x5f, 0xc8, 0xff, 0xff, //0x00003979 vmovdqu      $-14241(%rip), %ymm4  /* LCPI0_19+0(%rip) */
	0x0f, 0x85, 0x73, 0xff, 0xff, 0xff, //0x00003981 jne          LBB0_566
	0xe9, 0x35, 0x12, 0x00, 0x00, //0x00003987 jmp          LBB0_257
	//0x0000398c LBB0_574
	0x49, 0x01, 0xfc, //0x0000398c addq         %rdi, %r12
	0x49, 0x83, 0xc4, 0x01, //0x0000398f addq         $1, %r12
	0x4c, 0x8b, 0x54, 0x24, 0x48, //0x00003993 movq         $72(%rsp), %r10
	//0x00003998 LBB0_575
	0x4d, 0x29, 0xdc, //0x00003998 subq         %r11, %r12
	0xe9, 0xb8, 0xe9, 0xff, 0xff, //0x0000399b jmp          LBB0_286
	//0x000039a0 LBB0_570
	0x80, 0xfb, 0x22, //0x000039a0 cmpb         $34, %bl
	0x0f, 0x85, 0x18, 0x12, 0x00, 0x00, //0x000039a3 jne          LBB0_257
	0x49, 0x01, 0xcc, //0x000039a9 addq         %rcx, %r12
	0x4c, 0x8b, 0x6c, 0x24, 0x20, //0x000039ac movq         $32(%rsp), %r13
	0x4c, 0x8b, 0x54, 0x24, 0x48, //0x000039b1 movq         $72(%rsp), %r10
	0x4c, 0x8b, 0x7c, 0x24, 0x38, //0x000039b6 movq         $56(%rsp), %r15
	0xc4, 0x41, 0x35, 0x76, 0xc9, //0x000039bb vpcmpeqd     %ymm9, %ymm9, %ymm9
	0xc5, 0xfe, 0x6f, 0x25, 0x18, 0xc8, 0xff, 0xff, //0x000039c0 vmovdqu      $-14312(%rip), %ymm4  /* LCPI0_19+0(%rip) */
	0xe9, 0xcb, 0xff, 0xff, 0xff, //0x000039c8 jmp          LBB0_575
	//0x000039cd LBB0_576
	0x48, 0x8b, 0x44, 0x24, 0x18, //0x000039cd movq         $24(%rsp), %rax
	0xe9, 0xea, 0x00, 0x00, 0x00, //0x000039d2 jmp          LBB0_587
	//0x000039d7 LBB0_577
	0x48, 0x83, 0x7c, 0x24, 0x18, 0xff, //0x000039d7 cmpq         $-1, $24(%rsp)
	0x0f, 0x85, 0x12, 0x00, 0x00, 0x00, //0x000039dd jne          LBB0_579
	0x48, 0x89, 0xf0, //0x000039e3 movq         %rsi, %rax
	0x4c, 0x29, 0xd8, //0x000039e6 subq         %r11, %rax
	0x48, 0x0f, 0xbc, 0xd1, //0x000039e9 bsfq         %rcx, %rdx
	0x48, 0x01, 0xc2, //0x000039ed addq         %rax, %rdx
	0x48, 0x89, 0x54, 0x24, 0x18, //0x000039f0 movq         %rdx, $24(%rsp)
	//0x000039f5 LBB0_579
	0x44, 0x89, 0xea, //0x000039f5 movl         %r13d, %edx
	0xf7, 0xd2, //0x000039f8 notl         %edx
	0x21, 0xca, //0x000039fa andl         %ecx, %edx
	0x8d, 0x04, 0x12, //0x000039fc leal         (%rdx,%rdx), %eax
	0x41, 0x8d, 0x7c, 0x55, 0x00, //0x000039ff leal         (%r13,%rdx,2), %edi
	0xf7, 0xd0, //0x00003a04 notl         %eax
	0x21, 0xc8, //0x00003a06 andl         %ecx, %eax
	0x25, 0xaa, 0xaa, 0xaa, 0xaa, //0x00003a08 andl         $-1431655766, %eax
	0x45, 0x31, 0xed, //0x00003a0d xorl         %r13d, %r13d
	0x01, 0xd0, //0x00003a10 addl         %edx, %eax
	0x41, 0x0f, 0x92, 0xc5, //0x00003a12 setb         %r13b
	0x01, 0xc0, //0x00003a16 addl         %eax, %eax
	0x35, 0x55, 0x55, 0x55, 0x55, //0x00003a18 xorl         $1431655765, %eax
	0x21, 0xf8, //0x00003a1d andl         %edi, %eax
	0xf7, 0xd0, //0x00003a1f notl         %eax
	0x21, 0xc3, //0x00003a21 andl         %eax, %ebx
	0xc4, 0x41, 0x35, 0x76, 0xc9, //0x00003a23 vpcmpeqd     %ymm9, %ymm9, %ymm9
	0xc5, 0xfe, 0x6f, 0x25, 0xb0, 0xc7, 0xff, 0xff, //0x00003a28 vmovdqu      $-14416(%rip), %ymm4  /* LCPI0_19+0(%rip) */
	0x48, 0x85, 0xdb, //0x00003a30 testq        %rbx, %rbx
	0x0f, 0x85, 0xe4, 0xf9, 0xff, 0xff, //0x00003a33 jne          LBB0_491
	//0x00003a39 LBB0_580
	0xb8, 0x40, 0x00, 0x00, 0x00, //0x00003a39 movl         $64, %eax
	//0x00003a3e LBB0_581
	0x48, 0x89, 0x44, 0x24, 0x58, //0x00003a3e movq         %rax, $88(%rsp)
	0xc5, 0xbd, 0x64, 0xc8, //0x00003a43 vpcmpgtb     %ymm0, %ymm8, %ymm1
	0xc4, 0xc1, 0x7d, 0x64, 0xc1, //0x00003a47 vpcmpgtb     %ymm9, %ymm0, %ymm0
	0xc5, 0xf5, 0xdb, 0xc0, //0x00003a4c vpand        %ymm0, %ymm1, %ymm0
	0xc5, 0x7d, 0xd7, 0xf8, //0x00003a50 vpmovmskb    %ymm0, %r15d
	0x41, 0x0f, 0xbc, 0xc7, //0x00003a54 bsfl         %r15d, %eax
	0x89, 0x44, 0x24, 0x60, //0x00003a58 movl         %eax, $96(%rsp)
	0x89, 0xc7, //0x00003a5c movl         %eax, %edi
	0xb8, 0x40, 0x00, 0x00, 0x00, //0x00003a5e movl         $64, %eax
	0x0f, 0x44, 0xf8, //0x00003a63 cmovel       %eax, %edi
	0x48, 0x89, 0xf1, //0x00003a66 movq         %rsi, %rcx
	0x4c, 0x29, 0xd9, //0x00003a69 subq         %r11, %rcx
	0x48, 0x85, 0xd2, //0x00003a6c testq        %rdx, %rdx
	0x0f, 0x85, 0x92, 0x0d, 0x00, 0x00, //0x00003a6f jne          LBB0_729
	//0x00003a75 LBB0_582
	0x48, 0x85, 0xdb, //0x00003a75 testq        %rbx, %rbx
	0x0f, 0x84, 0x2d, 0x00, 0x00, 0x00, //0x00003a78 je           LBB0_585
	0x48, 0x8b, 0x44, 0x24, 0x58, //0x00003a7e movq         $88(%rsp), %rax
	0x48, 0x39, 0xf8, //0x00003a83 cmpq         %rdi, %rax
	0x4c, 0x8b, 0x54, 0x24, 0x48, //0x00003a86 movq         $72(%rsp), %r10
	0x0f, 0x87, 0xda, 0x13, 0x00, 0x00, //0x00003a8b ja           LBB0_916
	0x4c, 0x8d, 0x24, 0x01, //0x00003a91 leaq         (%rcx,%rax), %r12
	0x49, 0x83, 0xc4, 0x01, //0x00003a95 addq         $1, %r12
	0x4c, 0x8b, 0x6c, 0x24, 0x20, //0x00003a99 movq         $32(%rsp), %r13
	0x4d, 0x89, 0xc6, //0x00003a9e movq         %r8, %r14
	0x4c, 0x8b, 0x7c, 0x24, 0x38, //0x00003aa1 movq         $56(%rsp), %r15
	0xe9, 0xad, 0xe8, 0xff, 0xff, //0x00003aa6 jmp          LBB0_286
	//0x00003aab LBB0_585
	0x45, 0x85, 0xff, //0x00003aab testl        %r15d, %r15d
	0x48, 0x8b, 0x44, 0x24, 0x18, //0x00003aae movq         $24(%rsp), %rax
	0x0f, 0x85, 0xba, 0x13, 0x00, 0x00, //0x00003ab3 jne          LBB0_917
	0x48, 0x83, 0xc6, 0x20, //0x00003ab9 addq         $32, %rsi
	0x49, 0x83, 0xc6, 0xe0, //0x00003abd addq         $-32, %r14
	//0x00003ac1 LBB0_587
	0x4d, 0x85, 0xed, //0x00003ac1 testq        %r13, %r13
	0x4c, 0x8b, 0x7c, 0x24, 0x38, //0x00003ac4 movq         $56(%rsp), %r15
	0x0f, 0x85, 0x14, 0x03, 0x00, 0x00, //0x00003ac9 jne          LBB0_624
	0x48, 0x89, 0xc3, //0x00003acf movq         %rax, %rbx
	0x4c, 0x8b, 0x6c, 0x24, 0x20, //0x00003ad2 movq         $32(%rsp), %r13
	//0x00003ad7 LBB0_589
	0x4d, 0x85, 0xf6, //0x00003ad7 testq        %r14, %r14
	0x0f, 0x84, 0xe1, 0x10, 0x00, 0x00, //0x00003ada je           LBB0_257
	0x0f, 0xb6, 0x0e, //0x00003ae0 movzbl       (%rsi), %ecx
	0x80, 0xf9, 0x22, //0x00003ae3 cmpb         $34, %cl
	0x0f, 0x84, 0x3d, 0x02, 0x00, 0x00, //0x00003ae6 je           LBB0_617
	0x80, 0xf9, 0x5c, //0x00003aec cmpb         $92, %cl
	0x0f, 0x84, 0x16, 0x00, 0x00, 0x00, //0x00003aef je           LBB0_594
	0x80, 0xf9, 0x1f, //0x00003af5 cmpb         $31, %cl
	0x0f, 0x86, 0x8d, 0x13, 0x00, 0x00, //0x00003af8 jbe          LBB0_919
	0x48, 0x83, 0xc6, 0x01, //0x00003afe addq         $1, %rsi
	0x49, 0x83, 0xc6, 0xff, //0x00003b02 addq         $-1, %r14
	0xe9, 0xcc, 0xff, 0xff, 0xff, //0x00003b06 jmp          LBB0_589
	//0x00003b0b LBB0_594
	0x48, 0x89, 0x44, 0x24, 0x18, //0x00003b0b movq         %rax, $24(%rsp)
	0x49, 0x83, 0xfe, 0x01, //0x00003b10 cmpq         $1, %r14
	0x0f, 0x84, 0xa7, 0x10, 0x00, 0x00, //0x00003b14 je           LBB0_257
	0x48, 0x89, 0xf2, //0x00003b1a movq         %rsi, %rdx
	0x4c, 0x29, 0xda, //0x00003b1d subq         %r11, %rdx
	0x48, 0x83, 0xfb, 0xff, //0x00003b20 cmpq         $-1, %rbx
	0x48, 0x8b, 0x44, 0x24, 0x18, //0x00003b24 movq         $24(%rsp), %rax
	0x48, 0x0f, 0x44, 0xc2, //0x00003b29 cmoveq       %rdx, %rax
	0x48, 0x89, 0x44, 0x24, 0x18, //0x00003b2d movq         %rax, $24(%rsp)
	0x48, 0x0f, 0x44, 0xda, //0x00003b32 cmoveq       %rdx, %rbx
	0x48, 0x83, 0xc2, 0x01, //0x00003b36 addq         $1, %rdx
	0x48, 0x8b, 0x4c, 0x24, 0x50, //0x00003b3a movq         $80(%rsp), %rcx
	0x48, 0x29, 0xd1, //0x00003b3f subq         %rdx, %rcx
	0x0f, 0x84, 0x79, 0x10, 0x00, 0x00, //0x00003b42 je           LBB0_257
	0x49, 0x89, 0xd2, //0x00003b48 movq         %rdx, %r10
	0x41, 0x0f, 0xbe, 0x14, 0x13, //0x00003b4b movsbl       (%r11,%rdx), %edx
	0x83, 0xc2, 0xde, //0x00003b50 addl         $-34, %edx
	0x83, 0xfa, 0x53, //0x00003b53 cmpl         $83, %edx
	0x0f, 0x87, 0xb3, 0x13, 0x00, 0x00, //0x00003b56 ja           LBB0_927
	0x48, 0x8d, 0x3d, 0x79, 0x18, 0x00, 0x00, //0x00003b5c leaq         $6265(%rip), %rdi  /* LJTI0_4+0(%rip) */
	0x48, 0x63, 0x04, 0x97, //0x00003b63 movslq       (%rdi,%rdx,4), %rax
	0x48, 0x01, 0xf8, //0x00003b67 addq         %rdi, %rax
	0xff, 0xe0, //0x00003b6a jmpq         *%rax
	//0x00003b6c LBB0_598
	0x4d, 0x8d, 0x62, 0x01, //0x00003b6c leaq         $1(%r10), %r12
	//0x00003b70 LBB0_599
	0x4d, 0x85, 0xe4, //0x00003b70 testq        %r12, %r12
	0x0f, 0x88, 0x34, 0x10, 0x00, 0x00, //0x00003b73 js           LBB0_256
	0x4d, 0x29, 0xd4, //0x00003b79 subq         %r10, %r12
	0x49, 0x8d, 0x44, 0x24, 0x01, //0x00003b7c leaq         $1(%r12), %rax
	0x49, 0x29, 0xc6, //0x00003b81 subq         %rax, %r14
	0x4c, 0x01, 0xe6, //0x00003b84 addq         %r12, %rsi
	0x48, 0x83, 0xc6, 0x01, //0x00003b87 addq         $1, %rsi
	0x4c, 0x8b, 0x6c, 0x24, 0x20, //0x00003b8b movq         $32(%rsp), %r13
	0x4c, 0x8b, 0x7c, 0x24, 0x38, //0x00003b90 movq         $56(%rsp), %r15
	0xc4, 0x41, 0x35, 0x76, 0xc9, //0x00003b95 vpcmpeqd     %ymm9, %ymm9, %ymm9
	0xc5, 0xfe, 0x6f, 0x25, 0x3e, 0xc6, 0xff, 0xff, //0x00003b9a vmovdqu      $-14786(%rip), %ymm4  /* LCPI0_19+0(%rip) */
	0x48, 0x8b, 0x44, 0x24, 0x18, //0x00003ba2 movq         $24(%rsp), %rax
	0xe9, 0x2b, 0xff, 0xff, 0xff, //0x00003ba7 jmp          LBB0_589
	//0x00003bac LBB0_601
	0x48, 0x83, 0xf9, 0x05, //0x00003bac cmpq         $5, %rcx
	0x0f, 0x82, 0x0b, 0x10, 0x00, 0x00, //0x00003bb0 jb           LBB0_257
	0x43, 0x8b, 0x44, 0x13, 0x01, //0x00003bb6 movl         $1(%r11,%r10), %eax
	0x89, 0xc7, //0x00003bbb movl         %eax, %edi
	0xf7, 0xd7, //0x00003bbd notl         %edi
	0x8d, 0x90, 0xd0, 0xcf, 0xcf, 0xcf, //0x00003bbf leal         $-808464432(%rax), %edx
	0x81, 0xe7, 0x80, 0x80, 0x80, 0x80, //0x00003bc5 andl         $-2139062144, %edi
	0x85, 0xd7, //0x00003bcb testl        %edx, %edi
	0x0f, 0x85, 0x3c, 0x13, 0x00, 0x00, //0x00003bcd jne          LBB0_927
	0x8d, 0x90, 0x19, 0x19, 0x19, 0x19, //0x00003bd3 leal         $421075225(%rax), %edx
	0x09, 0xc2, //0x00003bd9 orl          %eax, %edx
	0xf7, 0xc2, 0x80, 0x80, 0x80, 0x80, //0x00003bdb testl        $-2139062144, %edx
	0x0f, 0x85, 0x28, 0x13, 0x00, 0x00, //0x00003be1 jne          LBB0_927
	0x89, 0xc2, //0x00003be7 movl         %eax, %edx
	0x81, 0xe2, 0x7f, 0x7f, 0x7f, 0x7f, //0x00003be9 andl         $2139062143, %edx
	0x41, 0xbc, 0xc0, 0xc0, 0xc0, 0xc0, //0x00003bef movl         $-1061109568, %r12d
	0x41, 0x29, 0xd4, //0x00003bf5 subl         %edx, %r12d
	0x44, 0x8d, 0xba, 0x46, 0x46, 0x46, 0x46, //0x00003bf8 leal         $1179010630(%rdx), %r15d
	0x41, 0x21, 0xfc, //0x00003bff andl         %edi, %r12d
	0x45, 0x85, 0xfc, //0x00003c02 testl        %r15d, %r12d
	0x0f, 0x85, 0x04, 0x13, 0x00, 0x00, //0x00003c05 jne          LBB0_927
	0x41, 0xbf, 0xe0, 0xe0, 0xe0, 0xe0, //0x00003c0b movl         $-522133280, %r15d
	0x41, 0x29, 0xd7, //0x00003c11 subl         %edx, %r15d
	0x81, 0xc2, 0x39, 0x39, 0x39, 0x39, //0x00003c14 addl         $960051513, %edx
	0x44, 0x21, 0xff, //0x00003c1a andl         %r15d, %edi
	0x85, 0xd7, //0x00003c1d testl        %edx, %edi
	0x0f, 0x85, 0xea, 0x12, 0x00, 0x00, //0x00003c1f jne          LBB0_927
	0x0f, 0xc8, //0x00003c25 bswapl       %eax
	0x89, 0xc2, //0x00003c27 movl         %eax, %edx
	0xc1, 0xea, 0x04, //0x00003c29 shrl         $4, %edx
	0xf7, 0xd2, //0x00003c2c notl         %edx
	0x81, 0xe2, 0x01, 0x01, 0x01, 0x01, //0x00003c2e andl         $16843009, %edx
	0x8d, 0x14, 0xd2, //0x00003c34 leal         (%rdx,%rdx,8), %edx
	0x25, 0x0f, 0x0f, 0x0f, 0x0f, //0x00003c37 andl         $252645135, %eax
	0x01, 0xd0, //0x00003c3c addl         %edx, %eax
	0x89, 0xc2, //0x00003c3e movl         %eax, %edx
	0xc1, 0xea, 0x0c, //0x00003c40 shrl         $12, %edx
	0xc1, 0xe8, 0x08, //0x00003c43 shrl         $8, %eax
	0x09, 0xd0, //0x00003c46 orl          %edx, %eax
	0x25, 0x00, 0xfc, 0x00, 0x00, //0x00003c48 andl         $64512, %eax
	0x3d, 0x00, 0xd8, 0x00, 0x00, //0x00003c4d cmpl         $55296, %eax
	0x0f, 0x85, 0xc8, 0x00, 0x00, 0x00, //0x00003c52 jne          LBB0_616
	0x48, 0x83, 0xf9, 0x0b, //0x00003c58 cmpq         $11, %rcx
	0x0f, 0x82, 0xbe, 0x00, 0x00, 0x00, //0x00003c5c jb           LBB0_616
	0x43, 0x80, 0x7c, 0x13, 0x05, 0x5c, //0x00003c62 cmpb         $92, $5(%r11,%r10)
	0x0f, 0x85, 0xb2, 0x00, 0x00, 0x00, //0x00003c68 jne          LBB0_616
	0x43, 0x80, 0x7c, 0x13, 0x06, 0x75, //0x00003c6e cmpb         $117, $6(%r11,%r10)
	0x0f, 0x85, 0xa6, 0x00, 0x00, 0x00, //0x00003c74 jne          LBB0_616
	0x43, 0x8b, 0x4c, 0x13, 0x07, //0x00003c7a movl         $7(%r11,%r10), %ecx
	0x89, 0xca, //0x00003c7f movl         %ecx, %edx
	0xf7, 0xd2, //0x00003c81 notl         %edx
	0x8d, 0x81, 0xd0, 0xcf, 0xcf, 0xcf, //0x00003c83 leal         $-808464432(%rcx), %eax
	0x81, 0xe2, 0x80, 0x80, 0x80, 0x80, //0x00003c89 andl         $-2139062144, %edx
	0x85, 0xc2, //0x00003c8f testl        %eax, %edx
	0x0f, 0x85, 0x89, 0x00, 0x00, 0x00, //0x00003c91 jne          LBB0_616
	0x8d, 0x81, 0x19, 0x19, 0x19, 0x19, //0x00003c97 leal         $421075225(%rcx), %eax
	0x09, 0xc8, //0x00003c9d orl          %ecx, %eax
	0xa9, 0x80, 0x80, 0x80, 0x80, //0x00003c9f testl        $-2139062144, %eax
	0x0f, 0x85, 0x76, 0x00, 0x00, 0x00, //0x00003ca4 jne          LBB0_616
	0x89, 0xcf, //0x00003caa movl         %ecx, %edi
	0x81, 0xe7, 0x7f, 0x7f, 0x7f, 0x7f, //0x00003cac andl         $2139062143, %edi
	0xb8, 0xc0, 0xc0, 0xc0, 0xc0, //0x00003cb2 movl         $-1061109568, %eax
	0x29, 0xf8, //0x00003cb7 subl         %edi, %eax
	0x44, 0x8d, 0xbf, 0x46, 0x46, 0x46, 0x46, //0x00003cb9 leal         $1179010630(%rdi), %r15d
	0x21, 0xd0, //0x00003cc0 andl         %edx, %eax
	0x44, 0x85, 0xf8, //0x00003cc2 testl        %r15d, %eax
	0x0f, 0x85, 0x55, 0x00, 0x00, 0x00, //0x00003cc5 jne          LBB0_616
	0xb8, 0xe0, 0xe0, 0xe0, 0xe0, //0x00003ccb movl         $-522133280, %eax
	0x29, 0xf8, //0x00003cd0 subl         %edi, %eax
	0x81, 0xc7, 0x39, 0x39, 0x39, 0x39, //0x00003cd2 addl         $960051513, %edi
	0x21, 0xc2, //0x00003cd8 andl         %eax, %edx
	0x85, 0xfa, //0x00003cda testl        %edi, %edx
	0x0f, 0x85, 0x3e, 0x00, 0x00, 0x00, //0x00003cdc jne          LBB0_616
	0x0f, 0xc9, //0x00003ce2 bswapl       %ecx
	0x89, 0xc8, //0x00003ce4 movl         %ecx, %eax
	0xc1, 0xe8, 0x04, //0x00003ce6 shrl         $4, %eax
	0xf7, 0xd0, //0x00003ce9 notl         %eax
	0x25, 0x01, 0x01, 0x01, 0x01, //0x00003ceb andl         $16843009, %eax
	0x8d, 0x04, 0xc0, //0x00003cf0 leal         (%rax,%rax,8), %eax
	0x81, 0xe1, 0x0f, 0x0f, 0x0f, 0x0f, //0x00003cf3 andl         $252645135, %ecx
	0x01, 0xc1, //0x00003cf9 addl         %eax, %ecx
	0x89, 0xc8, //0x00003cfb movl         %ecx, %eax
	0xc1, 0xe8, 0x0c, //0x00003cfd shrl         $12, %eax
	0xc1, 0xe9, 0x08, //0x00003d00 shrl         $8, %ecx
	0x09, 0xc1, //0x00003d03 orl          %eax, %ecx
	0x81, 0xe1, 0x00, 0xfc, 0x00, 0x00, //0x00003d05 andl         $64512, %ecx
	0x81, 0xf9, 0x00, 0xdc, 0x00, 0x00, //0x00003d0b cmpl         $56320, %ecx
	0x0f, 0x85, 0x09, 0x00, 0x00, 0x00, //0x00003d11 jne          LBB0_616
	0x4d, 0x8d, 0x62, 0x0b, //0x00003d17 leaq         $11(%r10), %r12
	0xe9, 0x50, 0xfe, 0xff, 0xff, //0x00003d1b jmp          LBB0_599
	//0x00003d20 LBB0_616
	0x4d, 0x8d, 0x62, 0x05, //0x00003d20 leaq         $5(%r10), %r12
	0xe9, 0x47, 0xfe, 0xff, 0xff, //0x00003d24 jmp          LBB0_599
	//0x00003d29 LBB0_617
	0x48, 0x89, 0x44, 0x24, 0x18, //0x00003d29 movq         %rax, $24(%rsp)
	0x4c, 0x29, 0xde, //0x00003d2e subq         %r11, %rsi
	0x48, 0x83, 0xc6, 0x01, //0x00003d31 addq         $1, %rsi
	0x49, 0x89, 0xf4, //0x00003d35 movq         %rsi, %r12
	0x4d, 0x89, 0xc6, //0x00003d38 movq         %r8, %r14
	0x4c, 0x8b, 0x54, 0x24, 0x48, //0x00003d3b movq         $72(%rsp), %r10
	0xe9, 0x13, 0xe6, 0xff, 0xff, //0x00003d40 jmp          LBB0_286
	//0x00003d45 LBB0_620
	0x4d, 0x85, 0xed, //0x00003d45 testq        %r13, %r13
	0x0f, 0x84, 0x12, 0x0e, 0x00, 0x00, //0x00003d48 je           LBB0_792
	0x4c, 0x89, 0xdb, //0x00003d4e movq         %r11, %rbx
	0x48, 0xf7, 0xd3, //0x00003d51 notq         %rbx
	0x4c, 0x01, 0xd3, //0x00003d54 addq         %r10, %rbx
	0x48, 0x89, 0xc1, //0x00003d57 movq         %rax, %rcx
	0x48, 0x83, 0xf8, 0xff, //0x00003d5a cmpq         $-1, %rax
	0x48, 0x0f, 0x44, 0xc3, //0x00003d5e cmoveq       %rbx, %rax
	0x48, 0x0f, 0x45, 0xd9, //0x00003d62 cmovneq      %rcx, %rbx
	0x49, 0x83, 0xc2, 0x01, //0x00003d66 addq         $1, %r10
	0x49, 0x83, 0xc5, 0xff, //0x00003d6a addq         $-1, %r13
	0x4c, 0x8b, 0x7c, 0x24, 0x38, //0x00003d6e movq         $56(%rsp), %r15
	0xc4, 0x41, 0x35, 0x76, 0xc9, //0x00003d73 vpcmpeqd     %ymm9, %ymm9, %ymm9
	0xc5, 0xfe, 0x6f, 0x25, 0x60, 0xc4, 0xff, 0xff, //0x00003d78 vmovdqu      $-15264(%rip), %ymm4  /* LCPI0_19+0(%rip) */
	0xe9, 0x6c, 0xf8, 0xff, 0xff, //0x00003d80 jmp          LBB0_530
	//0x00003d85 LBB0_622
	0x48, 0x85, 0xc9, //0x00003d85 testq        %rcx, %rcx
	0x0f, 0x84, 0x33, 0x0e, 0x00, 0x00, //0x00003d88 je           LBB0_257
	0x4c, 0x89, 0xde, //0x00003d8e movq         %r11, %rsi
	0x48, 0xf7, 0xd6, //0x00003d91 notq         %rsi
	0x49, 0x8d, 0x04, 0x34, //0x00003d94 leaq         (%r12,%rsi), %rax
	0x48, 0x8b, 0x7c, 0x24, 0x18, //0x00003d98 movq         $24(%rsp), %rdi
	0x48, 0x83, 0xff, 0xff, //0x00003d9d cmpq         $-1, %rdi
	0x48, 0x89, 0xfa, //0x00003da1 movq         %rdi, %rdx
	0x48, 0x0f, 0x44, 0xf8, //0x00003da4 cmoveq       %rax, %rdi
	0x48, 0x0f, 0x44, 0xd0, //0x00003da8 cmoveq       %rax, %rdx
	0x49, 0x83, 0xc4, 0x01, //0x00003dac addq         $1, %r12
	0x48, 0x83, 0xc1, 0xff, //0x00003db0 addq         $-1, %rcx
	0x48, 0x89, 0x7c, 0x24, 0x18, //0x00003db4 movq         %rdi, $24(%rsp)
	0x4c, 0x8b, 0x6c, 0x24, 0x20, //0x00003db9 movq         $32(%rsp), %r13
	0x4c, 0x8b, 0x54, 0x24, 0x48, //0x00003dbe movq         $72(%rsp), %r10
	0x4c, 0x8b, 0x7c, 0x24, 0x38, //0x00003dc3 movq         $56(%rsp), %r15
	0xc4, 0x41, 0x35, 0x76, 0xc9, //0x00003dc8 vpcmpeqd     %ymm9, %ymm9, %ymm9
	0xc5, 0xfe, 0x6f, 0x25, 0x0b, 0xc4, 0xff, 0xff, //0x00003dcd vmovdqu      $-15349(%rip), %ymm4  /* LCPI0_19+0(%rip) */
	0x48, 0x85, 0xc9, //0x00003dd5 testq        %rcx, %rcx
	0x0f, 0x85, 0x18, 0xfb, 0xff, 0xff, //0x00003dd8 jne          LBB0_565
	0xe9, 0xb5, 0xfb, 0xff, 0xff, //0x00003dde jmp          LBB0_575
	//0x00003de3 LBB0_624
	0x4d, 0x85, 0xf6, //0x00003de3 testq        %r14, %r14
	0x0f, 0x84, 0xd5, 0x0d, 0x00, 0x00, //0x00003de6 je           LBB0_257
	0x4c, 0x89, 0xdb, //0x00003dec movq         %r11, %rbx
	0x48, 0xf7, 0xd3, //0x00003def notq         %rbx
	0x48, 0x01, 0xf3, //0x00003df2 addq         %rsi, %rbx
	0x48, 0x89, 0xc1, //0x00003df5 movq         %rax, %rcx
	0x48, 0x83, 0xf8, 0xff, //0x00003df8 cmpq         $-1, %rax
	0x48, 0x0f, 0x44, 0xc3, //0x00003dfc cmoveq       %rbx, %rax
	0x48, 0x0f, 0x45, 0xd9, //0x00003e00 cmovneq      %rcx, %rbx
	0x48, 0x83, 0xc6, 0x01, //0x00003e04 addq         $1, %rsi
	0x49, 0x83, 0xc6, 0xff, //0x00003e08 addq         $-1, %r14
	0x4c, 0x8b, 0x6c, 0x24, 0x20, //0x00003e0c movq         $32(%rsp), %r13
	0x4c, 0x8b, 0x7c, 0x24, 0x38, //0x00003e11 movq         $56(%rsp), %r15
	0xc4, 0x41, 0x35, 0x76, 0xc9, //0x00003e16 vpcmpeqd     %ymm9, %ymm9, %ymm9
	0xc5, 0xfe, 0x6f, 0x25, 0xbd, 0xc3, 0xff, 0xff, //0x00003e1b vmovdqu      $-15427(%rip), %ymm4  /* LCPI0_19+0(%rip) */
	0xe9, 0xaf, 0xfc, 0xff, 0xff, //0x00003e23 jmp          LBB0_589
	//0x00003e28 LBB0_626
	0x48, 0x83, 0x7c, 0x24, 0x18, 0xff, //0x00003e28 cmpq         $-1, $24(%rsp)
	0x0f, 0x85, 0x12, 0x00, 0x00, 0x00, //0x00003e2e jne          LBB0_628
	0x4c, 0x89, 0xe0, //0x00003e34 movq         %r12, %rax
	0x4c, 0x29, 0xd8, //0x00003e37 subq         %r11, %rax
	0x48, 0x0f, 0xbc, 0xda, //0x00003e3a bsfq         %rdx, %rbx
	0x48, 0x01, 0xc3, //0x00003e3e addq         %rax, %rbx
	0x48, 0x89, 0x5c, 0x24, 0x18, //0x00003e41 movq         %rbx, $24(%rsp)
	//0x00003e46 LBB0_628
	0x44, 0x89, 0xc0, //0x00003e46 movl         %r8d, %eax
	0xf7, 0xd0, //0x00003e49 notl         %eax
	0x21, 0xd0, //0x00003e4b andl         %edx, %eax
	0x8d, 0x34, 0x00, //0x00003e4d leal         (%rax,%rax), %esi
	0x41, 0x8d, 0x1c, 0x40, //0x00003e50 leal         (%r8,%rax,2), %ebx
	0xf7, 0xd6, //0x00003e54 notl         %esi
	0x21, 0xd6, //0x00003e56 andl         %edx, %esi
	0x81, 0xe6, 0xaa, 0xaa, 0xaa, 0xaa, //0x00003e58 andl         $-1431655766, %esi
	0x45, 0x31, 0xc0, //0x00003e5e xorl         %r8d, %r8d
	0x01, 0xc6, //0x00003e61 addl         %eax, %esi
	0x41, 0x0f, 0x92, 0xc0, //0x00003e63 setb         %r8b
	0x01, 0xf6, //0x00003e67 addl         %esi, %esi
	0x81, 0xf6, 0x55, 0x55, 0x55, 0x55, //0x00003e69 xorl         $1431655765, %esi
	0x21, 0xde, //0x00003e6f andl         %ebx, %esi
	0xf7, 0xd6, //0x00003e71 notl         %esi
	0x21, 0xf7, //0x00003e73 andl         %esi, %edi
	0x4c, 0x8b, 0x54, 0x24, 0x48, //0x00003e75 movq         $72(%rsp), %r10
	0x4c, 0x8b, 0x7c, 0x24, 0x38, //0x00003e7a movq         $56(%rsp), %r15
	0xc4, 0x41, 0x35, 0x76, 0xc9, //0x00003e7f vpcmpeqd     %ymm9, %ymm9, %ymm9
	0xc5, 0xfe, 0x6f, 0x25, 0x54, 0xc3, 0xff, 0xff, //0x00003e84 vmovdqu      $-15532(%rip), %ymm4  /* LCPI0_19+0(%rip) */
	0x48, 0x85, 0xff, //0x00003e8c testq        %rdi, %rdi
	0x0f, 0x85, 0x3b, 0xf3, 0xff, 0xff, //0x00003e8f jne          LBB0_307
	//0x00003e95 LBB0_629
	0x49, 0x83, 0xc4, 0x20, //0x00003e95 addq         $32, %r12
	0x48, 0x83, 0xc1, 0xe0, //0x00003e99 addq         $-32, %rcx
	//0x00003e9d LBB0_630
	0x4d, 0x85, 0xc0, //0x00003e9d testq        %r8, %r8
	0x0f, 0x85, 0xee, 0x06, 0x00, 0x00, //0x00003ea0 jne          LBB0_709
	0x4c, 0x89, 0xde, //0x00003ea6 movq         %r11, %rsi
	0x48, 0xf7, 0xd6, //0x00003ea9 notq         %rsi
	0x48, 0x8b, 0x54, 0x24, 0x18, //0x00003eac movq         $24(%rsp), %rdx
	0x48, 0x85, 0xc9, //0x00003eb1 testq        %rcx, %rcx
	0x0f, 0x84, 0x86, 0x00, 0x00, 0x00, //0x00003eb4 je           LBB0_642
	//0x00003eba LBB0_632
	0x48, 0x83, 0xc6, 0x01, //0x00003eba addq         $1, %rsi
	//0x00003ebe LBB0_633
	0x31, 0xff, //0x00003ebe xorl         %edi, %edi
	//0x00003ec0 LBB0_634
	0x41, 0x0f, 0xb6, 0x1c, 0x3c, //0x00003ec0 movzbl       (%r12,%rdi), %ebx
	0x80, 0xfb, 0x22, //0x00003ec5 cmpb         $34, %bl
	0x0f, 0x84, 0x6b, 0x00, 0x00, 0x00, //0x00003ec8 je           LBB0_641
	0x80, 0xfb, 0x5c, //0x00003ece cmpb         $92, %bl
	0x0f, 0x84, 0x12, 0x00, 0x00, 0x00, //0x00003ed1 je           LBB0_639
	0x48, 0x83, 0xc7, 0x01, //0x00003ed7 addq         $1, %rdi
	0x48, 0x39, 0xf9, //0x00003edb cmpq         %rdi, %rcx
	0x0f, 0x85, 0xdc, 0xff, 0xff, 0xff, //0x00003ede jne          LBB0_634
	0xe9, 0x64, 0x00, 0x00, 0x00, //0x00003ee4 jmp          LBB0_637
	//0x00003ee9 LBB0_639
	0x48, 0x8d, 0x41, 0xff, //0x00003ee9 leaq         $-1(%rcx), %rax
	0x48, 0x39, 0xf8, //0x00003eed cmpq         %rdi, %rax
	0x0f, 0x84, 0x5b, 0x0d, 0x00, 0x00, //0x00003ef0 je           LBB0_428
	0x4a, 0x8d, 0x04, 0x26, //0x00003ef6 leaq         (%rsi,%r12), %rax
	0x48, 0x01, 0xf8, //0x00003efa addq         %rdi, %rax
	0x48, 0x83, 0xfa, 0xff, //0x00003efd cmpq         $-1, %rdx
	0x48, 0x8b, 0x5c, 0x24, 0x18, //0x00003f01 movq         $24(%rsp), %rbx
	0x48, 0x0f, 0x44, 0xd8, //0x00003f06 cmoveq       %rax, %rbx
	0x48, 0x89, 0x5c, 0x24, 0x18, //0x00003f0a movq         %rbx, $24(%rsp)
	0x48, 0x0f, 0x44, 0xd0, //0x00003f0f cmoveq       %rax, %rdx
	0x49, 0x01, 0xfc, //0x00003f13 addq         %rdi, %r12
	0x49, 0x83, 0xc4, 0x02, //0x00003f16 addq         $2, %r12
	0x48, 0x89, 0xc8, //0x00003f1a movq         %rcx, %rax
	0x48, 0x29, 0xf8, //0x00003f1d subq         %rdi, %rax
	0x48, 0x83, 0xc0, 0xfe, //0x00003f20 addq         $-2, %rax
	0x48, 0x83, 0xc1, 0xfe, //0x00003f24 addq         $-2, %rcx
	0x48, 0x39, 0xf9, //0x00003f28 cmpq         %rdi, %rcx
	0x48, 0x89, 0xc1, //0x00003f2b movq         %rax, %rcx
	0x0f, 0x85, 0x8a, 0xff, 0xff, 0xff, //0x00003f2e jne          LBB0_633
	0xe9, 0x18, 0x0d, 0x00, 0x00, //0x00003f34 jmp          LBB0_428
	//0x00003f39 LBB0_641
	0x49, 0x01, 0xfc, //0x00003f39 addq         %rdi, %r12
	0x49, 0x83, 0xc4, 0x01, //0x00003f3c addq         $1, %r12
	//0x00003f40 LBB0_642
	0x4d, 0x29, 0xdc, //0x00003f40 subq         %r11, %r12
	0x4c, 0x8b, 0x6c, 0x24, 0x20, //0x00003f43 movq         $32(%rsp), %r13
	0xe9, 0x52, 0x03, 0x00, 0x00, //0x00003f48 jmp          LBB0_684
	//0x00003f4d LBB0_637
	0x80, 0xfb, 0x22, //0x00003f4d cmpb         $34, %bl
	0x0f, 0x85, 0xfb, 0x0c, 0x00, 0x00, //0x00003f50 jne          LBB0_428
	0x49, 0x01, 0xcc, //0x00003f56 addq         %rcx, %r12
	0xe9, 0xe2, 0xff, 0xff, 0xff, //0x00003f59 jmp          LBB0_642
	//0x00003f5e LBB0_643
	0x48, 0x83, 0x7c, 0x24, 0x18, 0xff, //0x00003f5e cmpq         $-1, $24(%rsp)
	0x0f, 0x85, 0x12, 0x00, 0x00, 0x00, //0x00003f64 jne          LBB0_645
	0x48, 0x89, 0xc8, //0x00003f6a movq         %rcx, %rax
	0x4c, 0x29, 0xd8, //0x00003f6d subq         %r11, %rax
	0x48, 0x0f, 0xbc, 0xf2, //0x00003f70 bsfq         %rdx, %rsi
	0x48, 0x01, 0xc6, //0x00003f74 addq         %rax, %rsi
	0x48, 0x89, 0x74, 0x24, 0x18, //0x00003f77 movq         %rsi, $24(%rsp)
	//0x00003f7c LBB0_645
	0x45, 0x89, 0xea, //0x00003f7c movl         %r13d, %r10d
	0x41, 0xf7, 0xd2, //0x00003f7f notl         %r10d
	0x41, 0x21, 0xd2, //0x00003f82 andl         %edx, %r10d
	0x43, 0x8d, 0x04, 0x12, //0x00003f85 leal         (%r10,%r10), %eax
	0x43, 0x8d, 0x74, 0x55, 0x00, //0x00003f89 leal         (%r13,%r10,2), %esi
	0xf7, 0xd0, //0x00003f8e notl         %eax
	0x21, 0xd0, //0x00003f90 andl         %edx, %eax
	0x25, 0xaa, 0xaa, 0xaa, 0xaa, //0x00003f92 andl         $-1431655766, %eax
	0x45, 0x31, 0xed, //0x00003f97 xorl         %r13d, %r13d
	0x44, 0x01, 0xd0, //0x00003f9a addl         %r10d, %eax
	0x41, 0x0f, 0x92, 0xc5, //0x00003f9d setb         %r13b
	0x01, 0xc0, //0x00003fa1 addl         %eax, %eax
	0x35, 0x55, 0x55, 0x55, 0x55, //0x00003fa3 xorl         $1431655765, %eax
	0x21, 0xf0, //0x00003fa8 andl         %esi, %eax
	0xf7, 0xd0, //0x00003faa notl         %eax
	0x21, 0xc7, //0x00003fac andl         %eax, %edi
	0xc4, 0x41, 0x35, 0x76, 0xc9, //0x00003fae vpcmpeqd     %ymm9, %ymm9, %ymm9
	0xc5, 0xfe, 0x6f, 0x25, 0x25, 0xc2, 0xff, 0xff, //0x00003fb3 vmovdqu      $-15835(%rip), %ymm4  /* LCPI0_19+0(%rip) */
	0x48, 0x85, 0xff, //0x00003fbb testq        %rdi, %rdi
	0x0f, 0x85, 0x1e, 0xf5, 0xff, 0xff, //0x00003fbe jne          LBB0_499
	//0x00003fc4 LBB0_646
	0xbe, 0x40, 0x00, 0x00, 0x00, //0x00003fc4 movl         $64, %esi
	//0x00003fc9 LBB0_647
	0xc5, 0xbd, 0x64, 0xc8, //0x00003fc9 vpcmpgtb     %ymm0, %ymm8, %ymm1
	0xc4, 0xc1, 0x7d, 0x64, 0xc1, //0x00003fcd vpcmpgtb     %ymm9, %ymm0, %ymm0
	0xc5, 0xf5, 0xdb, 0xc0, //0x00003fd2 vpand        %ymm0, %ymm1, %ymm0
	0xc5, 0xfd, 0xd7, 0xd8, //0x00003fd6 vpmovmskb    %ymm0, %ebx
	0x0f, 0xbc, 0xc3, //0x00003fda bsfl         %ebx, %eax
	0x89, 0x44, 0x24, 0x30, //0x00003fdd movl         %eax, $48(%rsp)
	0x41, 0x89, 0xc0, //0x00003fe1 movl         %eax, %r8d
	0xb8, 0x40, 0x00, 0x00, 0x00, //0x00003fe4 movl         $64, %eax
	0x44, 0x0f, 0x44, 0xc0, //0x00003fe9 cmovel       %eax, %r8d
	0x48, 0x89, 0xc8, //0x00003fed movq         %rcx, %rax
	0x4c, 0x29, 0xd8, //0x00003ff0 subq         %r11, %rax
	0x4d, 0x85, 0xd2, //0x00003ff3 testq        %r10, %r10
	0x0f, 0x85, 0x67, 0x0a, 0x00, 0x00, //0x00003ff6 jne          LBB0_753
	//0x00003ffc LBB0_648
	0x48, 0x85, 0xff, //0x00003ffc testq        %rdi, %rdi
	0x0f, 0x84, 0x23, 0x00, 0x00, 0x00, //0x00003fff je           LBB0_651
	0x4c, 0x39, 0xc6, //0x00004005 cmpq         %r8, %rsi
	0x4c, 0x8b, 0x54, 0x24, 0x48, //0x00004008 movq         $72(%rsp), %r10
	0x0f, 0x87, 0xb0, 0x0e, 0x00, 0x00, //0x0000400d ja           LBB0_922
	0x4c, 0x8d, 0x24, 0x30, //0x00004013 leaq         (%rax,%rsi), %r12
	0x49, 0x83, 0xc4, 0x01, //0x00004017 addq         $1, %r12
	0x4c, 0x8b, 0x6c, 0x24, 0x20, //0x0000401b movq         $32(%rsp), %r13
	0x4d, 0x89, 0xfe, //0x00004020 movq         %r15, %r14
	0xe9, 0x88, 0xed, 0xff, 0xff, //0x00004023 jmp          LBB0_425
	//0x00004028 LBB0_651
	0x85, 0xdb, //0x00004028 testl        %ebx, %ebx
	0x0f, 0x85, 0xa5, 0x0e, 0x00, 0x00, //0x0000402a jne          LBB0_923
	0x48, 0x83, 0xc1, 0x20, //0x00004030 addq         $32, %rcx
	0x49, 0x83, 0xc6, 0xe0, //0x00004034 addq         $-32, %r14
	//0x00004038 LBB0_653
	0x4d, 0x85, 0xed, //0x00004038 testq        %r13, %r13
	0x0f, 0x85, 0x95, 0x05, 0x00, 0x00, //0x0000403b jne          LBB0_711
	0x48, 0x8b, 0x5c, 0x24, 0x18, //0x00004041 movq         $24(%rsp), %rbx
	//0x00004046 LBB0_655
	0x4d, 0x85, 0xf6, //0x00004046 testq        %r14, %r14
	0x0f, 0x84, 0x02, 0x0c, 0x00, 0x00, //0x00004049 je           LBB0_428
	0x0f, 0xb6, 0x11, //0x0000404f movzbl       (%rcx), %edx
	0x80, 0xfa, 0x22, //0x00004052 cmpb         $34, %dl
	0x0f, 0x84, 0x32, 0x02, 0x00, 0x00, //0x00004055 je           LBB0_683
	0x80, 0xfa, 0x5c, //0x0000405b cmpb         $92, %dl
	0x0f, 0x84, 0x16, 0x00, 0x00, 0x00, //0x0000405e je           LBB0_660
	0x80, 0xfa, 0x1f, //0x00004064 cmpb         $31, %dl
	0x0f, 0x86, 0x7e, 0x0e, 0x00, 0x00, //0x00004067 jbe          LBB0_924
	0x48, 0x83, 0xc1, 0x01, //0x0000406d addq         $1, %rcx
	0x49, 0x83, 0xc6, 0xff, //0x00004071 addq         $-1, %r14
	0xe9, 0xcc, 0xff, 0xff, 0xff, //0x00004075 jmp          LBB0_655
	//0x0000407a LBB0_660
	0x49, 0x83, 0xfe, 0x01, //0x0000407a cmpq         $1, %r14
	0x0f, 0x84, 0xcd, 0x0b, 0x00, 0x00, //0x0000407e je           LBB0_428
	0x48, 0x89, 0xca, //0x00004084 movq         %rcx, %rdx
	0x4c, 0x29, 0xda, //0x00004087 subq         %r11, %rdx
	0x48, 0x83, 0xfb, 0xff, //0x0000408a cmpq         $-1, %rbx
	0x48, 0x8b, 0x44, 0x24, 0x18, //0x0000408e movq         $24(%rsp), %rax
	0x48, 0x0f, 0x44, 0xc2, //0x00004093 cmoveq       %rdx, %rax
	0x48, 0x89, 0x44, 0x24, 0x18, //0x00004097 movq         %rax, $24(%rsp)
	0x48, 0x0f, 0x44, 0xda, //0x0000409c cmoveq       %rdx, %rbx
	0x48, 0x83, 0xc2, 0x01, //0x000040a0 addq         $1, %rdx
	0x48, 0x8b, 0x7c, 0x24, 0x50, //0x000040a4 movq         $80(%rsp), %rdi
	0x48, 0x29, 0xd7, //0x000040a9 subq         %rdx, %rdi
	0x0f, 0x84, 0x9f, 0x0b, 0x00, 0x00, //0x000040ac je           LBB0_428
	0x49, 0x89, 0xd2, //0x000040b2 movq         %rdx, %r10
	0x41, 0x0f, 0xbe, 0x34, 0x13, //0x000040b5 movsbl       (%r11,%rdx), %esi
	0x83, 0xc6, 0xde, //0x000040ba addl         $-34, %esi
	0x83, 0xfe, 0x53, //0x000040bd cmpl         $83, %esi
	0x0f, 0x87, 0x5b, 0x0e, 0x00, 0x00, //0x000040c0 ja           LBB0_929
	0x4c, 0x8d, 0x05, 0xdf, 0x1c, 0x00, 0x00, //0x000040c6 leaq         $7391(%rip), %r8  /* LJTI0_11+0(%rip) */
	0x49, 0x63, 0x04, 0xb0, //0x000040cd movslq       (%r8,%rsi,4), %rax
	0x4c, 0x01, 0xc0, //0x000040d1 addq         %r8, %rax
	0xff, 0xe0, //0x000040d4 jmpq         *%rax
	//0x000040d6 LBB0_664
	0x4d, 0x8d, 0x62, 0x01, //0x000040d6 leaq         $1(%r10), %r12
	//0x000040da LBB0_665
	0x4d, 0x85, 0xe4, //0x000040da testq        %r12, %r12
	0x0f, 0x88, 0x5c, 0x0b, 0x00, 0x00, //0x000040dd js           LBB0_427
	0x4d, 0x29, 0xd4, //0x000040e3 subq         %r10, %r12
	0x49, 0x8d, 0x44, 0x24, 0x01, //0x000040e6 leaq         $1(%r12), %rax
	0x49, 0x29, 0xc6, //0x000040eb subq         %rax, %r14
	0x4c, 0x01, 0xe1, //0x000040ee addq         %r12, %rcx
	0x48, 0x83, 0xc1, 0x01, //0x000040f1 addq         $1, %rcx
	0xe9, 0x4c, 0xff, 0xff, 0xff, //0x000040f5 jmp          LBB0_655
	//0x000040fa LBB0_667
	0x48, 0x83, 0xff, 0x05, //0x000040fa cmpq         $5, %rdi
	0x0f, 0x82, 0x4d, 0x0b, 0x00, 0x00, //0x000040fe jb           LBB0_428
	0x47, 0x8b, 0x44, 0x13, 0x01, //0x00004104 movl         $1(%r11,%r10), %r8d
	0x45, 0x89, 0xc5, //0x00004109 movl         %r8d, %r13d
	0x41, 0xf7, 0xd5, //0x0000410c notl         %r13d
	0x41, 0x8d, 0x80, 0xd0, 0xcf, 0xcf, 0xcf, //0x0000410f leal         $-808464432(%r8), %eax
	0x41, 0x81, 0xe5, 0x80, 0x80, 0x80, 0x80, //0x00004116 andl         $-2139062144, %r13d
	0x41, 0x85, 0xc5, //0x0000411d testl        %eax, %r13d
	0x0f, 0x85, 0xfb, 0x0d, 0x00, 0x00, //0x00004120 jne          LBB0_929
	0x41, 0x8d, 0x80, 0x19, 0x19, 0x19, 0x19, //0x00004126 leal         $421075225(%r8), %eax
	0x44, 0x09, 0xc0, //0x0000412d orl          %r8d, %eax
	0xa9, 0x80, 0x80, 0x80, 0x80, //0x00004130 testl        $-2139062144, %eax
	0x0f, 0x85, 0xe6, 0x0d, 0x00, 0x00, //0x00004135 jne          LBB0_929
	0x44, 0x89, 0xc6, //0x0000413b movl         %r8d, %esi
	0x81, 0xe6, 0x7f, 0x7f, 0x7f, 0x7f, //0x0000413e andl         $2139062143, %esi
	0xb8, 0xc0, 0xc0, 0xc0, 0xc0, //0x00004144 movl         $-1061109568, %eax
	0x29, 0xf0, //0x00004149 subl         %esi, %eax
	0x44, 0x8d, 0xa6, 0x46, 0x46, 0x46, 0x46, //0x0000414b leal         $1179010630(%rsi), %r12d
	0x44, 0x21, 0xe8, //0x00004152 andl         %r13d, %eax
	0x44, 0x85, 0xe0, //0x00004155 testl        %r12d, %eax
	0x0f, 0x85, 0xc3, 0x0d, 0x00, 0x00, //0x00004158 jne          LBB0_929
	0xb8, 0xe0, 0xe0, 0xe0, 0xe0, //0x0000415e movl         $-522133280, %eax
	0x29, 0xf0, //0x00004163 subl         %esi, %eax
	0x81, 0xc6, 0x39, 0x39, 0x39, 0x39, //0x00004165 addl         $960051513, %esi
	0x41, 0x21, 0xc5, //0x0000416b andl         %eax, %r13d
	0x41, 0x85, 0xf5, //0x0000416e testl        %esi, %r13d
	0x0f, 0x85, 0xaa, 0x0d, 0x00, 0x00, //0x00004171 jne          LBB0_929
	0x41, 0x0f, 0xc8, //0x00004177 bswapl       %r8d
	0x44, 0x89, 0xc0, //0x0000417a movl         %r8d, %eax
	0xc1, 0xe8, 0x04, //0x0000417d shrl         $4, %eax
	0xf7, 0xd0, //0x00004180 notl         %eax
	0x25, 0x01, 0x01, 0x01, 0x01, //0x00004182 andl         $16843009, %eax
	0x8d, 0x04, 0xc0, //0x00004187 leal         (%rax,%rax,8), %eax
	0x41, 0x81, 0xe0, 0x0f, 0x0f, 0x0f, 0x0f, //0x0000418a andl         $252645135, %r8d
	0x41, 0x01, 0xc0, //0x00004191 addl         %eax, %r8d
	0x44, 0x89, 0xc0, //0x00004194 movl         %r8d, %eax
	0xc1, 0xe8, 0x0c, //0x00004197 shrl         $12, %eax
	0x41, 0xc1, 0xe8, 0x08, //0x0000419a shrl         $8, %r8d
	0x41, 0x09, 0xc0, //0x0000419e orl          %eax, %r8d
	0x41, 0x81, 0xe0, 0x00, 0xfc, 0x00, 0x00, //0x000041a1 andl         $64512, %r8d
	0x41, 0x81, 0xf8, 0x00, 0xd8, 0x00, 0x00, //0x000041a8 cmpl         $55296, %r8d
	0x0f, 0x85, 0xcf, 0x00, 0x00, 0x00, //0x000041af jne          LBB0_682
	0x48, 0x83, 0xff, 0x0b, //0x000041b5 cmpq         $11, %rdi
	0x0f, 0x82, 0xc5, 0x00, 0x00, 0x00, //0x000041b9 jb           LBB0_682
	0x43, 0x80, 0x7c, 0x13, 0x05, 0x5c, //0x000041bf cmpb         $92, $5(%r11,%r10)
	0x0f, 0x85, 0xb9, 0x00, 0x00, 0x00, //0x000041c5 jne          LBB0_682
	0x43, 0x80, 0x7c, 0x13, 0x06, 0x75, //0x000041cb cmpb         $117, $6(%r11,%r10)
	0x0f, 0x85, 0xad, 0x00, 0x00, 0x00, //0x000041d1 jne          LBB0_682
	0x43, 0x8b, 0x7c, 0x13, 0x07, //0x000041d7 movl         $7(%r11,%r10), %edi
	0x89, 0xfe, //0x000041dc movl         %edi, %esi
	0xf7, 0xd6, //0x000041de notl         %esi
	0x8d, 0x87, 0xd0, 0xcf, 0xcf, 0xcf, //0x000041e0 leal         $-808464432(%rdi), %eax
	0x81, 0xe6, 0x80, 0x80, 0x80, 0x80, //0x000041e6 andl         $-2139062144, %esi
	0x85, 0xc6, //0x000041ec testl        %eax, %esi
	0x0f, 0x85, 0x90, 0x00, 0x00, 0x00, //0x000041ee jne          LBB0_682
	0x8d, 0x87, 0x19, 0x19, 0x19, 0x19, //0x000041f4 leal         $421075225(%rdi), %eax
	0x09, 0xf8, //0x000041fa orl          %edi, %eax
	0xa9, 0x80, 0x80, 0x80, 0x80, //0x000041fc testl        $-2139062144, %eax
	0x0f, 0x85, 0x7d, 0x00, 0x00, 0x00, //0x00004201 jne          LBB0_682
	0x41, 0x89, 0xfc, //0x00004207 movl         %edi, %r12d
	0x41, 0x81, 0xe4, 0x7f, 0x7f, 0x7f, 0x7f, //0x0000420a andl         $2139062143, %r12d
	0xb8, 0xc0, 0xc0, 0xc0, 0xc0, //0x00004211 movl         $-1061109568, %eax
	0x44, 0x29, 0xe0, //0x00004216 subl         %r12d, %eax
	0x45, 0x8d, 0x84, 0x24, 0x46, 0x46, 0x46, 0x46, //0x00004219 leal         $1179010630(%r12), %r8d
	0x21, 0xf0, //0x00004221 andl         %esi, %eax
	0x44, 0x85, 0xc0, //0x00004223 testl        %r8d, %eax
	0x0f, 0x85, 0x58, 0x00, 0x00, 0x00, //0x00004226 jne          LBB0_682
	0xb8, 0xe0, 0xe0, 0xe0, 0xe0, //0x0000422c movl         $-522133280, %eax
	0x44, 0x29, 0xe0, //0x00004231 subl         %r12d, %eax
	0x41, 0x81, 0xc4, 0x39, 0x39, 0x39, 0x39, //0x00004234 addl         $960051513, %r12d
	0x21, 0xc6, //0x0000423b andl         %eax, %esi
	0x44, 0x85, 0xe6, //0x0000423d testl        %r12d, %esi
	0x0f, 0x85, 0x3e, 0x00, 0x00, 0x00, //0x00004240 jne          LBB0_682
	0x0f, 0xcf, //0x00004246 bswapl       %edi
	0x89, 0xf8, //0x00004248 movl         %edi, %eax
	0xc1, 0xe8, 0x04, //0x0000424a shrl         $4, %eax
	0xf7, 0xd0, //0x0000424d notl         %eax
	0x25, 0x01, 0x01, 0x01, 0x01, //0x0000424f andl         $16843009, %eax
	0x8d, 0x04, 0xc0, //0x00004254 leal         (%rax,%rax,8), %eax
	0x81, 0xe7, 0x0f, 0x0f, 0x0f, 0x0f, //0x00004257 andl         $252645135, %edi
	0x01, 0xc7, //0x0000425d addl         %eax, %edi
	0x89, 0xf8, //0x0000425f movl         %edi, %eax
	0xc1, 0xe8, 0x0c, //0x00004261 shrl         $12, %eax
	0xc1, 0xef, 0x08, //0x00004264 shrl         $8, %edi
	0x09, 0xc7, //0x00004267 orl          %eax, %edi
	0x81, 0xe7, 0x00, 0xfc, 0x00, 0x00, //0x00004269 andl         $64512, %edi
	0x81, 0xff, 0x00, 0xdc, 0x00, 0x00, //0x0000426f cmpl         $56320, %edi
	0x0f, 0x85, 0x09, 0x00, 0x00, 0x00, //0x00004275 jne          LBB0_682
	0x4d, 0x8d, 0x62, 0x0b, //0x0000427b leaq         $11(%r10), %r12
	0xe9, 0x56, 0xfe, 0xff, 0xff, //0x0000427f jmp          LBB0_665
	//0x00004284 LBB0_682
	0x4d, 0x8d, 0x62, 0x05, //0x00004284 leaq         $5(%r10), %r12
	0xe9, 0x4d, 0xfe, 0xff, 0xff, //0x00004288 jmp          LBB0_665
	//0x0000428d LBB0_683
	0x4c, 0x29, 0xd9, //0x0000428d subq         %r11, %rcx
	0x48, 0x83, 0xc1, 0x01, //0x00004290 addq         $1, %rcx
	0x49, 0x89, 0xcc, //0x00004294 movq         %rcx, %r12
	0x4c, 0x8b, 0x6c, 0x24, 0x20, //0x00004297 movq         $32(%rsp), %r13
	0x4d, 0x89, 0xfe, //0x0000429c movq         %r15, %r14
	//0x0000429f LBB0_684
	0x4c, 0x8b, 0x54, 0x24, 0x48, //0x0000429f movq         $72(%rsp), %r10
	0x4c, 0x8b, 0x7c, 0x24, 0x38, //0x000042a4 movq         $56(%rsp), %r15
	0xc4, 0x41, 0x35, 0x76, 0xc9, //0x000042a9 vpcmpeqd     %ymm9, %ymm9, %ymm9
	0xc5, 0xfe, 0x6f, 0x25, 0x2a, 0xbf, 0xff, 0xff, //0x000042ae vmovdqu      $-16598(%rip), %ymm4  /* LCPI0_19+0(%rip) */
	0xe9, 0xfa, 0xea, 0xff, 0xff, //0x000042b6 jmp          LBB0_426
	//0x000042bb LBB0_685
	0x48, 0x83, 0x7c, 0x24, 0x68, 0x05, //0x000042bb cmpq         $5, $104(%rsp)
	0x0f, 0x82, 0x99, 0x08, 0x00, 0x00, //0x000042c1 jb           LBB0_792
	0x48, 0x8b, 0x44, 0x24, 0x30, //0x000042c7 movq         $48(%rsp), %rax
	0x48, 0x8b, 0x7c, 0x24, 0x28, //0x000042cc movq         $40(%rsp), %rdi
	0x44, 0x8b, 0x64, 0x38, 0x01, //0x000042d1 movl         $1(%rax,%rdi), %r12d
	0x44, 0x89, 0xe0, //0x000042d6 movl         %r12d, %eax
	0xf7, 0xd0, //0x000042d9 notl         %eax
	0x4c, 0x89, 0x64, 0x24, 0x70, //0x000042db movq         %r12, $112(%rsp)
	0x41, 0x81, 0xc4, 0xd0, 0xcf, 0xcf, 0xcf, //0x000042e0 addl         $-808464432, %r12d
	0x25, 0x80, 0x80, 0x80, 0x80, //0x000042e7 andl         $-2139062144, %eax
	0x89, 0x84, 0x24, 0x80, 0x00, 0x00, 0x00, //0x000042ec movl         %eax, $128(%rsp)
	0x44, 0x85, 0xe0, //0x000042f3 testl        %r12d, %eax
	0x0f, 0x85, 0x00, 0x09, 0x00, 0x00, //0x000042f6 jne          LBB0_868
	0x4c, 0x8b, 0x64, 0x24, 0x70, //0x000042fc movq         $112(%rsp), %r12
	0x41, 0x8d, 0x84, 0x24, 0x19, 0x19, 0x19, 0x19, //0x00004301 leal         $421075225(%r12), %eax
	0x44, 0x09, 0xe0, //0x00004309 orl          %r12d, %eax
	0xa9, 0x80, 0x80, 0x80, 0x80, //0x0000430c testl        $-2139062144, %eax
	0x0f, 0x85, 0xe5, 0x08, 0x00, 0x00, //0x00004311 jne          LBB0_868
	0x48, 0x8b, 0x44, 0x24, 0x70, //0x00004317 movq         $112(%rsp), %rax
	0x41, 0x89, 0xc4, //0x0000431c movl         %eax, %r12d
	0x41, 0x81, 0xe4, 0x7f, 0x7f, 0x7f, 0x7f, //0x0000431f andl         $2139062143, %r12d
	0xb8, 0xc0, 0xc0, 0xc0, 0xc0, //0x00004326 movl         $-1061109568, %eax
	0x44, 0x29, 0xe0, //0x0000432b subl         %r12d, %eax
	0x4c, 0x89, 0xa4, 0x24, 0x90, 0x00, 0x00, 0x00, //0x0000432e movq         %r12, $144(%rsp)
	0x41, 0x81, 0xc4, 0x46, 0x46, 0x46, 0x46, //0x00004336 addl         $1179010630, %r12d
	0x23, 0x84, 0x24, 0x80, 0x00, 0x00, 0x00, //0x0000433d andl         $128(%rsp), %eax
	0x44, 0x85, 0xe0, //0x00004344 testl        %r12d, %eax
	0x0f, 0x85, 0xaf, 0x08, 0x00, 0x00, //0x00004347 jne          LBB0_868
	0xb8, 0xe0, 0xe0, 0xe0, 0xe0, //0x0000434d movl         $-522133280, %eax
	0x4c, 0x8b, 0xa4, 0x24, 0x90, 0x00, 0x00, 0x00, //0x00004352 movq         $144(%rsp), %r12
	0x44, 0x29, 0xe0, //0x0000435a subl         %r12d, %eax
	0x89, 0x84, 0x24, 0x8c, 0x00, 0x00, 0x00, //0x0000435d movl         %eax, $140(%rsp)
	0x41, 0x81, 0xc4, 0x39, 0x39, 0x39, 0x39, //0x00004364 addl         $960051513, %r12d
	0x8b, 0x84, 0x24, 0x80, 0x00, 0x00, 0x00, //0x0000436b movl         $128(%rsp), %eax
	0x23, 0x84, 0x24, 0x8c, 0x00, 0x00, 0x00, //0x00004372 andl         $140(%rsp), %eax
	0x44, 0x85, 0xe0, //0x00004379 testl        %r12d, %eax
	0x0f, 0x85, 0x7a, 0x08, 0x00, 0x00, //0x0000437c jne          LBB0_868
	0x4c, 0x8b, 0x64, 0x24, 0x70, //0x00004382 movq         $112(%rsp), %r12
	0x41, 0x0f, 0xcc, //0x00004387 bswapl       %r12d
	0x44, 0x89, 0xe0, //0x0000438a movl         %r12d, %eax
	0xc1, 0xe8, 0x04, //0x0000438d shrl         $4, %eax
	0xf7, 0xd0, //0x00004390 notl         %eax
	0x25, 0x01, 0x01, 0x01, 0x01, //0x00004392 andl         $16843009, %eax
	0x8d, 0x04, 0xc0, //0x00004397 leal         (%rax,%rax,8), %eax
	0x41, 0x81, 0xe4, 0x0f, 0x0f, 0x0f, 0x0f, //0x0000439a andl         $252645135, %r12d
	0x41, 0x01, 0xc4, //0x000043a1 addl         %eax, %r12d
	0x44, 0x89, 0xe0, //0x000043a4 movl         %r12d, %eax
	0xc1, 0xe8, 0x0c, //0x000043a7 shrl         $12, %eax
	0x41, 0xc1, 0xec, 0x08, //0x000043aa shrl         $8, %r12d
	0x41, 0x09, 0xc4, //0x000043ae orl          %eax, %r12d
	0x41, 0x81, 0xe4, 0x00, 0xfc, 0x00, 0x00, //0x000043b1 andl         $64512, %r12d
	0x41, 0x81, 0xfc, 0x00, 0xd8, 0x00, 0x00, //0x000043b8 cmpl         $55296, %r12d
	0x0f, 0x85, 0x15, 0x01, 0x00, 0x00, //0x000043bf jne          LBB0_700
	0x48, 0x83, 0x7c, 0x24, 0x68, 0x0b, //0x000043c5 cmpq         $11, $104(%rsp)
	0x0f, 0x82, 0x09, 0x01, 0x00, 0x00, //0x000043cb jb           LBB0_700
	0x48, 0x8b, 0x44, 0x24, 0x30, //0x000043d1 movq         $48(%rsp), %rax
	0x48, 0x8b, 0x7c, 0x24, 0x28, //0x000043d6 movq         $40(%rsp), %rdi
	0x80, 0x7c, 0x38, 0x05, 0x5c, //0x000043db cmpb         $92, $5(%rax,%rdi)
	0x0f, 0x85, 0xf4, 0x00, 0x00, 0x00, //0x000043e0 jne          LBB0_700
	0x48, 0x8b, 0x44, 0x24, 0x30, //0x000043e6 movq         $48(%rsp), %rax
	0x48, 0x8b, 0x7c, 0x24, 0x28, //0x000043eb movq         $40(%rsp), %rdi
	0x80, 0x7c, 0x38, 0x06, 0x75, //0x000043f0 cmpb         $117, $6(%rax,%rdi)
	0x0f, 0x85, 0xdf, 0x00, 0x00, 0x00, //0x000043f5 jne          LBB0_700
	0x48, 0x8b, 0x44, 0x24, 0x30, //0x000043fb movq         $48(%rsp), %rax
	0x48, 0x8b, 0x7c, 0x24, 0x28, //0x00004400 movq         $40(%rsp), %rdi
	0x44, 0x8b, 0x5c, 0x38, 0x07, //0x00004405 movl         $7(%rax,%rdi), %r11d
	0x45, 0x89, 0xdc, //0x0000440a movl         %r11d, %r12d
	0x41, 0xf7, 0xd4, //0x0000440d notl         %r12d
	0x41, 0x8d, 0x83, 0xd0, 0xcf, 0xcf, 0xcf, //0x00004410 leal         $-808464432(%r11), %eax
	0x41, 0x81, 0xe4, 0x80, 0x80, 0x80, 0x80, //0x00004417 andl         $-2139062144, %r12d
	0x41, 0x85, 0xc4, //0x0000441e testl        %eax, %r12d
	0x0f, 0x85, 0xb3, 0x00, 0x00, 0x00, //0x00004421 jne          LBB0_700
	0x41, 0x8d, 0x83, 0x19, 0x19, 0x19, 0x19, //0x00004427 leal         $421075225(%r11), %eax
	0x44, 0x09, 0xd8, //0x0000442e orl          %r11d, %eax
	0xa9, 0x80, 0x80, 0x80, 0x80, //0x00004431 testl        $-2139062144, %eax
	0x0f, 0x85, 0x9e, 0x00, 0x00, 0x00, //0x00004436 jne          LBB0_700
	0x44, 0x89, 0xd8, //0x0000443c movl         %r11d, %eax
	0x25, 0x7f, 0x7f, 0x7f, 0x7f, //0x0000443f andl         $2139062143, %eax
	0xc7, 0x44, 0x24, 0x40, 0xc0, 0xc0, 0xc0, 0xc0, //0x00004444 movl         $-1061109568, $64(%rsp)
	0x29, 0x44, 0x24, 0x40, //0x0000444c subl         %eax, $64(%rsp)
	0x48, 0x89, 0x44, 0x24, 0x68, //0x00004450 movq         %rax, $104(%rsp)
	0x05, 0x46, 0x46, 0x46, 0x46, //0x00004455 addl         $1179010630, %eax
	0x89, 0x44, 0x24, 0x28, //0x0000445a movl         %eax, $40(%rsp)
	0x8b, 0x44, 0x24, 0x40, //0x0000445e movl         $64(%rsp), %eax
	0x44, 0x21, 0xe0, //0x00004462 andl         %r12d, %eax
	0x85, 0x44, 0x24, 0x28, //0x00004465 testl        %eax, $40(%rsp)
	0x0f, 0x85, 0x6b, 0x00, 0x00, 0x00, //0x00004469 jne          LBB0_700
	0xc7, 0x44, 0x24, 0x40, 0xe0, 0xe0, 0xe0, 0xe0, //0x0000446f movl         $-522133280, $64(%rsp)
	0x48, 0x8b, 0x44, 0x24, 0x68, //0x00004477 movq         $104(%rsp), %rax
	0x29, 0x44, 0x24, 0x40, //0x0000447c subl         %eax, $64(%rsp)
	0x05, 0x39, 0x39, 0x39, 0x39, //0x00004480 addl         $960051513, %eax
	0x44, 0x23, 0x64, 0x24, 0x40, //0x00004485 andl         $64(%rsp), %r12d
	0x41, 0x85, 0xc4, //0x0000448a testl        %eax, %r12d
	0x0f, 0x85, 0x47, 0x00, 0x00, 0x00, //0x0000448d jne          LBB0_700
	0x41, 0x0f, 0xcb, //0x00004493 bswapl       %r11d
	0x44, 0x89, 0xd8, //0x00004496 movl         %r11d, %eax
	0xc1, 0xe8, 0x04, //0x00004499 shrl         $4, %eax
	0xf7, 0xd0, //0x0000449c notl         %eax
	0x25, 0x01, 0x01, 0x01, 0x01, //0x0000449e andl         $16843009, %eax
	0x8d, 0x04, 0xc0, //0x000044a3 leal         (%rax,%rax,8), %eax
	0x41, 0x81, 0xe3, 0x0f, 0x0f, 0x0f, 0x0f, //0x000044a6 andl         $252645135, %r11d
	0x41, 0x01, 0xc3, //0x000044ad addl         %eax, %r11d
	0x44, 0x89, 0xd8, //0x000044b0 movl         %r11d, %eax
	0xc1, 0xe8, 0x0c, //0x000044b3 shrl         $12, %eax
	0x41, 0xc1, 0xeb, 0x08, //0x000044b6 shrl         $8, %r11d
	0x41, 0x09, 0xc3, //0x000044ba orl          %eax, %r11d
	0x41, 0x81, 0xe3, 0x00, 0xfc, 0x00, 0x00, //0x000044bd andl         $64512, %r11d
	0x41, 0x81, 0xfb, 0x00, 0xdc, 0x00, 0x00, //0x000044c4 cmpl         $56320, %r11d
	0x0f, 0x85, 0x09, 0x00, 0x00, 0x00, //0x000044cb jne          LBB0_700
	0x49, 0x83, 0xc6, 0x0c, //0x000044d1 addq         $12, %r14
	0xe9, 0x85, 0x00, 0x00, 0x00, //0x000044d5 jmp          LBB0_707
	//0x000044da LBB0_700
	0x49, 0x83, 0xc6, 0x06, //0x000044da addq         $6, %r14
	0xe9, 0x7c, 0x00, 0x00, 0x00, //0x000044de jmp          LBB0_707
	//0x000044e3 LBB0_701
	0x4c, 0x0f, 0xbc, 0xf7, //0x000044e3 bsfq         %rdi, %r14
	0x49, 0x39, 0xf6, //0x000044e7 cmpq         %rsi, %r14
	0x0f, 0x83, 0xa2, 0xf0, 0xff, 0xff, //0x000044ea jae          LBB0_523
	0x48, 0x89, 0x7c, 0x24, 0x60, //0x000044f0 movq         %rdi, $96(%rsp)
	0x4c, 0x89, 0x5c, 0x24, 0x30, //0x000044f5 movq         %r11, $48(%rsp)
	0x49, 0x01, 0xce, //0x000044fa addq         %rcx, %r14
	0x4d, 0x39, 0xe6, //0x000044fd cmpq         %r12, %r14
	0x0f, 0x8c, 0x65, 0x00, 0x00, 0x00, //0x00004500 jl           LBB0_708
	0x4d, 0x8d, 0x66, 0x01, //0x00004506 leaq         $1(%r14), %r12
	0x48, 0x8b, 0x7c, 0x24, 0x50, //0x0000450a movq         $80(%rsp), %rdi
	0x4c, 0x89, 0xe0, //0x0000450f movq         %r12, %rax
	0x4c, 0x89, 0x64, 0x24, 0x28, //0x00004512 movq         %r12, $40(%rsp)
	0x4c, 0x29, 0xe7, //0x00004517 subq         %r12, %rdi
	0x48, 0x89, 0x7c, 0x24, 0x68, //0x0000451a movq         %rdi, $104(%rsp)
	0x0f, 0x84, 0x3b, 0x06, 0x00, 0x00, //0x0000451f je           LBB0_792
	0x48, 0x8b, 0x44, 0x24, 0x30, //0x00004525 movq         $48(%rsp), %rax
	0x48, 0x8b, 0x7c, 0x24, 0x28, //0x0000452a movq         $40(%rsp), %rdi
	0x44, 0x0f, 0xbe, 0x24, 0x38, //0x0000452f movsbl       (%rax,%rdi), %r12d
	0x48, 0xc7, 0x44, 0x24, 0x40, 0xfe, 0xff, 0xff, 0xff, //0x00004534 movq         $-2, $64(%rsp)
	0x41, 0x83, 0xc4, 0xde, //0x0000453d addl         $-34, %r12d
	0x41, 0x83, 0xfc, 0x53, //0x00004541 cmpl         $83, %r12d
	0x0f, 0x87, 0xb1, 0x06, 0x00, 0x00, //0x00004545 ja           LBB0_868
	0x4c, 0x8d, 0x1d, 0x2a, 0x11, 0x00, 0x00, //0x0000454b leaq         $4394(%rip), %r11  /* LJTI0_6+0(%rip) */
	0x4b, 0x63, 0x04, 0xa3, //0x00004552 movslq       (%r11,%r12,4), %rax
	0x4c, 0x01, 0xd8, //0x00004556 addq         %r11, %rax
	0xff, 0xe0, //0x00004559 jmpq         *%rax
	//0x0000455b LBB0_706
	0x49, 0x83, 0xc6, 0x02, //0x0000455b addq         $2, %r14
	//0x0000455f LBB0_707
	0x4d, 0x89, 0xf4, //0x0000455f movq         %r14, %r12
	0x4d, 0x85, 0xf6, //0x00004562 testq        %r14, %r14
	0x0f, 0x88, 0xe1, 0x05, 0x00, 0x00, //0x00004565 js           LBB0_791
	//0x0000456b LBB0_708
	0x48, 0x8b, 0x7c, 0x24, 0x60, //0x0000456b movq         $96(%rsp), %rdi
	0x48, 0x8d, 0x47, 0xff, //0x00004570 leaq         $-1(%rdi), %rax
	0x48, 0x21, 0xc7, //0x00004574 andq         %rax, %rdi
	0xc4, 0x41, 0x35, 0x76, 0xc9, //0x00004577 vpcmpeqd     %ymm9, %ymm9, %ymm9
	0xc5, 0xfe, 0x6f, 0x25, 0x5c, 0xbc, 0xff, 0xff, //0x0000457c vmovdqu      $-17316(%rip), %ymm4  /* LCPI0_19+0(%rip) */
	0x4c, 0x8b, 0x5c, 0x24, 0x30, //0x00004584 movq         $48(%rsp), %r11
	0x0f, 0x84, 0x03, 0xf0, 0xff, 0xff, //0x00004589 je           LBB0_523
	0xe9, 0x4f, 0xff, 0xff, 0xff, //0x0000458f jmp          LBB0_701
	//0x00004594 LBB0_709
	0x48, 0x85, 0xc9, //0x00004594 testq        %rcx, %rcx
	0x0f, 0x84, 0xb4, 0x06, 0x00, 0x00, //0x00004597 je           LBB0_428
	0x4c, 0x89, 0xde, //0x0000459d movq         %r11, %rsi
	0x48, 0xf7, 0xd6, //0x000045a0 notq         %rsi
	0x49, 0x8d, 0x04, 0x34, //0x000045a3 leaq         (%r12,%rsi), %rax
	0x48, 0x8b, 0x7c, 0x24, 0x18, //0x000045a7 movq         $24(%rsp), %rdi
	0x48, 0x83, 0xff, 0xff, //0x000045ac cmpq         $-1, %rdi
	0x48, 0x89, 0xfa, //0x000045b0 movq         %rdi, %rdx
	0x48, 0x0f, 0x44, 0xf8, //0x000045b3 cmoveq       %rax, %rdi
	0x48, 0x0f, 0x44, 0xd0, //0x000045b7 cmoveq       %rax, %rdx
	0x49, 0x83, 0xc4, 0x01, //0x000045bb addq         $1, %r12
	0x48, 0x83, 0xc1, 0xff, //0x000045bf addq         $-1, %rcx
	0x48, 0x89, 0x7c, 0x24, 0x18, //0x000045c3 movq         %rdi, $24(%rsp)
	0x48, 0x85, 0xc9, //0x000045c8 testq        %rcx, %rcx
	0x0f, 0x85, 0xe9, 0xf8, 0xff, 0xff, //0x000045cb jne          LBB0_632
	0xe9, 0x6a, 0xf9, 0xff, 0xff, //0x000045d1 jmp          LBB0_642
	//0x000045d6 LBB0_711
	0x4d, 0x85, 0xf6, //0x000045d6 testq        %r14, %r14
	0x0f, 0x84, 0x72, 0x06, 0x00, 0x00, //0x000045d9 je           LBB0_428
	0x4c, 0x89, 0xdb, //0x000045df movq         %r11, %rbx
	0x48, 0xf7, 0xd3, //0x000045e2 notq         %rbx
	0x48, 0x01, 0xcb, //0x000045e5 addq         %rcx, %rbx
	0x48, 0x8b, 0x54, 0x24, 0x18, //0x000045e8 movq         $24(%rsp), %rdx
	0x48, 0x83, 0xfa, 0xff, //0x000045ed cmpq         $-1, %rdx
	0x48, 0x89, 0xd0, //0x000045f1 movq         %rdx, %rax
	0x48, 0x0f, 0x44, 0xc3, //0x000045f4 cmoveq       %rbx, %rax
	0x48, 0x0f, 0x45, 0xda, //0x000045f8 cmovneq      %rdx, %rbx
	0x48, 0x83, 0xc1, 0x01, //0x000045fc addq         $1, %rcx
	0x49, 0x83, 0xc6, 0xff, //0x00004600 addq         $-1, %r14
	0x48, 0x89, 0x44, 0x24, 0x18, //0x00004604 movq         %rax, $24(%rsp)
	0xe9, 0x38, 0xfa, 0xff, 0xff, //0x00004609 jmp          LBB0_655
	//0x0000460e LBB0_713
	0x49, 0x83, 0xfb, 0x05, //0x0000460e cmpq         $5, %r11
	0x0f, 0x82, 0xa9, 0x05, 0x00, 0x00, //0x00004612 jb           LBB0_257
	0x48, 0x8b, 0x44, 0x24, 0x30, //0x00004618 movq         $48(%rsp), %rax
	0x48, 0x8b, 0x54, 0x24, 0x70, //0x0000461d movq         $112(%rsp), %rdx
	0x44, 0x8b, 0x54, 0x10, 0x01, //0x00004622 movl         $1(%rax,%rdx), %r10d
	0x45, 0x89, 0xd4, //0x00004627 movl         %r10d, %r12d
	0x41, 0xf7, 0xd4, //0x0000462a notl         %r12d
	0x41, 0x8d, 0x82, 0xd0, 0xcf, 0xcf, 0xcf, //0x0000462d leal         $-808464432(%r10), %eax
	0x41, 0x81, 0xe4, 0x80, 0x80, 0x80, 0x80, //0x00004634 andl         $-2139062144, %r12d
	0x44, 0x89, 0xa4, 0x24, 0x80, 0x00, 0x00, 0x00, //0x0000463b movl         %r12d, $128(%rsp)
	0x41, 0x85, 0xc4, //0x00004643 testl        %eax, %r12d
	0x0f, 0x85, 0xb5, 0x07, 0x00, 0x00, //0x00004646 jne          LBB0_928
	0x41, 0x8d, 0x82, 0x19, 0x19, 0x19, 0x19, //0x0000464c leal         $421075225(%r10), %eax
	0x44, 0x09, 0xd0, //0x00004653 orl          %r10d, %eax
	0xa9, 0x80, 0x80, 0x80, 0x80, //0x00004656 testl        $-2139062144, %eax
	0x0f, 0x85, 0xa0, 0x07, 0x00, 0x00, //0x0000465b jne          LBB0_928
	0x45, 0x89, 0xd4, //0x00004661 movl         %r10d, %r12d
	0x41, 0x81, 0xe4, 0x7f, 0x7f, 0x7f, 0x7f, //0x00004664 andl         $2139062143, %r12d
	0xb8, 0xc0, 0xc0, 0xc0, 0xc0, //0x0000466b movl         $-1061109568, %eax
	0x44, 0x29, 0xe0, //0x00004670 subl         %r12d, %eax
	0x4c, 0x89, 0xa4, 0x24, 0x90, 0x00, 0x00, 0x00, //0x00004673 movq         %r12, $144(%rsp)
	0x41, 0x81, 0xc4, 0x46, 0x46, 0x46, 0x46, //0x0000467b addl         $1179010630, %r12d
	0x23, 0x84, 0x24, 0x80, 0x00, 0x00, 0x00, //0x00004682 andl         $128(%rsp), %eax
	0x44, 0x85, 0xe0, //0x00004689 testl        %r12d, %eax
	0x0f, 0x85, 0x6f, 0x07, 0x00, 0x00, //0x0000468c jne          LBB0_928
	0xb8, 0xe0, 0xe0, 0xe0, 0xe0, //0x00004692 movl         $-522133280, %eax
	0x4c, 0x8b, 0xa4, 0x24, 0x90, 0x00, 0x00, 0x00, //0x00004697 movq         $144(%rsp), %r12
	0x44, 0x29, 0xe0, //0x0000469f subl         %r12d, %eax
	0x89, 0x84, 0x24, 0x8c, 0x00, 0x00, 0x00, //0x000046a2 movl         %eax, $140(%rsp)
	0x41, 0x81, 0xc4, 0x39, 0x39, 0x39, 0x39, //0x000046a9 addl         $960051513, %r12d
	0x8b, 0x84, 0x24, 0x80, 0x00, 0x00, 0x00, //0x000046b0 movl         $128(%rsp), %eax
	0x23, 0x84, 0x24, 0x8c, 0x00, 0x00, 0x00, //0x000046b7 andl         $140(%rsp), %eax
	0x44, 0x85, 0xe0, //0x000046be testl        %r12d, %eax
	0x0f, 0x85, 0x3a, 0x07, 0x00, 0x00, //0x000046c1 jne          LBB0_928
	0x41, 0x0f, 0xca, //0x000046c7 bswapl       %r10d
	0x44, 0x89, 0xd0, //0x000046ca movl         %r10d, %eax
	0xc1, 0xe8, 0x04, //0x000046cd shrl         $4, %eax
	0xf7, 0xd0, //0x000046d0 notl         %eax
	0x25, 0x01, 0x01, 0x01, 0x01, //0x000046d2 andl         $16843009, %eax
	0x8d, 0x04, 0xc0, //0x000046d7 leal         (%rax,%rax,8), %eax
	0x41, 0x81, 0xe2, 0x0f, 0x0f, 0x0f, 0x0f, //0x000046da andl         $252645135, %r10d
	0x41, 0x01, 0xc2, //0x000046e1 addl         %eax, %r10d
	0x44, 0x89, 0xd0, //0x000046e4 movl         %r10d, %eax
	0xc1, 0xe8, 0x0c, //0x000046e7 shrl         $12, %eax
	0x41, 0xc1, 0xea, 0x08, //0x000046ea shrl         $8, %r10d
	0x41, 0x09, 0xc2, //0x000046ee orl          %eax, %r10d
	0x41, 0x81, 0xe2, 0x00, 0xfc, 0x00, 0x00, //0x000046f1 andl         $64512, %r10d
	0x41, 0x81, 0xfa, 0x00, 0xd8, 0x00, 0x00, //0x000046f8 cmpl         $55296, %r10d
	0x0f, 0x85, 0xf4, 0x00, 0x00, 0x00, //0x000046ff jne          LBB0_728
	0x49, 0x83, 0xfb, 0x0b, //0x00004705 cmpq         $11, %r11
	0x0f, 0x82, 0xea, 0x00, 0x00, 0x00, //0x00004709 jb           LBB0_728
	0x48, 0x8b, 0x44, 0x24, 0x30, //0x0000470f movq         $48(%rsp), %rax
	0x48, 0x8b, 0x54, 0x24, 0x70, //0x00004714 movq         $112(%rsp), %rdx
	0x80, 0x7c, 0x10, 0x05, 0x5c, //0x00004719 cmpb         $92, $5(%rax,%rdx)
	0x0f, 0x85, 0xd5, 0x00, 0x00, 0x00, //0x0000471e jne          LBB0_728
	0x48, 0x8b, 0x44, 0x24, 0x30, //0x00004724 movq         $48(%rsp), %rax
	0x48, 0x8b, 0x54, 0x24, 0x70, //0x00004729 movq         $112(%rsp), %rdx
	0x80, 0x7c, 0x10, 0x06, 0x75, //0x0000472e cmpb         $117, $6(%rax,%rdx)
	0x0f, 0x85, 0xc0, 0x00, 0x00, 0x00, //0x00004733 jne          LBB0_728
	0x48, 0x8b, 0x44, 0x24, 0x30, //0x00004739 movq         $48(%rsp), %rax
	0x48, 0x8b, 0x54, 0x24, 0x70, //0x0000473e movq         $112(%rsp), %rdx
	0x8b, 0x54, 0x10, 0x07, //0x00004743 movl         $7(%rax,%rdx), %edx
	0x41, 0x89, 0xd4, //0x00004747 movl         %edx, %r12d
	0x41, 0xf7, 0xd4, //0x0000474a notl         %r12d
	0x8d, 0x82, 0xd0, 0xcf, 0xcf, 0xcf, //0x0000474d leal         $-808464432(%rdx), %eax
	0x41, 0x81, 0xe4, 0x80, 0x80, 0x80, 0x80, //0x00004753 andl         $-2139062144, %r12d
	0x41, 0x85, 0xc4, //0x0000475a testl        %eax, %r12d
	0x0f, 0x85, 0x96, 0x00, 0x00, 0x00, //0x0000475d jne          LBB0_728
	0x8d, 0x82, 0x19, 0x19, 0x19, 0x19, //0x00004763 leal         $421075225(%rdx), %eax
	0x09, 0xd0, //0x00004769 orl          %edx, %eax
	0xa9, 0x80, 0x80, 0x80, 0x80, //0x0000476b testl        $-2139062144, %eax
	0x0f, 0x85, 0x83, 0x00, 0x00, 0x00, //0x00004770 jne          LBB0_728
	0x41, 0x89, 0xd2, //0x00004776 movl         %edx, %r10d
	0x41, 0x81, 0xe2, 0x7f, 0x7f, 0x7f, 0x7f, //0x00004779 andl         $2139062143, %r10d
	0xb8, 0xc0, 0xc0, 0xc0, 0xc0, //0x00004780 movl         $-1061109568, %eax
	0x44, 0x29, 0xd0, //0x00004785 subl         %r10d, %eax
	0x45, 0x8d, 0x9a, 0x46, 0x46, 0x46, 0x46, //0x00004788 leal         $1179010630(%r10), %r11d
	0x44, 0x21, 0xe0, //0x0000478f andl         %r12d, %eax
	0x44, 0x85, 0xd8, //0x00004792 testl        %r11d, %eax
	0x0f, 0x85, 0x5e, 0x00, 0x00, 0x00, //0x00004795 jne          LBB0_728
	0xb8, 0xe0, 0xe0, 0xe0, 0xe0, //0x0000479b movl         $-522133280, %eax
	0x44, 0x29, 0xd0, //0x000047a0 subl         %r10d, %eax
	0x41, 0x81, 0xc2, 0x39, 0x39, 0x39, 0x39, //0x000047a3 addl         $960051513, %r10d
	0x41, 0x21, 0xc4, //0x000047aa andl         %eax, %r12d
	0x45, 0x85, 0xd4, //0x000047ad testl        %r10d, %r12d
	0x0f, 0x85, 0x43, 0x00, 0x00, 0x00, //0x000047b0 jne          LBB0_728
	0x0f, 0xca, //0x000047b6 bswapl       %edx
	0x89, 0xd0, //0x000047b8 movl         %edx, %eax
	0xc1, 0xe8, 0x04, //0x000047ba shrl         $4, %eax
	0xf7, 0xd0, //0x000047bd notl         %eax
	0x25, 0x01, 0x01, 0x01, 0x01, //0x000047bf andl         $16843009, %eax
	0x8d, 0x04, 0xc0, //0x000047c4 leal         (%rax,%rax,8), %eax
	0x81, 0xe2, 0x0f, 0x0f, 0x0f, 0x0f, //0x000047c7 andl         $252645135, %edx
	0x01, 0xc2, //0x000047cd addl         %eax, %edx
	0x89, 0xd0, //0x000047cf movl         %edx, %eax
	0xc1, 0xe8, 0x0c, //0x000047d1 shrl         $12, %eax
	0xc1, 0xea, 0x08, //0x000047d4 shrl         $8, %edx
	0x09, 0xc2, //0x000047d7 orl          %eax, %edx
	0x81, 0xe2, 0x00, 0xfc, 0x00, 0x00, //0x000047d9 andl         $64512, %edx
	0x81, 0xfa, 0x00, 0xdc, 0x00, 0x00, //0x000047df cmpl         $56320, %edx
	0x0f, 0x85, 0x0e, 0x00, 0x00, 0x00, //0x000047e5 jne          LBB0_728
	0x4c, 0x8b, 0x64, 0x24, 0x28, //0x000047eb movq         $40(%rsp), %r12
	0x49, 0x83, 0xc4, 0x0c, //0x000047f0 addq         $12, %r12
	0xe9, 0x9c, 0x00, 0x00, 0x00, //0x000047f4 jmp          LBB0_735
	//0x000047f9 LBB0_728
	0x4c, 0x8b, 0x64, 0x24, 0x28, //0x000047f9 movq         $40(%rsp), %r12
	0x49, 0x83, 0xc4, 0x06, //0x000047fe addq         $6, %r12
	0xe9, 0x8e, 0x00, 0x00, 0x00, //0x00004802 jmp          LBB0_735
	//0x00004807 LBB0_729
	0x48, 0x0f, 0xbc, 0xc2, //0x00004807 bsfq         %rdx, %rax
	0x48, 0x3b, 0x44, 0x24, 0x58, //0x0000480b cmpq         $88(%rsp), %rax
	0x0f, 0x83, 0x5f, 0xf2, 0xff, 0xff, //0x00004810 jae          LBB0_582
	0x49, 0x89, 0xc2, //0x00004816 movq         %rax, %r10
	0x48, 0x89, 0x54, 0x24, 0x68, //0x00004819 movq         %rdx, $104(%rsp)
	0x4c, 0x89, 0x5c, 0x24, 0x30, //0x0000481e movq         %r11, $48(%rsp)
	0x49, 0x01, 0xca, //0x00004823 addq         %rcx, %r10
	0x4c, 0x89, 0x54, 0x24, 0x28, //0x00004826 movq         %r10, $40(%rsp)
	0x4d, 0x39, 0xe2, //0x0000482b cmpq         %r12, %r10
	0x0f, 0x8c, 0x6a, 0x00, 0x00, 0x00, //0x0000482e jl           LBB0_736
	0x48, 0x8b, 0x44, 0x24, 0x28, //0x00004834 movq         $40(%rsp), %rax
	0x48, 0x8d, 0x50, 0x01, //0x00004839 leaq         $1(%rax), %rdx
	0x4c, 0x8b, 0x5c, 0x24, 0x50, //0x0000483d movq         $80(%rsp), %r11
	0x48, 0x89, 0xd0, //0x00004842 movq         %rdx, %rax
	0x48, 0x89, 0x54, 0x24, 0x70, //0x00004845 movq         %rdx, $112(%rsp)
	0x49, 0x29, 0xd3, //0x0000484a subq         %rdx, %r11
	0x0f, 0x84, 0x6e, 0x03, 0x00, 0x00, //0x0000484d je           LBB0_257
	0x48, 0x8b, 0x44, 0x24, 0x30, //0x00004853 movq         $48(%rsp), %rax
	0x48, 0x8b, 0x54, 0x24, 0x70, //0x00004858 movq         $112(%rsp), %rdx
	0x44, 0x0f, 0xbe, 0x24, 0x10, //0x0000485d movsbl       (%rax,%rdx), %r12d
	0x48, 0xc7, 0x44, 0x24, 0x40, 0xfe, 0xff, 0xff, 0xff, //0x00004862 movq         $-2, $64(%rsp)
	0x41, 0x83, 0xc4, 0xde, //0x0000486b addl         $-34, %r12d
	0x41, 0x83, 0xfc, 0x53, //0x0000486f cmpl         $83, %r12d
	0x0f, 0x87, 0x88, 0x05, 0x00, 0x00, //0x00004873 ja           LBB0_928
	0x48, 0x8d, 0x15, 0x0c, 0x0a, 0x00, 0x00, //0x00004879 leaq         $2572(%rip), %rdx  /* LJTI0_3+0(%rip) */
	0x4a, 0x63, 0x04, 0xa2, //0x00004880 movslq       (%rdx,%r12,4), %rax
	0x48, 0x01, 0xd0, //0x00004884 addq         %rdx, %rax
	0x4c, 0x8b, 0x54, 0x24, 0x28, //0x00004887 movq         $40(%rsp), %r10
	0xff, 0xe0, //0x0000488c jmpq         *%rax
	//0x0000488e LBB0_734
	0x49, 0x83, 0xc2, 0x02, //0x0000488e addq         $2, %r10
	0x4d, 0x89, 0xd4, //0x00004892 movq         %r10, %r12
	//0x00004895 LBB0_735
	0x4d, 0x85, 0xe4, //0x00004895 testq        %r12, %r12
	0x0f, 0x88, 0x0f, 0x03, 0x00, 0x00, //0x00004898 js           LBB0_256
	//0x0000489e LBB0_736
	0x48, 0x8b, 0x54, 0x24, 0x68, //0x0000489e movq         $104(%rsp), %rdx
	0x48, 0x8d, 0x42, 0xff, //0x000048a3 leaq         $-1(%rdx), %rax
	0x48, 0x21, 0xc2, //0x000048a7 andq         %rax, %rdx
	0xc4, 0x41, 0x35, 0x76, 0xc9, //0x000048aa vpcmpeqd     %ymm9, %ymm9, %ymm9
	0xc5, 0xfe, 0x6f, 0x25, 0x29, 0xb9, 0xff, 0xff, //0x000048af vmovdqu      $-18135(%rip), %ymm4  /* LCPI0_19+0(%rip) */
	0x4c, 0x8b, 0x5c, 0x24, 0x30, //0x000048b7 movq         $48(%rsp), %r11
	0x0f, 0x84, 0xb3, 0xf1, 0xff, 0xff, //0x000048bc je           LBB0_582
	0xe9, 0x40, 0xff, 0xff, 0xff, //0x000048c2 jmp          LBB0_729
	//0x000048c7 LBB0_737
	0x48, 0x83, 0xff, 0x05, //0x000048c7 cmpq         $5, %rdi
	0x0f, 0x82, 0x80, 0x03, 0x00, 0x00, //0x000048cb jb           LBB0_428
	0x41, 0x8b, 0x5c, 0x33, 0x01, //0x000048d1 movl         $1(%r11,%rsi), %ebx
	0x89, 0xda, //0x000048d6 movl         %ebx, %edx
	0xf7, 0xd2, //0x000048d8 notl         %edx
	0x8d, 0x83, 0xd0, 0xcf, 0xcf, 0xcf, //0x000048da leal         $-808464432(%rbx), %eax
	0x81, 0xe2, 0x80, 0x80, 0x80, 0x80, //0x000048e0 andl         $-2139062144, %edx
	0x85, 0xc2, //0x000048e6 testl        %eax, %edx
	0x0f, 0x85, 0x2c, 0x05, 0x00, 0x00, //0x000048e8 jne          LBB0_930
	0x8d, 0x83, 0x19, 0x19, 0x19, 0x19, //0x000048ee leal         $421075225(%rbx), %eax
	0x09, 0xd8, //0x000048f4 orl          %ebx, %eax
	0xa9, 0x80, 0x80, 0x80, 0x80, //0x000048f6 testl        $-2139062144, %eax
	0x0f, 0x85, 0x19, 0x05, 0x00, 0x00, //0x000048fb jne          LBB0_930
	0x41, 0x89, 0xdc, //0x00004901 movl         %ebx, %r12d
	0x41, 0x81, 0xe4, 0x7f, 0x7f, 0x7f, 0x7f, //0x00004904 andl         $2139062143, %r12d
	0xb8, 0xc0, 0xc0, 0xc0, 0xc0, //0x0000490b movl         $-1061109568, %eax
	0x44, 0x29, 0xe0, //0x00004910 subl         %r12d, %eax
	0x4c, 0x89, 0xa4, 0x24, 0x80, 0x00, 0x00, 0x00, //0x00004913 movq         %r12, $128(%rsp)
	0x41, 0x81, 0xc4, 0x46, 0x46, 0x46, 0x46, //0x0000491b addl         $1179010630, %r12d
	0x21, 0xd0, //0x00004922 andl         %edx, %eax
	0x44, 0x85, 0xe0, //0x00004924 testl        %r12d, %eax
	0x0f, 0x85, 0xed, 0x04, 0x00, 0x00, //0x00004927 jne          LBB0_930
	0x41, 0xbc, 0xe0, 0xe0, 0xe0, 0xe0, //0x0000492d movl         $-522133280, %r12d
	0x48, 0x8b, 0x84, 0x24, 0x80, 0x00, 0x00, 0x00, //0x00004933 movq         $128(%rsp), %rax
	0x41, 0x29, 0xc4, //0x0000493b subl         %eax, %r12d
	0x05, 0x39, 0x39, 0x39, 0x39, //0x0000493e addl         $960051513, %eax
	0x44, 0x21, 0xe2, //0x00004943 andl         %r12d, %edx
	0x85, 0xc2, //0x00004946 testl        %eax, %edx
	0x0f, 0x85, 0xcc, 0x04, 0x00, 0x00, //0x00004948 jne          LBB0_930
	0x0f, 0xcb, //0x0000494e bswapl       %ebx
	0x89, 0xd8, //0x00004950 movl         %ebx, %eax
	0xc1, 0xe8, 0x04, //0x00004952 shrl         $4, %eax
	0xf7, 0xd0, //0x00004955 notl         %eax
	0x25, 0x01, 0x01, 0x01, 0x01, //0x00004957 andl         $16843009, %eax
	0x8d, 0x04, 0xc0, //0x0000495c leal         (%rax,%rax,8), %eax
	0x81, 0xe3, 0x0f, 0x0f, 0x0f, 0x0f, //0x0000495f andl         $252645135, %ebx
	0x01, 0xc3, //0x00004965 addl         %eax, %ebx
	0x89, 0xd8, //0x00004967 movl         %ebx, %eax
	0xc1, 0xe8, 0x0c, //0x00004969 shrl         $12, %eax
	0xc1, 0xeb, 0x08, //0x0000496c shrl         $8, %ebx
	0x09, 0xc3, //0x0000496f orl          %eax, %ebx
	0x81, 0xe3, 0x00, 0xfc, 0x00, 0x00, //0x00004971 andl         $64512, %ebx
	0x81, 0xfb, 0x00, 0xd8, 0x00, 0x00, //0x00004977 cmpl         $55296, %ebx
	0x0f, 0x85, 0xd2, 0x00, 0x00, 0x00, //0x0000497d jne          LBB0_752
	0x48, 0x83, 0xff, 0x0b, //0x00004983 cmpq         $11, %rdi
	0x0f, 0x82, 0xc8, 0x00, 0x00, 0x00, //0x00004987 jb           LBB0_752
	0x41, 0x80, 0x7c, 0x33, 0x05, 0x5c, //0x0000498d cmpb         $92, $5(%r11,%rsi)
	0x0f, 0x85, 0xbc, 0x00, 0x00, 0x00, //0x00004993 jne          LBB0_752
	0x41, 0x80, 0x7c, 0x33, 0x06, 0x75, //0x00004999 cmpb         $117, $6(%r11,%rsi)
	0x0f, 0x85, 0xb0, 0x00, 0x00, 0x00, //0x0000499f jne          LBB0_752
	0x41, 0x8b, 0x74, 0x33, 0x07, //0x000049a5 movl         $7(%r11,%rsi), %esi
	0x41, 0x89, 0xf4, //0x000049aa movl         %esi, %r12d
	0x41, 0xf7, 0xd4, //0x000049ad notl         %r12d
	0x8d, 0x86, 0xd0, 0xcf, 0xcf, 0xcf, //0x000049b0 leal         $-808464432(%rsi), %eax
	0x41, 0x81, 0xe4, 0x80, 0x80, 0x80, 0x80, //0x000049b6 andl         $-2139062144, %r12d
	0x41, 0x85, 0xc4, //0x000049bd testl        %eax, %r12d
	0x0f, 0x85, 0x8f, 0x00, 0x00, 0x00, //0x000049c0 jne          LBB0_752
	0x8d, 0x86, 0x19, 0x19, 0x19, 0x19, //0x000049c6 leal         $421075225(%rsi), %eax
	0x09, 0xf0, //0x000049cc orl          %esi, %eax
	0xa9, 0x80, 0x80, 0x80, 0x80, //0x000049ce testl        $-2139062144, %eax
	0x0f, 0x85, 0x7c, 0x00, 0x00, 0x00, //0x000049d3 jne          LBB0_752
	0x89, 0xf2, //0x000049d9 movl         %esi, %edx
	0x81, 0xe2, 0x7f, 0x7f, 0x7f, 0x7f, //0x000049db andl         $2139062143, %edx
	0xb8, 0xc0, 0xc0, 0xc0, 0xc0, //0x000049e1 movl         $-1061109568, %eax
	0x29, 0xd0, //0x000049e6 subl         %edx, %eax
	0x8d, 0xba, 0x46, 0x46, 0x46, 0x46, //0x000049e8 leal         $1179010630(%rdx), %edi
	0x44, 0x21, 0xe0, //0x000049ee andl         %r12d, %eax
	0x85, 0xf8, //0x000049f1 testl        %edi, %eax
	0x0f, 0x85, 0x5c, 0x00, 0x00, 0x00, //0x000049f3 jne          LBB0_752
	0xb8, 0xe0, 0xe0, 0xe0, 0xe0, //0x000049f9 movl         $-522133280, %eax
	0x29, 0xd0, //0x000049fe subl         %edx, %eax
	0x81, 0xc2, 0x39, 0x39, 0x39, 0x39, //0x00004a00 addl         $960051513, %edx
	0x41, 0x21, 0xc4, //0x00004a06 andl         %eax, %r12d
	0x41, 0x85, 0xd4, //0x00004a09 testl        %edx, %r12d
	0x0f, 0x85, 0x43, 0x00, 0x00, 0x00, //0x00004a0c jne          LBB0_752
	0x0f, 0xce, //0x00004a12 bswapl       %esi
	0x89, 0xf0, //0x00004a14 movl         %esi, %eax
	0xc1, 0xe8, 0x04, //0x00004a16 shrl         $4, %eax
	0xf7, 0xd0, //0x00004a19 notl         %eax
	0x25, 0x01, 0x01, 0x01, 0x01, //0x00004a1b andl         $16843009, %eax
	0x8d, 0x04, 0xc0, //0x00004a20 leal         (%rax,%rax,8), %eax
	0x81, 0xe6, 0x0f, 0x0f, 0x0f, 0x0f, //0x00004a23 andl         $252645135, %esi
	0x01, 0xc6, //0x00004a29 addl         %eax, %esi
	0x89, 0xf0, //0x00004a2b movl         %esi, %eax
	0xc1, 0xe8, 0x0c, //0x00004a2d shrl         $12, %eax
	0xc1, 0xee, 0x08, //0x00004a30 shrl         $8, %esi
	0x09, 0xc6, //0x00004a33 orl          %eax, %esi
	0x81, 0xe6, 0x00, 0xfc, 0x00, 0x00, //0x00004a35 andl         $64512, %esi
	0x81, 0xfe, 0x00, 0xdc, 0x00, 0x00, //0x00004a3b cmpl         $56320, %esi
	0x0f, 0x85, 0x0e, 0x00, 0x00, 0x00, //0x00004a41 jne          LBB0_752
	0x4c, 0x8b, 0x64, 0x24, 0x28, //0x00004a47 movq         $40(%rsp), %r12
	0x49, 0x83, 0xc4, 0x0c, //0x00004a4c addq         $12, %r12
	0xe9, 0x9b, 0x00, 0x00, 0x00, //0x00004a50 jmp          LBB0_759
	//0x00004a55 LBB0_752
	0x4c, 0x8b, 0x64, 0x24, 0x28, //0x00004a55 movq         $40(%rsp), %r12
	0x49, 0x83, 0xc4, 0x06, //0x00004a5a addq         $6, %r12
	0xe9, 0x8d, 0x00, 0x00, 0x00, //0x00004a5e jmp          LBB0_759
	//0x00004a63 LBB0_753
	0x49, 0x0f, 0xbc, 0xd2, //0x00004a63 bsfq         %r10, %rdx
	0x48, 0x89, 0x54, 0x24, 0x28, //0x00004a67 movq         %rdx, $40(%rsp)
	0x48, 0x39, 0xf2, //0x00004a6c cmpq         %rsi, %rdx
	0x0f, 0x83, 0x87, 0xf5, 0xff, 0xff, //0x00004a6f jae          LBB0_648
	0x89, 0x5c, 0x24, 0x70, //0x00004a75 movl         %ebx, $112(%rsp)
	0x48, 0x89, 0x7c, 0x24, 0x60, //0x00004a79 movq         %rdi, $96(%rsp)
	0x48, 0x89, 0x74, 0x24, 0x58, //0x00004a7e movq         %rsi, $88(%rsp)
	0x4c, 0x89, 0x54, 0x24, 0x40, //0x00004a83 movq         %r10, $64(%rsp)
	0x48, 0x89, 0x44, 0x24, 0x68, //0x00004a88 movq         %rax, $104(%rsp)
	0x48, 0x8b, 0x54, 0x24, 0x28, //0x00004a8d movq         $40(%rsp), %rdx
	0x48, 0x01, 0xc2, //0x00004a92 addq         %rax, %rdx
	0x48, 0x89, 0x54, 0x24, 0x28, //0x00004a95 movq         %rdx, $40(%rsp)
	0x4c, 0x39, 0xe2, //0x00004a9a cmpq         %r12, %rdx
	0x0f, 0x8c, 0x56, 0x00, 0x00, 0x00, //0x00004a9d jl           LBB0_760
	0x48, 0x8b, 0x44, 0x24, 0x28, //0x00004aa3 movq         $40(%rsp), %rax
	0x48, 0x8d, 0x70, 0x01, //0x00004aa8 leaq         $1(%rax), %rsi
	0x48, 0x8b, 0x7c, 0x24, 0x50, //0x00004aac movq         $80(%rsp), %rdi
	0x48, 0x29, 0xf7, //0x00004ab1 subq         %rsi, %rdi
	0x0f, 0x84, 0x97, 0x01, 0x00, 0x00, //0x00004ab4 je           LBB0_428
	0x45, 0x0f, 0xbe, 0x24, 0x33, //0x00004aba movsbl       (%r11,%rsi), %r12d
	0x49, 0xc7, 0xc2, 0xfe, 0xff, 0xff, 0xff, //0x00004abf movq         $-2, %r10
	0x41, 0x83, 0xc4, 0xde, //0x00004ac6 addl         $-34, %r12d
	0x41, 0x83, 0xfc, 0x53, //0x00004aca cmpl         $83, %r12d
	0x0f, 0x87, 0x46, 0x03, 0x00, 0x00, //0x00004ace ja           LBB0_930
	0x48, 0x8d, 0x15, 0x81, 0x11, 0x00, 0x00, //0x00004ad4 leaq         $4481(%rip), %rdx  /* LJTI0_10+0(%rip) */
	0x4a, 0x63, 0x04, 0xa2, //0x00004adb movslq       (%rdx,%r12,4), %rax
	0x48, 0x01, 0xd0, //0x00004adf addq         %rdx, %rax
	0x48, 0x8b, 0x54, 0x24, 0x28, //0x00004ae2 movq         $40(%rsp), %rdx
	0xff, 0xe0, //0x00004ae7 jmpq         *%rax
	//0x00004ae9 LBB0_758
	0x48, 0x83, 0xc2, 0x02, //0x00004ae9 addq         $2, %rdx
	0x49, 0x89, 0xd4, //0x00004aed movq         %rdx, %r12
	//0x00004af0 LBB0_759
	0x4d, 0x85, 0xe4, //0x00004af0 testq        %r12, %r12
	0x0f, 0x88, 0x46, 0x01, 0x00, 0x00, //0x00004af3 js           LBB0_427
	//0x00004af9 LBB0_760
	0x4c, 0x8b, 0x54, 0x24, 0x40, //0x00004af9 movq         $64(%rsp), %r10
	0x49, 0x8d, 0x42, 0xff, //0x00004afe leaq         $-1(%r10), %rax
	0x49, 0x21, 0xc2, //0x00004b02 andq         %rax, %r10
	0xc4, 0x41, 0x35, 0x76, 0xc9, //0x00004b05 vpcmpeqd     %ymm9, %ymm9, %ymm9
	0xc5, 0xfe, 0x6f, 0x25, 0xce, 0xb6, 0xff, 0xff, //0x00004b0a vmovdqu      $-18738(%rip), %ymm4  /* LCPI0_19+0(%rip) */
	0x48, 0x8b, 0x74, 0x24, 0x58, //0x00004b12 movq         $88(%rsp), %rsi
	0x48, 0x8b, 0x7c, 0x24, 0x60, //0x00004b17 movq         $96(%rsp), %rdi
	0x48, 0x8b, 0x44, 0x24, 0x68, //0x00004b1c movq         $104(%rsp), %rax
	0x8b, 0x5c, 0x24, 0x70, //0x00004b21 movl         $112(%rsp), %ebx
	0x0f, 0x84, 0xd1, 0xf4, 0xff, 0xff, //0x00004b25 je           LBB0_648
	0xe9, 0x33, 0xff, 0xff, 0xff, //0x00004b2b jmp          LBB0_753
	//0x00004b30 LBB0_788
	0x4d, 0x89, 0x4d, 0x00, //0x00004b30 movq         %r9, (%r13)
	//0x00004b34 LBB0_921
	0x49, 0xc7, 0xc0, 0xff, 0xff, 0xff, 0xff, //0x00004b34 movq         $-1, %r8
	0xe9, 0x58, 0x00, 0x00, 0x00, //0x00004b3b jmp          LBB0_907
	//0x00004b40 LBB0_877
	0x49, 0xc7, 0xc0, 0xf9, 0xff, 0xff, 0xff, //0x00004b40 movq         $-7, %r8
	0xe9, 0x4c, 0x00, 0x00, 0x00, //0x00004b47 jmp          LBB0_907
	//0x00004b4c LBB0_791
	0x4c, 0x8b, 0x74, 0x24, 0x18, //0x00004b4c movq         $24(%rsp), %r14
	0x4c, 0x89, 0x64, 0x24, 0x40, //0x00004b51 movq         %r12, $64(%rsp)
	0x49, 0x83, 0xfc, 0xff, //0x00004b56 cmpq         $-1, %r12
	0x0f, 0x85, 0x9c, 0x00, 0x00, 0x00, //0x00004b5a jne          LBB0_868
	//0x00004b60 LBB0_792
	0x48, 0xc7, 0x44, 0x24, 0x40, 0xff, 0xff, 0xff, 0xff, //0x00004b60 movq         $-1, $64(%rsp)
	0x4c, 0x8b, 0x74, 0x24, 0x50, //0x00004b69 movq         $80(%rsp), %r14
	0xe9, 0x89, 0x00, 0x00, 0x00, //0x00004b6e jmp          LBB0_868
	//0x00004b73 LBB0_858
	0x48, 0xc7, 0xc1, 0xff, 0xff, 0xff, 0xff, //0x00004b73 movq         $-1, %rcx
	0xe9, 0x03, 0x00, 0x00, 0x00, //0x00004b7a jmp          LBB0_860
	//0x00004b7f LBB0_859
	0x4c, 0x89, 0xf1, //0x00004b7f movq         %r14, %rcx
	//0x00004b82 LBB0_860
	0x49, 0x8b, 0x45, 0x00, //0x00004b82 movq         (%r13), %rax
	0x48, 0x29, 0xc8, //0x00004b86 subq         %rcx, %rax
	0x48, 0x83, 0xc0, 0xfe, //0x00004b89 addq         $-2, %rax
	//0x00004b8d LBB0_861
	0x49, 0x89, 0x45, 0x00, //0x00004b8d movq         %rax, (%r13)
	//0x00004b91 LBB0_906
	0x49, 0xc7, 0xc0, 0xfe, 0xff, 0xff, 0xff, //0x00004b91 movq         $-2, %r8
	//0x00004b98 LBB0_907
	0x4c, 0x89, 0xc0, //0x00004b98 movq         %r8, %rax
	0x48, 0x8d, 0x65, 0xd8, //0x00004b9b leaq         $-40(%rbp), %rsp
	0x5b,       //0x00004b9f popq         %rbx
	0x41, 0x5c, //0x00004ba0 popq         %r12
	0x41, 0x5d, //0x00004ba2 popq         %r13
	0x41, 0x5e, //0x00004ba4 popq         %r14
	0x41, 0x5f, //0x00004ba6 popq         %r15
	0x5d,             //0x00004ba8 popq         %rbp
	0xc5, 0xf8, 0x77, //0x00004ba9 vzeroupper
	0xc3, //0x00004bac retq
	//0x00004bad LBB0_256
	0x4c, 0x8b, 0x54, 0x24, 0x18, //0x00004bad movq         $24(%rsp), %r10
	0x4c, 0x89, 0x64, 0x24, 0x40, //0x00004bb2 movq         %r12, $64(%rsp)
	0x49, 0x83, 0xfc, 0xff, //0x00004bb7 cmpq         $-1, %r12
	0x0f, 0x85, 0x6c, 0x00, 0x00, 0x00, //0x00004bbb jne          LBB0_876
	//0x00004bc1 LBB0_257
	0x48, 0xc7, 0x44, 0x24, 0x40, 0xff, 0xff, 0xff, 0xff, //0x00004bc1 movq         $-1, $64(%rsp)
	0x4c, 0x8b, 0x54, 0x24, 0x50, //0x00004bca movq         $80(%rsp), %r10
	0xe9, 0x59, 0x00, 0x00, 0x00, //0x00004bcf jmp          LBB0_876
	//0x00004bd4 LBB0_878
	0x49, 0x89, 0x45, 0x00, //0x00004bd4 movq         %rax, (%r13)
	0xe9, 0xbb, 0xff, 0xff, 0xff, //0x00004bd8 jmp          LBB0_907
	//0x00004bdd LBB0_866
	0x48, 0xc7, 0x44, 0x24, 0x40, 0xfe, 0xff, 0xff, 0xff, //0x00004bdd movq         $-2, $64(%rsp)
	0x4c, 0x8b, 0x74, 0x24, 0x18, //0x00004be6 movq         $24(%rsp), %r14
	0x49, 0x83, 0xfe, 0xff, //0x00004beb cmpq         $-1, %r14
	0x0f, 0x85, 0x07, 0x00, 0x00, 0x00, //0x00004bef jne          LBB0_868
	0x4c, 0x0f, 0xbc, 0xf2, //0x00004bf5 bsfq         %rdx, %r14
	0x49, 0x01, 0xce, //0x00004bf9 addq         %rcx, %r14
	//0x00004bfc LBB0_868
	0x48, 0x8b, 0x44, 0x24, 0x20, //0x00004bfc movq         $32(%rsp), %rax
	0x4c, 0x89, 0x30, //0x00004c01 movq         %r14, (%rax)
	0x4c, 0x8b, 0x44, 0x24, 0x40, //0x00004c04 movq         $64(%rsp), %r8
	0xe9, 0x8a, 0xff, 0xff, 0xff, //0x00004c09 jmp          LBB0_907
	//0x00004c0e LBB0_874
	0x48, 0xc7, 0x44, 0x24, 0x40, 0xfe, 0xff, 0xff, 0xff, //0x00004c0e movq         $-2, $64(%rsp)
	0x4c, 0x8b, 0x54, 0x24, 0x18, //0x00004c17 movq         $24(%rsp), %r10
	0x49, 0x83, 0xfa, 0xff, //0x00004c1c cmpq         $-1, %r10
	0x0f, 0x85, 0x07, 0x00, 0x00, 0x00, //0x00004c20 jne          LBB0_876
	0x4c, 0x0f, 0xbc, 0xd2, //0x00004c26 bsfq         %rdx, %r10
	0x49, 0x01, 0xca, //0x00004c2a addq         %rcx, %r10
	//0x00004c2d LBB0_876
	0x48, 0x8b, 0x44, 0x24, 0x20, //0x00004c2d movq         $32(%rsp), %rax
	0x4c, 0x89, 0x10, //0x00004c32 movq         %r10, (%rax)
	0x4c, 0x8b, 0x44, 0x24, 0x40, //0x00004c35 movq         $64(%rsp), %r8
	0xe9, 0x59, 0xff, 0xff, 0xff, //0x00004c3a jmp          LBB0_907
	//0x00004c3f LBB0_427
	0x48, 0x8b, 0x54, 0x24, 0x18, //0x00004c3f movq         $24(%rsp), %rdx
	0x4d, 0x89, 0xe2, //0x00004c44 movq         %r12, %r10
	0x49, 0x83, 0xfc, 0xff, //0x00004c47 cmpq         $-1, %r12
	0x0f, 0x85, 0x5e, 0x01, 0x00, 0x00, //0x00004c4b jne          LBB0_898
	//0x00004c51 LBB0_428
	0x49, 0xc7, 0xc2, 0xff, 0xff, 0xff, 0xff, //0x00004c51 movq         $-1, %r10
	0x48, 0x8b, 0x54, 0x24, 0x50, //0x00004c58 movq         $80(%rsp), %rdx
	0xe9, 0x4d, 0x01, 0x00, 0x00, //0x00004c5d jmp          LBB0_898
	//0x00004c62 LBB0_879
	0x4d, 0x89, 0x4d, 0x00, //0x00004c62 movq         %r9, (%r13)
	0x49, 0xc7, 0xc0, 0xfe, 0xff, 0xff, 0xff, //0x00004c66 movq         $-2, %r8
	0x80, 0x38, 0x74, //0x00004c6d cmpb         $116, (%rax)
	0x0f, 0x85, 0x22, 0xff, 0xff, 0xff, //0x00004c70 jne          LBB0_907
	0x49, 0x8d, 0x41, 0x01, //0x00004c76 leaq         $1(%r9), %rax
	0x49, 0x89, 0x45, 0x00, //0x00004c7a movq         %rax, (%r13)
	0x43, 0x80, 0x7c, 0x0b, 0x01, 0x72, //0x00004c7e cmpb         $114, $1(%r11,%r9)
	0x0f, 0x85, 0x0e, 0xff, 0xff, 0xff, //0x00004c84 jne          LBB0_907
	0x49, 0x8d, 0x41, 0x02, //0x00004c8a leaq         $2(%r9), %rax
	0x49, 0x89, 0x45, 0x00, //0x00004c8e movq         %rax, (%r13)
	0x43, 0x80, 0x7c, 0x0b, 0x02, 0x75, //0x00004c92 cmpb         $117, $2(%r11,%r9)
	0x0f, 0x85, 0xfa, 0xfe, 0xff, 0xff, //0x00004c98 jne          LBB0_907
	0x49, 0x8d, 0x41, 0x03, //0x00004c9e leaq         $3(%r9), %rax
	0x49, 0x89, 0x45, 0x00, //0x00004ca2 movq         %rax, (%r13)
	0x43, 0x80, 0x7c, 0x0b, 0x03, 0x65, //0x00004ca6 cmpb         $101, $3(%r11,%r9)
	0x0f, 0x85, 0xe6, 0xfe, 0xff, 0xff, //0x00004cac jne          LBB0_907
	0xe9, 0xa9, 0x00, 0x00, 0x00, //0x00004cb2 jmp          LBB0_883
	//0x00004cb7 LBB0_884
	0x49, 0xc7, 0xc0, 0xfe, 0xff, 0xff, 0xff, //0x00004cb7 movq         $-2, %r8
	0x80, 0xf9, 0x61, //0x00004cbe cmpb         $97, %cl
	0x0f, 0x85, 0xd1, 0xfe, 0xff, 0xff, //0x00004cc1 jne          LBB0_907
	0x49, 0x8d, 0x41, 0x02, //0x00004cc7 leaq         $2(%r9), %rax
	0x49, 0x89, 0x45, 0x00, //0x00004ccb movq         %rax, (%r13)
	0x43, 0x80, 0x7c, 0x0b, 0x02, 0x6c, //0x00004ccf cmpb         $108, $2(%r11,%r9)
	0x0f, 0x85, 0xbd, 0xfe, 0xff, 0xff, //0x00004cd5 jne          LBB0_907
	0x49, 0x8d, 0x41, 0x03, //0x00004cdb leaq         $3(%r9), %rax
	0x49, 0x89, 0x45, 0x00, //0x00004cdf movq         %rax, (%r13)
	0x43, 0x80, 0x7c, 0x0b, 0x03, 0x73, //0x00004ce3 cmpb         $115, $3(%r11,%r9)
	0x0f, 0x85, 0xa9, 0xfe, 0xff, 0xff, //0x00004ce9 jne          LBB0_907
	0x49, 0x8d, 0x41, 0x04, //0x00004cef leaq         $4(%r9), %rax
	0x49, 0x89, 0x45, 0x00, //0x00004cf3 movq         %rax, (%r13)
	0x43, 0x80, 0x7c, 0x0b, 0x04, 0x65, //0x00004cf7 cmpb         $101, $4(%r11,%r9)
	0x0f, 0x85, 0x95, 0xfe, 0xff, 0xff, //0x00004cfd jne          LBB0_907
	0x49, 0x83, 0xc1, 0x05, //0x00004d03 addq         $5, %r9
	0x4d, 0x89, 0x4d, 0x00, //0x00004d07 movq         %r9, (%r13)
	0xe9, 0x88, 0xfe, 0xff, 0xff, //0x00004d0b jmp          LBB0_907
	//0x00004d10 LBB0_370
	0x4d, 0x89, 0x4d, 0x00, //0x00004d10 movq         %r9, (%r13)
	0x49, 0xc7, 0xc0, 0xfe, 0xff, 0xff, 0xff, //0x00004d14 movq         $-2, %r8
	0x80, 0x38, 0x6e, //0x00004d1b cmpb         $110, (%rax)
	0x0f, 0x85, 0x74, 0xfe, 0xff, 0xff, //0x00004d1e jne          LBB0_907
	0x49, 0x8d, 0x41, 0x01, //0x00004d24 leaq         $1(%r9), %rax
	0x49, 0x89, 0x45, 0x00, //0x00004d28 movq         %rax, (%r13)
	0x43, 0x80, 0x7c, 0x0b, 0x01, 0x75, //0x00004d2c cmpb         $117, $1(%r11,%r9)
	0x0f, 0x85, 0x60, 0xfe, 0xff, 0xff, //0x00004d32 jne          LBB0_907
	0x49, 0x8d, 0x41, 0x02, //0x00004d38 leaq         $2(%r9), %rax
	0x49, 0x89, 0x45, 0x00, //0x00004d3c movq         %rax, (%r13)
	0x43, 0x80, 0x7c, 0x0b, 0x02, 0x6c, //0x00004d40 cmpb         $108, $2(%r11,%r9)
	0x0f, 0x85, 0x4c, 0xfe, 0xff, 0xff, //0x00004d46 jne          LBB0_907
	0x49, 0x8d, 0x41, 0x03, //0x00004d4c leaq         $3(%r9), %rax
	0x49, 0x89, 0x45, 0x00, //0x00004d50 movq         %rax, (%r13)
	0x43, 0x80, 0x7c, 0x0b, 0x03, 0x6c, //0x00004d54 cmpb         $108, $3(%r11,%r9)
	0x0f, 0x85, 0x38, 0xfe, 0xff, 0xff, //0x00004d5a jne          LBB0_907
	//0x00004d60 LBB0_883
	0x49, 0x83, 0xc1, 0x04, //0x00004d60 addq         $4, %r9
	0x4d, 0x89, 0x4d, 0x00, //0x00004d64 movq         %r9, (%r13)
	0xe9, 0x2b, 0xfe, 0xff, 0xff, //0x00004d68 jmp          LBB0_907
	//0x00004d6d LBB0_889
	0x48, 0x89, 0xd9, //0x00004d6d movq         %rbx, %rcx
	//0x00004d70 LBB0_890
	0x48, 0xf7, 0xd1, //0x00004d70 notq         %rcx
	0x48, 0x8b, 0x44, 0x24, 0x20, //0x00004d73 movq         $32(%rsp), %rax
	0x48, 0x01, 0x08, //0x00004d78 addq         %rcx, (%rax)
	0xe9, 0x18, 0xfe, 0xff, 0xff, //0x00004d7b jmp          LBB0_907
	//0x00004d80 LBB0_892
	0x49, 0xc7, 0xc2, 0xfe, 0xff, 0xff, 0xff, //0x00004d80 movq         $-2, %r10
	0x48, 0x8b, 0x44, 0x24, 0x18, //0x00004d87 movq         $24(%rsp), %rax
	0x48, 0x83, 0xf8, 0xff, //0x00004d8c cmpq         $-1, %rax
	0x0f, 0x84, 0x12, 0x00, 0x00, 0x00, //0x00004d90 je           LBB0_897
	0x48, 0x89, 0xc2, //0x00004d96 movq         %rax, %rdx
	0xe9, 0x11, 0x00, 0x00, 0x00, //0x00004d99 jmp          LBB0_898
	//0x00004d9e LBB0_899
	0x4c, 0x89, 0x64, 0x24, 0x50, //0x00004d9e movq         %r12, $80(%rsp)
	0xe9, 0xb8, 0xfd, 0xff, 0xff, //0x00004da3 jmp          LBB0_792
	//0x00004da8 LBB0_897
	0x48, 0x0f, 0xbc, 0xd2, //0x00004da8 bsfq         %rdx, %rdx
	0x48, 0x01, 0xf2, //0x00004dac addq         %rsi, %rdx
	//0x00004daf LBB0_898
	0x48, 0x8b, 0x44, 0x24, 0x20, //0x00004daf movq         $32(%rsp), %rax
	0x48, 0x89, 0x10, //0x00004db4 movq         %rdx, (%rax)
	0x4d, 0x89, 0xd0, //0x00004db7 movq         %r10, %r8
	0xe9, 0xd9, 0xfd, 0xff, 0xff, //0x00004dba jmp          LBB0_907
	//0x00004dbf LBB0_903
	0x4c, 0x89, 0x64, 0x24, 0x50, //0x00004dbf movq         %r12, $80(%rsp)
	0xe9, 0xf8, 0xfd, 0xff, 0xff, //0x00004dc4 jmp          LBB0_257
	//0x00004dc9 LBB0_900
	0x49, 0x01, 0xce, //0x00004dc9 addq         %rcx, %r14
	0x48, 0xc7, 0x44, 0x24, 0x40, 0xfe, 0xff, 0xff, 0xff, //0x00004dcc movq         $-2, $64(%rsp)
	0xe9, 0x22, 0xfe, 0xff, 0xff, //0x00004dd5 jmp          LBB0_868
	//0x00004dda LBB0_904
	0x48, 0x01, 0xc8, //0x00004dda addq         %rcx, %rax
	0x48, 0xc7, 0x44, 0x24, 0x40, 0xfe, 0xff, 0xff, 0xff, //0x00004ddd movq         $-2, $64(%rsp)
	0x49, 0x89, 0xc2, //0x00004de6 movq         %rax, %r10
	0xe9, 0x3f, 0xfe, 0xff, 0xff, //0x00004de9 jmp          LBB0_876
	//0x00004dee LBB0_908
	0x4c, 0x89, 0x64, 0x24, 0x50, //0x00004dee movq         %r12, $80(%rsp)
	0xe9, 0x59, 0xfe, 0xff, 0xff, //0x00004df3 jmp          LBB0_428
	//0x00004df8 LBB0_905
	0x49, 0x89, 0x4d, 0x00, //0x00004df8 movq         %rcx, (%r13)
	0xe9, 0x90, 0xfd, 0xff, 0xff, //0x00004dfc jmp          LBB0_906
	//0x00004e01 LBB0_928
	0x4c, 0x8b, 0x54, 0x24, 0x28, //0x00004e01 movq         $40(%rsp), %r10
	0xe9, 0x22, 0xfe, 0xff, 0xff, //0x00004e06 jmp          LBB0_876
	//0x00004e0b LBB0_909
	0x48, 0x01, 0xf2, //0x00004e0b addq         %rsi, %rdx
	0x49, 0xc7, 0xc2, 0xfe, 0xff, 0xff, 0xff, //0x00004e0e movq         $-2, %r10
	0xe9, 0x95, 0xff, 0xff, 0xff, //0x00004e15 jmp          LBB0_898
	//0x00004e1a LBB0_930
	0x48, 0x8b, 0x54, 0x24, 0x28, //0x00004e1a movq         $40(%rsp), %rdx
	0xe9, 0x8b, 0xff, 0xff, 0xff, //0x00004e1f jmp          LBB0_898
	//0x00004e24 LBB0_911
	0x49, 0x8b, 0x43, 0x08, //0x00004e24 movq         $8(%r11), %rax
	0x49, 0x89, 0x00, //0x00004e28 movq         %rax, (%r8)
	0x49, 0xc7, 0xc0, 0xff, 0xff, 0xff, 0xff, //0x00004e2b movq         $-1, %r8
	0xe9, 0x61, 0xfd, 0xff, 0xff, //0x00004e32 jmp          LBB0_907
	//0x00004e37 LBB0_912
	0x48, 0x01, 0xd1, //0x00004e37 addq         %rdx, %rcx
	0xe9, 0x07, 0x00, 0x00, 0x00, //0x00004e3a jmp          LBB0_914
	//0x00004e3f LBB0_913
	0x8b, 0x44, 0x24, 0x58, //0x00004e3f movl         $88(%rsp), %eax
	0x48, 0x01, 0xc1, //0x00004e43 addq         %rax, %rcx
	//0x00004e46 LBB0_914
	0x48, 0xc7, 0x44, 0x24, 0x40, 0xfe, 0xff, 0xff, 0xff, //0x00004e46 movq         $-2, $64(%rsp)
	0x49, 0x89, 0xce, //0x00004e4f movq         %rcx, %r14
	0xe9, 0xa5, 0xfd, 0xff, 0xff, //0x00004e52 jmp          LBB0_868
	//0x00004e57 LBB0_915
	0x4d, 0x29, 0xda, //0x00004e57 subq         %r11, %r10
	0x48, 0xc7, 0x44, 0x24, 0x40, 0xfe, 0xff, 0xff, 0xff, //0x00004e5a movq         $-2, $64(%rsp)
	0x4d, 0x89, 0xd6, //0x00004e63 movq         %r10, %r14
	0xe9, 0x91, 0xfd, 0xff, 0xff, //0x00004e66 jmp          LBB0_868
	//0x00004e6b LBB0_916
	0x48, 0x01, 0xf9, //0x00004e6b addq         %rdi, %rcx
	0xe9, 0x07, 0x00, 0x00, 0x00, //0x00004e6e jmp          LBB0_918
	//0x00004e73 LBB0_917
	0x8b, 0x44, 0x24, 0x60, //0x00004e73 movl         $96(%rsp), %eax
	0x48, 0x01, 0xc1, //0x00004e77 addq         %rax, %rcx
	//0x00004e7a LBB0_918
	0x48, 0xc7, 0x44, 0x24, 0x40, 0xfe, 0xff, 0xff, 0xff, //0x00004e7a movq         $-2, $64(%rsp)
	0x49, 0x89, 0xca, //0x00004e83 movq         %rcx, %r10
	0xe9, 0xa2, 0xfd, 0xff, 0xff, //0x00004e86 jmp          LBB0_876
	//0x00004e8b LBB0_919
	0x4c, 0x29, 0xde, //0x00004e8b subq         %r11, %rsi
	0x48, 0xc7, 0x44, 0x24, 0x40, 0xfe, 0xff, 0xff, 0xff, //0x00004e8e movq         $-2, $64(%rsp)
	0x49, 0x89, 0xf2, //0x00004e97 movq         %rsi, %r10
	0xe9, 0x8e, 0xfd, 0xff, 0xff, //0x00004e9a jmp          LBB0_876
	//0x00004e9f LBB0_920
	0x49, 0x8d, 0x48, 0xff, //0x00004e9f leaq         $-1(%r8), %rcx
	0x4c, 0x39, 0xf1, //0x00004ea3 cmpq         %r14, %rcx
	0x0f, 0x84, 0x88, 0xfc, 0xff, 0xff, //0x00004ea6 je           LBB0_921
	0x4b, 0x8d, 0x14, 0x1e, //0x00004eac leaq         (%r14,%r11), %rdx
	0x48, 0x83, 0xc2, 0x02, //0x00004eb0 addq         $2, %rdx
	0x4d, 0x29, 0xf0, //0x00004eb4 subq         %r14, %r8
	0x49, 0x83, 0xc0, 0xfe, //0x00004eb7 addq         $-2, %r8
	0x4d, 0x89, 0xc6, //0x00004ebb movq         %r8, %r14
	0xe9, 0xf8, 0xb8, 0xff, 0xff, //0x00004ebe jmp          LBB0_803
	//0x00004ec3 LBB0_922
	0x4c, 0x01, 0xc0, //0x00004ec3 addq         %r8, %rax
	0x49, 0xc7, 0xc2, 0xfe, 0xff, 0xff, 0xff, //0x00004ec6 movq         $-2, %r10
	0x48, 0x89, 0xc2, //0x00004ecd movq         %rax, %rdx
	0xe9, 0xda, 0xfe, 0xff, 0xff, //0x00004ed0 jmp          LBB0_898
	//0x00004ed5 LBB0_923
	0x48, 0x89, 0xc2, //0x00004ed5 movq         %rax, %rdx
	0x8b, 0x44, 0x24, 0x30, //0x00004ed8 movl         $48(%rsp), %eax
	0x48, 0x01, 0xc2, //0x00004edc addq         %rax, %rdx
	0x49, 0xc7, 0xc2, 0xfe, 0xff, 0xff, 0xff, //0x00004edf movq         $-2, %r10
	0xe9, 0xc4, 0xfe, 0xff, 0xff, //0x00004ee6 jmp          LBB0_898
	//0x00004eeb LBB0_924
	0x4c, 0x29, 0xd9, //0x00004eeb subq         %r11, %rcx
	0x49, 0xc7, 0xc2, 0xfe, 0xff, 0xff, 0xff, //0x00004eee movq         $-2, %r10
	0x48, 0x89, 0xca, //0x00004ef5 movq         %rcx, %rdx
	0xe9, 0xb2, 0xfe, 0xff, 0xff, //0x00004ef8 jmp          LBB0_898
	//0x00004efd LBB0_926
	0x49, 0x83, 0xc6, 0xff, //0x00004efd addq         $-1, %r14
	0x48, 0xc7, 0x44, 0x24, 0x40, 0xfe, 0xff, 0xff, 0xff, //0x00004f01 movq         $-2, $64(%rsp)
	0xe9, 0xed, 0xfc, 0xff, 0xff, //0x00004f0a jmp          LBB0_868
	//0x00004f0f LBB0_927
	0x49, 0x83, 0xc2, 0xff, //0x00004f0f addq         $-1, %r10
	0x48, 0xc7, 0x44, 0x24, 0x40, 0xfe, 0xff, 0xff, 0xff, //0x00004f13 movq         $-2, $64(%rsp)
	0xe9, 0x0c, 0xfd, 0xff, 0xff, //0x00004f1c jmp          LBB0_876
	//0x00004f21 LBB0_929
	0x4c, 0x89, 0xd2, //0x00004f21 movq         %r10, %rdx
	0x48, 0x83, 0xc2, 0xff, //0x00004f24 addq         $-1, %rdx
	0x49, 0xc7, 0xc2, 0xfe, 0xff, 0xff, 0xff, //0x00004f28 movq         $-2, %r10
	0xe9, 0x7b, 0xfe, 0xff, 0xff, //0x00004f2f jmp          LBB0_898
	//0x00004f34 .p2align 2, 0x90
	// // .set L0_0_set_907, LBB0_907-LJTI0_0
	// // .set L0_0_set_861, LBB0_861-LJTI0_0
	// // .set L0_0_set_793, LBB0_793-LJTI0_0
	// // .set L0_0_set_765, LBB0_765-LJTI0_0
	// // .set L0_0_set_831, LBB0_831-LJTI0_0
	// // .set L0_0_set_805, LBB0_805-LJTI0_0
	// // .set L0_0_set_790, LBB0_790-LJTI0_0
	// // .set L0_0_set_807, LBB0_807-LJTI0_0
	//0x00004f34 LJTI0_0
	0x64, 0xfc, 0xff, 0xff, //0x00004f34 .long L0_0_set_907
	0x59, 0xfc, 0xff, 0xff, //0x00004f38 .long L0_0_set_861
	0x59, 0xfc, 0xff, 0xff, //0x00004f3c .long L0_0_set_861
	0x59, 0xfc, 0xff, 0xff, //0x00004f40 .long L0_0_set_861
	0x59, 0xfc, 0xff, 0xff, //0x00004f44 .long L0_0_set_861
	0x59, 0xfc, 0xff, 0xff, //0x00004f48 .long L0_0_set_861
	0x59, 0xfc, 0xff, 0xff, //0x00004f4c .long L0_0_set_861
	0x59, 0xfc, 0xff, 0xff, //0x00004f50 .long L0_0_set_861
	0x59, 0xfc, 0xff, 0xff, //0x00004f54 .long L0_0_set_861
	0x59, 0xfc, 0xff, 0xff, //0x00004f58 .long L0_0_set_861
	0x59, 0xfc, 0xff, 0xff, //0x00004f5c .long L0_0_set_861
	0x59, 0xfc, 0xff, 0xff, //0x00004f60 .long L0_0_set_861
	0x59, 0xfc, 0xff, 0xff, //0x00004f64 .long L0_0_set_861
	0x59, 0xfc, 0xff, 0xff, //0x00004f68 .long L0_0_set_861
	0x59, 0xfc, 0xff, 0xff, //0x00004f6c .long L0_0_set_861
	0x59, 0xfc, 0xff, 0xff, //0x00004f70 .long L0_0_set_861
	0x59, 0xfc, 0xff, 0xff, //0x00004f74 .long L0_0_set_861
	0x59, 0xfc, 0xff, 0xff, //0x00004f78 .long L0_0_set_861
	0x59, 0xfc, 0xff, 0xff, //0x00004f7c .long L0_0_set_861
	0x59, 0xfc, 0xff, 0xff, //0x00004f80 .long L0_0_set_861
	0x59, 0xfc, 0xff, 0xff, //0x00004f84 .long L0_0_set_861
	0x59, 0xfc, 0xff, 0xff, //0x00004f88 .long L0_0_set_861
	0x59, 0xfc, 0xff, 0xff, //0x00004f8c .long L0_0_set_861
	0x59, 0xfc, 0xff, 0xff, //0x00004f90 .long L0_0_set_861
	0x59, 0xfc, 0xff, 0xff, //0x00004f94 .long L0_0_set_861
	0x59, 0xfc, 0xff, 0xff, //0x00004f98 .long L0_0_set_861
	0x59, 0xfc, 0xff, 0xff, //0x00004f9c .long L0_0_set_861
	0x59, 0xfc, 0xff, 0xff, //0x00004fa0 .long L0_0_set_861
	0x59, 0xfc, 0xff, 0xff, //0x00004fa4 .long L0_0_set_861
	0x59, 0xfc, 0xff, 0xff, //0x00004fa8 .long L0_0_set_861
	0x59, 0xfc, 0xff, 0xff, //0x00004fac .long L0_0_set_861
	0x59, 0xfc, 0xff, 0xff, //0x00004fb0 .long L0_0_set_861
	0x59, 0xfc, 0xff, 0xff, //0x00004fb4 .long L0_0_set_861
	0x59, 0xfc, 0xff, 0xff, //0x00004fb8 .long L0_0_set_861
	0xae, 0xb7, 0xff, 0xff, //0x00004fbc .long L0_0_set_793
	0x59, 0xfc, 0xff, 0xff, //0x00004fc0 .long L0_0_set_861
	0x59, 0xfc, 0xff, 0xff, //0x00004fc4 .long L0_0_set_861
	0x59, 0xfc, 0xff, 0xff, //0x00004fc8 .long L0_0_set_861
	0x59, 0xfc, 0xff, 0xff, //0x00004fcc .long L0_0_set_861
	0x59, 0xfc, 0xff, 0xff, //0x00004fd0 .long L0_0_set_861
	0x59, 0xfc, 0xff, 0xff, //0x00004fd4 .long L0_0_set_861
	0x59, 0xfc, 0xff, 0xff, //0x00004fd8 .long L0_0_set_861
	0x59, 0xfc, 0xff, 0xff, //0x00004fdc .long L0_0_set_861
	0x59, 0xfc, 0xff, 0xff, //0x00004fe0 .long L0_0_set_861
	0x59, 0xfc, 0xff, 0xff, //0x00004fe4 .long L0_0_set_861
	0x08, 0xb6, 0xff, 0xff, //0x00004fe8 .long L0_0_set_765
	0x59, 0xfc, 0xff, 0xff, //0x00004fec .long L0_0_set_861
	0x59, 0xfc, 0xff, 0xff, //0x00004ff0 .long L0_0_set_861
	0x08, 0xb6, 0xff, 0xff, //0x00004ff4 .long L0_0_set_765
	0x08, 0xb6, 0xff, 0xff, //0x00004ff8 .long L0_0_set_765
	0x08, 0xb6, 0xff, 0xff, //0x00004ffc .long L0_0_set_765
	0x08, 0xb6, 0xff, 0xff, //0x00005000 .long L0_0_set_765
	0x08, 0xb6, 0xff, 0xff, //0x00005004 .long L0_0_set_765
	0x08, 0xb6, 0xff, 0xff, //0x00005008 .long L0_0_set_765
	0x08, 0xb6, 0xff, 0xff, //0x0000500c .long L0_0_set_765
	0x08, 0xb6, 0xff, 0xff, //0x00005010 .long L0_0_set_765
	0x08, 0xb6, 0xff, 0xff, //0x00005014 .long L0_0_set_765
	0x08, 0xb6, 0xff, 0xff, //0x00005018 .long L0_0_set_765
	0x59, 0xfc, 0xff, 0xff, //0x0000501c .long L0_0_set_861
	0x59, 0xfc, 0xff, 0xff, //0x00005020 .long L0_0_set_861
	0x59, 0xfc, 0xff, 0xff, //0x00005024 .long L0_0_set_861
	0x59, 0xfc, 0xff, 0xff, //0x00005028 .long L0_0_set_861
	0x59, 0xfc, 0xff, 0xff, //0x0000502c .long L0_0_set_861
	0x59, 0xfc, 0xff, 0xff, //0x00005030 .long L0_0_set_861
	0x59, 0xfc, 0xff, 0xff, //0x00005034 .long L0_0_set_861
	0x59, 0xfc, 0xff, 0xff, //0x00005038 .long L0_0_set_861
	0x59, 0xfc, 0xff, 0xff, //0x0000503c .long L0_0_set_861
	0x59, 0xfc, 0xff, 0xff, //0x00005040 .long L0_0_set_861
	0x59, 0xfc, 0xff, 0xff, //0x00005044 .long L0_0_set_861
	0x59, 0xfc, 0xff, 0xff, //0x00005048 .long L0_0_set_861
	0x59, 0xfc, 0xff, 0xff, //0x0000504c .long L0_0_set_861
	0x59, 0xfc, 0xff, 0xff, //0x00005050 .long L0_0_set_861
	0x59, 0xfc, 0xff, 0xff, //0x00005054 .long L0_0_set_861
	0x59, 0xfc, 0xff, 0xff, //0x00005058 .long L0_0_set_861
	0x59, 0xfc, 0xff, 0xff, //0x0000505c .long L0_0_set_861
	0x59, 0xfc, 0xff, 0xff, //0x00005060 .long L0_0_set_861
	0x59, 0xfc, 0xff, 0xff, //0x00005064 .long L0_0_set_861
	0x59, 0xfc, 0xff, 0xff, //0x00005068 .long L0_0_set_861
	0x59, 0xfc, 0xff, 0xff, //0x0000506c .long L0_0_set_861
	0x59, 0xfc, 0xff, 0xff, //0x00005070 .long L0_0_set_861
	0x59, 0xfc, 0xff, 0xff, //0x00005074 .long L0_0_set_861
	0x59, 0xfc, 0xff, 0xff, //0x00005078 .long L0_0_set_861
	0x59, 0xfc, 0xff, 0xff, //0x0000507c .long L0_0_set_861
	0x59, 0xfc, 0xff, 0xff, //0x00005080 .long L0_0_set_861
	0x59, 0xfc, 0xff, 0xff, //0x00005084 .long L0_0_set_861
	0x59, 0xfc, 0xff, 0xff, //0x00005088 .long L0_0_set_861
	0x59, 0xfc, 0xff, 0xff, //0x0000508c .long L0_0_set_861
	0x59, 0xfc, 0xff, 0xff, //0x00005090 .long L0_0_set_861
	0x59, 0xfc, 0xff, 0xff, //0x00005094 .long L0_0_set_861
	0x59, 0xfc, 0xff, 0xff, //0x00005098 .long L0_0_set_861
	0x59, 0xfc, 0xff, 0xff, //0x0000509c .long L0_0_set_861
	0x7c, 0xbb, 0xff, 0xff, //0x000050a0 .long L0_0_set_831
	0x59, 0xfc, 0xff, 0xff, //0x000050a4 .long L0_0_set_861
	0x59, 0xfc, 0xff, 0xff, //0x000050a8 .long L0_0_set_861
	0x59, 0xfc, 0xff, 0xff, //0x000050ac .long L0_0_set_861
	0x59, 0xfc, 0xff, 0xff, //0x000050b0 .long L0_0_set_861
	0x59, 0xfc, 0xff, 0xff, //0x000050b4 .long L0_0_set_861
	0x59, 0xfc, 0xff, 0xff, //0x000050b8 .long L0_0_set_861
	0x59, 0xfc, 0xff, 0xff, //0x000050bc .long L0_0_set_861
	0x59, 0xfc, 0xff, 0xff, //0x000050c0 .long L0_0_set_861
	0x59, 0xfc, 0xff, 0xff, //0x000050c4 .long L0_0_set_861
	0x59, 0xfc, 0xff, 0xff, //0x000050c8 .long L0_0_set_861
	0xa3, 0xb8, 0xff, 0xff, //0x000050cc .long L0_0_set_805
	0x59, 0xfc, 0xff, 0xff, //0x000050d0 .long L0_0_set_861
	0x59, 0xfc, 0xff, 0xff, //0x000050d4 .long L0_0_set_861
	0x59, 0xfc, 0xff, 0xff, //0x000050d8 .long L0_0_set_861
	0x59, 0xfc, 0xff, 0xff, //0x000050dc .long L0_0_set_861
	0x59, 0xfc, 0xff, 0xff, //0x000050e0 .long L0_0_set_861
	0x59, 0xfc, 0xff, 0xff, //0x000050e4 .long L0_0_set_861
	0x59, 0xfc, 0xff, 0xff, //0x000050e8 .long L0_0_set_861
	0xa5, 0xb7, 0xff, 0xff, //0x000050ec .long L0_0_set_790
	0x59, 0xfc, 0xff, 0xff, //0x000050f0 .long L0_0_set_861
	0x59, 0xfc, 0xff, 0xff, //0x000050f4 .long L0_0_set_861
	0x59, 0xfc, 0xff, 0xff, //0x000050f8 .long L0_0_set_861
	0x59, 0xfc, 0xff, 0xff, //0x000050fc .long L0_0_set_861
	0x59, 0xfc, 0xff, 0xff, //0x00005100 .long L0_0_set_861
	0xa5, 0xb7, 0xff, 0xff, //0x00005104 .long L0_0_set_790
	0x59, 0xfc, 0xff, 0xff, //0x00005108 .long L0_0_set_861
	0x59, 0xfc, 0xff, 0xff, //0x0000510c .long L0_0_set_861
	0x59, 0xfc, 0xff, 0xff, //0x00005110 .long L0_0_set_861
	0x59, 0xfc, 0xff, 0xff, //0x00005114 .long L0_0_set_861
	0x59, 0xfc, 0xff, 0xff, //0x00005118 .long L0_0_set_861
	0x59, 0xfc, 0xff, 0xff, //0x0000511c .long L0_0_set_861
	0xb6, 0xb8, 0xff, 0xff, //0x00005120 .long L0_0_set_807
	// // .set L0_1_set_70, LBB0_70-LJTI0_1
	// // .set L0_1_set_94, LBB0_94-LJTI0_1
	// // .set L0_1_set_75, LBB0_75-LJTI0_1
	// // .set L0_1_set_92, LBB0_92-LJTI0_1
	// // .set L0_1_set_73, LBB0_73-LJTI0_1
	// // .set L0_1_set_96, LBB0_96-LJTI0_1
	//0x00005124 LJTI0_1
	0x8b, 0xc0, 0xff, 0xff, //0x00005124 .long L0_1_set_70
	0x18, 0xc2, 0xff, 0xff, //0x00005128 .long L0_1_set_94
	0xc2, 0xc0, 0xff, 0xff, //0x0000512c .long L0_1_set_75
	0x01, 0xc2, 0xff, 0xff, //0x00005130 .long L0_1_set_92
	0xa2, 0xc0, 0xff, 0xff, //0x00005134 .long L0_1_set_73
	0x43, 0xc2, 0xff, 0xff, //0x00005138 .long L0_1_set_96
	// // .set L0_2_set_258, LBB0_258-LJTI0_2
	// // .set L0_2_set_876, LBB0_876-LJTI0_2
	// // .set L0_2_set_239, LBB0_239-LJTI0_2
	//0x0000513c LJTI0_2
	0xe5, 0xcf, 0xff, 0xff, //0x0000513c .long L0_2_set_258
	0xf1, 0xfa, 0xff, 0xff, //0x00005140 .long L0_2_set_876
	0xf1, 0xfa, 0xff, 0xff, //0x00005144 .long L0_2_set_876
	0xf1, 0xfa, 0xff, 0xff, //0x00005148 .long L0_2_set_876
	0xf1, 0xfa, 0xff, 0xff, //0x0000514c .long L0_2_set_876
	0xf1, 0xfa, 0xff, 0xff, //0x00005150 .long L0_2_set_876
	0xf1, 0xfa, 0xff, 0xff, //0x00005154 .long L0_2_set_876
	0xf1, 0xfa, 0xff, 0xff, //0x00005158 .long L0_2_set_876
	0xf1, 0xfa, 0xff, 0xff, //0x0000515c .long L0_2_set_876
	0xf1, 0xfa, 0xff, 0xff, //0x00005160 .long L0_2_set_876
	0xf1, 0xfa, 0xff, 0xff, //0x00005164 .long L0_2_set_876
	0xf1, 0xfa, 0xff, 0xff, //0x00005168 .long L0_2_set_876
	0xf1, 0xfa, 0xff, 0xff, //0x0000516c .long L0_2_set_876
	0xe5, 0xcf, 0xff, 0xff, //0x00005170 .long L0_2_set_258
	0xf1, 0xfa, 0xff, 0xff, //0x00005174 .long L0_2_set_876
	0xf1, 0xfa, 0xff, 0xff, //0x00005178 .long L0_2_set_876
	0xf1, 0xfa, 0xff, 0xff, //0x0000517c .long L0_2_set_876
	0xf1, 0xfa, 0xff, 0xff, //0x00005180 .long L0_2_set_876
	0xf1, 0xfa, 0xff, 0xff, //0x00005184 .long L0_2_set_876
	0xf1, 0xfa, 0xff, 0xff, //0x00005188 .long L0_2_set_876
	0xf1, 0xfa, 0xff, 0xff, //0x0000518c .long L0_2_set_876
	0xf1, 0xfa, 0xff, 0xff, //0x00005190 .long L0_2_set_876
	0xf1, 0xfa, 0xff, 0xff, //0x00005194 .long L0_2_set_876
	0xf1, 0xfa, 0xff, 0xff, //0x00005198 .long L0_2_set_876
	0xf1, 0xfa, 0xff, 0xff, //0x0000519c .long L0_2_set_876
	0xf1, 0xfa, 0xff, 0xff, //0x000051a0 .long L0_2_set_876
	0xf1, 0xfa, 0xff, 0xff, //0x000051a4 .long L0_2_set_876
	0xf1, 0xfa, 0xff, 0xff, //0x000051a8 .long L0_2_set_876
	0xf1, 0xfa, 0xff, 0xff, //0x000051ac .long L0_2_set_876
	0xf1, 0xfa, 0xff, 0xff, //0x000051b0 .long L0_2_set_876
	0xf1, 0xfa, 0xff, 0xff, //0x000051b4 .long L0_2_set_876
	0xf1, 0xfa, 0xff, 0xff, //0x000051b8 .long L0_2_set_876
	0xf1, 0xfa, 0xff, 0xff, //0x000051bc .long L0_2_set_876
	0xf1, 0xfa, 0xff, 0xff, //0x000051c0 .long L0_2_set_876
	0xf1, 0xfa, 0xff, 0xff, //0x000051c4 .long L0_2_set_876
	0xf1, 0xfa, 0xff, 0xff, //0x000051c8 .long L0_2_set_876
	0xf1, 0xfa, 0xff, 0xff, //0x000051cc .long L0_2_set_876
	0xf1, 0xfa, 0xff, 0xff, //0x000051d0 .long L0_2_set_876
	0xf1, 0xfa, 0xff, 0xff, //0x000051d4 .long L0_2_set_876
	0xf1, 0xfa, 0xff, 0xff, //0x000051d8 .long L0_2_set_876
	0xf1, 0xfa, 0xff, 0xff, //0x000051dc .long L0_2_set_876
	0xf1, 0xfa, 0xff, 0xff, //0x000051e0 .long L0_2_set_876
	0xf1, 0xfa, 0xff, 0xff, //0x000051e4 .long L0_2_set_876
	0xf1, 0xfa, 0xff, 0xff, //0x000051e8 .long L0_2_set_876
	0xf1, 0xfa, 0xff, 0xff, //0x000051ec .long L0_2_set_876
	0xf1, 0xfa, 0xff, 0xff, //0x000051f0 .long L0_2_set_876
	0xf1, 0xfa, 0xff, 0xff, //0x000051f4 .long L0_2_set_876
	0xf1, 0xfa, 0xff, 0xff, //0x000051f8 .long L0_2_set_876
	0xf1, 0xfa, 0xff, 0xff, //0x000051fc .long L0_2_set_876
	0xf1, 0xfa, 0xff, 0xff, //0x00005200 .long L0_2_set_876
	0xf1, 0xfa, 0xff, 0xff, //0x00005204 .long L0_2_set_876
	0xf1, 0xfa, 0xff, 0xff, //0x00005208 .long L0_2_set_876
	0xf1, 0xfa, 0xff, 0xff, //0x0000520c .long L0_2_set_876
	0xf1, 0xfa, 0xff, 0xff, //0x00005210 .long L0_2_set_876
	0xf1, 0xfa, 0xff, 0xff, //0x00005214 .long L0_2_set_876
	0xf1, 0xfa, 0xff, 0xff, //0x00005218 .long L0_2_set_876
	0xf1, 0xfa, 0xff, 0xff, //0x0000521c .long L0_2_set_876
	0xf1, 0xfa, 0xff, 0xff, //0x00005220 .long L0_2_set_876
	0xe5, 0xcf, 0xff, 0xff, //0x00005224 .long L0_2_set_258
	0xf1, 0xfa, 0xff, 0xff, //0x00005228 .long L0_2_set_876
	0xf1, 0xfa, 0xff, 0xff, //0x0000522c .long L0_2_set_876
	0xf1, 0xfa, 0xff, 0xff, //0x00005230 .long L0_2_set_876
	0xf1, 0xfa, 0xff, 0xff, //0x00005234 .long L0_2_set_876
	0xf1, 0xfa, 0xff, 0xff, //0x00005238 .long L0_2_set_876
	0xe5, 0xcf, 0xff, 0xff, //0x0000523c .long L0_2_set_258
	0xf1, 0xfa, 0xff, 0xff, //0x00005240 .long L0_2_set_876
	0xf1, 0xfa, 0xff, 0xff, //0x00005244 .long L0_2_set_876
	0xf1, 0xfa, 0xff, 0xff, //0x00005248 .long L0_2_set_876
	0xe5, 0xcf, 0xff, 0xff, //0x0000524c .long L0_2_set_258
	0xf1, 0xfa, 0xff, 0xff, //0x00005250 .long L0_2_set_876
	0xf1, 0xfa, 0xff, 0xff, //0x00005254 .long L0_2_set_876
	0xf1, 0xfa, 0xff, 0xff, //0x00005258 .long L0_2_set_876
	0xf1, 0xfa, 0xff, 0xff, //0x0000525c .long L0_2_set_876
	0xf1, 0xfa, 0xff, 0xff, //0x00005260 .long L0_2_set_876
	0xf1, 0xfa, 0xff, 0xff, //0x00005264 .long L0_2_set_876
	0xf1, 0xfa, 0xff, 0xff, //0x00005268 .long L0_2_set_876
	0xe5, 0xcf, 0xff, 0xff, //0x0000526c .long L0_2_set_258
	0xf1, 0xfa, 0xff, 0xff, //0x00005270 .long L0_2_set_876
	0xf1, 0xfa, 0xff, 0xff, //0x00005274 .long L0_2_set_876
	0xf1, 0xfa, 0xff, 0xff, //0x00005278 .long L0_2_set_876
	0xe5, 0xcf, 0xff, 0xff, //0x0000527c .long L0_2_set_258
	0xf1, 0xfa, 0xff, 0xff, //0x00005280 .long L0_2_set_876
	0xe5, 0xcf, 0xff, 0xff, //0x00005284 .long L0_2_set_258
	0x8a, 0xcd, 0xff, 0xff, //0x00005288 .long L0_2_set_239
	// // .set L0_3_set_734, LBB0_734-LJTI0_3
	// // .set L0_3_set_876, LBB0_876-LJTI0_3
	// // .set L0_3_set_713, LBB0_713-LJTI0_3
	//0x0000528c LJTI0_3
	0x02, 0xf6, 0xff, 0xff, //0x0000528c .long L0_3_set_734
	0xa1, 0xf9, 0xff, 0xff, //0x00005290 .long L0_3_set_876
	0xa1, 0xf9, 0xff, 0xff, //0x00005294 .long L0_3_set_876
	0xa1, 0xf9, 0xff, 0xff, //0x00005298 .long L0_3_set_876
	0xa1, 0xf9, 0xff, 0xff, //0x0000529c .long L0_3_set_876
	0xa1, 0xf9, 0xff, 0xff, //0x000052a0 .long L0_3_set_876
	0xa1, 0xf9, 0xff, 0xff, //0x000052a4 .long L0_3_set_876
	0xa1, 0xf9, 0xff, 0xff, //0x000052a8 .long L0_3_set_876
	0xa1, 0xf9, 0xff, 0xff, //0x000052ac .long L0_3_set_876
	0xa1, 0xf9, 0xff, 0xff, //0x000052b0 .long L0_3_set_876
	0xa1, 0xf9, 0xff, 0xff, //0x000052b4 .long L0_3_set_876
	0xa1, 0xf9, 0xff, 0xff, //0x000052b8 .long L0_3_set_876
	0xa1, 0xf9, 0xff, 0xff, //0x000052bc .long L0_3_set_876
	0x02, 0xf6, 0xff, 0xff, //0x000052c0 .long L0_3_set_734
	0xa1, 0xf9, 0xff, 0xff, //0x000052c4 .long L0_3_set_876
	0xa1, 0xf9, 0xff, 0xff, //0x000052c8 .long L0_3_set_876
	0xa1, 0xf9, 0xff, 0xff, //0x000052cc .long L0_3_set_876
	0xa1, 0xf9, 0xff, 0xff, //0x000052d0 .long L0_3_set_876
	0xa1, 0xf9, 0xff, 0xff, //0x000052d4 .long L0_3_set_876
	0xa1, 0xf9, 0xff, 0xff, //0x000052d8 .long L0_3_set_876
	0xa1, 0xf9, 0xff, 0xff, //0x000052dc .long L0_3_set_876
	0xa1, 0xf9, 0xff, 0xff, //0x000052e0 .long L0_3_set_876
	0xa1, 0xf9, 0xff, 0xff, //0x000052e4 .long L0_3_set_876
	0xa1, 0xf9, 0xff, 0xff, //0x000052e8 .long L0_3_set_876
	0xa1, 0xf9, 0xff, 0xff, //0x000052ec .long L0_3_set_876
	0xa1, 0xf9, 0xff, 0xff, //0x000052f0 .long L0_3_set_876
	0xa1, 0xf9, 0xff, 0xff, //0x000052f4 .long L0_3_set_876
	0xa1, 0xf9, 0xff, 0xff, //0x000052f8 .long L0_3_set_876
	0xa1, 0xf9, 0xff, 0xff, //0x000052fc .long L0_3_set_876
	0xa1, 0xf9, 0xff, 0xff, //0x00005300 .long L0_3_set_876
	0xa1, 0xf9, 0xff, 0xff, //0x00005304 .long L0_3_set_876
	0xa1, 0xf9, 0xff, 0xff, //0x00005308 .long L0_3_set_876
	0xa1, 0xf9, 0xff, 0xff, //0x0000530c .long L0_3_set_876
	0xa1, 0xf9, 0xff, 0xff, //0x00005310 .long L0_3_set_876
	0xa1, 0xf9, 0xff, 0xff, //0x00005314 .long L0_3_set_876
	0xa1, 0xf9, 0xff, 0xff, //0x00005318 .long L0_3_set_876
	0xa1, 0xf9, 0xff, 0xff, //0x0000531c .long L0_3_set_876
	0xa1, 0xf9, 0xff, 0xff, //0x00005320 .long L0_3_set_876
	0xa1, 0xf9, 0xff, 0xff, //0x00005324 .long L0_3_set_876
	0xa1, 0xf9, 0xff, 0xff, //0x00005328 .long L0_3_set_876
	0xa1, 0xf9, 0xff, 0xff, //0x0000532c .long L0_3_set_876
	0xa1, 0xf9, 0xff, 0xff, //0x00005330 .long L0_3_set_876
	0xa1, 0xf9, 0xff, 0xff, //0x00005334 .long L0_3_set_876
	0xa1, 0xf9, 0xff, 0xff, //0x00005338 .long L0_3_set_876
	0xa1, 0xf9, 0xff, 0xff, //0x0000533c .long L0_3_set_876
	0xa1, 0xf9, 0xff, 0xff, //0x00005340 .long L0_3_set_876
	0xa1, 0xf9, 0xff, 0xff, //0x00005344 .long L0_3_set_876
	0xa1, 0xf9, 0xff, 0xff, //0x00005348 .long L0_3_set_876
	0xa1, 0xf9, 0xff, 0xff, //0x0000534c .long L0_3_set_876
	0xa1, 0xf9, 0xff, 0xff, //0x00005350 .long L0_3_set_876
	0xa1, 0xf9, 0xff, 0xff, //0x00005354 .long L0_3_set_876
	0xa1, 0xf9, 0xff, 0xff, //0x00005358 .long L0_3_set_876
	0xa1, 0xf9, 0xff, 0xff, //0x0000535c .long L0_3_set_876
	0xa1, 0xf9, 0xff, 0xff, //0x00005360 .long L0_3_set_876
	0xa1, 0xf9, 0xff, 0xff, //0x00005364 .long L0_3_set_876
	0xa1, 0xf9, 0xff, 0xff, //0x00005368 .long L0_3_set_876
	0xa1, 0xf9, 0xff, 0xff, //0x0000536c .long L0_3_set_876
	0xa1, 0xf9, 0xff, 0xff, //0x00005370 .long L0_3_set_876
	0x02, 0xf6, 0xff, 0xff, //0x00005374 .long L0_3_set_734
	0xa1, 0xf9, 0xff, 0xff, //0x00005378 .long L0_3_set_876
	0xa1, 0xf9, 0xff, 0xff, //0x0000537c .long L0_3_set_876
	0xa1, 0xf9, 0xff, 0xff, //0x00005380 .long L0_3_set_876
	0xa1, 0xf9, 0xff, 0xff, //0x00005384 .long L0_3_set_876
	0xa1, 0xf9, 0xff, 0xff, //0x00005388 .long L0_3_set_876
	0x02, 0xf6, 0xff, 0xff, //0x0000538c .long L0_3_set_734
	0xa1, 0xf9, 0xff, 0xff, //0x00005390 .long L0_3_set_876
	0xa1, 0xf9, 0xff, 0xff, //0x00005394 .long L0_3_set_876
	0xa1, 0xf9, 0xff, 0xff, //0x00005398 .long L0_3_set_876
	0x02, 0xf6, 0xff, 0xff, //0x0000539c .long L0_3_set_734
	0xa1, 0xf9, 0xff, 0xff, //0x000053a0 .long L0_3_set_876
	0xa1, 0xf9, 0xff, 0xff, //0x000053a4 .long L0_3_set_876
	0xa1, 0xf9, 0xff, 0xff, //0x000053a8 .long L0_3_set_876
	0xa1, 0xf9, 0xff, 0xff, //0x000053ac .long L0_3_set_876
	0xa1, 0xf9, 0xff, 0xff, //0x000053b0 .long L0_3_set_876
	0xa1, 0xf9, 0xff, 0xff, //0x000053b4 .long L0_3_set_876
	0xa1, 0xf9, 0xff, 0xff, //0x000053b8 .long L0_3_set_876
	0x02, 0xf6, 0xff, 0xff, //0x000053bc .long L0_3_set_734
	0xa1, 0xf9, 0xff, 0xff, //0x000053c0 .long L0_3_set_876
	0xa1, 0xf9, 0xff, 0xff, //0x000053c4 .long L0_3_set_876
	0xa1, 0xf9, 0xff, 0xff, //0x000053c8 .long L0_3_set_876
	0x02, 0xf6, 0xff, 0xff, //0x000053cc .long L0_3_set_734
	0xa1, 0xf9, 0xff, 0xff, //0x000053d0 .long L0_3_set_876
	0x02, 0xf6, 0xff, 0xff, //0x000053d4 .long L0_3_set_734
	0x82, 0xf3, 0xff, 0xff, //0x000053d8 .long L0_3_set_713
	// // .set L0_4_set_598, LBB0_598-LJTI0_4
	// // .set L0_4_set_927, LBB0_927-LJTI0_4
	// // .set L0_4_set_601, LBB0_601-LJTI0_4
	//0x000053dc LJTI0_4
	0x90, 0xe7, 0xff, 0xff, //0x000053dc .long L0_4_set_598
	0x33, 0xfb, 0xff, 0xff, //0x000053e0 .long L0_4_set_927
	0x33, 0xfb, 0xff, 0xff, //0x000053e4 .long L0_4_set_927
	0x33, 0xfb, 0xff, 0xff, //0x000053e8 .long L0_4_set_927
	0x33, 0xfb, 0xff, 0xff, //0x000053ec .long L0_4_set_927
	0x33, 0xfb, 0xff, 0xff, //0x000053f0 .long L0_4_set_927
	0x33, 0xfb, 0xff, 0xff, //0x000053f4 .long L0_4_set_927
	0x33, 0xfb, 0xff, 0xff, //0x000053f8 .long L0_4_set_927
	0x33, 0xfb, 0xff, 0xff, //0x000053fc .long L0_4_set_927
	0x33, 0xfb, 0xff, 0xff, //0x00005400 .long L0_4_set_927
	0x33, 0xfb, 0xff, 0xff, //0x00005404 .long L0_4_set_927
	0x33, 0xfb, 0xff, 0xff, //0x00005408 .long L0_4_set_927
	0x33, 0xfb, 0xff, 0xff, //0x0000540c .long L0_4_set_927
	0x90, 0xe7, 0xff, 0xff, //0x00005410 .long L0_4_set_598
	0x33, 0xfb, 0xff, 0xff, //0x00005414 .long L0_4_set_927
	0x33, 0xfb, 0xff, 0xff, //0x00005418 .long L0_4_set_927
	0x33, 0xfb, 0xff, 0xff, //0x0000541c .long L0_4_set_927
	0x33, 0xfb, 0xff, 0xff, //0x00005420 .long L0_4_set_927
	0x33, 0xfb, 0xff, 0xff, //0x00005424 .long L0_4_set_927
	0x33, 0xfb, 0xff, 0xff, //0x00005428 .long L0_4_set_927
	0x33, 0xfb, 0xff, 0xff, //0x0000542c .long L0_4_set_927
	0x33, 0xfb, 0xff, 0xff, //0x00005430 .long L0_4_set_927
	0x33, 0xfb, 0xff, 0xff, //0x00005434 .long L0_4_set_927
	0x33, 0xfb, 0xff, 0xff, //0x00005438 .long L0_4_set_927
	0x33, 0xfb, 0xff, 0xff, //0x0000543c .long L0_4_set_927
	0x33, 0xfb, 0xff, 0xff, //0x00005440 .long L0_4_set_927
	0x33, 0xfb, 0xff, 0xff, //0x00005444 .long L0_4_set_927
	0x33, 0xfb, 0xff, 0xff, //0x00005448 .long L0_4_set_927
	0x33, 0xfb, 0xff, 0xff, //0x0000544c .long L0_4_set_927
	0x33, 0xfb, 0xff, 0xff, //0x00005450 .long L0_4_set_927
	0x33, 0xfb, 0xff, 0xff, //0x00005454 .long L0_4_set_927
	0x33, 0xfb, 0xff, 0xff, //0x00005458 .long L0_4_set_927
	0x33, 0xfb, 0xff, 0xff, //0x0000545c .long L0_4_set_927
	0x33, 0xfb, 0xff, 0xff, //0x00005460 .long L0_4_set_927
	0x33, 0xfb, 0xff, 0xff, //0x00005464 .long L0_4_set_927
	0x33, 0xfb, 0xff, 0xff, //0x00005468 .long L0_4_set_927
	0x33, 0xfb, 0xff, 0xff, //0x0000546c .long L0_4_set_927
	0x33, 0xfb, 0xff, 0xff, //0x00005470 .long L0_4_set_927
	0x33, 0xfb, 0xff, 0xff, //0x00005474 .long L0_4_set_927
	0x33, 0xfb, 0xff, 0xff, //0x00005478 .long L0_4_set_927
	0x33, 0xfb, 0xff, 0xff, //0x0000547c .long L0_4_set_927
	0x33, 0xfb, 0xff, 0xff, //0x00005480 .long L0_4_set_927
	0x33, 0xfb, 0xff, 0xff, //0x00005484 .long L0_4_set_927
	0x33, 0xfb, 0xff, 0xff, //0x00005488 .long L0_4_set_927
	0x33, 0xfb, 0xff, 0xff, //0x0000548c .long L0_4_set_927
	0x33, 0xfb, 0xff, 0xff, //0x00005490 .long L0_4_set_927
	0x33, 0xfb, 0xff, 0xff, //0x00005494 .long L0_4_set_927
	0x33, 0xfb, 0xff, 0xff, //0x00005498 .long L0_4_set_927
	0x33, 0xfb, 0xff, 0xff, //0x0000549c .long L0_4_set_927
	0x33, 0xfb, 0xff, 0xff, //0x000054a0 .long L0_4_set_927
	0x33, 0xfb, 0xff, 0xff, //0x000054a4 .long L0_4_set_927
	0x33, 0xfb, 0xff, 0xff, //0x000054a8 .long L0_4_set_927
	0x33, 0xfb, 0xff, 0xff, //0x000054ac .long L0_4_set_927
	0x33, 0xfb, 0xff, 0xff, //0x000054b0 .long L0_4_set_927
	0x33, 0xfb, 0xff, 0xff, //0x000054b4 .long L0_4_set_927
	0x33, 0xfb, 0xff, 0xff, //0x000054b8 .long L0_4_set_927
	0x33, 0xfb, 0xff, 0xff, //0x000054bc .long L0_4_set_927
	0x33, 0xfb, 0xff, 0xff, //0x000054c0 .long L0_4_set_927
	0x90, 0xe7, 0xff, 0xff, //0x000054c4 .long L0_4_set_598
	0x33, 0xfb, 0xff, 0xff, //0x000054c8 .long L0_4_set_927
	0x33, 0xfb, 0xff, 0xff, //0x000054cc .long L0_4_set_927
	0x33, 0xfb, 0xff, 0xff, //0x000054d0 .long L0_4_set_927
	0x33, 0xfb, 0xff, 0xff, //0x000054d4 .long L0_4_set_927
	0x33, 0xfb, 0xff, 0xff, //0x000054d8 .long L0_4_set_927
	0x90, 0xe7, 0xff, 0xff, //0x000054dc .long L0_4_set_598
	0x33, 0xfb, 0xff, 0xff, //0x000054e0 .long L0_4_set_927
	0x33, 0xfb, 0xff, 0xff, //0x000054e4 .long L0_4_set_927
	0x33, 0xfb, 0xff, 0xff, //0x000054e8 .long L0_4_set_927
	0x90, 0xe7, 0xff, 0xff, //0x000054ec .long L0_4_set_598
	0x33, 0xfb, 0xff, 0xff, //0x000054f0 .long L0_4_set_927
	0x33, 0xfb, 0xff, 0xff, //0x000054f4 .long L0_4_set_927
	0x33, 0xfb, 0xff, 0xff, //0x000054f8 .long L0_4_set_927
	0x33, 0xfb, 0xff, 0xff, //0x000054fc .long L0_4_set_927
	0x33, 0xfb, 0xff, 0xff, //0x00005500 .long L0_4_set_927
	0x33, 0xfb, 0xff, 0xff, //0x00005504 .long L0_4_set_927
	0x33, 0xfb, 0xff, 0xff, //0x00005508 .long L0_4_set_927
	0x90, 0xe7, 0xff, 0xff, //0x0000550c .long L0_4_set_598
	0x33, 0xfb, 0xff, 0xff, //0x00005510 .long L0_4_set_927
	0x33, 0xfb, 0xff, 0xff, //0x00005514 .long L0_4_set_927
	0x33, 0xfb, 0xff, 0xff, //0x00005518 .long L0_4_set_927
	0x90, 0xe7, 0xff, 0xff, //0x0000551c .long L0_4_set_598
	0x33, 0xfb, 0xff, 0xff, //0x00005520 .long L0_4_set_927
	0x90, 0xe7, 0xff, 0xff, //0x00005524 .long L0_4_set_598
	0xd0, 0xe7, 0xff, 0xff, //0x00005528 .long L0_4_set_601
	// // .set L0_5_set_197, LBB0_197-LJTI0_5
	// // .set L0_5_set_868, LBB0_868-LJTI0_5
	// // .set L0_5_set_200, LBB0_200-LJTI0_5
	//0x0000552c LJTI0_5
	0xc9, 0xc5, 0xff, 0xff, //0x0000552c .long L0_5_set_197
	0xd0, 0xf6, 0xff, 0xff, //0x00005530 .long L0_5_set_868
	0xd0, 0xf6, 0xff, 0xff, //0x00005534 .long L0_5_set_868
	0xd0, 0xf6, 0xff, 0xff, //0x00005538 .long L0_5_set_868
	0xd0, 0xf6, 0xff, 0xff, //0x0000553c .long L0_5_set_868
	0xd0, 0xf6, 0xff, 0xff, //0x00005540 .long L0_5_set_868
	0xd0, 0xf6, 0xff, 0xff, //0x00005544 .long L0_5_set_868
	0xd0, 0xf6, 0xff, 0xff, //0x00005548 .long L0_5_set_868
	0xd0, 0xf6, 0xff, 0xff, //0x0000554c .long L0_5_set_868
	0xd0, 0xf6, 0xff, 0xff, //0x00005550 .long L0_5_set_868
	0xd0, 0xf6, 0xff, 0xff, //0x00005554 .long L0_5_set_868
	0xd0, 0xf6, 0xff, 0xff, //0x00005558 .long L0_5_set_868
	0xd0, 0xf6, 0xff, 0xff, //0x0000555c .long L0_5_set_868
	0xc9, 0xc5, 0xff, 0xff, //0x00005560 .long L0_5_set_197
	0xd0, 0xf6, 0xff, 0xff, //0x00005564 .long L0_5_set_868
	0xd0, 0xf6, 0xff, 0xff, //0x00005568 .long L0_5_set_868
	0xd0, 0xf6, 0xff, 0xff, //0x0000556c .long L0_5_set_868
	0xd0, 0xf6, 0xff, 0xff, //0x00005570 .long L0_5_set_868
	0xd0, 0xf6, 0xff, 0xff, //0x00005574 .long L0_5_set_868
	0xd0, 0xf6, 0xff, 0xff, //0x00005578 .long L0_5_set_868
	0xd0, 0xf6, 0xff, 0xff, //0x0000557c .long L0_5_set_868
	0xd0, 0xf6, 0xff, 0xff, //0x00005580 .long L0_5_set_868
	0xd0, 0xf6, 0xff, 0xff, //0x00005584 .long L0_5_set_868
	0xd0, 0xf6, 0xff, 0xff, //0x00005588 .long L0_5_set_868
	0xd0, 0xf6, 0xff, 0xff, //0x0000558c .long L0_5_set_868
	0xd0, 0xf6, 0xff, 0xff, //0x00005590 .long L0_5_set_868
	0xd0, 0xf6, 0xff, 0xff, //0x00005594 .long L0_5_set_868
	0xd0, 0xf6, 0xff, 0xff, //0x00005598 .long L0_5_set_868
	0xd0, 0xf6, 0xff, 0xff, //0x0000559c .long L0_5_set_868
	0xd0, 0xf6, 0xff, 0xff, //0x000055a0 .long L0_5_set_868
	0xd0, 0xf6, 0xff, 0xff, //0x000055a4 .long L0_5_set_868
	0xd0, 0xf6, 0xff, 0xff, //0x000055a8 .long L0_5_set_868
	0xd0, 0xf6, 0xff, 0xff, //0x000055ac .long L0_5_set_868
	0xd0, 0xf6, 0xff, 0xff, //0x000055b0 .long L0_5_set_868
	0xd0, 0xf6, 0xff, 0xff, //0x000055b4 .long L0_5_set_868
	0xd0, 0xf6, 0xff, 0xff, //0x000055b8 .long L0_5_set_868
	0xd0, 0xf6, 0xff, 0xff, //0x000055bc .long L0_5_set_868
	0xd0, 0xf6, 0xff, 0xff, //0x000055c0 .long L0_5_set_868
	0xd0, 0xf6, 0xff, 0xff, //0x000055c4 .long L0_5_set_868
	0xd0, 0xf6, 0xff, 0xff, //0x000055c8 .long L0_5_set_868
	0xd0, 0xf6, 0xff, 0xff, //0x000055cc .long L0_5_set_868
	0xd0, 0xf6, 0xff, 0xff, //0x000055d0 .long L0_5_set_868
	0xd0, 0xf6, 0xff, 0xff, //0x000055d4 .long L0_5_set_868
	0xd0, 0xf6, 0xff, 0xff, //0x000055d8 .long L0_5_set_868
	0xd0, 0xf6, 0xff, 0xff, //0x000055dc .long L0_5_set_868
	0xd0, 0xf6, 0xff, 0xff, //0x000055e0 .long L0_5_set_868
	0xd0, 0xf6, 0xff, 0xff, //0x000055e4 .long L0_5_set_868
	0xd0, 0xf6, 0xff, 0xff, //0x000055e8 .long L0_5_set_868
	0xd0, 0xf6, 0xff, 0xff, //0x000055ec .long L0_5_set_868
	0xd0, 0xf6, 0xff, 0xff, //0x000055f0 .long L0_5_set_868
	0xd0, 0xf6, 0xff, 0xff, //0x000055f4 .long L0_5_set_868
	0xd0, 0xf6, 0xff, 0xff, //0x000055f8 .long L0_5_set_868
	0xd0, 0xf6, 0xff, 0xff, //0x000055fc .long L0_5_set_868
	0xd0, 0xf6, 0xff, 0xff, //0x00005600 .long L0_5_set_868
	0xd0, 0xf6, 0xff, 0xff, //0x00005604 .long L0_5_set_868
	0xd0, 0xf6, 0xff, 0xff, //0x00005608 .long L0_5_set_868
	0xd0, 0xf6, 0xff, 0xff, //0x0000560c .long L0_5_set_868
	0xd0, 0xf6, 0xff, 0xff, //0x00005610 .long L0_5_set_868
	0xc9, 0xc5, 0xff, 0xff, //0x00005614 .long L0_5_set_197
	0xd0, 0xf6, 0xff, 0xff, //0x00005618 .long L0_5_set_868
	0xd0, 0xf6, 0xff, 0xff, //0x0000561c .long L0_5_set_868
	0xd0, 0xf6, 0xff, 0xff, //0x00005620 .long L0_5_set_868
	0xd0, 0xf6, 0xff, 0xff, //0x00005624 .long L0_5_set_868
	0xd0, 0xf6, 0xff, 0xff, //0x00005628 .long L0_5_set_868
	0xc9, 0xc5, 0xff, 0xff, //0x0000562c .long L0_5_set_197
	0xd0, 0xf6, 0xff, 0xff, //0x00005630 .long L0_5_set_868
	0xd0, 0xf6, 0xff, 0xff, //0x00005634 .long L0_5_set_868
	0xd0, 0xf6, 0xff, 0xff, //0x00005638 .long L0_5_set_868
	0xc9, 0xc5, 0xff, 0xff, //0x0000563c .long L0_5_set_197
	0xd0, 0xf6, 0xff, 0xff, //0x00005640 .long L0_5_set_868
	0xd0, 0xf6, 0xff, 0xff, //0x00005644 .long L0_5_set_868
	0xd0, 0xf6, 0xff, 0xff, //0x00005648 .long L0_5_set_868
	0xd0, 0xf6, 0xff, 0xff, //0x0000564c .long L0_5_set_868
	0xd0, 0xf6, 0xff, 0xff, //0x00005650 .long L0_5_set_868
	0xd0, 0xf6, 0xff, 0xff, //0x00005654 .long L0_5_set_868
	0xd0, 0xf6, 0xff, 0xff, //0x00005658 .long L0_5_set_868
	0xc9, 0xc5, 0xff, 0xff, //0x0000565c .long L0_5_set_197
	0xd0, 0xf6, 0xff, 0xff, //0x00005660 .long L0_5_set_868
	0xd0, 0xf6, 0xff, 0xff, //0x00005664 .long L0_5_set_868
	0xd0, 0xf6, 0xff, 0xff, //0x00005668 .long L0_5_set_868
	0xc9, 0xc5, 0xff, 0xff, //0x0000566c .long L0_5_set_197
	0xd0, 0xf6, 0xff, 0xff, //0x00005670 .long L0_5_set_868
	0xc9, 0xc5, 0xff, 0xff, //0x00005674 .long L0_5_set_197
	0xf0, 0xc5, 0xff, 0xff, //0x00005678 .long L0_5_set_200
	// // .set L0_6_set_706, LBB0_706-LJTI0_6
	// // .set L0_6_set_868, LBB0_868-LJTI0_6
	// // .set L0_6_set_685, LBB0_685-LJTI0_6
	//0x0000567c LJTI0_6
	0xdf, 0xee, 0xff, 0xff, //0x0000567c .long L0_6_set_706
	0x80, 0xf5, 0xff, 0xff, //0x00005680 .long L0_6_set_868
	0x80, 0xf5, 0xff, 0xff, //0x00005684 .long L0_6_set_868
	0x80, 0xf5, 0xff, 0xff, //0x00005688 .long L0_6_set_868
	0x80, 0xf5, 0xff, 0xff, //0x0000568c .long L0_6_set_868
	0x80, 0xf5, 0xff, 0xff, //0x00005690 .long L0_6_set_868
	0x80, 0xf5, 0xff, 0xff, //0x00005694 .long L0_6_set_868
	0x80, 0xf5, 0xff, 0xff, //0x00005698 .long L0_6_set_868
	0x80, 0xf5, 0xff, 0xff, //0x0000569c .long L0_6_set_868
	0x80, 0xf5, 0xff, 0xff, //0x000056a0 .long L0_6_set_868
	0x80, 0xf5, 0xff, 0xff, //0x000056a4 .long L0_6_set_868
	0x80, 0xf5, 0xff, 0xff, //0x000056a8 .long L0_6_set_868
	0x80, 0xf5, 0xff, 0xff, //0x000056ac .long L0_6_set_868
	0xdf, 0xee, 0xff, 0xff, //0x000056b0 .long L0_6_set_706
	0x80, 0xf5, 0xff, 0xff, //0x000056b4 .long L0_6_set_868
	0x80, 0xf5, 0xff, 0xff, //0x000056b8 .long L0_6_set_868
	0x80, 0xf5, 0xff, 0xff, //0x000056bc .long L0_6_set_868
	0x80, 0xf5, 0xff, 0xff, //0x000056c0 .long L0_6_set_868
	0x80, 0xf5, 0xff, 0xff, //0x000056c4 .long L0_6_set_868
	0x80, 0xf5, 0xff, 0xff, //0x000056c8 .long L0_6_set_868
	0x80, 0xf5, 0xff, 0xff, //0x000056cc .long L0_6_set_868
	0x80, 0xf5, 0xff, 0xff, //0x000056d0 .long L0_6_set_868
	0x80, 0xf5, 0xff, 0xff, //0x000056d4 .long L0_6_set_868
	0x80, 0xf5, 0xff, 0xff, //0x000056d8 .long L0_6_set_868
	0x80, 0xf5, 0xff, 0xff, //0x000056dc .long L0_6_set_868
	0x80, 0xf5, 0xff, 0xff, //0x000056e0 .long L0_6_set_868
	0x80, 0xf5, 0xff, 0xff, //0x000056e4 .long L0_6_set_868
	0x80, 0xf5, 0xff, 0xff, //0x000056e8 .long L0_6_set_868
	0x80, 0xf5, 0xff, 0xff, //0x000056ec .long L0_6_set_868
	0x80, 0xf5, 0xff, 0xff, //0x000056f0 .long L0_6_set_868
	0x80, 0xf5, 0xff, 0xff, //0x000056f4 .long L0_6_set_868
	0x80, 0xf5, 0xff, 0xff, //0x000056f8 .long L0_6_set_868
	0x80, 0xf5, 0xff, 0xff, //0x000056fc .long L0_6_set_868
	0x80, 0xf5, 0xff, 0xff, //0x00005700 .long L0_6_set_868
	0x80, 0xf5, 0xff, 0xff, //0x00005704 .long L0_6_set_868
	0x80, 0xf5, 0xff, 0xff, //0x00005708 .long L0_6_set_868
	0x80, 0xf5, 0xff, 0xff, //0x0000570c .long L0_6_set_868
	0x80, 0xf5, 0xff, 0xff, //0x00005710 .long L0_6_set_868
	0x80, 0xf5, 0xff, 0xff, //0x00005714 .long L0_6_set_868
	0x80, 0xf5, 0xff, 0xff, //0x00005718 .long L0_6_set_868
	0x80, 0xf5, 0xff, 0xff, //0x0000571c .long L0_6_set_868
	0x80, 0xf5, 0xff, 0xff, //0x00005720 .long L0_6_set_868
	0x80, 0xf5, 0xff, 0xff, //0x00005724 .long L0_6_set_868
	0x80, 0xf5, 0xff, 0xff, //0x00005728 .long L0_6_set_868
	0x80, 0xf5, 0xff, 0xff, //0x0000572c .long L0_6_set_868
	0x80, 0xf5, 0xff, 0xff, //0x00005730 .long L0_6_set_868
	0x80, 0xf5, 0xff, 0xff, //0x00005734 .long L0_6_set_868
	0x80, 0xf5, 0xff, 0xff, //0x00005738 .long L0_6_set_868
	0x80, 0xf5, 0xff, 0xff, //0x0000573c .long L0_6_set_868
	0x80, 0xf5, 0xff, 0xff, //0x00005740 .long L0_6_set_868
	0x80, 0xf5, 0xff, 0xff, //0x00005744 .long L0_6_set_868
	0x80, 0xf5, 0xff, 0xff, //0x00005748 .long L0_6_set_868
	0x80, 0xf5, 0xff, 0xff, //0x0000574c .long L0_6_set_868
	0x80, 0xf5, 0xff, 0xff, //0x00005750 .long L0_6_set_868
	0x80, 0xf5, 0xff, 0xff, //0x00005754 .long L0_6_set_868
	0x80, 0xf5, 0xff, 0xff, //0x00005758 .long L0_6_set_868
	0x80, 0xf5, 0xff, 0xff, //0x0000575c .long L0_6_set_868
	0x80, 0xf5, 0xff, 0xff, //0x00005760 .long L0_6_set_868
	0xdf, 0xee, 0xff, 0xff, //0x00005764 .long L0_6_set_706
	0x80, 0xf5, 0xff, 0xff, //0x00005768 .long L0_6_set_868
	0x80, 0xf5, 0xff, 0xff, //0x0000576c .long L0_6_set_868
	0x80, 0xf5, 0xff, 0xff, //0x00005770 .long L0_6_set_868
	0x80, 0xf5, 0xff, 0xff, //0x00005774 .long L0_6_set_868
	0x80, 0xf5, 0xff, 0xff, //0x00005778 .long L0_6_set_868
	0xdf, 0xee, 0xff, 0xff, //0x0000577c .long L0_6_set_706
	0x80, 0xf5, 0xff, 0xff, //0x00005780 .long L0_6_set_868
	0x80, 0xf5, 0xff, 0xff, //0x00005784 .long L0_6_set_868
	0x80, 0xf5, 0xff, 0xff, //0x00005788 .long L0_6_set_868
	0xdf, 0xee, 0xff, 0xff, //0x0000578c .long L0_6_set_706
	0x80, 0xf5, 0xff, 0xff, //0x00005790 .long L0_6_set_868
	0x80, 0xf5, 0xff, 0xff, //0x00005794 .long L0_6_set_868
	0x80, 0xf5, 0xff, 0xff, //0x00005798 .long L0_6_set_868
	0x80, 0xf5, 0xff, 0xff, //0x0000579c .long L0_6_set_868
	0x80, 0xf5, 0xff, 0xff, //0x000057a0 .long L0_6_set_868
	0x80, 0xf5, 0xff, 0xff, //0x000057a4 .long L0_6_set_868
	0x80, 0xf5, 0xff, 0xff, //0x000057a8 .long L0_6_set_868
	0xdf, 0xee, 0xff, 0xff, //0x000057ac .long L0_6_set_706
	0x80, 0xf5, 0xff, 0xff, //0x000057b0 .long L0_6_set_868
	0x80, 0xf5, 0xff, 0xff, //0x000057b4 .long L0_6_set_868
	0x80, 0xf5, 0xff, 0xff, //0x000057b8 .long L0_6_set_868
	0xdf, 0xee, 0xff, 0xff, //0x000057bc .long L0_6_set_706
	0x80, 0xf5, 0xff, 0xff, //0x000057c0 .long L0_6_set_868
	0xdf, 0xee, 0xff, 0xff, //0x000057c4 .long L0_6_set_706
	0x3f, 0xec, 0xff, 0xff, //0x000057c8 .long L0_6_set_685
	// // .set L0_7_set_539, LBB0_539-LJTI0_7
	// // .set L0_7_set_926, LBB0_926-LJTI0_7
	// // .set L0_7_set_542, LBB0_542-LJTI0_7
	//0x000057cc LJTI0_7
	0xbb, 0xde, 0xff, 0xff, //0x000057cc .long L0_7_set_539
	0x31, 0xf7, 0xff, 0xff, //0x000057d0 .long L0_7_set_926
	0x31, 0xf7, 0xff, 0xff, //0x000057d4 .long L0_7_set_926
	0x31, 0xf7, 0xff, 0xff, //0x000057d8 .long L0_7_set_926
	0x31, 0xf7, 0xff, 0xff, //0x000057dc .long L0_7_set_926
	0x31, 0xf7, 0xff, 0xff, //0x000057e0 .long L0_7_set_926
	0x31, 0xf7, 0xff, 0xff, //0x000057e4 .long L0_7_set_926
	0x31, 0xf7, 0xff, 0xff, //0x000057e8 .long L0_7_set_926
	0x31, 0xf7, 0xff, 0xff, //0x000057ec .long L0_7_set_926
	0x31, 0xf7, 0xff, 0xff, //0x000057f0 .long L0_7_set_926
	0x31, 0xf7, 0xff, 0xff, //0x000057f4 .long L0_7_set_926
	0x31, 0xf7, 0xff, 0xff, //0x000057f8 .long L0_7_set_926
	0x31, 0xf7, 0xff, 0xff, //0x000057fc .long L0_7_set_926
	0xbb, 0xde, 0xff, 0xff, //0x00005800 .long L0_7_set_539
	0x31, 0xf7, 0xff, 0xff, //0x00005804 .long L0_7_set_926
	0x31, 0xf7, 0xff, 0xff, //0x00005808 .long L0_7_set_926
	0x31, 0xf7, 0xff, 0xff, //0x0000580c .long L0_7_set_926
	0x31, 0xf7, 0xff, 0xff, //0x00005810 .long L0_7_set_926
	0x31, 0xf7, 0xff, 0xff, //0x00005814 .long L0_7_set_926
	0x31, 0xf7, 0xff, 0xff, //0x00005818 .long L0_7_set_926
	0x31, 0xf7, 0xff, 0xff, //0x0000581c .long L0_7_set_926
	0x31, 0xf7, 0xff, 0xff, //0x00005820 .long L0_7_set_926
	0x31, 0xf7, 0xff, 0xff, //0x00005824 .long L0_7_set_926
	0x31, 0xf7, 0xff, 0xff, //0x00005828 .long L0_7_set_926
	0x31, 0xf7, 0xff, 0xff, //0x0000582c .long L0_7_set_926
	0x31, 0xf7, 0xff, 0xff, //0x00005830 .long L0_7_set_926
	0x31, 0xf7, 0xff, 0xff, //0x00005834 .long L0_7_set_926
	0x31, 0xf7, 0xff, 0xff, //0x00005838 .long L0_7_set_926
	0x31, 0xf7, 0xff, 0xff, //0x0000583c .long L0_7_set_926
	0x31, 0xf7, 0xff, 0xff, //0x00005840 .long L0_7_set_926
	0x31, 0xf7, 0xff, 0xff, //0x00005844 .long L0_7_set_926
	0x31, 0xf7, 0xff, 0xff, //0x00005848 .long L0_7_set_926
	0x31, 0xf7, 0xff, 0xff, //0x0000584c .long L0_7_set_926
	0x31, 0xf7, 0xff, 0xff, //0x00005850 .long L0_7_set_926
	0x31, 0xf7, 0xff, 0xff, //0x00005854 .long L0_7_set_926
	0x31, 0xf7, 0xff, 0xff, //0x00005858 .long L0_7_set_926
	0x31, 0xf7, 0xff, 0xff, //0x0000585c .long L0_7_set_926
	0x31, 0xf7, 0xff, 0xff, //0x00005860 .long L0_7_set_926
	0x31, 0xf7, 0xff, 0xff, //0x00005864 .long L0_7_set_926
	0x31, 0xf7, 0xff, 0xff, //0x00005868 .long L0_7_set_926
	0x31, 0xf7, 0xff, 0xff, //0x0000586c .long L0_7_set_926
	0x31, 0xf7, 0xff, 0xff, //0x00005870 .long L0_7_set_926
	0x31, 0xf7, 0xff, 0xff, //0x00005874 .long L0_7_set_926
	0x31, 0xf7, 0xff, 0xff, //0x00005878 .long L0_7_set_926
	0x31, 0xf7, 0xff, 0xff, //0x0000587c .long L0_7_set_926
	0x31, 0xf7, 0xff, 0xff, //0x00005880 .long L0_7_set_926
	0x31, 0xf7, 0xff, 0xff, //0x00005884 .long L0_7_set_926
	0x31, 0xf7, 0xff, 0xff, //0x00005888 .long L0_7_set_926
	0x31, 0xf7, 0xff, 0xff, //0x0000588c .long L0_7_set_926
	0x31, 0xf7, 0xff, 0xff, //0x00005890 .long L0_7_set_926
	0x31, 0xf7, 0xff, 0xff, //0x00005894 .long L0_7_set_926
	0x31, 0xf7, 0xff, 0xff, //0x00005898 .long L0_7_set_926
	0x31, 0xf7, 0xff, 0xff, //0x0000589c .long L0_7_set_926
	0x31, 0xf7, 0xff, 0xff, //0x000058a0 .long L0_7_set_926
	0x31, 0xf7, 0xff, 0xff, //0x000058a4 .long L0_7_set_926
	0x31, 0xf7, 0xff, 0xff, //0x000058a8 .long L0_7_set_926
	0x31, 0xf7, 0xff, 0xff, //0x000058ac .long L0_7_set_926
	0x31, 0xf7, 0xff, 0xff, //0x000058b0 .long L0_7_set_926
	0xbb, 0xde, 0xff, 0xff, //0x000058b4 .long L0_7_set_539
	0x31, 0xf7, 0xff, 0xff, //0x000058b8 .long L0_7_set_926
	0x31, 0xf7, 0xff, 0xff, //0x000058bc .long L0_7_set_926
	0x31, 0xf7, 0xff, 0xff, //0x000058c0 .long L0_7_set_926
	0x31, 0xf7, 0xff, 0xff, //0x000058c4 .long L0_7_set_926
	0x31, 0xf7, 0xff, 0xff, //0x000058c8 .long L0_7_set_926
	0xbb, 0xde, 0xff, 0xff, //0x000058cc .long L0_7_set_539
	0x31, 0xf7, 0xff, 0xff, //0x000058d0 .long L0_7_set_926
	0x31, 0xf7, 0xff, 0xff, //0x000058d4 .long L0_7_set_926
	0x31, 0xf7, 0xff, 0xff, //0x000058d8 .long L0_7_set_926
	0xbb, 0xde, 0xff, 0xff, //0x000058dc .long L0_7_set_539
	0x31, 0xf7, 0xff, 0xff, //0x000058e0 .long L0_7_set_926
	0x31, 0xf7, 0xff, 0xff, //0x000058e4 .long L0_7_set_926
	0x31, 0xf7, 0xff, 0xff, //0x000058e8 .long L0_7_set_926
	0x31, 0xf7, 0xff, 0xff, //0x000058ec .long L0_7_set_926
	0x31, 0xf7, 0xff, 0xff, //0x000058f0 .long L0_7_set_926
	0x31, 0xf7, 0xff, 0xff, //0x000058f4 .long L0_7_set_926
	0x31, 0xf7, 0xff, 0xff, //0x000058f8 .long L0_7_set_926
	0xbb, 0xde, 0xff, 0xff, //0x000058fc .long L0_7_set_539
	0x31, 0xf7, 0xff, 0xff, //0x00005900 .long L0_7_set_926
	0x31, 0xf7, 0xff, 0xff, //0x00005904 .long L0_7_set_926
	0x31, 0xf7, 0xff, 0xff, //0x00005908 .long L0_7_set_926
	0xbb, 0xde, 0xff, 0xff, //0x0000590c .long L0_7_set_539
	0x31, 0xf7, 0xff, 0xff, //0x00005910 .long L0_7_set_926
	0xbb, 0xde, 0xff, 0xff, //0x00005914 .long L0_7_set_539
	0xf9, 0xde, 0xff, 0xff, //0x00005918 .long L0_7_set_542
	// // .set L0_8_set_907, LBB0_907-LJTI0_8
	// // .set L0_8_set_906, LBB0_906-LJTI0_8
	// // .set L0_8_set_295, LBB0_295-LJTI0_8
	// // .set L0_8_set_312, LBB0_312-LJTI0_8
	// // .set L0_8_set_100, LBB0_100-LJTI0_8
	// // .set L0_8_set_293, LBB0_293-LJTI0_8
	// // .set L0_8_set_290, LBB0_290-LJTI0_8
	// // .set L0_8_set_368, LBB0_368-LJTI0_8
	// // .set L0_8_set_376, LBB0_376-LJTI0_8
	// // .set L0_8_set_374, LBB0_374-LJTI0_8
	//0x0000591c LJTI0_8
	0x7c, 0xf2, 0xff, 0xff, //0x0000591c .long L0_8_set_907
	0x75, 0xf2, 0xff, 0xff, //0x00005920 .long L0_8_set_906
	0x75, 0xf2, 0xff, 0xff, //0x00005924 .long L0_8_set_906
	0x75, 0xf2, 0xff, 0xff, //0x00005928 .long L0_8_set_906
	0x75, 0xf2, 0xff, 0xff, //0x0000592c .long L0_8_set_906
	0x75, 0xf2, 0xff, 0xff, //0x00005930 .long L0_8_set_906
	0x75, 0xf2, 0xff, 0xff, //0x00005934 .long L0_8_set_906
	0x75, 0xf2, 0xff, 0xff, //0x00005938 .long L0_8_set_906
	0x75, 0xf2, 0xff, 0xff, //0x0000593c .long L0_8_set_906
	0x75, 0xf2, 0xff, 0xff, //0x00005940 .long L0_8_set_906
	0x75, 0xf2, 0xff, 0xff, //0x00005944 .long L0_8_set_906
	0x75, 0xf2, 0xff, 0xff, //0x00005948 .long L0_8_set_906
	0x75, 0xf2, 0xff, 0xff, //0x0000594c .long L0_8_set_906
	0x75, 0xf2, 0xff, 0xff, //0x00005950 .long L0_8_set_906
	0x75, 0xf2, 0xff, 0xff, //0x00005954 .long L0_8_set_906
	0x75, 0xf2, 0xff, 0xff, //0x00005958 .long L0_8_set_906
	0x75, 0xf2, 0xff, 0xff, //0x0000595c .long L0_8_set_906
	0x75, 0xf2, 0xff, 0xff, //0x00005960 .long L0_8_set_906
	0x75, 0xf2, 0xff, 0xff, //0x00005964 .long L0_8_set_906
	0x75, 0xf2, 0xff, 0xff, //0x00005968 .long L0_8_set_906
	0x75, 0xf2, 0xff, 0xff, //0x0000596c .long L0_8_set_906
	0x75, 0xf2, 0xff, 0xff, //0x00005970 .long L0_8_set_906
	0x75, 0xf2, 0xff, 0xff, //0x00005974 .long L0_8_set_906
	0x75, 0xf2, 0xff, 0xff, //0x00005978 .long L0_8_set_906
	0x75, 0xf2, 0xff, 0xff, //0x0000597c .long L0_8_set_906
	0x75, 0xf2, 0xff, 0xff, //0x00005980 .long L0_8_set_906
	0x75, 0xf2, 0xff, 0xff, //0x00005984 .long L0_8_set_906
	0x75, 0xf2, 0xff, 0xff, //0x00005988 .long L0_8_set_906
	0x75, 0xf2, 0xff, 0xff, //0x0000598c .long L0_8_set_906
	0x75, 0xf2, 0xff, 0xff, //0x00005990 .long L0_8_set_906
	0x75, 0xf2, 0xff, 0xff, //0x00005994 .long L0_8_set_906
	0x75, 0xf2, 0xff, 0xff, //0x00005998 .long L0_8_set_906
	0x75, 0xf2, 0xff, 0xff, //0x0000599c .long L0_8_set_906
	0x75, 0xf2, 0xff, 0xff, //0x000059a0 .long L0_8_set_906
	0xd1, 0xca, 0xff, 0xff, //0x000059a4 .long L0_8_set_295
	0x75, 0xf2, 0xff, 0xff, //0x000059a8 .long L0_8_set_906
	0x75, 0xf2, 0xff, 0xff, //0x000059ac .long L0_8_set_906
	0x75, 0xf2, 0xff, 0xff, //0x000059b0 .long L0_8_set_906
	0x75, 0xf2, 0xff, 0xff, //0x000059b4 .long L0_8_set_906
	0x75, 0xf2, 0xff, 0xff, //0x000059b8 .long L0_8_set_906
	0x75, 0xf2, 0xff, 0xff, //0x000059bc .long L0_8_set_906
	0x75, 0xf2, 0xff, 0xff, //0x000059c0 .long L0_8_set_906
	0x75, 0xf2, 0xff, 0xff, //0x000059c4 .long L0_8_set_906
	0x75, 0xf2, 0xff, 0xff, //0x000059c8 .long L0_8_set_906
	0x75, 0xf2, 0xff, 0xff, //0x000059cc .long L0_8_set_906
	0x15, 0xcc, 0xff, 0xff, //0x000059d0 .long L0_8_set_312
	0x75, 0xf2, 0xff, 0xff, //0x000059d4 .long L0_8_set_906
	0x75, 0xf2, 0xff, 0xff, //0x000059d8 .long L0_8_set_906
	0x9b, 0xba, 0xff, 0xff, //0x000059dc .long L0_8_set_100
	0x9b, 0xba, 0xff, 0xff, //0x000059e0 .long L0_8_set_100
	0x9b, 0xba, 0xff, 0xff, //0x000059e4 .long L0_8_set_100
	0x9b, 0xba, 0xff, 0xff, //0x000059e8 .long L0_8_set_100
	0x9b, 0xba, 0xff, 0xff, //0x000059ec .long L0_8_set_100
	0x9b, 0xba, 0xff, 0xff, //0x000059f0 .long L0_8_set_100
	0x9b, 0xba, 0xff, 0xff, //0x000059f4 .long L0_8_set_100
	0x9b, 0xba, 0xff, 0xff, //0x000059f8 .long L0_8_set_100
	0x9b, 0xba, 0xff, 0xff, //0x000059fc .long L0_8_set_100
	0x9b, 0xba, 0xff, 0xff, //0x00005a00 .long L0_8_set_100
	0x75, 0xf2, 0xff, 0xff, //0x00005a04 .long L0_8_set_906
	0x75, 0xf2, 0xff, 0xff, //0x00005a08 .long L0_8_set_906
	0x75, 0xf2, 0xff, 0xff, //0x00005a0c .long L0_8_set_906
	0x75, 0xf2, 0xff, 0xff, //0x00005a10 .long L0_8_set_906
	0x75, 0xf2, 0xff, 0xff, //0x00005a14 .long L0_8_set_906
	0x75, 0xf2, 0xff, 0xff, //0x00005a18 .long L0_8_set_906
	0x75, 0xf2, 0xff, 0xff, //0x00005a1c .long L0_8_set_906
	0x75, 0xf2, 0xff, 0xff, //0x00005a20 .long L0_8_set_906
	0x75, 0xf2, 0xff, 0xff, //0x00005a24 .long L0_8_set_906
	0x75, 0xf2, 0xff, 0xff, //0x00005a28 .long L0_8_set_906
	0x75, 0xf2, 0xff, 0xff, //0x00005a2c .long L0_8_set_906
	0x75, 0xf2, 0xff, 0xff, //0x00005a30 .long L0_8_set_906
	0x75, 0xf2, 0xff, 0xff, //0x00005a34 .long L0_8_set_906
	0x75, 0xf2, 0xff, 0xff, //0x00005a38 .long L0_8_set_906
	0x75, 0xf2, 0xff, 0xff, //0x00005a3c .long L0_8_set_906
	0x75, 0xf2, 0xff, 0xff, //0x00005a40 .long L0_8_set_906
	0x75, 0xf2, 0xff, 0xff, //0x00005a44 .long L0_8_set_906
	0x75, 0xf2, 0xff, 0xff, //0x00005a48 .long L0_8_set_906
	0x75, 0xf2, 0xff, 0xff, //0x00005a4c .long L0_8_set_906
	0x75, 0xf2, 0xff, 0xff, //0x00005a50 .long L0_8_set_906
	0x75, 0xf2, 0xff, 0xff, //0x00005a54 .long L0_8_set_906
	0x75, 0xf2, 0xff, 0xff, //0x00005a58 .long L0_8_set_906
	0x75, 0xf2, 0xff, 0xff, //0x00005a5c .long L0_8_set_906
	0x75, 0xf2, 0xff, 0xff, //0x00005a60 .long L0_8_set_906
	0x75, 0xf2, 0xff, 0xff, //0x00005a64 .long L0_8_set_906
	0x75, 0xf2, 0xff, 0xff, //0x00005a68 .long L0_8_set_906
	0x75, 0xf2, 0xff, 0xff, //0x00005a6c .long L0_8_set_906
	0x75, 0xf2, 0xff, 0xff, //0x00005a70 .long L0_8_set_906
	0x75, 0xf2, 0xff, 0xff, //0x00005a74 .long L0_8_set_906
	0x75, 0xf2, 0xff, 0xff, //0x00005a78 .long L0_8_set_906
	0x75, 0xf2, 0xff, 0xff, //0x00005a7c .long L0_8_set_906
	0x75, 0xf2, 0xff, 0xff, //0x00005a80 .long L0_8_set_906
	0x75, 0xf2, 0xff, 0xff, //0x00005a84 .long L0_8_set_906
	0xad, 0xca, 0xff, 0xff, //0x00005a88 .long L0_8_set_293
	0x75, 0xf2, 0xff, 0xff, //0x00005a8c .long L0_8_set_906
	0x75, 0xf2, 0xff, 0xff, //0x00005a90 .long L0_8_set_906
	0x75, 0xf2, 0xff, 0xff, //0x00005a94 .long L0_8_set_906
	0x75, 0xf2, 0xff, 0xff, //0x00005a98 .long L0_8_set_906
	0x75, 0xf2, 0xff, 0xff, //0x00005a9c .long L0_8_set_906
	0x75, 0xf2, 0xff, 0xff, //0x00005aa0 .long L0_8_set_906
	0x75, 0xf2, 0xff, 0xff, //0x00005aa4 .long L0_8_set_906
	0x75, 0xf2, 0xff, 0xff, //0x00005aa8 .long L0_8_set_906
	0x75, 0xf2, 0xff, 0xff, //0x00005aac .long L0_8_set_906
	0x75, 0xf2, 0xff, 0xff, //0x00005ab0 .long L0_8_set_906
	0x83, 0xca, 0xff, 0xff, //0x00005ab4 .long L0_8_set_290
	0x75, 0xf2, 0xff, 0xff, //0x00005ab8 .long L0_8_set_906
	0x75, 0xf2, 0xff, 0xff, //0x00005abc .long L0_8_set_906
	0x75, 0xf2, 0xff, 0xff, //0x00005ac0 .long L0_8_set_906
	0x75, 0xf2, 0xff, 0xff, //0x00005ac4 .long L0_8_set_906
	0x75, 0xf2, 0xff, 0xff, //0x00005ac8 .long L0_8_set_906
	0x75, 0xf2, 0xff, 0xff, //0x00005acc .long L0_8_set_906
	0x75, 0xf2, 0xff, 0xff, //0x00005ad0 .long L0_8_set_906
	0xac, 0xcf, 0xff, 0xff, //0x00005ad4 .long L0_8_set_368
	0x75, 0xf2, 0xff, 0xff, //0x00005ad8 .long L0_8_set_906
	0x75, 0xf2, 0xff, 0xff, //0x00005adc .long L0_8_set_906
	0x75, 0xf2, 0xff, 0xff, //0x00005ae0 .long L0_8_set_906
	0x75, 0xf2, 0xff, 0xff, //0x00005ae4 .long L0_8_set_906
	0x75, 0xf2, 0xff, 0xff, //0x00005ae8 .long L0_8_set_906
	0xf7, 0xcf, 0xff, 0xff, //0x00005aec .long L0_8_set_376
	0x75, 0xf2, 0xff, 0xff, //0x00005af0 .long L0_8_set_906
	0x75, 0xf2, 0xff, 0xff, //0x00005af4 .long L0_8_set_906
	0x75, 0xf2, 0xff, 0xff, //0x00005af8 .long L0_8_set_906
	0x75, 0xf2, 0xff, 0xff, //0x00005afc .long L0_8_set_906
	0x75, 0xf2, 0xff, 0xff, //0x00005b00 .long L0_8_set_906
	0x75, 0xf2, 0xff, 0xff, //0x00005b04 .long L0_8_set_906
	0xd3, 0xcf, 0xff, 0xff, //0x00005b08 .long L0_8_set_374
	// // .set L0_9_set_416, LBB0_416-LJTI0_9
	// // .set L0_9_set_898, LBB0_898-LJTI0_9
	// // .set L0_9_set_399, LBB0_399-LJTI0_9
	//0x00005b0c LJTI0_9
	0x22, 0xd2, 0xff, 0xff, //0x00005b0c .long L0_9_set_416
	0xa3, 0xf2, 0xff, 0xff, //0x00005b10 .long L0_9_set_898
	0xa3, 0xf2, 0xff, 0xff, //0x00005b14 .long L0_9_set_898
	0xa3, 0xf2, 0xff, 0xff, //0x00005b18 .long L0_9_set_898
	0xa3, 0xf2, 0xff, 0xff, //0x00005b1c .long L0_9_set_898
	0xa3, 0xf2, 0xff, 0xff, //0x00005b20 .long L0_9_set_898
	0xa3, 0xf2, 0xff, 0xff, //0x00005b24 .long L0_9_set_898
	0xa3, 0xf2, 0xff, 0xff, //0x00005b28 .long L0_9_set_898
	0xa3, 0xf2, 0xff, 0xff, //0x00005b2c .long L0_9_set_898
	0xa3, 0xf2, 0xff, 0xff, //0x00005b30 .long L0_9_set_898
	0xa3, 0xf2, 0xff, 0xff, //0x00005b34 .long L0_9_set_898
	0xa3, 0xf2, 0xff, 0xff, //0x00005b38 .long L0_9_set_898
	0xa3, 0xf2, 0xff, 0xff, //0x00005b3c .long L0_9_set_898
	0x22, 0xd2, 0xff, 0xff, //0x00005b40 .long L0_9_set_416
	0xa3, 0xf2, 0xff, 0xff, //0x00005b44 .long L0_9_set_898
	0xa3, 0xf2, 0xff, 0xff, //0x00005b48 .long L0_9_set_898
	0xa3, 0xf2, 0xff, 0xff, //0x00005b4c .long L0_9_set_898
	0xa3, 0xf2, 0xff, 0xff, //0x00005b50 .long L0_9_set_898
	0xa3, 0xf2, 0xff, 0xff, //0x00005b54 .long L0_9_set_898
	0xa3, 0xf2, 0xff, 0xff, //0x00005b58 .long L0_9_set_898
	0xa3, 0xf2, 0xff, 0xff, //0x00005b5c .long L0_9_set_898
	0xa3, 0xf2, 0xff, 0xff, //0x00005b60 .long L0_9_set_898
	0xa3, 0xf2, 0xff, 0xff, //0x00005b64 .long L0_9_set_898
	0xa3, 0xf2, 0xff, 0xff, //0x00005b68 .long L0_9_set_898
	0xa3, 0xf2, 0xff, 0xff, //0x00005b6c .long L0_9_set_898
	0xa3, 0xf2, 0xff, 0xff, //0x00005b70 .long L0_9_set_898
	0xa3, 0xf2, 0xff, 0xff, //0x00005b74 .long L0_9_set_898
	0xa3, 0xf2, 0xff, 0xff, //0x00005b78 .long L0_9_set_898
	0xa3, 0xf2, 0xff, 0xff, //0x00005b7c .long L0_9_set_898
	0xa3, 0xf2, 0xff, 0xff, //0x00005b80 .long L0_9_set_898
	0xa3, 0xf2, 0xff, 0xff, //0x00005b84 .long L0_9_set_898
	0xa3, 0xf2, 0xff, 0xff, //0x00005b88 .long L0_9_set_898
	0xa3, 0xf2, 0xff, 0xff, //0x00005b8c .long L0_9_set_898
	0xa3, 0xf2, 0xff, 0xff, //0x00005b90 .long L0_9_set_898
	0xa3, 0xf2, 0xff, 0xff, //0x00005b94 .long L0_9_set_898
	0xa3, 0xf2, 0xff, 0xff, //0x00005b98 .long L0_9_set_898
	0xa3, 0xf2, 0xff, 0xff, //0x00005b9c .long L0_9_set_898
	0xa3, 0xf2, 0xff, 0xff, //0x00005ba0 .long L0_9_set_898
	0xa3, 0xf2, 0xff, 0xff, //0x00005ba4 .long L0_9_set_898
	0xa3, 0xf2, 0xff, 0xff, //0x00005ba8 .long L0_9_set_898
	0xa3, 0xf2, 0xff, 0xff, //0x00005bac .long L0_9_set_898
	0xa3, 0xf2, 0xff, 0xff, //0x00005bb0 .long L0_9_set_898
	0xa3, 0xf2, 0xff, 0xff, //0x00005bb4 .long L0_9_set_898
	0xa3, 0xf2, 0xff, 0xff, //0x00005bb8 .long L0_9_set_898
	0xa3, 0xf2, 0xff, 0xff, //0x00005bbc .long L0_9_set_898
	0xa3, 0xf2, 0xff, 0xff, //0x00005bc0 .long L0_9_set_898
	0xa3, 0xf2, 0xff, 0xff, //0x00005bc4 .long L0_9_set_898
	0xa3, 0xf2, 0xff, 0xff, //0x00005bc8 .long L0_9_set_898
	0xa3, 0xf2, 0xff, 0xff, //0x00005bcc .long L0_9_set_898
	0xa3, 0xf2, 0xff, 0xff, //0x00005bd0 .long L0_9_set_898
	0xa3, 0xf2, 0xff, 0xff, //0x00005bd4 .long L0_9_set_898
	0xa3, 0xf2, 0xff, 0xff, //0x00005bd8 .long L0_9_set_898
	0xa3, 0xf2, 0xff, 0xff, //0x00005bdc .long L0_9_set_898
	0xa3, 0xf2, 0xff, 0xff, //0x00005be0 .long L0_9_set_898
	0xa3, 0xf2, 0xff, 0xff, //0x00005be4 .long L0_9_set_898
	0xa3, 0xf2, 0xff, 0xff, //0x00005be8 .long L0_9_set_898
	0xa3, 0xf2, 0xff, 0xff, //0x00005bec .long L0_9_set_898
	0xa3, 0xf2, 0xff, 0xff, //0x00005bf0 .long L0_9_set_898
	0x22, 0xd2, 0xff, 0xff, //0x00005bf4 .long L0_9_set_416
	0xa3, 0xf2, 0xff, 0xff, //0x00005bf8 .long L0_9_set_898
	0xa3, 0xf2, 0xff, 0xff, //0x00005bfc .long L0_9_set_898
	0xa3, 0xf2, 0xff, 0xff, //0x00005c00 .long L0_9_set_898
	0xa3, 0xf2, 0xff, 0xff, //0x00005c04 .long L0_9_set_898
	0xa3, 0xf2, 0xff, 0xff, //0x00005c08 .long L0_9_set_898
	0x22, 0xd2, 0xff, 0xff, //0x00005c0c .long L0_9_set_416
	0xa3, 0xf2, 0xff, 0xff, //0x00005c10 .long L0_9_set_898
	0xa3, 0xf2, 0xff, 0xff, //0x00005c14 .long L0_9_set_898
	0xa3, 0xf2, 0xff, 0xff, //0x00005c18 .long L0_9_set_898
	0x22, 0xd2, 0xff, 0xff, //0x00005c1c .long L0_9_set_416
	0xa3, 0xf2, 0xff, 0xff, //0x00005c20 .long L0_9_set_898
	0xa3, 0xf2, 0xff, 0xff, //0x00005c24 .long L0_9_set_898
	0xa3, 0xf2, 0xff, 0xff, //0x00005c28 .long L0_9_set_898
	0xa3, 0xf2, 0xff, 0xff, //0x00005c2c .long L0_9_set_898
	0xa3, 0xf2, 0xff, 0xff, //0x00005c30 .long L0_9_set_898
	0xa3, 0xf2, 0xff, 0xff, //0x00005c34 .long L0_9_set_898
	0xa3, 0xf2, 0xff, 0xff, //0x00005c38 .long L0_9_set_898
	0x22, 0xd2, 0xff, 0xff, //0x00005c3c .long L0_9_set_416
	0xa3, 0xf2, 0xff, 0xff, //0x00005c40 .long L0_9_set_898
	0xa3, 0xf2, 0xff, 0xff, //0x00005c44 .long L0_9_set_898
	0xa3, 0xf2, 0xff, 0xff, //0x00005c48 .long L0_9_set_898
	0x22, 0xd2, 0xff, 0xff, //0x00005c4c .long L0_9_set_416
	0xa3, 0xf2, 0xff, 0xff, //0x00005c50 .long L0_9_set_898
	0x22, 0xd2, 0xff, 0xff, //0x00005c54 .long L0_9_set_416
	0xba, 0xcf, 0xff, 0xff, //0x00005c58 .long L0_9_set_399
	// // .set L0_10_set_758, LBB0_758-LJTI0_10
	// // .set L0_10_set_898, LBB0_898-LJTI0_10
	// // .set L0_10_set_737, LBB0_737-LJTI0_10
	//0x00005c5c LJTI0_10
	0x8d, 0xee, 0xff, 0xff, //0x00005c5c .long L0_10_set_758
	0x53, 0xf1, 0xff, 0xff, //0x00005c60 .long L0_10_set_898
	0x53, 0xf1, 0xff, 0xff, //0x00005c64 .long L0_10_set_898
	0x53, 0xf1, 0xff, 0xff, //0x00005c68 .long L0_10_set_898
	0x53, 0xf1, 0xff, 0xff, //0x00005c6c .long L0_10_set_898
	0x53, 0xf1, 0xff, 0xff, //0x00005c70 .long L0_10_set_898
	0x53, 0xf1, 0xff, 0xff, //0x00005c74 .long L0_10_set_898
	0x53, 0xf1, 0xff, 0xff, //0x00005c78 .long L0_10_set_898
	0x53, 0xf1, 0xff, 0xff, //0x00005c7c .long L0_10_set_898
	0x53, 0xf1, 0xff, 0xff, //0x00005c80 .long L0_10_set_898
	0x53, 0xf1, 0xff, 0xff, //0x00005c84 .long L0_10_set_898
	0x53, 0xf1, 0xff, 0xff, //0x00005c88 .long L0_10_set_898
	0x53, 0xf1, 0xff, 0xff, //0x00005c8c .long L0_10_set_898
	0x8d, 0xee, 0xff, 0xff, //0x00005c90 .long L0_10_set_758
	0x53, 0xf1, 0xff, 0xff, //0x00005c94 .long L0_10_set_898
	0x53, 0xf1, 0xff, 0xff, //0x00005c98 .long L0_10_set_898
	0x53, 0xf1, 0xff, 0xff, //0x00005c9c .long L0_10_set_898
	0x53, 0xf1, 0xff, 0xff, //0x00005ca0 .long L0_10_set_898
	0x53, 0xf1, 0xff, 0xff, //0x00005ca4 .long L0_10_set_898
	0x53, 0xf1, 0xff, 0xff, //0x00005ca8 .long L0_10_set_898
	0x53, 0xf1, 0xff, 0xff, //0x00005cac .long L0_10_set_898
	0x53, 0xf1, 0xff, 0xff, //0x00005cb0 .long L0_10_set_898
	0x53, 0xf1, 0xff, 0xff, //0x00005cb4 .long L0_10_set_898
	0x53, 0xf1, 0xff, 0xff, //0x00005cb8 .long L0_10_set_898
	0x53, 0xf1, 0xff, 0xff, //0x00005cbc .long L0_10_set_898
	0x53, 0xf1, 0xff, 0xff, //0x00005cc0 .long L0_10_set_898
	0x53, 0xf1, 0xff, 0xff, //0x00005cc4 .long L0_10_set_898
	0x53, 0xf1, 0xff, 0xff, //0x00005cc8 .long L0_10_set_898
	0x53, 0xf1, 0xff, 0xff, //0x00005ccc .long L0_10_set_898
	0x53, 0xf1, 0xff, 0xff, //0x00005cd0 .long L0_10_set_898
	0x53, 0xf1, 0xff, 0xff, //0x00005cd4 .long L0_10_set_898
	0x53, 0xf1, 0xff, 0xff, //0x00005cd8 .long L0_10_set_898
	0x53, 0xf1, 0xff, 0xff, //0x00005cdc .long L0_10_set_898
	0x53, 0xf1, 0xff, 0xff, //0x00005ce0 .long L0_10_set_898
	0x53, 0xf1, 0xff, 0xff, //0x00005ce4 .long L0_10_set_898
	0x53, 0xf1, 0xff, 0xff, //0x00005ce8 .long L0_10_set_898
	0x53, 0xf1, 0xff, 0xff, //0x00005cec .long L0_10_set_898
	0x53, 0xf1, 0xff, 0xff, //0x00005cf0 .long L0_10_set_898
	0x53, 0xf1, 0xff, 0xff, //0x00005cf4 .long L0_10_set_898
	0x53, 0xf1, 0xff, 0xff, //0x00005cf8 .long L0_10_set_898
	0x53, 0xf1, 0xff, 0xff, //0x00005cfc .long L0_10_set_898
	0x53, 0xf1, 0xff, 0xff, //0x00005d00 .long L0_10_set_898
	0x53, 0xf1, 0xff, 0xff, //0x00005d04 .long L0_10_set_898
	0x53, 0xf1, 0xff, 0xff, //0x00005d08 .long L0_10_set_898
	0x53, 0xf1, 0xff, 0xff, //0x00005d0c .long L0_10_set_898
	0x53, 0xf1, 0xff, 0xff, //0x00005d10 .long L0_10_set_898
	0x53, 0xf1, 0xff, 0xff, //0x00005d14 .long L0_10_set_898
	0x53, 0xf1, 0xff, 0xff, //0x00005d18 .long L0_10_set_898
	0x53, 0xf1, 0xff, 0xff, //0x00005d1c .long L0_10_set_898
	0x53, 0xf1, 0xff, 0xff, //0x00005d20 .long L0_10_set_898
	0x53, 0xf1, 0xff, 0xff, //0x00005d24 .long L0_10_set_898
	0x53, 0xf1, 0xff, 0xff, //0x00005d28 .long L0_10_set_898
	0x53, 0xf1, 0xff, 0xff, //0x00005d2c .long L0_10_set_898
	0x53, 0xf1, 0xff, 0xff, //0x00005d30 .long L0_10_set_898
	0x53, 0xf1, 0xff, 0xff, //0x00005d34 .long L0_10_set_898
	0x53, 0xf1, 0xff, 0xff, //0x00005d38 .long L0_10_set_898
	0x53, 0xf1, 0xff, 0xff, //0x00005d3c .long L0_10_set_898
	0x53, 0xf1, 0xff, 0xff, //0x00005d40 .long L0_10_set_898
	0x8d, 0xee, 0xff, 0xff, //0x00005d44 .long L0_10_set_758
	0x53, 0xf1, 0xff, 0xff, //0x00005d48 .long L0_10_set_898
	0x53, 0xf1, 0xff, 0xff, //0x00005d4c .long L0_10_set_898
	0x53, 0xf1, 0xff, 0xff, //0x00005d50 .long L0_10_set_898
	0x53, 0xf1, 0xff, 0xff, //0x00005d54 .long L0_10_set_898
	0x53, 0xf1, 0xff, 0xff, //0x00005d58 .long L0_10_set_898
	0x8d, 0xee, 0xff, 0xff, //0x00005d5c .long L0_10_set_758
	0x53, 0xf1, 0xff, 0xff, //0x00005d60 .long L0_10_set_898
	0x53, 0xf1, 0xff, 0xff, //0x00005d64 .long L0_10_set_898
	0x53, 0xf1, 0xff, 0xff, //0x00005d68 .long L0_10_set_898
	0x8d, 0xee, 0xff, 0xff, //0x00005d6c .long L0_10_set_758
	0x53, 0xf1, 0xff, 0xff, //0x00005d70 .long L0_10_set_898
	0x53, 0xf1, 0xff, 0xff, //0x00005d74 .long L0_10_set_898
	0x53, 0xf1, 0xff, 0xff, //0x00005d78 .long L0_10_set_898
	0x53, 0xf1, 0xff, 0xff, //0x00005d7c .long L0_10_set_898
	0x53, 0xf1, 0xff, 0xff, //0x00005d80 .long L0_10_set_898
	0x53, 0xf1, 0xff, 0xff, //0x00005d84 .long L0_10_set_898
	0x53, 0xf1, 0xff, 0xff, //0x00005d88 .long L0_10_set_898
	0x8d, 0xee, 0xff, 0xff, //0x00005d8c .long L0_10_set_758
	0x53, 0xf1, 0xff, 0xff, //0x00005d90 .long L0_10_set_898
	0x53, 0xf1, 0xff, 0xff, //0x00005d94 .long L0_10_set_898
	0x53, 0xf1, 0xff, 0xff, //0x00005d98 .long L0_10_set_898
	0x8d, 0xee, 0xff, 0xff, //0x00005d9c .long L0_10_set_758
	0x53, 0xf1, 0xff, 0xff, //0x00005da0 .long L0_10_set_898
	0x8d, 0xee, 0xff, 0xff, //0x00005da4 .long L0_10_set_758
	0x6b, 0xec, 0xff, 0xff, //0x00005da8 .long L0_10_set_737
	// // .set L0_11_set_664, LBB0_664-LJTI0_11
	// // .set L0_11_set_929, LBB0_929-LJTI0_11
	// // .set L0_11_set_667, LBB0_667-LJTI0_11
	//0x00005dac LJTI0_11
	0x2a, 0xe3, 0xff, 0xff, //0x00005dac .long L0_11_set_664
	0x75, 0xf1, 0xff, 0xff, //0x00005db0 .long L0_11_set_929
	0x75, 0xf1, 0xff, 0xff, //0x00005db4 .long L0_11_set_929
	0x75, 0xf1, 0xff, 0xff, //0x00005db8 .long L0_11_set_929
	0x75, 0xf1, 0xff, 0xff, //0x00005dbc .long L0_11_set_929
	0x75, 0xf1, 0xff, 0xff, //0x00005dc0 .long L0_11_set_929
	0x75, 0xf1, 0xff, 0xff, //0x00005dc4 .long L0_11_set_929
	0x75, 0xf1, 0xff, 0xff, //0x00005dc8 .long L0_11_set_929
	0x75, 0xf1, 0xff, 0xff, //0x00005dcc .long L0_11_set_929
	0x75, 0xf1, 0xff, 0xff, //0x00005dd0 .long L0_11_set_929
	0x75, 0xf1, 0xff, 0xff, //0x00005dd4 .long L0_11_set_929
	0x75, 0xf1, 0xff, 0xff, //0x00005dd8 .long L0_11_set_929
	0x75, 0xf1, 0xff, 0xff, //0x00005ddc .long L0_11_set_929
	0x2a, 0xe3, 0xff, 0xff, //0x00005de0 .long L0_11_set_664
	0x75, 0xf1, 0xff, 0xff, //0x00005de4 .long L0_11_set_929
	0x75, 0xf1, 0xff, 0xff, //0x00005de8 .long L0_11_set_929
	0x75, 0xf1, 0xff, 0xff, //0x00005dec .long L0_11_set_929
	0x75, 0xf1, 0xff, 0xff, //0x00005df0 .long L0_11_set_929
	0x75, 0xf1, 0xff, 0xff, //0x00005df4 .long L0_11_set_929
	0x75, 0xf1, 0xff, 0xff, //0x00005df8 .long L0_11_set_929
	0x75, 0xf1, 0xff, 0xff, //0x00005dfc .long L0_11_set_929
	0x75, 0xf1, 0xff, 0xff, //0x00005e00 .long L0_11_set_929
	0x75, 0xf1, 0xff, 0xff, //0x00005e04 .long L0_11_set_929
	0x75, 0xf1, 0xff, 0xff, //0x00005e08 .long L0_11_set_929
	0x75, 0xf1, 0xff, 0xff, //0x00005e0c .long L0_11_set_929
	0x75, 0xf1, 0xff, 0xff, //0x00005e10 .long L0_11_set_929
	0x75, 0xf1, 0xff, 0xff, //0x00005e14 .long L0_11_set_929
	0x75, 0xf1, 0xff, 0xff, //0x00005e18 .long L0_11_set_929
	0x75, 0xf1, 0xff, 0xff, //0x00005e1c .long L0_11_set_929
	0x75, 0xf1, 0xff, 0xff, //0x00005e20 .long L0_11_set_929
	0x75, 0xf1, 0xff, 0xff, //0x00005e24 .long L0_11_set_929
	0x75, 0xf1, 0xff, 0xff, //0x00005e28 .long L0_11_set_929
	0x75, 0xf1, 0xff, 0xff, //0x00005e2c .long L0_11_set_929
	0x75, 0xf1, 0xff, 0xff, //0x00005e30 .long L0_11_set_929
	0x75, 0xf1, 0xff, 0xff, //0x00005e34 .long L0_11_set_929
	0x75, 0xf1, 0xff, 0xff, //0x00005e38 .long L0_11_set_929
	0x75, 0xf1, 0xff, 0xff, //0x00005e3c .long L0_11_set_929
	0x75, 0xf1, 0xff, 0xff, //0x00005e40 .long L0_11_set_929
	0x75, 0xf1, 0xff, 0xff, //0x00005e44 .long L0_11_set_929
	0x75, 0xf1, 0xff, 0xff, //0x00005e48 .long L0_11_set_929
	0x75, 0xf1, 0xff, 0xff, //0x00005e4c .long L0_11_set_929
	0x75, 0xf1, 0xff, 0xff, //0x00005e50 .long L0_11_set_929
	0x75, 0xf1, 0xff, 0xff, //0x00005e54 .long L0_11_set_929
	0x75, 0xf1, 0xff, 0xff, //0x00005e58 .long L0_11_set_929
	0x75, 0xf1, 0xff, 0xff, //0x00005e5c .long L0_11_set_929
	0x75, 0xf1, 0xff, 0xff, //0x00005e60 .long L0_11_set_929
	0x75, 0xf1, 0xff, 0xff, //0x00005e64 .long L0_11_set_929
	0x75, 0xf1, 0xff, 0xff, //0x00005e68 .long L0_11_set_929
	0x75, 0xf1, 0xff, 0xff, //0x00005e6c .long L0_11_set_929
	0x75, 0xf1, 0xff, 0xff, //0x00005e70 .long L0_11_set_929
	0x75, 0xf1, 0xff, 0xff, //0x00005e74 .long L0_11_set_929
	0x75, 0xf1, 0xff, 0xff, //0x00005e78 .long L0_11_set_929
	0x75, 0xf1, 0xff, 0xff, //0x00005e7c .long L0_11_set_929
	0x75, 0xf1, 0xff, 0xff, //0x00005e80 .long L0_11_set_929
	0x75, 0xf1, 0xff, 0xff, //0x00005e84 .long L0_11_set_929
	0x75, 0xf1, 0xff, 0xff, //0x00005e88 .long L0_11_set_929
	0x75, 0xf1, 0xff, 0xff, //0x00005e8c .long L0_11_set_929
	0x75, 0xf1, 0xff, 0xff, //0x00005e90 .long L0_11_set_929
	0x2a, 0xe3, 0xff, 0xff, //0x00005e94 .long L0_11_set_664
	0x75, 0xf1, 0xff, 0xff, //0x00005e98 .long L0_11_set_929
	0x75, 0xf1, 0xff, 0xff, //0x00005e9c .long L0_11_set_929
	0x75, 0xf1, 0xff, 0xff, //0x00005ea0 .long L0_11_set_929
	0x75, 0xf1, 0xff, 0xff, //0x00005ea4 .long L0_11_set_929
	0x75, 0xf1, 0xff, 0xff, //0x00005ea8 .long L0_11_set_929
	0x2a, 0xe3, 0xff, 0xff, //0x00005eac .long L0_11_set_664
	0x75, 0xf1, 0xff, 0xff, //0x00005eb0 .long L0_11_set_929
	0x75, 0xf1, 0xff, 0xff, //0x00005eb4 .long L0_11_set_929
	0x75, 0xf1, 0xff, 0xff, //0x00005eb8 .long L0_11_set_929
	0x2a, 0xe3, 0xff, 0xff, //0x00005ebc .long L0_11_set_664
	0x75, 0xf1, 0xff, 0xff, //0x00005ec0 .long L0_11_set_929
	0x75, 0xf1, 0xff, 0xff, //0x00005ec4 .long L0_11_set_929
	0x75, 0xf1, 0xff, 0xff, //0x00005ec8 .long L0_11_set_929
	0x75, 0xf1, 0xff, 0xff, //0x00005ecc .long L0_11_set_929
	0x75, 0xf1, 0xff, 0xff, //0x00005ed0 .long L0_11_set_929
	0x75, 0xf1, 0xff, 0xff, //0x00005ed4 .long L0_11_set_929
	0x75, 0xf1, 0xff, 0xff, //0x00005ed8 .long L0_11_set_929
	0x2a, 0xe3, 0xff, 0xff, //0x00005edc .long L0_11_set_664
	0x75, 0xf1, 0xff, 0xff, //0x00005ee0 .long L0_11_set_929
	0x75, 0xf1, 0xff, 0xff, //0x00005ee4 .long L0_11_set_929
	0x75, 0xf1, 0xff, 0xff, //0x00005ee8 .long L0_11_set_929
	0x2a, 0xe3, 0xff, 0xff, //0x00005eec .long L0_11_set_664
	0x75, 0xf1, 0xff, 0xff, //0x00005ef0 .long L0_11_set_929
	0x2a, 0xe3, 0xff, 0xff, //0x00005ef4 .long L0_11_set_664
	0x4e, 0xe3, 0xff, 0xff, //0x00005ef8 .long L0_11_set_667
	// // .set L0_12_set_364, LBB0_364-LJTI0_12
	// // .set L0_12_set_431, LBB0_431-LJTI0_12
	// // .set L0_12_set_366, LBB0_366-LJTI0_12
	// // .set L0_12_set_358, LBB0_358-LJTI0_12
	//0x00005efc LJTI0_12
	0xa6, 0xc9, 0xff, 0xff, //0x00005efc .long L0_12_set_364
	0xe6, 0xce, 0xff, 0xff, //0x00005f00 .long L0_12_set_431
	0xa6, 0xc9, 0xff, 0xff, //0x00005f04 .long L0_12_set_364
	0xb9, 0xc9, 0xff, 0xff, //0x00005f08 .long L0_12_set_366
	0xe6, 0xce, 0xff, 0xff, //0x00005f0c .long L0_12_set_431
	0xe6, 0xce, 0xff, 0xff, //0x00005f10 .long L0_12_set_431
	0xe6, 0xce, 0xff, 0xff, //0x00005f14 .long L0_12_set_431
	0xe6, 0xce, 0xff, 0xff, //0x00005f18 .long L0_12_set_431
	0xe6, 0xce, 0xff, 0xff, //0x00005f1c .long L0_12_set_431
	0xe6, 0xce, 0xff, 0xff, //0x00005f20 .long L0_12_set_431
	0xe6, 0xce, 0xff, 0xff, //0x00005f24 .long L0_12_set_431
	0xe6, 0xce, 0xff, 0xff, //0x00005f28 .long L0_12_set_431
	0xe6, 0xce, 0xff, 0xff, //0x00005f2c .long L0_12_set_431
	0xe6, 0xce, 0xff, 0xff, //0x00005f30 .long L0_12_set_431
	0xe6, 0xce, 0xff, 0xff, //0x00005f34 .long L0_12_set_431
	0xe6, 0xce, 0xff, 0xff, //0x00005f38 .long L0_12_set_431
	0xe6, 0xce, 0xff, 0xff, //0x00005f3c .long L0_12_set_431
	0xe6, 0xce, 0xff, 0xff, //0x00005f40 .long L0_12_set_431
	0xe6, 0xce, 0xff, 0xff, //0x00005f44 .long L0_12_set_431
	0xe6, 0xce, 0xff, 0xff, //0x00005f48 .long L0_12_set_431
	0xe6, 0xce, 0xff, 0xff, //0x00005f4c .long L0_12_set_431
	0xe6, 0xce, 0xff, 0xff, //0x00005f50 .long L0_12_set_431
	0xe6, 0xce, 0xff, 0xff, //0x00005f54 .long L0_12_set_431
	0xe6, 0xce, 0xff, 0xff, //0x00005f58 .long L0_12_set_431
	0xe6, 0xce, 0xff, 0xff, //0x00005f5c .long L0_12_set_431
	0xe6, 0xce, 0xff, 0xff, //0x00005f60 .long L0_12_set_431
	0x61, 0xc9, 0xff, 0xff, //0x00005f64 .long L0_12_set_358
	// // .set L0_13_set_145, LBB0_145-LJTI0_13
	// // .set L0_13_set_265, LBB0_265-LJTI0_13
	// // .set L0_13_set_151, LBB0_151-LJTI0_13
	// // .set L0_13_set_154, LBB0_154-LJTI0_13
	//0x00005f68 LJTI0_13
	0xd0, 0xb7, 0xff, 0xff, //0x00005f68 .long L0_13_set_145
	0x47, 0xc2, 0xff, 0xff, //0x00005f6c .long L0_13_set_265
	0xd0, 0xb7, 0xff, 0xff, //0x00005f70 .long L0_13_set_145
	0x22, 0xb8, 0xff, 0xff, //0x00005f74 .long L0_13_set_151
	0x47, 0xc2, 0xff, 0xff, //0x00005f78 .long L0_13_set_265
	0x47, 0xc2, 0xff, 0xff, //0x00005f7c .long L0_13_set_265
	0x47, 0xc2, 0xff, 0xff, //0x00005f80 .long L0_13_set_265
	0x47, 0xc2, 0xff, 0xff, //0x00005f84 .long L0_13_set_265
	0x47, 0xc2, 0xff, 0xff, //0x00005f88 .long L0_13_set_265
	0x47, 0xc2, 0xff, 0xff, //0x00005f8c .long L0_13_set_265
	0x47, 0xc2, 0xff, 0xff, //0x00005f90 .long L0_13_set_265
	0x47, 0xc2, 0xff, 0xff, //0x00005f94 .long L0_13_set_265
	0x47, 0xc2, 0xff, 0xff, //0x00005f98 .long L0_13_set_265
	0x47, 0xc2, 0xff, 0xff, //0x00005f9c .long L0_13_set_265
	0x47, 0xc2, 0xff, 0xff, //0x00005fa0 .long L0_13_set_265
	0x47, 0xc2, 0xff, 0xff, //0x00005fa4 .long L0_13_set_265
	0x47, 0xc2, 0xff, 0xff, //0x00005fa8 .long L0_13_set_265
	0x47, 0xc2, 0xff, 0xff, //0x00005fac .long L0_13_set_265
	0x47, 0xc2, 0xff, 0xff, //0x00005fb0 .long L0_13_set_265
	0x47, 0xc2, 0xff, 0xff, //0x00005fb4 .long L0_13_set_265
	0x47, 0xc2, 0xff, 0xff, //0x00005fb8 .long L0_13_set_265
	0x47, 0xc2, 0xff, 0xff, //0x00005fbc .long L0_13_set_265
	0x47, 0xc2, 0xff, 0xff, //0x00005fc0 .long L0_13_set_265
	0x47, 0xc2, 0xff, 0xff, //0x00005fc4 .long L0_13_set_265
	0x47, 0xc2, 0xff, 0xff, //0x00005fc8 .long L0_13_set_265
	0x47, 0xc2, 0xff, 0xff, //0x00005fcc .long L0_13_set_265
	0x3e, 0xb8, 0xff, 0xff, //0x00005fd0 .long L0_13_set_154
	//0x00005fd4 .p2align 2, 0x00
	//0x00005fd4 _MASK_USE_NUMBER
	0x02, 0x00, 0x00, 0x00, //0x00005fd4 .long 2
}
