//go:build amd64
// +build amd64

// Code generated by asm2asm, DO NOT EDIT.

package avx2

var _text_skip_object = []byte{
	// .p2align 4, 0x00
	// LCPI0_0
	0x01, 0x00, 0x00, 0x00, 0x00, 0x00, 0x00, 0x00, // .quad 1
	0x06, 0x00, 0x00, 0x00, 0x00, 0x00, 0x00, 0x00, //0x00000008 .quad 6
	//0x00000010 LCPI0_11
	0x2c, 0x2c, 0x2c, 0x2c, 0x2c, 0x2c, 0x2c, 0x2c, 0x2c, 0x2c, 0x2c, 0x2c, 0x2c, 0x2c, 0x2c, 0x2c, //0x00000010 QUAD $0x2c2c2c2c2c2c2c2c; QUAD $0x2c2c2c2c2c2c2c2c  // .space 16, ',,,,,,,,,,,,,,,,'
	//0x00000020 LCPI0_12
	0xdf, 0xdf, 0xdf, 0xdf, 0xdf, 0xdf, 0xdf, 0xdf, 0xdf, 0xdf, 0xdf, 0xdf, 0xdf, 0xdf, 0xdf, 0xdf, //0x00000020 QUAD $0xdfdfdfdfdfdfdfdf; QUAD $0xdfdfdfdfdfdfdfdf  // .space 16, '\xdf\xdf\xdf\xdf\xdf\xdf\xdf\xdf\xdf\xdf\xdf\xdf\xdf\xdf\xdf\xdf'
	//0x00000030 LCPI0_13
	0x5d, 0x5d, 0x5d, 0x5d, 0x5d, 0x5d, 0x5d, 0x5d, 0x5d, 0x5d, 0x5d, 0x5d, 0x5d, 0x5d, 0x5d, 0x5d, //0x00000030 QUAD $0x5d5d5d5d5d5d5d5d; QUAD $0x5d5d5d5d5d5d5d5d  // .space 16, ']]]]]]]]]]]]]]]]'
	//0x00000040 LCPI0_20
	0x2f, 0x2f, 0x2f, 0x2f, 0x2f, 0x2f, 0x2f, 0x2f, 0x2f, 0x2f, 0x2f, 0x2f, 0x2f, 0x2f, 0x2f, 0x2f, //0x00000040 QUAD $0x2f2f2f2f2f2f2f2f; QUAD $0x2f2f2f2f2f2f2f2f  // .space 16, '////////////////'
	//0x00000050 LCPI0_21
	0x3a, 0x3a, 0x3a, 0x3a, 0x3a, 0x3a, 0x3a, 0x3a, 0x3a, 0x3a, 0x3a, 0x3a, 0x3a, 0x3a, 0x3a, 0x3a, //0x00000050 QUAD $0x3a3a3a3a3a3a3a3a; QUAD $0x3a3a3a3a3a3a3a3a  // .space 16, '::::::::::::::::'
	//0x00000060 LCPI0_22
	0x2b, 0x2b, 0x2b, 0x2b, 0x2b, 0x2b, 0x2b, 0x2b, 0x2b, 0x2b, 0x2b, 0x2b, 0x2b, 0x2b, 0x2b, 0x2b, //0x00000060 QUAD $0x2b2b2b2b2b2b2b2b; QUAD $0x2b2b2b2b2b2b2b2b  // .space 16, '++++++++++++++++'
	//0x00000070 LCPI0_23
	0x2d, 0x2d, 0x2d, 0x2d, 0x2d, 0x2d, 0x2d, 0x2d, 0x2d, 0x2d, 0x2d, 0x2d, 0x2d, 0x2d, 0x2d, 0x2d, //0x00000070 QUAD $0x2d2d2d2d2d2d2d2d; QUAD $0x2d2d2d2d2d2d2d2d  // .space 16, '----------------'
	//0x00000080 LCPI0_24
	0x2e, 0x2e, 0x2e, 0x2e, 0x2e, 0x2e, 0x2e, 0x2e, 0x2e, 0x2e, 0x2e, 0x2e, 0x2e, 0x2e, 0x2e, 0x2e, //0x00000080 QUAD $0x2e2e2e2e2e2e2e2e; QUAD $0x2e2e2e2e2e2e2e2e  // .space 16, '................'
	//0x00000090 LCPI0_25
	0x45, 0x45, 0x45, 0x45, 0x45, 0x45, 0x45, 0x45, 0x45, 0x45, 0x45, 0x45, 0x45, 0x45, 0x45, 0x45, //0x00000090 QUAD $0x4545454545454545; QUAD $0x4545454545454545  // .space 16, 'EEEEEEEEEEEEEEEE'
	//0x000000a0 LCPI0_26
	0xff, 0xff, 0xff, 0xff, 0xff, 0xff, 0xff, 0xff, 0xff, 0xff, 0xff, 0xff, 0xff, 0xff, 0xff, 0xff, //0x000000a0 QUAD $0xffffffffffffffff; QUAD $0xffffffffffffffff  // .space 16, '\xff\xff\xff\xff\xff\xff\xff\xff\xff\xff\xff\xff\xff\xff\xff\xff'
	0x00, 0x00, 0x00, 0x00, 0x00, 0x00, 0x00, 0x00, 0x00, 0x00, 0x00, 0x00, 0x00, 0x00, 0x00, 0x00, //0x000000b0 .p2align 5, 0x00
	//0x000000c0 LCPI0_1
	0x20, //0x000000c0 .byte 32
	0x00, //0x000000c1 .byte 0
	0x00, //0x000000c2 .byte 0
	0x00, //0x000000c3 .byte 0
	0x00, //0x000000c4 .byte 0
	0x00, //0x000000c5 .byte 0
	0x00, //0x000000c6 .byte 0
	0x00, //0x000000c7 .byte 0
	0x00, //0x000000c8 .byte 0
	0x09, //0x000000c9 .byte 9
	0x0a, //0x000000ca .byte 10
	0x00, //0x000000cb .byte 0
	0x00, //0x000000cc .byte 0
	0x0d, //0x000000cd .byte 13
	0x00, //0x000000ce .byte 0
	0x00, //0x000000cf .byte 0
	0x20, //0x000000d0 .byte 32
	0x00, //0x000000d1 .byte 0
	0x00, //0x000000d2 .byte 0
	0x00, //0x000000d3 .byte 0
	0x00, //0x000000d4 .byte 0
	0x00, //0x000000d5 .byte 0
	0x00, //0x000000d6 .byte 0
	0x00, //0x000000d7 .byte 0
	0x00, //0x000000d8 .byte 0
	0x09, //0x000000d9 .byte 9
	0x0a, //0x000000da .byte 10
	0x00, //0x000000db .byte 0
	0x00, //0x000000dc .byte 0
	0x0d, //0x000000dd .byte 13
	0x00, //0x000000de .byte 0
	0x00, //0x000000df .byte 0
	//0x000000e0 LCPI0_2
	0x22, 0x22, 0x22, 0x22, 0x22, 0x22, 0x22, 0x22, 0x22, 0x22, 0x22, 0x22, 0x22, 0x22, 0x22, 0x22, //0x000000e0 QUAD $0x2222222222222222; QUAD $0x2222222222222222  // .space 16, '""""""""""""""""'
	0x22, 0x22, 0x22, 0x22, 0x22, 0x22, 0x22, 0x22, 0x22, 0x22, 0x22, 0x22, 0x22, 0x22, 0x22, 0x22, //0x000000f0 QUAD $0x2222222222222222; QUAD $0x2222222222222222  // .space 16, '""""""""""""""""'
	//0x00000100 LCPI0_3
	0x5c, 0x5c, 0x5c, 0x5c, 0x5c, 0x5c, 0x5c, 0x5c, 0x5c, 0x5c, 0x5c, 0x5c, 0x5c, 0x5c, 0x5c, 0x5c, //0x00000100 QUAD $0x5c5c5c5c5c5c5c5c; QUAD $0x5c5c5c5c5c5c5c5c  // .space 16, '\\\\\\\\\\\\\\\\\\\\\\\\\\\\\\\\'
	0x5c, 0x5c, 0x5c, 0x5c, 0x5c, 0x5c, 0x5c, 0x5c, 0x5c, 0x5c, 0x5c, 0x5c, 0x5c, 0x5c, 0x5c, 0x5c, //0x00000110 QUAD $0x5c5c5c5c5c5c5c5c; QUAD $0x5c5c5c5c5c5c5c5c  // .space 16, '\\\\\\\\\\\\\\\\\\\\\\\\\\\\\\\\'
	//0x00000120 LCPI0_4
	0x20, 0x20, 0x20, 0x20, 0x20, 0x20, 0x20, 0x20, 0x20, 0x20, 0x20, 0x20, 0x20, 0x20, 0x20, 0x20, //0x00000120 QUAD $0x2020202020202020; QUAD $0x2020202020202020  // .space 16, '                '
	0x20, 0x20, 0x20, 0x20, 0x20, 0x20, 0x20, 0x20, 0x20, 0x20, 0x20, 0x20, 0x20, 0x20, 0x20, 0x20, //0x00000130 QUAD $0x2020202020202020; QUAD $0x2020202020202020  // .space 16, '                '
	//0x00000140 LCPI0_5
	0x7b, 0x7b, 0x7b, 0x7b, 0x7b, 0x7b, 0x7b, 0x7b, 0x7b, 0x7b, 0x7b, 0x7b, 0x7b, 0x7b, 0x7b, 0x7b, //0x00000140 QUAD $0x7b7b7b7b7b7b7b7b; QUAD $0x7b7b7b7b7b7b7b7b  // .space 16, '{{{{{{{{{{{{{{{{'
	0x7b, 0x7b, 0x7b, 0x7b, 0x7b, 0x7b, 0x7b, 0x7b, 0x7b, 0x7b, 0x7b, 0x7b, 0x7b, 0x7b, 0x7b, 0x7b, //0x00000150 QUAD $0x7b7b7b7b7b7b7b7b; QUAD $0x7b7b7b7b7b7b7b7b  // .space 16, '{{{{{{{{{{{{{{{{'
	//0x00000160 LCPI0_6
	0x7d, 0x7d, 0x7d, 0x7d, 0x7d, 0x7d, 0x7d, 0x7d, 0x7d, 0x7d, 0x7d, 0x7d, 0x7d, 0x7d, 0x7d, 0x7d, //0x00000160 QUAD $0x7d7d7d7d7d7d7d7d; QUAD $0x7d7d7d7d7d7d7d7d  // .space 16, '}}}}}}}}}}}}}}}}'
	0x7d, 0x7d, 0x7d, 0x7d, 0x7d, 0x7d, 0x7d, 0x7d, 0x7d, 0x7d, 0x7d, 0x7d, 0x7d, 0x7d, 0x7d, 0x7d, //0x00000170 QUAD $0x7d7d7d7d7d7d7d7d; QUAD $0x7d7d7d7d7d7d7d7d  // .space 16, '}}}}}}}}}}}}}}}}'
	//0x00000180 LCPI0_7
	0x5b, 0x5b, 0x5b, 0x5b, 0x5b, 0x5b, 0x5b, 0x5b, 0x5b, 0x5b, 0x5b, 0x5b, 0x5b, 0x5b, 0x5b, 0x5b, //0x00000180 QUAD $0x5b5b5b5b5b5b5b5b; QUAD $0x5b5b5b5b5b5b5b5b  // .space 16, '[[[[[[[[[[[[[[[['
	0x5b, 0x5b, 0x5b, 0x5b, 0x5b, 0x5b, 0x5b, 0x5b, 0x5b, 0x5b, 0x5b, 0x5b, 0x5b, 0x5b, 0x5b, 0x5b, //0x00000190 QUAD $0x5b5b5b5b5b5b5b5b; QUAD $0x5b5b5b5b5b5b5b5b  // .space 16, '[[[[[[[[[[[[[[[['
	//0x000001a0 LCPI0_8
	0x5d, 0x5d, 0x5d, 0x5d, 0x5d, 0x5d, 0x5d, 0x5d, 0x5d, 0x5d, 0x5d, 0x5d, 0x5d, 0x5d, 0x5d, 0x5d, //0x000001a0 QUAD $0x5d5d5d5d5d5d5d5d; QUAD $0x5d5d5d5d5d5d5d5d  // .space 16, ']]]]]]]]]]]]]]]]'
	0x5d, 0x5d, 0x5d, 0x5d, 0x5d, 0x5d, 0x5d, 0x5d, 0x5d, 0x5d, 0x5d, 0x5d, 0x5d, 0x5d, 0x5d, 0x5d, //0x000001b0 QUAD $0x5d5d5d5d5d5d5d5d; QUAD $0x5d5d5d5d5d5d5d5d  // .space 16, ']]]]]]]]]]]]]]]]'
	//0x000001c0 LCPI0_9
	0x2c, 0x2c, 0x2c, 0x2c, 0x2c, 0x2c, 0x2c, 0x2c, 0x2c, 0x2c, 0x2c, 0x2c, 0x2c, 0x2c, 0x2c, 0x2c, //0x000001c0 QUAD $0x2c2c2c2c2c2c2c2c; QUAD $0x2c2c2c2c2c2c2c2c  // .space 16, ',,,,,,,,,,,,,,,,'
	0x2c, 0x2c, 0x2c, 0x2c, 0x2c, 0x2c, 0x2c, 0x2c, 0x2c, 0x2c, 0x2c, 0x2c, 0x2c, 0x2c, 0x2c, 0x2c, //0x000001d0 QUAD $0x2c2c2c2c2c2c2c2c; QUAD $0x2c2c2c2c2c2c2c2c  // .space 16, ',,,,,,,,,,,,,,,,'
	//0x000001e0 LCPI0_10
	0xdf, 0xdf, 0xdf, 0xdf, 0xdf, 0xdf, 0xdf, 0xdf, 0xdf, 0xdf, 0xdf, 0xdf, 0xdf, 0xdf, 0xdf, 0xdf, //0x000001e0 QUAD $0xdfdfdfdfdfdfdfdf; QUAD $0xdfdfdfdfdfdfdfdf  // .space 16, '\xdf\xdf\xdf\xdf\xdf\xdf\xdf\xdf\xdf\xdf\xdf\xdf\xdf\xdf\xdf\xdf'
	0xdf, 0xdf, 0xdf, 0xdf, 0xdf, 0xdf, 0xdf, 0xdf, 0xdf, 0xdf, 0xdf, 0xdf, 0xdf, 0xdf, 0xdf, 0xdf, //0x000001f0 QUAD $0xdfdfdfdfdfdfdfdf; QUAD $0xdfdfdfdfdfdfdfdf  // .space 16, '\xdf\xdf\xdf\xdf\xdf\xdf\xdf\xdf\xdf\xdf\xdf\xdf\xdf\xdf\xdf\xdf'
	//0x00000200 LCPI0_14
	0x2f, 0x2f, 0x2f, 0x2f, 0x2f, 0x2f, 0x2f, 0x2f, 0x2f, 0x2f, 0x2f, 0x2f, 0x2f, 0x2f, 0x2f, 0x2f, //0x00000200 QUAD $0x2f2f2f2f2f2f2f2f; QUAD $0x2f2f2f2f2f2f2f2f  // .space 16, '////////////////'
	0x2f, 0x2f, 0x2f, 0x2f, 0x2f, 0x2f, 0x2f, 0x2f, 0x2f, 0x2f, 0x2f, 0x2f, 0x2f, 0x2f, 0x2f, 0x2f, //0x00000210 QUAD $0x2f2f2f2f2f2f2f2f; QUAD $0x2f2f2f2f2f2f2f2f  // .space 16, '////////////////'
	//0x00000220 LCPI0_15
	0x3a, 0x3a, 0x3a, 0x3a, 0x3a, 0x3a, 0x3a, 0x3a, 0x3a, 0x3a, 0x3a, 0x3a, 0x3a, 0x3a, 0x3a, 0x3a, //0x00000220 QUAD $0x3a3a3a3a3a3a3a3a; QUAD $0x3a3a3a3a3a3a3a3a  // .space 16, '::::::::::::::::'
	0x3a, 0x3a, 0x3a, 0x3a, 0x3a, 0x3a, 0x3a, 0x3a, 0x3a, 0x3a, 0x3a, 0x3a, 0x3a, 0x3a, 0x3a, 0x3a, //0x00000230 QUAD $0x3a3a3a3a3a3a3a3a; QUAD $0x3a3a3a3a3a3a3a3a  // .space 16, '::::::::::::::::'
	//0x00000240 LCPI0_16
	0x2b, 0x2b, 0x2b, 0x2b, 0x2b, 0x2b, 0x2b, 0x2b, 0x2b, 0x2b, 0x2b, 0x2b, 0x2b, 0x2b, 0x2b, 0x2b, //0x00000240 QUAD $0x2b2b2b2b2b2b2b2b; QUAD $0x2b2b2b2b2b2b2b2b  // .space 16, '++++++++++++++++'
	0x2b, 0x2b, 0x2b, 0x2b, 0x2b, 0x2b, 0x2b, 0x2b, 0x2b, 0x2b, 0x2b, 0x2b, 0x2b, 0x2b, 0x2b, 0x2b, //0x00000250 QUAD $0x2b2b2b2b2b2b2b2b; QUAD $0x2b2b2b2b2b2b2b2b  // .space 16, '++++++++++++++++'
	//0x00000260 LCPI0_17
	0x2d, 0x2d, 0x2d, 0x2d, 0x2d, 0x2d, 0x2d, 0x2d, 0x2d, 0x2d, 0x2d, 0x2d, 0x2d, 0x2d, 0x2d, 0x2d, //0x00000260 QUAD $0x2d2d2d2d2d2d2d2d; QUAD $0x2d2d2d2d2d2d2d2d  // .space 16, '----------------'
	0x2d, 0x2d, 0x2d, 0x2d, 0x2d, 0x2d, 0x2d, 0x2d, 0x2d, 0x2d, 0x2d, 0x2d, 0x2d, 0x2d, 0x2d, 0x2d, //0x00000270 QUAD $0x2d2d2d2d2d2d2d2d; QUAD $0x2d2d2d2d2d2d2d2d  // .space 16, '----------------'
	//0x00000280 LCPI0_18
	0x2e, 0x2e, 0x2e, 0x2e, 0x2e, 0x2e, 0x2e, 0x2e, 0x2e, 0x2e, 0x2e, 0x2e, 0x2e, 0x2e, 0x2e, 0x2e, //0x00000280 QUAD $0x2e2e2e2e2e2e2e2e; QUAD $0x2e2e2e2e2e2e2e2e  // .space 16, '................'
	0x2e, 0x2e, 0x2e, 0x2e, 0x2e, 0x2e, 0x2e, 0x2e, 0x2e, 0x2e, 0x2e, 0x2e, 0x2e, 0x2e, 0x2e, 0x2e, //0x00000290 QUAD $0x2e2e2e2e2e2e2e2e; QUAD $0x2e2e2e2e2e2e2e2e  // .space 16, '................'
	//0x000002a0 LCPI0_19
	0x45, 0x45, 0x45, 0x45, 0x45, 0x45, 0x45, 0x45, 0x45, 0x45, 0x45, 0x45, 0x45, 0x45, 0x45, 0x45, //0x000002a0 QUAD $0x4545454545454545; QUAD $0x4545454545454545  // .space 16, 'EEEEEEEEEEEEEEEE'
	0x45, 0x45, 0x45, 0x45, 0x45, 0x45, 0x45, 0x45, 0x45, 0x45, 0x45, 0x45, 0x45, 0x45, 0x45, 0x45, //0x000002b0 QUAD $0x4545454545454545; QUAD $0x4545454545454545  // .space 16, 'EEEEEEEEEEEEEEEE'
	//0x000002c0 .p2align 4, 0x90
	//0x000002c0 _skip_object
	0x55,             //0x000002c0 pushq        %rbp
	0x48, 0x89, 0xe5, //0x000002c1 movq         %rsp, %rbp
	0x41, 0x57, //0x000002c4 pushq        %r15
	0x41, 0x56, //0x000002c6 pushq        %r14
	0x41, 0x55, //0x000002c8 pushq        %r13
	0x41, 0x54, //0x000002ca pushq        %r12
	0x53,                                     //0x000002cc pushq        %rbx
	0x48, 0x81, 0xec, 0xe0, 0x00, 0x00, 0x00, //0x000002cd subq         $224, %rsp
	0x49, 0x89, 0xc9, //0x000002d4 movq         %rcx, %r9
	0x49, 0x89, 0xd4, //0x000002d7 movq         %rdx, %r12
	0x49, 0x89, 0xf3, //0x000002da movq         %rsi, %r11
	0x48, 0x89, 0x7c, 0x24, 0x70, //0x000002dd movq         %rdi, $112(%rsp)
	0xc5, 0xfa, 0x6f, 0x05, 0x16, 0xfd, 0xff, 0xff, //0x000002e2 vmovdqu      $-746(%rip), %xmm0  /* LCPI0_0+0(%rip) */
	0xc5, 0xfa, 0x7f, 0x02, //0x000002ea vmovdqu      %xmm0, (%rdx)
	0x48, 0x8b, 0x0e, //0x000002ee movq         (%rsi), %rcx
	0x49, 0xc7, 0xc0, 0xff, 0xff, 0xff, 0xff, //0x000002f1 movq         $-1, %r8
	0x41, 0xbf, 0x01, 0x00, 0x00, 0x00, //0x000002f8 movl         $1, %r15d
	0xc5, 0xfe, 0x6f, 0x2d, 0xba, 0xfd, 0xff, 0xff, //0x000002fe vmovdqu      $-582(%rip), %ymm5  /* LCPI0_1+0(%rip) */
	0xc5, 0xfe, 0x6f, 0x35, 0xd2, 0xfd, 0xff, 0xff, //0x00000306 vmovdqu      $-558(%rip), %ymm6  /* LCPI0_2+0(%rip) */
	0xc5, 0xfe, 0x6f, 0x3d, 0xea, 0xfd, 0xff, 0xff, //0x0000030e vmovdqu      $-534(%rip), %ymm7  /* LCPI0_3+0(%rip) */
	0xc5, 0x7e, 0x6f, 0x05, 0x02, 0xfe, 0xff, 0xff, //0x00000316 vmovdqu      $-510(%rip), %ymm8  /* LCPI0_4+0(%rip) */
	0xc4, 0x41, 0x35, 0x76, 0xc9, //0x0000031e vpcmpeqd     %ymm9, %ymm9, %ymm9
	0xc5, 0x7e, 0x6f, 0x15, 0xd5, 0xfe, 0xff, 0xff, //0x00000323 vmovdqu      $-299(%rip), %ymm10  /* LCPI0_14+0(%rip) */
	0xc5, 0x7e, 0x6f, 0x2d, 0xed, 0xfe, 0xff, 0xff, //0x0000032b vmovdqu      $-275(%rip), %ymm13  /* LCPI0_15+0(%rip) */
	0xc5, 0x7e, 0x6f, 0x3d, 0x05, 0xff, 0xff, 0xff, //0x00000333 vmovdqu      $-251(%rip), %ymm15  /* LCPI0_16+0(%rip) */
	0xc5, 0x7e, 0x6f, 0x35, 0x9d, 0xfe, 0xff, 0xff, //0x0000033b vmovdqu      $-355(%rip), %ymm14  /* LCPI0_10+0(%rip) */
	0xc5, 0xfe, 0x6f, 0x25, 0x55, 0xff, 0xff, 0xff, //0x00000343 vmovdqu      $-171(%rip), %ymm4  /* LCPI0_19+0(%rip) */
	0xc5, 0xfe, 0x6f, 0x1d, 0x6d, 0xfe, 0xff, 0xff, //0x0000034b vmovdqu      $-403(%rip), %ymm3  /* LCPI0_9+0(%rip) */
	0xc5, 0x7e, 0x6f, 0x1d, 0xe5, 0xfd, 0xff, 0xff, //0x00000353 vmovdqu      $-539(%rip), %ymm11  /* LCPI0_5+0(%rip) */
	0xc5, 0x7e, 0x6f, 0x25, 0xfd, 0xfd, 0xff, 0xff, //0x0000035b vmovdqu      $-515(%rip), %ymm12  /* LCPI0_6+0(%rip) */
	0x48, 0x89, 0x74, 0x24, 0x18, //0x00000363 movq         %rsi, $24(%rsp)
	0x4c, 0x89, 0x4c, 0x24, 0x50, //0x00000368 movq         %r9, $80(%rsp)
	0x48, 0x89, 0x54, 0x24, 0x08, //0x0000036d movq         %rdx, $8(%rsp)
	0xe9, 0x4a, 0x00, 0x00, 0x00, //0x00000372 jmp          LBB0_6
	//0x00000377 LBB0_1
	0x41, 0x0f, 0xbc, 0xc3, //0x00000377 bsfl         %r11d, %eax
	0x4c, 0x01, 0xe8, //0x0000037b addq         %r13, %rax
	0x49, 0x8d, 0x0c, 0x06, //0x0000037e leaq         (%r14,%rax), %rcx
	0x48, 0x83, 0xc1, 0x02, //0x00000382 addq         $2, %rcx
	0x4c, 0x8b, 0x5c, 0x24, 0x18, //0x00000386 movq         $24(%rsp), %r11
	0x4c, 0x8b, 0x4c, 0x24, 0x50, //0x0000038b movq         $80(%rsp), %r9
	0x4c, 0x8b, 0x44, 0x24, 0x30, //0x00000390 movq         $48(%rsp), %r8
	//0x00000395 LBB0_2
	0x49, 0x89, 0x0b, //0x00000395 movq         %rcx, (%r11)
	//0x00000398 LBB0_3
	0x4c, 0x89, 0xe8, //0x00000398 movq         %r13, %rax
	0x48, 0xba, 0xfe, 0xff, 0xff, 0xff, 0xff, 0xff, 0xff, 0x7f, //0x0000039b movabsq      $9223372036854775806, %rdx
	0x49, 0x39, 0xd5, //0x000003a5 cmpq         %rdx, %r13
	0x0f, 0x87, 0x6c, 0x50, 0x00, 0x00, //0x000003a8 ja           LBB0_949
	//0x000003ae LBB0_4
	0x49, 0x8b, 0x14, 0x24, //0x000003ae movq         (%r12), %rdx
	0x49, 0x89, 0xd7, //0x000003b2 movq         %rdx, %r15
	0x4c, 0x89, 0xc0, //0x000003b5 movq         %r8, %rax
	0x48, 0x85, 0xd2, //0x000003b8 testq        %rdx, %rdx
	0x0f, 0x84, 0x59, 0x50, 0x00, 0x00, //0x000003bb je           LBB0_949
	//0x000003c1 LBB0_6
	0x48, 0x8b, 0x44, 0x24, 0x70, //0x000003c1 movq         $112(%rsp), %rax
	0x4c, 0x8b, 0x10, //0x000003c6 movq         (%rax), %r10
	0x48, 0x8b, 0x70, 0x08, //0x000003c9 movq         $8(%rax), %rsi
	0x48, 0x39, 0xf1, //0x000003cd cmpq         %rsi, %rcx
	0x0f, 0x83, 0x2a, 0x00, 0x00, 0x00, //0x000003d0 jae          LBB0_11
	0x41, 0x8a, 0x04, 0x0a, //0x000003d6 movb         (%r10,%rcx), %al
	0x3c, 0x0d, //0x000003da cmpb         $13, %al
	0x0f, 0x84, 0x1e, 0x00, 0x00, 0x00, //0x000003dc je           LBB0_11
	0x3c, 0x20, //0x000003e2 cmpb         $32, %al
	0x0f, 0x84, 0x16, 0x00, 0x00, 0x00, //0x000003e4 je           LBB0_11
	0x04, 0xf7, //0x000003ea addb         $-9, %al
	0x3c, 0x01, //0x000003ec cmpb         $1, %al
	0x0f, 0x86, 0x0c, 0x00, 0x00, 0x00, //0x000003ee jbe          LBB0_11
	0x49, 0x89, 0xcd, //0x000003f4 movq         %rcx, %r13
	0xe9, 0x76, 0x01, 0x00, 0x00, //0x000003f7 jmp          LBB0_36
	0x90, 0x90, 0x90, 0x90, //0x000003fc .p2align 4, 0x90
	//0x00000400 LBB0_11
	0x4c, 0x8d, 0x69, 0x01, //0x00000400 leaq         $1(%rcx), %r13
	0x49, 0x39, 0xf5, //0x00000404 cmpq         %rsi, %r13
	0x0f, 0x83, 0x23, 0x00, 0x00, 0x00, //0x00000407 jae          LBB0_15
	0x43, 0x8a, 0x04, 0x2a, //0x0000040d movb         (%r10,%r13), %al
	0x3c, 0x0d, //0x00000411 cmpb         $13, %al
	0x0f, 0x84, 0x17, 0x00, 0x00, 0x00, //0x00000413 je           LBB0_15
	0x3c, 0x20, //0x00000419 cmpb         $32, %al
	0x0f, 0x84, 0x0f, 0x00, 0x00, 0x00, //0x0000041b je           LBB0_15
	0x04, 0xf7, //0x00000421 addb         $-9, %al
	0x3c, 0x01, //0x00000423 cmpb         $1, %al
	0x0f, 0x87, 0x47, 0x01, 0x00, 0x00, //0x00000425 ja           LBB0_36
	0x90, 0x90, 0x90, 0x90, 0x90, //0x0000042b .p2align 4, 0x90
	//0x00000430 LBB0_15
	0x4c, 0x8d, 0x69, 0x02, //0x00000430 leaq         $2(%rcx), %r13
	0x49, 0x39, 0xf5, //0x00000434 cmpq         %rsi, %r13
	0x0f, 0x83, 0x23, 0x00, 0x00, 0x00, //0x00000437 jae          LBB0_19
	0x43, 0x8a, 0x04, 0x2a, //0x0000043d movb         (%r10,%r13), %al
	0x3c, 0x0d, //0x00000441 cmpb         $13, %al
	0x0f, 0x84, 0x17, 0x00, 0x00, 0x00, //0x00000443 je           LBB0_19
	0x3c, 0x20, //0x00000449 cmpb         $32, %al
	0x0f, 0x84, 0x0f, 0x00, 0x00, 0x00, //0x0000044b je           LBB0_19
	0x04, 0xf7, //0x00000451 addb         $-9, %al
	0x3c, 0x01, //0x00000453 cmpb         $1, %al
	0x0f, 0x87, 0x17, 0x01, 0x00, 0x00, //0x00000455 ja           LBB0_36
	0x90, 0x90, 0x90, 0x90, 0x90, //0x0000045b .p2align 4, 0x90
	//0x00000460 LBB0_19
	0x4c, 0x8d, 0x69, 0x03, //0x00000460 leaq         $3(%rcx), %r13
	0x49, 0x39, 0xf5, //0x00000464 cmpq         %rsi, %r13
	0x0f, 0x83, 0x23, 0x00, 0x00, 0x00, //0x00000467 jae          LBB0_23
	0x43, 0x8a, 0x04, 0x2a, //0x0000046d movb         (%r10,%r13), %al
	0x3c, 0x0d, //0x00000471 cmpb         $13, %al
	0x0f, 0x84, 0x17, 0x00, 0x00, 0x00, //0x00000473 je           LBB0_23
	0x3c, 0x20, //0x00000479 cmpb         $32, %al
	0x0f, 0x84, 0x0f, 0x00, 0x00, 0x00, //0x0000047b je           LBB0_23
	0x04, 0xf7, //0x00000481 addb         $-9, %al
	0x3c, 0x01, //0x00000483 cmpb         $1, %al
	0x0f, 0x87, 0xe7, 0x00, 0x00, 0x00, //0x00000485 ja           LBB0_36
	0x90, 0x90, 0x90, 0x90, 0x90, //0x0000048b .p2align 4, 0x90
	//0x00000490 LBB0_23
	0x4c, 0x8d, 0x69, 0x04, //0x00000490 leaq         $4(%rcx), %r13
	0x48, 0x89, 0xf2, //0x00000494 movq         %rsi, %rdx
	0x4c, 0x29, 0xea, //0x00000497 subq         %r13, %rdx
	0x0f, 0x86, 0x37, 0x4f, 0x00, 0x00, //0x0000049a jbe          LBB0_918
	0x48, 0x83, 0xfa, 0x20, //0x000004a0 cmpq         $32, %rdx
	0x0f, 0x82, 0x59, 0x2f, 0x00, 0x00, //0x000004a4 jb           LBB0_584
	0x48, 0xc7, 0xc2, 0xfc, 0xff, 0xff, 0xff, //0x000004aa movq         $-4, %rdx
	0x48, 0x29, 0xca, //0x000004b1 subq         %rcx, %rdx
	0x90, 0x90, 0x90, 0x90, 0x90, 0x90, 0x90, 0x90, 0x90, 0x90, 0x90, 0x90, //0x000004b4 .p2align 4, 0x90
	//0x000004c0 LBB0_26
	0xc4, 0x81, 0x7e, 0x6f, 0x04, 0x2a, //0x000004c0 vmovdqu      (%r10,%r13), %ymm0
	0xc4, 0xe2, 0x55, 0x00, 0xc8, //0x000004c6 vpshufb      %ymm0, %ymm5, %ymm1
	0xc5, 0xfd, 0x74, 0xc1, //0x000004cb vpcmpeqb     %ymm1, %ymm0, %ymm0
	0xc5, 0xfd, 0xd7, 0xc0, //0x000004cf vpmovmskb    %ymm0, %eax
	0x83, 0xf8, 0xff, //0x000004d3 cmpl         $-1, %eax
	0x0f, 0x85, 0x84, 0x00, 0x00, 0x00, //0x000004d6 jne          LBB0_35
	0x49, 0x83, 0xc5, 0x20, //0x000004dc addq         $32, %r13
	0x48, 0x8d, 0x04, 0x16, //0x000004e0 leaq         (%rsi,%rdx), %rax
	0x48, 0x83, 0xc0, 0xe0, //0x000004e4 addq         $-32, %rax
	0x48, 0x83, 0xc2, 0xe0, //0x000004e8 addq         $-32, %rdx
	0x48, 0x83, 0xf8, 0x1f, //0x000004ec cmpq         $31, %rax
	0x0f, 0x87, 0xca, 0xff, 0xff, 0xff, //0x000004f0 ja           LBB0_26
	0x4d, 0x89, 0xd5, //0x000004f6 movq         %r10, %r13
	0x49, 0x29, 0xd5, //0x000004f9 subq         %rdx, %r13
	0x48, 0x01, 0xf2, //0x000004fc addq         %rsi, %rdx
	0x48, 0x85, 0xd2, //0x000004ff testq        %rdx, %rdx
	0x0f, 0x84, 0x3b, 0x00, 0x00, 0x00, //0x00000502 je           LBB0_34
	//0x00000508 LBB0_29
	0x4e, 0x8d, 0x34, 0x2a, //0x00000508 leaq         (%rdx,%r13), %r14
	0x31, 0xc0, //0x0000050c xorl         %eax, %eax
	0x90, 0x90, //0x0000050e .p2align 4, 0x90
	//0x00000510 LBB0_30
	0x41, 0x0f, 0xbe, 0x7c, 0x05, 0x00, //0x00000510 movsbl       (%r13,%rax), %edi
	0x83, 0xff, 0x20, //0x00000516 cmpl         $32, %edi
	0x0f, 0x87, 0x40, 0x2a, 0x00, 0x00, //0x00000519 ja           LBB0_547
	0x48, 0xb9, 0x00, 0x26, 0x00, 0x00, 0x01, 0x00, 0x00, 0x00, //0x0000051f movabsq      $4294977024, %rcx
	0x48, 0x0f, 0xa3, 0xf9, //0x00000529 btq          %rdi, %rcx
	0x0f, 0x83, 0x2c, 0x2a, 0x00, 0x00, //0x0000052d jae          LBB0_547
	0x48, 0x83, 0xc0, 0x01, //0x00000533 addq         $1, %rax
	0x48, 0x39, 0xc2, //0x00000537 cmpq         %rax, %rdx
	0x0f, 0x85, 0xd0, 0xff, 0xff, 0xff, //0x0000053a jne          LBB0_30
	0x4d, 0x89, 0xf5, //0x00000540 movq         %r14, %r13
	//0x00000543 LBB0_34
	0x4d, 0x29, 0xd5, //0x00000543 subq         %r10, %r13
	0x49, 0x39, 0xf5, //0x00000546 cmpq         %rsi, %r13
	0x0f, 0x82, 0x23, 0x00, 0x00, 0x00, //0x00000549 jb           LBB0_36
	0xe9, 0x86, 0x4e, 0x00, 0x00, //0x0000054f jmp          LBB0_919
	0x90, 0x90, 0x90, 0x90, 0x90, 0x90, 0x90, 0x90, 0x90, 0x90, 0x90, 0x90, //0x00000554 .p2align 4, 0x90
	//0x00000560 LBB0_35
	0xf7, 0xd0, //0x00000560 notl         %eax
	0x44, 0x0f, 0xbc, 0xe8, //0x00000562 bsfl         %eax, %r13d
	0x49, 0x29, 0xd5, //0x00000566 subq         %rdx, %r13
	0x49, 0x39, 0xf5, //0x00000569 cmpq         %rsi, %r13
	0x0f, 0x83, 0x68, 0x4e, 0x00, 0x00, //0x0000056c jae          LBB0_919
	//0x00000572 LBB0_36
	0x49, 0x8d, 0x4d, 0x01, //0x00000572 leaq         $1(%r13), %rcx
	0x49, 0x89, 0x0b, //0x00000576 movq         %rcx, (%r11)
	0x43, 0x0f, 0xbe, 0x34, 0x2a, //0x00000579 movsbl       (%r10,%r13), %esi
	0x48, 0xc7, 0xc0, 0xff, 0xff, 0xff, 0xff, //0x0000057e movq         $-1, %rax
	0x85, 0xf6, //0x00000585 testl        %esi, %esi
	0x0f, 0x84, 0x8d, 0x4e, 0x00, 0x00, //0x00000587 je           LBB0_949
	0x49, 0x8d, 0x57, 0xff, //0x0000058d leaq         $-1(%r15), %rdx
	0x43, 0x8b, 0x3c, 0xfc, //0x00000591 movl         (%r12,%r15,8), %edi
	0x49, 0x83, 0xf8, 0xff, //0x00000595 cmpq         $-1, %r8
	0x4d, 0x0f, 0x44, 0xc5, //0x00000599 cmoveq       %r13, %r8
	0x83, 0xc7, 0xff, //0x0000059d addl         $-1, %edi
	0x83, 0xff, 0x05, //0x000005a0 cmpl         $5, %edi
	0x4c, 0x89, 0x44, 0x24, 0x30, //0x000005a3 movq         %r8, $48(%rsp)
	0x0f, 0x87, 0x0c, 0x02, 0x00, 0x00, //0x000005a8 ja           LBB0_69
	0x48, 0x8d, 0x1d, 0x13, 0x51, 0x00, 0x00, //0x000005ae leaq         $20755(%rip), %rbx  /* LJTI0_0+0(%rip) */
	0x48, 0x63, 0x3c, 0xbb, //0x000005b5 movslq       (%rbx,%rdi,4), %rdi
	0x48, 0x01, 0xdf, //0x000005b9 addq         %rbx, %rdi
	0xff, 0xe7, //0x000005bc jmpq         *%rdi
	//0x000005be LBB0_39
	0x83, 0xfe, 0x2c, //0x000005be cmpl         $44, %esi
	0x0f, 0x84, 0x19, 0x06, 0x00, 0x00, //0x000005c1 je           LBB0_127
	0x83, 0xfe, 0x5d, //0x000005c7 cmpl         $93, %esi
	0x0f, 0x84, 0xd2, 0x01, 0x00, 0x00, //0x000005ca je           LBB0_41
	0xe9, 0x3e, 0x4e, 0x00, 0x00, //0x000005d0 jmp          LBB0_948
	//0x000005d5 LBB0_42
	0x40, 0x80, 0xfe, 0x5d, //0x000005d5 cmpb         $93, %sil
	0x0f, 0x84, 0xc3, 0x01, 0x00, 0x00, //0x000005d9 je           LBB0_41
	0x4b, 0xc7, 0x04, 0xfc, 0x01, 0x00, 0x00, 0x00, //0x000005df movq         $1, (%r12,%r15,8)
	0x83, 0xfe, 0x7b, //0x000005e7 cmpl         $123, %esi
	0x0f, 0x86, 0xd7, 0x01, 0x00, 0x00, //0x000005ea jbe          LBB0_70
	0xe9, 0x1e, 0x4e, 0x00, 0x00, //0x000005f0 jmp          LBB0_948
	//0x000005f5 LBB0_44
	0x40, 0x80, 0xfe, 0x22, //0x000005f5 cmpb         $34, %sil
	0x0f, 0x85, 0x14, 0x4e, 0x00, 0x00, //0x000005f9 jne          LBB0_948
	0x4b, 0xc7, 0x04, 0xfc, 0x04, 0x00, 0x00, 0x00, //0x000005ff movq         $4, (%r12,%r15,8)
	0x48, 0x8b, 0x54, 0x24, 0x70, //0x00000607 movq         $112(%rsp), %rdx
	0x4c, 0x8b, 0x42, 0x08, //0x0000060c movq         $8(%rdx), %r8
	0x41, 0xf6, 0xc1, 0x40, //0x00000610 testb        $64, %r9b
	0x0f, 0x85, 0x30, 0x07, 0x00, 0x00, //0x00000614 jne          LBB0_150
	0x41, 0xf6, 0xc1, 0x20, //0x0000061a testb        $32, %r9b
	0x0f, 0x85, 0xf0, 0x0a, 0x00, 0x00, //0x0000061e jne          LBB0_195
	0x4d, 0x89, 0xc3, //0x00000624 movq         %r8, %r11
	0x49, 0x29, 0xcb, //0x00000627 subq         %rcx, %r11
	0x0f, 0x84, 0x61, 0x4f, 0x00, 0x00, //0x0000062a je           LBB0_943
	0x49, 0x83, 0xfb, 0x40, //0x00000630 cmpq         $64, %r11
	0x0f, 0x82, 0x8c, 0x30, 0x00, 0x00, //0x00000634 jb           LBB0_620
	0x48, 0xc7, 0xc7, 0xfe, 0xff, 0xff, 0xff, //0x0000063a movq         $-2, %rdi
	0x4c, 0x29, 0xef, //0x00000641 subq         %r13, %rdi
	0x49, 0x8d, 0x4d, 0x01, //0x00000644 leaq         $1(%r13), %rcx
	0x49, 0xc7, 0xc7, 0xff, 0xff, 0xff, 0xff, //0x00000648 movq         $-1, %r15
	0x45, 0x31, 0xc9, //0x0000064f xorl         %r9d, %r9d
	0x90, 0x90, 0x90, 0x90, 0x90, 0x90, 0x90, 0x90, 0x90, 0x90, 0x90, 0x90, 0x90, 0x90, //0x00000652 .p2align 4, 0x90
	//0x00000660 LBB0_50
	0xc4, 0xc1, 0x7e, 0x6f, 0x04, 0x0a, //0x00000660 vmovdqu      (%r10,%rcx), %ymm0
	0xc4, 0xc1, 0x7e, 0x6f, 0x4c, 0x0a, 0x20, //0x00000666 vmovdqu      $32(%r10,%rcx), %ymm1
	0xc5, 0xfd, 0x74, 0xd6, //0x0000066d vpcmpeqb     %ymm6, %ymm0, %ymm2
	0xc5, 0xfd, 0xd7, 0xd2, //0x00000671 vpmovmskb    %ymm2, %edx
	0xc5, 0xf5, 0x74, 0xd6, //0x00000675 vpcmpeqb     %ymm6, %ymm1, %ymm2
	0xc5, 0xfd, 0xd7, 0xf2, //0x00000679 vpmovmskb    %ymm2, %esi
	0xc5, 0xfd, 0x74, 0xc7, //0x0000067d vpcmpeqb     %ymm7, %ymm0, %ymm0
	0xc5, 0xfd, 0xd7, 0xc0, //0x00000681 vpmovmskb    %ymm0, %eax
	0xc5, 0xf5, 0x74, 0xc7, //0x00000685 vpcmpeqb     %ymm7, %ymm1, %ymm0
	0xc5, 0xfd, 0xd7, 0xd8, //0x00000689 vpmovmskb    %ymm0, %ebx
	0x48, 0xc1, 0xe6, 0x20, //0x0000068d shlq         $32, %rsi
	0x48, 0x09, 0xf2, //0x00000691 orq          %rsi, %rdx
	0x48, 0xc1, 0xe3, 0x20, //0x00000694 shlq         $32, %rbx
	0x48, 0x09, 0xd8, //0x00000698 orq          %rbx, %rax
	0x0f, 0x85, 0x30, 0x00, 0x00, 0x00, //0x0000069b jne          LBB0_59
	0x4d, 0x85, 0xc9, //0x000006a1 testq        %r9, %r9
	0x0f, 0x85, 0x38, 0x00, 0x00, 0x00, //0x000006a4 jne          LBB0_61
	0x45, 0x31, 0xc9, //0x000006aa xorl         %r9d, %r9d
	0x48, 0x85, 0xd2, //0x000006ad testq        %rdx, %rdx
	0x0f, 0x85, 0x7e, 0x00, 0x00, 0x00, //0x000006b0 jne          LBB0_62
	//0x000006b6 LBB0_53
	0x49, 0x83, 0xc3, 0xc0, //0x000006b6 addq         $-64, %r11
	0x48, 0x83, 0xc7, 0xc0, //0x000006ba addq         $-64, %rdi
	0x48, 0x83, 0xc1, 0x40, //0x000006be addq         $64, %rcx
	0x49, 0x83, 0xfb, 0x3f, //0x000006c2 cmpq         $63, %r11
	0x0f, 0x87, 0x94, 0xff, 0xff, 0xff, //0x000006c6 ja           LBB0_50
	0xe9, 0xa3, 0x2c, 0x00, 0x00, //0x000006cc jmp          LBB0_54
	//0x000006d1 LBB0_59
	0x49, 0x83, 0xff, 0xff, //0x000006d1 cmpq         $-1, %r15
	0x0f, 0x85, 0x07, 0x00, 0x00, 0x00, //0x000006d5 jne          LBB0_61
	0x4c, 0x0f, 0xbc, 0xf8, //0x000006db bsfq         %rax, %r15
	0x49, 0x01, 0xcf, //0x000006df addq         %rcx, %r15
	//0x000006e2 LBB0_61
	0x4c, 0x89, 0xce, //0x000006e2 movq         %r9, %rsi
	0x48, 0xf7, 0xd6, //0x000006e5 notq         %rsi
	0x48, 0x21, 0xc6, //0x000006e8 andq         %rax, %rsi
	0x4c, 0x8d, 0x34, 0x36, //0x000006eb leaq         (%rsi,%rsi), %r14
	0x4d, 0x09, 0xce, //0x000006ef orq          %r9, %r14
	0x4c, 0x89, 0xf3, //0x000006f2 movq         %r14, %rbx
	0x48, 0xf7, 0xd3, //0x000006f5 notq         %rbx
	0x48, 0x21, 0xc3, //0x000006f8 andq         %rax, %rbx
	0x48, 0xb8, 0xaa, 0xaa, 0xaa, 0xaa, 0xaa, 0xaa, 0xaa, 0xaa, //0x000006fb movabsq      $-6148914691236517206, %rax
	0x48, 0x21, 0xc3, //0x00000705 andq         %rax, %rbx
	0x45, 0x31, 0xc9, //0x00000708 xorl         %r9d, %r9d
	0x48, 0x01, 0xf3, //0x0000070b addq         %rsi, %rbx
	0x41, 0x0f, 0x92, 0xc1, //0x0000070e setb         %r9b
	0x48, 0x01, 0xdb, //0x00000712 addq         %rbx, %rbx
	0x48, 0xb8, 0x55, 0x55, 0x55, 0x55, 0x55, 0x55, 0x55, 0x55, //0x00000715 movabsq      $6148914691236517205, %rax
	0x48, 0x31, 0xc3, //0x0000071f xorq         %rax, %rbx
	0x4c, 0x21, 0xf3, //0x00000722 andq         %r14, %rbx
	0x48, 0xf7, 0xd3, //0x00000725 notq         %rbx
	0x48, 0x21, 0xda, //0x00000728 andq         %rbx, %rdx
	0x48, 0x85, 0xd2, //0x0000072b testq        %rdx, %rdx
	0x0f, 0x84, 0x82, 0xff, 0xff, 0xff, //0x0000072e je           LBB0_53
	//0x00000734 LBB0_62
	0x48, 0x0f, 0xbc, 0xca, //0x00000734 bsfq         %rdx, %rcx
	0x48, 0x29, 0xf9, //0x00000738 subq         %rdi, %rcx
	0x4c, 0x8b, 0x5c, 0x24, 0x18, //0x0000073b movq         $24(%rsp), %r11
	0x4c, 0x8b, 0x4c, 0x24, 0x50, //0x00000740 movq         $80(%rsp), %r9
	0x4c, 0x89, 0xff, //0x00000745 movq         %r15, %rdi
	0xe9, 0x4b, 0x12, 0x00, 0x00, //0x00000748 jmp          LBB0_296
	//0x0000074d LBB0_63
	0x40, 0x80, 0xfe, 0x3a, //0x0000074d cmpb         $58, %sil
	0x0f, 0x85, 0xbc, 0x4c, 0x00, 0x00, //0x00000751 jne          LBB0_948
	0x4b, 0xc7, 0x04, 0xfc, 0x00, 0x00, 0x00, 0x00, //0x00000757 movq         $0, (%r12,%r15,8)
	0xe9, 0x4a, 0xfc, 0xff, 0xff, //0x0000075f jmp          LBB0_4
	//0x00000764 LBB0_65
	0x83, 0xfe, 0x2c, //0x00000764 cmpl         $44, %esi
	0x0f, 0x85, 0x2c, 0x00, 0x00, 0x00, //0x00000767 jne          LBB0_66
	0x49, 0x81, 0xff, 0xff, 0x0f, 0x00, 0x00, //0x0000076d cmpq         $4095, %r15
	0x0f, 0x8f, 0x6c, 0x4c, 0x00, 0x00, //0x00000774 jg           LBB0_939
	0x49, 0x8d, 0x47, 0x01, //0x0000077a leaq         $1(%r15), %rax
	0x49, 0x89, 0x04, 0x24, //0x0000077e movq         %rax, (%r12)
	0x4b, 0xc7, 0x44, 0xfc, 0x08, 0x03, 0x00, 0x00, 0x00, //0x00000782 movq         $3, $8(%r12,%r15,8)
	0xe9, 0x1e, 0xfc, 0xff, 0xff, //0x0000078b jmp          LBB0_4
	//0x00000790 LBB0_67
	0x83, 0xfe, 0x22, //0x00000790 cmpl         $34, %esi
	0x0f, 0x84, 0x6a, 0x04, 0x00, 0x00, //0x00000793 je           LBB0_131
	//0x00000799 LBB0_66
	0x83, 0xfe, 0x7d, //0x00000799 cmpl         $125, %esi
	0x0f, 0x85, 0x71, 0x4c, 0x00, 0x00, //0x0000079c jne          LBB0_948
	//0x000007a2 LBB0_41
	0x49, 0x89, 0x14, 0x24, //0x000007a2 movq         %rdx, (%r12)
	0x49, 0x89, 0xd7, //0x000007a6 movq         %rdx, %r15
	0x4c, 0x89, 0xc0, //0x000007a9 movq         %r8, %rax
	0x48, 0x85, 0xd2, //0x000007ac testq        %rdx, %rdx
	0x0f, 0x85, 0x0c, 0xfc, 0xff, 0xff, //0x000007af jne          LBB0_6
	0xe9, 0x60, 0x4c, 0x00, 0x00, //0x000007b5 jmp          LBB0_949
	//0x000007ba LBB0_69
	0x49, 0x89, 0x14, 0x24, //0x000007ba movq         %rdx, (%r12)
	0x83, 0xfe, 0x7b, //0x000007be cmpl         $123, %esi
	0x0f, 0x87, 0x4c, 0x4c, 0x00, 0x00, //0x000007c1 ja           LBB0_948
	//0x000007c7 LBB0_70
	0x4f, 0x8d, 0x3c, 0x2a, //0x000007c7 leaq         (%r10,%r13), %r15
	0x89, 0xf2, //0x000007cb movl         %esi, %edx
	0x48, 0x8d, 0x35, 0xec, 0x56, 0x00, 0x00, //0x000007cd leaq         $22252(%rip), %rsi  /* LJTI0_7+0(%rip) */
	0x48, 0x63, 0x14, 0x96, //0x000007d4 movslq       (%rsi,%rdx,4), %rdx
	0x48, 0x01, 0xf2, //0x000007d8 addq         %rsi, %rdx
	0xff, 0xe2, //0x000007db jmpq         *%rdx
	//0x000007dd LBB0_71
	0x48, 0x8b, 0x44, 0x24, 0x70, //0x000007dd movq         $112(%rsp), %rax
	0x4c, 0x8b, 0x70, 0x08, //0x000007e2 movq         $8(%rax), %r14
	0x41, 0xf6, 0xc1, 0x40, //0x000007e6 testb        $64, %r9b
	0x0f, 0x85, 0x1d, 0x06, 0x00, 0x00, //0x000007ea jne          LBB0_160
	0x4d, 0x29, 0xee, //0x000007f0 subq         %r13, %r14
	0x48, 0x8d, 0x1d, 0x12, 0x5d, 0x00, 0x00, //0x000007f3 leaq         $23826(%rip), %rbx  /* LJTI0_12+0(%rip) */
	0x0f, 0x84, 0xf2, 0x4b, 0x00, 0x00, //0x000007fa je           LBB0_920
	0x41, 0x80, 0x3f, 0x30, //0x00000800 cmpb         $48, (%r15)
	0x0f, 0x85, 0x35, 0x00, 0x00, 0x00, //0x00000804 jne          LBB0_77
	0x41, 0xb9, 0x01, 0x00, 0x00, 0x00, //0x0000080a movl         $1, %r9d
	0x49, 0x83, 0xfe, 0x01, //0x00000810 cmpq         $1, %r14
	0x0f, 0x84, 0xa2, 0x2d, 0x00, 0x00, //0x00000814 je           LBB0_609
	0x41, 0x8a, 0x04, 0x0a, //0x0000081a movb         (%r10,%rcx), %al
	0x04, 0xd2, //0x0000081e addb         $-46, %al
	0x3c, 0x37, //0x00000820 cmpb         $55, %al
	0x0f, 0x87, 0x94, 0x2d, 0x00, 0x00, //0x00000822 ja           LBB0_609
	0x0f, 0xb6, 0xc0, //0x00000828 movzbl       %al, %eax
	0x48, 0xba, 0x01, 0x00, 0x80, 0x00, 0x00, 0x00, 0x80, 0x00, //0x0000082b movabsq      $36028797027352577, %rdx
	0x48, 0x0f, 0xa3, 0xc2, //0x00000835 btq          %rax, %rdx
	0x0f, 0x83, 0x7d, 0x2d, 0x00, 0x00, //0x00000839 jae          LBB0_609
	//0x0000083f LBB0_77
	0x49, 0xc7, 0xc4, 0xff, 0xff, 0xff, 0xff, //0x0000083f movq         $-1, %r12
	0x49, 0x83, 0xfe, 0x20, //0x00000846 cmpq         $32, %r14
	0x0f, 0x82, 0x4c, 0x2e, 0x00, 0x00, //0x0000084a jb           LBB0_618
	0x45, 0x31, 0xc9, //0x00000850 xorl         %r9d, %r9d
	0x49, 0xc7, 0xc3, 0xff, 0xff, 0xff, 0xff, //0x00000853 movq         $-1, %r11
	0x48, 0xc7, 0x44, 0x24, 0x10, 0xff, 0xff, 0xff, 0xff, //0x0000085a movq         $-1, $16(%rsp)
	0x90, 0x90, 0x90, 0x90, 0x90, 0x90, 0x90, 0x90, 0x90, 0x90, 0x90, 0x90, 0x90, //0x00000863 .p2align 4, 0x90
	//0x00000870 LBB0_79
	0xc4, 0x81, 0x7e, 0x6f, 0x04, 0x0f, //0x00000870 vmovdqu      (%r15,%r9), %ymm0
	0xc4, 0xc1, 0x7d, 0x64, 0xca, //0x00000876 vpcmpgtb     %ymm10, %ymm0, %ymm1
	0xc5, 0x95, 0x64, 0xd0, //0x0000087b vpcmpgtb     %ymm0, %ymm13, %ymm2
	0xc5, 0xed, 0xdb, 0xc9, //0x0000087f vpand        %ymm1, %ymm2, %ymm1
	0xc5, 0x85, 0x74, 0xd0, //0x00000883 vpcmpeqb     %ymm0, %ymm15, %ymm2
	0xc5, 0xfd, 0x74, 0x1d, 0xd1, 0xf9, 0xff, 0xff, //0x00000887 vpcmpeqb     $-1583(%rip), %ymm0, %ymm3  /* LCPI0_17+0(%rip) */
	0xc5, 0xe5, 0xeb, 0xd2, //0x0000088f vpor         %ymm2, %ymm3, %ymm2
	0xc5, 0x8d, 0xdb, 0xd8, //0x00000893 vpand        %ymm0, %ymm14, %ymm3
	0xc5, 0xfd, 0x74, 0x05, 0xe1, 0xf9, 0xff, 0xff, //0x00000897 vpcmpeqb     $-1567(%rip), %ymm0, %ymm0  /* LCPI0_18+0(%rip) */
	0xc5, 0xfd, 0xd7, 0xf8, //0x0000089f vpmovmskb    %ymm0, %edi
	0xc5, 0xe5, 0x74, 0xdc, //0x000008a3 vpcmpeqb     %ymm4, %ymm3, %ymm3
	0xc5, 0xfd, 0xd7, 0xf3, //0x000008a7 vpmovmskb    %ymm3, %esi
	0xc5, 0xfd, 0xd7, 0xd2, //0x000008ab vpmovmskb    %ymm2, %edx
	0xc5, 0xf5, 0xeb, 0xc0, //0x000008af vpor         %ymm0, %ymm1, %ymm0
	0xc5, 0xe5, 0xeb, 0xca, //0x000008b3 vpor         %ymm2, %ymm3, %ymm1
	0xc5, 0xfd, 0xeb, 0xc1, //0x000008b7 vpor         %ymm1, %ymm0, %ymm0
	0xc5, 0xfd, 0xd7, 0xc0, //0x000008bb vpmovmskb    %ymm0, %eax
	0x48, 0xf7, 0xd0, //0x000008bf notq         %rax
	0x48, 0x0f, 0xbc, 0xc8, //0x000008c2 bsfq         %rax, %rcx
	0x83, 0xf9, 0x20, //0x000008c6 cmpl         $32, %ecx
	0x0f, 0x84, 0x11, 0x00, 0x00, 0x00, //0x000008c9 je           LBB0_81
	0xb8, 0xff, 0xff, 0xff, 0xff, //0x000008cf movl         $-1, %eax
	0xd3, 0xe0, //0x000008d4 shll         %cl, %eax
	0xf7, 0xd0, //0x000008d6 notl         %eax
	0x21, 0xc7, //0x000008d8 andl         %eax, %edi
	0x21, 0xc6, //0x000008da andl         %eax, %esi
	0x21, 0xd0, //0x000008dc andl         %edx, %eax
	0x89, 0xc2, //0x000008de movl         %eax, %edx
	//0x000008e0 LBB0_81
	0x8d, 0x47, 0xff, //0x000008e0 leal         $-1(%rdi), %eax
	0x21, 0xf8, //0x000008e3 andl         %edi, %eax
	0xc5, 0xfe, 0x6f, 0x1d, 0xd3, 0xf8, 0xff, 0xff, //0x000008e5 vmovdqu      $-1837(%rip), %ymm3  /* LCPI0_9+0(%rip) */
	0x0f, 0x85, 0xa1, 0x27, 0x00, 0x00, //0x000008ed jne          LBB0_556
	0x8d, 0x46, 0xff, //0x000008f3 leal         $-1(%rsi), %eax
	0x21, 0xf0, //0x000008f6 andl         %esi, %eax
	0x0f, 0x85, 0x96, 0x27, 0x00, 0x00, //0x000008f8 jne          LBB0_556
	0x8d, 0x42, 0xff, //0x000008fe leal         $-1(%rdx), %eax
	0x21, 0xd0, //0x00000901 andl         %edx, %eax
	0x0f, 0x85, 0x8b, 0x27, 0x00, 0x00, //0x00000903 jne          LBB0_556
	0x85, 0xff, //0x00000909 testl        %edi, %edi
	0x0f, 0x84, 0x17, 0x00, 0x00, 0x00, //0x0000090b je           LBB0_87
	0x0f, 0xbc, 0xc7, //0x00000911 bsfl         %edi, %eax
	0x48, 0x83, 0x7c, 0x24, 0x10, 0xff, //0x00000914 cmpq         $-1, $16(%rsp)
	0x0f, 0x85, 0x61, 0x29, 0x00, 0x00, //0x0000091a jne          LBB0_579
	0x4c, 0x01, 0xc8, //0x00000920 addq         %r9, %rax
	0x48, 0x89, 0x44, 0x24, 0x10, //0x00000923 movq         %rax, $16(%rsp)
	//0x00000928 LBB0_87
	0x85, 0xf6, //0x00000928 testl        %esi, %esi
	0x0f, 0x84, 0x13, 0x00, 0x00, 0x00, //0x0000092a je           LBB0_90
	0x0f, 0xbc, 0xc6, //0x00000930 bsfl         %esi, %eax
	0x49, 0x83, 0xfb, 0xff, //0x00000933 cmpq         $-1, %r11
	0x0f, 0x85, 0x44, 0x29, 0x00, 0x00, //0x00000937 jne          LBB0_579
	0x4c, 0x01, 0xc8, //0x0000093d addq         %r9, %rax
	0x49, 0x89, 0xc3, //0x00000940 movq         %rax, %r11
	//0x00000943 LBB0_90
	0x85, 0xd2, //0x00000943 testl        %edx, %edx
	0x0f, 0x84, 0x13, 0x00, 0x00, 0x00, //0x00000945 je           LBB0_93
	0x0f, 0xbc, 0xc2, //0x0000094b bsfl         %edx, %eax
	0x49, 0x83, 0xfc, 0xff, //0x0000094e cmpq         $-1, %r12
	0x0f, 0x85, 0x29, 0x29, 0x00, 0x00, //0x00000952 jne          LBB0_579
	0x4c, 0x01, 0xc8, //0x00000958 addq         %r9, %rax
	0x49, 0x89, 0xc4, //0x0000095b movq         %rax, %r12
	//0x0000095e LBB0_93
	0x83, 0xf9, 0x20, //0x0000095e cmpl         $32, %ecx
	0x0f, 0x85, 0xa9, 0x0b, 0x00, 0x00, //0x00000961 jne          LBB0_245
	0x49, 0x83, 0xc6, 0xe0, //0x00000967 addq         $-32, %r14
	0x49, 0x83, 0xc1, 0x20, //0x0000096b addq         $32, %r9
	0x49, 0x83, 0xfe, 0x1f, //0x0000096f cmpq         $31, %r14
	0x0f, 0x87, 0xf7, 0xfe, 0xff, 0xff, //0x00000973 ja           LBB0_79
	0xc5, 0xf8, 0x77, //0x00000979 vzeroupper
	0xc5, 0x7e, 0x6f, 0x35, 0x5c, 0xf8, 0xff, 0xff, //0x0000097c vmovdqu      $-1956(%rip), %ymm14  /* LCPI0_10+0(%rip) */
	0xc5, 0x7e, 0x6f, 0x3d, 0xb4, 0xf8, 0xff, 0xff, //0x00000984 vmovdqu      $-1868(%rip), %ymm15  /* LCPI0_16+0(%rip) */
	0xc5, 0x7e, 0x6f, 0x2d, 0x8c, 0xf8, 0xff, 0xff, //0x0000098c vmovdqu      $-1908(%rip), %ymm13  /* LCPI0_15+0(%rip) */
	0xc5, 0x7e, 0x6f, 0x15, 0x64, 0xf8, 0xff, 0xff, //0x00000994 vmovdqu      $-1948(%rip), %ymm10  /* LCPI0_14+0(%rip) */
	0xc5, 0x7e, 0x6f, 0x25, 0xbc, 0xf7, 0xff, 0xff, //0x0000099c vmovdqu      $-2116(%rip), %ymm12  /* LCPI0_6+0(%rip) */
	0xc5, 0x7e, 0x6f, 0x1d, 0x94, 0xf7, 0xff, 0xff, //0x000009a4 vmovdqu      $-2156(%rip), %ymm11  /* LCPI0_5+0(%rip) */
	0xc4, 0x41, 0x35, 0x76, 0xc9, //0x000009ac vpcmpeqd     %ymm9, %ymm9, %ymm9
	0xc5, 0x7e, 0x6f, 0x05, 0x67, 0xf7, 0xff, 0xff, //0x000009b1 vmovdqu      $-2201(%rip), %ymm8  /* LCPI0_4+0(%rip) */
	0xc5, 0xfe, 0x6f, 0x3d, 0x3f, 0xf7, 0xff, 0xff, //0x000009b9 vmovdqu      $-2241(%rip), %ymm7  /* LCPI0_3+0(%rip) */
	0xc5, 0xfe, 0x6f, 0x35, 0x17, 0xf7, 0xff, 0xff, //0x000009c1 vmovdqu      $-2281(%rip), %ymm6  /* LCPI0_2+0(%rip) */
	0xc5, 0xfe, 0x6f, 0x2d, 0xef, 0xf6, 0xff, 0xff, //0x000009c9 vmovdqu      $-2321(%rip), %ymm5  /* LCPI0_1+0(%rip) */
	0x4d, 0x01, 0xf9, //0x000009d1 addq         %r15, %r9
	0x49, 0x83, 0xfe, 0x10, //0x000009d4 cmpq         $16, %r14
	0x0f, 0x82, 0x57, 0x01, 0x00, 0x00, //0x000009d8 jb           LBB0_114
	//0x000009de LBB0_96
	0x4c, 0x89, 0xcb, //0x000009de movq         %r9, %rbx
	0x4c, 0x89, 0x7c, 0x24, 0x28, //0x000009e1 movq         %r15, $40(%rsp)
	0x4c, 0x29, 0xfb, //0x000009e6 subq         %r15, %rbx
	0x45, 0x31, 0xff, //0x000009e9 xorl         %r15d, %r15d
	0x90, 0x90, 0x90, 0x90, //0x000009ec .p2align 4, 0x90
	//0x000009f0 LBB0_97
	0xc4, 0x81, 0x7a, 0x6f, 0x04, 0x39, //0x000009f0 vmovdqu      (%r9,%r15), %xmm0
	0xc5, 0xf9, 0x64, 0x0d, 0x42, 0xf6, 0xff, 0xff, //0x000009f6 vpcmpgtb     $-2494(%rip), %xmm0, %xmm1  /* LCPI0_20+0(%rip) */
	0xc5, 0xfa, 0x6f, 0x15, 0x4a, 0xf6, 0xff, 0xff, //0x000009fe vmovdqu      $-2486(%rip), %xmm2  /* LCPI0_21+0(%rip) */
	0xc5, 0xe9, 0x64, 0xd0, //0x00000a06 vpcmpgtb     %xmm0, %xmm2, %xmm2
	0xc5, 0xf1, 0xdb, 0xca, //0x00000a0a vpand        %xmm2, %xmm1, %xmm1
	0xc5, 0xf9, 0x74, 0x15, 0x4a, 0xf6, 0xff, 0xff, //0x00000a0e vpcmpeqb     $-2486(%rip), %xmm0, %xmm2  /* LCPI0_22+0(%rip) */
	0xc5, 0xf9, 0x74, 0x1d, 0x52, 0xf6, 0xff, 0xff, //0x00000a16 vpcmpeqb     $-2478(%rip), %xmm0, %xmm3  /* LCPI0_23+0(%rip) */
	0xc5, 0xe1, 0xeb, 0xd2, //0x00000a1e vpor         %xmm2, %xmm3, %xmm2
	0xc5, 0xf9, 0xdb, 0x1d, 0xf6, 0xf5, 0xff, 0xff, //0x00000a22 vpand        $-2570(%rip), %xmm0, %xmm3  /* LCPI0_12+0(%rip) */
	0xc5, 0xf9, 0x74, 0x05, 0x4e, 0xf6, 0xff, 0xff, //0x00000a2a vpcmpeqb     $-2482(%rip), %xmm0, %xmm0  /* LCPI0_24+0(%rip) */
	0xc5, 0xe1, 0x74, 0x1d, 0x56, 0xf6, 0xff, 0xff, //0x00000a32 vpcmpeqb     $-2474(%rip), %xmm3, %xmm3  /* LCPI0_25+0(%rip) */
	0xc5, 0xe1, 0xeb, 0xe0, //0x00000a3a vpor         %xmm0, %xmm3, %xmm4
	0xc5, 0xe9, 0xeb, 0xc9, //0x00000a3e vpor         %xmm1, %xmm2, %xmm1
	0xc5, 0xd9, 0xeb, 0xc9, //0x00000a42 vpor         %xmm1, %xmm4, %xmm1
	0xc5, 0xf9, 0xd7, 0xf0, //0x00000a46 vpmovmskb    %xmm0, %esi
	0xc5, 0xf9, 0xd7, 0xfb, //0x00000a4a vpmovmskb    %xmm3, %edi
	0xc5, 0xf9, 0xd7, 0xd2, //0x00000a4e vpmovmskb    %xmm2, %edx
	0xc5, 0xf9, 0xd7, 0xc1, //0x00000a52 vpmovmskb    %xmm1, %eax
	0xf7, 0xd0, //0x00000a56 notl         %eax
	0x0f, 0xbc, 0xc8, //0x00000a58 bsfl         %eax, %ecx
	0x83, 0xf9, 0x10, //0x00000a5b cmpl         $16, %ecx
	0x0f, 0x84, 0x11, 0x00, 0x00, 0x00, //0x00000a5e je           LBB0_99
	0xb8, 0xff, 0xff, 0xff, 0xff, //0x00000a64 movl         $-1, %eax
	0xd3, 0xe0, //0x00000a69 shll         %cl, %eax
	0xf7, 0xd0, //0x00000a6b notl         %eax
	0x21, 0xc6, //0x00000a6d andl         %eax, %esi
	0x21, 0xc7, //0x00000a6f andl         %eax, %edi
	0x21, 0xd0, //0x00000a71 andl         %edx, %eax
	0x89, 0xc2, //0x00000a73 movl         %eax, %edx
	//0x00000a75 LBB0_99
	0xc5, 0xfe, 0x6f, 0x25, 0x23, 0xf8, 0xff, 0xff, //0x00000a75 vmovdqu      $-2013(%rip), %ymm4  /* LCPI0_19+0(%rip) */
	0xc5, 0xfe, 0x6f, 0x1d, 0x3b, 0xf7, 0xff, 0xff, //0x00000a7d vmovdqu      $-2245(%rip), %ymm3  /* LCPI0_9+0(%rip) */
	0x44, 0x8d, 0x46, 0xff, //0x00000a85 leal         $-1(%rsi), %r8d
	0x41, 0x21, 0xf0, //0x00000a89 andl         %esi, %r8d
	0x0f, 0x85, 0xeb, 0x29, 0x00, 0x00, //0x00000a8c jne          LBB0_587
	0x8d, 0x47, 0xff, //0x00000a92 leal         $-1(%rdi), %eax
	0x21, 0xf8, //0x00000a95 andl         %edi, %eax
	0x0f, 0x85, 0xed, 0x29, 0x00, 0x00, //0x00000a97 jne          LBB0_588
	0x8d, 0x42, 0xff, //0x00000a9d leal         $-1(%rdx), %eax
	0x21, 0xd0, //0x00000aa0 andl         %edx, %eax
	0x4c, 0x8b, 0x44, 0x24, 0x30, //0x00000aa2 movq         $48(%rsp), %r8
	0x0f, 0x85, 0x05, 0x2a, 0x00, 0x00, //0x00000aa7 jne          LBB0_590
	0x85, 0xf6, //0x00000aad testl        %esi, %esi
	0x0f, 0x84, 0x1a, 0x00, 0x00, 0x00, //0x00000aaf je           LBB0_105
	0x0f, 0xbc, 0xf6, //0x00000ab5 bsfl         %esi, %esi
	0x48, 0x83, 0x7c, 0x24, 0x10, 0xff, //0x00000ab8 cmpq         $-1, $16(%rsp)
	0x0f, 0x85, 0xae, 0x29, 0x00, 0x00, //0x00000abe jne          LBB0_586
	0x48, 0x01, 0xde, //0x00000ac4 addq         %rbx, %rsi
	0x4c, 0x01, 0xfe, //0x00000ac7 addq         %r15, %rsi
	0x48, 0x89, 0x74, 0x24, 0x10, //0x00000aca movq         %rsi, $16(%rsp)
	//0x00000acf LBB0_105
	0x85, 0xff, //0x00000acf testl        %edi, %edi
	0x0f, 0x84, 0x16, 0x00, 0x00, 0x00, //0x00000ad1 je           LBB0_108
	0x0f, 0xbc, 0xf7, //0x00000ad7 bsfl         %edi, %esi
	0x49, 0x83, 0xfb, 0xff, //0x00000ada cmpq         $-1, %r11
	0x0f, 0x85, 0x8e, 0x29, 0x00, 0x00, //0x00000ade jne          LBB0_586
	0x48, 0x01, 0xde, //0x00000ae4 addq         %rbx, %rsi
	0x4c, 0x01, 0xfe, //0x00000ae7 addq         %r15, %rsi
	0x49, 0x89, 0xf3, //0x00000aea movq         %rsi, %r11
	//0x00000aed LBB0_108
	0x85, 0xd2, //0x00000aed testl        %edx, %edx
	0x0f, 0x84, 0x16, 0x00, 0x00, 0x00, //0x00000aef je           LBB0_111
	0x0f, 0xbc, 0xd2, //0x00000af5 bsfl         %edx, %edx
	0x49, 0x83, 0xfc, 0xff, //0x00000af8 cmpq         $-1, %r12
	0x0f, 0x85, 0x88, 0x2a, 0x00, 0x00, //0x00000afc jne          LBB0_604
	0x48, 0x01, 0xda, //0x00000b02 addq         %rbx, %rdx
	0x4c, 0x01, 0xfa, //0x00000b05 addq         %r15, %rdx
	0x49, 0x89, 0xd4, //0x00000b08 movq         %rdx, %r12
	//0x00000b0b LBB0_111
	0x83, 0xf9, 0x10, //0x00000b0b cmpl         $16, %ecx
	0x0f, 0x85, 0xa9, 0x14, 0x00, 0x00, //0x00000b0e jne          LBB0_392
	0x49, 0x83, 0xc6, 0xf0, //0x00000b14 addq         $-16, %r14
	0x49, 0x83, 0xc7, 0x10, //0x00000b18 addq         $16, %r15
	0x49, 0x83, 0xfe, 0x0f, //0x00000b1c cmpq         $15, %r14
	0x0f, 0x87, 0xca, 0xfe, 0xff, 0xff, //0x00000b20 ja           LBB0_97
	0x4d, 0x01, 0xf9, //0x00000b26 addq         %r15, %r9
	0x48, 0x8d, 0x1d, 0xdc, 0x59, 0x00, 0x00, //0x00000b29 leaq         $23004(%rip), %rbx  /* LJTI0_12+0(%rip) */
	0x4c, 0x8b, 0x7c, 0x24, 0x28, //0x00000b30 movq         $40(%rsp), %r15
	//0x00000b35 LBB0_114
	0x4d, 0x85, 0xf6, //0x00000b35 testq        %r14, %r14
	0xc5, 0xfe, 0x6f, 0x25, 0x60, 0xf7, 0xff, 0xff, //0x00000b38 vmovdqu      $-2208(%rip), %ymm4  /* LCPI0_19+0(%rip) */
	0x0f, 0x84, 0xa1, 0x14, 0x00, 0x00, //0x00000b40 je           LBB0_394
	0x4b, 0x8d, 0x14, 0x31, //0x00000b46 leaq         (%r9,%r14), %rdx
	0x4c, 0x89, 0xce, //0x00000b4a movq         %r9, %rsi
	0x4c, 0x29, 0xfe, //0x00000b4d subq         %r15, %rsi
	0x31, 0xc9, //0x00000b50 xorl         %ecx, %ecx
	0xc5, 0xfe, 0x6f, 0x1d, 0x66, 0xf6, 0xff, 0xff, //0x00000b52 vmovdqu      $-2458(%rip), %ymm3  /* LCPI0_9+0(%rip) */
	0xe9, 0x2e, 0x00, 0x00, 0x00, //0x00000b5a jmp          LBB0_120
	//0x00000b5f LBB0_116
	0x83, 0xf8, 0x65, //0x00000b5f cmpl         $101, %eax
	0x0f, 0x85, 0x7c, 0x14, 0x00, 0x00, //0x00000b62 jne          LBB0_393
	//0x00000b68 LBB0_117
	0x49, 0x83, 0xfb, 0xff, //0x00000b68 cmpq         $-1, %r11
	0x0f, 0x85, 0x79, 0x28, 0x00, 0x00, //0x00000b6c jne          LBB0_583
	0x4c, 0x8d, 0x1c, 0x0e, //0x00000b72 leaq         (%rsi,%rcx), %r11
	0x90, 0x90, 0x90, 0x90, 0x90, 0x90, 0x90, 0x90, 0x90, 0x90, //0x00000b76 .p2align 4, 0x90
	//0x00000b80 LBB0_119
	0x48, 0x83, 0xc1, 0x01, //0x00000b80 addq         $1, %rcx
	0x49, 0x39, 0xce, //0x00000b84 cmpq         %rcx, %r14
	0x0f, 0x84, 0xe6, 0x23, 0x00, 0x00, //0x00000b87 je           LBB0_548
	//0x00000b8d LBB0_120
	0x41, 0x0f, 0xbe, 0x04, 0x09, //0x00000b8d movsbl       (%r9,%rcx), %eax
	0x8d, 0x78, 0xd0, //0x00000b92 leal         $-48(%rax), %edi
	0x83, 0xff, 0x0a, //0x00000b95 cmpl         $10, %edi
	0x0f, 0x82, 0xe2, 0xff, 0xff, 0xff, //0x00000b98 jb           LBB0_119
	0x8d, 0x78, 0xd5, //0x00000b9e leal         $-43(%rax), %edi
	0x83, 0xff, 0x1a, //0x00000ba1 cmpl         $26, %edi
	0x0f, 0x87, 0xb5, 0xff, 0xff, 0xff, //0x00000ba4 ja           LBB0_116
	0x48, 0x63, 0x04, 0xbb, //0x00000baa movslq       (%rbx,%rdi,4), %rax
	0x48, 0x01, 0xd8, //0x00000bae addq         %rbx, %rax
	0xff, 0xe0, //0x00000bb1 jmpq         *%rax
	//0x00000bb3 LBB0_123
	0x49, 0x83, 0xfc, 0xff, //0x00000bb3 cmpq         $-1, %r12
	0x0f, 0x85, 0x2e, 0x28, 0x00, 0x00, //0x00000bb7 jne          LBB0_583
	0x4c, 0x8d, 0x24, 0x0e, //0x00000bbd leaq         (%rsi,%rcx), %r12
	0xe9, 0xba, 0xff, 0xff, 0xff, //0x00000bc1 jmp          LBB0_119
	//0x00000bc6 LBB0_125
	0x48, 0x83, 0x7c, 0x24, 0x10, 0xff, //0x00000bc6 cmpq         $-1, $16(%rsp)
	0x0f, 0x85, 0x19, 0x28, 0x00, 0x00, //0x00000bcc jne          LBB0_583
	0x48, 0x8d, 0x04, 0x0e, //0x00000bd2 leaq         (%rsi,%rcx), %rax
	0x48, 0x89, 0x44, 0x24, 0x10, //0x00000bd6 movq         %rax, $16(%rsp)
	0xe9, 0xa0, 0xff, 0xff, 0xff, //0x00000bdb jmp          LBB0_119
	//0x00000be0 LBB0_127
	0x49, 0x81, 0xff, 0xff, 0x0f, 0x00, 0x00, //0x00000be0 cmpq         $4095, %r15
	0x0f, 0x8f, 0xf9, 0x47, 0x00, 0x00, //0x00000be7 jg           LBB0_939
	0x49, 0x8d, 0x47, 0x01, //0x00000bed leaq         $1(%r15), %rax
	0x49, 0x89, 0x04, 0x24, //0x00000bf1 movq         %rax, (%r12)
	0x4b, 0xc7, 0x44, 0xfc, 0x08, 0x00, 0x00, 0x00, 0x00, //0x00000bf5 movq         $0, $8(%r12,%r15,8)
	0xe9, 0xab, 0xf7, 0xff, 0xff, //0x00000bfe jmp          LBB0_4
	//0x00000c03 LBB0_131
	0x4b, 0xc7, 0x04, 0xfc, 0x02, 0x00, 0x00, 0x00, //0x00000c03 movq         $2, (%r12,%r15,8)
	0x4c, 0x89, 0xca, //0x00000c0b movq         %r9, %rdx
	0x48, 0x8b, 0x74, 0x24, 0x70, //0x00000c0e movq         $112(%rsp), %rsi
	0x4c, 0x8b, 0x4e, 0x08, //0x00000c13 movq         $8(%rsi), %r9
	0xf6, 0xc2, 0x40, //0x00000c17 testb        $64, %dl
	0x0f, 0x85, 0xfb, 0x03, 0x00, 0x00, //0x00000c1a jne          LBB0_183
	0xf6, 0xc2, 0x20, //0x00000c20 testb        $32, %dl
	0x0f, 0x85, 0x0d, 0x09, 0x00, 0x00, //0x00000c23 jne          LBB0_246
	0x4d, 0x89, 0xcb, //0x00000c29 movq         %r9, %r11
	0x49, 0x29, 0xcb, //0x00000c2c subq         %rcx, %r11
	0x0f, 0x84, 0x64, 0x49, 0x00, 0x00, //0x00000c2f je           LBB0_950
	0x49, 0x83, 0xfb, 0x40, //0x00000c35 cmpq         $64, %r11
	0x0f, 0x82, 0xd5, 0x2a, 0x00, 0x00, //0x00000c39 jb           LBB0_626
	0x48, 0xc7, 0xc7, 0xfe, 0xff, 0xff, 0xff, //0x00000c3f movq         $-2, %rdi
	0x4c, 0x29, 0xef, //0x00000c46 subq         %r13, %rdi
	0x49, 0x8d, 0x4d, 0x01, //0x00000c49 leaq         $1(%r13), %rcx
	0x49, 0xc7, 0xc7, 0xff, 0xff, 0xff, 0xff, //0x00000c4d movq         $-1, %r15
	0x45, 0x31, 0xc0, //0x00000c54 xorl         %r8d, %r8d
	0x90, 0x90, 0x90, 0x90, 0x90, 0x90, 0x90, 0x90, 0x90, //0x00000c57 .p2align 4, 0x90
	//0x00000c60 LBB0_136
	0xc4, 0xc1, 0x7e, 0x6f, 0x04, 0x0a, //0x00000c60 vmovdqu      (%r10,%rcx), %ymm0
	0xc4, 0xc1, 0x7e, 0x6f, 0x4c, 0x0a, 0x20, //0x00000c66 vmovdqu      $32(%r10,%rcx), %ymm1
	0xc5, 0xfd, 0x74, 0xd6, //0x00000c6d vpcmpeqb     %ymm6, %ymm0, %ymm2
	0xc5, 0xfd, 0xd7, 0xd2, //0x00000c71 vpmovmskb    %ymm2, %edx
	0xc5, 0xf5, 0x74, 0xd6, //0x00000c75 vpcmpeqb     %ymm6, %ymm1, %ymm2
	0xc5, 0xfd, 0xd7, 0xf2, //0x00000c79 vpmovmskb    %ymm2, %esi
	0xc5, 0xfd, 0x74, 0xc7, //0x00000c7d vpcmpeqb     %ymm7, %ymm0, %ymm0
	0xc5, 0xfd, 0xd7, 0xc0, //0x00000c81 vpmovmskb    %ymm0, %eax
	0xc5, 0xf5, 0x74, 0xc7, //0x00000c85 vpcmpeqb     %ymm7, %ymm1, %ymm0
	0xc5, 0xfd, 0xd7, 0xd8, //0x00000c89 vpmovmskb    %ymm0, %ebx
	0x48, 0xc1, 0xe6, 0x20, //0x00000c8d shlq         $32, %rsi
	0x48, 0x09, 0xf2, //0x00000c91 orq          %rsi, %rdx
	0x48, 0xc1, 0xe3, 0x20, //0x00000c94 shlq         $32, %rbx
	0x48, 0x09, 0xd8, //0x00000c98 orq          %rbx, %rax
	0x0f, 0x85, 0x30, 0x00, 0x00, 0x00, //0x00000c9b jne          LBB0_145
	0x4d, 0x85, 0xc0, //0x00000ca1 testq        %r8, %r8
	0x0f, 0x85, 0x38, 0x00, 0x00, 0x00, //0x00000ca4 jne          LBB0_147
	0x45, 0x31, 0xc0, //0x00000caa xorl         %r8d, %r8d
	0x48, 0x85, 0xd2, //0x00000cad testq        %rdx, %rdx
	0x0f, 0x85, 0x7e, 0x00, 0x00, 0x00, //0x00000cb0 jne          LBB0_148
	//0x00000cb6 LBB0_139
	0x49, 0x83, 0xc3, 0xc0, //0x00000cb6 addq         $-64, %r11
	0x48, 0x83, 0xc7, 0xc0, //0x00000cba addq         $-64, %rdi
	0x48, 0x83, 0xc1, 0x40, //0x00000cbe addq         $64, %rcx
	0x49, 0x83, 0xfb, 0x3f, //0x00000cc2 cmpq         $63, %r11
	0x0f, 0x87, 0x94, 0xff, 0xff, 0xff, //0x00000cc6 ja           LBB0_136
	0xe9, 0x50, 0x27, 0x00, 0x00, //0x00000ccc jmp          LBB0_140
	//0x00000cd1 LBB0_145
	0x49, 0x83, 0xff, 0xff, //0x00000cd1 cmpq         $-1, %r15
	0x0f, 0x85, 0x07, 0x00, 0x00, 0x00, //0x00000cd5 jne          LBB0_147
	0x4c, 0x0f, 0xbc, 0xf8, //0x00000cdb bsfq         %rax, %r15
	0x49, 0x01, 0xcf, //0x00000cdf addq         %rcx, %r15
	//0x00000ce2 LBB0_147
	0x4c, 0x89, 0xc6, //0x00000ce2 movq         %r8, %rsi
	0x48, 0xf7, 0xd6, //0x00000ce5 notq         %rsi
	0x48, 0x21, 0xc6, //0x00000ce8 andq         %rax, %rsi
	0x4c, 0x8d, 0x34, 0x36, //0x00000ceb leaq         (%rsi,%rsi), %r14
	0x4d, 0x09, 0xc6, //0x00000cef orq          %r8, %r14
	0x4c, 0x89, 0xf3, //0x00000cf2 movq         %r14, %rbx
	0x48, 0xf7, 0xd3, //0x00000cf5 notq         %rbx
	0x48, 0x21, 0xc3, //0x00000cf8 andq         %rax, %rbx
	0x48, 0xb8, 0xaa, 0xaa, 0xaa, 0xaa, 0xaa, 0xaa, 0xaa, 0xaa, //0x00000cfb movabsq      $-6148914691236517206, %rax
	0x48, 0x21, 0xc3, //0x00000d05 andq         %rax, %rbx
	0x45, 0x31, 0xc0, //0x00000d08 xorl         %r8d, %r8d
	0x48, 0x01, 0xf3, //0x00000d0b addq         %rsi, %rbx
	0x41, 0x0f, 0x92, 0xc0, //0x00000d0e setb         %r8b
	0x48, 0x01, 0xdb, //0x00000d12 addq         %rbx, %rbx
	0x48, 0xb8, 0x55, 0x55, 0x55, 0x55, 0x55, 0x55, 0x55, 0x55, //0x00000d15 movabsq      $6148914691236517205, %rax
	0x48, 0x31, 0xc3, //0x00000d1f xorq         %rax, %rbx
	0x4c, 0x21, 0xf3, //0x00000d22 andq         %r14, %rbx
	0x48, 0xf7, 0xd3, //0x00000d25 notq         %rbx
	0x48, 0x21, 0xda, //0x00000d28 andq         %rbx, %rdx
	0x48, 0x85, 0xd2, //0x00000d2b testq        %rdx, %rdx
	0x0f, 0x84, 0x82, 0xff, 0xff, 0xff, //0x00000d2e je           LBB0_139
	//0x00000d34 LBB0_148
	0x48, 0x0f, 0xbc, 0xca, //0x00000d34 bsfq         %rdx, %rcx
	0x48, 0x29, 0xf9, //0x00000d38 subq         %rdi, %rcx
	//0x00000d3b LBB0_149
	0x4c, 0x8b, 0x5c, 0x24, 0x18, //0x00000d3b movq         $24(%rsp), %r11
	0x4c, 0x8b, 0x44, 0x24, 0x30, //0x00000d40 movq         $48(%rsp), %r8
	0xe9, 0x25, 0x14, 0x00, 0x00, //0x00000d45 jmp          LBB0_411
	//0x00000d4a LBB0_150
	0x4d, 0x89, 0xc6, //0x00000d4a movq         %r8, %r14
	0x49, 0x29, 0xce, //0x00000d4d subq         %rcx, %r14
	0x49, 0x83, 0xfe, 0x20, //0x00000d50 cmpq         $32, %r14
	0x0f, 0x8c, 0xff, 0x28, 0x00, 0x00, //0x00000d54 jl           LBB0_612
	0x4f, 0x8d, 0x0c, 0x2a, //0x00000d5a leaq         (%r10,%r13), %r9
	0x4d, 0x29, 0xe8, //0x00000d5e subq         %r13, %r8
	0xba, 0x1f, 0x00, 0x00, 0x00, //0x00000d61 movl         $31, %edx
	0x45, 0x31, 0xf6, //0x00000d66 xorl         %r14d, %r14d
	0x45, 0x31, 0xff, //0x00000d69 xorl         %r15d, %r15d
	0xe9, 0x63, 0x00, 0x00, 0x00, //0x00000d6c jmp          LBB0_152
	0x90, 0x90, 0x90, 0x90, 0x90, 0x90, 0x90, 0x90, 0x90, 0x90, 0x90, 0x90, 0x90, 0x90, 0x90, //0x00000d71 .p2align 4, 0x90
	//0x00000d80 LBB0_155
	0x44, 0x89, 0xff, //0x00000d80 movl         %r15d, %edi
	0xf7, 0xd7, //0x00000d83 notl         %edi
	0x21, 0xcf, //0x00000d85 andl         %ecx, %edi
	0x8d, 0x1c, 0x3f, //0x00000d87 leal         (%rdi,%rdi), %ebx
	0x44, 0x09, 0xfb, //0x00000d8a orl          %r15d, %ebx
	0x89, 0xde, //0x00000d8d movl         %ebx, %esi
	0xf7, 0xd6, //0x00000d8f notl         %esi
	0x21, 0xce, //0x00000d91 andl         %ecx, %esi
	0x81, 0xe6, 0xaa, 0xaa, 0xaa, 0xaa, //0x00000d93 andl         $-1431655766, %esi
	0x45, 0x31, 0xff, //0x00000d99 xorl         %r15d, %r15d
	0x01, 0xfe, //0x00000d9c addl         %edi, %esi
	0x41, 0x0f, 0x92, 0xc7, //0x00000d9e setb         %r15b
	0x01, 0xf6, //0x00000da2 addl         %esi, %esi
	0x81, 0xf6, 0x55, 0x55, 0x55, 0x55, //0x00000da4 xorl         $1431655765, %esi
	0x21, 0xde, //0x00000daa andl         %ebx, %esi
	0xf7, 0xd6, //0x00000dac notl         %esi
	0x41, 0x21, 0xf3, //0x00000dae andl         %esi, %r11d
	0x4d, 0x85, 0xdb, //0x00000db1 testq        %r11, %r11
	0x0f, 0x85, 0xbd, 0xf5, 0xff, 0xff, //0x00000db4 jne          LBB0_1
	//0x00000dba LBB0_156
	0x49, 0x83, 0xc6, 0x20, //0x00000dba addq         $32, %r14
	0x49, 0x8d, 0x0c, 0x10, //0x00000dbe leaq         (%r8,%rdx), %rcx
	0x48, 0x83, 0xc1, 0xe0, //0x00000dc2 addq         $-32, %rcx
	0x48, 0x83, 0xc2, 0xe0, //0x00000dc6 addq         $-32, %rdx
	0x48, 0x83, 0xf9, 0x3f, //0x00000dca cmpq         $63, %rcx
	0x0f, 0x8e, 0x16, 0x22, 0x00, 0x00, //0x00000dce jle          LBB0_157
	//0x00000dd4 LBB0_152
	0xc4, 0x81, 0x7e, 0x6f, 0x44, 0x31, 0x01, //0x00000dd4 vmovdqu      $1(%r9,%r14), %ymm0
	0xc5, 0xfd, 0x74, 0xce, //0x00000ddb vpcmpeqb     %ymm6, %ymm0, %ymm1
	0xc5, 0x7d, 0xd7, 0xd9, //0x00000ddf vpmovmskb    %ymm1, %r11d
	0xc5, 0xfd, 0x74, 0xc7, //0x00000de3 vpcmpeqb     %ymm7, %ymm0, %ymm0
	0xc5, 0xfd, 0xd7, 0xc8, //0x00000de7 vpmovmskb    %ymm0, %ecx
	0x85, 0xc9, //0x00000deb testl        %ecx, %ecx
	0x0f, 0x85, 0x8d, 0xff, 0xff, 0xff, //0x00000ded jne          LBB0_155
	0x4d, 0x85, 0xff, //0x00000df3 testq        %r15, %r15
	0x0f, 0x85, 0x84, 0xff, 0xff, 0xff, //0x00000df6 jne          LBB0_155
	0x45, 0x31, 0xff, //0x00000dfc xorl         %r15d, %r15d
	0x4d, 0x85, 0xdb, //0x00000dff testq        %r11, %r11
	0x0f, 0x84, 0xb2, 0xff, 0xff, 0xff, //0x00000e02 je           LBB0_156
	0xe9, 0x6a, 0xf5, 0xff, 0xff, //0x00000e08 jmp          LBB0_1
	//0x00000e0d LBB0_160
	0x4c, 0x89, 0xf6, //0x00000e0d movq         %r14, %rsi
	0x48, 0x29, 0xce, //0x00000e10 subq         %rcx, %rsi
	0x48, 0x83, 0xfe, 0x20, //0x00000e13 cmpq         $32, %rsi
	0x0f, 0x82, 0x4c, 0x28, 0x00, 0x00, //0x00000e17 jb           LBB0_614
	0x4c, 0x89, 0xe8, //0x00000e1d movq         %r13, %rax
	0x48, 0xf7, 0xd0, //0x00000e20 notq         %rax
	0x49, 0x8d, 0x4d, 0x01, //0x00000e23 leaq         $1(%r13), %rcx
	0x49, 0x8d, 0x55, 0x02, //0x00000e27 leaq         $2(%r13), %rdx
	0x4b, 0x8d, 0x34, 0x2a, //0x00000e2b leaq         (%r10,%r13), %rsi
	0x4c, 0x89, 0xef, //0x00000e2f movq         %r13, %rdi
	0x90, 0x90, 0x90, 0x90, 0x90, 0x90, 0x90, 0x90, 0x90, 0x90, 0x90, 0x90, 0x90, 0x90, //0x00000e32 .p2align 4, 0x90
	//0x00000e40 LBB0_162
	0xc4, 0xc1, 0x7e, 0x6f, 0x04, 0x0a, //0x00000e40 vmovdqu      (%r10,%rcx), %ymm0
	0xc5, 0xfd, 0x74, 0xcb, //0x00000e46 vpcmpeqb     %ymm3, %ymm0, %ymm1
	0xc5, 0x8d, 0xdb, 0xc0, //0x00000e4a vpand        %ymm0, %ymm14, %ymm0
	0xc5, 0xfd, 0x74, 0x05, 0x4a, 0xf3, 0xff, 0xff, //0x00000e4e vpcmpeqb     $-3254(%rip), %ymm0, %ymm0  /* LCPI0_8+0(%rip) */
	0xc5, 0xfd, 0xeb, 0xc1, //0x00000e56 vpor         %ymm1, %ymm0, %ymm0
	0xc5, 0xfd, 0xd7, 0xd8, //0x00000e5a vpmovmskb    %ymm0, %ebx
	0x85, 0xdb, //0x00000e5e testl        %ebx, %ebx
	0x0f, 0x85, 0x43, 0x01, 0x00, 0x00, //0x00000e60 jne          LBB0_177
	0x48, 0x83, 0xc1, 0x20, //0x00000e66 addq         $32, %rcx
	0x49, 0x8d, 0x1c, 0x06, //0x00000e6a leaq         (%r14,%rax), %rbx
	0x48, 0x83, 0xc3, 0xe0, //0x00000e6e addq         $-32, %rbx
	0x48, 0x83, 0xc0, 0xe0, //0x00000e72 addq         $-32, %rax
	0x48, 0x83, 0xc2, 0x20, //0x00000e76 addq         $32, %rdx
	0x48, 0x83, 0xc7, 0x20, //0x00000e7a addq         $32, %rdi
	0x48, 0x83, 0xc6, 0x20, //0x00000e7e addq         $32, %rsi
	0x48, 0x83, 0xfb, 0x1f, //0x00000e82 cmpq         $31, %rbx
	0x0f, 0x87, 0xb4, 0xff, 0xff, 0xff, //0x00000e86 ja           LBB0_162
	0x4c, 0x89, 0xd1, //0x00000e8c movq         %r10, %rcx
	0x48, 0x29, 0xc1, //0x00000e8f subq         %rax, %rcx
	0x49, 0x01, 0xc6, //0x00000e92 addq         %rax, %r14
	0x4c, 0x89, 0xf6, //0x00000e95 movq         %r14, %rsi
	0x48, 0x83, 0xfe, 0x10, //0x00000e98 cmpq         $16, %rsi
	0x0f, 0x82, 0x68, 0x00, 0x00, 0x00, //0x00000e9c jb           LBB0_168
	//0x00000ea2 LBB0_165
	0x4d, 0x89, 0xd0, //0x00000ea2 movq         %r10, %r8
	0x49, 0x29, 0xc8, //0x00000ea5 subq         %rcx, %r8
	0x48, 0x89, 0xcf, //0x00000ea8 movq         %rcx, %rdi
	0x4c, 0x29, 0xd7, //0x00000eab subq         %r10, %rdi
	0x48, 0x83, 0xc7, 0x01, //0x00000eae addq         $1, %rdi
	0x48, 0x8d, 0x51, 0xff, //0x00000eb2 leaq         $-1(%rcx), %rdx
	0x48, 0x89, 0xd3, //0x00000eb6 movq         %rdx, %rbx
	0x4c, 0x29, 0xd3, //0x00000eb9 subq         %r10, %rbx
	//0x00000ebc LBB0_166
	0xc5, 0xfa, 0x6f, 0x01, //0x00000ebc vmovdqu      (%rcx), %xmm0
	0xc5, 0xf9, 0x74, 0x0d, 0x48, 0xf1, 0xff, 0xff, //0x00000ec0 vpcmpeqb     $-3768(%rip), %xmm0, %xmm1  /* LCPI0_11+0(%rip) */
	0xc5, 0xf9, 0xdb, 0x05, 0x50, 0xf1, 0xff, 0xff, //0x00000ec8 vpand        $-3760(%rip), %xmm0, %xmm0  /* LCPI0_12+0(%rip) */
	0xc5, 0xf9, 0x74, 0x05, 0x58, 0xf1, 0xff, 0xff, //0x00000ed0 vpcmpeqb     $-3752(%rip), %xmm0, %xmm0  /* LCPI0_13+0(%rip) */
	0xc5, 0xf9, 0xeb, 0xc1, //0x00000ed8 vpor         %xmm1, %xmm0, %xmm0
	0xc5, 0xf9, 0xd7, 0xc0, //0x00000edc vpmovmskb    %xmm0, %eax
	0x85, 0xc0, //0x00000ee0 testl        %eax, %eax
	0x0f, 0x85, 0xb8, 0x21, 0x00, 0x00, //0x00000ee2 jne          LBB0_557
	0x48, 0x83, 0xc1, 0x10, //0x00000ee8 addq         $16, %rcx
	0x48, 0x83, 0xc6, 0xf0, //0x00000eec addq         $-16, %rsi
	0x49, 0x83, 0xc0, 0xf0, //0x00000ef0 addq         $-16, %r8
	0x48, 0x83, 0xc7, 0x10, //0x00000ef4 addq         $16, %rdi
	0x48, 0x83, 0xc3, 0x10, //0x00000ef8 addq         $16, %rbx
	0x48, 0x83, 0xc2, 0x10, //0x00000efc addq         $16, %rdx
	0x48, 0x83, 0xfe, 0x0f, //0x00000f00 cmpq         $15, %rsi
	0x0f, 0x87, 0xb2, 0xff, 0xff, 0xff, //0x00000f04 ja           LBB0_166
	//0x00000f0a LBB0_168
	0xc5, 0x7d, 0x7f, 0xe1, //0x00000f0a vmovdqa      %ymm12, %ymm1
	0xc5, 0x7d, 0x7f, 0xd8, //0x00000f0e vmovdqa      %ymm11, %ymm0
	0xc4, 0x41, 0x7d, 0x6f, 0xdd, //0x00000f12 vmovdqa      %ymm13, %ymm11
	0x48, 0x85, 0xf6, //0x00000f17 testq        %rsi, %rsi
	0x0f, 0x84, 0x48, 0x00, 0x00, 0x00, //0x00000f1a je           LBB0_176
	0x48, 0x8d, 0x04, 0x31, //0x00000f20 leaq         (%rcx,%rsi), %rax
	0x48, 0xbf, 0x00, 0x26, 0x00, 0x00, 0x01, 0x10, 0x00, 0x00, //0x00000f24 movabsq      $17596481021440, %rdi
	//0x00000f2e LBB0_170
	0x0f, 0xb6, 0x11, //0x00000f2e movzbl       (%rcx), %edx
	0x48, 0x83, 0xfa, 0x2c, //0x00000f31 cmpq         $44, %rdx
	0x0f, 0x87, 0x0a, 0x00, 0x00, 0x00, //0x00000f35 ja           LBB0_172
	0x48, 0x0f, 0xa3, 0xd7, //0x00000f3b btq          %rdx, %rdi
	0x0f, 0x82, 0x23, 0x00, 0x00, 0x00, //0x00000f3f jb           LBB0_176
	//0x00000f45 LBB0_172
	0x80, 0xfa, 0x5d, //0x00000f45 cmpb         $93, %dl
	0x0f, 0x84, 0x1a, 0x00, 0x00, 0x00, //0x00000f48 je           LBB0_176
	0x80, 0xfa, 0x7d, //0x00000f4e cmpb         $125, %dl
	0x0f, 0x84, 0x11, 0x00, 0x00, 0x00, //0x00000f51 je           LBB0_176
	0x48, 0x83, 0xc1, 0x01, //0x00000f57 addq         $1, %rcx
	0x48, 0x83, 0xc6, 0xff, //0x00000f5b addq         $-1, %rsi
	0x0f, 0x85, 0xc9, 0xff, 0xff, 0xff, //0x00000f5f jne          LBB0_170
	//0x00000f65 LBB0_175
	0x48, 0x89, 0xc1, //0x00000f65 movq         %rax, %rcx
	//0x00000f68 LBB0_176
	0x4c, 0x29, 0xd1, //0x00000f68 subq         %r10, %rcx
	0x4c, 0x8b, 0x5c, 0x24, 0x18, //0x00000f6b movq         $24(%rsp), %r11
	0x49, 0x89, 0x0b, //0x00000f70 movq         %rcx, (%r11)
	0x4c, 0x8b, 0x4c, 0x24, 0x50, //0x00000f73 movq         $80(%rsp), %r9
	0x4c, 0x8b, 0x64, 0x24, 0x08, //0x00000f78 movq         $8(%rsp), %r12
	0x4c, 0x8b, 0x44, 0x24, 0x30, //0x00000f7d movq         $48(%rsp), %r8
	0xc4, 0x41, 0x35, 0x76, 0xc9, //0x00000f82 vpcmpeqd     %ymm9, %ymm9, %ymm9
	0xc4, 0x41, 0x7d, 0x6f, 0xeb, //0x00000f87 vmovdqa      %ymm11, %ymm13
	0xc5, 0xfe, 0x6f, 0x25, 0x0c, 0xf3, 0xff, 0xff, //0x00000f8c vmovdqu      $-3316(%rip), %ymm4  /* LCPI0_19+0(%rip) */
	0xc5, 0xfe, 0x6f, 0x1d, 0x24, 0xf2, 0xff, 0xff, //0x00000f94 vmovdqu      $-3548(%rip), %ymm3  /* LCPI0_9+0(%rip) */
	0xc5, 0x7d, 0x6f, 0xd8, //0x00000f9c vmovdqa      %ymm0, %ymm11
	0xc5, 0x7d, 0x6f, 0xe1, //0x00000fa0 vmovdqa      %ymm1, %ymm12
	0xe9, 0xef, 0xf3, 0xff, 0xff, //0x00000fa4 jmp          LBB0_3
	//0x00000fa9 LBB0_177
	0x0f, 0xbc, 0xdb, //0x00000fa9 bsfl         %ebx, %ebx
	0x48, 0x89, 0xd9, //0x00000fac movq         %rbx, %rcx
	0x48, 0x29, 0xc1, //0x00000faf subq         %rax, %rcx
	0x49, 0x89, 0x0b, //0x00000fb2 movq         %rcx, (%r11)
	0x48, 0x85, 0xc9, //0x00000fb5 testq        %rcx, %rcx
	0x0f, 0x8e, 0xda, 0xf3, 0xff, 0xff, //0x00000fb8 jle          LBB0_3
	0x48, 0x01, 0xda, //0x00000fbe addq         %rbx, %rdx
	0x48, 0x01, 0xdf, //0x00000fc1 addq         %rbx, %rdi
	0x48, 0x01, 0xde, //0x00000fc4 addq         %rbx, %rsi
	0x48, 0xbb, 0x00, 0x26, 0x00, 0x00, 0x01, 0x00, 0x00, 0x00, //0x00000fc7 movabsq      $4294977024, %rbx
	0x90, 0x90, 0x90, 0x90, 0x90, 0x90, 0x90, 0x90, 0x90, 0x90, 0x90, 0x90, 0x90, 0x90, 0x90, //0x00000fd1 .p2align 4, 0x90
	//0x00000fe0 LBB0_179
	0x0f, 0xb6, 0x06, //0x00000fe0 movzbl       (%rsi), %eax
	0x48, 0x83, 0xf8, 0x20, //0x00000fe3 cmpq         $32, %rax
	0x0f, 0x87, 0xab, 0xf3, 0xff, 0xff, //0x00000fe7 ja           LBB0_3
	0x48, 0x0f, 0xa3, 0xc3, //0x00000fed btq          %rax, %rbx
	0x0f, 0x83, 0xa1, 0xf3, 0xff, 0xff, //0x00000ff1 jae          LBB0_3
	0x49, 0x89, 0x3b, //0x00000ff7 movq         %rdi, (%r11)
	0x48, 0x83, 0xc2, 0xff, //0x00000ffa addq         $-1, %rdx
	0x48, 0x83, 0xc7, 0xff, //0x00000ffe addq         $-1, %rdi
	0x48, 0x83, 0xc6, 0xff, //0x00001002 addq         $-1, %rsi
	0x48, 0x83, 0xc1, 0xff, //0x00001006 addq         $-1, %rcx
	0x48, 0x83, 0xfa, 0x01, //0x0000100a cmpq         $1, %rdx
	0x0f, 0x8f, 0xcc, 0xff, 0xff, 0xff, //0x0000100e jg           LBB0_179
	//0x00001014 LBB0_182
	0x31, 0xc9, //0x00001014 xorl         %ecx, %ecx
	0xe9, 0x7d, 0xf3, 0xff, 0xff, //0x00001016 jmp          LBB0_3
	//0x0000101b LBB0_183
	0x4d, 0x89, 0xce, //0x0000101b movq         %r9, %r14
	0x49, 0x29, 0xce, //0x0000101e subq         %rcx, %r14
	0x49, 0x83, 0xfe, 0x20, //0x00001021 cmpq         $32, %r14
	0x0f, 0x8c, 0x93, 0x26, 0x00, 0x00, //0x00001025 jl           LBB0_619
	0x4f, 0x8d, 0x04, 0x2a, //0x0000102b leaq         (%r10,%r13), %r8
	0x4d, 0x29, 0xe9, //0x0000102f subq         %r13, %r9
	0xba, 0x1f, 0x00, 0x00, 0x00, //0x00001032 movl         $31, %edx
	0x45, 0x31, 0xf6, //0x00001037 xorl         %r14d, %r14d
	0x45, 0x31, 0xff, //0x0000103a xorl         %r15d, %r15d
	0xe9, 0x62, 0x00, 0x00, 0x00, //0x0000103d jmp          LBB0_185
	0x90, 0x90, 0x90, 0x90, 0x90, 0x90, 0x90, 0x90, 0x90, 0x90, 0x90, 0x90, 0x90, 0x90, //0x00001042 .p2align 4, 0x90
	//0x00001050 LBB0_190
	0x44, 0x89, 0xff, //0x00001050 movl         %r15d, %edi
	0xf7, 0xd7, //0x00001053 notl         %edi
	0x21, 0xcf, //0x00001055 andl         %ecx, %edi
	0x8d, 0x1c, 0x3f, //0x00001057 leal         (%rdi,%rdi), %ebx
	0x44, 0x09, 0xfb, //0x0000105a orl          %r15d, %ebx
	0x89, 0xde, //0x0000105d movl         %ebx, %esi
	0xf7, 0xd6, //0x0000105f notl         %esi
	0x21, 0xce, //0x00001061 andl         %ecx, %esi
	0x81, 0xe6, 0xaa, 0xaa, 0xaa, 0xaa, //0x00001063 andl         $-1431655766, %esi
	0x45, 0x31, 0xff, //0x00001069 xorl         %r15d, %r15d
	0x01, 0xfe, //0x0000106c addl         %edi, %esi
	0x41, 0x0f, 0x92, 0xc7, //0x0000106e setb         %r15b
	0x01, 0xf6, //0x00001072 addl         %esi, %esi
	0x81, 0xf6, 0x55, 0x55, 0x55, 0x55, //0x00001074 xorl         $1431655765, %esi
	0x21, 0xde, //0x0000107a andl         %ebx, %esi
	0xf7, 0xd6, //0x0000107c notl         %esi
	0x41, 0x21, 0xf3, //0x0000107e andl         %esi, %r11d
	0x4d, 0x85, 0xdb, //0x00001081 testq        %r11, %r11
	0x0f, 0x85, 0x4e, 0x00, 0x00, 0x00, //0x00001084 jne          LBB0_188
	//0x0000108a LBB0_191
	0x49, 0x83, 0xc6, 0x20, //0x0000108a addq         $32, %r14
	0x49, 0x8d, 0x0c, 0x11, //0x0000108e leaq         (%r9,%rdx), %rcx
	0x48, 0x83, 0xc1, 0xe0, //0x00001092 addq         $-32, %rcx
	0x48, 0x83, 0xc2, 0xe0, //0x00001096 addq         $-32, %rdx
	0x48, 0x83, 0xf9, 0x3f, //0x0000109a cmpq         $63, %rcx
	0x0f, 0x8e, 0x3a, 0x22, 0x00, 0x00, //0x0000109e jle          LBB0_192
	//0x000010a4 LBB0_185
	0xc4, 0x81, 0x7e, 0x6f, 0x44, 0x30, 0x01, //0x000010a4 vmovdqu      $1(%r8,%r14), %ymm0
	0xc5, 0xfd, 0x74, 0xce, //0x000010ab vpcmpeqb     %ymm6, %ymm0, %ymm1
	0xc5, 0x7d, 0xd7, 0xd9, //0x000010af vpmovmskb    %ymm1, %r11d
	0xc5, 0xfd, 0x74, 0xc7, //0x000010b3 vpcmpeqb     %ymm7, %ymm0, %ymm0
	0xc5, 0xfd, 0xd7, 0xc8, //0x000010b7 vpmovmskb    %ymm0, %ecx
	0x85, 0xc9, //0x000010bb testl        %ecx, %ecx
	0x0f, 0x85, 0x8d, 0xff, 0xff, 0xff, //0x000010bd jne          LBB0_190
	0x4d, 0x85, 0xff, //0x000010c3 testq        %r15, %r15
	0x0f, 0x85, 0x84, 0xff, 0xff, 0xff, //0x000010c6 jne          LBB0_190
	0x45, 0x31, 0xff, //0x000010cc xorl         %r15d, %r15d
	0x4d, 0x85, 0xdb, //0x000010cf testq        %r11, %r11
	0x0f, 0x84, 0xb2, 0xff, 0xff, 0xff, //0x000010d2 je           LBB0_191
	//0x000010d8 LBB0_188
	0x41, 0x0f, 0xbc, 0xc3, //0x000010d8 bsfl         %r11d, %eax
	0x4c, 0x01, 0xe8, //0x000010dc addq         %r13, %rax
	0x49, 0x8d, 0x0c, 0x06, //0x000010df leaq         (%r14,%rax), %rcx
	0x48, 0x83, 0xc1, 0x02, //0x000010e3 addq         $2, %rcx
	0x4c, 0x8b, 0x5c, 0x24, 0x18, //0x000010e7 movq         $24(%rsp), %r11
	0x4c, 0x8b, 0x4c, 0x24, 0x50, //0x000010ec movq         $80(%rsp), %r9
	0x4c, 0x8b, 0x44, 0x24, 0x30, //0x000010f1 movq         $48(%rsp), %r8
	//0x000010f6 LBB0_189
	0x49, 0x89, 0x0b, //0x000010f6 movq         %rcx, (%r11)
	0x4c, 0x89, 0xe8, //0x000010f9 movq         %r13, %rax
	0x48, 0xba, 0xfe, 0xff, 0xff, 0xff, 0xff, 0xff, 0xff, 0x7f, //0x000010fc movabsq      $9223372036854775806, %rdx
	0x49, 0x39, 0xd5, //0x00001106 cmpq         %rdx, %r13
	0x0f, 0x86, 0x87, 0x10, 0x00, 0x00, //0x00001109 jbe          LBB0_413
	0xe9, 0x06, 0x43, 0x00, 0x00, //0x0000110f jmp          LBB0_949
	//0x00001114 LBB0_195
	0x4d, 0x89, 0xc1, //0x00001114 movq         %r8, %r9
	0x49, 0x29, 0xc9, //0x00001117 subq         %rcx, %r9
	0x0f, 0x84, 0x71, 0x44, 0x00, 0x00, //0x0000111a je           LBB0_943
	0x4d, 0x8d, 0x34, 0x0a, //0x00001120 leaq         (%r10,%rcx), %r14
	0x48, 0xc7, 0xc7, 0xff, 0xff, 0xff, 0xff, //0x00001124 movq         $-1, %rdi
	0x45, 0x31, 0xdb, //0x0000112b xorl         %r11d, %r11d
	0x49, 0x83, 0xf9, 0x40, //0x0000112e cmpq         $64, %r9
	0x0f, 0x82, 0x5a, 0x21, 0x00, 0x00, //0x00001132 jb           LBB0_213
	0x90, 0x90, 0x90, 0x90, 0x90, 0x90, 0x90, 0x90, //0x00001138 .p2align 4, 0x90
	//0x00001140 LBB0_197
	0xc4, 0xc1, 0x7e, 0x6f, 0x06, //0x00001140 vmovdqu      (%r14), %ymm0
	0xc4, 0xc1, 0x7e, 0x6f, 0x4e, 0x20, //0x00001145 vmovdqu      $32(%r14), %ymm1
	0xc5, 0xfd, 0x74, 0xd6, //0x0000114b vpcmpeqb     %ymm6, %ymm0, %ymm2
	0xc5, 0xfd, 0xd7, 0xda, //0x0000114f vpmovmskb    %ymm2, %ebx
	0xc5, 0xf5, 0x74, 0xd6, //0x00001153 vpcmpeqb     %ymm6, %ymm1, %ymm2
	0xc5, 0xfd, 0xd7, 0xd2, //0x00001157 vpmovmskb    %ymm2, %edx
	0xc5, 0xfd, 0x74, 0xd7, //0x0000115b vpcmpeqb     %ymm7, %ymm0, %ymm2
	0xc5, 0xfd, 0xd7, 0xc2, //0x0000115f vpmovmskb    %ymm2, %eax
	0xc5, 0xf5, 0x74, 0xd7, //0x00001163 vpcmpeqb     %ymm7, %ymm1, %ymm2
	0xc5, 0xfd, 0xd7, 0xf2, //0x00001167 vpmovmskb    %ymm2, %esi
	0x48, 0xc1, 0xe2, 0x20, //0x0000116b shlq         $32, %rdx
	0x48, 0x09, 0xd3, //0x0000116f orq          %rdx, %rbx
	0x48, 0xc1, 0xe6, 0x20, //0x00001172 shlq         $32, %rsi
	0x48, 0x09, 0xf0, //0x00001176 orq          %rsi, %rax
	0x0f, 0x85, 0x30, 0x00, 0x00, 0x00, //0x00001179 jne          LBB0_206
	0x4d, 0x85, 0xdb, //0x0000117f testq        %r11, %r11
	0x0f, 0x85, 0x3e, 0x00, 0x00, 0x00, //0x00001182 jne          LBB0_208
	0x45, 0x31, 0xdb, //0x00001188 xorl         %r11d, %r11d
	0x45, 0x31, 0xe4, //0x0000118b xorl         %r12d, %r12d
	0x48, 0x85, 0xdb, //0x0000118e testq        %rbx, %rbx
	0x0f, 0x84, 0x89, 0x00, 0x00, 0x00, //0x00001191 je           LBB0_209
	//0x00001197 LBB0_200
	0x48, 0x0f, 0xbc, 0xf3, //0x00001197 bsfq         %rbx, %rsi
	0x4d, 0x89, 0xf7, //0x0000119b movq         %r14, %r15
	0x4d, 0x29, 0xd7, //0x0000119e subq         %r10, %r15
	0x4d, 0x85, 0xe4, //0x000011a1 testq        %r12, %r12
	0x0f, 0x84, 0x8a, 0x00, 0x00, 0x00, //0x000011a4 je           LBB0_210
	0xe9, 0x9d, 0x02, 0x00, 0x00, //0x000011aa jmp          LBB0_201
	//0x000011af LBB0_206
	0x48, 0x83, 0xff, 0xff, //0x000011af cmpq         $-1, %rdi
	0x0f, 0x85, 0x0d, 0x00, 0x00, 0x00, //0x000011b3 jne          LBB0_208
	0x4c, 0x89, 0xf2, //0x000011b9 movq         %r14, %rdx
	0x4c, 0x29, 0xd2, //0x000011bc subq         %r10, %rdx
	0x48, 0x0f, 0xbc, 0xf8, //0x000011bf bsfq         %rax, %rdi
	0x48, 0x01, 0xd7, //0x000011c3 addq         %rdx, %rdi
	//0x000011c6 LBB0_208
	0x4d, 0x89, 0xdc, //0x000011c6 movq         %r11, %r12
	0x49, 0xf7, 0xd4, //0x000011c9 notq         %r12
	0x49, 0x21, 0xc4, //0x000011cc andq         %rax, %r12
	0x4b, 0x8d, 0x14, 0x24, //0x000011cf leaq         (%r12,%r12), %rdx
	0x4c, 0x09, 0xda, //0x000011d3 orq          %r11, %rdx
	0x48, 0x89, 0xd6, //0x000011d6 movq         %rdx, %rsi
	0x48, 0xf7, 0xd6, //0x000011d9 notq         %rsi
	0x48, 0x21, 0xc6, //0x000011dc andq         %rax, %rsi
	0x48, 0xb8, 0xaa, 0xaa, 0xaa, 0xaa, 0xaa, 0xaa, 0xaa, 0xaa, //0x000011df movabsq      $-6148914691236517206, %rax
	0x48, 0x21, 0xc6, //0x000011e9 andq         %rax, %rsi
	0x45, 0x31, 0xdb, //0x000011ec xorl         %r11d, %r11d
	0x4c, 0x01, 0xe6, //0x000011ef addq         %r12, %rsi
	0x41, 0x0f, 0x92, 0xc3, //0x000011f2 setb         %r11b
	0x48, 0x01, 0xf6, //0x000011f6 addq         %rsi, %rsi
	0x48, 0xb8, 0x55, 0x55, 0x55, 0x55, 0x55, 0x55, 0x55, 0x55, //0x000011f9 movabsq      $6148914691236517205, %rax
	0x48, 0x31, 0xc6, //0x00001203 xorq         %rax, %rsi
	0x48, 0x21, 0xd6, //0x00001206 andq         %rdx, %rsi
	0x48, 0xf7, 0xd6, //0x00001209 notq         %rsi
	0x48, 0x21, 0xf3, //0x0000120c andq         %rsi, %rbx
	0x48, 0x85, 0xdb, //0x0000120f testq        %rbx, %rbx
	0x0f, 0x85, 0x7f, 0xff, 0xff, 0xff, //0x00001212 jne          LBB0_200
	0x90, 0x90, 0x90, 0x90, 0x90, 0x90, 0x90, 0x90, //0x00001218 .p2align 4, 0x90
	//0x00001220 LBB0_209
	0xbe, 0x40, 0x00, 0x00, 0x00, //0x00001220 movl         $64, %esi
	0x4d, 0x89, 0xf7, //0x00001225 movq         %r14, %r15
	0x4d, 0x29, 0xd7, //0x00001228 subq         %r10, %r15
	0x4d, 0x85, 0xe4, //0x0000122b testq        %r12, %r12
	0x0f, 0x85, 0x18, 0x02, 0x00, 0x00, //0x0000122e jne          LBB0_201
	//0x00001234 LBB0_210
	0xc5, 0xbd, 0x64, 0xd1, //0x00001234 vpcmpgtb     %ymm1, %ymm8, %ymm2
	0xc4, 0xc1, 0x75, 0x64, 0xc9, //0x00001238 vpcmpgtb     %ymm9, %ymm1, %ymm1
	0xc5, 0xed, 0xdb, 0xc9, //0x0000123d vpand        %ymm1, %ymm2, %ymm1
	0xc5, 0xfd, 0xd7, 0xc1, //0x00001241 vpmovmskb    %ymm1, %eax
	0x48, 0xc1, 0xe0, 0x20, //0x00001245 shlq         $32, %rax
	0xc5, 0xbd, 0x64, 0xc8, //0x00001249 vpcmpgtb     %ymm0, %ymm8, %ymm1
	0xc4, 0xc1, 0x7d, 0x64, 0xc1, //0x0000124d vpcmpgtb     %ymm9, %ymm0, %ymm0
	0xc5, 0xf5, 0xdb, 0xc0, //0x00001252 vpand        %ymm0, %ymm1, %ymm0
	0xc5, 0xfd, 0xd7, 0xd0, //0x00001256 vpmovmskb    %ymm0, %edx
	0x48, 0x09, 0xc2, //0x0000125a orq          %rax, %rdx
	0x48, 0x85, 0xdb, //0x0000125d testq        %rbx, %rbx
	0x0f, 0x85, 0x80, 0x02, 0x00, 0x00, //0x00001260 jne          LBB0_237
	0x48, 0x85, 0xd2, //0x00001266 testq        %rdx, %rdx
	0x0f, 0x85, 0xc5, 0x41, 0x00, 0x00, //0x00001269 jne          LBB0_923
	0x49, 0x83, 0xc6, 0x40, //0x0000126f addq         $64, %r14
	0x49, 0x83, 0xc1, 0xc0, //0x00001273 addq         $-64, %r9
	0x49, 0x83, 0xf9, 0x3f, //0x00001277 cmpq         $63, %r9
	0x0f, 0x87, 0xbf, 0xfe, 0xff, 0xff, //0x0000127b ja           LBB0_197
	0xe9, 0x0c, 0x20, 0x00, 0x00, //0x00001281 jmp          LBB0_213
	//0x00001286 LBB0_218
	0x48, 0x83, 0x7c, 0x24, 0x48, 0x05, //0x00001286 cmpq         $5, $72(%rsp)
	0x0f, 0x82, 0x00, 0x44, 0x00, 0x00, //0x0000128c jb           LBB0_962
	0x48, 0x8b, 0x4c, 0x24, 0x20, //0x00001292 movq         $32(%rsp), %rcx
	0x41, 0x8b, 0x4c, 0x0a, 0x01, //0x00001297 movl         $1(%r10,%rcx), %ecx
	0x89, 0xcf, //0x0000129c movl         %ecx, %edi
	0xf7, 0xd7, //0x0000129e notl         %edi
	0x8d, 0x91, 0xd0, 0xcf, 0xcf, 0xcf, //0x000012a0 leal         $-808464432(%rcx), %edx
	0x89, 0x54, 0x24, 0x40, //0x000012a6 movl         %edx, $64(%rsp)
	0x81, 0xe7, 0x80, 0x80, 0x80, 0x80, //0x000012aa andl         $-2139062144, %edi
	0x89, 0x7c, 0x24, 0x38, //0x000012b0 movl         %edi, $56(%rsp)
	0x85, 0x7c, 0x24, 0x40, //0x000012b4 testl        %edi, $64(%rsp)
	0x0f, 0x85, 0x2d, 0x43, 0x00, 0x00, //0x000012b8 jne          LBB0_966
	0x8d, 0xb9, 0x19, 0x19, 0x19, 0x19, //0x000012be leal         $421075225(%rcx), %edi
	0x09, 0xcf, //0x000012c4 orl          %ecx, %edi
	0xf7, 0xc7, 0x80, 0x80, 0x80, 0x80, //0x000012c6 testl        $-2139062144, %edi
	0x0f, 0x85, 0x19, 0x43, 0x00, 0x00, //0x000012cc jne          LBB0_966
	0x48, 0x89, 0x4c, 0x24, 0x58, //0x000012d2 movq         %rcx, $88(%rsp)
	0x81, 0xe1, 0x7f, 0x7f, 0x7f, 0x7f, //0x000012d7 andl         $2139062143, %ecx
	0xbf, 0xc0, 0xc0, 0xc0, 0xc0, //0x000012dd movl         $-1061109568, %edi
	0x29, 0xcf, //0x000012e2 subl         %ecx, %edi
	0x48, 0x89, 0xca, //0x000012e4 movq         %rcx, %rdx
	0x81, 0xc1, 0x46, 0x46, 0x46, 0x46, //0x000012e7 addl         $1179010630, %ecx
	0x89, 0x4c, 0x24, 0x40, //0x000012ed movl         %ecx, $64(%rsp)
	0x8b, 0x4c, 0x24, 0x38, //0x000012f1 movl         $56(%rsp), %ecx
	0x21, 0xcf, //0x000012f5 andl         %ecx, %edi
	0x85, 0x7c, 0x24, 0x40, //0x000012f7 testl        %edi, $64(%rsp)
	0x0f, 0x85, 0xea, 0x42, 0x00, 0x00, //0x000012fb jne          LBB0_966
	0xbf, 0xe0, 0xe0, 0xe0, 0xe0, //0x00001301 movl         $-522133280, %edi
	0x29, 0xd7, //0x00001306 subl         %edx, %edi
	0x81, 0xc2, 0x39, 0x39, 0x39, 0x39, //0x00001308 addl         $960051513, %edx
	0x21, 0xf9, //0x0000130e andl         %edi, %ecx
	0x85, 0xd1, //0x00001310 testl        %edx, %ecx
	0x0f, 0x85, 0xd3, 0x42, 0x00, 0x00, //0x00001312 jne          LBB0_966
	0x48, 0x8b, 0x7c, 0x24, 0x58, //0x00001318 movq         $88(%rsp), %rdi
	0x0f, 0xcf, //0x0000131d bswapl       %edi
	0x89, 0xf8, //0x0000131f movl         %edi, %eax
	0xc1, 0xe8, 0x04, //0x00001321 shrl         $4, %eax
	0xf7, 0xd0, //0x00001324 notl         %eax
	0x25, 0x01, 0x01, 0x01, 0x01, //0x00001326 andl         $16843009, %eax
	0x8d, 0x04, 0xc0, //0x0000132b leal         (%rax,%rax,8), %eax
	0x81, 0xe7, 0x0f, 0x0f, 0x0f, 0x0f, //0x0000132e andl         $252645135, %edi
	0x01, 0xc7, //0x00001334 addl         %eax, %edi
	0x89, 0xf8, //0x00001336 movl         %edi, %eax
	0xc1, 0xe8, 0x0c, //0x00001338 shrl         $12, %eax
	0xc1, 0xef, 0x08, //0x0000133b shrl         $8, %edi
	0x09, 0xc7, //0x0000133e orl          %eax, %edi
	0x81, 0xe7, 0x00, 0xfc, 0x00, 0x00, //0x00001340 andl         $64512, %edi
	0x81, 0xff, 0x00, 0xd8, 0x00, 0x00, //0x00001346 cmpl         $55296, %edi
	0x0f, 0x85, 0xec, 0x00, 0x00, 0x00, //0x0000134c jne          LBB0_233
	0x48, 0x83, 0x7c, 0x24, 0x48, 0x0b, //0x00001352 cmpq         $11, $72(%rsp)
	0x0f, 0x82, 0xe0, 0x00, 0x00, 0x00, //0x00001358 jb           LBB0_233
	0x48, 0x8b, 0x44, 0x24, 0x20, //0x0000135e movq         $32(%rsp), %rax
	0x41, 0x80, 0x7c, 0x02, 0x05, 0x5c, //0x00001363 cmpb         $92, $5(%r10,%rax)
	0x0f, 0x85, 0xcf, 0x00, 0x00, 0x00, //0x00001369 jne          LBB0_233
	0x48, 0x8b, 0x44, 0x24, 0x20, //0x0000136f movq         $32(%rsp), %rax
	0x41, 0x80, 0x7c, 0x02, 0x06, 0x75, //0x00001374 cmpb         $117, $6(%r10,%rax)
	0x0f, 0x85, 0xbe, 0x00, 0x00, 0x00, //0x0000137a jne          LBB0_233
	0x48, 0x8b, 0x44, 0x24, 0x20, //0x00001380 movq         $32(%rsp), %rax
	0x41, 0x8b, 0x4c, 0x02, 0x07, //0x00001385 movl         $7(%r10,%rax), %ecx
	0x89, 0xc8, //0x0000138a movl         %ecx, %eax
	0xf7, 0xd0, //0x0000138c notl         %eax
	0x8d, 0x91, 0xd0, 0xcf, 0xcf, 0xcf, //0x0000138e leal         $-808464432(%rcx), %edx
	0x25, 0x80, 0x80, 0x80, 0x80, //0x00001394 andl         $-2139062144, %eax
	0x85, 0xd0, //0x00001399 testl        %edx, %eax
	0x0f, 0x85, 0x9d, 0x00, 0x00, 0x00, //0x0000139b jne          LBB0_233
	0x8d, 0x91, 0x19, 0x19, 0x19, 0x19, //0x000013a1 leal         $421075225(%rcx), %edx
	0x09, 0xca, //0x000013a7 orl          %ecx, %edx
	0xf7, 0xc2, 0x80, 0x80, 0x80, 0x80, //0x000013a9 testl        $-2139062144, %edx
	0x0f, 0x85, 0x89, 0x00, 0x00, 0x00, //0x000013af jne          LBB0_233
	0x89, 0xca, //0x000013b5 movl         %ecx, %edx
	0x81, 0xe2, 0x7f, 0x7f, 0x7f, 0x7f, //0x000013b7 andl         $2139062143, %edx
	0xbf, 0xc0, 0xc0, 0xc0, 0xc0, //0x000013bd movl         $-1061109568, %edi
	0x29, 0xd7, //0x000013c2 subl         %edx, %edi
	0x48, 0x89, 0x54, 0x24, 0x20, //0x000013c4 movq         %rdx, $32(%rsp)
	0x81, 0xc2, 0x46, 0x46, 0x46, 0x46, //0x000013c9 addl         $1179010630, %edx
	0x89, 0x54, 0x24, 0x48, //0x000013cf movl         %edx, $72(%rsp)
	0x21, 0xc7, //0x000013d3 andl         %eax, %edi
	0x85, 0x7c, 0x24, 0x48, //0x000013d5 testl        %edi, $72(%rsp)
	0x0f, 0x85, 0x5f, 0x00, 0x00, 0x00, //0x000013d9 jne          LBB0_233
	0xbf, 0xe0, 0xe0, 0xe0, 0xe0, //0x000013df movl         $-522133280, %edi
	0x48, 0x8b, 0x54, 0x24, 0x20, //0x000013e4 movq         $32(%rsp), %rdx
	0x29, 0xd7, //0x000013e9 subl         %edx, %edi
	0x81, 0xc2, 0x39, 0x39, 0x39, 0x39, //0x000013eb addl         $960051513, %edx
	0x21, 0xf8, //0x000013f1 andl         %edi, %eax
	0x85, 0xd0, //0x000013f3 testl        %edx, %eax
	0x0f, 0x85, 0x43, 0x00, 0x00, 0x00, //0x000013f5 jne          LBB0_233
	0x0f, 0xc9, //0x000013fb bswapl       %ecx
	0x89, 0xc8, //0x000013fd movl         %ecx, %eax
	0xc1, 0xe8, 0x04, //0x000013ff shrl         $4, %eax
	0xf7, 0xd0, //0x00001402 notl         %eax
	0x25, 0x01, 0x01, 0x01, 0x01, //0x00001404 andl         $16843009, %eax
	0x8d, 0x04, 0xc0, //0x00001409 leal         (%rax,%rax,8), %eax
	0x81, 0xe1, 0x0f, 0x0f, 0x0f, 0x0f, //0x0000140c andl         $252645135, %ecx
	0x01, 0xc1, //0x00001412 addl         %eax, %ecx
	0x89, 0xc8, //0x00001414 movl         %ecx, %eax
	0xc1, 0xe8, 0x0c, //0x00001416 shrl         $12, %eax
	0xc1, 0xe9, 0x08, //0x00001419 shrl         $8, %ecx
	0x09, 0xc1, //0x0000141c orl          %eax, %ecx
	0x81, 0xe1, 0x00, 0xfc, 0x00, 0x00, //0x0000141e andl         $64512, %ecx
	0x81, 0xf9, 0x00, 0xdc, 0x00, 0x00, //0x00001424 cmpl         $56320, %ecx
	0x0f, 0x85, 0x0e, 0x00, 0x00, 0x00, //0x0000142a jne          LBB0_233
	0x48, 0x8b, 0x4c, 0x24, 0x28, //0x00001430 movq         $40(%rsp), %rcx
	0x48, 0x83, 0xc1, 0x0c, //0x00001435 addq         $12, %rcx
	0xe9, 0x7f, 0x00, 0x00, 0x00, //0x00001439 jmp          LBB0_235
	//0x0000143e LBB0_233
	0x48, 0x8b, 0x4c, 0x24, 0x28, //0x0000143e movq         $40(%rsp), %rcx
	0x48, 0x83, 0xc1, 0x06, //0x00001443 addq         $6, %rcx
	0xe9, 0x71, 0x00, 0x00, 0x00, //0x00001447 jmp          LBB0_235
	//0x0000144c LBB0_201
	0x49, 0x0f, 0xbc, 0xc4, //0x0000144c bsfq         %r12, %rax
	0x48, 0x39, 0xf0, //0x00001450 cmpq         %rsi, %rax
	0x0f, 0x83, 0xdb, 0xfd, 0xff, 0xff, //0x00001453 jae          LBB0_210
	0x4c, 0x01, 0xf8, //0x00001459 addq         %r15, %rax
	0x48, 0x39, 0xc8, //0x0000145c cmpq         %rcx, %rax
	0x0f, 0x8c, 0x6e, 0x00, 0x00, 0x00, //0x0000145f jl           LBB0_236
	0x48, 0x89, 0x7c, 0x24, 0x10, //0x00001465 movq         %rdi, $16(%rsp)
	0x48, 0x89, 0x44, 0x24, 0x28, //0x0000146a movq         %rax, $40(%rsp)
	0x48, 0x83, 0xc0, 0x01, //0x0000146f addq         $1, %rax
	0x4c, 0x89, 0xc1, //0x00001473 movq         %r8, %rcx
	0x48, 0x29, 0xc1, //0x00001476 subq         %rax, %rcx
	0x0f, 0x84, 0x13, 0x42, 0x00, 0x00, //0x00001479 je           LBB0_962
	0x48, 0x89, 0x4c, 0x24, 0x48, //0x0000147f movq         %rcx, $72(%rsp)
	0x48, 0x89, 0x44, 0x24, 0x20, //0x00001484 movq         %rax, $32(%rsp)
	0x41, 0x0f, 0xbe, 0x3c, 0x02, //0x00001489 movsbl       (%r10,%rax), %edi
	0x48, 0xc7, 0xc0, 0xfe, 0xff, 0xff, 0xff, //0x0000148e movq         $-2, %rax
	0x83, 0xc7, 0xde, //0x00001495 addl         $-34, %edi
	0x83, 0xff, 0x53, //0x00001498 cmpl         $83, %edi
	0x0f, 0x87, 0x4a, 0x41, 0x00, 0x00, //0x0000149b ja           LBB0_966
	0x48, 0x8d, 0x0d, 0x28, 0x46, 0x00, 0x00, //0x000014a1 leaq         $17960(%rip), %rcx  /* LJTI0_4+0(%rip) */
	0x48, 0x63, 0x3c, 0xb9, //0x000014a8 movslq       (%rcx,%rdi,4), %rdi
	0x48, 0x01, 0xcf, //0x000014ac addq         %rcx, %rdi
	0x48, 0x8b, 0x54, 0x24, 0x28, //0x000014af movq         $40(%rsp), %rdx
	0xff, 0xe7, //0x000014b4 jmpq         *%rdi
	//0x000014b6 LBB0_234
	0x48, 0x83, 0xc2, 0x02, //0x000014b6 addq         $2, %rdx
	0x48, 0x89, 0xd1, //0x000014ba movq         %rdx, %rcx
	//0x000014bd LBB0_235
	0x48, 0x8b, 0x7c, 0x24, 0x10, //0x000014bd movq         $16(%rsp), %rdi
	0x48, 0x85, 0xc9, //0x000014c2 testq        %rcx, %rcx
	0xc5, 0x7e, 0x6f, 0x15, 0x33, 0xed, 0xff, 0xff, //0x000014c5 vmovdqu      $-4813(%rip), %ymm10  /* LCPI0_14+0(%rip) */
	0x0f, 0x88, 0xaf, 0x41, 0x00, 0x00, //0x000014cd js           LBB0_961
	//0x000014d3 LBB0_236
	0x49, 0x8d, 0x44, 0x24, 0xff, //0x000014d3 leaq         $-1(%r12), %rax
	0x49, 0x21, 0xc4, //0x000014d8 andq         %rax, %r12
	0x0f, 0x84, 0x53, 0xfd, 0xff, 0xff, //0x000014db je           LBB0_210
	0xe9, 0x66, 0xff, 0xff, 0xff, //0x000014e1 jmp          LBB0_201
	//0x000014e6 LBB0_237
	0x48, 0x85, 0xd2, //0x000014e6 testq        %rdx, %rdx
	0x4c, 0x8b, 0x64, 0x24, 0x08, //0x000014e9 movq         $8(%rsp), %r12
	0x0f, 0x84, 0x84, 0x04, 0x00, 0x00, //0x000014ee je           LBB0_294
	0x48, 0x0f, 0xbc, 0xd2, //0x000014f4 bsfq         %rdx, %rdx
	0x4c, 0x8b, 0x5c, 0x24, 0x18, //0x000014f8 movq         $24(%rsp), %r11
	0x4c, 0x8b, 0x4c, 0x24, 0x50, //0x000014fd movq         $80(%rsp), %r9
	0x48, 0x39, 0xf2, //0x00001502 cmpq         %rsi, %rdx
	0x0f, 0x83, 0x85, 0x04, 0x00, 0x00, //0x00001505 jae          LBB0_295
	0xe9, 0x91, 0x40, 0x00, 0x00, //0x0000150b jmp          LBB0_239
	//0x00001510 LBB0_245
	0x4c, 0x01, 0xc9, //0x00001510 addq         %r9, %rcx
	0x4c, 0x01, 0xf9, //0x00001513 addq         %r15, %rcx
	0xc5, 0xf8, 0x77, //0x00001516 vzeroupper
	0x49, 0x89, 0xc9, //0x00001519 movq         %rcx, %r9
	0x48, 0xc7, 0xc0, 0xff, 0xff, 0xff, 0xff, //0x0000151c movq         $-1, %rax
	0x48, 0x8b, 0x54, 0x24, 0x10, //0x00001523 movq         $16(%rsp), %rdx
	0x48, 0x85, 0xd2, //0x00001528 testq        %rdx, %rdx
	0x0f, 0x85, 0xcb, 0x0a, 0x00, 0x00, //0x0000152b jne          LBB0_395
	0xe9, 0xcb, 0x3e, 0x00, 0x00, //0x00001531 jmp          LBB0_922
	//0x00001536 LBB0_246
	0x4d, 0x89, 0xcc, //0x00001536 movq         %r9, %r12
	0x49, 0x29, 0xcc, //0x00001539 subq         %rcx, %r12
	0x0f, 0x84, 0x57, 0x40, 0x00, 0x00, //0x0000153c je           LBB0_950
	0x4d, 0x8d, 0x3c, 0x0a, //0x00001542 leaq         (%r10,%rcx), %r15
	0x49, 0x83, 0xfc, 0x40, //0x00001546 cmpq         $64, %r12
	0x0f, 0x82, 0xe0, 0x21, 0x00, 0x00, //0x0000154a jb           LBB0_627
	0x48, 0xc7, 0x44, 0x24, 0x10, 0xff, 0xff, 0xff, 0xff, //0x00001550 movq         $-1, $16(%rsp)
	0x45, 0x31, 0xdb, //0x00001559 xorl         %r11d, %r11d
	0x90, 0x90, 0x90, 0x90, //0x0000155c .p2align 4, 0x90
	//0x00001560 LBB0_249
	0xc4, 0xc1, 0x7e, 0x6f, 0x07, //0x00001560 vmovdqu      (%r15), %ymm0
	0xc4, 0xc1, 0x7e, 0x6f, 0x4f, 0x20, //0x00001565 vmovdqu      $32(%r15), %ymm1
	0xc5, 0xfd, 0x74, 0xd6, //0x0000156b vpcmpeqb     %ymm6, %ymm0, %ymm2
	0xc5, 0xfd, 0xd7, 0xda, //0x0000156f vpmovmskb    %ymm2, %ebx
	0xc5, 0xf5, 0x74, 0xd6, //0x00001573 vpcmpeqb     %ymm6, %ymm1, %ymm2
	0xc5, 0xfd, 0xd7, 0xd2, //0x00001577 vpmovmskb    %ymm2, %edx
	0xc5, 0xfd, 0x74, 0xd7, //0x0000157b vpcmpeqb     %ymm7, %ymm0, %ymm2
	0xc5, 0xfd, 0xd7, 0xc2, //0x0000157f vpmovmskb    %ymm2, %eax
	0xc5, 0xf5, 0x74, 0xd7, //0x00001583 vpcmpeqb     %ymm7, %ymm1, %ymm2
	0xc5, 0xfd, 0xd7, 0xf2, //0x00001587 vpmovmskb    %ymm2, %esi
	0x48, 0xc1, 0xe2, 0x20, //0x0000158b shlq         $32, %rdx
	0x48, 0x09, 0xd3, //0x0000158f orq          %rdx, %rbx
	0x48, 0xc1, 0xe6, 0x20, //0x00001592 shlq         $32, %rsi
	0x48, 0x09, 0xf0, //0x00001596 orq          %rsi, %rax
	0x0f, 0x85, 0x30, 0x00, 0x00, 0x00, //0x00001599 jne          LBB0_258
	0x4d, 0x85, 0xdb, //0x0000159f testq        %r11, %r11
	0x0f, 0x85, 0x45, 0x00, 0x00, 0x00, //0x000015a2 jne          LBB0_260
	0x45, 0x31, 0xdb, //0x000015a8 xorl         %r11d, %r11d
	0x45, 0x31, 0xc0, //0x000015ab xorl         %r8d, %r8d
	0x48, 0x85, 0xdb, //0x000015ae testq        %rbx, %rbx
	0x0f, 0x84, 0x89, 0x00, 0x00, 0x00, //0x000015b1 je           LBB0_261
	//0x000015b7 LBB0_252
	0x48, 0x0f, 0xbc, 0xfb, //0x000015b7 bsfq         %rbx, %rdi
	0x4c, 0x89, 0xfe, //0x000015bb movq         %r15, %rsi
	0x4c, 0x29, 0xd6, //0x000015be subq         %r10, %rsi
	0x4d, 0x85, 0xc0, //0x000015c1 testq        %r8, %r8
	0x0f, 0x84, 0x8a, 0x00, 0x00, 0x00, //0x000015c4 je           LBB0_262
	0xe9, 0x05, 0x03, 0x00, 0x00, //0x000015ca jmp          LBB0_253
	//0x000015cf LBB0_258
	0x48, 0x83, 0x7c, 0x24, 0x10, 0xff, //0x000015cf cmpq         $-1, $16(%rsp)
	0x0f, 0x85, 0x12, 0x00, 0x00, 0x00, //0x000015d5 jne          LBB0_260
	0x4c, 0x89, 0xfa, //0x000015db movq         %r15, %rdx
	0x4c, 0x29, 0xd2, //0x000015de subq         %r10, %rdx
	0x48, 0x0f, 0xbc, 0xf0, //0x000015e1 bsfq         %rax, %rsi
	0x48, 0x01, 0xd6, //0x000015e5 addq         %rdx, %rsi
	0x48, 0x89, 0x74, 0x24, 0x10, //0x000015e8 movq         %rsi, $16(%rsp)
	//0x000015ed LBB0_260
	0x4d, 0x89, 0xd8, //0x000015ed movq         %r11, %r8
	0x49, 0xf7, 0xd0, //0x000015f0 notq         %r8
	0x49, 0x21, 0xc0, //0x000015f3 andq         %rax, %r8
	0x4b, 0x8d, 0x14, 0x00, //0x000015f6 leaq         (%r8,%r8), %rdx
	0x4c, 0x09, 0xda, //0x000015fa orq          %r11, %rdx
	0x48, 0x89, 0xd6, //0x000015fd movq         %rdx, %rsi
	0x48, 0xf7, 0xd6, //0x00001600 notq         %rsi
	0x48, 0x21, 0xc6, //0x00001603 andq         %rax, %rsi
	0x48, 0xb8, 0xaa, 0xaa, 0xaa, 0xaa, 0xaa, 0xaa, 0xaa, 0xaa, //0x00001606 movabsq      $-6148914691236517206, %rax
	0x48, 0x21, 0xc6, //0x00001610 andq         %rax, %rsi
	0x45, 0x31, 0xdb, //0x00001613 xorl         %r11d, %r11d
	0x4c, 0x01, 0xc6, //0x00001616 addq         %r8, %rsi
	0x41, 0x0f, 0x92, 0xc3, //0x00001619 setb         %r11b
	0x48, 0x01, 0xf6, //0x0000161d addq         %rsi, %rsi
	0x48, 0xb8, 0x55, 0x55, 0x55, 0x55, 0x55, 0x55, 0x55, 0x55, //0x00001620 movabsq      $6148914691236517205, %rax
	0x48, 0x31, 0xc6, //0x0000162a xorq         %rax, %rsi
	0x48, 0x21, 0xd6, //0x0000162d andq         %rdx, %rsi
	0x48, 0xf7, 0xd6, //0x00001630 notq         %rsi
	0x48, 0x21, 0xf3, //0x00001633 andq         %rsi, %rbx
	0x48, 0x85, 0xdb, //0x00001636 testq        %rbx, %rbx
	0x0f, 0x85, 0x78, 0xff, 0xff, 0xff, //0x00001639 jne          LBB0_252
	0x90, //0x0000163f .p2align 4, 0x90
	//0x00001640 LBB0_261
	0xbf, 0x40, 0x00, 0x00, 0x00, //0x00001640 movl         $64, %edi
	0x4c, 0x89, 0xfe, //0x00001645 movq         %r15, %rsi
	0x4c, 0x29, 0xd6, //0x00001648 subq         %r10, %rsi
	0x4d, 0x85, 0xc0, //0x0000164b testq        %r8, %r8
	0x0f, 0x85, 0x80, 0x02, 0x00, 0x00, //0x0000164e jne          LBB0_253
	//0x00001654 LBB0_262
	0xc5, 0xbd, 0x64, 0xd1, //0x00001654 vpcmpgtb     %ymm1, %ymm8, %ymm2
	0xc4, 0xc1, 0x75, 0x64, 0xc9, //0x00001658 vpcmpgtb     %ymm9, %ymm1, %ymm1
	0xc5, 0xed, 0xdb, 0xc9, //0x0000165d vpand        %ymm1, %ymm2, %ymm1
	0xc5, 0xfd, 0xd7, 0xc1, //0x00001661 vpmovmskb    %ymm1, %eax
	0x48, 0xc1, 0xe0, 0x20, //0x00001665 shlq         $32, %rax
	0xc5, 0xbd, 0x64, 0xc8, //0x00001669 vpcmpgtb     %ymm0, %ymm8, %ymm1
	0xc4, 0xc1, 0x7d, 0x64, 0xc1, //0x0000166d vpcmpgtb     %ymm9, %ymm0, %ymm0
	0xc5, 0xf5, 0xdb, 0xc0, //0x00001672 vpand        %ymm0, %ymm1, %ymm0
	0xc5, 0xfd, 0xd7, 0xd0, //0x00001676 vpmovmskb    %ymm0, %edx
	0x48, 0x09, 0xc2, //0x0000167a orq          %rax, %rdx
	0x48, 0x85, 0xdb, //0x0000167d testq        %rbx, %rbx
	0x0f, 0x85, 0xdb, 0x02, 0x00, 0x00, //0x00001680 jne          LBB0_287
	0x48, 0x85, 0xd2, //0x00001686 testq        %rdx, %rdx
	0x4c, 0x8b, 0x44, 0x24, 0x30, //0x00001689 movq         $48(%rsp), %r8
	0x0f, 0x85, 0xc1, 0x3e, 0x00, 0x00, //0x0000168e jne          LBB0_937
	0x49, 0x83, 0xc7, 0x40, //0x00001694 addq         $64, %r15
	0x49, 0x83, 0xc4, 0xc0, //0x00001698 addq         $-64, %r12
	0x49, 0x83, 0xfc, 0x3f, //0x0000169c cmpq         $63, %r12
	0x0f, 0x87, 0xba, 0xfe, 0xff, 0xff, //0x000016a0 ja           LBB0_249
	0xe9, 0x91, 0x20, 0x00, 0x00, //0x000016a6 jmp          LBB0_628
	//0x000016ab LBB0_265
	0x48, 0x83, 0xfa, 0x05, //0x000016ab cmpq         $5, %rdx
	0x0f, 0x82, 0x1f, 0x3f, 0x00, 0x00, //0x000016af jb           LBB0_284
	0x48, 0x8b, 0x4c, 0x24, 0x28, //0x000016b5 movq         $40(%rsp), %rcx
	0x45, 0x8b, 0x74, 0x0a, 0x01, //0x000016ba movl         $1(%r10,%rcx), %r14d
	0x44, 0x89, 0xf1, //0x000016bf movl         %r14d, %ecx
	0xf7, 0xd1, //0x000016c2 notl         %ecx
	0x89, 0x4c, 0x24, 0x48, //0x000016c4 movl         %ecx, $72(%rsp)
	0x41, 0x8d, 0x8e, 0xd0, 0xcf, 0xcf, 0xcf, //0x000016c8 leal         $-808464432(%r14), %ecx
	0x89, 0x4c, 0x24, 0x40, //0x000016cf movl         %ecx, $64(%rsp)
	0x8b, 0x4c, 0x24, 0x48, //0x000016d3 movl         $72(%rsp), %ecx
	0x81, 0xe1, 0x80, 0x80, 0x80, 0x80, //0x000016d7 andl         $-2139062144, %ecx
	0x89, 0x4c, 0x24, 0x48, //0x000016dd movl         %ecx, $72(%rsp)
	0x85, 0x4c, 0x24, 0x40, //0x000016e1 testl        %ecx, $64(%rsp)
	0x0f, 0x85, 0x12, 0x3f, 0x00, 0x00, //0x000016e5 jne          LBB0_967
	0x41, 0x8d, 0x8e, 0x19, 0x19, 0x19, 0x19, //0x000016eb leal         $421075225(%r14), %ecx
	0x44, 0x09, 0xf1, //0x000016f2 orl          %r14d, %ecx
	0xf7, 0xc1, 0x80, 0x80, 0x80, 0x80, //0x000016f5 testl        $-2139062144, %ecx
	0x0f, 0x85, 0xfc, 0x3e, 0x00, 0x00, //0x000016fb jne          LBB0_967
	0x44, 0x89, 0xf1, //0x00001701 movl         %r14d, %ecx
	0x81, 0xe1, 0x7f, 0x7f, 0x7f, 0x7f, //0x00001704 andl         $2139062143, %ecx
	0xc7, 0x44, 0x24, 0x38, 0xc0, 0xc0, 0xc0, 0xc0, //0x0000170a movl         $-1061109568, $56(%rsp)
	0x29, 0x4c, 0x24, 0x38, //0x00001712 subl         %ecx, $56(%rsp)
	0x48, 0x89, 0x4c, 0x24, 0x40, //0x00001716 movq         %rcx, $64(%rsp)
	0x81, 0xc1, 0x46, 0x46, 0x46, 0x46, //0x0000171b addl         $1179010630, %ecx
	0x89, 0x4c, 0x24, 0x58, //0x00001721 movl         %ecx, $88(%rsp)
	0x8b, 0x4c, 0x24, 0x48, //0x00001725 movl         $72(%rsp), %ecx
	0x21, 0x4c, 0x24, 0x38, //0x00001729 andl         %ecx, $56(%rsp)
	0x8b, 0x4c, 0x24, 0x58, //0x0000172d movl         $88(%rsp), %ecx
	0x85, 0x4c, 0x24, 0x38, //0x00001731 testl        %ecx, $56(%rsp)
	0x0f, 0x85, 0xc2, 0x3e, 0x00, 0x00, //0x00001735 jne          LBB0_967
	0xb9, 0xe0, 0xe0, 0xe0, 0xe0, //0x0000173b movl         $-522133280, %ecx
	0x2b, 0x4c, 0x24, 0x40, //0x00001740 subl         $64(%rsp), %ecx
	0x89, 0x4c, 0x24, 0x38, //0x00001744 movl         %ecx, $56(%rsp)
	0x48, 0x8b, 0x4c, 0x24, 0x40, //0x00001748 movq         $64(%rsp), %rcx
	0x81, 0xc1, 0x39, 0x39, 0x39, 0x39, //0x0000174d addl         $960051513, %ecx
	0x48, 0x89, 0x4c, 0x24, 0x40, //0x00001753 movq         %rcx, $64(%rsp)
	0x8b, 0x4c, 0x24, 0x48, //0x00001758 movl         $72(%rsp), %ecx
	0x23, 0x4c, 0x24, 0x38, //0x0000175c andl         $56(%rsp), %ecx
	0x85, 0x4c, 0x24, 0x40, //0x00001760 testl        %ecx, $64(%rsp)
	0x0f, 0x85, 0x93, 0x3e, 0x00, 0x00, //0x00001764 jne          LBB0_967
	0xc4, 0x41, 0x7d, 0x6f, 0xdd, //0x0000176a vmovdqa      %ymm13, %ymm11
	0x41, 0x0f, 0xce, //0x0000176f bswapl       %r14d
	0x44, 0x89, 0xf0, //0x00001772 movl         %r14d, %eax
	0xc1, 0xe8, 0x04, //0x00001775 shrl         $4, %eax
	0xf7, 0xd0, //0x00001778 notl         %eax
	0x25, 0x01, 0x01, 0x01, 0x01, //0x0000177a andl         $16843009, %eax
	0x8d, 0x04, 0xc0, //0x0000177f leal         (%rax,%rax,8), %eax
	0x41, 0x81, 0xe6, 0x0f, 0x0f, 0x0f, 0x0f, //0x00001782 andl         $252645135, %r14d
	0x41, 0x01, 0xc6, //0x00001789 addl         %eax, %r14d
	0x44, 0x89, 0xf0, //0x0000178c movl         %r14d, %eax
	0xc1, 0xe8, 0x0c, //0x0000178f shrl         $12, %eax
	0x41, 0xc1, 0xee, 0x08, //0x00001792 shrl         $8, %r14d
	0x41, 0x09, 0xc6, //0x00001796 orl          %eax, %r14d
	0x41, 0x81, 0xe6, 0x00, 0xfc, 0x00, 0x00, //0x00001799 andl         $64512, %r14d
	0x41, 0x81, 0xfe, 0x00, 0xd8, 0x00, 0x00, //0x000017a0 cmpl         $55296, %r14d
	0x0f, 0x85, 0xf2, 0x00, 0x00, 0x00, //0x000017a7 jne          LBB0_280
	0x48, 0x83, 0xfa, 0x0b, //0x000017ad cmpq         $11, %rdx
	0x0f, 0x82, 0xe8, 0x00, 0x00, 0x00, //0x000017b1 jb           LBB0_280
	0x48, 0x8b, 0x44, 0x24, 0x28, //0x000017b7 movq         $40(%rsp), %rax
	0x41, 0x80, 0x7c, 0x02, 0x05, 0x5c, //0x000017bc cmpb         $92, $5(%r10,%rax)
	0x0f, 0x85, 0xd7, 0x00, 0x00, 0x00, //0x000017c2 jne          LBB0_280
	0x48, 0x8b, 0x44, 0x24, 0x28, //0x000017c8 movq         $40(%rsp), %rax
	0x41, 0x80, 0x7c, 0x02, 0x06, 0x75, //0x000017cd cmpb         $117, $6(%r10,%rax)
	0x0f, 0x85, 0xc6, 0x00, 0x00, 0x00, //0x000017d3 jne          LBB0_280
	0x48, 0x8b, 0x44, 0x24, 0x28, //0x000017d9 movq         $40(%rsp), %rax
	0x41, 0x8b, 0x4c, 0x02, 0x07, //0x000017de movl         $7(%r10,%rax), %ecx
	0x89, 0xc8, //0x000017e3 movl         %ecx, %eax
	0xf7, 0xd0, //0x000017e5 notl         %eax
	0x8d, 0x91, 0xd0, 0xcf, 0xcf, 0xcf, //0x000017e7 leal         $-808464432(%rcx), %edx
	0x25, 0x80, 0x80, 0x80, 0x80, //0x000017ed andl         $-2139062144, %eax
	0x85, 0xd0, //0x000017f2 testl        %edx, %eax
	0x0f, 0x85, 0xa5, 0x00, 0x00, 0x00, //0x000017f4 jne          LBB0_280
	0x8d, 0x91, 0x19, 0x19, 0x19, 0x19, //0x000017fa leal         $421075225(%rcx), %edx
	0x09, 0xca, //0x00001800 orl          %ecx, %edx
	0xf7, 0xc2, 0x80, 0x80, 0x80, 0x80, //0x00001802 testl        $-2139062144, %edx
	0x0f, 0x85, 0x91, 0x00, 0x00, 0x00, //0x00001808 jne          LBB0_280
	0x41, 0x89, 0xce, //0x0000180e movl         %ecx, %r14d
	0x41, 0x81, 0xe6, 0x7f, 0x7f, 0x7f, 0x7f, //0x00001811 andl         $2139062143, %r14d
	0xba, 0xc0, 0xc0, 0xc0, 0xc0, //0x00001818 movl         $-1061109568, %edx
	0x44, 0x29, 0xf2, //0x0000181d subl         %r14d, %edx
	0x4c, 0x89, 0x74, 0x24, 0x48, //0x00001820 movq         %r14, $72(%rsp)
	0x41, 0x81, 0xc6, 0x46, 0x46, 0x46, 0x46, //0x00001825 addl         $1179010630, %r14d
	0x44, 0x89, 0x74, 0x24, 0x28, //0x0000182c movl         %r14d, $40(%rsp)
	0x21, 0xc2, //0x00001831 andl         %eax, %edx
	0x85, 0x54, 0x24, 0x28, //0x00001833 testl        %edx, $40(%rsp)
	0x0f, 0x85, 0x62, 0x00, 0x00, 0x00, //0x00001837 jne          LBB0_280
	0x41, 0xbe, 0xe0, 0xe0, 0xe0, 0xe0, //0x0000183d movl         $-522133280, %r14d
	0x48, 0x8b, 0x54, 0x24, 0x48, //0x00001843 movq         $72(%rsp), %rdx
	0x41, 0x29, 0xd6, //0x00001848 subl         %edx, %r14d
	0x81, 0xc2, 0x39, 0x39, 0x39, 0x39, //0x0000184b addl         $960051513, %edx
	0x44, 0x21, 0xf0, //0x00001851 andl         %r14d, %eax
	0x85, 0xd0, //0x00001854 testl        %edx, %eax
	0x0f, 0x85, 0x43, 0x00, 0x00, 0x00, //0x00001856 jne          LBB0_280
	0x0f, 0xc9, //0x0000185c bswapl       %ecx
	0x89, 0xc8, //0x0000185e movl         %ecx, %eax
	0xc1, 0xe8, 0x04, //0x00001860 shrl         $4, %eax
	0xf7, 0xd0, //0x00001863 notl         %eax
	0x25, 0x01, 0x01, 0x01, 0x01, //0x00001865 andl         $16843009, %eax
	0x8d, 0x04, 0xc0, //0x0000186a leal         (%rax,%rax,8), %eax
	0x81, 0xe1, 0x0f, 0x0f, 0x0f, 0x0f, //0x0000186d andl         $252645135, %ecx
	0x01, 0xc1, //0x00001873 addl         %eax, %ecx
	0x89, 0xc8, //0x00001875 movl         %ecx, %eax
	0xc1, 0xe8, 0x0c, //0x00001877 shrl         $12, %eax
	0xc1, 0xe9, 0x08, //0x0000187a shrl         $8, %ecx
	0x09, 0xc1, //0x0000187d orl          %eax, %ecx
	0x81, 0xe1, 0x00, 0xfc, 0x00, 0x00, //0x0000187f andl         $64512, %ecx
	0x81, 0xf9, 0x00, 0xdc, 0x00, 0x00, //0x00001885 cmpl         $56320, %ecx
	0x0f, 0x85, 0x0e, 0x00, 0x00, 0x00, //0x0000188b jne          LBB0_280
	0x48, 0x8b, 0x4c, 0x24, 0x20, //0x00001891 movq         $32(%rsp), %rcx
	0x48, 0x83, 0xc1, 0x0c, //0x00001896 addq         $12, %rcx
	0xe9, 0x09, 0x00, 0x00, 0x00, //0x0000189a jmp          LBB0_281
	//0x0000189f LBB0_280
	0x48, 0x8b, 0x4c, 0x24, 0x20, //0x0000189f movq         $32(%rsp), %rcx
	0x48, 0x83, 0xc1, 0x06, //0x000018a4 addq         $6, %rcx
	//0x000018a8 LBB0_281
	0xc4, 0x41, 0x35, 0x76, 0xc9, //0x000018a8 vpcmpeqd     %ymm9, %ymm9, %ymm9
	0xc4, 0x41, 0x7d, 0x6f, 0xeb, //0x000018ad vmovdqa      %ymm11, %ymm13
	0xc5, 0xfe, 0x6f, 0x25, 0xe6, 0xe9, 0xff, 0xff, //0x000018b2 vmovdqu      $-5658(%rip), %ymm4  /* LCPI0_19+0(%rip) */
	0xc5, 0xfe, 0x6f, 0x1d, 0xfe, 0xe8, 0xff, 0xff, //0x000018ba vmovdqu      $-5890(%rip), %ymm3  /* LCPI0_9+0(%rip) */
	0x48, 0x85, 0xc9, //0x000018c2 testq        %rcx, %rcx
	0xc5, 0x7d, 0x6f, 0xda, //0x000018c5 vmovdqa      %ymm2, %ymm11
	0x0f, 0x89, 0x80, 0x00, 0x00, 0x00, //0x000018c9 jns          LBB0_286
	0xe9, 0xeb, 0x3c, 0x00, 0x00, //0x000018cf jmp          LBB0_282
	//0x000018d4 LBB0_253
	0x49, 0x0f, 0xbc, 0xc0, //0x000018d4 bsfq         %r8, %rax
	0x48, 0x39, 0xf8, //0x000018d8 cmpq         %rdi, %rax
	0x0f, 0x83, 0x73, 0xfd, 0xff, 0xff, //0x000018db jae          LBB0_262
	0x48, 0x01, 0xf0, //0x000018e1 addq         %rsi, %rax
	0x48, 0x39, 0xc8, //0x000018e4 cmpq         %rcx, %rax
	0x0f, 0x8c, 0x62, 0x00, 0x00, 0x00, //0x000018e7 jl           LBB0_286
	0x48, 0x8d, 0x48, 0x01, //0x000018ed leaq         $1(%rax), %rcx
	0x4c, 0x89, 0xca, //0x000018f1 movq         %r9, %rdx
	0x48, 0x29, 0xca, //0x000018f4 subq         %rcx, %rdx
	0x0f, 0x84, 0xd7, 0x3c, 0x00, 0x00, //0x000018f7 je           LBB0_284
	0x48, 0x89, 0x44, 0x24, 0x20, //0x000018fd movq         %rax, $32(%rsp)
	0x48, 0x89, 0xc8, //0x00001902 movq         %rcx, %rax
	0x48, 0x89, 0x4c, 0x24, 0x28, //0x00001905 movq         %rcx, $40(%rsp)
	0x41, 0x0f, 0xbe, 0x0c, 0x0a, //0x0000190a movsbl       (%r10,%rcx), %ecx
	0x48, 0xc7, 0xc0, 0xfe, 0xff, 0xff, 0xff, //0x0000190f movq         $-2, %rax
	0x83, 0xc1, 0xde, //0x00001916 addl         $-34, %ecx
	0x83, 0xf9, 0x53, //0x00001919 cmpl         $83, %ecx
	0x0f, 0x87, 0xdb, 0x3c, 0x00, 0x00, //0x0000191c ja           LBB0_967
	0xc5, 0x7d, 0x7f, 0xda, //0x00001922 vmovdqa      %ymm11, %ymm2
	0x4c, 0x8d, 0x35, 0xb3, 0x3d, 0x00, 0x00, //0x00001926 leaq         $15795(%rip), %r14  /* LJTI0_1+0(%rip) */
	0x49, 0x63, 0x0c, 0x8e, //0x0000192d movslq       (%r14,%rcx,4), %rcx
	0x4c, 0x01, 0xf1, //0x00001931 addq         %r14, %rcx
	0x4c, 0x8b, 0x74, 0x24, 0x20, //0x00001934 movq         $32(%rsp), %r14
	0xff, 0xe1, //0x00001939 jmpq         *%rcx
	//0x0000193b LBB0_285
	0x49, 0x83, 0xc6, 0x02, //0x0000193b addq         $2, %r14
	0x4c, 0x89, 0xf1, //0x0000193f movq         %r14, %rcx
	0x48, 0x85, 0xc9, //0x00001942 testq        %rcx, %rcx
	0xc5, 0x7d, 0x6f, 0xda, //0x00001945 vmovdqa      %ymm2, %ymm11
	0x0f, 0x88, 0x70, 0x3c, 0x00, 0x00, //0x00001949 js           LBB0_282
	//0x0000194f LBB0_286
	0x49, 0x8d, 0x40, 0xff, //0x0000194f leaq         $-1(%r8), %rax
	0x49, 0x21, 0xc0, //0x00001953 andq         %rax, %r8
	0x0f, 0x84, 0xf8, 0xfc, 0xff, 0xff, //0x00001956 je           LBB0_262
	0xe9, 0x73, 0xff, 0xff, 0xff, //0x0000195c jmp          LBB0_253
	//0x00001961 LBB0_287
	0x48, 0x85, 0xd2, //0x00001961 testq        %rdx, %rdx
	0x4c, 0x8b, 0x44, 0x24, 0x30, //0x00001964 movq         $48(%rsp), %r8
	0x0f, 0x84, 0xda, 0x07, 0x00, 0x00, //0x00001969 je           LBB0_408
	0x4c, 0x0f, 0xbc, 0xf2, //0x0000196f bsfq         %rdx, %r14
	0xe9, 0xd7, 0x07, 0x00, 0x00, //0x00001973 jmp          LBB0_409
	//0x00001978 LBB0_294
	0xba, 0x40, 0x00, 0x00, 0x00, //0x00001978 movl         $64, %edx
	0x4c, 0x8b, 0x5c, 0x24, 0x18, //0x0000197d movq         $24(%rsp), %r11
	0x4c, 0x8b, 0x4c, 0x24, 0x50, //0x00001982 movq         $80(%rsp), %r9
	0x48, 0x39, 0xf2, //0x00001987 cmpq         %rsi, %rdx
	0x0f, 0x82, 0x11, 0x3c, 0x00, 0x00, //0x0000198a jb           LBB0_239
	//0x00001990 LBB0_295
	0x49, 0x8d, 0x0c, 0x37, //0x00001990 leaq         (%r15,%rsi), %rcx
	0x48, 0x83, 0xc1, 0x01, //0x00001994 addq         $1, %rcx
	//0x00001998 LBB0_296
	0x48, 0x85, 0xc9, //0x00001998 testq        %rcx, %rcx
	0x0f, 0x88, 0xe1, 0x3c, 0x00, 0x00, //0x0000199b js           LBB0_961
	0x49, 0x89, 0x0b, //0x000019a1 movq         %rcx, (%r11)
	0x4c, 0x89, 0xe8, //0x000019a4 movq         %r13, %rax
	0x48, 0xba, 0xfe, 0xff, 0xff, 0xff, 0xff, 0xff, 0xff, 0x7f, //0x000019a7 movabsq      $9223372036854775806, %rdx
	0x49, 0x39, 0xd5, //0x000019b1 cmpq         %rdx, %r13
	0x4c, 0x8b, 0x44, 0x24, 0x30, //0x000019b4 movq         $48(%rsp), %r8
	0x0f, 0x86, 0xef, 0xe9, 0xff, 0xff, //0x000019b9 jbe          LBB0_4
	0xe9, 0x56, 0x3a, 0x00, 0x00, //0x000019bf jmp          LBB0_949
	//0x000019c4 LBB0_298
	0x48, 0x8b, 0x54, 0x24, 0x70, //0x000019c4 movq         $112(%rsp), %rdx
	0x48, 0x8b, 0x52, 0x08, //0x000019c9 movq         $8(%rdx), %rdx
	0x48, 0x8d, 0x72, 0xfc, //0x000019cd leaq         $-4(%rdx), %rsi
	0x49, 0x39, 0xf5, //0x000019d1 cmpq         %rsi, %r13
	0x0f, 0x83, 0x73, 0x3a, 0x00, 0x00, //0x000019d4 jae          LBB0_926
	0x41, 0x8b, 0x0c, 0x0a, //0x000019da movl         (%r10,%rcx), %ecx
	0x81, 0xf9, 0x61, 0x6c, 0x73, 0x65, //0x000019de cmpl         $1702063201, %ecx
	0x0f, 0x85, 0xbd, 0x3a, 0x00, 0x00, //0x000019e4 jne          LBB0_932
	0x49, 0x8d, 0x4d, 0x05, //0x000019ea leaq         $5(%r13), %rcx
	0xe9, 0xa2, 0xe9, 0xff, 0xff, //0x000019ee jmp          LBB0_2
	//0x000019f3 LBB0_301
	0x41, 0xf6, 0xc1, 0x40, //0x000019f3 testb        $64, %r9b
	0x0f, 0x85, 0xbf, 0x07, 0x00, 0x00, //0x000019f7 jne          LBB0_415
	0x49, 0x8b, 0x04, 0x24, //0x000019fd movq         (%r12), %rax
	0x48, 0x3d, 0xff, 0x0f, 0x00, 0x00, //0x00001a01 cmpq         $4095, %rax
	0x0f, 0x8f, 0xd9, 0x39, 0x00, 0x00, //0x00001a07 jg           LBB0_939
	0x48, 0x8d, 0x50, 0x01, //0x00001a0d leaq         $1(%rax), %rdx
	0x49, 0x89, 0x14, 0x24, //0x00001a11 movq         %rdx, (%r12)
	0x49, 0xc7, 0x44, 0xc4, 0x08, 0x05, 0x00, 0x00, 0x00, //0x00001a15 movq         $5, $8(%r12,%rax,8)
	0xe9, 0x8b, 0xe9, 0xff, 0xff, //0x00001a1e jmp          LBB0_4
	//0x00001a23 LBB0_304
	0x4c, 0x89, 0xca, //0x00001a23 movq         %r9, %rdx
	0x48, 0x8b, 0x74, 0x24, 0x70, //0x00001a26 movq         $112(%rsp), %rsi
	0x4c, 0x8b, 0x4e, 0x08, //0x00001a2b movq         $8(%rsi), %r9
	0xf6, 0xc2, 0x40, //0x00001a2f testb        $64, %dl
	0x0f, 0x85, 0x94, 0x0a, 0x00, 0x00, //0x00001a32 jne          LBB0_441
	0xf6, 0xc2, 0x20, //0x00001a38 testb        $32, %dl
	0x0f, 0x85, 0x71, 0x10, 0x00, 0x00, //0x00001a3b jne          LBB0_500
	0x4d, 0x89, 0xcb, //0x00001a41 movq         %r9, %r11
	0x49, 0x29, 0xcb, //0x00001a44 subq         %rcx, %r11
	0x0f, 0x84, 0x4c, 0x3b, 0x00, 0x00, //0x00001a47 je           LBB0_950
	0x49, 0x83, 0xfb, 0x40, //0x00001a4d cmpq         $64, %r11
	0x0f, 0x82, 0x72, 0x1d, 0x00, 0x00, //0x00001a51 jb           LBB0_637
	0x48, 0xc7, 0xc7, 0xfe, 0xff, 0xff, 0xff, //0x00001a57 movq         $-2, %rdi
	0x4c, 0x29, 0xef, //0x00001a5e subq         %r13, %rdi
	0x49, 0x8d, 0x4d, 0x01, //0x00001a61 leaq         $1(%r13), %rcx
	0x49, 0xc7, 0xc7, 0xff, 0xff, 0xff, 0xff, //0x00001a65 movq         $-1, %r15
	0x45, 0x31, 0xc0, //0x00001a6c xorl         %r8d, %r8d
	0x90, //0x00001a6f .p2align 4, 0x90
	//0x00001a70 LBB0_309
	0xc4, 0xc1, 0x7e, 0x6f, 0x04, 0x0a, //0x00001a70 vmovdqu      (%r10,%rcx), %ymm0
	0xc4, 0xc1, 0x7e, 0x6f, 0x4c, 0x0a, 0x20, //0x00001a76 vmovdqu      $32(%r10,%rcx), %ymm1
	0xc5, 0xfd, 0x74, 0xd6, //0x00001a7d vpcmpeqb     %ymm6, %ymm0, %ymm2
	0xc5, 0xfd, 0xd7, 0xd2, //0x00001a81 vpmovmskb    %ymm2, %edx
	0xc5, 0xf5, 0x74, 0xd6, //0x00001a85 vpcmpeqb     %ymm6, %ymm1, %ymm2
	0xc5, 0xfd, 0xd7, 0xf2, //0x00001a89 vpmovmskb    %ymm2, %esi
	0xc5, 0xfd, 0x74, 0xc7, //0x00001a8d vpcmpeqb     %ymm7, %ymm0, %ymm0
	0xc5, 0xfd, 0xd7, 0xc0, //0x00001a91 vpmovmskb    %ymm0, %eax
	0xc5, 0xf5, 0x74, 0xc7, //0x00001a95 vpcmpeqb     %ymm7, %ymm1, %ymm0
	0xc5, 0xfd, 0xd7, 0xd8, //0x00001a99 vpmovmskb    %ymm0, %ebx
	0x48, 0xc1, 0xe6, 0x20, //0x00001a9d shlq         $32, %rsi
	0x48, 0x09, 0xf2, //0x00001aa1 orq          %rsi, %rdx
	0x48, 0xc1, 0xe3, 0x20, //0x00001aa4 shlq         $32, %rbx
	0x48, 0x09, 0xd8, //0x00001aa8 orq          %rbx, %rax
	0x0f, 0x85, 0x30, 0x00, 0x00, 0x00, //0x00001aab jne          LBB0_318
	0x4d, 0x85, 0xc0, //0x00001ab1 testq        %r8, %r8
	0x0f, 0x85, 0x38, 0x00, 0x00, 0x00, //0x00001ab4 jne          LBB0_320
	0x45, 0x31, 0xc0, //0x00001aba xorl         %r8d, %r8d
	0x48, 0x85, 0xd2, //0x00001abd testq        %rdx, %rdx
	0x0f, 0x85, 0x7e, 0x00, 0x00, 0x00, //0x00001ac0 jne          LBB0_321
	//0x00001ac6 LBB0_312
	0x49, 0x83, 0xc3, 0xc0, //0x00001ac6 addq         $-64, %r11
	0x48, 0x83, 0xc7, 0xc0, //0x00001aca addq         $-64, %rdi
	0x48, 0x83, 0xc1, 0x40, //0x00001ace addq         $64, %rcx
	0x49, 0x83, 0xfb, 0x3f, //0x00001ad2 cmpq         $63, %r11
	0x0f, 0x87, 0x94, 0xff, 0xff, 0xff, //0x00001ad6 ja           LBB0_309
	0xe9, 0x05, 0x1b, 0x00, 0x00, //0x00001adc jmp          LBB0_313
	//0x00001ae1 LBB0_318
	0x49, 0x83, 0xff, 0xff, //0x00001ae1 cmpq         $-1, %r15
	0x0f, 0x85, 0x07, 0x00, 0x00, 0x00, //0x00001ae5 jne          LBB0_320
	0x4c, 0x0f, 0xbc, 0xf8, //0x00001aeb bsfq         %rax, %r15
	0x49, 0x01, 0xcf, //0x00001aef addq         %rcx, %r15
	//0x00001af2 LBB0_320
	0x4c, 0x89, 0xc6, //0x00001af2 movq         %r8, %rsi
	0x48, 0xf7, 0xd6, //0x00001af5 notq         %rsi
	0x48, 0x21, 0xc6, //0x00001af8 andq         %rax, %rsi
	0x4c, 0x8d, 0x34, 0x36, //0x00001afb leaq         (%rsi,%rsi), %r14
	0x4d, 0x09, 0xc6, //0x00001aff orq          %r8, %r14
	0x4c, 0x89, 0xf3, //0x00001b02 movq         %r14, %rbx
	0x48, 0xf7, 0xd3, //0x00001b05 notq         %rbx
	0x48, 0x21, 0xc3, //0x00001b08 andq         %rax, %rbx
	0x48, 0xb8, 0xaa, 0xaa, 0xaa, 0xaa, 0xaa, 0xaa, 0xaa, 0xaa, //0x00001b0b movabsq      $-6148914691236517206, %rax
	0x48, 0x21, 0xc3, //0x00001b15 andq         %rax, %rbx
	0x45, 0x31, 0xc0, //0x00001b18 xorl         %r8d, %r8d
	0x48, 0x01, 0xf3, //0x00001b1b addq         %rsi, %rbx
	0x41, 0x0f, 0x92, 0xc0, //0x00001b1e setb         %r8b
	0x48, 0x01, 0xdb, //0x00001b22 addq         %rbx, %rbx
	0x48, 0xb8, 0x55, 0x55, 0x55, 0x55, 0x55, 0x55, 0x55, 0x55, //0x00001b25 movabsq      $6148914691236517205, %rax
	0x48, 0x31, 0xc3, //0x00001b2f xorq         %rax, %rbx
	0x4c, 0x21, 0xf3, //0x00001b32 andq         %r14, %rbx
	0x48, 0xf7, 0xd3, //0x00001b35 notq         %rbx
	0x48, 0x21, 0xda, //0x00001b38 andq         %rbx, %rdx
	0x48, 0x85, 0xd2, //0x00001b3b testq        %rdx, %rdx
	0x0f, 0x84, 0x82, 0xff, 0xff, 0xff, //0x00001b3e je           LBB0_312
	//0x00001b44 LBB0_321
	0xc5, 0x7d, 0x7f, 0xea, //0x00001b44 vmovdqa      %ymm13, %ymm2
	0x48, 0x0f, 0xbc, 0xca, //0x00001b48 bsfq         %rdx, %rcx
	0x48, 0x29, 0xf9, //0x00001b4c subq         %rdi, %rcx
	//0x00001b4f LBB0_322
	0x4c, 0x8b, 0x5c, 0x24, 0x18, //0x00001b4f movq         $24(%rsp), %r11
	0x4c, 0x8b, 0x44, 0x24, 0x30, //0x00001b54 movq         $48(%rsp), %r8
	0xe9, 0x5c, 0x14, 0x00, 0x00, //0x00001b59 jmp          LBB0_553
	//0x00001b5e LBB0_323
	0x48, 0x8b, 0x44, 0x24, 0x70, //0x00001b5e movq         $112(%rsp), %rax
	0x4c, 0x8b, 0x40, 0x08, //0x00001b63 movq         $8(%rax), %r8
	0x4c, 0x89, 0xc8, //0x00001b67 movq         %r9, %rax
	0x4d, 0x89, 0xc1, //0x00001b6a movq         %r8, %r9
	0x49, 0x29, 0xc9, //0x00001b6d subq         %rcx, %r9
	0xa8, 0x40, //0x00001b70 testb        $64, %al
	0x0f, 0x85, 0x30, 0x0a, 0x00, 0x00, //0x00001b72 jne          LBB0_453
	0x4d, 0x85, 0xc9, //0x00001b78 testq        %r9, %r9
	0x0f, 0x8e, 0x74, 0x3a, 0x00, 0x00, //0x00001b7b jle          LBB0_947
	0x41, 0x8a, 0x14, 0x0a, //0x00001b81 movb         (%r10,%rcx), %dl
	0x8d, 0x72, 0xd0, //0x00001b85 leal         $-48(%rdx), %esi
	0x48, 0xc7, 0xc0, 0xfe, 0xff, 0xff, 0xff, //0x00001b88 movq         $-2, %rax
	0x40, 0x80, 0xfe, 0x09, //0x00001b8f cmpb         $9, %sil
	0x0f, 0x87, 0x81, 0x38, 0x00, 0x00, //0x00001b93 ja           LBB0_949
	0x4d, 0x8d, 0x34, 0x0a, //0x00001b99 leaq         (%r10,%rcx), %r14
	0x80, 0xfa, 0x30, //0x00001b9d cmpb         $48, %dl
	0x0f, 0x85, 0x37, 0x00, 0x00, 0x00, //0x00001ba0 jne          LBB0_330
	0x41, 0xb8, 0x01, 0x00, 0x00, 0x00, //0x00001ba6 movl         $1, %r8d
	0x49, 0x83, 0xf9, 0x01, //0x00001bac cmpq         $1, %r9
	0x0f, 0x84, 0x32, 0x19, 0x00, 0x00, //0x00001bb0 je           LBB0_597
	0x41, 0x8a, 0x56, 0x01, //0x00001bb6 movb         $1(%r14), %dl
	0x80, 0xc2, 0xd2, //0x00001bba addb         $-46, %dl
	0x80, 0xfa, 0x37, //0x00001bbd cmpb         $55, %dl
	0x0f, 0x87, 0x22, 0x19, 0x00, 0x00, //0x00001bc0 ja           LBB0_597
	0x0f, 0xb6, 0xd2, //0x00001bc6 movzbl       %dl, %edx
	0x48, 0xbe, 0x01, 0x00, 0x80, 0x00, 0x00, 0x00, 0x80, 0x00, //0x00001bc9 movabsq      $36028797027352577, %rsi
	0x48, 0x0f, 0xa3, 0xd6, //0x00001bd3 btq          %rdx, %rsi
	0x0f, 0x83, 0x0b, 0x19, 0x00, 0x00, //0x00001bd7 jae          LBB0_597
	//0x00001bdd LBB0_330
	0x49, 0xc7, 0xc4, 0xff, 0xff, 0xff, 0xff, //0x00001bdd movq         $-1, %r12
	0x49, 0x83, 0xf9, 0x20, //0x00001be4 cmpq         $32, %r9
	0x0f, 0x82, 0xb4, 0x1b, 0x00, 0x00, //0x00001be8 jb           LBB0_636
	0x45, 0x31, 0xc0, //0x00001bee xorl         %r8d, %r8d
	0x49, 0xc7, 0xc7, 0xff, 0xff, 0xff, 0xff, //0x00001bf1 movq         $-1, %r15
	0x48, 0xc7, 0x44, 0x24, 0x10, 0xff, 0xff, 0xff, 0xff, //0x00001bf8 movq         $-1, $16(%rsp)
	0x90, 0x90, 0x90, 0x90, 0x90, 0x90, 0x90, 0x90, 0x90, 0x90, 0x90, 0x90, 0x90, 0x90, 0x90, //0x00001c01 .p2align 4, 0x90
	//0x00001c10 LBB0_332
	0xc4, 0x81, 0x7e, 0x6f, 0x04, 0x06, //0x00001c10 vmovdqu      (%r14,%r8), %ymm0
	0xc4, 0xc1, 0x7d, 0x64, 0xca, //0x00001c16 vpcmpgtb     %ymm10, %ymm0, %ymm1
	0xc5, 0x95, 0x64, 0xd0, //0x00001c1b vpcmpgtb     %ymm0, %ymm13, %ymm2
	0xc5, 0xed, 0xdb, 0xc9, //0x00001c1f vpand        %ymm1, %ymm2, %ymm1
	0xc5, 0x85, 0x74, 0xd0, //0x00001c23 vpcmpeqb     %ymm0, %ymm15, %ymm2
	0xc5, 0xfd, 0x74, 0x1d, 0x31, 0xe6, 0xff, 0xff, //0x00001c27 vpcmpeqb     $-6607(%rip), %ymm0, %ymm3  /* LCPI0_17+0(%rip) */
	0xc5, 0xe5, 0xeb, 0xd2, //0x00001c2f vpor         %ymm2, %ymm3, %ymm2
	0xc5, 0x8d, 0xdb, 0xd8, //0x00001c33 vpand        %ymm0, %ymm14, %ymm3
	0xc5, 0xfd, 0x74, 0x05, 0x41, 0xe6, 0xff, 0xff, //0x00001c37 vpcmpeqb     $-6591(%rip), %ymm0, %ymm0  /* LCPI0_18+0(%rip) */
	0xc5, 0xfd, 0xd7, 0xf8, //0x00001c3f vpmovmskb    %ymm0, %edi
	0xc5, 0xe5, 0x74, 0xdc, //0x00001c43 vpcmpeqb     %ymm4, %ymm3, %ymm3
	0xc5, 0xfd, 0xd7, 0xf3, //0x00001c47 vpmovmskb    %ymm3, %esi
	0xc5, 0xfd, 0xd7, 0xd2, //0x00001c4b vpmovmskb    %ymm2, %edx
	0xc5, 0xf5, 0xeb, 0xc0, //0x00001c4f vpor         %ymm0, %ymm1, %ymm0
	0xc5, 0xe5, 0xeb, 0xca, //0x00001c53 vpor         %ymm2, %ymm3, %ymm1
	0xc5, 0xfd, 0xeb, 0xc1, //0x00001c57 vpor         %ymm1, %ymm0, %ymm0
	0xc5, 0xfd, 0xd7, 0xc8, //0x00001c5b vpmovmskb    %ymm0, %ecx
	0x48, 0xf7, 0xd1, //0x00001c5f notq         %rcx
	0x48, 0x0f, 0xbc, 0xc9, //0x00001c62 bsfq         %rcx, %rcx
	0x83, 0xf9, 0x20, //0x00001c66 cmpl         $32, %ecx
	0x0f, 0x84, 0x11, 0x00, 0x00, 0x00, //0x00001c69 je           LBB0_334
	0xbb, 0xff, 0xff, 0xff, 0xff, //0x00001c6f movl         $-1, %ebx
	0xd3, 0xe3, //0x00001c74 shll         %cl, %ebx
	0xf7, 0xd3, //0x00001c76 notl         %ebx
	0x21, 0xdf, //0x00001c78 andl         %ebx, %edi
	0x21, 0xde, //0x00001c7a andl         %ebx, %esi
	0x21, 0xd3, //0x00001c7c andl         %edx, %ebx
	0x89, 0xda, //0x00001c7e movl         %ebx, %edx
	//0x00001c80 LBB0_334
	0x8d, 0x5f, 0xff, //0x00001c80 leal         $-1(%rdi), %ebx
	0x21, 0xfb, //0x00001c83 andl         %edi, %ebx
	0xc5, 0xfe, 0x6f, 0x1d, 0x33, 0xe5, 0xff, 0xff, //0x00001c85 vmovdqu      $-6861(%rip), %ymm3  /* LCPI0_9+0(%rip) */
	0x0f, 0x85, 0x33, 0x18, 0x00, 0x00, //0x00001c8d jne          LBB0_592
	0x8d, 0x5e, 0xff, //0x00001c93 leal         $-1(%rsi), %ebx
	0x21, 0xf3, //0x00001c96 andl         %esi, %ebx
	0x0f, 0x85, 0x28, 0x18, 0x00, 0x00, //0x00001c98 jne          LBB0_592
	0x8d, 0x5a, 0xff, //0x00001c9e leal         $-1(%rdx), %ebx
	0x21, 0xd3, //0x00001ca1 andl         %edx, %ebx
	0x0f, 0x85, 0x1d, 0x18, 0x00, 0x00, //0x00001ca3 jne          LBB0_592
	0x85, 0xff, //0x00001ca9 testl        %edi, %edi
	0x0f, 0x84, 0x17, 0x00, 0x00, 0x00, //0x00001cab je           LBB0_340
	0x0f, 0xbc, 0xff, //0x00001cb1 bsfl         %edi, %edi
	0x48, 0x83, 0x7c, 0x24, 0x10, 0xff, //0x00001cb4 cmpq         $-1, $16(%rsp)
	0x0f, 0x85, 0xbb, 0x19, 0x00, 0x00, //0x00001cba jne          LBB0_615
	0x4c, 0x01, 0xc7, //0x00001cc0 addq         %r8, %rdi
	0x48, 0x89, 0x7c, 0x24, 0x10, //0x00001cc3 movq         %rdi, $16(%rsp)
	//0x00001cc8 LBB0_340
	0x85, 0xf6, //0x00001cc8 testl        %esi, %esi
	0x0f, 0x84, 0x13, 0x00, 0x00, 0x00, //0x00001cca je           LBB0_343
	0x0f, 0xbc, 0xf6, //0x00001cd0 bsfl         %esi, %esi
	0x49, 0x83, 0xff, 0xff, //0x00001cd3 cmpq         $-1, %r15
	0x0f, 0x85, 0xa9, 0x19, 0x00, 0x00, //0x00001cd7 jne          LBB0_616
	0x4c, 0x01, 0xc6, //0x00001cdd addq         %r8, %rsi
	0x49, 0x89, 0xf7, //0x00001ce0 movq         %rsi, %r15
	//0x00001ce3 LBB0_343
	0x85, 0xd2, //0x00001ce3 testl        %edx, %edx
	0x0f, 0x84, 0x13, 0x00, 0x00, 0x00, //0x00001ce5 je           LBB0_346
	0x0f, 0xbc, 0xd2, //0x00001ceb bsfl         %edx, %edx
	0x49, 0x83, 0xfc, 0xff, //0x00001cee cmpq         $-1, %r12
	0x0f, 0x85, 0x99, 0x19, 0x00, 0x00, //0x00001cf2 jne          LBB0_617
	0x4c, 0x01, 0xc2, //0x00001cf8 addq         %r8, %rdx
	0x49, 0x89, 0xd4, //0x00001cfb movq         %rdx, %r12
	//0x00001cfe LBB0_346
	0x83, 0xf9, 0x20, //0x00001cfe cmpl         $32, %ecx
	0x0f, 0x85, 0x47, 0x12, 0x00, 0x00, //0x00001d01 jne          LBB0_546
	0x49, 0x83, 0xc1, 0xe0, //0x00001d07 addq         $-32, %r9
	0x49, 0x83, 0xc0, 0x20, //0x00001d0b addq         $32, %r8
	0x49, 0x83, 0xf9, 0x1f, //0x00001d0f cmpq         $31, %r9
	0x0f, 0x87, 0xf7, 0xfe, 0xff, 0xff, //0x00001d13 ja           LBB0_332
	0xc5, 0xf8, 0x77, //0x00001d19 vzeroupper
	0x4d, 0x01, 0xf0, //0x00001d1c addq         %r14, %r8
	0x4c, 0x89, 0x74, 0x24, 0x48, //0x00001d1f movq         %r14, $72(%rsp)
	0x49, 0x83, 0xf9, 0x10, //0x00001d24 cmpq         $16, %r9
	0x0f, 0x82, 0x5b, 0x01, 0x00, 0x00, //0x00001d28 jb           LBB0_367
	//0x00001d2e LBB0_349
	0x4c, 0x89, 0xc1, //0x00001d2e movq         %r8, %rcx
	0x4c, 0x29, 0xe9, //0x00001d31 subq         %r13, %rcx
	0x4c, 0x89, 0xd2, //0x00001d34 movq         %r10, %rdx
	0x48, 0xf7, 0xd2, //0x00001d37 notq         %rdx
	0x48, 0x01, 0xca, //0x00001d3a addq         %rcx, %rdx
	0x48, 0x89, 0x54, 0x24, 0x28, //0x00001d3d movq         %rdx, $40(%rsp)
	0x45, 0x31, 0xdb, //0x00001d42 xorl         %r11d, %r11d
	0x90, 0x90, 0x90, 0x90, 0x90, 0x90, 0x90, 0x90, 0x90, 0x90, 0x90, //0x00001d45 .p2align 4, 0x90
	//0x00001d50 LBB0_350
	0xc4, 0x81, 0x7a, 0x6f, 0x04, 0x18, //0x00001d50 vmovdqu      (%r8,%r11), %xmm0
	0xc5, 0xf9, 0x64, 0x0d, 0xe2, 0xe2, 0xff, 0xff, //0x00001d56 vpcmpgtb     $-7454(%rip), %xmm0, %xmm1  /* LCPI0_20+0(%rip) */
	0xc5, 0xfa, 0x6f, 0x15, 0xea, 0xe2, 0xff, 0xff, //0x00001d5e vmovdqu      $-7446(%rip), %xmm2  /* LCPI0_21+0(%rip) */
	0xc5, 0xe9, 0x64, 0xd0, //0x00001d66 vpcmpgtb     %xmm0, %xmm2, %xmm2
	0xc5, 0xf1, 0xdb, 0xca, //0x00001d6a vpand        %xmm2, %xmm1, %xmm1
	0xc5, 0xf9, 0x74, 0x15, 0xea, 0xe2, 0xff, 0xff, //0x00001d6e vpcmpeqb     $-7446(%rip), %xmm0, %xmm2  /* LCPI0_22+0(%rip) */
	0xc5, 0xf9, 0x74, 0x1d, 0xf2, 0xe2, 0xff, 0xff, //0x00001d76 vpcmpeqb     $-7438(%rip), %xmm0, %xmm3  /* LCPI0_23+0(%rip) */
	0xc5, 0xe1, 0xeb, 0xd2, //0x00001d7e vpor         %xmm2, %xmm3, %xmm2
	0xc5, 0xf9, 0xdb, 0x1d, 0x96, 0xe2, 0xff, 0xff, //0x00001d82 vpand        $-7530(%rip), %xmm0, %xmm3  /* LCPI0_12+0(%rip) */
	0xc5, 0xf9, 0x74, 0x05, 0xee, 0xe2, 0xff, 0xff, //0x00001d8a vpcmpeqb     $-7442(%rip), %xmm0, %xmm0  /* LCPI0_24+0(%rip) */
	0xc5, 0xe1, 0x74, 0x1d, 0xf6, 0xe2, 0xff, 0xff, //0x00001d92 vpcmpeqb     $-7434(%rip), %xmm3, %xmm3  /* LCPI0_25+0(%rip) */
	0xc5, 0xe1, 0xeb, 0xe0, //0x00001d9a vpor         %xmm0, %xmm3, %xmm4
	0xc5, 0xe9, 0xeb, 0xc9, //0x00001d9e vpor         %xmm1, %xmm2, %xmm1
	0xc5, 0xd9, 0xeb, 0xc9, //0x00001da2 vpor         %xmm1, %xmm4, %xmm1
	0xc5, 0xf9, 0xd7, 0xd8, //0x00001da6 vpmovmskb    %xmm0, %ebx
	0xc5, 0xf9, 0xd7, 0xfb, //0x00001daa vpmovmskb    %xmm3, %edi
	0xc5, 0xf9, 0xd7, 0xd2, //0x00001dae vpmovmskb    %xmm2, %edx
	0xc5, 0xf9, 0xd7, 0xc9, //0x00001db2 vpmovmskb    %xmm1, %ecx
	0xf7, 0xd1, //0x00001db6 notl         %ecx
	0x0f, 0xbc, 0xc9, //0x00001db8 bsfl         %ecx, %ecx
	0x4d, 0x89, 0xfe, //0x00001dbb movq         %r15, %r14
	0x83, 0xf9, 0x10, //0x00001dbe cmpl         $16, %ecx
	0x0f, 0x84, 0x11, 0x00, 0x00, 0x00, //0x00001dc1 je           LBB0_352
	0xbe, 0xff, 0xff, 0xff, 0xff, //0x00001dc7 movl         $-1, %esi
	0xd3, 0xe6, //0x00001dcc shll         %cl, %esi
	0xf7, 0xd6, //0x00001dce notl         %esi
	0x21, 0xf3, //0x00001dd0 andl         %esi, %ebx
	0x21, 0xf7, //0x00001dd2 andl         %esi, %edi
	0x21, 0xd6, //0x00001dd4 andl         %edx, %esi
	0x89, 0xf2, //0x00001dd6 movl         %esi, %edx
	//0x00001dd8 LBB0_352
	0x44, 0x8d, 0x7b, 0xff, //0x00001dd8 leal         $-1(%rbx), %r15d
	0x41, 0x21, 0xdf, //0x00001ddc andl         %ebx, %r15d
	0x0f, 0x85, 0xfd, 0x18, 0x00, 0x00, //0x00001ddf jne          LBB0_621
	0x8d, 0x77, 0xff, //0x00001de5 leal         $-1(%rdi), %esi
	0x21, 0xfe, //0x00001de8 andl         %edi, %esi
	0x0f, 0x85, 0x71, 0x18, 0x00, 0x00, //0x00001dea jne          LBB0_613
	0x8d, 0x72, 0xff, //0x00001df0 leal         $-1(%rdx), %esi
	0x21, 0xd6, //0x00001df3 andl         %edx, %esi
	0x0f, 0x85, 0x66, 0x18, 0x00, 0x00, //0x00001df5 jne          LBB0_613
	0x4d, 0x89, 0xf7, //0x00001dfb movq         %r14, %r15
	0x85, 0xdb, //0x00001dfe testl        %ebx, %ebx
	0x0f, 0x84, 0x1f, 0x00, 0x00, 0x00, //0x00001e00 je           LBB0_358
	0x0f, 0xbc, 0xdb, //0x00001e06 bsfl         %ebx, %ebx
	0x48, 0x83, 0x7c, 0x24, 0x10, 0xff, //0x00001e09 cmpq         $-1, $16(%rsp)
	0x0f, 0x85, 0xd6, 0x18, 0x00, 0x00, //0x00001e0f jne          LBB0_622
	0x48, 0x8b, 0x74, 0x24, 0x28, //0x00001e15 movq         $40(%rsp), %rsi
	0x4c, 0x01, 0xde, //0x00001e1a addq         %r11, %rsi
	0x48, 0x01, 0xf3, //0x00001e1d addq         %rsi, %rbx
	0x48, 0x89, 0x5c, 0x24, 0x10, //0x00001e20 movq         %rbx, $16(%rsp)
	//0x00001e25 LBB0_358
	0x85, 0xff, //0x00001e25 testl        %edi, %edi
	0x0f, 0x84, 0x1b, 0x00, 0x00, 0x00, //0x00001e27 je           LBB0_361
	0x0f, 0xbc, 0xff, //0x00001e2d bsfl         %edi, %edi
	0x49, 0x83, 0xff, 0xff, //0x00001e30 cmpq         $-1, %r15
	0x0f, 0x85, 0xb8, 0x18, 0x00, 0x00, //0x00001e34 jne          LBB0_623
	0x48, 0x8b, 0x74, 0x24, 0x28, //0x00001e3a movq         $40(%rsp), %rsi
	0x4c, 0x01, 0xde, //0x00001e3f addq         %r11, %rsi
	0x48, 0x01, 0xf7, //0x00001e42 addq         %rsi, %rdi
	0x49, 0x89, 0xff, //0x00001e45 movq         %rdi, %r15
	//0x00001e48 LBB0_361
	0x85, 0xd2, //0x00001e48 testl        %edx, %edx
	0x0f, 0x84, 0x1b, 0x00, 0x00, 0x00, //0x00001e4a je           LBB0_364
	0x0f, 0xbc, 0xd2, //0x00001e50 bsfl         %edx, %edx
	0x49, 0x83, 0xfc, 0xff, //0x00001e53 cmpq         $-1, %r12
	0x0f, 0x85, 0x9c, 0x18, 0x00, 0x00, //0x00001e57 jne          LBB0_624
	0x48, 0x8b, 0x74, 0x24, 0x28, //0x00001e5d movq         $40(%rsp), %rsi
	0x4c, 0x01, 0xde, //0x00001e62 addq         %r11, %rsi
	0x48, 0x01, 0xf2, //0x00001e65 addq         %rsi, %rdx
	0x49, 0x89, 0xd4, //0x00001e68 movq         %rdx, %r12
	//0x00001e6b LBB0_364
	0x83, 0xf9, 0x10, //0x00001e6b cmpl         $16, %ecx
	0x0f, 0x85, 0x0e, 0x12, 0x00, 0x00, //0x00001e6e jne          LBB0_555
	0x49, 0x83, 0xc1, 0xf0, //0x00001e74 addq         $-16, %r9
	0x49, 0x83, 0xc3, 0x10, //0x00001e78 addq         $16, %r11
	0x49, 0x83, 0xf9, 0x0f, //0x00001e7c cmpq         $15, %r9
	0x0f, 0x87, 0xca, 0xfe, 0xff, 0xff, //0x00001e80 ja           LBB0_350
	0x4d, 0x01, 0xd8, //0x00001e86 addq         %r11, %r8
	//0x00001e89 LBB0_367
	0x4d, 0x85, 0xc9, //0x00001e89 testq        %r9, %r9
	0x4c, 0x8b, 0x5c, 0x24, 0x18, //0x00001e8c movq         $24(%rsp), %r11
	0x48, 0x8d, 0x15, 0x08, 0x46, 0x00, 0x00, //0x00001e91 leaq         $17928(%rip), %rdx  /* LJTI0_11+0(%rip) */
	0x0f, 0x84, 0x74, 0x12, 0x00, 0x00, //0x00001e98 je           LBB0_563
	0x4f, 0x8d, 0x34, 0x08, //0x00001e9e leaq         (%r8,%r9), %r14
	0x4c, 0x89, 0xc1, //0x00001ea2 movq         %r8, %rcx
	0x4c, 0x29, 0xe9, //0x00001ea5 subq         %r13, %rcx
	0x4c, 0x89, 0xd6, //0x00001ea8 movq         %r10, %rsi
	0x48, 0xf7, 0xd6, //0x00001eab notq         %rsi
	0x48, 0x01, 0xce, //0x00001eae addq         %rcx, %rsi
	0x31, 0xc9, //0x00001eb1 xorl         %ecx, %ecx
	0xe9, 0x25, 0x00, 0x00, 0x00, //0x00001eb3 jmp          LBB0_372
	//0x00001eb8 LBB0_369
	0x49, 0x83, 0xfc, 0xff, //0x00001eb8 cmpq         $-1, %r12
	0x0f, 0x85, 0x79, 0x17, 0x00, 0x00, //0x00001ebc jne          LBB0_610
	0x4c, 0x8d, 0x24, 0x0e, //0x00001ec2 leaq         (%rsi,%rcx), %r12
	0x90, 0x90, 0x90, 0x90, 0x90, 0x90, 0x90, 0x90, 0x90, 0x90, //0x00001ec6 .p2align 4, 0x90
	//0x00001ed0 LBB0_371
	0x48, 0x83, 0xc1, 0x01, //0x00001ed0 addq         $1, %rcx
	0x49, 0x39, 0xc9, //0x00001ed4 cmpq         %rcx, %r9
	0x0f, 0x84, 0xe1, 0x15, 0x00, 0x00, //0x00001ed7 je           LBB0_591
	//0x00001edd LBB0_372
	0x41, 0x0f, 0xbe, 0x3c, 0x08, //0x00001edd movsbl       (%r8,%rcx), %edi
	0x8d, 0x5f, 0xd0, //0x00001ee2 leal         $-48(%rdi), %ebx
	0x83, 0xfb, 0x0a, //0x00001ee5 cmpl         $10, %ebx
	0x0f, 0x82, 0xe2, 0xff, 0xff, 0xff, //0x00001ee8 jb           LBB0_371
	0x8d, 0x5f, 0xd5, //0x00001eee leal         $-43(%rdi), %ebx
	0x83, 0xfb, 0x1a, //0x00001ef1 cmpl         $26, %ebx
	0x0f, 0x87, 0x23, 0x00, 0x00, 0x00, //0x00001ef4 ja           LBB0_377
	0x48, 0x63, 0x3c, 0x9a, //0x00001efa movslq       (%rdx,%rbx,4), %rdi
	0x48, 0x01, 0xd7, //0x00001efe addq         %rdx, %rdi
	0xff, 0xe7, //0x00001f01 jmpq         *%rdi
	//0x00001f03 LBB0_375
	0x48, 0x83, 0x7c, 0x24, 0x10, 0xff, //0x00001f03 cmpq         $-1, $16(%rsp)
	0x0f, 0x85, 0x2c, 0x17, 0x00, 0x00, //0x00001f09 jne          LBB0_610
	0x48, 0x8d, 0x3c, 0x0e, //0x00001f0f leaq         (%rsi,%rcx), %rdi
	0x48, 0x89, 0x7c, 0x24, 0x10, //0x00001f13 movq         %rdi, $16(%rsp)
	0xe9, 0xb3, 0xff, 0xff, 0xff, //0x00001f18 jmp          LBB0_371
	//0x00001f1d LBB0_377
	0x83, 0xff, 0x65, //0x00001f1d cmpl         $101, %edi
	0x0f, 0x85, 0xe9, 0x11, 0x00, 0x00, //0x00001f20 jne          LBB0_562
	//0x00001f26 LBB0_378
	0x49, 0x83, 0xff, 0xff, //0x00001f26 cmpq         $-1, %r15
	0x0f, 0x85, 0x0b, 0x17, 0x00, 0x00, //0x00001f2a jne          LBB0_610
	0x4c, 0x8d, 0x3c, 0x0e, //0x00001f30 leaq         (%rsi,%rcx), %r15
	0xe9, 0x97, 0xff, 0xff, 0xff, //0x00001f34 jmp          LBB0_371
	//0x00001f39 LBB0_380
	0x48, 0x8b, 0x4c, 0x24, 0x70, //0x00001f39 movq         $112(%rsp), %rcx
	0x48, 0x8b, 0x49, 0x08, //0x00001f3e movq         $8(%rcx), %rcx
	0x48, 0x8d, 0x51, 0xfd, //0x00001f42 leaq         $-3(%rcx), %rdx
	0x49, 0x39, 0xd5, //0x00001f46 cmpq         %rdx, %r13
	0x0f, 0x83, 0xdd, 0x34, 0x00, 0x00, //0x00001f49 jae          LBB0_925
	0x41, 0x81, 0x3f, 0x6e, 0x75, 0x6c, 0x6c, //0x00001f4f cmpl         $1819047278, (%r15)
	0x0f, 0x84, 0x58, 0x00, 0x00, 0x00, //0x00001f56 je           LBB0_391
	0xe9, 0x9b, 0x35, 0x00, 0x00, //0x00001f5c jmp          LBB0_382
	//0x00001f61 LBB0_386
	0x41, 0xf6, 0xc1, 0x40, //0x00001f61 testb        $64, %r9b
	0x0f, 0x85, 0x94, 0x07, 0x00, 0x00, //0x00001f65 jne          LBB0_468
	0x49, 0x8b, 0x04, 0x24, //0x00001f6b movq         (%r12), %rax
	0x48, 0x3d, 0xff, 0x0f, 0x00, 0x00, //0x00001f6f cmpq         $4095, %rax
	0x0f, 0x8f, 0x6b, 0x34, 0x00, 0x00, //0x00001f75 jg           LBB0_939
	0x48, 0x8d, 0x50, 0x01, //0x00001f7b leaq         $1(%rax), %rdx
	0x49, 0x89, 0x14, 0x24, //0x00001f7f movq         %rdx, (%r12)
	0x49, 0xc7, 0x44, 0xc4, 0x08, 0x06, 0x00, 0x00, 0x00, //0x00001f83 movq         $6, $8(%r12,%rax,8)
	0xe9, 0x1d, 0xe4, 0xff, 0xff, //0x00001f8c jmp          LBB0_4
	//0x00001f91 LBB0_389
	0x48, 0x8b, 0x4c, 0x24, 0x70, //0x00001f91 movq         $112(%rsp), %rcx
	0x48, 0x8b, 0x49, 0x08, //0x00001f96 movq         $8(%rcx), %rcx
	0x48, 0x8d, 0x51, 0xfd, //0x00001f9a leaq         $-3(%rcx), %rdx
	0x49, 0x39, 0xd5, //0x00001f9e cmpq         %rdx, %r13
	0x0f, 0x83, 0x85, 0x34, 0x00, 0x00, //0x00001fa1 jae          LBB0_925
	0x41, 0x81, 0x3f, 0x74, 0x72, 0x75, 0x65, //0x00001fa7 cmpl         $1702195828, (%r15)
	0x0f, 0x85, 0xa1, 0x34, 0x00, 0x00, //0x00001fae jne          LBB0_927
	//0x00001fb4 LBB0_391
	0x49, 0x8d, 0x4d, 0x04, //0x00001fb4 leaq         $4(%r13), %rcx
	0xe9, 0xd8, 0xe3, 0xff, 0xff, //0x00001fb8 jmp          LBB0_2
	//0x00001fbd LBB0_392
	0x89, 0xc8, //0x00001fbd movl         %ecx, %eax
	0x49, 0x01, 0xc1, //0x00001fbf addq         %rax, %r9
	0x4d, 0x01, 0xf9, //0x00001fc2 addq         %r15, %r9
	0x4c, 0x8b, 0x7c, 0x24, 0x28, //0x00001fc5 movq         $40(%rsp), %r15
	0x48, 0xc7, 0xc0, 0xff, 0xff, 0xff, 0xff, //0x00001fca movq         $-1, %rax
	0x48, 0x8b, 0x54, 0x24, 0x10, //0x00001fd1 movq         $16(%rsp), %rdx
	0x48, 0x85, 0xd2, //0x00001fd6 testq        %rdx, %rdx
	0x0f, 0x85, 0x1d, 0x00, 0x00, 0x00, //0x00001fd9 jne          LBB0_395
	0xe9, 0x1d, 0x34, 0x00, 0x00, //0x00001fdf jmp          LBB0_922
	//0x00001fe4 LBB0_393
	0x49, 0x01, 0xc9, //0x00001fe4 addq         %rcx, %r9
	//0x00001fe7 LBB0_394
	0x48, 0xc7, 0xc0, 0xff, 0xff, 0xff, 0xff, //0x00001fe7 movq         $-1, %rax
	0x48, 0x8b, 0x54, 0x24, 0x10, //0x00001fee movq         $16(%rsp), %rdx
	0x48, 0x85, 0xd2, //0x00001ff3 testq        %rdx, %rdx
	0x0f, 0x84, 0x05, 0x34, 0x00, 0x00, //0x00001ff6 je           LBB0_922
	//0x00001ffc LBB0_395
	0x4d, 0x85, 0xe4, //0x00001ffc testq        %r12, %r12
	0xc5, 0xfe, 0x6f, 0x1d, 0xb9, 0xe1, 0xff, 0xff, //0x00001fff vmovdqu      $-7751(%rip), %ymm3  /* LCPI0_9+0(%rip) */
	0x0f, 0x84, 0xf4, 0x33, 0x00, 0x00, //0x00002007 je           LBB0_922
	0x4d, 0x85, 0xdb, //0x0000200d testq        %r11, %r11
	0x0f, 0x84, 0xeb, 0x33, 0x00, 0x00, //0x00002010 je           LBB0_922
	0x4d, 0x29, 0xf9, //0x00002016 subq         %r15, %r9
	0x49, 0x8d, 0x41, 0xff, //0x00002019 leaq         $-1(%r9), %rax
	0x48, 0x39, 0xc2, //0x0000201d cmpq         %rax, %rdx
	0x0f, 0x84, 0x86, 0x00, 0x00, 0x00, //0x00002020 je           LBB0_403
	0x49, 0x39, 0xc4, //0x00002026 cmpq         %rax, %r12
	0x0f, 0x84, 0x7d, 0x00, 0x00, 0x00, //0x00002029 je           LBB0_403
	0x49, 0x39, 0xc3, //0x0000202f cmpq         %rax, %r11
	0x0f, 0x84, 0x74, 0x00, 0x00, 0x00, //0x00002032 je           LBB0_403
	0x4d, 0x85, 0xe4, //0x00002038 testq        %r12, %r12
	0xc5, 0xfe, 0x6f, 0x2d, 0x7d, 0xe0, 0xff, 0xff, //0x0000203b vmovdqu      $-8067(%rip), %ymm5  /* LCPI0_1+0(%rip) */
	0xc5, 0xfe, 0x6f, 0x35, 0x95, 0xe0, 0xff, 0xff, //0x00002043 vmovdqu      $-8043(%rip), %ymm6  /* LCPI0_2+0(%rip) */
	0xc5, 0xfe, 0x6f, 0x3d, 0xad, 0xe0, 0xff, 0xff, //0x0000204b vmovdqu      $-8019(%rip), %ymm7  /* LCPI0_3+0(%rip) */
	0xc5, 0x7e, 0x6f, 0x05, 0xc5, 0xe0, 0xff, 0xff, //0x00002053 vmovdqu      $-7995(%rip), %ymm8  /* LCPI0_4+0(%rip) */
	0xc4, 0x41, 0x35, 0x76, 0xc9, //0x0000205b vpcmpeqd     %ymm9, %ymm9, %ymm9
	0xc5, 0x7e, 0x6f, 0x15, 0x98, 0xe1, 0xff, 0xff, //0x00002060 vmovdqu      $-7784(%rip), %ymm10  /* LCPI0_14+0(%rip) */
	0xc5, 0xfe, 0x6f, 0x05, 0xb0, 0xe1, 0xff, 0xff, //0x00002068 vmovdqu      $-7760(%rip), %ymm0  /* LCPI0_15+0(%rip) */
	0xc5, 0x7e, 0x6f, 0x3d, 0xc8, 0xe1, 0xff, 0xff, //0x00002070 vmovdqu      $-7736(%rip), %ymm15  /* LCPI0_16+0(%rip) */
	0xc5, 0x7e, 0x6f, 0x35, 0x60, 0xe1, 0xff, 0xff, //0x00002078 vmovdqu      $-7840(%rip), %ymm14  /* LCPI0_10+0(%rip) */
	0xc5, 0xfe, 0x6f, 0x25, 0x18, 0xe2, 0xff, 0xff, //0x00002080 vmovdqu      $-7656(%rip), %ymm4  /* LCPI0_19+0(%rip) */
	0x0f, 0x8e, 0x88, 0x00, 0x00, 0x00, //0x00002088 jle          LBB0_405
	0x49, 0x8d, 0x44, 0x24, 0xff, //0x0000208e leaq         $-1(%r12), %rax
	0x49, 0x39, 0xc3, //0x00002093 cmpq         %rax, %r11
	0x0f, 0x84, 0x7a, 0x00, 0x00, 0x00, //0x00002096 je           LBB0_405
	0x49, 0xf7, 0xd4, //0x0000209c notq         %r12
	0x4d, 0x89, 0xe1, //0x0000209f movq         %r12, %r9
	0x4c, 0x8b, 0x64, 0x24, 0x08, //0x000020a2 movq         $8(%rsp), %r12
	0xe9, 0x55, 0x00, 0x00, 0x00, //0x000020a7 jmp          LBB0_404
	//0x000020ac LBB0_403
	0x49, 0xf7, 0xd9, //0x000020ac negq         %r9
	0x4c, 0x8b, 0x64, 0x24, 0x08, //0x000020af movq         $8(%rsp), %r12
	0xc5, 0xfe, 0x6f, 0x2d, 0x04, 0xe0, 0xff, 0xff, //0x000020b4 vmovdqu      $-8188(%rip), %ymm5  /* LCPI0_1+0(%rip) */
	0xc5, 0xfe, 0x6f, 0x35, 0x1c, 0xe0, 0xff, 0xff, //0x000020bc vmovdqu      $-8164(%rip), %ymm6  /* LCPI0_2+0(%rip) */
	0xc5, 0xfe, 0x6f, 0x3d, 0x34, 0xe0, 0xff, 0xff, //0x000020c4 vmovdqu      $-8140(%rip), %ymm7  /* LCPI0_3+0(%rip) */
	0xc5, 0x7e, 0x6f, 0x05, 0x4c, 0xe0, 0xff, 0xff, //0x000020cc vmovdqu      $-8116(%rip), %ymm8  /* LCPI0_4+0(%rip) */
	0xc4, 0x41, 0x35, 0x76, 0xc9, //0x000020d4 vpcmpeqd     %ymm9, %ymm9, %ymm9
	0xc5, 0x7e, 0x6f, 0x15, 0x1f, 0xe1, 0xff, 0xff, //0x000020d9 vmovdqu      $-7905(%rip), %ymm10  /* LCPI0_14+0(%rip) */
	0xc5, 0xfe, 0x6f, 0x05, 0x37, 0xe1, 0xff, 0xff, //0x000020e1 vmovdqu      $-7881(%rip), %ymm0  /* LCPI0_15+0(%rip) */
	0xc5, 0x7e, 0x6f, 0x3d, 0x4f, 0xe1, 0xff, 0xff, //0x000020e9 vmovdqu      $-7857(%rip), %ymm15  /* LCPI0_16+0(%rip) */
	0xc5, 0x7e, 0x6f, 0x35, 0xe7, 0xe0, 0xff, 0xff, //0x000020f1 vmovdqu      $-7961(%rip), %ymm14  /* LCPI0_10+0(%rip) */
	0xc5, 0xfe, 0x6f, 0x25, 0x9f, 0xe1, 0xff, 0xff, //0x000020f9 vmovdqu      $-7777(%rip), %ymm4  /* LCPI0_19+0(%rip) */
	//0x00002101 LBB0_404
	0xc5, 0x7e, 0x6f, 0x1d, 0x37, 0xe0, 0xff, 0xff, //0x00002101 vmovdqu      $-8137(%rip), %ymm11  /* LCPI0_5+0(%rip) */
	0xc5, 0x7e, 0x6f, 0x25, 0x4f, 0xe0, 0xff, 0xff, //0x00002109 vmovdqu      $-8113(%rip), %ymm12  /* LCPI0_6+0(%rip) */
	0xe9, 0x91, 0x14, 0x00, 0x00, //0x00002111 jmp          LBB0_607
	//0x00002116 LBB0_405
	0x48, 0x89, 0xd0, //0x00002116 movq         %rdx, %rax
	0x4c, 0x09, 0xd8, //0x00002119 orq          %r11, %rax
	0x0f, 0x99, 0xc0, //0x0000211c setns        %al
	0xc5, 0x7e, 0x6f, 0x1d, 0x19, 0xe0, 0xff, 0xff, //0x0000211f vmovdqu      $-8167(%rip), %ymm11  /* LCPI0_5+0(%rip) */
	0xc5, 0x7e, 0x6f, 0x25, 0x31, 0xe0, 0xff, 0xff, //0x00002127 vmovdqu      $-8143(%rip), %ymm12  /* LCPI0_6+0(%rip) */
	0x0f, 0x88, 0x64, 0x09, 0x00, 0x00, //0x0000212f js           LBB0_499
	0x4c, 0x39, 0xda, //0x00002135 cmpq         %r11, %rdx
	0x0f, 0x8c, 0x5b, 0x09, 0x00, 0x00, //0x00002138 jl           LBB0_499
	0x48, 0xf7, 0xd2, //0x0000213e notq         %rdx
	0x49, 0x89, 0xd1, //0x00002141 movq         %rdx, %r9
	0xe9, 0x59, 0x14, 0x00, 0x00, //0x00002144 jmp          LBB0_606
	//0x00002149 LBB0_408
	0x41, 0xbe, 0x40, 0x00, 0x00, 0x00, //0x00002149 movl         $64, %r14d
	//0x0000214f LBB0_409
	0x4c, 0x8b, 0x5c, 0x24, 0x18, //0x0000214f movq         $24(%rsp), %r11
	0x4c, 0x8b, 0x64, 0x24, 0x08, //0x00002154 movq         $8(%rsp), %r12
	0x4c, 0x8b, 0x7c, 0x24, 0x10, //0x00002159 movq         $16(%rsp), %r15
	0x49, 0x39, 0xfe, //0x0000215e cmpq         %rdi, %r14
	0x0f, 0x82, 0x49, 0x34, 0x00, 0x00, //0x00002161 jb           LBB0_944
	0x48, 0x8d, 0x0c, 0x3e, //0x00002167 leaq         (%rsi,%rdi), %rcx
	0x48, 0x83, 0xc1, 0x01, //0x0000216b addq         $1, %rcx
	//0x0000216f LBB0_411
	0x48, 0x85, 0xc9, //0x0000216f testq        %rcx, %rcx
	0x0f, 0x88, 0x4c, 0x34, 0x00, 0x00, //0x00002172 js           LBB0_283
	0x49, 0x89, 0x0b, //0x00002178 movq         %rcx, (%r11)
	0x4c, 0x89, 0xe8, //0x0000217b movq         %r13, %rax
	0x48, 0xba, 0xfe, 0xff, 0xff, 0xff, 0xff, 0xff, 0xff, 0x7f, //0x0000217e movabsq      $9223372036854775806, %rdx
	0x49, 0x39, 0xd5, //0x00002188 cmpq         %rdx, %r13
	0x4c, 0x8b, 0x4c, 0x24, 0x50, //0x0000218b movq         $80(%rsp), %r9
	0x0f, 0x87, 0x84, 0x32, 0x00, 0x00, //0x00002190 ja           LBB0_949
	//0x00002196 LBB0_413
	0x49, 0x8b, 0x04, 0x24, //0x00002196 movq         (%r12), %rax
	0x48, 0x3d, 0xff, 0x0f, 0x00, 0x00, //0x0000219a cmpq         $4095, %rax
	0x0f, 0x8f, 0x40, 0x32, 0x00, 0x00, //0x000021a0 jg           LBB0_939
	0x48, 0x8d, 0x50, 0x01, //0x000021a6 leaq         $1(%rax), %rdx
	0x49, 0x89, 0x14, 0x24, //0x000021aa movq         %rdx, (%r12)
	0x49, 0xc7, 0x44, 0xc4, 0x08, 0x04, 0x00, 0x00, 0x00, //0x000021ae movq         $4, $8(%r12,%rax,8)
	0xe9, 0xf2, 0xe1, 0xff, 0xff, //0x000021b7 jmp          LBB0_4
	//0x000021bc LBB0_415
	0x48, 0x8b, 0x54, 0x24, 0x70, //0x000021bc movq         $112(%rsp), %rdx
	0x4c, 0x8b, 0x42, 0x08, //0x000021c1 movq         $8(%rdx), %r8
	0x49, 0x29, 0xc8, //0x000021c5 subq         %rcx, %r8
	0x49, 0x01, 0xca, //0x000021c8 addq         %rcx, %r10
	0x45, 0x31, 0xff, //0x000021cb xorl         %r15d, %r15d
	0x45, 0x31, 0xc9, //0x000021ce xorl         %r9d, %r9d
	0x45, 0x31, 0xf6, //0x000021d1 xorl         %r14d, %r14d
	0x31, 0xdb, //0x000021d4 xorl         %ebx, %ebx
	0xe9, 0x17, 0x00, 0x00, 0x00, //0x000021d6 jmp          LBB0_417
	//0x000021db LBB0_416
	0x49, 0xc1, 0xfb, 0x3f, //0x000021db sarq         $63, %r11
	0xf3, 0x48, 0x0f, 0xb8, 0xce, //0x000021df popcntq      %rsi, %rcx
	0x49, 0x01, 0xce, //0x000021e4 addq         %rcx, %r14
	0x49, 0x83, 0xc2, 0x40, //0x000021e7 addq         $64, %r10
	0x49, 0x83, 0xc0, 0xc0, //0x000021eb addq         $-64, %r8
	0x4d, 0x89, 0xdf, //0x000021ef movq         %r11, %r15
	//0x000021f2 LBB0_417
	0x49, 0x83, 0xf8, 0x40, //0x000021f2 cmpq         $64, %r8
	0x0f, 0x8c, 0x51, 0x01, 0x00, 0x00, //0x000021f6 jl           LBB0_425
	//0x000021fc LBB0_418
	0xc4, 0x41, 0x7d, 0x6f, 0xfd, //0x000021fc vmovdqa      %ymm13, %ymm15
	0xc4, 0xc1, 0x7e, 0x6f, 0x0a, //0x00002201 vmovdqu      (%r10), %ymm1
	0xc4, 0xc1, 0x7e, 0x6f, 0x42, 0x20, //0x00002206 vmovdqu      $32(%r10), %ymm0
	0xc5, 0xf5, 0x74, 0xd7, //0x0000220c vpcmpeqb     %ymm7, %ymm1, %ymm2
	0xc5, 0xfd, 0xd7, 0xd2, //0x00002210 vpmovmskb    %ymm2, %edx
	0xc5, 0xfd, 0x74, 0xd7, //0x00002214 vpcmpeqb     %ymm7, %ymm0, %ymm2
	0xc5, 0xfd, 0xd7, 0xca, //0x00002218 vpmovmskb    %ymm2, %ecx
	0x48, 0xc1, 0xe1, 0x20, //0x0000221c shlq         $32, %rcx
	0x48, 0x09, 0xca, //0x00002220 orq          %rcx, %rdx
	0x48, 0x89, 0xd1, //0x00002223 movq         %rdx, %rcx
	0xc4, 0x41, 0x7d, 0x6f, 0xea, //0x00002226 vmovdqa      %ymm10, %ymm13
	0x4c, 0x09, 0xc9, //0x0000222b orq          %r9, %rcx
	0x0f, 0x85, 0x0f, 0x00, 0x00, 0x00, //0x0000222e jne          LBB0_420
	0x48, 0xc7, 0xc2, 0xff, 0xff, 0xff, 0xff, //0x00002234 movq         $-1, %rdx
	0x45, 0x31, 0xc9, //0x0000223b xorl         %r9d, %r9d
	0xe9, 0x46, 0x00, 0x00, 0x00, //0x0000223e jmp          LBB0_421
	//0x00002243 LBB0_420
	0x4c, 0x89, 0xc9, //0x00002243 movq         %r9, %rcx
	0x48, 0xf7, 0xd1, //0x00002246 notq         %rcx
	0x48, 0x21, 0xd1, //0x00002249 andq         %rdx, %rcx
	0x4c, 0x8d, 0x1c, 0x09, //0x0000224c leaq         (%rcx,%rcx), %r11
	0x4d, 0x09, 0xcb, //0x00002250 orq          %r9, %r11
	0x4c, 0x89, 0xdf, //0x00002253 movq         %r11, %rdi
	0x48, 0xf7, 0xd7, //0x00002256 notq         %rdi
	0x48, 0xbe, 0xaa, 0xaa, 0xaa, 0xaa, 0xaa, 0xaa, 0xaa, 0xaa, //0x00002259 movabsq      $-6148914691236517206, %rsi
	0x48, 0x21, 0xf2, //0x00002263 andq         %rsi, %rdx
	0x48, 0x21, 0xfa, //0x00002266 andq         %rdi, %rdx
	0x45, 0x31, 0xc9, //0x00002269 xorl         %r9d, %r9d
	0x48, 0x01, 0xca, //0x0000226c addq         %rcx, %rdx
	0x41, 0x0f, 0x92, 0xc1, //0x0000226f setb         %r9b
	0x48, 0x01, 0xd2, //0x00002273 addq         %rdx, %rdx
	0x48, 0xb9, 0x55, 0x55, 0x55, 0x55, 0x55, 0x55, 0x55, 0x55, //0x00002276 movabsq      $6148914691236517205, %rcx
	0x48, 0x31, 0xca, //0x00002280 xorq         %rcx, %rdx
	0x4c, 0x21, 0xda, //0x00002283 andq         %r11, %rdx
	0x48, 0xf7, 0xd2, //0x00002286 notq         %rdx
	//0x00002289 LBB0_421
	0xc5, 0xfd, 0x74, 0xd6, //0x00002289 vpcmpeqb     %ymm6, %ymm0, %ymm2
	0xc5, 0xfd, 0xd7, 0xca, //0x0000228d vpmovmskb    %ymm2, %ecx
	0x48, 0xc1, 0xe1, 0x20, //0x00002291 shlq         $32, %rcx
	0xc5, 0xf5, 0x74, 0xd6, //0x00002295 vpcmpeqb     %ymm6, %ymm1, %ymm2
	0xc5, 0xfd, 0xd7, 0xf2, //0x00002299 vpmovmskb    %ymm2, %esi
	0x48, 0x09, 0xce, //0x0000229d orq          %rcx, %rsi
	0x48, 0x21, 0xd6, //0x000022a0 andq         %rdx, %rsi
	0xc4, 0xe1, 0xf9, 0x6e, 0xd6, //0x000022a3 vmovq        %rsi, %xmm2
	0xc4, 0xe3, 0x69, 0x44, 0x15, 0xee, 0xdd, 0xff, 0xff, 0x00, //0x000022a8 vpclmulqdq   $0, $-8722(%rip), %xmm2, %xmm2  /* LCPI0_26+0(%rip) */
	0xc4, 0xc1, 0xf9, 0x7e, 0xd3, //0x000022b2 vmovq        %xmm2, %r11
	0x4d, 0x31, 0xfb, //0x000022b7 xorq         %r15, %r11
	0xc5, 0x7e, 0x6f, 0x15, 0xbe, 0xde, 0xff, 0xff, //0x000022ba vmovdqu      $-8514(%rip), %ymm10  /* LCPI0_7+0(%rip) */
	0xc5, 0xad, 0x74, 0xd1, //0x000022c2 vpcmpeqb     %ymm1, %ymm10, %ymm2
	0xc5, 0xfd, 0xd7, 0xf2, //0x000022c6 vpmovmskb    %ymm2, %esi
	0xc5, 0xad, 0x74, 0xd0, //0x000022ca vpcmpeqb     %ymm0, %ymm10, %ymm2
	0xc5, 0xfd, 0xd7, 0xca, //0x000022ce vpmovmskb    %ymm2, %ecx
	0x48, 0xc1, 0xe1, 0x20, //0x000022d2 shlq         $32, %rcx
	0x48, 0x09, 0xce, //0x000022d6 orq          %rcx, %rsi
	0x4c, 0x89, 0xd9, //0x000022d9 movq         %r11, %rcx
	0x48, 0xf7, 0xd1, //0x000022dc notq         %rcx
	0x48, 0x21, 0xce, //0x000022df andq         %rcx, %rsi
	0xc5, 0xfe, 0x6f, 0x15, 0xb6, 0xde, 0xff, 0xff, //0x000022e2 vmovdqu      $-8522(%rip), %ymm2  /* LCPI0_8+0(%rip) */
	0xc5, 0xf5, 0x74, 0xca, //0x000022ea vpcmpeqb     %ymm2, %ymm1, %ymm1
	0xc5, 0xfd, 0xd7, 0xf9, //0x000022ee vpmovmskb    %ymm1, %edi
	0xc5, 0xfd, 0x74, 0xc2, //0x000022f2 vpcmpeqb     %ymm2, %ymm0, %ymm0
	0xc5, 0xfd, 0xd7, 0xd0, //0x000022f6 vpmovmskb    %ymm0, %edx
	0x48, 0xc1, 0xe2, 0x20, //0x000022fa shlq         $32, %rdx
	0x48, 0x09, 0xd7, //0x000022fe orq          %rdx, %rdi
	0xc4, 0x41, 0x7d, 0x6f, 0xd5, //0x00002301 vmovdqa      %ymm13, %ymm10
	0xc4, 0x41, 0x7d, 0x6f, 0xef, //0x00002306 vmovdqa      %ymm15, %ymm13
	0x48, 0x21, 0xcf, //0x0000230b andq         %rcx, %rdi
	0x0f, 0x84, 0xc7, 0xfe, 0xff, 0xff, //0x0000230e je           LBB0_416
	0xc5, 0x7e, 0x6f, 0x3d, 0x24, 0xdf, 0xff, 0xff, //0x00002314 vmovdqu      $-8412(%rip), %ymm15  /* LCPI0_16+0(%rip) */
	0x90, 0x90, 0x90, 0x90, //0x0000231c .p2align 4, 0x90
	//0x00002320 LBB0_423
	0x48, 0x8d, 0x4f, 0xff, //0x00002320 leaq         $-1(%rdi), %rcx
	0x48, 0x89, 0xca, //0x00002324 movq         %rcx, %rdx
	0x48, 0x21, 0xf2, //0x00002327 andq         %rsi, %rdx
	0xf3, 0x48, 0x0f, 0xb8, 0xd2, //0x0000232a popcntq      %rdx, %rdx
	0x4c, 0x01, 0xf2, //0x0000232f addq         %r14, %rdx
	0x48, 0x39, 0xda, //0x00002332 cmpq         %rbx, %rdx
	0x0f, 0x86, 0xb9, 0x06, 0x00, 0x00, //0x00002335 jbe          LBB0_493
	0x48, 0x83, 0xc3, 0x01, //0x0000233b addq         $1, %rbx
	0x48, 0x21, 0xcf, //0x0000233f andq         %rcx, %rdi
	0x0f, 0x85, 0xd8, 0xff, 0xff, 0xff, //0x00002342 jne          LBB0_423
	0xe9, 0x8e, 0xfe, 0xff, 0xff, //0x00002348 jmp          LBB0_416
	//0x0000234d LBB0_425
	0x4d, 0x85, 0xc0, //0x0000234d testq        %r8, %r8
	0x0f, 0x8e, 0xb1, 0x32, 0x00, 0x00, //0x00002350 jle          LBB0_951
	0xc5, 0x7d, 0x7f, 0xd9, //0x00002356 vmovdqa      %ymm11, %ymm1
	0xc4, 0x41, 0x7d, 0x6f, 0xdd, //0x0000235a vmovdqa      %ymm13, %ymm11
	0xc5, 0xf9, 0xef, 0xc0, //0x0000235f vpxor        %xmm0, %xmm0, %xmm0
	0xc5, 0xfe, 0x7f, 0x84, 0x24, 0xa0, 0x00, 0x00, 0x00, //0x00002363 vmovdqu      %ymm0, $160(%rsp)
	0xc5, 0xfe, 0x7f, 0x84, 0x24, 0x80, 0x00, 0x00, 0x00, //0x0000236c vmovdqu      %ymm0, $128(%rsp)
	0x44, 0x89, 0xd1, //0x00002375 movl         %r10d, %ecx
	0x81, 0xe1, 0xff, 0x0f, 0x00, 0x00, //0x00002378 andl         $4095, %ecx
	0x81, 0xf9, 0xc1, 0x0f, 0x00, 0x00, //0x0000237e cmpl         $4033, %ecx
	0x0f, 0x82, 0x2d, 0x00, 0x00, 0x00, //0x00002384 jb           LBB0_429
	0x49, 0x83, 0xf8, 0x20, //0x0000238a cmpq         $32, %r8
	0x0f, 0x82, 0x4b, 0x00, 0x00, 0x00, //0x0000238e jb           LBB0_430
	0xc4, 0xc1, 0x7e, 0x6f, 0x02, //0x00002394 vmovdqu      (%r10), %ymm0
	0xc5, 0xfe, 0x7f, 0x84, 0x24, 0x80, 0x00, 0x00, 0x00, //0x00002399 vmovdqu      %ymm0, $128(%rsp)
	0x49, 0x83, 0xc2, 0x20, //0x000023a2 addq         $32, %r10
	0x49, 0x8d, 0x78, 0xe0, //0x000023a6 leaq         $-32(%r8), %rdi
	0x4c, 0x8d, 0x9c, 0x24, 0xa0, 0x00, 0x00, 0x00, //0x000023aa leaq         $160(%rsp), %r11
	0xe9, 0x33, 0x00, 0x00, 0x00, //0x000023b2 jmp          LBB0_431
	//0x000023b7 LBB0_429
	0x4c, 0x8b, 0x64, 0x24, 0x08, //0x000023b7 movq         $8(%rsp), %r12
	0xc4, 0x41, 0x35, 0x76, 0xc9, //0x000023bc vpcmpeqd     %ymm9, %ymm9, %ymm9
	0xc4, 0x41, 0x7d, 0x6f, 0xeb, //0x000023c1 vmovdqa      %ymm11, %ymm13
	0xc5, 0xfe, 0x6f, 0x25, 0xd2, 0xde, 0xff, 0xff, //0x000023c6 vmovdqu      $-8494(%rip), %ymm4  /* LCPI0_19+0(%rip) */
	0xc5, 0xfe, 0x6f, 0x1d, 0xea, 0xdd, 0xff, 0xff, //0x000023ce vmovdqu      $-8726(%rip), %ymm3  /* LCPI0_9+0(%rip) */
	0xc5, 0x7d, 0x6f, 0xd9, //0x000023d6 vmovdqa      %ymm1, %ymm11
	0xe9, 0x1d, 0xfe, 0xff, 0xff, //0x000023da jmp          LBB0_418
	//0x000023df LBB0_430
	0x4c, 0x8d, 0x9c, 0x24, 0x80, 0x00, 0x00, 0x00, //0x000023df leaq         $128(%rsp), %r11
	0x4c, 0x89, 0xc7, //0x000023e7 movq         %r8, %rdi
	//0x000023ea LBB0_431
	0x48, 0x83, 0xff, 0x10, //0x000023ea cmpq         $16, %rdi
	0x0f, 0x82, 0x4b, 0x00, 0x00, 0x00, //0x000023ee jb           LBB0_432
	0xc4, 0xc1, 0x7a, 0x6f, 0x02, //0x000023f4 vmovdqu      (%r10), %xmm0
	0xc4, 0xc1, 0x7a, 0x7f, 0x03, //0x000023f9 vmovdqu      %xmm0, (%r11)
	0x49, 0x83, 0xc2, 0x10, //0x000023fe addq         $16, %r10
	0x49, 0x83, 0xc3, 0x10, //0x00002402 addq         $16, %r11
	0x48, 0x83, 0xc7, 0xf0, //0x00002406 addq         $-16, %rdi
	0x48, 0x83, 0xff, 0x08, //0x0000240a cmpq         $8, %rdi
	0x0f, 0x83, 0x35, 0x00, 0x00, 0x00, //0x0000240e jae          LBB0_439
	//0x00002414 LBB0_433
	0x48, 0x83, 0xff, 0x04, //0x00002414 cmpq         $4, %rdi
	0x0f, 0x8c, 0x47, 0x00, 0x00, 0x00, //0x00002418 jl           LBB0_434
	//0x0000241e LBB0_440
	0x41, 0x8b, 0x0a, //0x0000241e movl         (%r10), %ecx
	0x41, 0x89, 0x0b, //0x00002421 movl         %ecx, (%r11)
	0x49, 0x83, 0xc2, 0x04, //0x00002424 addq         $4, %r10
	0x49, 0x83, 0xc3, 0x04, //0x00002428 addq         $4, %r11
	0x48, 0x83, 0xc7, 0xfc, //0x0000242c addq         $-4, %rdi
	0x48, 0x83, 0xff, 0x02, //0x00002430 cmpq         $2, %rdi
	0x0f, 0x83, 0x35, 0x00, 0x00, 0x00, //0x00002434 jae          LBB0_435
	0xe9, 0x44, 0x00, 0x00, 0x00, //0x0000243a jmp          LBB0_436
	//0x0000243f LBB0_432
	0x48, 0x83, 0xff, 0x08, //0x0000243f cmpq         $8, %rdi
	0x0f, 0x82, 0xcb, 0xff, 0xff, 0xff, //0x00002443 jb           LBB0_433
	//0x00002449 LBB0_439
	0x49, 0x8b, 0x0a, //0x00002449 movq         (%r10), %rcx
	0x49, 0x89, 0x0b, //0x0000244c movq         %rcx, (%r11)
	0x49, 0x83, 0xc2, 0x08, //0x0000244f addq         $8, %r10
	0x49, 0x83, 0xc3, 0x08, //0x00002453 addq         $8, %r11
	0x48, 0x83, 0xc7, 0xf8, //0x00002457 addq         $-8, %rdi
	0x48, 0x83, 0xff, 0x04, //0x0000245b cmpq         $4, %rdi
	0x0f, 0x8d, 0xb9, 0xff, 0xff, 0xff, //0x0000245f jge          LBB0_440
	//0x00002465 LBB0_434
	0x48, 0x83, 0xff, 0x02, //0x00002465 cmpq         $2, %rdi
	0x0f, 0x82, 0x14, 0x00, 0x00, 0x00, //0x00002469 jb           LBB0_436
	//0x0000246f LBB0_435
	0x41, 0x0f, 0xb7, 0x0a, //0x0000246f movzwl       (%r10), %ecx
	0x66, 0x41, 0x89, 0x0b, //0x00002473 movw         %cx, (%r11)
	0x49, 0x83, 0xc2, 0x02, //0x00002477 addq         $2, %r10
	0x49, 0x83, 0xc3, 0x02, //0x0000247b addq         $2, %r11
	0x48, 0x83, 0xc7, 0xfe, //0x0000247f addq         $-2, %rdi
	//0x00002483 LBB0_436
	0x4c, 0x89, 0xd2, //0x00002483 movq         %r10, %rdx
	0x4c, 0x8d, 0x94, 0x24, 0x80, 0x00, 0x00, 0x00, //0x00002486 leaq         $128(%rsp), %r10
	0x48, 0x85, 0xff, //0x0000248e testq        %rdi, %rdi
	0x4c, 0x8b, 0x64, 0x24, 0x08, //0x00002491 movq         $8(%rsp), %r12
	0xc4, 0x41, 0x35, 0x76, 0xc9, //0x00002496 vpcmpeqd     %ymm9, %ymm9, %ymm9
	0xc4, 0x41, 0x7d, 0x6f, 0xeb, //0x0000249b vmovdqa      %ymm11, %ymm13
	0xc5, 0xfe, 0x6f, 0x25, 0xf8, 0xdd, 0xff, 0xff, //0x000024a0 vmovdqu      $-8712(%rip), %ymm4  /* LCPI0_19+0(%rip) */
	0xc5, 0xfe, 0x6f, 0x1d, 0x10, 0xdd, 0xff, 0xff, //0x000024a8 vmovdqu      $-8944(%rip), %ymm3  /* LCPI0_9+0(%rip) */
	0xc5, 0x7d, 0x6f, 0xd9, //0x000024b0 vmovdqa      %ymm1, %ymm11
	0x0f, 0x84, 0x42, 0xfd, 0xff, 0xff, //0x000024b4 je           LBB0_418
	0x8a, 0x0a, //0x000024ba movb         (%rdx), %cl
	0x41, 0x88, 0x0b, //0x000024bc movb         %cl, (%r11)
	0x4c, 0x8d, 0x94, 0x24, 0x80, 0x00, 0x00, 0x00, //0x000024bf leaq         $128(%rsp), %r10
	0xe9, 0x30, 0xfd, 0xff, 0xff, //0x000024c7 jmp          LBB0_418
	//0x000024cc LBB0_441
	0x4d, 0x89, 0xce, //0x000024cc movq         %r9, %r14
	0x49, 0x29, 0xce, //0x000024cf subq         %rcx, %r14
	0x49, 0x83, 0xfe, 0x20, //0x000024d2 cmpq         $32, %r14
	0x0f, 0x8c, 0xa7, 0x12, 0x00, 0x00, //0x000024d6 jl           LBB0_634
	0x4f, 0x8d, 0x04, 0x2a, //0x000024dc leaq         (%r10,%r13), %r8
	0x4d, 0x29, 0xe9, //0x000024e0 subq         %r13, %r9
	0xba, 0x1f, 0x00, 0x00, 0x00, //0x000024e3 movl         $31, %edx
	0x45, 0x31, 0xf6, //0x000024e8 xorl         %r14d, %r14d
	0x45, 0x31, 0xff, //0x000024eb xorl         %r15d, %r15d
	0x90, 0x90, //0x000024ee .p2align 4, 0x90
	//0x000024f0 LBB0_443
	0xc4, 0x81, 0x7e, 0x6f, 0x44, 0x30, 0x01, //0x000024f0 vmovdqu      $1(%r8,%r14), %ymm0
	0xc5, 0xfd, 0x74, 0xce, //0x000024f7 vpcmpeqb     %ymm6, %ymm0, %ymm1
	0xc5, 0x7d, 0xd7, 0xd9, //0x000024fb vpmovmskb    %ymm1, %r11d
	0xc5, 0xfd, 0x74, 0xc7, //0x000024ff vpcmpeqb     %ymm7, %ymm0, %ymm0
	0xc5, 0xfd, 0xd7, 0xc8, //0x00002503 vpmovmskb    %ymm0, %ecx
	0x85, 0xc9, //0x00002507 testl        %ecx, %ecx
	0x0f, 0x85, 0x11, 0x00, 0x00, 0x00, //0x00002509 jne          LBB0_446
	0x4d, 0x85, 0xff, //0x0000250f testq        %r15, %r15
	0x0f, 0x85, 0x08, 0x00, 0x00, 0x00, //0x00002512 jne          LBB0_446
	0x45, 0x31, 0xff, //0x00002518 xorl         %r15d, %r15d
	0xe9, 0x31, 0x00, 0x00, 0x00, //0x0000251b jmp          LBB0_447
	//0x00002520 .p2align 4, 0x90
	//0x00002520 LBB0_446
	0x44, 0x89, 0xff, //0x00002520 movl         %r15d, %edi
	0xf7, 0xd7, //0x00002523 notl         %edi
	0x21, 0xcf, //0x00002525 andl         %ecx, %edi
	0x8d, 0x1c, 0x3f, //0x00002527 leal         (%rdi,%rdi), %ebx
	0x44, 0x09, 0xfb, //0x0000252a orl          %r15d, %ebx
	0x89, 0xde, //0x0000252d movl         %ebx, %esi
	0xf7, 0xd6, //0x0000252f notl         %esi
	0x21, 0xce, //0x00002531 andl         %ecx, %esi
	0x81, 0xe6, 0xaa, 0xaa, 0xaa, 0xaa, //0x00002533 andl         $-1431655766, %esi
	0x45, 0x31, 0xff, //0x00002539 xorl         %r15d, %r15d
	0x01, 0xfe, //0x0000253c addl         %edi, %esi
	0x41, 0x0f, 0x92, 0xc7, //0x0000253e setb         %r15b
	0x01, 0xf6, //0x00002542 addl         %esi, %esi
	0x81, 0xf6, 0x55, 0x55, 0x55, 0x55, //0x00002544 xorl         $1431655765, %esi
	0x21, 0xde, //0x0000254a andl         %ebx, %esi
	0xf7, 0xd6, //0x0000254c notl         %esi
	0x41, 0x21, 0xf3, //0x0000254e andl         %esi, %r11d
	//0x00002551 LBB0_447
	0x4d, 0x85, 0xdb, //0x00002551 testq        %r11, %r11
	0x0f, 0x85, 0x1d, 0xde, 0xff, 0xff, //0x00002554 jne          LBB0_1
	0x49, 0x83, 0xc6, 0x20, //0x0000255a addq         $32, %r14
	0x49, 0x8d, 0x0c, 0x11, //0x0000255e leaq         (%r9,%rdx), %rcx
	0x48, 0x83, 0xc1, 0xe0, //0x00002562 addq         $-32, %rcx
	0x48, 0x83, 0xc2, 0xe0, //0x00002566 addq         $-32, %rdx
	0x48, 0x83, 0xf9, 0x3f, //0x0000256a cmpq         $63, %rcx
	0x0f, 0x8f, 0x7c, 0xff, 0xff, 0xff, //0x0000256e jg           LBB0_443
	0x4d, 0x85, 0xff, //0x00002574 testq        %r15, %r15
	0x0f, 0x85, 0xfc, 0x1c, 0x00, 0x00, //0x00002577 jne          LBB0_747
	0x4b, 0x8d, 0x0c, 0x06, //0x0000257d leaq         (%r14,%r8), %rcx
	0x48, 0x83, 0xc1, 0x01, //0x00002581 addq         $1, %rcx
	0x49, 0xf7, 0xd6, //0x00002585 notq         %r14
	0x4d, 0x01, 0xce, //0x00002588 addq         %r9, %r14
	//0x0000258b LBB0_451
	0x4c, 0x8b, 0x5c, 0x24, 0x18, //0x0000258b movq         $24(%rsp), %r11
	//0x00002590 LBB0_452
	0x4d, 0x85, 0xf6, //0x00002590 testq        %r14, %r14
	0x4c, 0x8b, 0x4c, 0x24, 0x50, //0x00002593 movq         $80(%rsp), %r9
	0x4c, 0x8b, 0x44, 0x24, 0x30, //0x00002598 movq         $48(%rsp), %r8
	0x0f, 0x8f, 0x6a, 0x09, 0x00, 0x00, //0x0000259d jg           LBB0_542
	0xe9, 0x72, 0x2e, 0x00, 0x00, //0x000025a3 jmp          LBB0_949
	//0x000025a8 LBB0_453
	0x49, 0x83, 0xf9, 0x20, //0x000025a8 cmpq         $32, %r9
	0x0f, 0x82, 0xd9, 0x11, 0x00, 0x00, //0x000025ac jb           LBB0_635
	0x4c, 0x89, 0xe8, //0x000025b2 movq         %r13, %rax
	0x48, 0xf7, 0xd0, //0x000025b5 notq         %rax
	0x49, 0x8d, 0x4d, 0x01, //0x000025b8 leaq         $1(%r13), %rcx
	0x49, 0x8d, 0x55, 0x02, //0x000025bc leaq         $2(%r13), %rdx
	0x4b, 0x8d, 0x34, 0x2a, //0x000025c0 leaq         (%r10,%r13), %rsi
	0x4c, 0x89, 0xef, //0x000025c4 movq         %r13, %rdi
	0x4c, 0x8b, 0x4c, 0x24, 0x50, //0x000025c7 movq         $80(%rsp), %r9
	0x90, 0x90, 0x90, 0x90, //0x000025cc .p2align 4, 0x90
	//0x000025d0 LBB0_455
	0xc4, 0xc1, 0x7e, 0x6f, 0x04, 0x0a, //0x000025d0 vmovdqu      (%r10,%rcx), %ymm0
	0xc5, 0xfd, 0x74, 0xcb, //0x000025d6 vpcmpeqb     %ymm3, %ymm0, %ymm1
	0xc5, 0x8d, 0xdb, 0xc0, //0x000025da vpand        %ymm0, %ymm14, %ymm0
	0xc5, 0xfd, 0x74, 0x05, 0xba, 0xdb, 0xff, 0xff, //0x000025de vpcmpeqb     $-9286(%rip), %ymm0, %ymm0  /* LCPI0_8+0(%rip) */
	0xc5, 0xfd, 0xeb, 0xc1, //0x000025e6 vpor         %ymm1, %ymm0, %ymm0
	0xc5, 0xfd, 0xd7, 0xd8, //0x000025ea vpmovmskb    %ymm0, %ebx
	0x85, 0xdb, //0x000025ee testl        %ebx, %ebx
	0x0f, 0x85, 0x36, 0x04, 0x00, 0x00, //0x000025f0 jne          LBB0_494
	0x48, 0x83, 0xc1, 0x20, //0x000025f6 addq         $32, %rcx
	0x49, 0x8d, 0x1c, 0x00, //0x000025fa leaq         (%r8,%rax), %rbx
	0x48, 0x83, 0xc3, 0xe0, //0x000025fe addq         $-32, %rbx
	0x48, 0x83, 0xc0, 0xe0, //0x00002602 addq         $-32, %rax
	0x48, 0x83, 0xc2, 0x20, //0x00002606 addq         $32, %rdx
	0x48, 0x83, 0xc7, 0x20, //0x0000260a addq         $32, %rdi
	0x48, 0x83, 0xc6, 0x20, //0x0000260e addq         $32, %rsi
	0x48, 0x83, 0xfb, 0x1f, //0x00002612 cmpq         $31, %rbx
	0x0f, 0x87, 0xb4, 0xff, 0xff, 0xff, //0x00002616 ja           LBB0_455
	0x4c, 0x89, 0xd1, //0x0000261c movq         %r10, %rcx
	0x48, 0x29, 0xc1, //0x0000261f subq         %rax, %rcx
	0x49, 0x01, 0xc0, //0x00002622 addq         %rax, %r8
	0x4d, 0x89, 0xc1, //0x00002625 movq         %r8, %r9
	0x49, 0x83, 0xf9, 0x10, //0x00002628 cmpq         $16, %r9
	0x4c, 0x8b, 0x44, 0x24, 0x30, //0x0000262c movq         $48(%rsp), %r8
	0x0f, 0x82, 0x68, 0x00, 0x00, 0x00, //0x00002631 jb           LBB0_461
	//0x00002637 LBB0_458
	0x4c, 0x89, 0xd3, //0x00002637 movq         %r10, %rbx
	0x48, 0x29, 0xcb, //0x0000263a subq         %rcx, %rbx
	0x48, 0x89, 0xce, //0x0000263d movq         %rcx, %rsi
	0x4c, 0x29, 0xd6, //0x00002640 subq         %r10, %rsi
	0x48, 0x83, 0xc6, 0x01, //0x00002643 addq         $1, %rsi
	0x48, 0x8d, 0x79, 0xff, //0x00002647 leaq         $-1(%rcx), %rdi
	0x48, 0x89, 0xfa, //0x0000264b movq         %rdi, %rdx
	0x4c, 0x29, 0xd2, //0x0000264e subq         %r10, %rdx
	//0x00002651 LBB0_459
	0xc5, 0xfa, 0x6f, 0x01, //0x00002651 vmovdqu      (%rcx), %xmm0
	0xc5, 0xf9, 0x74, 0x0d, 0xb3, 0xd9, 0xff, 0xff, //0x00002655 vpcmpeqb     $-9805(%rip), %xmm0, %xmm1  /* LCPI0_11+0(%rip) */
	0xc5, 0xf9, 0xdb, 0x05, 0xbb, 0xd9, 0xff, 0xff, //0x0000265d vpand        $-9797(%rip), %xmm0, %xmm0  /* LCPI0_12+0(%rip) */
	0xc5, 0xf9, 0x74, 0x05, 0xc3, 0xd9, 0xff, 0xff, //0x00002665 vpcmpeqb     $-9789(%rip), %xmm0, %xmm0  /* LCPI0_13+0(%rip) */
	0xc5, 0xf9, 0xeb, 0xc1, //0x0000266d vpor         %xmm1, %xmm0, %xmm0
	0xc5, 0xf9, 0xd7, 0xc0, //0x00002671 vpmovmskb    %xmm0, %eax
	0x85, 0xc0, //0x00002675 testl        %eax, %eax
	0x0f, 0x85, 0x96, 0x0e, 0x00, 0x00, //0x00002677 jne          LBB0_599
	0x48, 0x83, 0xc1, 0x10, //0x0000267d addq         $16, %rcx
	0x49, 0x83, 0xc1, 0xf0, //0x00002681 addq         $-16, %r9
	0x48, 0x83, 0xc3, 0xf0, //0x00002685 addq         $-16, %rbx
	0x48, 0x83, 0xc6, 0x10, //0x00002689 addq         $16, %rsi
	0x48, 0x83, 0xc2, 0x10, //0x0000268d addq         $16, %rdx
	0x48, 0x83, 0xc7, 0x10, //0x00002691 addq         $16, %rdi
	0x49, 0x83, 0xf9, 0x0f, //0x00002695 cmpq         $15, %r9
	0x0f, 0x87, 0xb2, 0xff, 0xff, 0xff, //0x00002699 ja           LBB0_459
	//0x0000269f LBB0_461
	0xc5, 0x7d, 0x7f, 0xe1, //0x0000269f vmovdqa      %ymm12, %ymm1
	0xc5, 0x7d, 0x7f, 0xd8, //0x000026a3 vmovdqa      %ymm11, %ymm0
	0xc4, 0x41, 0x7d, 0x6f, 0xdd, //0x000026a7 vmovdqa      %ymm13, %ymm11
	0x4d, 0x85, 0xc9, //0x000026ac testq        %r9, %r9
	0x0f, 0x84, 0xb3, 0xe8, 0xff, 0xff, //0x000026af je           LBB0_176
	0x4a, 0x8d, 0x04, 0x09, //0x000026b5 leaq         (%rcx,%r9), %rax
	//0x000026b9 LBB0_463
	0x0f, 0xb6, 0x11, //0x000026b9 movzbl       (%rcx), %edx
	0x48, 0x83, 0xfa, 0x2c, //0x000026bc cmpq         $44, %rdx
	0x0f, 0x87, 0x14, 0x00, 0x00, 0x00, //0x000026c0 ja           LBB0_465
	0x48, 0xbe, 0x00, 0x26, 0x00, 0x00, 0x01, 0x10, 0x00, 0x00, //0x000026c6 movabsq      $17596481021440, %rsi
	0x48, 0x0f, 0xa3, 0xd6, //0x000026d0 btq          %rdx, %rsi
	0x0f, 0x82, 0x8e, 0xe8, 0xff, 0xff, //0x000026d4 jb           LBB0_176
	//0x000026da LBB0_465
	0x80, 0xfa, 0x5d, //0x000026da cmpb         $93, %dl
	0x0f, 0x84, 0x85, 0xe8, 0xff, 0xff, //0x000026dd je           LBB0_176
	0x80, 0xfa, 0x7d, //0x000026e3 cmpb         $125, %dl
	0x0f, 0x84, 0x7c, 0xe8, 0xff, 0xff, //0x000026e6 je           LBB0_176
	0x48, 0x83, 0xc1, 0x01, //0x000026ec addq         $1, %rcx
	0x49, 0x83, 0xc1, 0xff, //0x000026f0 addq         $-1, %r9
	0x0f, 0x85, 0xbf, 0xff, 0xff, 0xff, //0x000026f4 jne          LBB0_463
	0xe9, 0x66, 0xe8, 0xff, 0xff, //0x000026fa jmp          LBB0_175
	//0x000026ff LBB0_468
	0x48, 0x8b, 0x54, 0x24, 0x70, //0x000026ff movq         $112(%rsp), %rdx
	0x4c, 0x8b, 0x42, 0x08, //0x00002704 movq         $8(%rdx), %r8
	0x49, 0x29, 0xc8, //0x00002708 subq         %rcx, %r8
	0x49, 0x01, 0xca, //0x0000270b addq         %rcx, %r10
	0x45, 0x31, 0xff, //0x0000270e xorl         %r15d, %r15d
	0x45, 0x31, 0xc9, //0x00002711 xorl         %r9d, %r9d
	0x45, 0x31, 0xf6, //0x00002714 xorl         %r14d, %r14d
	0x31, 0xdb, //0x00002717 xorl         %ebx, %ebx
	0x49, 0x83, 0xf8, 0x40, //0x00002719 cmpq         $64, %r8
	0x0f, 0x8c, 0x46, 0x01, 0x00, 0x00, //0x0000271d jl           LBB0_477
	//0x00002723 LBB0_471
	0xc4, 0xc1, 0x7e, 0x6f, 0x0a, //0x00002723 vmovdqu      (%r10), %ymm1
	0xc4, 0xc1, 0x7e, 0x6f, 0x42, 0x20, //0x00002728 vmovdqu      $32(%r10), %ymm0
	0xc5, 0xf5, 0x74, 0xd7, //0x0000272e vpcmpeqb     %ymm7, %ymm1, %ymm2
	0xc5, 0xfd, 0xd7, 0xd2, //0x00002732 vpmovmskb    %ymm2, %edx
	0xc5, 0xfd, 0x74, 0xd7, //0x00002736 vpcmpeqb     %ymm7, %ymm0, %ymm2
	0xc5, 0xfd, 0xd7, 0xca, //0x0000273a vpmovmskb    %ymm2, %ecx
	0x48, 0xc1, 0xe1, 0x20, //0x0000273e shlq         $32, %rcx
	0x48, 0x09, 0xca, //0x00002742 orq          %rcx, %rdx
	0x48, 0x89, 0xd1, //0x00002745 movq         %rdx, %rcx
	0x4c, 0x09, 0xc9, //0x00002748 orq          %r9, %rcx
	0x0f, 0x85, 0x0f, 0x00, 0x00, 0x00, //0x0000274b jne          LBB0_473
	0x48, 0xc7, 0xc2, 0xff, 0xff, 0xff, 0xff, //0x00002751 movq         $-1, %rdx
	0x45, 0x31, 0xc9, //0x00002758 xorl         %r9d, %r9d
	0xe9, 0x46, 0x00, 0x00, 0x00, //0x0000275b jmp          LBB0_474
	//0x00002760 LBB0_473
	0x4c, 0x89, 0xc9, //0x00002760 movq         %r9, %rcx
	0x48, 0xf7, 0xd1, //0x00002763 notq         %rcx
	0x48, 0x21, 0xd1, //0x00002766 andq         %rdx, %rcx
	0x4c, 0x8d, 0x1c, 0x09, //0x00002769 leaq         (%rcx,%rcx), %r11
	0x4d, 0x09, 0xcb, //0x0000276d orq          %r9, %r11
	0x4c, 0x89, 0xdf, //0x00002770 movq         %r11, %rdi
	0x48, 0xf7, 0xd7, //0x00002773 notq         %rdi
	0x48, 0xbe, 0xaa, 0xaa, 0xaa, 0xaa, 0xaa, 0xaa, 0xaa, 0xaa, //0x00002776 movabsq      $-6148914691236517206, %rsi
	0x48, 0x21, 0xf2, //0x00002780 andq         %rsi, %rdx
	0x48, 0x21, 0xfa, //0x00002783 andq         %rdi, %rdx
	0x45, 0x31, 0xc9, //0x00002786 xorl         %r9d, %r9d
	0x48, 0x01, 0xca, //0x00002789 addq         %rcx, %rdx
	0x41, 0x0f, 0x92, 0xc1, //0x0000278c setb         %r9b
	0x48, 0x01, 0xd2, //0x00002790 addq         %rdx, %rdx
	0x48, 0xb9, 0x55, 0x55, 0x55, 0x55, 0x55, 0x55, 0x55, 0x55, //0x00002793 movabsq      $6148914691236517205, %rcx
	0x48, 0x31, 0xca, //0x0000279d xorq         %rcx, %rdx
	0x4c, 0x21, 0xda, //0x000027a0 andq         %r11, %rdx
	0x48, 0xf7, 0xd2, //0x000027a3 notq         %rdx
	//0x000027a6 LBB0_474
	0xc5, 0xfd, 0x74, 0xd6, //0x000027a6 vpcmpeqb     %ymm6, %ymm0, %ymm2
	0xc5, 0xfd, 0xd7, 0xca, //0x000027aa vpmovmskb    %ymm2, %ecx
	0x48, 0xc1, 0xe1, 0x20, //0x000027ae shlq         $32, %rcx
	0xc5, 0xf5, 0x74, 0xd6, //0x000027b2 vpcmpeqb     %ymm6, %ymm1, %ymm2
	0xc5, 0xfd, 0xd7, 0xf2, //0x000027b6 vpmovmskb    %ymm2, %esi
	0x48, 0x09, 0xce, //0x000027ba orq          %rcx, %rsi
	0x48, 0x21, 0xd6, //0x000027bd andq         %rdx, %rsi
	0xc4, 0xe1, 0xf9, 0x6e, 0xd6, //0x000027c0 vmovq        %rsi, %xmm2
	0xc4, 0xe3, 0x69, 0x44, 0x15, 0xd1, 0xd8, 0xff, 0xff, 0x00, //0x000027c5 vpclmulqdq   $0, $-10031(%rip), %xmm2, %xmm2  /* LCPI0_26+0(%rip) */
	0xc4, 0xc1, 0xf9, 0x7e, 0xd3, //0x000027cf vmovq        %xmm2, %r11
	0x4d, 0x31, 0xfb, //0x000027d4 xorq         %r15, %r11
	0xc5, 0xa5, 0x74, 0xd1, //0x000027d7 vpcmpeqb     %ymm1, %ymm11, %ymm2
	0xc5, 0xfd, 0xd7, 0xf2, //0x000027db vpmovmskb    %ymm2, %esi
	0xc5, 0xa5, 0x74, 0xd0, //0x000027df vpcmpeqb     %ymm0, %ymm11, %ymm2
	0xc5, 0xfd, 0xd7, 0xca, //0x000027e3 vpmovmskb    %ymm2, %ecx
	0x48, 0xc1, 0xe1, 0x20, //0x000027e7 shlq         $32, %rcx
	0x48, 0x09, 0xce, //0x000027eb orq          %rcx, %rsi
	0x4c, 0x89, 0xd9, //0x000027ee movq         %r11, %rcx
	0x48, 0xf7, 0xd1, //0x000027f1 notq         %rcx
	0x48, 0x21, 0xce, //0x000027f4 andq         %rcx, %rsi
	0xc5, 0x9d, 0x74, 0xc9, //0x000027f7 vpcmpeqb     %ymm1, %ymm12, %ymm1
	0xc5, 0xfd, 0xd7, 0xf9, //0x000027fb vpmovmskb    %ymm1, %edi
	0xc5, 0x9d, 0x74, 0xc0, //0x000027ff vpcmpeqb     %ymm0, %ymm12, %ymm0
	0xc5, 0xfd, 0xd7, 0xd0, //0x00002803 vpmovmskb    %ymm0, %edx
	0x48, 0xc1, 0xe2, 0x20, //0x00002807 shlq         $32, %rdx
	0x48, 0x09, 0xd7, //0x0000280b orq          %rdx, %rdi
	0x48, 0x21, 0xcf, //0x0000280e andq         %rcx, %rdi
	0x0f, 0x84, 0x31, 0x00, 0x00, 0x00, //0x00002811 je           LBB0_469
	0x90, 0x90, 0x90, 0x90, 0x90, 0x90, 0x90, 0x90, 0x90, //0x00002817 .p2align 4, 0x90
	//0x00002820 LBB0_475
	0x48, 0x8d, 0x4f, 0xff, //0x00002820 leaq         $-1(%rdi), %rcx
	0x48, 0x89, 0xca, //0x00002824 movq         %rcx, %rdx
	0x48, 0x21, 0xf2, //0x00002827 andq         %rsi, %rdx
	0xf3, 0x48, 0x0f, 0xb8, 0xd2, //0x0000282a popcntq      %rdx, %rdx
	0x4c, 0x01, 0xf2, //0x0000282f addq         %r14, %rdx
	0x48, 0x39, 0xda, //0x00002832 cmpq         %rbx, %rdx
	0x0f, 0x86, 0xb9, 0x01, 0x00, 0x00, //0x00002835 jbe          LBB0_493
	0x48, 0x83, 0xc3, 0x01, //0x0000283b addq         $1, %rbx
	0x48, 0x21, 0xcf, //0x0000283f andq         %rcx, %rdi
	0x0f, 0x85, 0xd8, 0xff, 0xff, 0xff, //0x00002842 jne          LBB0_475
	//0x00002848 LBB0_469
	0x49, 0xc1, 0xfb, 0x3f, //0x00002848 sarq         $63, %r11
	0xf3, 0x48, 0x0f, 0xb8, 0xce, //0x0000284c popcntq      %rsi, %rcx
	0x49, 0x01, 0xce, //0x00002851 addq         %rcx, %r14
	0x49, 0x83, 0xc2, 0x40, //0x00002854 addq         $64, %r10
	0x49, 0x83, 0xc0, 0xc0, //0x00002858 addq         $-64, %r8
	0x4d, 0x89, 0xdf, //0x0000285c movq         %r11, %r15
	0x49, 0x83, 0xf8, 0x40, //0x0000285f cmpq         $64, %r8
	0x0f, 0x8d, 0xba, 0xfe, 0xff, 0xff, //0x00002863 jge          LBB0_471
	//0x00002869 LBB0_477
	0x4d, 0x85, 0xc0, //0x00002869 testq        %r8, %r8
	0x0f, 0x8e, 0x95, 0x2d, 0x00, 0x00, //0x0000286c jle          LBB0_951
	0xc5, 0x7d, 0x7f, 0xe2, //0x00002872 vmovdqa      %ymm12, %ymm2
	0xc5, 0x7d, 0x7f, 0xd9, //0x00002876 vmovdqa      %ymm11, %ymm1
	0xc4, 0x41, 0x7d, 0x6f, 0xdd, //0x0000287a vmovdqa      %ymm13, %ymm11
	0xc5, 0xf9, 0xef, 0xc0, //0x0000287f vpxor        %xmm0, %xmm0, %xmm0
	0xc5, 0xfe, 0x7f, 0x84, 0x24, 0xa0, 0x00, 0x00, 0x00, //0x00002883 vmovdqu      %ymm0, $160(%rsp)
	0xc5, 0xfe, 0x7f, 0x84, 0x24, 0x80, 0x00, 0x00, 0x00, //0x0000288c vmovdqu      %ymm0, $128(%rsp)
	0x44, 0x89, 0xd1, //0x00002895 movl         %r10d, %ecx
	0x81, 0xe1, 0xff, 0x0f, 0x00, 0x00, //0x00002898 andl         $4095, %ecx
	0x81, 0xf9, 0xc1, 0x0f, 0x00, 0x00, //0x0000289e cmpl         $4033, %ecx
	0x0f, 0x82, 0x2d, 0x00, 0x00, 0x00, //0x000028a4 jb           LBB0_481
	0x49, 0x83, 0xf8, 0x20, //0x000028aa cmpq         $32, %r8
	0x0f, 0x82, 0x4f, 0x00, 0x00, 0x00, //0x000028ae jb           LBB0_482
	0xc4, 0xc1, 0x7e, 0x6f, 0x02, //0x000028b4 vmovdqu      (%r10), %ymm0
	0xc5, 0xfe, 0x7f, 0x84, 0x24, 0x80, 0x00, 0x00, 0x00, //0x000028b9 vmovdqu      %ymm0, $128(%rsp)
	0x49, 0x83, 0xc2, 0x20, //0x000028c2 addq         $32, %r10
	0x49, 0x8d, 0x78, 0xe0, //0x000028c6 leaq         $-32(%r8), %rdi
	0x4c, 0x8d, 0x9c, 0x24, 0xa0, 0x00, 0x00, 0x00, //0x000028ca leaq         $160(%rsp), %r11
	0xe9, 0x37, 0x00, 0x00, 0x00, //0x000028d2 jmp          LBB0_483
	//0x000028d7 LBB0_481
	0x4c, 0x8b, 0x64, 0x24, 0x08, //0x000028d7 movq         $8(%rsp), %r12
	0xc4, 0x41, 0x35, 0x76, 0xc9, //0x000028dc vpcmpeqd     %ymm9, %ymm9, %ymm9
	0xc4, 0x41, 0x7d, 0x6f, 0xeb, //0x000028e1 vmovdqa      %ymm11, %ymm13
	0xc5, 0xfe, 0x6f, 0x25, 0xb2, 0xd9, 0xff, 0xff, //0x000028e6 vmovdqu      $-9806(%rip), %ymm4  /* LCPI0_19+0(%rip) */
	0xc5, 0xfe, 0x6f, 0x1d, 0xca, 0xd8, 0xff, 0xff, //0x000028ee vmovdqu      $-10038(%rip), %ymm3  /* LCPI0_9+0(%rip) */
	0xc5, 0x7d, 0x6f, 0xd9, //0x000028f6 vmovdqa      %ymm1, %ymm11
	0xc5, 0x7d, 0x6f, 0xe2, //0x000028fa vmovdqa      %ymm2, %ymm12
	0xe9, 0x20, 0xfe, 0xff, 0xff, //0x000028fe jmp          LBB0_471
	//0x00002903 LBB0_482
	0x4c, 0x8d, 0x9c, 0x24, 0x80, 0x00, 0x00, 0x00, //0x00002903 leaq         $128(%rsp), %r11
	0x4c, 0x89, 0xc7, //0x0000290b movq         %r8, %rdi
	//0x0000290e LBB0_483
	0x48, 0x83, 0xff, 0x10, //0x0000290e cmpq         $16, %rdi
	0x0f, 0x82, 0x4b, 0x00, 0x00, 0x00, //0x00002912 jb           LBB0_484
	0xc4, 0xc1, 0x7a, 0x6f, 0x02, //0x00002918 vmovdqu      (%r10), %xmm0
	0xc4, 0xc1, 0x7a, 0x7f, 0x03, //0x0000291d vmovdqu      %xmm0, (%r11)
	0x49, 0x83, 0xc2, 0x10, //0x00002922 addq         $16, %r10
	0x49, 0x83, 0xc3, 0x10, //0x00002926 addq         $16, %r11
	0x48, 0x83, 0xc7, 0xf0, //0x0000292a addq         $-16, %rdi
	0x48, 0x83, 0xff, 0x08, //0x0000292e cmpq         $8, %rdi
	0x0f, 0x83, 0x35, 0x00, 0x00, 0x00, //0x00002932 jae          LBB0_491
	//0x00002938 LBB0_485
	0x48, 0x83, 0xff, 0x04, //0x00002938 cmpq         $4, %rdi
	0x0f, 0x8c, 0x47, 0x00, 0x00, 0x00, //0x0000293c jl           LBB0_486
	//0x00002942 LBB0_492
	0x41, 0x8b, 0x0a, //0x00002942 movl         (%r10), %ecx
	0x41, 0x89, 0x0b, //0x00002945 movl         %ecx, (%r11)
	0x49, 0x83, 0xc2, 0x04, //0x00002948 addq         $4, %r10
	0x49, 0x83, 0xc3, 0x04, //0x0000294c addq         $4, %r11
	0x48, 0x83, 0xc7, 0xfc, //0x00002950 addq         $-4, %rdi
	0x48, 0x83, 0xff, 0x02, //0x00002954 cmpq         $2, %rdi
	0x0f, 0x83, 0x35, 0x00, 0x00, 0x00, //0x00002958 jae          LBB0_487
	0xe9, 0x44, 0x00, 0x00, 0x00, //0x0000295e jmp          LBB0_488
	//0x00002963 LBB0_484
	0x48, 0x83, 0xff, 0x08, //0x00002963 cmpq         $8, %rdi
	0x0f, 0x82, 0xcb, 0xff, 0xff, 0xff, //0x00002967 jb           LBB0_485
	//0x0000296d LBB0_491
	0x49, 0x8b, 0x0a, //0x0000296d movq         (%r10), %rcx
	0x49, 0x89, 0x0b, //0x00002970 movq         %rcx, (%r11)
	0x49, 0x83, 0xc2, 0x08, //0x00002973 addq         $8, %r10
	0x49, 0x83, 0xc3, 0x08, //0x00002977 addq         $8, %r11
	0x48, 0x83, 0xc7, 0xf8, //0x0000297b addq         $-8, %rdi
	0x48, 0x83, 0xff, 0x04, //0x0000297f cmpq         $4, %rdi
	0x0f, 0x8d, 0xb9, 0xff, 0xff, 0xff, //0x00002983 jge          LBB0_492
	//0x00002989 LBB0_486
	0x48, 0x83, 0xff, 0x02, //0x00002989 cmpq         $2, %rdi
	0x0f, 0x82, 0x14, 0x00, 0x00, 0x00, //0x0000298d jb           LBB0_488
	//0x00002993 LBB0_487
	0x41, 0x0f, 0xb7, 0x0a, //0x00002993 movzwl       (%r10), %ecx
	0x66, 0x41, 0x89, 0x0b, //0x00002997 movw         %cx, (%r11)
	0x49, 0x83, 0xc2, 0x02, //0x0000299b addq         $2, %r10
	0x49, 0x83, 0xc3, 0x02, //0x0000299f addq         $2, %r11
	0x48, 0x83, 0xc7, 0xfe, //0x000029a3 addq         $-2, %rdi
	//0x000029a7 LBB0_488
	0x4c, 0x89, 0xd2, //0x000029a7 movq         %r10, %rdx
	0x4c, 0x8d, 0x94, 0x24, 0x80, 0x00, 0x00, 0x00, //0x000029aa leaq         $128(%rsp), %r10
	0x48, 0x85, 0xff, //0x000029b2 testq        %rdi, %rdi
	0x4c, 0x8b, 0x64, 0x24, 0x08, //0x000029b5 movq         $8(%rsp), %r12
	0xc4, 0x41, 0x35, 0x76, 0xc9, //0x000029ba vpcmpeqd     %ymm9, %ymm9, %ymm9
	0xc4, 0x41, 0x7d, 0x6f, 0xeb, //0x000029bf vmovdqa      %ymm11, %ymm13
	0xc5, 0xfe, 0x6f, 0x25, 0xd4, 0xd8, 0xff, 0xff, //0x000029c4 vmovdqu      $-10028(%rip), %ymm4  /* LCPI0_19+0(%rip) */
	0xc5, 0xfe, 0x6f, 0x1d, 0xec, 0xd7, 0xff, 0xff, //0x000029cc vmovdqu      $-10260(%rip), %ymm3  /* LCPI0_9+0(%rip) */
	0xc5, 0x7d, 0x6f, 0xd9, //0x000029d4 vmovdqa      %ymm1, %ymm11
	0xc5, 0x7d, 0x6f, 0xe2, //0x000029d8 vmovdqa      %ymm2, %ymm12
	0x0f, 0x84, 0x41, 0xfd, 0xff, 0xff, //0x000029dc je           LBB0_471
	0x8a, 0x0a, //0x000029e2 movb         (%rdx), %cl
	0x41, 0x88, 0x0b, //0x000029e4 movb         %cl, (%r11)
	0x4c, 0x8d, 0x94, 0x24, 0x80, 0x00, 0x00, 0x00, //0x000029e7 leaq         $128(%rsp), %r10
	0xe9, 0x2f, 0xfd, 0xff, 0xff, //0x000029ef jmp          LBB0_471
	//0x000029f4 LBB0_493
	0x48, 0x8b, 0x74, 0x24, 0x70, //0x000029f4 movq         $112(%rsp), %rsi
	0x48, 0x8b, 0x4e, 0x08, //0x000029f9 movq         $8(%rsi), %rcx
	0x48, 0x0f, 0xbc, 0xd7, //0x000029fd bsfq         %rdi, %rdx
	0x4c, 0x29, 0xc2, //0x00002a01 subq         %r8, %rdx
	0x48, 0x01, 0xd1, //0x00002a04 addq         %rdx, %rcx
	0x48, 0x83, 0xc1, 0x01, //0x00002a07 addq         $1, %rcx
	0x4c, 0x8b, 0x5c, 0x24, 0x18, //0x00002a0b movq         $24(%rsp), %r11
	0x49, 0x89, 0x0b, //0x00002a10 movq         %rcx, (%r11)
	0x48, 0x8b, 0x56, 0x08, //0x00002a13 movq         $8(%rsi), %rdx
	0x48, 0x39, 0xd1, //0x00002a17 cmpq         %rdx, %rcx
	0x48, 0x0f, 0x46, 0xd1, //0x00002a1a cmovbeq      %rcx, %rdx
	0x49, 0x89, 0x13, //0x00002a1e movq         %rdx, (%r11)
	0x0f, 0x86, 0xc7, 0x0a, 0x00, 0x00, //0x00002a21 jbe          LBB0_598
	0xe9, 0xee, 0x29, 0x00, 0x00, //0x00002a27 jmp          LBB0_949
	//0x00002a2c LBB0_494
	0x0f, 0xbc, 0xdb, //0x00002a2c bsfl         %ebx, %ebx
	0x48, 0x89, 0xd9, //0x00002a2f movq         %rbx, %rcx
	0x48, 0x29, 0xc1, //0x00002a32 subq         %rax, %rcx
	0x49, 0x89, 0x0b, //0x00002a35 movq         %rcx, (%r11)
	0x48, 0x85, 0xc9, //0x00002a38 testq        %rcx, %rcx
	0x0f, 0x8e, 0x03, 0x05, 0x00, 0x00, //0x00002a3b jle          LBB0_545
	0x48, 0x01, 0xda, //0x00002a41 addq         %rbx, %rdx
	0x48, 0x01, 0xdf, //0x00002a44 addq         %rbx, %rdi
	0x48, 0x01, 0xde, //0x00002a47 addq         %rbx, %rsi
	0x4c, 0x8b, 0x44, 0x24, 0x30, //0x00002a4a movq         $48(%rsp), %r8
	0x48, 0xbb, 0x00, 0x26, 0x00, 0x00, 0x01, 0x00, 0x00, 0x00, //0x00002a4f movabsq      $4294977024, %rbx
	0x90, 0x90, 0x90, 0x90, 0x90, 0x90, 0x90, //0x00002a59 .p2align 4, 0x90
	//0x00002a60 LBB0_496
	0x0f, 0xb6, 0x06, //0x00002a60 movzbl       (%rsi), %eax
	0x48, 0x83, 0xf8, 0x20, //0x00002a63 cmpq         $32, %rax
	0x0f, 0x87, 0x2b, 0xd9, 0xff, 0xff, //0x00002a67 ja           LBB0_3
	0x48, 0x0f, 0xa3, 0xc3, //0x00002a6d btq          %rax, %rbx
	0x0f, 0x83, 0x21, 0xd9, 0xff, 0xff, //0x00002a71 jae          LBB0_3
	0x49, 0x89, 0x3b, //0x00002a77 movq         %rdi, (%r11)
	0x48, 0x83, 0xc2, 0xff, //0x00002a7a addq         $-1, %rdx
	0x48, 0x83, 0xc7, 0xff, //0x00002a7e addq         $-1, %rdi
	0x48, 0x83, 0xc6, 0xff, //0x00002a82 addq         $-1, %rsi
	0x48, 0x83, 0xc1, 0xff, //0x00002a86 addq         $-1, %rcx
	0x48, 0x83, 0xfa, 0x01, //0x00002a8a cmpq         $1, %rdx
	0x0f, 0x8f, 0xcc, 0xff, 0xff, 0xff, //0x00002a8e jg           LBB0_496
	0xe9, 0x7b, 0xe5, 0xff, 0xff, //0x00002a94 jmp          LBB0_182
	//0x00002a99 LBB0_499
	0x49, 0x8d, 0x4b, 0xff, //0x00002a99 leaq         $-1(%r11), %rcx
	0x48, 0x39, 0xca, //0x00002a9d cmpq         %rcx, %rdx
	0x49, 0xf7, 0xd3, //0x00002aa0 notq         %r11
	0x4d, 0x0f, 0x45, 0xd9, //0x00002aa3 cmovneq      %r9, %r11
	0x84, 0xc0, //0x00002aa7 testb        %al, %al
	0x4d, 0x0f, 0x45, 0xcb, //0x00002aa9 cmovneq      %r11, %r9
	0xe9, 0xf0, 0x0a, 0x00, 0x00, //0x00002aad jmp          LBB0_606
	//0x00002ab2 LBB0_500
	0x4d, 0x89, 0xcc, //0x00002ab2 movq         %r9, %r12
	0x49, 0x29, 0xcc, //0x00002ab5 subq         %rcx, %r12
	0x0f, 0x84, 0xdb, 0x2a, 0x00, 0x00, //0x00002ab8 je           LBB0_950
	0x4d, 0x8d, 0x3c, 0x0a, //0x00002abe leaq         (%r10,%rcx), %r15
	0x49, 0x83, 0xfc, 0x40, //0x00002ac2 cmpq         $64, %r12
	0x0f, 0x82, 0x26, 0x0d, 0x00, 0x00, //0x00002ac6 jb           LBB0_639
	0x48, 0xc7, 0x44, 0x24, 0x10, 0xff, 0xff, 0xff, 0xff, //0x00002acc movq         $-1, $16(%rsp)
	0x45, 0x31, 0xdb, //0x00002ad5 xorl         %r11d, %r11d
	0x90, 0x90, 0x90, 0x90, 0x90, 0x90, 0x90, 0x90, //0x00002ad8 .p2align 4, 0x90
	//0x00002ae0 LBB0_503
	0xc4, 0xc1, 0x7e, 0x6f, 0x07, //0x00002ae0 vmovdqu      (%r15), %ymm0
	0xc4, 0xc1, 0x7e, 0x6f, 0x4f, 0x20, //0x00002ae5 vmovdqu      $32(%r15), %ymm1
	0xc5, 0xfd, 0x74, 0xd6, //0x00002aeb vpcmpeqb     %ymm6, %ymm0, %ymm2
	0xc5, 0xfd, 0xd7, 0xda, //0x00002aef vpmovmskb    %ymm2, %ebx
	0xc5, 0xf5, 0x74, 0xd6, //0x00002af3 vpcmpeqb     %ymm6, %ymm1, %ymm2
	0xc5, 0xfd, 0xd7, 0xd2, //0x00002af7 vpmovmskb    %ymm2, %edx
	0xc5, 0xfd, 0x74, 0xd7, //0x00002afb vpcmpeqb     %ymm7, %ymm0, %ymm2
	0xc5, 0xfd, 0xd7, 0xc2, //0x00002aff vpmovmskb    %ymm2, %eax
	0xc5, 0xf5, 0x74, 0xd7, //0x00002b03 vpcmpeqb     %ymm7, %ymm1, %ymm2
	0xc5, 0xfd, 0xd7, 0xf2, //0x00002b07 vpmovmskb    %ymm2, %esi
	0x48, 0xc1, 0xe2, 0x20, //0x00002b0b shlq         $32, %rdx
	0x48, 0x09, 0xd3, //0x00002b0f orq          %rdx, %rbx
	0x48, 0xc1, 0xe6, 0x20, //0x00002b12 shlq         $32, %rsi
	0x48, 0x09, 0xf0, //0x00002b16 orq          %rsi, %rax
	0x0f, 0x85, 0x30, 0x00, 0x00, 0x00, //0x00002b19 jne          LBB0_512
	0x4d, 0x85, 0xdb, //0x00002b1f testq        %r11, %r11
	0x0f, 0x85, 0x45, 0x00, 0x00, 0x00, //0x00002b22 jne          LBB0_514
	0x45, 0x31, 0xdb, //0x00002b28 xorl         %r11d, %r11d
	0x45, 0x31, 0xc0, //0x00002b2b xorl         %r8d, %r8d
	0x48, 0x85, 0xdb, //0x00002b2e testq        %rbx, %rbx
	0x0f, 0x84, 0x89, 0x00, 0x00, 0x00, //0x00002b31 je           LBB0_515
	//0x00002b37 LBB0_506
	0x48, 0x0f, 0xbc, 0xfb, //0x00002b37 bsfq         %rbx, %rdi
	0x4c, 0x89, 0xfe, //0x00002b3b movq         %r15, %rsi
	0x4c, 0x29, 0xd6, //0x00002b3e subq         %r10, %rsi
	0x4d, 0x85, 0xc0, //0x00002b41 testq        %r8, %r8
	0x0f, 0x84, 0x8a, 0x00, 0x00, 0x00, //0x00002b44 je           LBB0_516
	0xe9, 0xfb, 0x02, 0x00, 0x00, //0x00002b4a jmp          LBB0_507
	//0x00002b4f LBB0_512
	0x48, 0x83, 0x7c, 0x24, 0x10, 0xff, //0x00002b4f cmpq         $-1, $16(%rsp)
	0x0f, 0x85, 0x12, 0x00, 0x00, 0x00, //0x00002b55 jne          LBB0_514
	0x4c, 0x89, 0xfa, //0x00002b5b movq         %r15, %rdx
	0x4c, 0x29, 0xd2, //0x00002b5e subq         %r10, %rdx
	0x48, 0x0f, 0xbc, 0xf0, //0x00002b61 bsfq         %rax, %rsi
	0x48, 0x01, 0xd6, //0x00002b65 addq         %rdx, %rsi
	0x48, 0x89, 0x74, 0x24, 0x10, //0x00002b68 movq         %rsi, $16(%rsp)
	//0x00002b6d LBB0_514
	0x4d, 0x89, 0xd8, //0x00002b6d movq         %r11, %r8
	0x49, 0xf7, 0xd0, //0x00002b70 notq         %r8
	0x49, 0x21, 0xc0, //0x00002b73 andq         %rax, %r8
	0x4b, 0x8d, 0x14, 0x00, //0x00002b76 leaq         (%r8,%r8), %rdx
	0x4c, 0x09, 0xda, //0x00002b7a orq          %r11, %rdx
	0x48, 0x89, 0xd6, //0x00002b7d movq         %rdx, %rsi
	0x48, 0xf7, 0xd6, //0x00002b80 notq         %rsi
	0x48, 0x21, 0xc6, //0x00002b83 andq         %rax, %rsi
	0x48, 0xb8, 0xaa, 0xaa, 0xaa, 0xaa, 0xaa, 0xaa, 0xaa, 0xaa, //0x00002b86 movabsq      $-6148914691236517206, %rax
	0x48, 0x21, 0xc6, //0x00002b90 andq         %rax, %rsi
	0x45, 0x31, 0xdb, //0x00002b93 xorl         %r11d, %r11d
	0x4c, 0x01, 0xc6, //0x00002b96 addq         %r8, %rsi
	0x41, 0x0f, 0x92, 0xc3, //0x00002b99 setb         %r11b
	0x48, 0x01, 0xf6, //0x00002b9d addq         %rsi, %rsi
	0x48, 0xb8, 0x55, 0x55, 0x55, 0x55, 0x55, 0x55, 0x55, 0x55, //0x00002ba0 movabsq      $6148914691236517205, %rax
	0x48, 0x31, 0xc6, //0x00002baa xorq         %rax, %rsi
	0x48, 0x21, 0xd6, //0x00002bad andq         %rdx, %rsi
	0x48, 0xf7, 0xd6, //0x00002bb0 notq         %rsi
	0x48, 0x21, 0xf3, //0x00002bb3 andq         %rsi, %rbx
	0x48, 0x85, 0xdb, //0x00002bb6 testq        %rbx, %rbx
	0x0f, 0x85, 0x78, 0xff, 0xff, 0xff, //0x00002bb9 jne          LBB0_506
	0x90, //0x00002bbf .p2align 4, 0x90
	//0x00002bc0 LBB0_515
	0xbf, 0x40, 0x00, 0x00, 0x00, //0x00002bc0 movl         $64, %edi
	0x4c, 0x89, 0xfe, //0x00002bc5 movq         %r15, %rsi
	0x4c, 0x29, 0xd6, //0x00002bc8 subq         %r10, %rsi
	0x4d, 0x85, 0xc0, //0x00002bcb testq        %r8, %r8
	0x0f, 0x85, 0x76, 0x02, 0x00, 0x00, //0x00002bce jne          LBB0_507
	//0x00002bd4 LBB0_516
	0xc5, 0xbd, 0x64, 0xd1, //0x00002bd4 vpcmpgtb     %ymm1, %ymm8, %ymm2
	0xc4, 0xc1, 0x75, 0x64, 0xc9, //0x00002bd8 vpcmpgtb     %ymm9, %ymm1, %ymm1
	0xc5, 0xed, 0xdb, 0xc9, //0x00002bdd vpand        %ymm1, %ymm2, %ymm1
	0xc5, 0xfd, 0xd7, 0xc1, //0x00002be1 vpmovmskb    %ymm1, %eax
	0x48, 0xc1, 0xe0, 0x20, //0x00002be5 shlq         $32, %rax
	0xc5, 0xbd, 0x64, 0xc8, //0x00002be9 vpcmpgtb     %ymm0, %ymm8, %ymm1
	0xc4, 0xc1, 0x7d, 0x64, 0xc1, //0x00002bed vpcmpgtb     %ymm9, %ymm0, %ymm0
	0xc5, 0xf5, 0xdb, 0xc0, //0x00002bf2 vpand        %ymm0, %ymm1, %ymm0
	0xc5, 0xfd, 0xd7, 0xd0, //0x00002bf6 vpmovmskb    %ymm0, %edx
	0x48, 0x09, 0xc2, //0x00002bfa orq          %rax, %rdx
	0x48, 0x85, 0xdb, //0x00002bfd testq        %rbx, %rbx
	0x0f, 0x85, 0xd1, 0x02, 0x00, 0x00, //0x00002c00 jne          LBB0_538
	0x48, 0x85, 0xd2, //0x00002c06 testq        %rdx, %rdx
	0x0f, 0x85, 0x46, 0x29, 0x00, 0x00, //0x00002c09 jne          LBB0_937
	0x49, 0x83, 0xc7, 0x40, //0x00002c0f addq         $64, %r15
	0x49, 0x83, 0xc4, 0xc0, //0x00002c13 addq         $-64, %r12
	0x49, 0x83, 0xfc, 0x3f, //0x00002c17 cmpq         $63, %r12
	0x0f, 0x87, 0xbf, 0xfe, 0xff, 0xff, //0x00002c1b ja           LBB0_503
	0xe9, 0xd8, 0x0b, 0x00, 0x00, //0x00002c21 jmp          LBB0_640
	//0x00002c26 LBB0_519
	0x48, 0x83, 0xfa, 0x05, //0x00002c26 cmpq         $5, %rdx
	0x0f, 0x82, 0xa4, 0x29, 0x00, 0x00, //0x00002c2a jb           LBB0_284
	0x48, 0x8b, 0x4c, 0x24, 0x28, //0x00002c30 movq         $40(%rsp), %rcx
	0x45, 0x8b, 0x74, 0x0a, 0x01, //0x00002c35 movl         $1(%r10,%rcx), %r14d
	0x44, 0x89, 0xf1, //0x00002c3a movl         %r14d, %ecx
	0xf7, 0xd1, //0x00002c3d notl         %ecx
	0x89, 0x4c, 0x24, 0x48, //0x00002c3f movl         %ecx, $72(%rsp)
	0x41, 0x8d, 0x8e, 0xd0, 0xcf, 0xcf, 0xcf, //0x00002c43 leal         $-808464432(%r14), %ecx
	0x89, 0x4c, 0x24, 0x40, //0x00002c4a movl         %ecx, $64(%rsp)
	0x8b, 0x4c, 0x24, 0x48, //0x00002c4e movl         $72(%rsp), %ecx
	0x81, 0xe1, 0x80, 0x80, 0x80, 0x80, //0x00002c52 andl         $-2139062144, %ecx
	0x89, 0x4c, 0x24, 0x48, //0x00002c58 movl         %ecx, $72(%rsp)
	0x85, 0x4c, 0x24, 0x40, //0x00002c5c testl        %ecx, $64(%rsp)
	0x0f, 0x85, 0x97, 0x29, 0x00, 0x00, //0x00002c60 jne          LBB0_967
	0x41, 0x8d, 0x8e, 0x19, 0x19, 0x19, 0x19, //0x00002c66 leal         $421075225(%r14), %ecx
	0x44, 0x09, 0xf1, //0x00002c6d orl          %r14d, %ecx
	0xf7, 0xc1, 0x80, 0x80, 0x80, 0x80, //0x00002c70 testl        $-2139062144, %ecx
	0x0f, 0x85, 0x81, 0x29, 0x00, 0x00, //0x00002c76 jne          LBB0_967
	0x44, 0x89, 0xf1, //0x00002c7c movl         %r14d, %ecx
	0x81, 0xe1, 0x7f, 0x7f, 0x7f, 0x7f, //0x00002c7f andl         $2139062143, %ecx
	0xc7, 0x44, 0x24, 0x38, 0xc0, 0xc0, 0xc0, 0xc0, //0x00002c85 movl         $-1061109568, $56(%rsp)
	0x29, 0x4c, 0x24, 0x38, //0x00002c8d subl         %ecx, $56(%rsp)
	0x48, 0x89, 0x4c, 0x24, 0x40, //0x00002c91 movq         %rcx, $64(%rsp)
	0x81, 0xc1, 0x46, 0x46, 0x46, 0x46, //0x00002c96 addl         $1179010630, %ecx
	0x89, 0x4c, 0x24, 0x58, //0x00002c9c movl         %ecx, $88(%rsp)
	0x8b, 0x4c, 0x24, 0x38, //0x00002ca0 movl         $56(%rsp), %ecx
	0x23, 0x4c, 0x24, 0x48, //0x00002ca4 andl         $72(%rsp), %ecx
	0x85, 0x4c, 0x24, 0x58, //0x00002ca8 testl        %ecx, $88(%rsp)
	0x0f, 0x85, 0x4b, 0x29, 0x00, 0x00, //0x00002cac jne          LBB0_967
	0xc7, 0x44, 0x24, 0x38, 0xe0, 0xe0, 0xe0, 0xe0, //0x00002cb2 movl         $-522133280, $56(%rsp)
	0x48, 0x8b, 0x4c, 0x24, 0x40, //0x00002cba movq         $64(%rsp), %rcx
	0x29, 0x4c, 0x24, 0x38, //0x00002cbf subl         %ecx, $56(%rsp)
	0x81, 0xc1, 0x39, 0x39, 0x39, 0x39, //0x00002cc3 addl         $960051513, %ecx
	0x48, 0x89, 0x4c, 0x24, 0x40, //0x00002cc9 movq         %rcx, $64(%rsp)
	0x8b, 0x4c, 0x24, 0x48, //0x00002cce movl         $72(%rsp), %ecx
	0x23, 0x4c, 0x24, 0x38, //0x00002cd2 andl         $56(%rsp), %ecx
	0x85, 0x4c, 0x24, 0x40, //0x00002cd6 testl        %ecx, $64(%rsp)
	0x0f, 0x85, 0x1d, 0x29, 0x00, 0x00, //0x00002cda jne          LBB0_967
	0xc4, 0x41, 0x7d, 0x6f, 0xdd, //0x00002ce0 vmovdqa      %ymm13, %ymm11
	0x41, 0x0f, 0xce, //0x00002ce5 bswapl       %r14d
	0x44, 0x89, 0xf0, //0x00002ce8 movl         %r14d, %eax
	0xc1, 0xe8, 0x04, //0x00002ceb shrl         $4, %eax
	0xf7, 0xd0, //0x00002cee notl         %eax
	0x25, 0x01, 0x01, 0x01, 0x01, //0x00002cf0 andl         $16843009, %eax
	0x8d, 0x04, 0xc0, //0x00002cf5 leal         (%rax,%rax,8), %eax
	0x41, 0x81, 0xe6, 0x0f, 0x0f, 0x0f, 0x0f, //0x00002cf8 andl         $252645135, %r14d
	0x41, 0x01, 0xc6, //0x00002cff addl         %eax, %r14d
	0x44, 0x89, 0xf0, //0x00002d02 movl         %r14d, %eax
	0xc1, 0xe8, 0x0c, //0x00002d05 shrl         $12, %eax
	0x41, 0xc1, 0xee, 0x08, //0x00002d08 shrl         $8, %r14d
	0x41, 0x09, 0xc6, //0x00002d0c orl          %eax, %r14d
	0x41, 0x81, 0xe6, 0x00, 0xfc, 0x00, 0x00, //0x00002d0f andl         $64512, %r14d
	0x41, 0x81, 0xfe, 0x00, 0xd8, 0x00, 0x00, //0x00002d16 cmpl         $55296, %r14d
	0x0f, 0x85, 0xf2, 0x00, 0x00, 0x00, //0x00002d1d jne          LBB0_534
	0x48, 0x83, 0xfa, 0x0b, //0x00002d23 cmpq         $11, %rdx
	0x0f, 0x82, 0xe8, 0x00, 0x00, 0x00, //0x00002d27 jb           LBB0_534
	0x48, 0x8b, 0x44, 0x24, 0x28, //0x00002d2d movq         $40(%rsp), %rax
	0x41, 0x80, 0x7c, 0x02, 0x05, 0x5c, //0x00002d32 cmpb         $92, $5(%r10,%rax)
	0x0f, 0x85, 0xd7, 0x00, 0x00, 0x00, //0x00002d38 jne          LBB0_534
	0x48, 0x8b, 0x44, 0x24, 0x28, //0x00002d3e movq         $40(%rsp), %rax
	0x41, 0x80, 0x7c, 0x02, 0x06, 0x75, //0x00002d43 cmpb         $117, $6(%r10,%rax)
	0x0f, 0x85, 0xc6, 0x00, 0x00, 0x00, //0x00002d49 jne          LBB0_534
	0x48, 0x8b, 0x44, 0x24, 0x28, //0x00002d4f movq         $40(%rsp), %rax
	0x41, 0x8b, 0x4c, 0x02, 0x07, //0x00002d54 movl         $7(%r10,%rax), %ecx
	0x89, 0xc8, //0x00002d59 movl         %ecx, %eax
	0xf7, 0xd0, //0x00002d5b notl         %eax
	0x8d, 0x91, 0xd0, 0xcf, 0xcf, 0xcf, //0x00002d5d leal         $-808464432(%rcx), %edx
	0x25, 0x80, 0x80, 0x80, 0x80, //0x00002d63 andl         $-2139062144, %eax
	0x85, 0xd0, //0x00002d68 testl        %edx, %eax
	0x0f, 0x85, 0xa5, 0x00, 0x00, 0x00, //0x00002d6a jne          LBB0_534
	0x8d, 0x91, 0x19, 0x19, 0x19, 0x19, //0x00002d70 leal         $421075225(%rcx), %edx
	0x09, 0xca, //0x00002d76 orl          %ecx, %edx
	0xf7, 0xc2, 0x80, 0x80, 0x80, 0x80, //0x00002d78 testl        $-2139062144, %edx
	0x0f, 0x85, 0x91, 0x00, 0x00, 0x00, //0x00002d7e jne          LBB0_534
	0x41, 0x89, 0xce, //0x00002d84 movl         %ecx, %r14d
	0x41, 0x81, 0xe6, 0x7f, 0x7f, 0x7f, 0x7f, //0x00002d87 andl         $2139062143, %r14d
	0xba, 0xc0, 0xc0, 0xc0, 0xc0, //0x00002d8e movl         $-1061109568, %edx
	0x44, 0x29, 0xf2, //0x00002d93 subl         %r14d, %edx
	0x4c, 0x89, 0x74, 0x24, 0x48, //0x00002d96 movq         %r14, $72(%rsp)
	0x41, 0x81, 0xc6, 0x46, 0x46, 0x46, 0x46, //0x00002d9b addl         $1179010630, %r14d
	0x44, 0x89, 0x74, 0x24, 0x28, //0x00002da2 movl         %r14d, $40(%rsp)
	0x21, 0xc2, //0x00002da7 andl         %eax, %edx
	0x85, 0x54, 0x24, 0x28, //0x00002da9 testl        %edx, $40(%rsp)
	0x0f, 0x85, 0x62, 0x00, 0x00, 0x00, //0x00002dad jne          LBB0_534
	0x41, 0xbe, 0xe0, 0xe0, 0xe0, 0xe0, //0x00002db3 movl         $-522133280, %r14d
	0x48, 0x8b, 0x54, 0x24, 0x48, //0x00002db9 movq         $72(%rsp), %rdx
	0x41, 0x29, 0xd6, //0x00002dbe subl         %edx, %r14d
	0x81, 0xc2, 0x39, 0x39, 0x39, 0x39, //0x00002dc1 addl         $960051513, %edx
	0x44, 0x21, 0xf0, //0x00002dc7 andl         %r14d, %eax
	0x85, 0xd0, //0x00002dca testl        %edx, %eax
	0x0f, 0x85, 0x43, 0x00, 0x00, 0x00, //0x00002dcc jne          LBB0_534
	0x0f, 0xc9, //0x00002dd2 bswapl       %ecx
	0x89, 0xc8, //0x00002dd4 movl         %ecx, %eax
	0xc1, 0xe8, 0x04, //0x00002dd6 shrl         $4, %eax
	0xf7, 0xd0, //0x00002dd9 notl         %eax
	0x25, 0x01, 0x01, 0x01, 0x01, //0x00002ddb andl         $16843009, %eax
	0x8d, 0x04, 0xc0, //0x00002de0 leal         (%rax,%rax,8), %eax
	0x81, 0xe1, 0x0f, 0x0f, 0x0f, 0x0f, //0x00002de3 andl         $252645135, %ecx
	0x01, 0xc1, //0x00002de9 addl         %eax, %ecx
	0x89, 0xc8, //0x00002deb movl         %ecx, %eax
	0xc1, 0xe8, 0x0c, //0x00002ded shrl         $12, %eax
	0xc1, 0xe9, 0x08, //0x00002df0 shrl         $8, %ecx
	0x09, 0xc1, //0x00002df3 orl          %eax, %ecx
	0x81, 0xe1, 0x00, 0xfc, 0x00, 0x00, //0x00002df5 andl         $64512, %ecx
	0x81, 0xf9, 0x00, 0xdc, 0x00, 0x00, //0x00002dfb cmpl         $56320, %ecx
	0x0f, 0x85, 0x0e, 0x00, 0x00, 0x00, //0x00002e01 jne          LBB0_534
	0x48, 0x8b, 0x4c, 0x24, 0x20, //0x00002e07 movq         $32(%rsp), %rcx
	0x48, 0x83, 0xc1, 0x0c, //0x00002e0c addq         $12, %rcx
	0xe9, 0x09, 0x00, 0x00, 0x00, //0x00002e10 jmp          LBB0_535
	//0x00002e15 LBB0_534
	0x48, 0x8b, 0x4c, 0x24, 0x20, //0x00002e15 movq         $32(%rsp), %rcx
	0x48, 0x83, 0xc1, 0x06, //0x00002e1a addq         $6, %rcx
	//0x00002e1e LBB0_535
	0xc4, 0x41, 0x35, 0x76, 0xc9, //0x00002e1e vpcmpeqd     %ymm9, %ymm9, %ymm9
	0xc4, 0x41, 0x7d, 0x6f, 0xeb, //0x00002e23 vmovdqa      %ymm11, %ymm13
	0xc5, 0xfe, 0x6f, 0x25, 0x70, 0xd4, 0xff, 0xff, //0x00002e28 vmovdqu      $-11152(%rip), %ymm4  /* LCPI0_19+0(%rip) */
	0xc5, 0xfe, 0x6f, 0x1d, 0x88, 0xd3, 0xff, 0xff, //0x00002e30 vmovdqu      $-11384(%rip), %ymm3  /* LCPI0_9+0(%rip) */
	0x48, 0x85, 0xc9, //0x00002e38 testq        %rcx, %rcx
	0xc5, 0x7d, 0x6f, 0xda, //0x00002e3b vmovdqa      %ymm2, %ymm11
	0x0f, 0x89, 0x80, 0x00, 0x00, 0x00, //0x00002e3f jns          LBB0_537
	0xe9, 0x75, 0x27, 0x00, 0x00, //0x00002e45 jmp          LBB0_282
	//0x00002e4a LBB0_507
	0x49, 0x0f, 0xbc, 0xc0, //0x00002e4a bsfq         %r8, %rax
	0x48, 0x39, 0xf8, //0x00002e4e cmpq         %rdi, %rax
	0x0f, 0x83, 0x7d, 0xfd, 0xff, 0xff, //0x00002e51 jae          LBB0_516
	0x48, 0x01, 0xf0, //0x00002e57 addq         %rsi, %rax
	0x48, 0x39, 0xc8, //0x00002e5a cmpq         %rcx, %rax
	0x0f, 0x8c, 0x62, 0x00, 0x00, 0x00, //0x00002e5d jl           LBB0_537
	0x48, 0x8d, 0x48, 0x01, //0x00002e63 leaq         $1(%rax), %rcx
	0x4c, 0x89, 0xca, //0x00002e67 movq         %r9, %rdx
	0x48, 0x29, 0xca, //0x00002e6a subq         %rcx, %rdx
	0x0f, 0x84, 0x61, 0x27, 0x00, 0x00, //0x00002e6d je           LBB0_284
	0x48, 0x89, 0x44, 0x24, 0x20, //0x00002e73 movq         %rax, $32(%rsp)
	0x48, 0x89, 0xc8, //0x00002e78 movq         %rcx, %rax
	0x48, 0x89, 0x4c, 0x24, 0x28, //0x00002e7b movq         %rcx, $40(%rsp)
	0x41, 0x0f, 0xbe, 0x0c, 0x0a, //0x00002e80 movsbl       (%r10,%rcx), %ecx
	0x48, 0xc7, 0xc0, 0xfe, 0xff, 0xff, 0xff, //0x00002e85 movq         $-2, %rax
	0x83, 0xc1, 0xde, //0x00002e8c addl         $-34, %ecx
	0x83, 0xf9, 0x53, //0x00002e8f cmpl         $83, %ecx
	0x0f, 0x87, 0x65, 0x27, 0x00, 0x00, //0x00002e92 ja           LBB0_967
	0xc5, 0x7d, 0x7f, 0xda, //0x00002e98 vmovdqa      %ymm11, %ymm2
	0x4c, 0x8d, 0x35, 0x0d, 0x32, 0x00, 0x00, //0x00002e9c leaq         $12813(%rip), %r14  /* LJTI0_8+0(%rip) */
	0x49, 0x63, 0x0c, 0x8e, //0x00002ea3 movslq       (%r14,%rcx,4), %rcx
	0x4c, 0x01, 0xf1, //0x00002ea7 addq         %r14, %rcx
	0x4c, 0x8b, 0x74, 0x24, 0x20, //0x00002eaa movq         $32(%rsp), %r14
	0xff, 0xe1, //0x00002eaf jmpq         *%rcx
	//0x00002eb1 LBB0_536
	0x49, 0x83, 0xc6, 0x02, //0x00002eb1 addq         $2, %r14
	0x4c, 0x89, 0xf1, //0x00002eb5 movq         %r14, %rcx
	0x48, 0x85, 0xc9, //0x00002eb8 testq        %rcx, %rcx
	0xc5, 0x7d, 0x6f, 0xda, //0x00002ebb vmovdqa      %ymm2, %ymm11
	0x0f, 0x88, 0xfa, 0x26, 0x00, 0x00, //0x00002ebf js           LBB0_282
	//0x00002ec5 LBB0_537
	0x49, 0x8d, 0x40, 0xff, //0x00002ec5 leaq         $-1(%r8), %rax
	0x49, 0x21, 0xc0, //0x00002ec9 andq         %rax, %r8
	0x0f, 0x84, 0x02, 0xfd, 0xff, 0xff, //0x00002ecc je           LBB0_516
	0xe9, 0x73, 0xff, 0xff, 0xff, //0x00002ed2 jmp          LBB0_507
	//0x00002ed7 LBB0_538
	0x48, 0x85, 0xd2, //0x00002ed7 testq        %rdx, %rdx
	0x4c, 0x8b, 0x44, 0x24, 0x30, //0x00002eda movq         $48(%rsp), %r8
	0x0f, 0x84, 0xab, 0x00, 0x00, 0x00, //0x00002edf je           LBB0_550
	0x4c, 0x0f, 0xbc, 0xf2, //0x00002ee5 bsfq         %rdx, %r14
	0xe9, 0xa8, 0x00, 0x00, 0x00, //0x00002ee9 jmp          LBB0_551
	//0x00002eee LBB0_540
	0x48, 0xc7, 0xc2, 0xfe, 0xff, 0xff, 0xff, //0x00002eee movq         $-2, %rdx
	0xb8, 0x02, 0x00, 0x00, 0x00, //0x00002ef5 movl         $2, %eax
	0x48, 0x01, 0xc1, //0x00002efa addq         %rax, %rcx
	0x48, 0xc7, 0xc0, 0xff, 0xff, 0xff, 0xff, //0x00002efd movq         $-1, %rax
	0x49, 0x01, 0xd6, //0x00002f04 addq         %rdx, %r14
	0x0f, 0x8e, 0x0d, 0x25, 0x00, 0x00, //0x00002f07 jle          LBB0_949
	//0x00002f0d LBB0_542
	0x0f, 0xb6, 0x01, //0x00002f0d movzbl       (%rcx), %eax
	0x3c, 0x5c, //0x00002f10 cmpb         $92, %al
	0x0f, 0x84, 0xd6, 0xff, 0xff, 0xff, //0x00002f12 je           LBB0_540
	0x3c, 0x22, //0x00002f18 cmpb         $34, %al
	0x0f, 0x84, 0x56, 0x01, 0x00, 0x00, //0x00002f1a je           LBB0_549
	0x48, 0xc7, 0xc2, 0xff, 0xff, 0xff, 0xff, //0x00002f20 movq         $-1, %rdx
	0xb8, 0x01, 0x00, 0x00, 0x00, //0x00002f27 movl         $1, %eax
	0x48, 0x01, 0xc1, //0x00002f2c addq         %rax, %rcx
	0x48, 0xc7, 0xc0, 0xff, 0xff, 0xff, 0xff, //0x00002f2f movq         $-1, %rax
	0x49, 0x01, 0xd6, //0x00002f36 addq         %rdx, %r14
	0x0f, 0x8f, 0xce, 0xff, 0xff, 0xff, //0x00002f39 jg           LBB0_542
	0xe9, 0xd6, 0x24, 0x00, 0x00, //0x00002f3f jmp          LBB0_949
	//0x00002f44 LBB0_545
	0x4c, 0x8b, 0x44, 0x24, 0x30, //0x00002f44 movq         $48(%rsp), %r8
	0xe9, 0x4a, 0xd4, 0xff, 0xff, //0x00002f49 jmp          LBB0_3
	//0x00002f4e LBB0_546
	0x4c, 0x01, 0xc1, //0x00002f4e addq         %r8, %rcx
	0x4c, 0x01, 0xf1, //0x00002f51 addq         %r14, %rcx
	0xc5, 0xf8, 0x77, //0x00002f54 vzeroupper
	0x49, 0x89, 0xc8, //0x00002f57 movq         %rcx, %r8
	0xe9, 0xb8, 0x01, 0x00, 0x00, //0x00002f5a jmp          LBB0_564
	//0x00002f5f LBB0_547
	0x4d, 0x29, 0xd5, //0x00002f5f subq         %r10, %r13
	0x49, 0x01, 0xc5, //0x00002f62 addq         %rax, %r13
	0x49, 0x39, 0xf5, //0x00002f65 cmpq         %rsi, %r13
	0x0f, 0x82, 0x04, 0xd6, 0xff, 0xff, //0x00002f68 jb           LBB0_36
	0xe9, 0x67, 0x24, 0x00, 0x00, //0x00002f6e jmp          LBB0_919
	//0x00002f73 LBB0_548
	0x49, 0x89, 0xd1, //0x00002f73 movq         %rdx, %r9
	0x48, 0xc7, 0xc0, 0xff, 0xff, 0xff, 0xff, //0x00002f76 movq         $-1, %rax
	0x48, 0x8b, 0x54, 0x24, 0x10, //0x00002f7d movq         $16(%rsp), %rdx
	0x48, 0x85, 0xd2, //0x00002f82 testq        %rdx, %rdx
	0x0f, 0x85, 0x71, 0xf0, 0xff, 0xff, //0x00002f85 jne          LBB0_395
	0xe9, 0x71, 0x24, 0x00, 0x00, //0x00002f8b jmp          LBB0_922
	//0x00002f90 LBB0_550
	0x41, 0xbe, 0x40, 0x00, 0x00, 0x00, //0x00002f90 movl         $64, %r14d
	//0x00002f96 LBB0_551
	0x4c, 0x8b, 0x5c, 0x24, 0x18, //0x00002f96 movq         $24(%rsp), %r11
	0x4c, 0x8b, 0x64, 0x24, 0x08, //0x00002f9b movq         $8(%rsp), %r12
	0x4c, 0x8b, 0x7c, 0x24, 0x10, //0x00002fa0 movq         $16(%rsp), %r15
	0x49, 0x39, 0xfe, //0x00002fa5 cmpq         %rdi, %r14
	0x0f, 0x82, 0x02, 0x26, 0x00, 0x00, //0x00002fa8 jb           LBB0_944
	0xc5, 0x7d, 0x7f, 0xea, //0x00002fae vmovdqa      %ymm13, %ymm2
	0x48, 0x8d, 0x0c, 0x3e, //0x00002fb2 leaq         (%rsi,%rdi), %rcx
	0x48, 0x83, 0xc1, 0x01, //0x00002fb6 addq         $1, %rcx
	//0x00002fba LBB0_553
	0x48, 0x85, 0xc9, //0x00002fba testq        %rcx, %rcx
	0x0f, 0x88, 0x01, 0x26, 0x00, 0x00, //0x00002fbd js           LBB0_283
	0x49, 0x89, 0x0b, //0x00002fc3 movq         %rcx, (%r11)
	0x4c, 0x89, 0xe8, //0x00002fc6 movq         %r13, %rax
	0x48, 0xba, 0xfe, 0xff, 0xff, 0xff, 0xff, 0xff, 0xff, 0x7f, //0x00002fc9 movabsq      $9223372036854775806, %rdx
	0x49, 0x39, 0xd5, //0x00002fd3 cmpq         %rdx, %r13
	0x4c, 0x8b, 0x4c, 0x24, 0x50, //0x00002fd6 movq         $80(%rsp), %r9
	0xc5, 0x7d, 0x6f, 0xea, //0x00002fdb vmovdqa      %ymm2, %ymm13
	0x0f, 0x86, 0xc9, 0xd3, 0xff, 0xff, //0x00002fdf jbe          LBB0_4
	0xe9, 0x30, 0x24, 0x00, 0x00, //0x00002fe5 jmp          LBB0_949
	//0x00002fea LBB0_157
	0x4d, 0x85, 0xff, //0x00002fea testq        %r15, %r15
	0x0f, 0x85, 0x52, 0x08, 0x00, 0x00, //0x00002fed jne          LBB0_645
	0x4b, 0x8d, 0x0c, 0x0e, //0x00002ff3 leaq         (%r14,%r9), %rcx
	0x48, 0x83, 0xc1, 0x01, //0x00002ff7 addq         $1, %rcx
	0x49, 0xf7, 0xd6, //0x00002ffb notq         %r14
	0x4d, 0x01, 0xc6, //0x00002ffe addq         %r8, %r14
	0x4c, 0x8b, 0x5c, 0x24, 0x18, //0x00003001 movq         $24(%rsp), %r11
	0x4c, 0x8b, 0x4c, 0x24, 0x50, //0x00003006 movq         $80(%rsp), %r9
	//0x0000300b LBB0_159
	0x4d, 0x85, 0xf6, //0x0000300b testq        %r14, %r14
	0x4c, 0x8b, 0x44, 0x24, 0x30, //0x0000300e movq         $48(%rsp), %r8
	0x0f, 0x8f, 0x26, 0x00, 0x00, 0x00, //0x00003013 jg           LBB0_242
	0xe9, 0xfc, 0x23, 0x00, 0x00, //0x00003019 jmp          LBB0_949
	0x90, 0x90, //0x0000301e .p2align 4, 0x90
	//0x00003020 LBB0_240
	0x48, 0xc7, 0xc2, 0xfe, 0xff, 0xff, 0xff, //0x00003020 movq         $-2, %rdx
	0xb8, 0x02, 0x00, 0x00, 0x00, //0x00003027 movl         $2, %eax
	0x48, 0x01, 0xc1, //0x0000302c addq         %rax, %rcx
	0x48, 0xc7, 0xc0, 0xff, 0xff, 0xff, 0xff, //0x0000302f movq         $-1, %rax
	0x49, 0x01, 0xd6, //0x00003036 addq         %rdx, %r14
	0x0f, 0x8e, 0xdb, 0x23, 0x00, 0x00, //0x00003039 jle          LBB0_949
	//0x0000303f LBB0_242
	0x0f, 0xb6, 0x01, //0x0000303f movzbl       (%rcx), %eax
	0x3c, 0x5c, //0x00003042 cmpb         $92, %al
	0x0f, 0x84, 0xd6, 0xff, 0xff, 0xff, //0x00003044 je           LBB0_240
	0x3c, 0x22, //0x0000304a cmpb         $34, %al
	0x0f, 0x84, 0x24, 0x00, 0x00, 0x00, //0x0000304c je           LBB0_549
	0x48, 0xc7, 0xc2, 0xff, 0xff, 0xff, 0xff, //0x00003052 movq         $-1, %rdx
	0xb8, 0x01, 0x00, 0x00, 0x00, //0x00003059 movl         $1, %eax
	0x48, 0x01, 0xc1, //0x0000305e addq         %rax, %rcx
	0x48, 0xc7, 0xc0, 0xff, 0xff, 0xff, 0xff, //0x00003061 movq         $-1, %rax
	0x49, 0x01, 0xd6, //0x00003068 addq         %rdx, %r14
	0x0f, 0x8f, 0xce, 0xff, 0xff, 0xff, //0x0000306b jg           LBB0_242
	0xe9, 0xa4, 0x23, 0x00, 0x00, //0x00003071 jmp          LBB0_949
	//0x00003076 LBB0_549
	0x4c, 0x29, 0xd1, //0x00003076 subq         %r10, %rcx
	0x48, 0x83, 0xc1, 0x01, //0x00003079 addq         $1, %rcx
	0xe9, 0x13, 0xd3, 0xff, 0xff, //0x0000307d jmp          LBB0_2
	//0x00003082 LBB0_555
	0x89, 0xc9, //0x00003082 movl         %ecx, %ecx
	0x49, 0x01, 0xc8, //0x00003084 addq         %rcx, %r8
	0x4d, 0x01, 0xd8, //0x00003087 addq         %r11, %r8
	0x4c, 0x8b, 0x5c, 0x24, 0x18, //0x0000308a movq         $24(%rsp), %r11
	0xe9, 0x7e, 0x00, 0x00, 0x00, //0x0000308f jmp          LBB0_563
	//0x00003094 LBB0_556
	0xc5, 0x7d, 0x7f, 0xe8, //0x00003094 vmovdqa      %ymm13, %ymm0
	0x0f, 0xbc, 0xc0, //0x00003098 bsfl         %eax, %eax
	0xe9, 0xe7, 0x01, 0x00, 0x00, //0x0000309b jmp          LBB0_580
	//0x000030a0 LBB0_557
	0x66, 0x0f, 0xbc, 0xc0, //0x000030a0 bsfw         %ax, %ax
	0x0f, 0xb7, 0xc8, //0x000030a4 movzwl       %ax, %ecx
	0x48, 0x89, 0xc8, //0x000030a7 movq         %rcx, %rax
	0x4c, 0x29, 0xc0, //0x000030aa subq         %r8, %rax
	0x49, 0x89, 0x03, //0x000030ad movq         %rax, (%r11)
	0x48, 0x85, 0xc0, //0x000030b0 testq        %rax, %rax
	0x0f, 0x8e, 0x5b, 0x03, 0x00, 0x00, //0x000030b3 jle          LBB0_585
	0x48, 0x01, 0xcf, //0x000030b9 addq         %rcx, %rdi
	0x48, 0x01, 0xcb, //0x000030bc addq         %rcx, %rbx
	0x48, 0x01, 0xca, //0x000030bf addq         %rcx, %rdx
	0x4c, 0x8b, 0x44, 0x24, 0x30, //0x000030c2 movq         $48(%rsp), %r8
	//0x000030c7 LBB0_559
	0x0f, 0xb6, 0x0a, //0x000030c7 movzbl       (%rdx), %ecx
	0x48, 0x83, 0xf9, 0x20, //0x000030ca cmpq         $32, %rcx
	0x0f, 0x87, 0xae, 0x04, 0x00, 0x00, //0x000030ce ja           LBB0_633
	0x48, 0xbe, 0x00, 0x26, 0x00, 0x00, 0x01, 0x00, 0x00, 0x00, //0x000030d4 movabsq      $4294977024, %rsi
	0x48, 0x0f, 0xa3, 0xce, //0x000030de btq          %rcx, %rsi
	0x0f, 0x83, 0x9a, 0x04, 0x00, 0x00, //0x000030e2 jae          LBB0_633
	0x49, 0x89, 0x1b, //0x000030e8 movq         %rbx, (%r11)
	0x48, 0x83, 0xc7, 0xff, //0x000030eb addq         $-1, %rdi
	0x48, 0x83, 0xc3, 0xff, //0x000030ef addq         $-1, %rbx
	0x48, 0x83, 0xc2, 0xff, //0x000030f3 addq         $-1, %rdx
	0x48, 0x83, 0xc0, 0xff, //0x000030f7 addq         $-1, %rax
	0xb9, 0x00, 0x00, 0x00, 0x00, //0x000030fb movl         $0, %ecx
	0x48, 0x83, 0xff, 0x01, //0x00003100 cmpq         $1, %rdi
	0x0f, 0x8f, 0xbd, 0xff, 0xff, 0xff, //0x00003104 jg           LBB0_559
	0xe9, 0x89, 0xd2, 0xff, 0xff, //0x0000310a jmp          LBB0_3
	//0x0000310f LBB0_562
	0x49, 0x01, 0xc8, //0x0000310f addq         %rcx, %r8
	//0x00003112 LBB0_563
	0x4c, 0x8b, 0x74, 0x24, 0x48, //0x00003112 movq         $72(%rsp), %r14
	//0x00003117 LBB0_564
	0x48, 0xc7, 0xc1, 0xff, 0xff, 0xff, 0xff, //0x00003117 movq         $-1, %rcx
	0x48, 0x8b, 0x74, 0x24, 0x10, //0x0000311e movq         $16(%rsp), %rsi
	0x48, 0x85, 0xf6, //0x00003123 testq        %rsi, %rsi
	0x0f, 0x84, 0x5a, 0x24, 0x00, 0x00, //0x00003126 je           LBB0_942
	0x4d, 0x85, 0xe4, //0x0000312c testq        %r12, %r12
	0x0f, 0x84, 0x51, 0x24, 0x00, 0x00, //0x0000312f je           LBB0_942
	0x4d, 0x85, 0xff, //0x00003135 testq        %r15, %r15
	0x0f, 0x84, 0x48, 0x24, 0x00, 0x00, //0x00003138 je           LBB0_942
	0x4d, 0x29, 0xf0, //0x0000313e subq         %r14, %r8
	0x49, 0x8d, 0x48, 0xff, //0x00003141 leaq         $-1(%r8), %rcx
	0x48, 0x39, 0xce, //0x00003145 cmpq         %rcx, %rsi
	0x0f, 0x84, 0x8e, 0x00, 0x00, 0x00, //0x00003148 je           LBB0_573
	0x49, 0x39, 0xcc, //0x0000314e cmpq         %rcx, %r12
	0x0f, 0x84, 0x85, 0x00, 0x00, 0x00, //0x00003151 je           LBB0_573
	0x49, 0x39, 0xcf, //0x00003157 cmpq         %rcx, %r15
	0x0f, 0x84, 0x7c, 0x00, 0x00, 0x00, //0x0000315a je           LBB0_573
	0x4d, 0x85, 0xe4, //0x00003160 testq        %r12, %r12
	0xc5, 0xfe, 0x6f, 0x2d, 0x55, 0xcf, 0xff, 0xff, //0x00003163 vmovdqu      $-12459(%rip), %ymm5  /* LCPI0_1+0(%rip) */
	0xc5, 0xfe, 0x6f, 0x35, 0x6d, 0xcf, 0xff, 0xff, //0x0000316b vmovdqu      $-12435(%rip), %ymm6  /* LCPI0_2+0(%rip) */
	0xc5, 0xfe, 0x6f, 0x3d, 0x85, 0xcf, 0xff, 0xff, //0x00003173 vmovdqu      $-12411(%rip), %ymm7  /* LCPI0_3+0(%rip) */
	0xc5, 0x7e, 0x6f, 0x05, 0x9d, 0xcf, 0xff, 0xff, //0x0000317b vmovdqu      $-12387(%rip), %ymm8  /* LCPI0_4+0(%rip) */
	0xc4, 0x41, 0x35, 0x76, 0xc9, //0x00003183 vpcmpeqd     %ymm9, %ymm9, %ymm9
	0xc5, 0x7e, 0x6f, 0x15, 0x70, 0xd0, 0xff, 0xff, //0x00003188 vmovdqu      $-12176(%rip), %ymm10  /* LCPI0_14+0(%rip) */
	0xc5, 0xfe, 0x6f, 0x05, 0x88, 0xd0, 0xff, 0xff, //0x00003190 vmovdqu      $-12152(%rip), %ymm0  /* LCPI0_15+0(%rip) */
	0xc5, 0x7e, 0x6f, 0x3d, 0xa0, 0xd0, 0xff, 0xff, //0x00003198 vmovdqu      $-12128(%rip), %ymm15  /* LCPI0_16+0(%rip) */
	0xc5, 0x7e, 0x6f, 0x35, 0x38, 0xd0, 0xff, 0xff, //0x000031a0 vmovdqu      $-12232(%rip), %ymm14  /* LCPI0_10+0(%rip) */
	0xc5, 0xfe, 0x6f, 0x25, 0xf0, 0xd0, 0xff, 0xff, //0x000031a8 vmovdqu      $-12048(%rip), %ymm4  /* LCPI0_19+0(%rip) */
	0xc5, 0xfe, 0x6f, 0x1d, 0x08, 0xd0, 0xff, 0xff, //0x000031b0 vmovdqu      $-12280(%rip), %ymm3  /* LCPI0_9+0(%rip) */
	0x0f, 0x8e, 0x90, 0x00, 0x00, 0x00, //0x000031b8 jle          LBB0_576
	0x49, 0x8d, 0x4c, 0x24, 0xff, //0x000031be leaq         $-1(%r12), %rcx
	0x49, 0x39, 0xcf, //0x000031c3 cmpq         %rcx, %r15
	0x0f, 0x84, 0x82, 0x00, 0x00, 0x00, //0x000031c6 je           LBB0_576
	0x49, 0xf7, 0xd4, //0x000031cc notq         %r12
	0x4d, 0x89, 0xe0, //0x000031cf movq         %r12, %r8
	0x4c, 0x8b, 0x64, 0x24, 0x08, //0x000031d2 movq         $8(%rsp), %r12
	0xe9, 0x5d, 0x00, 0x00, 0x00, //0x000031d7 jmp          LBB0_575
	//0x000031dc LBB0_573
	0x49, 0xf7, 0xd8, //0x000031dc negq         %r8
	//0x000031df LBB0_574
	0x4c, 0x8b, 0x64, 0x24, 0x08, //0x000031df movq         $8(%rsp), %r12
	0xc5, 0xfe, 0x6f, 0x2d, 0xd4, 0xce, 0xff, 0xff, //0x000031e4 vmovdqu      $-12588(%rip), %ymm5  /* LCPI0_1+0(%rip) */
	0xc5, 0xfe, 0x6f, 0x35, 0xec, 0xce, 0xff, 0xff, //0x000031ec vmovdqu      $-12564(%rip), %ymm6  /* LCPI0_2+0(%rip) */
	0xc5, 0xfe, 0x6f, 0x3d, 0x04, 0xcf, 0xff, 0xff, //0x000031f4 vmovdqu      $-12540(%rip), %ymm7  /* LCPI0_3+0(%rip) */
	0xc5, 0x7e, 0x6f, 0x05, 0x1c, 0xcf, 0xff, 0xff, //0x000031fc vmovdqu      $-12516(%rip), %ymm8  /* LCPI0_4+0(%rip) */
	0xc4, 0x41, 0x35, 0x76, 0xc9, //0x00003204 vpcmpeqd     %ymm9, %ymm9, %ymm9
	0xc5, 0x7e, 0x6f, 0x15, 0xef, 0xcf, 0xff, 0xff, //0x00003209 vmovdqu      $-12305(%rip), %ymm10  /* LCPI0_14+0(%rip) */
	0xc5, 0xfe, 0x6f, 0x05, 0x07, 0xd0, 0xff, 0xff, //0x00003211 vmovdqu      $-12281(%rip), %ymm0  /* LCPI0_15+0(%rip) */
	0xc5, 0x7e, 0x6f, 0x3d, 0x1f, 0xd0, 0xff, 0xff, //0x00003219 vmovdqu      $-12257(%rip), %ymm15  /* LCPI0_16+0(%rip) */
	0xc5, 0x7e, 0x6f, 0x35, 0xb7, 0xcf, 0xff, 0xff, //0x00003221 vmovdqu      $-12361(%rip), %ymm14  /* LCPI0_10+0(%rip) */
	0xc5, 0xfe, 0x6f, 0x25, 0x6f, 0xd0, 0xff, 0xff, //0x00003229 vmovdqu      $-12177(%rip), %ymm4  /* LCPI0_19+0(%rip) */
	0xc5, 0xfe, 0x6f, 0x1d, 0x87, 0xcf, 0xff, 0xff, //0x00003231 vmovdqu      $-12409(%rip), %ymm3  /* LCPI0_9+0(%rip) */
	//0x00003239 LBB0_575
	0xc5, 0x7e, 0x6f, 0x1d, 0xff, 0xce, 0xff, 0xff, //0x00003239 vmovdqu      $-12545(%rip), %ymm11  /* LCPI0_5+0(%rip) */
	0xc5, 0x7e, 0x6f, 0x25, 0x17, 0xcf, 0xff, 0xff, //0x00003241 vmovdqu      $-12521(%rip), %ymm12  /* LCPI0_6+0(%rip) */
	0xe9, 0x8a, 0x02, 0x00, 0x00, //0x00003249 jmp          LBB0_595
	//0x0000324e LBB0_576
	0x48, 0x89, 0xf1, //0x0000324e movq         %rsi, %rcx
	0x4c, 0x09, 0xf9, //0x00003251 orq          %r15, %rcx
	0x0f, 0x99, 0xc1, //0x00003254 setns        %cl
	0xc5, 0x7e, 0x6f, 0x1d, 0xe1, 0xce, 0xff, 0xff, //0x00003257 vmovdqu      $-12575(%rip), %ymm11  /* LCPI0_5+0(%rip) */
	0xc5, 0x7e, 0x6f, 0x25, 0xf9, 0xce, 0xff, 0xff, //0x0000325f vmovdqu      $-12551(%rip), %ymm12  /* LCPI0_6+0(%rip) */
	0x0f, 0x88, 0x65, 0x01, 0x00, 0x00, //0x00003267 js           LBB0_582
	0x4c, 0x39, 0xfe, //0x0000326d cmpq         %r15, %rsi
	0x0f, 0x8c, 0x5c, 0x01, 0x00, 0x00, //0x00003270 jl           LBB0_582
	0x48, 0xf7, 0xd6, //0x00003276 notq         %rsi
	0x49, 0x89, 0xf0, //0x00003279 movq         %rsi, %r8
	0xe9, 0x52, 0x02, 0x00, 0x00, //0x0000327c jmp          LBB0_594
	//0x00003281 LBB0_579
	0xc5, 0x7d, 0x7f, 0xe8, //0x00003281 vmovdqa      %ymm13, %ymm0
	0x89, 0xc0, //0x00003285 movl         %eax, %eax
	//0x00003287 LBB0_580
	0x49, 0xf7, 0xd1, //0x00003287 notq         %r9
	0x49, 0x29, 0xc1, //0x0000328a subq         %rax, %r9
	0xe9, 0x10, 0x03, 0x00, 0x00, //0x0000328d jmp          LBB0_606
	//0x00003292 LBB0_213
	0x49, 0x83, 0xf9, 0x20, //0x00003292 cmpq         $32, %r9
	0x0f, 0x82, 0x60, 0x09, 0x00, 0x00, //0x00003296 jb           LBB0_678
	0xc4, 0xc1, 0x7e, 0x6f, 0x06, //0x0000329c vmovdqu      (%r14), %ymm0
	0xc5, 0xfd, 0x74, 0xce, //0x000032a1 vpcmpeqb     %ymm6, %ymm0, %ymm1
	0xc5, 0xfd, 0xd7, 0xd9, //0x000032a5 vpmovmskb    %ymm1, %ebx
	0xc5, 0xfd, 0x74, 0xcf, //0x000032a9 vpcmpeqb     %ymm7, %ymm0, %ymm1
	0xc5, 0xfd, 0xd7, 0xc1, //0x000032ad vpmovmskb    %ymm1, %eax
	0x85, 0xc0, //0x000032b1 testl        %eax, %eax
	0x0f, 0x85, 0x12, 0x08, 0x00, 0x00, //0x000032b3 jne          LBB0_667
	0x4d, 0x85, 0xdb, //0x000032b9 testq        %r11, %r11
	0x0f, 0x85, 0x3a, 0x08, 0x00, 0x00, //0x000032bc jne          LBB0_669
	0x45, 0x31, 0xdb, //0x000032c2 xorl         %r11d, %r11d
	0x31, 0xd2, //0x000032c5 xorl         %edx, %edx
	0x48, 0x85, 0xdb, //0x000032c7 testq        %rbx, %rbx
	0x48, 0x89, 0x7c, 0x24, 0x10, //0x000032ca movq         %rdi, $16(%rsp)
	0x0f, 0x84, 0xa6, 0x08, 0x00, 0x00, //0x000032cf je           LBB0_671
	//0x000032d5 LBB0_217
	0x4c, 0x0f, 0xbc, 0xfb, //0x000032d5 bsfq         %rbx, %r15
	0xe9, 0xa3, 0x08, 0x00, 0x00, //0x000032d9 jmp          LBB0_672
	//0x000032de LBB0_192
	0x4d, 0x85, 0xff, //0x000032de testq        %r15, %r15
	0x0f, 0x85, 0x8b, 0x07, 0x00, 0x00, //0x000032e1 jne          LBB0_665
	0x4b, 0x8d, 0x0c, 0x06, //0x000032e7 leaq         (%r14,%r8), %rcx
	0x48, 0x83, 0xc1, 0x01, //0x000032eb addq         $1, %rcx
	0x49, 0xf7, 0xd6, //0x000032ef notq         %r14
	0x4d, 0x01, 0xce, //0x000032f2 addq         %r9, %r14
	0x4c, 0x8b, 0x5c, 0x24, 0x18, //0x000032f5 movq         $24(%rsp), %r11
	0x4c, 0x8b, 0x44, 0x24, 0x30, //0x000032fa movq         $48(%rsp), %r8
	//0x000032ff LBB0_194
	0x4d, 0x85, 0xf6, //0x000032ff testq        %r14, %r14
	0x4c, 0x8b, 0x4c, 0x24, 0x50, //0x00003302 movq         $80(%rsp), %r9
	0x0f, 0x8f, 0x24, 0x00, 0x00, 0x00, //0x00003307 jg           LBB0_291
	0xe9, 0x08, 0x21, 0x00, 0x00, //0x0000330d jmp          LBB0_949
	//0x00003312 LBB0_289
	0x48, 0xc7, 0xc2, 0xfe, 0xff, 0xff, 0xff, //0x00003312 movq         $-2, %rdx
	0xb8, 0x02, 0x00, 0x00, 0x00, //0x00003319 movl         $2, %eax
	0x48, 0x01, 0xc1, //0x0000331e addq         %rax, %rcx
	0x48, 0xc7, 0xc0, 0xff, 0xff, 0xff, 0xff, //0x00003321 movq         $-1, %rax
	0x49, 0x01, 0xd6, //0x00003328 addq         %rdx, %r14
	0x0f, 0x8e, 0xe9, 0x20, 0x00, 0x00, //0x0000332b jle          LBB0_949
	//0x00003331 LBB0_291
	0x0f, 0xb6, 0x01, //0x00003331 movzbl       (%rcx), %eax
	0x3c, 0x5c, //0x00003334 cmpb         $92, %al
	0x0f, 0x84, 0xd6, 0xff, 0xff, 0xff, //0x00003336 je           LBB0_289
	0x3c, 0x22, //0x0000333c cmpb         $34, %al
	0x0f, 0x84, 0x24, 0x00, 0x00, 0x00, //0x0000333e je           LBB0_581
	0x48, 0xc7, 0xc2, 0xff, 0xff, 0xff, 0xff, //0x00003344 movq         $-1, %rdx
	0xb8, 0x01, 0x00, 0x00, 0x00, //0x0000334b movl         $1, %eax
	0x48, 0x01, 0xc1, //0x00003350 addq         %rax, %rcx
	0x48, 0xc7, 0xc0, 0xff, 0xff, 0xff, 0xff, //0x00003353 movq         $-1, %rax
	0x49, 0x01, 0xd6, //0x0000335a addq         %rdx, %r14
	0x0f, 0x8f, 0xce, 0xff, 0xff, 0xff, //0x0000335d jg           LBB0_291
	0xe9, 0xb2, 0x20, 0x00, 0x00, //0x00003363 jmp          LBB0_949
	//0x00003368 LBB0_581
	0x4c, 0x29, 0xd1, //0x00003368 subq         %r10, %rcx
	0x48, 0x83, 0xc1, 0x01, //0x0000336b addq         $1, %rcx
	0xe9, 0x82, 0xdd, 0xff, 0xff, //0x0000336f jmp          LBB0_189
	//0x00003374 LBB0_54
	0x4c, 0x01, 0xd1, //0x00003374 addq         %r10, %rcx
	0x4c, 0x89, 0xff, //0x00003377 movq         %r15, %rdi
	0x49, 0x83, 0xfb, 0x20, //0x0000337a cmpq         $32, %r11
	0x0f, 0x82, 0xcf, 0x05, 0x00, 0x00, //0x0000337e jb           LBB0_652
	//0x00003384 LBB0_55
	0xc5, 0xfe, 0x6f, 0x01, //0x00003384 vmovdqu      (%rcx), %ymm0
	0xc5, 0xfd, 0x74, 0xce, //0x00003388 vpcmpeqb     %ymm6, %ymm0, %ymm1
	0xc5, 0xfd, 0xd7, 0xd1, //0x0000338c vpmovmskb    %ymm1, %edx
	0xc5, 0xfd, 0x74, 0xc7, //0x00003390 vpcmpeqb     %ymm7, %ymm0, %ymm0
	0xc5, 0xfd, 0xd7, 0xc0, //0x00003394 vpmovmskb    %ymm0, %eax
	0x85, 0xc0, //0x00003398 testl        %eax, %eax
	0x0f, 0x85, 0xfe, 0x04, 0x00, 0x00, //0x0000339a jne          LBB0_647
	0x4d, 0x85, 0xc9, //0x000033a0 testq        %r9, %r9
	0x0f, 0x85, 0x26, 0x05, 0x00, 0x00, //0x000033a3 jne          LBB0_649
	0x45, 0x31, 0xc9, //0x000033a9 xorl         %r9d, %r9d
	0x48, 0x85, 0xd2, //0x000033ac testq        %rdx, %rdx
	0x0f, 0x84, 0x96, 0x05, 0x00, 0x00, //0x000033af je           LBB0_651
	//0x000033b5 LBB0_58
	0x48, 0x0f, 0xbc, 0xc2, //0x000033b5 bsfq         %rdx, %rax
	0x4c, 0x29, 0xd1, //0x000033b9 subq         %r10, %rcx
	0x48, 0x01, 0xc1, //0x000033bc addq         %rax, %rcx
	0x48, 0x83, 0xc1, 0x01, //0x000033bf addq         $1, %rcx
	0x4c, 0x8b, 0x5c, 0x24, 0x18, //0x000033c3 movq         $24(%rsp), %r11
	0x4c, 0x8b, 0x4c, 0x24, 0x50, //0x000033c8 movq         $80(%rsp), %r9
	0xe9, 0xc6, 0xe5, 0xff, 0xff, //0x000033cd jmp          LBB0_296
	//0x000033d2 LBB0_582
	0x49, 0x8d, 0x57, 0xff, //0x000033d2 leaq         $-1(%r15), %rdx
	0x48, 0x39, 0xd6, //0x000033d6 cmpq         %rdx, %rsi
	0x49, 0xf7, 0xd7, //0x000033d9 notq         %r15
	0x4d, 0x0f, 0x45, 0xf8, //0x000033dc cmovneq      %r8, %r15
	0x84, 0xc9, //0x000033e0 testb        %cl, %cl
	0x4d, 0x0f, 0x45, 0xc7, //0x000033e2 cmovneq      %r15, %r8
	0xe9, 0xe8, 0x00, 0x00, 0x00, //0x000033e6 jmp          LBB0_594
	//0x000033eb LBB0_583
	0xc5, 0x7d, 0x7f, 0xe8, //0x000033eb vmovdqa      %ymm13, %ymm0
	0x4d, 0x01, 0xea, //0x000033ef addq         %r13, %r10
	0x4d, 0x29, 0xca, //0x000033f2 subq         %r9, %r10
	0x48, 0xf7, 0xd1, //0x000033f5 notq         %rcx
	0x4c, 0x01, 0xd1, //0x000033f8 addq         %r10, %rcx
	0x49, 0x89, 0xc9, //0x000033fb movq         %rcx, %r9
	0xe9, 0x9f, 0x01, 0x00, 0x00, //0x000033fe jmp          LBB0_606
	//0x00003403 LBB0_584
	0x4d, 0x01, 0xd5, //0x00003403 addq         %r10, %r13
	0x48, 0x85, 0xd2, //0x00003406 testq        %rdx, %rdx
	0x0f, 0x85, 0xf9, 0xd0, 0xff, 0xff, //0x00003409 jne          LBB0_29
	0xe9, 0x2f, 0xd1, 0xff, 0xff, //0x0000340f jmp          LBB0_34
	//0x00003414 LBB0_585
	0x48, 0x89, 0xc1, //0x00003414 movq         %rax, %rcx
	0x4c, 0x8b, 0x44, 0x24, 0x30, //0x00003417 movq         $48(%rsp), %r8
	0xe9, 0x77, 0xcf, 0xff, 0xff, //0x0000341c jmp          LBB0_3
	//0x00003421 LBB0_140
	0x4c, 0x01, 0xd1, //0x00003421 addq         %r10, %rcx
	0x49, 0x83, 0xfb, 0x20, //0x00003424 cmpq         $32, %r11
	0x0f, 0x82, 0xdf, 0x08, 0x00, 0x00, //0x00003428 jb           LBB0_691
	//0x0000342e LBB0_141
	0xc5, 0xfe, 0x6f, 0x01, //0x0000342e vmovdqu      (%rcx), %ymm0
	0xc5, 0xfd, 0x74, 0xce, //0x00003432 vpcmpeqb     %ymm6, %ymm0, %ymm1
	0xc5, 0xfd, 0xd7, 0xd1, //0x00003436 vpmovmskb    %ymm1, %edx
	0xc5, 0xfd, 0x74, 0xc7, //0x0000343a vpcmpeqb     %ymm7, %ymm0, %ymm0
	0xc5, 0xfd, 0xd7, 0xc0, //0x0000343e vpmovmskb    %ymm0, %eax
	0x85, 0xc0, //0x00003442 testl        %eax, %eax
	0x0f, 0x85, 0x0e, 0x08, 0x00, 0x00, //0x00003444 jne          LBB0_686
	0x4d, 0x85, 0xc0, //0x0000344a testq        %r8, %r8
	0x0f, 0x85, 0x36, 0x08, 0x00, 0x00, //0x0000344d jne          LBB0_688
	0x45, 0x31, 0xc0, //0x00003453 xorl         %r8d, %r8d
	0x48, 0x85, 0xd2, //0x00003456 testq        %rdx, %rdx
	0x0f, 0x84, 0xa6, 0x08, 0x00, 0x00, //0x00003459 je           LBB0_690
	//0x0000345f LBB0_144
	0x48, 0x0f, 0xbc, 0xc2, //0x0000345f bsfq         %rdx, %rax
	0x4c, 0x29, 0xd1, //0x00003463 subq         %r10, %rcx
	0x48, 0x01, 0xc1, //0x00003466 addq         %rax, %rcx
	0x48, 0x83, 0xc1, 0x01, //0x00003469 addq         $1, %rcx
	0xe9, 0xc9, 0xd8, 0xff, 0xff, //0x0000346d jmp          LBB0_149
	//0x00003472 LBB0_586
	0xc5, 0x7d, 0x7f, 0xe8, //0x00003472 vmovdqa      %ymm13, %ymm0
	0x89, 0xf0, //0x00003476 movl         %esi, %eax
	0xe9, 0x13, 0x01, 0x00, 0x00, //0x00003478 jmp          LBB0_605
	//0x0000347d LBB0_587
	0xc5, 0x7d, 0x7f, 0xe8, //0x0000347d vmovdqa      %ymm13, %ymm0
	0x41, 0x0f, 0xbc, 0xc0, //0x00003481 bsfl         %r8d, %eax
	0xe9, 0x07, 0x00, 0x00, 0x00, //0x00003485 jmp          LBB0_589
	//0x0000348a LBB0_588
	0xc5, 0x7d, 0x7f, 0xe8, //0x0000348a vmovdqa      %ymm13, %ymm0
	0x0f, 0xbc, 0xc0, //0x0000348e bsfl         %eax, %eax
	//0x00003491 LBB0_589
	0x4d, 0x01, 0xea, //0x00003491 addq         %r13, %r10
	0x4d, 0x29, 0xca, //0x00003494 subq         %r9, %r10
	0x49, 0x29, 0xc2, //0x00003497 subq         %rax, %r10
	0x49, 0xf7, 0xd7, //0x0000349a notq         %r15
	0x4d, 0x01, 0xd7, //0x0000349d addq         %r10, %r15
	0x4d, 0x89, 0xf9, //0x000034a0 movq         %r15, %r9
	0x4c, 0x8b, 0x64, 0x24, 0x08, //0x000034a3 movq         $8(%rsp), %r12
	0x4c, 0x8b, 0x44, 0x24, 0x30, //0x000034a8 movq         $48(%rsp), %r8
	0xe9, 0xf5, 0x00, 0x00, 0x00, //0x000034ad jmp          LBB0_607
	//0x000034b2 LBB0_590
	0xc5, 0x7d, 0x7f, 0xe8, //0x000034b2 vmovdqa      %ymm13, %ymm0
	0x0f, 0xbc, 0xc0, //0x000034b6 bsfl         %eax, %eax
	0xe9, 0xd2, 0x00, 0x00, 0x00, //0x000034b9 jmp          LBB0_605
	//0x000034be LBB0_591
	0x4d, 0x89, 0xf0, //0x000034be movq         %r14, %r8
	0xe9, 0x4c, 0xfc, 0xff, 0xff, //0x000034c1 jmp          LBB0_563
	//0x000034c6 LBB0_592
	0xc5, 0x7d, 0x7f, 0xe8, //0x000034c6 vmovdqa      %ymm13, %ymm0
	0x0f, 0xbc, 0xcb, //0x000034ca bsfl         %ebx, %ecx
	//0x000034cd LBB0_593
	0x49, 0xf7, 0xd0, //0x000034cd notq         %r8
	0x49, 0x29, 0xc8, //0x000034d0 subq         %rcx, %r8
	//0x000034d3 LBB0_594
	0x4c, 0x8b, 0x64, 0x24, 0x08, //0x000034d3 movq         $8(%rsp), %r12
	//0x000034d8 LBB0_595
	0x4d, 0x85, 0xc0, //0x000034d8 testq        %r8, %r8
	0x0f, 0x88, 0xa2, 0x20, 0x00, 0x00, //0x000034db js           LBB0_941
	0x49, 0x8b, 0x0b, //0x000034e1 movq         (%r11), %rcx
	0xc5, 0x7d, 0x6f, 0xe8, //0x000034e4 vmovdqa      %ymm0, %ymm13
	//0x000034e8 LBB0_597
	0x4c, 0x01, 0xc1, //0x000034e8 addq         %r8, %rcx
	0x49, 0x89, 0x0b, //0x000034eb movq         %rcx, (%r11)
	//0x000034ee LBB0_598
	0x4c, 0x89, 0xe8, //0x000034ee movq         %r13, %rax
	0x48, 0xba, 0xfe, 0xff, 0xff, 0xff, 0xff, 0xff, 0xff, 0x7f, //0x000034f1 movabsq      $9223372036854775806, %rdx
	0x49, 0x39, 0xd5, //0x000034fb cmpq         %rdx, %r13
	0x4c, 0x8b, 0x4c, 0x24, 0x50, //0x000034fe movq         $80(%rsp), %r9
	0x4c, 0x8b, 0x44, 0x24, 0x30, //0x00003503 movq         $48(%rsp), %r8
	0x0f, 0x86, 0xa0, 0xce, 0xff, 0xff, //0x00003508 jbe          LBB0_4
	0xe9, 0x07, 0x1f, 0x00, 0x00, //0x0000350e jmp          LBB0_949
	//0x00003513 LBB0_599
	0x66, 0x0f, 0xbc, 0xc0, //0x00003513 bsfw         %ax, %ax
	0x0f, 0xb7, 0xc8, //0x00003517 movzwl       %ax, %ecx
	0x48, 0x89, 0xc8, //0x0000351a movq         %rcx, %rax
	0x48, 0x29, 0xd8, //0x0000351d subq         %rbx, %rax
	0x49, 0x89, 0x03, //0x00003520 movq         %rax, (%r11)
	0x48, 0x85, 0xc0, //0x00003523 testq        %rax, %rax
	0x0f, 0x8e, 0x20, 0x01, 0x00, 0x00, //0x00003526 jle          LBB0_611
	0x48, 0x01, 0xce, //0x0000352c addq         %rcx, %rsi
	0x48, 0x01, 0xca, //0x0000352f addq         %rcx, %rdx
	0x48, 0x01, 0xcf, //0x00003532 addq         %rcx, %rdi
	0x4c, 0x8b, 0x4c, 0x24, 0x50, //0x00003535 movq         $80(%rsp), %r9
	//0x0000353a LBB0_601
	0x0f, 0xb6, 0x0f, //0x0000353a movzbl       (%rdi), %ecx
	0x48, 0x83, 0xf9, 0x20, //0x0000353d cmpq         $32, %rcx
	0x0f, 0x87, 0x3b, 0x00, 0x00, 0x00, //0x00003541 ja           LBB0_633
	0x48, 0xbb, 0x00, 0x26, 0x00, 0x00, 0x01, 0x00, 0x00, 0x00, //0x00003547 movabsq      $4294977024, %rbx
	0x48, 0x0f, 0xa3, 0xcb, //0x00003551 btq          %rcx, %rbx
	0x0f, 0x83, 0x27, 0x00, 0x00, 0x00, //0x00003555 jae          LBB0_633
	0x49, 0x89, 0x13, //0x0000355b movq         %rdx, (%r11)
	0x48, 0x83, 0xc6, 0xff, //0x0000355e addq         $-1, %rsi
	0x48, 0x83, 0xc2, 0xff, //0x00003562 addq         $-1, %rdx
	0x48, 0x83, 0xc7, 0xff, //0x00003566 addq         $-1, %rdi
	0x48, 0x83, 0xc0, 0xff, //0x0000356a addq         $-1, %rax
	0xb9, 0x00, 0x00, 0x00, 0x00, //0x0000356e movl         $0, %ecx
	0x48, 0x83, 0xfe, 0x01, //0x00003573 cmpq         $1, %rsi
	0x0f, 0x8f, 0xbd, 0xff, 0xff, 0xff, //0x00003577 jg           LBB0_601
	0xe9, 0x16, 0xce, 0xff, 0xff, //0x0000357d jmp          LBB0_3
	//0x00003582 LBB0_633
	0x48, 0x89, 0xc1, //0x00003582 movq         %rax, %rcx
	0xe9, 0x0e, 0xce, 0xff, 0xff, //0x00003585 jmp          LBB0_3
	//0x0000358a LBB0_604
	0xc5, 0x7d, 0x7f, 0xe8, //0x0000358a vmovdqa      %ymm13, %ymm0
	0x89, 0xd0, //0x0000358e movl         %edx, %eax
	//0x00003590 LBB0_605
	0x4d, 0x01, 0xea, //0x00003590 addq         %r13, %r10
	0x4d, 0x29, 0xca, //0x00003593 subq         %r9, %r10
	0x49, 0x29, 0xc2, //0x00003596 subq         %rax, %r10
	0x49, 0xf7, 0xd7, //0x00003599 notq         %r15
	0x4d, 0x01, 0xd7, //0x0000359c addq         %r10, %r15
	0x4d, 0x89, 0xf9, //0x0000359f movq         %r15, %r9
	//0x000035a2 LBB0_606
	0x4c, 0x8b, 0x64, 0x24, 0x08, //0x000035a2 movq         $8(%rsp), %r12
	//0x000035a7 LBB0_607
	0x4d, 0x85, 0xc9, //0x000035a7 testq        %r9, %r9
	0x4c, 0x8b, 0x5c, 0x24, 0x18, //0x000035aa movq         $24(%rsp), %r11
	0x0f, 0x88, 0x49, 0x1e, 0x00, 0x00, //0x000035af js           LBB0_921
	0x49, 0x8b, 0x0b, //0x000035b5 movq         (%r11), %rcx
	0xc5, 0x7d, 0x6f, 0xe8, //0x000035b8 vmovdqa      %ymm0, %ymm13
	//0x000035bc LBB0_609
	0x4c, 0x01, 0xc9, //0x000035bc addq         %r9, %rcx
	0x48, 0x83, 0xc1, 0xff, //0x000035bf addq         $-1, %rcx
	0x49, 0x89, 0x0b, //0x000035c3 movq         %rcx, (%r11)
	0x4c, 0x89, 0xe8, //0x000035c6 movq         %r13, %rax
	0x48, 0xba, 0xfe, 0xff, 0xff, 0xff, 0xff, 0xff, 0xff, 0x7f, //0x000035c9 movabsq      $9223372036854775806, %rdx
	0x49, 0x39, 0xd5, //0x000035d3 cmpq         %rdx, %r13
	0x4c, 0x8b, 0x4c, 0x24, 0x50, //0x000035d6 movq         $80(%rsp), %r9
	0x0f, 0x86, 0xcd, 0xcd, 0xff, 0xff, //0x000035db jbe          LBB0_4
	0xe9, 0x34, 0x1e, 0x00, 0x00, //0x000035e1 jmp          LBB0_949
	//0x000035e6 LBB0_313
	0x4c, 0x01, 0xd1, //0x000035e6 addq         %r10, %rcx
	0x49, 0x83, 0xfb, 0x20, //0x000035e9 cmpq         $32, %r11
	0x0f, 0x82, 0xed, 0x01, 0x00, 0x00, //0x000035ed jb           LBB0_638
	//0x000035f3 LBB0_314
	0xc5, 0xfe, 0x6f, 0x01, //0x000035f3 vmovdqu      (%rcx), %ymm0
	0xc5, 0xfd, 0x74, 0xce, //0x000035f7 vpcmpeqb     %ymm6, %ymm0, %ymm1
	0xc5, 0xfd, 0xd7, 0xd1, //0x000035fb vpmovmskb    %ymm1, %edx
	0xc5, 0xfd, 0x74, 0xc7, //0x000035ff vpcmpeqb     %ymm7, %ymm0, %ymm0
	0xc5, 0xfd, 0xd7, 0xc0, //0x00003603 vpmovmskb    %ymm0, %eax
	0x85, 0xc0, //0x00003607 testl        %eax, %eax
	0x0f, 0x85, 0xbe, 0x0c, 0x00, 0x00, //0x00003609 jne          LBB0_749
	0x4d, 0x85, 0xc0, //0x0000360f testq        %r8, %r8
	0x0f, 0x85, 0xe6, 0x0c, 0x00, 0x00, //0x00003612 jne          LBB0_751
	0x45, 0x31, 0xc0, //0x00003618 xorl         %r8d, %r8d
	0xc5, 0x7d, 0x7f, 0xea, //0x0000361b vmovdqa      %ymm13, %ymm2
	0x48, 0x85, 0xd2, //0x0000361f testq        %rdx, %rdx
	0x0f, 0x84, 0x56, 0x0d, 0x00, 0x00, //0x00003622 je           LBB0_753
	//0x00003628 LBB0_317
	0x48, 0x0f, 0xbc, 0xc2, //0x00003628 bsfq         %rdx, %rax
	0x4c, 0x29, 0xd1, //0x0000362c subq         %r10, %rcx
	0x48, 0x01, 0xc1, //0x0000362f addq         %rax, %rcx
	0x48, 0x83, 0xc1, 0x01, //0x00003632 addq         $1, %rcx
	0xe9, 0x14, 0xe5, 0xff, 0xff, //0x00003636 jmp          LBB0_322
	//0x0000363b LBB0_610
	0x4d, 0x01, 0xea, //0x0000363b addq         %r13, %r10
	0x4d, 0x29, 0xc2, //0x0000363e subq         %r8, %r10
	0x49, 0x29, 0xca, //0x00003641 subq         %rcx, %r10
	0x4d, 0x89, 0xd0, //0x00003644 movq         %r10, %r8
	0xe9, 0x93, 0xfb, 0xff, 0xff, //0x00003647 jmp          LBB0_574
	//0x0000364c LBB0_611
	0x48, 0x89, 0xc1, //0x0000364c movq         %rax, %rcx
	0x4c, 0x8b, 0x4c, 0x24, 0x50, //0x0000364f movq         $80(%rsp), %r9
	0xe9, 0x3f, 0xcd, 0xff, 0xff, //0x00003654 jmp          LBB0_3
	//0x00003659 LBB0_612
	0x4c, 0x01, 0xd1, //0x00003659 addq         %r10, %rcx
	0xe9, 0xaa, 0xf9, 0xff, 0xff, //0x0000365c jmp          LBB0_159
	//0x00003661 LBB0_613
	0x0f, 0xbc, 0xce, //0x00003661 bsfl         %esi, %ecx
	0xe9, 0x92, 0x00, 0x00, 0x00, //0x00003664 jmp          LBB0_625
	//0x00003669 LBB0_614
	0x4c, 0x01, 0xd1, //0x00003669 addq         %r10, %rcx
	0x48, 0x83, 0xfe, 0x10, //0x0000366c cmpq         $16, %rsi
	0x0f, 0x83, 0x2c, 0xd8, 0xff, 0xff, //0x00003670 jae          LBB0_165
	0xe9, 0x8f, 0xd8, 0xff, 0xff, //0x00003676 jmp          LBB0_168
	//0x0000367b LBB0_615
	0xc5, 0x7d, 0x7f, 0xe8, //0x0000367b vmovdqa      %ymm13, %ymm0
	0x89, 0xf9, //0x0000367f movl         %edi, %ecx
	0xe9, 0x47, 0xfe, 0xff, 0xff, //0x00003681 jmp          LBB0_593
	//0x00003686 LBB0_616
	0xc5, 0x7d, 0x7f, 0xe8, //0x00003686 vmovdqa      %ymm13, %ymm0
	0x89, 0xf1, //0x0000368a movl         %esi, %ecx
	0xe9, 0x3c, 0xfe, 0xff, 0xff, //0x0000368c jmp          LBB0_593
	//0x00003691 LBB0_617
	0xc5, 0x7d, 0x7f, 0xe8, //0x00003691 vmovdqa      %ymm13, %ymm0
	0x89, 0xd1, //0x00003695 movl         %edx, %ecx
	0xe9, 0x31, 0xfe, 0xff, 0xff, //0x00003697 jmp          LBB0_593
	//0x0000369c LBB0_618
	0x49, 0xc7, 0xc3, 0xff, 0xff, 0xff, 0xff, //0x0000369c movq         $-1, %r11
	0x48, 0xc7, 0x44, 0x24, 0x10, 0xff, 0xff, 0xff, 0xff, //0x000036a3 movq         $-1, $16(%rsp)
	0x4d, 0x89, 0xf9, //0x000036ac movq         %r15, %r9
	0x49, 0x83, 0xfe, 0x10, //0x000036af cmpq         $16, %r14
	0x0f, 0x83, 0x25, 0xd3, 0xff, 0xff, //0x000036b3 jae          LBB0_96
	0xe9, 0x77, 0xd4, 0xff, 0xff, //0x000036b9 jmp          LBB0_114
	//0x000036be LBB0_619
	0x4c, 0x01, 0xd1, //0x000036be addq         %r10, %rcx
	0xe9, 0x39, 0xfc, 0xff, 0xff, //0x000036c1 jmp          LBB0_194
	//0x000036c6 LBB0_620
	0x4c, 0x01, 0xd1, //0x000036c6 addq         %r10, %rcx
	0x48, 0xc7, 0xc7, 0xff, 0xff, 0xff, 0xff, //0x000036c9 movq         $-1, %rdi
	0x45, 0x31, 0xc9, //0x000036d0 xorl         %r9d, %r9d
	0x49, 0x83, 0xfb, 0x20, //0x000036d3 cmpq         $32, %r11
	0x0f, 0x83, 0xa7, 0xfc, 0xff, 0xff, //0x000036d7 jae          LBB0_55
	0xe9, 0x71, 0x02, 0x00, 0x00, //0x000036dd jmp          LBB0_652
	//0x000036e2 LBB0_621
	0x41, 0x0f, 0xbc, 0xcf, //0x000036e2 bsfl         %r15d, %ecx
	0xe9, 0x10, 0x00, 0x00, 0x00, //0x000036e6 jmp          LBB0_625
	//0x000036eb LBB0_622
	0x89, 0xd9, //0x000036eb movl         %ebx, %ecx
	0xe9, 0x09, 0x00, 0x00, 0x00, //0x000036ed jmp          LBB0_625
	//0x000036f2 LBB0_623
	0x89, 0xf9, //0x000036f2 movl         %edi, %ecx
	0xe9, 0x02, 0x00, 0x00, 0x00, //0x000036f4 jmp          LBB0_625
	//0x000036f9 LBB0_624
	0x89, 0xd1, //0x000036f9 movl         %edx, %ecx
	//0x000036fb LBB0_625
	0x4d, 0x01, 0xea, //0x000036fb addq         %r13, %r10
	0x4d, 0x29, 0xc2, //0x000036fe subq         %r8, %r10
	0x49, 0x29, 0xca, //0x00003701 subq         %rcx, %r10
	0x4d, 0x29, 0xda, //0x00003704 subq         %r11, %r10
	0x4d, 0x89, 0xd0, //0x00003707 movq         %r10, %r8
	0x4c, 0x8b, 0x5c, 0x24, 0x18, //0x0000370a movq         $24(%rsp), %r11
	0xe9, 0xcb, 0xfa, 0xff, 0xff, //0x0000370f jmp          LBB0_574
	//0x00003714 LBB0_626
	0x4c, 0x01, 0xd1, //0x00003714 addq         %r10, %rcx
	0x49, 0xc7, 0xc7, 0xff, 0xff, 0xff, 0xff, //0x00003717 movq         $-1, %r15
	0x45, 0x31, 0xc0, //0x0000371e xorl         %r8d, %r8d
	0x49, 0x83, 0xfb, 0x20, //0x00003721 cmpq         $32, %r11
	0x0f, 0x83, 0x03, 0xfd, 0xff, 0xff, //0x00003725 jae          LBB0_141
	0xe9, 0xdd, 0x05, 0x00, 0x00, //0x0000372b jmp          LBB0_691
	//0x00003730 LBB0_627
	0x48, 0xc7, 0x44, 0x24, 0x10, 0xff, 0xff, 0xff, 0xff, //0x00003730 movq         $-1, $16(%rsp)
	0x45, 0x31, 0xdb, //0x00003739 xorl         %r11d, %r11d
	//0x0000373c LBB0_628
	0x49, 0x83, 0xfc, 0x20, //0x0000373c cmpq         $32, %r12
	0x0f, 0x82, 0x10, 0x08, 0x00, 0x00, //0x00003740 jb           LBB0_715
	0xc4, 0xc1, 0x7e, 0x6f, 0x07, //0x00003746 vmovdqu      (%r15), %ymm0
	0xc5, 0xfd, 0x74, 0xce, //0x0000374b vpcmpeqb     %ymm6, %ymm0, %ymm1
	0xc5, 0xfd, 0xd7, 0xd9, //0x0000374f vpmovmskb    %ymm1, %ebx
	0xc5, 0xfd, 0x74, 0xcf, //0x00003753 vpcmpeqb     %ymm7, %ymm0, %ymm1
	0xc5, 0xfd, 0xd7, 0xc1, //0x00003757 vpmovmskb    %ymm1, %eax
	0x85, 0xc0, //0x0000375b testl        %eax, %eax
	0x0f, 0x85, 0xc3, 0x06, 0x00, 0x00, //0x0000375d jne          LBB0_704
	0x4d, 0x85, 0xdb, //0x00003763 testq        %r11, %r11
	0x0f, 0x85, 0xef, 0x06, 0x00, 0x00, //0x00003766 jne          LBB0_706
	0x45, 0x31, 0xdb, //0x0000376c xorl         %r11d, %r11d
	0x31, 0xd2, //0x0000376f xorl         %edx, %edx
	0x48, 0x85, 0xdb, //0x00003771 testq        %rbx, %rbx
	0x0f, 0x84, 0x52, 0x07, 0x00, 0x00, //0x00003774 je           LBB0_708
	//0x0000377a LBB0_632
	0x48, 0x0f, 0xbc, 0xc3, //0x0000377a bsfq         %rbx, %rax
	0xe9, 0x4e, 0x07, 0x00, 0x00, //0x0000377e jmp          LBB0_709
	//0x00003783 LBB0_634
	0x4c, 0x01, 0xd1, //0x00003783 addq         %r10, %rcx
	0xe9, 0x00, 0xee, 0xff, 0xff, //0x00003786 jmp          LBB0_451
	//0x0000378b LBB0_635
	0x4c, 0x01, 0xd1, //0x0000378b addq         %r10, %rcx
	0x49, 0x83, 0xf9, 0x10, //0x0000378e cmpq         $16, %r9
	0x4c, 0x8b, 0x44, 0x24, 0x30, //0x00003792 movq         $48(%rsp), %r8
	0x0f, 0x83, 0x9a, 0xee, 0xff, 0xff, //0x00003797 jae          LBB0_458
	0xe9, 0xfd, 0xee, 0xff, 0xff, //0x0000379d jmp          LBB0_461
	//0x000037a2 LBB0_636
	0x49, 0xc7, 0xc7, 0xff, 0xff, 0xff, 0xff, //0x000037a2 movq         $-1, %r15
	0x48, 0xc7, 0x44, 0x24, 0x10, 0xff, 0xff, 0xff, 0xff, //0x000037a9 movq         $-1, $16(%rsp)
	0x4d, 0x89, 0xf0, //0x000037b2 movq         %r14, %r8
	0x4c, 0x89, 0x74, 0x24, 0x48, //0x000037b5 movq         %r14, $72(%rsp)
	0x49, 0x83, 0xf9, 0x10, //0x000037ba cmpq         $16, %r9
	0x0f, 0x83, 0x6a, 0xe5, 0xff, 0xff, //0x000037be jae          LBB0_349
	0xe9, 0xc0, 0xe6, 0xff, 0xff, //0x000037c4 jmp          LBB0_367
	//0x000037c9 LBB0_637
	0x4c, 0x01, 0xd1, //0x000037c9 addq         %r10, %rcx
	0x49, 0xc7, 0xc7, 0xff, 0xff, 0xff, 0xff, //0x000037cc movq         $-1, %r15
	0x45, 0x31, 0xc0, //0x000037d3 xorl         %r8d, %r8d
	0x49, 0x83, 0xfb, 0x20, //0x000037d6 cmpq         $32, %r11
	0x0f, 0x83, 0x13, 0xfe, 0xff, 0xff, //0x000037da jae          LBB0_314
	//0x000037e0 LBB0_638
	0xc5, 0x7d, 0x7f, 0xe1, //0x000037e0 vmovdqa      %ymm12, %ymm1
	0xc5, 0x7d, 0x7f, 0xd8, //0x000037e4 vmovdqa      %ymm11, %ymm0
	0xc4, 0x41, 0x7d, 0x6f, 0xdd, //0x000037e8 vmovdqa      %ymm13, %ymm11
	0xe9, 0xa0, 0x0b, 0x00, 0x00, //0x000037ed jmp          LBB0_754
	//0x000037f2 LBB0_639
	0x48, 0xc7, 0x44, 0x24, 0x10, 0xff, 0xff, 0xff, 0xff, //0x000037f2 movq         $-1, $16(%rsp)
	0x45, 0x31, 0xdb, //0x000037fb xorl         %r11d, %r11d
	//0x000037fe LBB0_640
	0x49, 0x83, 0xfc, 0x20, //0x000037fe cmpq         $32, %r12
	0x0f, 0x82, 0x69, 0x0c, 0x00, 0x00, //0x00003802 jb           LBB0_767
	0xc4, 0xc1, 0x7e, 0x6f, 0x07, //0x00003808 vmovdqu      (%r15), %ymm0
	0xc5, 0xfd, 0x74, 0xce, //0x0000380d vpcmpeqb     %ymm6, %ymm0, %ymm1
	0xc5, 0xfd, 0xd7, 0xd9, //0x00003811 vpmovmskb    %ymm1, %ebx
	0xc5, 0xfd, 0x74, 0xcf, //0x00003815 vpcmpeqb     %ymm7, %ymm0, %ymm1
	0xc5, 0xfd, 0xd7, 0xc1, //0x00003819 vpmovmskb    %ymm1, %eax
	0x85, 0xc0, //0x0000381d testl        %eax, %eax
	0x0f, 0x85, 0x63, 0x0c, 0x00, 0x00, //0x0000381f jne          LBB0_768
	0x4d, 0x85, 0xdb, //0x00003825 testq        %r11, %r11
	0x0f, 0x85, 0x8f, 0x0c, 0x00, 0x00, //0x00003828 jne          LBB0_770
	0x45, 0x31, 0xdb, //0x0000382e xorl         %r11d, %r11d
	0x31, 0xd2, //0x00003831 xorl         %edx, %edx
	0x48, 0x85, 0xdb, //0x00003833 testq        %rbx, %rbx
	0x0f, 0x84, 0xf2, 0x0c, 0x00, 0x00, //0x00003836 je           LBB0_772
	//0x0000383c LBB0_644
	0x48, 0x0f, 0xbc, 0xc3, //0x0000383c bsfq         %rbx, %rax
	0xe9, 0xee, 0x0c, 0x00, 0x00, //0x00003840 jmp          LBB0_773
	//0x00003845 LBB0_645
	0x49, 0x8d, 0x48, 0xff, //0x00003845 leaq         $-1(%r8), %rcx
	0x4c, 0x39, 0xf1, //0x00003849 cmpq         %r14, %rcx
	0x0f, 0x84, 0xc8, 0x1b, 0x00, 0x00, //0x0000384c je           LBB0_949
	0xc5, 0x7d, 0x7f, 0xe1, //0x00003852 vmovdqa      %ymm12, %ymm1
	0xc5, 0x7d, 0x7f, 0xd8, //0x00003856 vmovdqa      %ymm11, %ymm0
	0xc4, 0x41, 0x7d, 0x6f, 0xdd, //0x0000385a vmovdqa      %ymm13, %ymm11
	0x4b, 0x8d, 0x0c, 0x0e, //0x0000385f leaq         (%r14,%r9), %rcx
	0x48, 0x83, 0xc1, 0x02, //0x00003863 addq         $2, %rcx
	0x4d, 0x29, 0xf0, //0x00003867 subq         %r14, %r8
	0x49, 0x83, 0xc0, 0xfe, //0x0000386a addq         $-2, %r8
	0x4d, 0x89, 0xc6, //0x0000386e movq         %r8, %r14
	0x4c, 0x8b, 0x5c, 0x24, 0x18, //0x00003871 movq         $24(%rsp), %r11
	0x4c, 0x8b, 0x4c, 0x24, 0x50, //0x00003876 movq         $80(%rsp), %r9
	0x4c, 0x8b, 0x64, 0x24, 0x08, //0x0000387b movq         $8(%rsp), %r12
	0xc4, 0x41, 0x35, 0x76, 0xc9, //0x00003880 vpcmpeqd     %ymm9, %ymm9, %ymm9
	0xc5, 0xfe, 0x6f, 0x25, 0x13, 0xca, 0xff, 0xff, //0x00003885 vmovdqu      $-13805(%rip), %ymm4  /* LCPI0_19+0(%rip) */
	0xc5, 0xfe, 0x6f, 0x1d, 0x2b, 0xc9, 0xff, 0xff, //0x0000388d vmovdqu      $-14037(%rip), %ymm3  /* LCPI0_9+0(%rip) */
	0xc5, 0x7d, 0x6f, 0xd8, //0x00003895 vmovdqa      %ymm0, %ymm11
	0xe9, 0x6d, 0xf7, 0xff, 0xff, //0x00003899 jmp          LBB0_159
	//0x0000389e LBB0_647
	0xc5, 0x7d, 0x7f, 0xe1, //0x0000389e vmovdqa      %ymm12, %ymm1
	0xc5, 0x7d, 0x7f, 0xd8, //0x000038a2 vmovdqa      %ymm11, %ymm0
	0xc4, 0x41, 0x7d, 0x6f, 0xdd, //0x000038a6 vmovdqa      %ymm13, %ymm11
	0xc4, 0x41, 0x7d, 0x6f, 0xe7, //0x000038ab vmovdqa      %ymm15, %ymm12
	0x49, 0x89, 0xfe, //0x000038b0 movq         %rdi, %r14
	0x48, 0x83, 0xff, 0xff, //0x000038b3 cmpq         $-1, %rdi
	0x0f, 0x85, 0x27, 0x00, 0x00, 0x00, //0x000038b7 jne          LBB0_650
	0x48, 0x89, 0xce, //0x000038bd movq         %rcx, %rsi
	0x4c, 0x29, 0xd6, //0x000038c0 subq         %r10, %rsi
	0x4c, 0x0f, 0xbc, 0xf0, //0x000038c3 bsfq         %rax, %r14
	0x49, 0x01, 0xf6, //0x000038c7 addq         %rsi, %r14
	0xe9, 0x15, 0x00, 0x00, 0x00, //0x000038ca jmp          LBB0_650
	//0x000038cf LBB0_649
	0x49, 0x89, 0xfe, //0x000038cf movq         %rdi, %r14
	0xc5, 0x7d, 0x7f, 0xe1, //0x000038d2 vmovdqa      %ymm12, %ymm1
	0xc5, 0x7d, 0x7f, 0xd8, //0x000038d6 vmovdqa      %ymm11, %ymm0
	0xc4, 0x41, 0x7d, 0x6f, 0xdd, //0x000038da vmovdqa      %ymm13, %ymm11
	0xc4, 0x41, 0x7d, 0x6f, 0xe7, //0x000038df vmovdqa      %ymm15, %ymm12
	//0x000038e4 LBB0_650
	0x44, 0x89, 0xce, //0x000038e4 movl         %r9d, %esi
	0xf7, 0xd6, //0x000038e7 notl         %esi
	0x21, 0xc6, //0x000038e9 andl         %eax, %esi
	0x8d, 0x3c, 0x36, //0x000038eb leal         (%rsi,%rsi), %edi
	0x41, 0x8d, 0x1c, 0x71, //0x000038ee leal         (%r9,%rsi,2), %ebx
	0xf7, 0xd7, //0x000038f2 notl         %edi
	0x21, 0xc7, //0x000038f4 andl         %eax, %edi
	0x81, 0xe7, 0xaa, 0xaa, 0xaa, 0xaa, //0x000038f6 andl         $-1431655766, %edi
	0x45, 0x31, 0xc9, //0x000038fc xorl         %r9d, %r9d
	0x01, 0xf7, //0x000038ff addl         %esi, %edi
	0x41, 0x0f, 0x92, 0xc1, //0x00003901 setb         %r9b
	0x01, 0xff, //0x00003905 addl         %edi, %edi
	0x81, 0xf7, 0x55, 0x55, 0x55, 0x55, //0x00003907 xorl         $1431655765, %edi
	0x21, 0xdf, //0x0000390d andl         %ebx, %edi
	0xf7, 0xd7, //0x0000390f notl         %edi
	0x21, 0xfa, //0x00003911 andl         %edi, %edx
	0x4c, 0x8b, 0x64, 0x24, 0x08, //0x00003913 movq         $8(%rsp), %r12
	0xc4, 0x41, 0x35, 0x76, 0xc9, //0x00003918 vpcmpeqd     %ymm9, %ymm9, %ymm9
	0xc4, 0x41, 0x7d, 0x6f, 0xfc, //0x0000391d vmovdqa      %ymm12, %ymm15
	0xc4, 0x41, 0x7d, 0x6f, 0xeb, //0x00003922 vmovdqa      %ymm11, %ymm13
	0xc5, 0xfe, 0x6f, 0x25, 0x71, 0xc9, 0xff, 0xff, //0x00003927 vmovdqu      $-13967(%rip), %ymm4  /* LCPI0_19+0(%rip) */
	0xc5, 0xfe, 0x6f, 0x1d, 0x89, 0xc8, 0xff, 0xff, //0x0000392f vmovdqu      $-14199(%rip), %ymm3  /* LCPI0_9+0(%rip) */
	0xc5, 0x7d, 0x6f, 0xd8, //0x00003937 vmovdqa      %ymm0, %ymm11
	0xc5, 0x7d, 0x6f, 0xe1, //0x0000393b vmovdqa      %ymm1, %ymm12
	0x4c, 0x89, 0xf7, //0x0000393f movq         %r14, %rdi
	0x48, 0x85, 0xd2, //0x00003942 testq        %rdx, %rdx
	0x0f, 0x85, 0x6a, 0xfa, 0xff, 0xff, //0x00003945 jne          LBB0_58
	//0x0000394b LBB0_651
	0x48, 0x83, 0xc1, 0x20, //0x0000394b addq         $32, %rcx
	0x49, 0x83, 0xc3, 0xe0, //0x0000394f addq         $-32, %r11
	//0x00003953 LBB0_652
	0x48, 0x89, 0xfb, //0x00003953 movq         %rdi, %rbx
	0x4d, 0x85, 0xc9, //0x00003956 testq        %r9, %r9
	0x0f, 0x85, 0x55, 0x06, 0x00, 0x00, //0x00003959 jne          LBB0_723
	0x4c, 0x89, 0xd7, //0x0000395f movq         %r10, %rdi
	0x48, 0xf7, 0xd7, //0x00003962 notq         %rdi
	0x48, 0x89, 0xde, //0x00003965 movq         %rbx, %rsi
	0x4c, 0x8b, 0x4c, 0x24, 0x50, //0x00003968 movq         $80(%rsp), %r9
	0x4d, 0x85, 0xdb, //0x0000396d testq        %r11, %r11
	0x0f, 0x84, 0xab, 0x00, 0x00, 0x00, //0x00003970 je           LBB0_664
	//0x00003976 LBB0_654
	0x48, 0x83, 0xc7, 0x01, //0x00003976 addq         $1, %rdi
	//0x0000397a LBB0_655
	0x31, 0xc0, //0x0000397a xorl         %eax, %eax
	//0x0000397c LBB0_656
	0x0f, 0xb6, 0x14, 0x01, //0x0000397c movzbl       (%rcx,%rax), %edx
	0x80, 0xfa, 0x22, //0x00003980 cmpb         $34, %dl
	0x0f, 0x84, 0x91, 0x00, 0x00, 0x00, //0x00003983 je           LBB0_663
	0x80, 0xfa, 0x5c, //0x00003989 cmpb         $92, %dl
	0x0f, 0x84, 0x12, 0x00, 0x00, 0x00, //0x0000398c je           LBB0_661
	0x48, 0x83, 0xc0, 0x01, //0x00003992 addq         $1, %rax
	0x49, 0x39, 0xc3, //0x00003996 cmpq         %rax, %r11
	0x0f, 0x85, 0xdd, 0xff, 0xff, 0xff, //0x00003999 jne          LBB0_656
	0xe9, 0x8d, 0x00, 0x00, 0x00, //0x0000399f jmp          LBB0_659
	//0x000039a4 LBB0_661
	0x49, 0x8d, 0x53, 0xff, //0x000039a4 leaq         $-1(%r11), %rdx
	0x48, 0x39, 0xc2, //0x000039a8 cmpq         %rax, %rdx
	0x0f, 0x84, 0xe1, 0x1c, 0x00, 0x00, //0x000039ab je           LBB0_962
	0xc5, 0x7d, 0x7f, 0xe1, //0x000039b1 vmovdqa      %ymm12, %ymm1
	0xc5, 0x7d, 0x7f, 0xd8, //0x000039b5 vmovdqa      %ymm11, %ymm0
	0xc4, 0x41, 0x7d, 0x6f, 0xdd, //0x000039b9 vmovdqa      %ymm13, %ymm11
	0x48, 0x8d, 0x14, 0x0f, //0x000039be leaq         (%rdi,%rcx), %rdx
	0x48, 0x01, 0xc2, //0x000039c2 addq         %rax, %rdx
	0x48, 0x83, 0xfe, 0xff, //0x000039c5 cmpq         $-1, %rsi
	0x48, 0x0f, 0x44, 0xda, //0x000039c9 cmoveq       %rdx, %rbx
	0x48, 0x0f, 0x44, 0xf2, //0x000039cd cmoveq       %rdx, %rsi
	0x48, 0x01, 0xc1, //0x000039d1 addq         %rax, %rcx
	0x48, 0x83, 0xc1, 0x02, //0x000039d4 addq         $2, %rcx
	0x4c, 0x89, 0xda, //0x000039d8 movq         %r11, %rdx
	0x48, 0x29, 0xc2, //0x000039db subq         %rax, %rdx
	0x48, 0x83, 0xc2, 0xfe, //0x000039de addq         $-2, %rdx
	0x49, 0x83, 0xc3, 0xfe, //0x000039e2 addq         $-2, %r11
	0x49, 0x39, 0xc3, //0x000039e6 cmpq         %rax, %r11
	0x49, 0x89, 0xd3, //0x000039e9 movq         %rdx, %r11
	0x4c, 0x8b, 0x4c, 0x24, 0x50, //0x000039ec movq         $80(%rsp), %r9
	0x4c, 0x8b, 0x64, 0x24, 0x08, //0x000039f1 movq         $8(%rsp), %r12
	0xc4, 0x41, 0x35, 0x76, 0xc9, //0x000039f6 vpcmpeqd     %ymm9, %ymm9, %ymm9
	0xc5, 0xfe, 0x6f, 0x25, 0x9d, 0xc8, 0xff, 0xff, //0x000039fb vmovdqu      $-14179(%rip), %ymm4  /* LCPI0_19+0(%rip) */
	0xc5, 0xfe, 0x6f, 0x1d, 0xb5, 0xc7, 0xff, 0xff, //0x00003a03 vmovdqu      $-14411(%rip), %ymm3  /* LCPI0_9+0(%rip) */
	0xc5, 0x7d, 0x6f, 0xd8, //0x00003a0b vmovdqa      %ymm0, %ymm11
	0x0f, 0x85, 0x65, 0xff, 0xff, 0xff, //0x00003a0f jne          LBB0_655
	0xe9, 0x78, 0x1c, 0x00, 0x00, //0x00003a15 jmp          LBB0_962
	//0x00003a1a LBB0_663
	0x48, 0x01, 0xc1, //0x00003a1a addq         %rax, %rcx
	0x48, 0x83, 0xc1, 0x01, //0x00003a1d addq         $1, %rcx
	//0x00003a21 LBB0_664
	0x4c, 0x29, 0xd1, //0x00003a21 subq         %r10, %rcx
	0x4c, 0x8b, 0x5c, 0x24, 0x18, //0x00003a24 movq         $24(%rsp), %r11
	0x48, 0x89, 0xdf, //0x00003a29 movq         %rbx, %rdi
	0xe9, 0x67, 0xdf, 0xff, 0xff, //0x00003a2c jmp          LBB0_296
	//0x00003a31 LBB0_659
	0x80, 0xfa, 0x22, //0x00003a31 cmpb         $34, %dl
	0x0f, 0x85, 0x58, 0x1c, 0x00, 0x00, //0x00003a34 jne          LBB0_962
	0xc5, 0x7d, 0x7f, 0xe1, //0x00003a3a vmovdqa      %ymm12, %ymm1
	0xc5, 0x7d, 0x7f, 0xd8, //0x00003a3e vmovdqa      %ymm11, %ymm0
	0xc4, 0x41, 0x7d, 0x6f, 0xdd, //0x00003a42 vmovdqa      %ymm13, %ymm11
	0x4c, 0x01, 0xd9, //0x00003a47 addq         %r11, %rcx
	0x4c, 0x8b, 0x4c, 0x24, 0x50, //0x00003a4a movq         $80(%rsp), %r9
	0x4c, 0x8b, 0x64, 0x24, 0x08, //0x00003a4f movq         $8(%rsp), %r12
	0xc4, 0x41, 0x35, 0x76, 0xc9, //0x00003a54 vpcmpeqd     %ymm9, %ymm9, %ymm9
	0xc5, 0xfe, 0x6f, 0x25, 0x3f, 0xc8, 0xff, 0xff, //0x00003a59 vmovdqu      $-14273(%rip), %ymm4  /* LCPI0_19+0(%rip) */
	0xc5, 0xfe, 0x6f, 0x1d, 0x57, 0xc7, 0xff, 0xff, //0x00003a61 vmovdqu      $-14505(%rip), %ymm3  /* LCPI0_9+0(%rip) */
	0xc5, 0x7d, 0x6f, 0xd8, //0x00003a69 vmovdqa      %ymm0, %ymm11
	0xe9, 0xaf, 0xff, 0xff, 0xff, //0x00003a6d jmp          LBB0_664
	//0x00003a72 LBB0_665
	0x49, 0x8d, 0x49, 0xff, //0x00003a72 leaq         $-1(%r9), %rcx
	0x4c, 0x39, 0xf1, //0x00003a76 cmpq         %r14, %rcx
	0x0f, 0x84, 0x9b, 0x19, 0x00, 0x00, //0x00003a79 je           LBB0_949
	0xc5, 0x7d, 0x7f, 0xe1, //0x00003a7f vmovdqa      %ymm12, %ymm1
	0xc5, 0x7d, 0x7f, 0xd8, //0x00003a83 vmovdqa      %ymm11, %ymm0
	0xc4, 0x41, 0x7d, 0x6f, 0xdd, //0x00003a87 vmovdqa      %ymm13, %ymm11
	0x4b, 0x8d, 0x0c, 0x06, //0x00003a8c leaq         (%r14,%r8), %rcx
	0x48, 0x83, 0xc1, 0x02, //0x00003a90 addq         $2, %rcx
	0x4d, 0x29, 0xf1, //0x00003a94 subq         %r14, %r9
	0x49, 0x83, 0xc1, 0xfe, //0x00003a97 addq         $-2, %r9
	0x4d, 0x89, 0xce, //0x00003a9b movq         %r9, %r14
	0x4c, 0x8b, 0x5c, 0x24, 0x18, //0x00003a9e movq         $24(%rsp), %r11
	0x4c, 0x8b, 0x64, 0x24, 0x08, //0x00003aa3 movq         $8(%rsp), %r12
	0x4c, 0x8b, 0x44, 0x24, 0x30, //0x00003aa8 movq         $48(%rsp), %r8
	0xc4, 0x41, 0x35, 0x76, 0xc9, //0x00003aad vpcmpeqd     %ymm9, %ymm9, %ymm9
	0xc5, 0xfe, 0x6f, 0x25, 0xe6, 0xc7, 0xff, 0xff, //0x00003ab2 vmovdqu      $-14362(%rip), %ymm4  /* LCPI0_19+0(%rip) */
	0xc5, 0xfe, 0x6f, 0x1d, 0xfe, 0xc6, 0xff, 0xff, //0x00003aba vmovdqu      $-14594(%rip), %ymm3  /* LCPI0_9+0(%rip) */
	0xc5, 0x7d, 0x6f, 0xd8, //0x00003ac2 vmovdqa      %ymm0, %ymm11
	0xe9, 0x34, 0xf8, 0xff, 0xff, //0x00003ac6 jmp          LBB0_194
	//0x00003acb LBB0_667
	0xc5, 0x7d, 0x7f, 0xe2, //0x00003acb vmovdqa      %ymm12, %ymm2
	0xc5, 0x7d, 0x7f, 0xd9, //0x00003acf vmovdqa      %ymm11, %ymm1
	0xc4, 0x41, 0x7d, 0x6f, 0xdd, //0x00003ad3 vmovdqa      %ymm13, %ymm11
	0xc4, 0x41, 0x7d, 0x6f, 0xe7, //0x00003ad8 vmovdqa      %ymm15, %ymm12
	0x49, 0x89, 0xff, //0x00003add movq         %rdi, %r15
	0x48, 0x83, 0xff, 0xff, //0x00003ae0 cmpq         $-1, %rdi
	0x0f, 0x85, 0x27, 0x00, 0x00, 0x00, //0x00003ae4 jne          LBB0_670
	0x4c, 0x89, 0xf2, //0x00003aea movq         %r14, %rdx
	0x4c, 0x29, 0xd2, //0x00003aed subq         %r10, %rdx
	0x4c, 0x0f, 0xbc, 0xf8, //0x00003af0 bsfq         %rax, %r15
	0x49, 0x01, 0xd7, //0x00003af4 addq         %rdx, %r15
	0xe9, 0x15, 0x00, 0x00, 0x00, //0x00003af7 jmp          LBB0_670
	//0x00003afc LBB0_669
	0x49, 0x89, 0xff, //0x00003afc movq         %rdi, %r15
	0xc5, 0x7d, 0x7f, 0xe2, //0x00003aff vmovdqa      %ymm12, %ymm2
	0xc5, 0x7d, 0x7f, 0xd9, //0x00003b03 vmovdqa      %ymm11, %ymm1
	0xc4, 0x41, 0x7d, 0x6f, 0xdd, //0x00003b07 vmovdqa      %ymm13, %ymm11
	0xc4, 0x41, 0x7d, 0x6f, 0xe7, //0x00003b0c vmovdqa      %ymm15, %ymm12
	//0x00003b11 LBB0_670
	0x44, 0x89, 0xdf, //0x00003b11 movl         %r11d, %edi
	0xf7, 0xd7, //0x00003b14 notl         %edi
	0x21, 0xc7, //0x00003b16 andl         %eax, %edi
	0x8d, 0x14, 0x3f, //0x00003b18 leal         (%rdi,%rdi), %edx
	0x41, 0x8d, 0x34, 0x7b, //0x00003b1b leal         (%r11,%rdi,2), %esi
	0xf7, 0xd2, //0x00003b1f notl         %edx
	0x21, 0xc2, //0x00003b21 andl         %eax, %edx
	0x81, 0xe2, 0xaa, 0xaa, 0xaa, 0xaa, //0x00003b23 andl         $-1431655766, %edx
	0x45, 0x31, 0xdb, //0x00003b29 xorl         %r11d, %r11d
	0x01, 0xfa, //0x00003b2c addl         %edi, %edx
	0x41, 0x0f, 0x92, 0xc3, //0x00003b2e setb         %r11b
	0x01, 0xd2, //0x00003b32 addl         %edx, %edx
	0x81, 0xf2, 0x55, 0x55, 0x55, 0x55, //0x00003b34 xorl         $1431655765, %edx
	0x21, 0xf2, //0x00003b3a andl         %esi, %edx
	0xf7, 0xd2, //0x00003b3c notl         %edx
	0x21, 0xd3, //0x00003b3e andl         %edx, %ebx
	0x48, 0x89, 0xfa, //0x00003b40 movq         %rdi, %rdx
	0xc4, 0x41, 0x35, 0x76, 0xc9, //0x00003b43 vpcmpeqd     %ymm9, %ymm9, %ymm9
	0xc4, 0x41, 0x7d, 0x6f, 0xfc, //0x00003b48 vmovdqa      %ymm12, %ymm15
	0xc4, 0x41, 0x7d, 0x6f, 0xeb, //0x00003b4d vmovdqa      %ymm11, %ymm13
	0xc5, 0xfe, 0x6f, 0x25, 0x46, 0xc7, 0xff, 0xff, //0x00003b52 vmovdqu      $-14522(%rip), %ymm4  /* LCPI0_19+0(%rip) */
	0xc5, 0xfe, 0x6f, 0x1d, 0x5e, 0xc6, 0xff, 0xff, //0x00003b5a vmovdqu      $-14754(%rip), %ymm3  /* LCPI0_9+0(%rip) */
	0xc5, 0x7d, 0x6f, 0xd9, //0x00003b62 vmovdqa      %ymm1, %ymm11
	0xc5, 0x7d, 0x6f, 0xe2, //0x00003b66 vmovdqa      %ymm2, %ymm12
	0x4c, 0x89, 0xff, //0x00003b6a movq         %r15, %rdi
	0x48, 0x85, 0xdb, //0x00003b6d testq        %rbx, %rbx
	0x48, 0x89, 0x7c, 0x24, 0x10, //0x00003b70 movq         %rdi, $16(%rsp)
	0x0f, 0x85, 0x5a, 0xf7, 0xff, 0xff, //0x00003b75 jne          LBB0_217
	//0x00003b7b LBB0_671
	0x41, 0xbf, 0x40, 0x00, 0x00, 0x00, //0x00003b7b movl         $64, %r15d
	//0x00003b81 LBB0_672
	0xc5, 0xbd, 0x64, 0xc8, //0x00003b81 vpcmpgtb     %ymm0, %ymm8, %ymm1
	0xc4, 0xc1, 0x7d, 0x64, 0xc1, //0x00003b85 vpcmpgtb     %ymm9, %ymm0, %ymm0
	0xc5, 0xf5, 0xdb, 0xc0, //0x00003b8a vpand        %ymm0, %ymm1, %ymm0
	0xc5, 0x7d, 0xd7, 0xe0, //0x00003b8e vpmovmskb    %ymm0, %r12d
	0x41, 0x0f, 0xbc, 0xc4, //0x00003b92 bsfl         %r12d, %eax
	0x89, 0x44, 0x24, 0x48, //0x00003b96 movl         %eax, $72(%rsp)
	0x89, 0xc7, //0x00003b9a movl         %eax, %edi
	0xb8, 0x40, 0x00, 0x00, 0x00, //0x00003b9c movl         $64, %eax
	0x0f, 0x44, 0xf8, //0x00003ba1 cmovel       %eax, %edi
	0x4c, 0x89, 0xf6, //0x00003ba4 movq         %r14, %rsi
	0x4c, 0x29, 0xd6, //0x00003ba7 subq         %r10, %rsi
	0x48, 0x85, 0xd2, //0x00003baa testq        %rdx, %rdx
	0x0f, 0x85, 0x88, 0x0e, 0x00, 0x00, //0x00003bad jne          LBB0_826
	//0x00003bb3 LBB0_673
	0x48, 0x85, 0xdb, //0x00003bb3 testq        %rbx, %rbx
	0x0f, 0x84, 0x2a, 0x00, 0x00, 0x00, //0x00003bb6 je           LBB0_676
	0x49, 0x39, 0xff, //0x00003bbc cmpq         %rdi, %r15
	0x0f, 0x87, 0x58, 0x1a, 0x00, 0x00, //0x00003bbf ja           LBB0_952
	0x4a, 0x8d, 0x0c, 0x3e, //0x00003bc5 leaq         (%rsi,%r15), %rcx
	0x48, 0x83, 0xc1, 0x01, //0x00003bc9 addq         $1, %rcx
	0x4c, 0x8b, 0x5c, 0x24, 0x18, //0x00003bcd movq         $24(%rsp), %r11
	0x4c, 0x8b, 0x4c, 0x24, 0x50, //0x00003bd2 movq         $80(%rsp), %r9
	0x4c, 0x8b, 0x64, 0x24, 0x08, //0x00003bd7 movq         $8(%rsp), %r12
	0x48, 0x8b, 0x7c, 0x24, 0x10, //0x00003bdc movq         $16(%rsp), %rdi
	0xe9, 0xb2, 0xdd, 0xff, 0xff, //0x00003be1 jmp          LBB0_296
	//0x00003be6 LBB0_676
	0x45, 0x85, 0xe4, //0x00003be6 testl        %r12d, %r12d
	0x0f, 0x85, 0x36, 0x1a, 0x00, 0x00, //0x00003be9 jne          LBB0_953
	0x49, 0x83, 0xc6, 0x20, //0x00003bef addq         $32, %r14
	0x49, 0x83, 0xc1, 0xe0, //0x00003bf3 addq         $-32, %r9
	0x48, 0x8b, 0x7c, 0x24, 0x10, //0x00003bf7 movq         $16(%rsp), %rdi
	//0x00003bfc LBB0_678
	0x4d, 0x85, 0xdb, //0x00003bfc testq        %r11, %r11
	0x4c, 0x8b, 0x64, 0x24, 0x08, //0x00003bff movq         $8(%rsp), %r12
	0x0f, 0x85, 0x18, 0x04, 0x00, 0x00, //0x00003c04 jne          LBB0_725
	0x48, 0x89, 0xfb, //0x00003c0a movq         %rdi, %rbx
	0x4c, 0x8b, 0x5c, 0x24, 0x18, //0x00003c0d movq         $24(%rsp), %r11
	//0x00003c12 LBB0_680
	0x4d, 0x85, 0xc9, //0x00003c12 testq        %r9, %r9
	0x0f, 0x84, 0x77, 0x1a, 0x00, 0x00, //0x00003c15 je           LBB0_962
	0x41, 0x0f, 0xb6, 0x06, //0x00003c1b movzbl       (%r14), %eax
	0x3c, 0x22, //0x00003c1f cmpb         $34, %al
	0x0f, 0x84, 0x1d, 0x00, 0x00, 0x00, //0x00003c21 je           LBB0_685
	0x3c, 0x5c, //0x00003c27 cmpb         $92, %al
	0x0f, 0x84, 0x34, 0x04, 0x00, 0x00, //0x00003c29 je           LBB0_727
	0x3c, 0x1f, //0x00003c2f cmpb         $31, %al
	0x0f, 0x86, 0x0c, 0x1a, 0x00, 0x00, //0x00003c31 jbe          LBB0_956
	0x49, 0x83, 0xc6, 0x01, //0x00003c37 addq         $1, %r14
	0x49, 0x83, 0xc1, 0xff, //0x00003c3b addq         $-1, %r9
	0xe9, 0xce, 0xff, 0xff, 0xff, //0x00003c3f jmp          LBB0_680
	//0x00003c44 LBB0_685
	0x4d, 0x29, 0xd6, //0x00003c44 subq         %r10, %r14
	0x49, 0x83, 0xc6, 0x01, //0x00003c47 addq         $1, %r14
	0x4c, 0x89, 0xf1, //0x00003c4b movq         %r14, %rcx
	0x4c, 0x8b, 0x4c, 0x24, 0x50, //0x00003c4e movq         $80(%rsp), %r9
	0xe9, 0x40, 0xdd, 0xff, 0xff, //0x00003c53 jmp          LBB0_296
	//0x00003c58 LBB0_686
	0xc5, 0x7d, 0x7f, 0xe1, //0x00003c58 vmovdqa      %ymm12, %ymm1
	0xc5, 0x7d, 0x7f, 0xd8, //0x00003c5c vmovdqa      %ymm11, %ymm0
	0xc4, 0x41, 0x7d, 0x6f, 0xdd, //0x00003c60 vmovdqa      %ymm13, %ymm11
	0xc4, 0x41, 0x7d, 0x6f, 0xe7, //0x00003c65 vmovdqa      %ymm15, %ymm12
	0x4d, 0x89, 0xfe, //0x00003c6a movq         %r15, %r14
	0x49, 0x83, 0xff, 0xff, //0x00003c6d cmpq         $-1, %r15
	0x0f, 0x85, 0x27, 0x00, 0x00, 0x00, //0x00003c71 jne          LBB0_689
	0x48, 0x89, 0xce, //0x00003c77 movq         %rcx, %rsi
	0x4c, 0x29, 0xd6, //0x00003c7a subq         %r10, %rsi
	0x4c, 0x0f, 0xbc, 0xf0, //0x00003c7d bsfq         %rax, %r14
	0x49, 0x01, 0xf6, //0x00003c81 addq         %rsi, %r14
	0xe9, 0x15, 0x00, 0x00, 0x00, //0x00003c84 jmp          LBB0_689
	//0x00003c89 LBB0_688
	0x4d, 0x89, 0xfe, //0x00003c89 movq         %r15, %r14
	0xc5, 0x7d, 0x7f, 0xe1, //0x00003c8c vmovdqa      %ymm12, %ymm1
	0xc5, 0x7d, 0x7f, 0xd8, //0x00003c90 vmovdqa      %ymm11, %ymm0
	0xc4, 0x41, 0x7d, 0x6f, 0xdd, //0x00003c94 vmovdqa      %ymm13, %ymm11
	0xc4, 0x41, 0x7d, 0x6f, 0xe7, //0x00003c99 vmovdqa      %ymm15, %ymm12
	//0x00003c9e LBB0_689
	0x44, 0x89, 0xc6, //0x00003c9e movl         %r8d, %esi
	0xf7, 0xd6, //0x00003ca1 notl         %esi
	0x21, 0xc6, //0x00003ca3 andl         %eax, %esi
	0x8d, 0x3c, 0x36, //0x00003ca5 leal         (%rsi,%rsi), %edi
	0x41, 0x8d, 0x1c, 0x70, //0x00003ca8 leal         (%r8,%rsi,2), %ebx
	0xf7, 0xd7, //0x00003cac notl         %edi
	0x21, 0xc7, //0x00003cae andl         %eax, %edi
	0x81, 0xe7, 0xaa, 0xaa, 0xaa, 0xaa, //0x00003cb0 andl         $-1431655766, %edi
	0x45, 0x31, 0xc0, //0x00003cb6 xorl         %r8d, %r8d
	0x01, 0xf7, //0x00003cb9 addl         %esi, %edi
	0x41, 0x0f, 0x92, 0xc0, //0x00003cbb setb         %r8b
	0x01, 0xff, //0x00003cbf addl         %edi, %edi
	0x81, 0xf7, 0x55, 0x55, 0x55, 0x55, //0x00003cc1 xorl         $1431655765, %edi
	0x21, 0xdf, //0x00003cc7 andl         %ebx, %edi
	0xf7, 0xd7, //0x00003cc9 notl         %edi
	0x21, 0xfa, //0x00003ccb andl         %edi, %edx
	0x4c, 0x8b, 0x64, 0x24, 0x08, //0x00003ccd movq         $8(%rsp), %r12
	0xc4, 0x41, 0x35, 0x76, 0xc9, //0x00003cd2 vpcmpeqd     %ymm9, %ymm9, %ymm9
	0xc4, 0x41, 0x7d, 0x6f, 0xfc, //0x00003cd7 vmovdqa      %ymm12, %ymm15
	0xc4, 0x41, 0x7d, 0x6f, 0xeb, //0x00003cdc vmovdqa      %ymm11, %ymm13
	0xc5, 0xfe, 0x6f, 0x25, 0xb7, 0xc5, 0xff, 0xff, //0x00003ce1 vmovdqu      $-14921(%rip), %ymm4  /* LCPI0_19+0(%rip) */
	0xc5, 0xfe, 0x6f, 0x1d, 0xcf, 0xc4, 0xff, 0xff, //0x00003ce9 vmovdqu      $-15153(%rip), %ymm3  /* LCPI0_9+0(%rip) */
	0xc5, 0x7d, 0x6f, 0xd8, //0x00003cf1 vmovdqa      %ymm0, %ymm11
	0xc5, 0x7d, 0x6f, 0xe1, //0x00003cf5 vmovdqa      %ymm1, %ymm12
	0x4d, 0x89, 0xf7, //0x00003cf9 movq         %r14, %r15
	0x48, 0x85, 0xd2, //0x00003cfc testq        %rdx, %rdx
	0x0f, 0x85, 0x5a, 0xf7, 0xff, 0xff, //0x00003cff jne          LBB0_144
	//0x00003d05 LBB0_690
	0x48, 0x83, 0xc1, 0x20, //0x00003d05 addq         $32, %rcx
	0x49, 0x83, 0xc3, 0xe0, //0x00003d09 addq         $-32, %r11
	//0x00003d0d LBB0_691
	0x4d, 0x85, 0xc0, //0x00003d0d testq        %r8, %r8
	0x0f, 0x85, 0xfa, 0x03, 0x00, 0x00, //0x00003d10 jne          LBB0_735
	0x4c, 0x89, 0xd7, //0x00003d16 movq         %r10, %rdi
	0x48, 0xf7, 0xd7, //0x00003d19 notq         %rdi
	0x4c, 0x89, 0xfe, //0x00003d1c movq         %r15, %rsi
	0x4c, 0x8b, 0x44, 0x24, 0x30, //0x00003d1f movq         $48(%rsp), %r8
	0x4d, 0x85, 0xdb, //0x00003d24 testq        %r11, %r11
	0x0f, 0x84, 0xab, 0x00, 0x00, 0x00, //0x00003d27 je           LBB0_703
	//0x00003d2d LBB0_693
	0x48, 0x83, 0xc7, 0x01, //0x00003d2d addq         $1, %rdi
	//0x00003d31 LBB0_694
	0x31, 0xc0, //0x00003d31 xorl         %eax, %eax
	//0x00003d33 LBB0_695
	0x0f, 0xb6, 0x14, 0x01, //0x00003d33 movzbl       (%rcx,%rax), %edx
	0x80, 0xfa, 0x22, //0x00003d37 cmpb         $34, %dl
	0x0f, 0x84, 0x91, 0x00, 0x00, 0x00, //0x00003d3a je           LBB0_702
	0x80, 0xfa, 0x5c, //0x00003d40 cmpb         $92, %dl
	0x0f, 0x84, 0x12, 0x00, 0x00, 0x00, //0x00003d43 je           LBB0_700
	0x48, 0x83, 0xc0, 0x01, //0x00003d49 addq         $1, %rax
	0x49, 0x39, 0xc3, //0x00003d4d cmpq         %rax, %r11
	0x0f, 0x85, 0xdd, 0xff, 0xff, 0xff, //0x00003d50 jne          LBB0_695
	0xe9, 0x8a, 0x00, 0x00, 0x00, //0x00003d56 jmp          LBB0_698
	//0x00003d5b LBB0_700
	0x49, 0x8d, 0x53, 0xff, //0x00003d5b leaq         $-1(%r11), %rdx
	0x48, 0x39, 0xc2, //0x00003d5f cmpq         %rax, %rdx
	0x0f, 0x84, 0x6c, 0x18, 0x00, 0x00, //0x00003d62 je           LBB0_284
	0xc5, 0x7d, 0x7f, 0xe1, //0x00003d68 vmovdqa      %ymm12, %ymm1
	0xc5, 0x7d, 0x7f, 0xd8, //0x00003d6c vmovdqa      %ymm11, %ymm0
	0xc4, 0x41, 0x7d, 0x6f, 0xdd, //0x00003d70 vmovdqa      %ymm13, %ymm11
	0x48, 0x8d, 0x14, 0x0f, //0x00003d75 leaq         (%rdi,%rcx), %rdx
	0x48, 0x01, 0xc2, //0x00003d79 addq         %rax, %rdx
	0x48, 0x83, 0xfe, 0xff, //0x00003d7c cmpq         $-1, %rsi
	0x4c, 0x0f, 0x44, 0xfa, //0x00003d80 cmoveq       %rdx, %r15
	0x48, 0x0f, 0x44, 0xf2, //0x00003d84 cmoveq       %rdx, %rsi
	0x48, 0x01, 0xc1, //0x00003d88 addq         %rax, %rcx
	0x48, 0x83, 0xc1, 0x02, //0x00003d8b addq         $2, %rcx
	0x4c, 0x89, 0xda, //0x00003d8f movq         %r11, %rdx
	0x48, 0x29, 0xc2, //0x00003d92 subq         %rax, %rdx
	0x48, 0x83, 0xc2, 0xfe, //0x00003d95 addq         $-2, %rdx
	0x49, 0x83, 0xc3, 0xfe, //0x00003d99 addq         $-2, %r11
	0x49, 0x39, 0xc3, //0x00003d9d cmpq         %rax, %r11
	0x49, 0x89, 0xd3, //0x00003da0 movq         %rdx, %r11
	0x4c, 0x8b, 0x64, 0x24, 0x08, //0x00003da3 movq         $8(%rsp), %r12
	0x4c, 0x8b, 0x44, 0x24, 0x30, //0x00003da8 movq         $48(%rsp), %r8
	0xc4, 0x41, 0x35, 0x76, 0xc9, //0x00003dad vpcmpeqd     %ymm9, %ymm9, %ymm9
	0xc5, 0xfe, 0x6f, 0x25, 0xe6, 0xc4, 0xff, 0xff, //0x00003db2 vmovdqu      $-15130(%rip), %ymm4  /* LCPI0_19+0(%rip) */
	0xc5, 0xfe, 0x6f, 0x1d, 0xfe, 0xc3, 0xff, 0xff, //0x00003dba vmovdqu      $-15362(%rip), %ymm3  /* LCPI0_9+0(%rip) */
	0xc5, 0x7d, 0x6f, 0xd8, //0x00003dc2 vmovdqa      %ymm0, %ymm11
	0x0f, 0x85, 0x65, 0xff, 0xff, 0xff, //0x00003dc6 jne          LBB0_694
	0xe9, 0x03, 0x18, 0x00, 0x00, //0x00003dcc jmp          LBB0_284
	//0x00003dd1 LBB0_702
	0x48, 0x01, 0xc1, //0x00003dd1 addq         %rax, %rcx
	0x48, 0x83, 0xc1, 0x01, //0x00003dd4 addq         $1, %rcx
	//0x00003dd8 LBB0_703
	0x4c, 0x29, 0xd1, //0x00003dd8 subq         %r10, %rcx
	0x4c, 0x8b, 0x5c, 0x24, 0x18, //0x00003ddb movq         $24(%rsp), %r11
	0xe9, 0x8a, 0xe3, 0xff, 0xff, //0x00003de0 jmp          LBB0_411
	//0x00003de5 LBB0_698
	0x80, 0xfa, 0x22, //0x00003de5 cmpb         $34, %dl
	0x0f, 0x85, 0xe6, 0x17, 0x00, 0x00, //0x00003de8 jne          LBB0_284
	0xc5, 0x7d, 0x7f, 0xe1, //0x00003dee vmovdqa      %ymm12, %ymm1
	0xc5, 0x7d, 0x7f, 0xd8, //0x00003df2 vmovdqa      %ymm11, %ymm0
	0xc4, 0x41, 0x7d, 0x6f, 0xdd, //0x00003df6 vmovdqa      %ymm13, %ymm11
	0x4c, 0x01, 0xd9, //0x00003dfb addq         %r11, %rcx
	0x4c, 0x8b, 0x64, 0x24, 0x08, //0x00003dfe movq         $8(%rsp), %r12
	0x4c, 0x8b, 0x44, 0x24, 0x30, //0x00003e03 movq         $48(%rsp), %r8
	0xc4, 0x41, 0x35, 0x76, 0xc9, //0x00003e08 vpcmpeqd     %ymm9, %ymm9, %ymm9
	0xc5, 0xfe, 0x6f, 0x25, 0x8b, 0xc4, 0xff, 0xff, //0x00003e0d vmovdqu      $-15221(%rip), %ymm4  /* LCPI0_19+0(%rip) */
	0xc5, 0xfe, 0x6f, 0x1d, 0xa3, 0xc3, 0xff, 0xff, //0x00003e15 vmovdqu      $-15453(%rip), %ymm3  /* LCPI0_9+0(%rip) */
	0xc5, 0x7d, 0x6f, 0xd8, //0x00003e1d vmovdqa      %ymm0, %ymm11
	0xe9, 0xb2, 0xff, 0xff, 0xff, //0x00003e21 jmp          LBB0_703
	//0x00003e26 LBB0_704
	0xc5, 0x7d, 0x7f, 0xe2, //0x00003e26 vmovdqa      %ymm12, %ymm2
	0xc5, 0x7d, 0x7f, 0xd9, //0x00003e2a vmovdqa      %ymm11, %ymm1
	0xc4, 0x41, 0x7d, 0x6f, 0xdd, //0x00003e2e vmovdqa      %ymm13, %ymm11
	0xc4, 0x41, 0x7d, 0x6f, 0xe7, //0x00003e33 vmovdqa      %ymm15, %ymm12
	0x48, 0x83, 0x7c, 0x24, 0x10, 0xff, //0x00003e38 cmpq         $-1, $16(%rsp)
	0x0f, 0x85, 0x29, 0x00, 0x00, 0x00, //0x00003e3e jne          LBB0_707
	0x4c, 0x89, 0xfa, //0x00003e44 movq         %r15, %rdx
	0x4c, 0x29, 0xd2, //0x00003e47 subq         %r10, %rdx
	0x48, 0x0f, 0xbc, 0xf0, //0x00003e4a bsfq         %rax, %rsi
	0x48, 0x01, 0xd6, //0x00003e4e addq         %rdx, %rsi
	0x48, 0x89, 0x74, 0x24, 0x10, //0x00003e51 movq         %rsi, $16(%rsp)
	0xe9, 0x12, 0x00, 0x00, 0x00, //0x00003e56 jmp          LBB0_707
	//0x00003e5b LBB0_706
	0xc5, 0x7d, 0x7f, 0xe2, //0x00003e5b vmovdqa      %ymm12, %ymm2
	0xc5, 0x7d, 0x7f, 0xd9, //0x00003e5f vmovdqa      %ymm11, %ymm1
	0xc4, 0x41, 0x7d, 0x6f, 0xdd, //0x00003e63 vmovdqa      %ymm13, %ymm11
	0xc4, 0x41, 0x7d, 0x6f, 0xe7, //0x00003e68 vmovdqa      %ymm15, %ymm12
	//0x00003e6d LBB0_707
	0x44, 0x89, 0xda, //0x00003e6d movl         %r11d, %edx
	0xf7, 0xd2, //0x00003e70 notl         %edx
	0x21, 0xc2, //0x00003e72 andl         %eax, %edx
	0x8d, 0x3c, 0x12, //0x00003e74 leal         (%rdx,%rdx), %edi
	0x41, 0x8d, 0x34, 0x53, //0x00003e77 leal         (%r11,%rdx,2), %esi
	0xf7, 0xd7, //0x00003e7b notl         %edi
	0x21, 0xc7, //0x00003e7d andl         %eax, %edi
	0x81, 0xe7, 0xaa, 0xaa, 0xaa, 0xaa, //0x00003e7f andl         $-1431655766, %edi
	0x45, 0x31, 0xdb, //0x00003e85 xorl         %r11d, %r11d
	0x01, 0xd7, //0x00003e88 addl         %edx, %edi
	0x41, 0x0f, 0x92, 0xc3, //0x00003e8a setb         %r11b
	0x01, 0xff, //0x00003e8e addl         %edi, %edi
	0x81, 0xf7, 0x55, 0x55, 0x55, 0x55, //0x00003e90 xorl         $1431655765, %edi
	0x21, 0xf7, //0x00003e96 andl         %esi, %edi
	0xf7, 0xd7, //0x00003e98 notl         %edi
	0x21, 0xfb, //0x00003e9a andl         %edi, %ebx
	0xc4, 0x41, 0x35, 0x76, 0xc9, //0x00003e9c vpcmpeqd     %ymm9, %ymm9, %ymm9
	0xc4, 0x41, 0x7d, 0x6f, 0xfc, //0x00003ea1 vmovdqa      %ymm12, %ymm15
	0xc4, 0x41, 0x7d, 0x6f, 0xeb, //0x00003ea6 vmovdqa      %ymm11, %ymm13
	0xc5, 0xfe, 0x6f, 0x25, 0xed, 0xc3, 0xff, 0xff, //0x00003eab vmovdqu      $-15379(%rip), %ymm4  /* LCPI0_19+0(%rip) */
	0xc5, 0xfe, 0x6f, 0x1d, 0x05, 0xc3, 0xff, 0xff, //0x00003eb3 vmovdqu      $-15611(%rip), %ymm3  /* LCPI0_9+0(%rip) */
	0xc5, 0x7d, 0x6f, 0xd9, //0x00003ebb vmovdqa      %ymm1, %ymm11
	0xc5, 0x7d, 0x6f, 0xe2, //0x00003ebf vmovdqa      %ymm2, %ymm12
	0x48, 0x85, 0xdb, //0x00003ec3 testq        %rbx, %rbx
	0x0f, 0x85, 0xae, 0xf8, 0xff, 0xff, //0x00003ec6 jne          LBB0_632
	//0x00003ecc LBB0_708
	0xb8, 0x40, 0x00, 0x00, 0x00, //0x00003ecc movl         $64, %eax
	//0x00003ed1 LBB0_709
	0x48, 0x89, 0x44, 0x24, 0x28, //0x00003ed1 movq         %rax, $40(%rsp)
	0xc5, 0xbd, 0x64, 0xc8, //0x00003ed6 vpcmpgtb     %ymm0, %ymm8, %ymm1
	0xc4, 0xc1, 0x7d, 0x64, 0xc1, //0x00003eda vpcmpgtb     %ymm9, %ymm0, %ymm0
	0xc5, 0xf5, 0xdb, 0xc0, //0x00003edf vpand        %ymm0, %ymm1, %ymm0
	0xc5, 0x7d, 0xd7, 0xc0, //0x00003ee3 vpmovmskb    %ymm0, %r8d
	0x41, 0x0f, 0xbc, 0xc0, //0x00003ee7 bsfl         %r8d, %eax
	0x89, 0x44, 0x24, 0x48, //0x00003eeb movl         %eax, $72(%rsp)
	0x89, 0xc7, //0x00003eef movl         %eax, %edi
	0xb8, 0x40, 0x00, 0x00, 0x00, //0x00003ef1 movl         $64, %eax
	0x0f, 0x44, 0xf8, //0x00003ef6 cmovel       %eax, %edi
	0x4c, 0x89, 0xfe, //0x00003ef9 movq         %r15, %rsi
	0x4c, 0x29, 0xd6, //0x00003efc subq         %r10, %rsi
	0x48, 0x85, 0xd2, //0x00003eff testq        %rdx, %rdx
	0x0f, 0x85, 0xd8, 0x0f, 0x00, 0x00, //0x00003f02 jne          LBB0_870
	//0x00003f08 LBB0_710
	0x48, 0x85, 0xdb, //0x00003f08 testq        %rbx, %rbx
	0x0f, 0x84, 0x2f, 0x00, 0x00, 0x00, //0x00003f0b je           LBB0_713
	0x48, 0x8b, 0x44, 0x24, 0x28, //0x00003f11 movq         $40(%rsp), %rax
	0x48, 0x39, 0xf8, //0x00003f16 cmpq         %rdi, %rax
	0x0f, 0x87, 0x1c, 0x17, 0x00, 0x00, //0x00003f19 ja           LBB0_955
	0x48, 0x8d, 0x0c, 0x06, //0x00003f1f leaq         (%rsi,%rax), %rcx
	0x48, 0x83, 0xc1, 0x01, //0x00003f23 addq         $1, %rcx
	0x4c, 0x8b, 0x5c, 0x24, 0x18, //0x00003f27 movq         $24(%rsp), %r11
	0x4c, 0x8b, 0x64, 0x24, 0x08, //0x00003f2c movq         $8(%rsp), %r12
	0x4c, 0x8b, 0x44, 0x24, 0x30, //0x00003f31 movq         $48(%rsp), %r8
	0x4c, 0x8b, 0x7c, 0x24, 0x10, //0x00003f36 movq         $16(%rsp), %r15
	0xe9, 0x2f, 0xe2, 0xff, 0xff, //0x00003f3b jmp          LBB0_411
	//0x00003f40 LBB0_713
	0x45, 0x85, 0xc0, //0x00003f40 testl        %r8d, %r8d
	0x0f, 0x85, 0x0c, 0x17, 0x00, 0x00, //0x00003f43 jne          LBB0_957
	0x49, 0x83, 0xc7, 0x20, //0x00003f49 addq         $32, %r15
	0x49, 0x83, 0xc4, 0xe0, //0x00003f4d addq         $-32, %r12
	0x4c, 0x8b, 0x44, 0x24, 0x30, //0x00003f51 movq         $48(%rsp), %r8
	//0x00003f56 LBB0_715
	0x4d, 0x85, 0xdb, //0x00003f56 testq        %r11, %r11
	0x0f, 0x85, 0x1f, 0x02, 0x00, 0x00, //0x00003f59 jne          LBB0_737
	0x48, 0x8b, 0x5c, 0x24, 0x10, //0x00003f5f movq         $16(%rsp), %rbx
	0x4c, 0x8b, 0x5c, 0x24, 0x18, //0x00003f64 movq         $24(%rsp), %r11
	//0x00003f69 LBB0_717
	0x4d, 0x85, 0xe4, //0x00003f69 testq        %r12, %r12
	0x0f, 0x84, 0x62, 0x16, 0x00, 0x00, //0x00003f6c je           LBB0_284
	0x41, 0x0f, 0xb6, 0x07, //0x00003f72 movzbl       (%r15), %eax
	0x3c, 0x22, //0x00003f76 cmpb         $34, %al
	0x0f, 0x84, 0x1d, 0x00, 0x00, 0x00, //0x00003f78 je           LBB0_722
	0x3c, 0x5c, //0x00003f7e cmpb         $92, %al
	0x0f, 0x84, 0x3d, 0x02, 0x00, 0x00, //0x00003f80 je           LBB0_739
	0x3c, 0x1f, //0x00003f86 cmpb         $31, %al
	0x0f, 0x86, 0xdd, 0x16, 0x00, 0x00, //0x00003f88 jbe          LBB0_959
	0x49, 0x83, 0xc7, 0x01, //0x00003f8e addq         $1, %r15
	0x49, 0x83, 0xc4, 0xff, //0x00003f92 addq         $-1, %r12
	0xe9, 0xce, 0xff, 0xff, 0xff, //0x00003f96 jmp          LBB0_717
	//0x00003f9b LBB0_722
	0x4d, 0x29, 0xd7, //0x00003f9b subq         %r10, %r15
	0x49, 0x83, 0xc7, 0x01, //0x00003f9e addq         $1, %r15
	0x4c, 0x89, 0xf9, //0x00003fa2 movq         %r15, %rcx
	0x4c, 0x8b, 0x64, 0x24, 0x08, //0x00003fa5 movq         $8(%rsp), %r12
	0x4c, 0x8b, 0x7c, 0x24, 0x10, //0x00003faa movq         $16(%rsp), %r15
	0xe9, 0xbb, 0xe1, 0xff, 0xff, //0x00003faf jmp          LBB0_411
	//0x00003fb4 LBB0_723
	0x4d, 0x85, 0xdb, //0x00003fb4 testq        %r11, %r11
	0x0f, 0x84, 0xd5, 0x16, 0x00, 0x00, //0x00003fb7 je           LBB0_962
	0xc5, 0x7d, 0x7f, 0xe1, //0x00003fbd vmovdqa      %ymm12, %ymm1
	0xc5, 0x7d, 0x7f, 0xd8, //0x00003fc1 vmovdqa      %ymm11, %ymm0
	0xc4, 0x41, 0x7d, 0x6f, 0xdd, //0x00003fc5 vmovdqa      %ymm13, %ymm11
	0x4c, 0x89, 0xd7, //0x00003fca movq         %r10, %rdi
	0x48, 0xf7, 0xd7, //0x00003fcd notq         %rdi
	0x48, 0x8d, 0x04, 0x39, //0x00003fd0 leaq         (%rcx,%rdi), %rax
	0x48, 0x89, 0xda, //0x00003fd4 movq         %rbx, %rdx
	0x48, 0x83, 0xfb, 0xff, //0x00003fd7 cmpq         $-1, %rbx
	0x48, 0x89, 0xde, //0x00003fdb movq         %rbx, %rsi
	0x48, 0x0f, 0x44, 0xd0, //0x00003fde cmoveq       %rax, %rdx
	0x48, 0x0f, 0x44, 0xf0, //0x00003fe2 cmoveq       %rax, %rsi
	0x48, 0x83, 0xc1, 0x01, //0x00003fe6 addq         $1, %rcx
	0x49, 0x83, 0xc3, 0xff, //0x00003fea addq         $-1, %r11
	0x48, 0x89, 0xd3, //0x00003fee movq         %rdx, %rbx
	0x4c, 0x8b, 0x4c, 0x24, 0x50, //0x00003ff1 movq         $80(%rsp), %r9
	0x4c, 0x8b, 0x64, 0x24, 0x08, //0x00003ff6 movq         $8(%rsp), %r12
	0xc4, 0x41, 0x35, 0x76, 0xc9, //0x00003ffb vpcmpeqd     %ymm9, %ymm9, %ymm9
	0xc5, 0xfe, 0x6f, 0x25, 0x98, 0xc2, 0xff, 0xff, //0x00004000 vmovdqu      $-15720(%rip), %ymm4  /* LCPI0_19+0(%rip) */
	0xc5, 0xfe, 0x6f, 0x1d, 0xb0, 0xc1, 0xff, 0xff, //0x00004008 vmovdqu      $-15952(%rip), %ymm3  /* LCPI0_9+0(%rip) */
	0xc5, 0x7d, 0x6f, 0xd8, //0x00004010 vmovdqa      %ymm0, %ymm11
	0x4d, 0x85, 0xdb, //0x00004014 testq        %r11, %r11
	0x0f, 0x85, 0x59, 0xf9, 0xff, 0xff, //0x00004017 jne          LBB0_654
	0xe9, 0xff, 0xf9, 0xff, 0xff, //0x0000401d jmp          LBB0_664
	//0x00004022 LBB0_725
	0x4d, 0x85, 0xc9, //0x00004022 testq        %r9, %r9
	0x0f, 0x84, 0x67, 0x16, 0x00, 0x00, //0x00004025 je           LBB0_962
	0xc5, 0x7d, 0x7f, 0xe1, //0x0000402b vmovdqa      %ymm12, %ymm1
	0xc5, 0x7d, 0x7f, 0xd8, //0x0000402f vmovdqa      %ymm11, %ymm0
	0xc4, 0x41, 0x7d, 0x6f, 0xdd, //0x00004033 vmovdqa      %ymm13, %ymm11
	0x4c, 0x89, 0xd3, //0x00004038 movq         %r10, %rbx
	0x48, 0xf7, 0xd3, //0x0000403b notq         %rbx
	0x4c, 0x01, 0xf3, //0x0000403e addq         %r14, %rbx
	0x48, 0x89, 0xf9, //0x00004041 movq         %rdi, %rcx
	0x48, 0x83, 0xff, 0xff, //0x00004044 cmpq         $-1, %rdi
	0x48, 0x89, 0xf8, //0x00004048 movq         %rdi, %rax
	0x48, 0x0f, 0x44, 0xc3, //0x0000404b cmoveq       %rbx, %rax
	0x48, 0x0f, 0x45, 0xdf, //0x0000404f cmovneq      %rdi, %rbx
	0x49, 0x83, 0xc6, 0x01, //0x00004053 addq         $1, %r14
	0x49, 0x83, 0xc1, 0xff, //0x00004057 addq         $-1, %r9
	0x48, 0x89, 0xc7, //0x0000405b movq         %rax, %rdi
	0xe9, 0x7c, 0x00, 0x00, 0x00, //0x0000405e jmp          LBB0_734
	//0x00004063 LBB0_727
	0x49, 0x83, 0xf9, 0x01, //0x00004063 cmpq         $1, %r9
	0x0f, 0x84, 0x25, 0x16, 0x00, 0x00, //0x00004067 je           LBB0_962
	0x4c, 0x89, 0xf0, //0x0000406d movq         %r14, %rax
	0x4c, 0x29, 0xd0, //0x00004070 subq         %r10, %rax
	0x48, 0x83, 0xfb, 0xff, //0x00004073 cmpq         $-1, %rbx
	0x48, 0x0f, 0x44, 0xf8, //0x00004077 cmoveq       %rax, %rdi
	0x48, 0x0f, 0x44, 0xd8, //0x0000407b cmoveq       %rax, %rbx
	0x48, 0x83, 0xc0, 0x01, //0x0000407f addq         $1, %rax
	0x4c, 0x89, 0xc1, //0x00004083 movq         %r8, %rcx
	0x48, 0x29, 0xc1, //0x00004086 subq         %rax, %rcx
	0x0f, 0x84, 0x03, 0x16, 0x00, 0x00, //0x00004089 je           LBB0_962
	0x49, 0x89, 0xc4, //0x0000408f movq         %rax, %r12
	0x41, 0x0f, 0xbe, 0x04, 0x02, //0x00004092 movsbl       (%r10,%rax), %eax
	0x83, 0xc0, 0xde, //0x00004097 addl         $-34, %eax
	0x83, 0xf8, 0x53, //0x0000409a cmpl         $83, %eax
	0x0f, 0x87, 0x06, 0x16, 0x00, 0x00, //0x0000409d ja           LBB0_964
	0xc5, 0x7d, 0x7f, 0xe1, //0x000040a3 vmovdqa      %ymm12, %ymm1
	0xc5, 0x7d, 0x7f, 0xd8, //0x000040a7 vmovdqa      %ymm11, %ymm0
	0xc4, 0x41, 0x7d, 0x6f, 0xdd, //0x000040ab vmovdqa      %ymm13, %ymm11
	0x48, 0x8d, 0x15, 0xb9, 0x1c, 0x00, 0x00, //0x000040b0 leaq         $7353(%rip), %rdx  /* LJTI0_6+0(%rip) */
	0x48, 0x63, 0x04, 0x82, //0x000040b7 movslq       (%rdx,%rax,4), %rax
	0x48, 0x01, 0xd0, //0x000040bb addq         %rdx, %rax
	0xff, 0xe0, //0x000040be jmpq         *%rax
	//0x000040c0 LBB0_731
	0x49, 0x8d, 0x4c, 0x24, 0x01, //0x000040c0 leaq         $1(%r12), %rcx
	//0x000040c5 LBB0_732
	0x48, 0x85, 0xc9, //0x000040c5 testq        %rcx, %rcx
	0x0f, 0x88, 0xb4, 0x15, 0x00, 0x00, //0x000040c8 js           LBB0_961
	0x4c, 0x29, 0xe1, //0x000040ce subq         %r12, %rcx
	0x48, 0x8d, 0x41, 0x01, //0x000040d1 leaq         $1(%rcx), %rax
	0x49, 0x29, 0xc1, //0x000040d5 subq         %rax, %r9
	0x49, 0x01, 0xce, //0x000040d8 addq         %rcx, %r14
	0x49, 0x83, 0xc6, 0x01, //0x000040db addq         $1, %r14
	//0x000040df LBB0_734
	0x4c, 0x8b, 0x5c, 0x24, 0x18, //0x000040df movq         $24(%rsp), %r11
	0x4c, 0x8b, 0x64, 0x24, 0x08, //0x000040e4 movq         $8(%rsp), %r12
	0xc4, 0x41, 0x35, 0x76, 0xc9, //0x000040e9 vpcmpeqd     %ymm9, %ymm9, %ymm9
	0xc4, 0x41, 0x7d, 0x6f, 0xeb, //0x000040ee vmovdqa      %ymm11, %ymm13
	0xc5, 0xfe, 0x6f, 0x25, 0xa5, 0xc1, 0xff, 0xff, //0x000040f3 vmovdqu      $-15963(%rip), %ymm4  /* LCPI0_19+0(%rip) */
	0xc5, 0xfe, 0x6f, 0x1d, 0xbd, 0xc0, 0xff, 0xff, //0x000040fb vmovdqu      $-16195(%rip), %ymm3  /* LCPI0_9+0(%rip) */
	0xc5, 0x7d, 0x6f, 0xd8, //0x00004103 vmovdqa      %ymm0, %ymm11
	0xc5, 0x7d, 0x6f, 0xe1, //0x00004107 vmovdqa      %ymm1, %ymm12
	0xe9, 0x02, 0xfb, 0xff, 0xff, //0x0000410b jmp          LBB0_680
	//0x00004110 LBB0_735
	0x4d, 0x85, 0xdb, //0x00004110 testq        %r11, %r11
	0x0f, 0x84, 0xbb, 0x14, 0x00, 0x00, //0x00004113 je           LBB0_284
	0xc5, 0x7d, 0x7f, 0xe1, //0x00004119 vmovdqa      %ymm12, %ymm1
	0xc5, 0x7d, 0x7f, 0xd8, //0x0000411d vmovdqa      %ymm11, %ymm0
	0xc4, 0x41, 0x7d, 0x6f, 0xdd, //0x00004121 vmovdqa      %ymm13, %ymm11
	0x4c, 0x89, 0xd7, //0x00004126 movq         %r10, %rdi
	0x48, 0xf7, 0xd7, //0x00004129 notq         %rdi
	0x48, 0x8d, 0x04, 0x39, //0x0000412c leaq         (%rcx,%rdi), %rax
	0x4c, 0x89, 0xfa, //0x00004130 movq         %r15, %rdx
	0x49, 0x83, 0xff, 0xff, //0x00004133 cmpq         $-1, %r15
	0x4c, 0x89, 0xfe, //0x00004137 movq         %r15, %rsi
	0x48, 0x0f, 0x44, 0xd0, //0x0000413a cmoveq       %rax, %rdx
	0x48, 0x0f, 0x44, 0xf0, //0x0000413e cmoveq       %rax, %rsi
	0x48, 0x83, 0xc1, 0x01, //0x00004142 addq         $1, %rcx
	0x49, 0x83, 0xc3, 0xff, //0x00004146 addq         $-1, %r11
	0x49, 0x89, 0xd7, //0x0000414a movq         %rdx, %r15
	0x4c, 0x8b, 0x64, 0x24, 0x08, //0x0000414d movq         $8(%rsp), %r12
	0x4c, 0x8b, 0x44, 0x24, 0x30, //0x00004152 movq         $48(%rsp), %r8
	0xc4, 0x41, 0x35, 0x76, 0xc9, //0x00004157 vpcmpeqd     %ymm9, %ymm9, %ymm9
	0xc5, 0xfe, 0x6f, 0x25, 0x3c, 0xc1, 0xff, 0xff, //0x0000415c vmovdqu      $-16068(%rip), %ymm4  /* LCPI0_19+0(%rip) */
	0xc5, 0xfe, 0x6f, 0x1d, 0x54, 0xc0, 0xff, 0xff, //0x00004164 vmovdqu      $-16300(%rip), %ymm3  /* LCPI0_9+0(%rip) */
	0xc5, 0x7d, 0x6f, 0xd8, //0x0000416c vmovdqa      %ymm0, %ymm11
	0x4d, 0x85, 0xdb, //0x00004170 testq        %r11, %r11
	0x0f, 0x85, 0xb4, 0xfb, 0xff, 0xff, //0x00004173 jne          LBB0_693
	0xe9, 0x5a, 0xfc, 0xff, 0xff, //0x00004179 jmp          LBB0_703
	//0x0000417e LBB0_737
	0x4d, 0x85, 0xe4, //0x0000417e testq        %r12, %r12
	0x0f, 0x84, 0x4d, 0x14, 0x00, 0x00, //0x00004181 je           LBB0_284
	0xc5, 0x7d, 0x7f, 0xe1, //0x00004187 vmovdqa      %ymm12, %ymm1
	0xc5, 0x7d, 0x7f, 0xd8, //0x0000418b vmovdqa      %ymm11, %ymm0
	0xc4, 0x41, 0x7d, 0x6f, 0xdd, //0x0000418f vmovdqa      %ymm13, %ymm11
	0x4c, 0x89, 0xd3, //0x00004194 movq         %r10, %rbx
	0x48, 0xf7, 0xd3, //0x00004197 notq         %rbx
	0x4c, 0x01, 0xfb, //0x0000419a addq         %r15, %rbx
	0x48, 0x8b, 0x4c, 0x24, 0x10, //0x0000419d movq         $16(%rsp), %rcx
	0x48, 0x83, 0xf9, 0xff, //0x000041a2 cmpq         $-1, %rcx
	0x48, 0x89, 0xc8, //0x000041a6 movq         %rcx, %rax
	0x48, 0x0f, 0x44, 0xc3, //0x000041a9 cmoveq       %rbx, %rax
	0x48, 0x0f, 0x45, 0xd9, //0x000041ad cmovneq      %rcx, %rbx
	0x49, 0x83, 0xc7, 0x01, //0x000041b1 addq         $1, %r15
	0x49, 0x83, 0xc4, 0xff, //0x000041b5 addq         $-1, %r12
	0x48, 0x89, 0x44, 0x24, 0x10, //0x000041b9 movq         %rax, $16(%rsp)
	0xe9, 0x85, 0x00, 0x00, 0x00, //0x000041be jmp          LBB0_746
	//0x000041c3 LBB0_739
	0x49, 0x83, 0xfc, 0x01, //0x000041c3 cmpq         $1, %r12
	0x0f, 0x84, 0x07, 0x14, 0x00, 0x00, //0x000041c7 je           LBB0_284
	0x4c, 0x89, 0xfa, //0x000041cd movq         %r15, %rdx
	0x4c, 0x29, 0xd2, //0x000041d0 subq         %r10, %rdx
	0x48, 0x83, 0xfb, 0xff, //0x000041d3 cmpq         $-1, %rbx
	0x48, 0x8b, 0x44, 0x24, 0x10, //0x000041d7 movq         $16(%rsp), %rax
	0x48, 0x0f, 0x44, 0xc2, //0x000041dc cmoveq       %rdx, %rax
	0x48, 0x89, 0x44, 0x24, 0x10, //0x000041e0 movq         %rax, $16(%rsp)
	0x48, 0x0f, 0x44, 0xda, //0x000041e5 cmoveq       %rdx, %rbx
	0x48, 0x83, 0xc2, 0x01, //0x000041e9 addq         $1, %rdx
	0x4c, 0x89, 0xc9, //0x000041ed movq         %r9, %rcx
	0x48, 0x29, 0xd1, //0x000041f0 subq         %rdx, %rcx
	0x0f, 0x84, 0xdb, 0x13, 0x00, 0x00, //0x000041f3 je           LBB0_284
	0x49, 0x89, 0xd6, //0x000041f9 movq         %rdx, %r14
	0x41, 0x0f, 0xbe, 0x04, 0x12, //0x000041fc movsbl       (%r10,%rdx), %eax
	0x83, 0xc0, 0xde, //0x00004201 addl         $-34, %eax
	0x83, 0xf8, 0x53, //0x00004204 cmpl         $83, %eax
	0x0f, 0x87, 0xaf, 0x14, 0x00, 0x00, //0x00004207 ja           LBB0_965
	0xc5, 0x7d, 0x7f, 0xe1, //0x0000420d vmovdqa      %ymm12, %ymm1
	0xc5, 0x7d, 0x7f, 0xd8, //0x00004211 vmovdqa      %ymm11, %ymm0
	0xc4, 0x41, 0x7d, 0x6f, 0xdd, //0x00004215 vmovdqa      %ymm13, %ymm11
	0x48, 0x8d, 0x15, 0x5f, 0x17, 0x00, 0x00, //0x0000421a leaq         $5983(%rip), %rdx  /* LJTI0_3+0(%rip) */
	0x48, 0x63, 0x04, 0x82, //0x00004221 movslq       (%rdx,%rax,4), %rax
	0x48, 0x01, 0xd0, //0x00004225 addq         %rdx, %rax
	0xff, 0xe0, //0x00004228 jmpq         *%rax
	//0x0000422a LBB0_743
	0x49, 0x8d, 0x4e, 0x01, //0x0000422a leaq         $1(%r14), %rcx
	//0x0000422e LBB0_744
	0x48, 0x85, 0xc9, //0x0000422e testq        %rcx, %rcx
	0x0f, 0x88, 0x88, 0x13, 0x00, 0x00, //0x00004231 js           LBB0_282
	0x4c, 0x29, 0xf1, //0x00004237 subq         %r14, %rcx
	0x48, 0x8d, 0x41, 0x01, //0x0000423a leaq         $1(%rcx), %rax
	0x49, 0x29, 0xc4, //0x0000423e subq         %rax, %r12
	0x49, 0x01, 0xcf, //0x00004241 addq         %rcx, %r15
	0x49, 0x83, 0xc7, 0x01, //0x00004244 addq         $1, %r15
	//0x00004248 LBB0_746
	0x4c, 0x8b, 0x5c, 0x24, 0x18, //0x00004248 movq         $24(%rsp), %r11
	0x4c, 0x8b, 0x44, 0x24, 0x30, //0x0000424d movq         $48(%rsp), %r8
	0xc4, 0x41, 0x35, 0x76, 0xc9, //0x00004252 vpcmpeqd     %ymm9, %ymm9, %ymm9
	0xc4, 0x41, 0x7d, 0x6f, 0xeb, //0x00004257 vmovdqa      %ymm11, %ymm13
	0xc5, 0xfe, 0x6f, 0x25, 0x3c, 0xc0, 0xff, 0xff, //0x0000425c vmovdqu      $-16324(%rip), %ymm4  /* LCPI0_19+0(%rip) */
	0xc5, 0xfe, 0x6f, 0x1d, 0x54, 0xbf, 0xff, 0xff, //0x00004264 vmovdqu      $-16556(%rip), %ymm3  /* LCPI0_9+0(%rip) */
	0xc5, 0x7d, 0x6f, 0xd8, //0x0000426c vmovdqa      %ymm0, %ymm11
	0xc5, 0x7d, 0x6f, 0xe1, //0x00004270 vmovdqa      %ymm1, %ymm12
	0xe9, 0xf0, 0xfc, 0xff, 0xff, //0x00004274 jmp          LBB0_717
	//0x00004279 LBB0_747
	0x49, 0x8d, 0x49, 0xff, //0x00004279 leaq         $-1(%r9), %rcx
	0x4c, 0x39, 0xf1, //0x0000427d cmpq         %r14, %rcx
	0x0f, 0x84, 0x94, 0x11, 0x00, 0x00, //0x00004280 je           LBB0_949
	0xc5, 0x7d, 0x7f, 0xe1, //0x00004286 vmovdqa      %ymm12, %ymm1
	0xc5, 0x7d, 0x7f, 0xd8, //0x0000428a vmovdqa      %ymm11, %ymm0
	0xc4, 0x41, 0x7d, 0x6f, 0xdd, //0x0000428e vmovdqa      %ymm13, %ymm11
	0x4b, 0x8d, 0x0c, 0x06, //0x00004293 leaq         (%r14,%r8), %rcx
	0x48, 0x83, 0xc1, 0x02, //0x00004297 addq         $2, %rcx
	0x4d, 0x29, 0xf1, //0x0000429b subq         %r14, %r9
	0x49, 0x83, 0xc1, 0xfe, //0x0000429e addq         $-2, %r9
	0x4d, 0x89, 0xce, //0x000042a2 movq         %r9, %r14
	0x4c, 0x8b, 0x5c, 0x24, 0x18, //0x000042a5 movq         $24(%rsp), %r11
	0x4c, 0x8b, 0x64, 0x24, 0x08, //0x000042aa movq         $8(%rsp), %r12
	0xc4, 0x41, 0x35, 0x76, 0xc9, //0x000042af vpcmpeqd     %ymm9, %ymm9, %ymm9
	0xc5, 0xfe, 0x6f, 0x25, 0xe4, 0xbf, 0xff, 0xff, //0x000042b4 vmovdqu      $-16412(%rip), %ymm4  /* LCPI0_19+0(%rip) */
	0xc5, 0xfe, 0x6f, 0x1d, 0xfc, 0xbe, 0xff, 0xff, //0x000042bc vmovdqu      $-16644(%rip), %ymm3  /* LCPI0_9+0(%rip) */
	0xc5, 0x7d, 0x6f, 0xd8, //0x000042c4 vmovdqa      %ymm0, %ymm11
	0xe9, 0xc3, 0xe2, 0xff, 0xff, //0x000042c8 jmp          LBB0_452
	//0x000042cd LBB0_749
	0xc5, 0x7d, 0x7f, 0xe1, //0x000042cd vmovdqa      %ymm12, %ymm1
	0xc5, 0x7d, 0x7f, 0xd8, //0x000042d1 vmovdqa      %ymm11, %ymm0
	0xc4, 0x41, 0x7d, 0x6f, 0xdd, //0x000042d5 vmovdqa      %ymm13, %ymm11
	0xc4, 0x41, 0x7d, 0x6f, 0xe7, //0x000042da vmovdqa      %ymm15, %ymm12
	0x4d, 0x89, 0xfe, //0x000042df movq         %r15, %r14
	0x49, 0x83, 0xff, 0xff, //0x000042e2 cmpq         $-1, %r15
	0x0f, 0x85, 0x27, 0x00, 0x00, 0x00, //0x000042e6 jne          LBB0_752
	0x48, 0x89, 0xce, //0x000042ec movq         %rcx, %rsi
	0x4c, 0x29, 0xd6, //0x000042ef subq         %r10, %rsi
	0x4c, 0x0f, 0xbc, 0xf0, //0x000042f2 bsfq         %rax, %r14
	0x49, 0x01, 0xf6, //0x000042f6 addq         %rsi, %r14
	0xe9, 0x15, 0x00, 0x00, 0x00, //0x000042f9 jmp          LBB0_752
	//0x000042fe LBB0_751
	0x4d, 0x89, 0xfe, //0x000042fe movq         %r15, %r14
	0xc5, 0x7d, 0x7f, 0xe1, //0x00004301 vmovdqa      %ymm12, %ymm1
	0xc5, 0x7d, 0x7f, 0xd8, //0x00004305 vmovdqa      %ymm11, %ymm0
	0xc4, 0x41, 0x7d, 0x6f, 0xdd, //0x00004309 vmovdqa      %ymm13, %ymm11
	0xc4, 0x41, 0x7d, 0x6f, 0xe7, //0x0000430e vmovdqa      %ymm15, %ymm12
	//0x00004313 LBB0_752
	0x44, 0x89, 0xc6, //0x00004313 movl         %r8d, %esi
	0xf7, 0xd6, //0x00004316 notl         %esi
	0x21, 0xc6, //0x00004318 andl         %eax, %esi
	0x8d, 0x3c, 0x36, //0x0000431a leal         (%rsi,%rsi), %edi
	0x41, 0x8d, 0x1c, 0x70, //0x0000431d leal         (%r8,%rsi,2), %ebx
	0xf7, 0xd7, //0x00004321 notl         %edi
	0x21, 0xc7, //0x00004323 andl         %eax, %edi
	0x81, 0xe7, 0xaa, 0xaa, 0xaa, 0xaa, //0x00004325 andl         $-1431655766, %edi
	0x45, 0x31, 0xc0, //0x0000432b xorl         %r8d, %r8d
	0x01, 0xf7, //0x0000432e addl         %esi, %edi
	0x41, 0x0f, 0x92, 0xc0, //0x00004330 setb         %r8b
	0x01, 0xff, //0x00004334 addl         %edi, %edi
	0x81, 0xf7, 0x55, 0x55, 0x55, 0x55, //0x00004336 xorl         $1431655765, %edi
	0x21, 0xdf, //0x0000433c andl         %ebx, %edi
	0xf7, 0xd7, //0x0000433e notl         %edi
	0x21, 0xfa, //0x00004340 andl         %edi, %edx
	0x4c, 0x8b, 0x64, 0x24, 0x08, //0x00004342 movq         $8(%rsp), %r12
	0xc4, 0x41, 0x35, 0x76, 0xc9, //0x00004347 vpcmpeqd     %ymm9, %ymm9, %ymm9
	0xc4, 0x41, 0x7d, 0x6f, 0xfc, //0x0000434c vmovdqa      %ymm12, %ymm15
	0xc4, 0x41, 0x7d, 0x6f, 0xeb, //0x00004351 vmovdqa      %ymm11, %ymm13
	0xc5, 0xfe, 0x6f, 0x25, 0x42, 0xbf, 0xff, 0xff, //0x00004356 vmovdqu      $-16574(%rip), %ymm4  /* LCPI0_19+0(%rip) */
	0xc5, 0xfe, 0x6f, 0x1d, 0x5a, 0xbe, 0xff, 0xff, //0x0000435e vmovdqu      $-16806(%rip), %ymm3  /* LCPI0_9+0(%rip) */
	0xc5, 0x7d, 0x6f, 0xd8, //0x00004366 vmovdqa      %ymm0, %ymm11
	0xc5, 0x7d, 0x6f, 0xe1, //0x0000436a vmovdqa      %ymm1, %ymm12
	0x4d, 0x89, 0xf7, //0x0000436e movq         %r14, %r15
	0xc5, 0x7d, 0x7f, 0xea, //0x00004371 vmovdqa      %ymm13, %ymm2
	0x48, 0x85, 0xd2, //0x00004375 testq        %rdx, %rdx
	0x0f, 0x85, 0xaa, 0xf2, 0xff, 0xff, //0x00004378 jne          LBB0_317
	//0x0000437e LBB0_753
	0xc5, 0x7d, 0x7f, 0xe1, //0x0000437e vmovdqa      %ymm12, %ymm1
	0xc5, 0x7d, 0x7f, 0xd8, //0x00004382 vmovdqa      %ymm11, %ymm0
	0xc5, 0x7d, 0x6f, 0xda, //0x00004386 vmovdqa      %ymm2, %ymm11
	0x48, 0x83, 0xc1, 0x20, //0x0000438a addq         $32, %rcx
	0x49, 0x83, 0xc3, 0xe0, //0x0000438e addq         $-32, %r11
	//0x00004392 LBB0_754
	0x4d, 0x85, 0xc0, //0x00004392 testq        %r8, %r8
	0x0f, 0x85, 0xe8, 0x08, 0x00, 0x00, //0x00004395 jne          LBB0_849
	0x4c, 0x89, 0xd7, //0x0000439b movq         %r10, %rdi
	0x48, 0xf7, 0xd7, //0x0000439e notq         %rdi
	0x4c, 0x89, 0xfe, //0x000043a1 movq         %r15, %rsi
	0x4d, 0x85, 0xdb, //0x000043a4 testq        %r11, %r11
	0x0f, 0x84, 0x7b, 0x00, 0x00, 0x00, //0x000043a7 je           LBB0_766
	//0x000043ad LBB0_756
	0x48, 0x83, 0xc7, 0x01, //0x000043ad addq         $1, %rdi
	//0x000043b1 LBB0_757
	0x31, 0xc0, //0x000043b1 xorl         %eax, %eax
	//0x000043b3 LBB0_758
	0x0f, 0xb6, 0x14, 0x01, //0x000043b3 movzbl       (%rcx,%rax), %edx
	0x80, 0xfa, 0x22, //0x000043b7 cmpb         $34, %dl
	0x0f, 0x84, 0x61, 0x00, 0x00, 0x00, //0x000043ba je           LBB0_765
	0x80, 0xfa, 0x5c, //0x000043c0 cmpb         $92, %dl
	0x0f, 0x84, 0x12, 0x00, 0x00, 0x00, //0x000043c3 je           LBB0_763
	0x48, 0x83, 0xc0, 0x01, //0x000043c9 addq         $1, %rax
	0x49, 0x39, 0xc3, //0x000043cd cmpq         %rax, %r11
	0x0f, 0x85, 0xdd, 0xff, 0xff, 0xff, //0x000043d0 jne          LBB0_758
	0xe9, 0x85, 0x00, 0x00, 0x00, //0x000043d6 jmp          LBB0_761
	//0x000043db LBB0_763
	0x49, 0x8d, 0x53, 0xff, //0x000043db leaq         $-1(%r11), %rdx
	0x48, 0x39, 0xc2, //0x000043df cmpq         %rax, %rdx
	0x0f, 0x84, 0xec, 0x11, 0x00, 0x00, //0x000043e2 je           LBB0_284
	0x48, 0x8d, 0x14, 0x0f, //0x000043e8 leaq         (%rdi,%rcx), %rdx
	0x48, 0x01, 0xc2, //0x000043ec addq         %rax, %rdx
	0x48, 0x83, 0xfe, 0xff, //0x000043ef cmpq         $-1, %rsi
	0x4c, 0x0f, 0x44, 0xfa, //0x000043f3 cmoveq       %rdx, %r15
	0x48, 0x0f, 0x44, 0xf2, //0x000043f7 cmoveq       %rdx, %rsi
	0x48, 0x01, 0xc1, //0x000043fb addq         %rax, %rcx
	0x48, 0x83, 0xc1, 0x02, //0x000043fe addq         $2, %rcx
	0x4c, 0x89, 0xda, //0x00004402 movq         %r11, %rdx
	0x48, 0x29, 0xc2, //0x00004405 subq         %rax, %rdx
	0x48, 0x83, 0xc2, 0xfe, //0x00004408 addq         $-2, %rdx
	0x49, 0x83, 0xc3, 0xfe, //0x0000440c addq         $-2, %r11
	0x49, 0x39, 0xc3, //0x00004410 cmpq         %rax, %r11
	0x49, 0x89, 0xd3, //0x00004413 movq         %rdx, %r11
	0x0f, 0x85, 0x95, 0xff, 0xff, 0xff, //0x00004416 jne          LBB0_757
	0xe9, 0xb3, 0x11, 0x00, 0x00, //0x0000441c jmp          LBB0_284
	//0x00004421 LBB0_765
	0x48, 0x01, 0xc1, //0x00004421 addq         %rax, %rcx
	0x48, 0x83, 0xc1, 0x01, //0x00004424 addq         $1, %rcx
	//0x00004428 LBB0_766
	0x4c, 0x29, 0xd1, //0x00004428 subq         %r10, %rcx
	0x4c, 0x8b, 0x5c, 0x24, 0x18, //0x0000442b movq         $24(%rsp), %r11
	0x4c, 0x8b, 0x64, 0x24, 0x08, //0x00004430 movq         $8(%rsp), %r12
	0x4c, 0x8b, 0x44, 0x24, 0x30, //0x00004435 movq         $48(%rsp), %r8
	0xc4, 0x41, 0x35, 0x76, 0xc9, //0x0000443a vpcmpeqd     %ymm9, %ymm9, %ymm9
	0xc5, 0x7d, 0x7f, 0xda, //0x0000443f vmovdqa      %ymm11, %ymm2
	0xc5, 0xfe, 0x6f, 0x25, 0x55, 0xbe, 0xff, 0xff, //0x00004443 vmovdqu      $-16811(%rip), %ymm4  /* LCPI0_19+0(%rip) */
	0xc5, 0xfe, 0x6f, 0x1d, 0x6d, 0xbd, 0xff, 0xff, //0x0000444b vmovdqu      $-17043(%rip), %ymm3  /* LCPI0_9+0(%rip) */
	0xc5, 0x7d, 0x6f, 0xd8, //0x00004453 vmovdqa      %ymm0, %ymm11
	0xc5, 0x7d, 0x6f, 0xe1, //0x00004457 vmovdqa      %ymm1, %ymm12
	0xe9, 0x5a, 0xeb, 0xff, 0xff, //0x0000445b jmp          LBB0_553
	//0x00004460 LBB0_761
	0x80, 0xfa, 0x22, //0x00004460 cmpb         $34, %dl
	0x0f, 0x85, 0x6b, 0x11, 0x00, 0x00, //0x00004463 jne          LBB0_284
	0x4c, 0x01, 0xd9, //0x00004469 addq         %r11, %rcx
	0xe9, 0xb7, 0xff, 0xff, 0xff, //0x0000446c jmp          LBB0_766
	//0x00004471 LBB0_767
	0xc5, 0x7d, 0x7f, 0xe1, //0x00004471 vmovdqa      %ymm12, %ymm1
	0xc5, 0x7d, 0x7f, 0xd8, //0x00004475 vmovdqa      %ymm11, %ymm0
	0xc4, 0x41, 0x7d, 0x6f, 0xdd, //0x00004479 vmovdqa      %ymm13, %ymm11
	0xc4, 0x41, 0x7d, 0x6f, 0xe7, //0x0000447e vmovdqa      %ymm15, %ymm12
	0xe9, 0x41, 0x01, 0x00, 0x00, //0x00004483 jmp          LBB0_779
	//0x00004488 LBB0_768
	0xc5, 0x7d, 0x7f, 0xe2, //0x00004488 vmovdqa      %ymm12, %ymm2
	0xc5, 0x7d, 0x7f, 0xd9, //0x0000448c vmovdqa      %ymm11, %ymm1
	0xc4, 0x41, 0x7d, 0x6f, 0xdd, //0x00004490 vmovdqa      %ymm13, %ymm11
	0xc4, 0x41, 0x7d, 0x6f, 0xe7, //0x00004495 vmovdqa      %ymm15, %ymm12
	0x48, 0x83, 0x7c, 0x24, 0x10, 0xff, //0x0000449a cmpq         $-1, $16(%rsp)
	0x0f, 0x85, 0x29, 0x00, 0x00, 0x00, //0x000044a0 jne          LBB0_771
	0x4c, 0x89, 0xfa, //0x000044a6 movq         %r15, %rdx
	0x4c, 0x29, 0xd2, //0x000044a9 subq         %r10, %rdx
	0x48, 0x0f, 0xbc, 0xf0, //0x000044ac bsfq         %rax, %rsi
	0x48, 0x01, 0xd6, //0x000044b0 addq         %rdx, %rsi
	0x48, 0x89, 0x74, 0x24, 0x10, //0x000044b3 movq         %rsi, $16(%rsp)
	0xe9, 0x12, 0x00, 0x00, 0x00, //0x000044b8 jmp          LBB0_771
	//0x000044bd LBB0_770
	0xc5, 0x7d, 0x7f, 0xe2, //0x000044bd vmovdqa      %ymm12, %ymm2
	0xc5, 0x7d, 0x7f, 0xd9, //0x000044c1 vmovdqa      %ymm11, %ymm1
	0xc4, 0x41, 0x7d, 0x6f, 0xdd, //0x000044c5 vmovdqa      %ymm13, %ymm11
	0xc4, 0x41, 0x7d, 0x6f, 0xe7, //0x000044ca vmovdqa      %ymm15, %ymm12
	//0x000044cf LBB0_771
	0x44, 0x89, 0xda, //0x000044cf movl         %r11d, %edx
	0xf7, 0xd2, //0x000044d2 notl         %edx
	0x21, 0xc2, //0x000044d4 andl         %eax, %edx
	0x8d, 0x3c, 0x12, //0x000044d6 leal         (%rdx,%rdx), %edi
	0x41, 0x8d, 0x34, 0x53, //0x000044d9 leal         (%r11,%rdx,2), %esi
	0xf7, 0xd7, //0x000044dd notl         %edi
	0x21, 0xc7, //0x000044df andl         %eax, %edi
	0x81, 0xe7, 0xaa, 0xaa, 0xaa, 0xaa, //0x000044e1 andl         $-1431655766, %edi
	0x45, 0x31, 0xdb, //0x000044e7 xorl         %r11d, %r11d
	0x01, 0xd7, //0x000044ea addl         %edx, %edi
	0x41, 0x0f, 0x92, 0xc3, //0x000044ec setb         %r11b
	0x01, 0xff, //0x000044f0 addl         %edi, %edi
	0x81, 0xf7, 0x55, 0x55, 0x55, 0x55, //0x000044f2 xorl         $1431655765, %edi
	0x21, 0xf7, //0x000044f8 andl         %esi, %edi
	0xf7, 0xd7, //0x000044fa notl         %edi
	0x21, 0xfb, //0x000044fc andl         %edi, %ebx
	0xc4, 0x41, 0x35, 0x76, 0xc9, //0x000044fe vpcmpeqd     %ymm9, %ymm9, %ymm9
	0xc4, 0x41, 0x7d, 0x6f, 0xfc, //0x00004503 vmovdqa      %ymm12, %ymm15
	0xc4, 0x41, 0x7d, 0x6f, 0xeb, //0x00004508 vmovdqa      %ymm11, %ymm13
	0xc5, 0xfe, 0x6f, 0x25, 0x8b, 0xbd, 0xff, 0xff, //0x0000450d vmovdqu      $-17013(%rip), %ymm4  /* LCPI0_19+0(%rip) */
	0xc5, 0xfe, 0x6f, 0x1d, 0xa3, 0xbc, 0xff, 0xff, //0x00004515 vmovdqu      $-17245(%rip), %ymm3  /* LCPI0_9+0(%rip) */
	0xc5, 0x7d, 0x6f, 0xd9, //0x0000451d vmovdqa      %ymm1, %ymm11
	0xc5, 0x7d, 0x6f, 0xe2, //0x00004521 vmovdqa      %ymm2, %ymm12
	0x48, 0x85, 0xdb, //0x00004525 testq        %rbx, %rbx
	0x0f, 0x85, 0x0e, 0xf3, 0xff, 0xff, //0x00004528 jne          LBB0_644
	//0x0000452e LBB0_772
	0xb8, 0x40, 0x00, 0x00, 0x00, //0x0000452e movl         $64, %eax
	//0x00004533 LBB0_773
	0x48, 0x89, 0x44, 0x24, 0x28, //0x00004533 movq         %rax, $40(%rsp)
	0xc5, 0xbd, 0x64, 0xc8, //0x00004538 vpcmpgtb     %ymm0, %ymm8, %ymm1
	0xc4, 0xc1, 0x7d, 0x64, 0xc1, //0x0000453c vpcmpgtb     %ymm9, %ymm0, %ymm0
	0xc5, 0xf5, 0xdb, 0xc0, //0x00004541 vpand        %ymm0, %ymm1, %ymm0
	0xc5, 0x7d, 0xd7, 0xc0, //0x00004545 vpmovmskb    %ymm0, %r8d
	0x41, 0x0f, 0xbc, 0xc0, //0x00004549 bsfl         %r8d, %eax
	0x89, 0x44, 0x24, 0x48, //0x0000454d movl         %eax, $72(%rsp)
	0x89, 0xc7, //0x00004551 movl         %eax, %edi
	0xb8, 0x40, 0x00, 0x00, 0x00, //0x00004553 movl         $64, %eax
	0x0f, 0x44, 0xf8, //0x00004558 cmovel       %eax, %edi
	0x4c, 0x89, 0xfe, //0x0000455b movq         %r15, %rsi
	0x4c, 0x29, 0xd6, //0x0000455e subq         %r10, %rsi
	0x48, 0x85, 0xd2, //0x00004561 testq        %rdx, %rdx
	0x0f, 0x85, 0x9b, 0x0d, 0x00, 0x00, //0x00004564 jne          LBB0_910
	//0x0000456a LBB0_774
	0x48, 0x85, 0xdb, //0x0000456a testq        %rbx, %rbx
	0x0f, 0x84, 0x33, 0x00, 0x00, 0x00, //0x0000456d je           LBB0_777
	0x48, 0x8b, 0x44, 0x24, 0x28, //0x00004573 movq         $40(%rsp), %rax
	0x48, 0x39, 0xf8, //0x00004578 cmpq         %rdi, %rax
	0x0f, 0x87, 0xba, 0x10, 0x00, 0x00, //0x0000457b ja           LBB0_955
	0xc5, 0x7d, 0x7f, 0xea, //0x00004581 vmovdqa      %ymm13, %ymm2
	0x48, 0x8d, 0x0c, 0x06, //0x00004585 leaq         (%rsi,%rax), %rcx
	0x48, 0x83, 0xc1, 0x01, //0x00004589 addq         $1, %rcx
	0x4c, 0x8b, 0x5c, 0x24, 0x18, //0x0000458d movq         $24(%rsp), %r11
	0x4c, 0x8b, 0x64, 0x24, 0x08, //0x00004592 movq         $8(%rsp), %r12
	0x4c, 0x8b, 0x44, 0x24, 0x30, //0x00004597 movq         $48(%rsp), %r8
	0x4c, 0x8b, 0x7c, 0x24, 0x10, //0x0000459c movq         $16(%rsp), %r15
	0xe9, 0x14, 0xea, 0xff, 0xff, //0x000045a1 jmp          LBB0_553
	//0x000045a6 LBB0_777
	0x45, 0x85, 0xc0, //0x000045a6 testl        %r8d, %r8d
	0x0f, 0x85, 0xa6, 0x10, 0x00, 0x00, //0x000045a9 jne          LBB0_957
	0xc5, 0x7d, 0x7f, 0xe1, //0x000045af vmovdqa      %ymm12, %ymm1
	0xc5, 0x7d, 0x7f, 0xd8, //0x000045b3 vmovdqa      %ymm11, %ymm0
	0xc4, 0x41, 0x7d, 0x6f, 0xdd, //0x000045b7 vmovdqa      %ymm13, %ymm11
	0xc4, 0x41, 0x7d, 0x6f, 0xe7, //0x000045bc vmovdqa      %ymm15, %ymm12
	0x49, 0x83, 0xc7, 0x20, //0x000045c1 addq         $32, %r15
	0x49, 0x83, 0xc4, 0xe0, //0x000045c5 addq         $-32, %r12
	//0x000045c9 LBB0_779
	0x4d, 0x85, 0xdb, //0x000045c9 testq        %r11, %r11
	0x0f, 0x85, 0xef, 0x06, 0x00, 0x00, //0x000045cc jne          LBB0_851
	0x48, 0x8b, 0x5c, 0x24, 0x10, //0x000045d2 movq         $16(%rsp), %rbx
	//0x000045d7 LBB0_781
	0x4d, 0x85, 0xe4, //0x000045d7 testq        %r12, %r12
	0x0f, 0x84, 0xf4, 0x0f, 0x00, 0x00, //0x000045da je           LBB0_284
	0x41, 0x0f, 0xb6, 0x07, //0x000045e0 movzbl       (%r15), %eax
	0x3c, 0x22, //0x000045e4 cmpb         $34, %al
	0x0f, 0x84, 0x10, 0x02, 0x00, 0x00, //0x000045e6 je           LBB0_809
	0x3c, 0x5c, //0x000045ec cmpb         $92, %al
	0x0f, 0x84, 0x15, 0x00, 0x00, 0x00, //0x000045ee je           LBB0_786
	0x3c, 0x1f, //0x000045f4 cmpb         $31, %al
	0x0f, 0x86, 0x6f, 0x10, 0x00, 0x00, //0x000045f6 jbe          LBB0_959
	0x49, 0x83, 0xc7, 0x01, //0x000045fc addq         $1, %r15
	0x49, 0x83, 0xc4, 0xff, //0x00004600 addq         $-1, %r12
	0xe9, 0xce, 0xff, 0xff, 0xff, //0x00004604 jmp          LBB0_781
	//0x00004609 LBB0_786
	0x49, 0x83, 0xfc, 0x01, //0x00004609 cmpq         $1, %r12
	0x0f, 0x84, 0xc1, 0x0f, 0x00, 0x00, //0x0000460d je           LBB0_284
	0x4c, 0x89, 0xfa, //0x00004613 movq         %r15, %rdx
	0x4c, 0x29, 0xd2, //0x00004616 subq         %r10, %rdx
	0x48, 0x83, 0xfb, 0xff, //0x00004619 cmpq         $-1, %rbx
	0x48, 0x8b, 0x44, 0x24, 0x10, //0x0000461d movq         $16(%rsp), %rax
	0x48, 0x0f, 0x44, 0xc2, //0x00004622 cmoveq       %rdx, %rax
	0x48, 0x89, 0x44, 0x24, 0x10, //0x00004626 movq         %rax, $16(%rsp)
	0x48, 0x0f, 0x44, 0xda, //0x0000462b cmoveq       %rdx, %rbx
	0x48, 0x83, 0xc2, 0x01, //0x0000462f addq         $1, %rdx
	0x4c, 0x89, 0xc9, //0x00004633 movq         %r9, %rcx
	0x48, 0x29, 0xd1, //0x00004636 subq         %rdx, %rcx
	0x0f, 0x84, 0x95, 0x0f, 0x00, 0x00, //0x00004639 je           LBB0_284
	0x49, 0x89, 0xd6, //0x0000463f movq         %rdx, %r14
	0x41, 0x0f, 0xbe, 0x04, 0x12, //0x00004642 movsbl       (%r10,%rdx), %eax
	0x83, 0xc0, 0xde, //0x00004647 addl         $-34, %eax
	0x83, 0xf8, 0x53, //0x0000464a cmpl         $83, %eax
	0x0f, 0x87, 0x69, 0x10, 0x00, 0x00, //0x0000464d ja           LBB0_965
	0x48, 0x8d, 0x15, 0xf6, 0x1c, 0x00, 0x00, //0x00004653 leaq         $7414(%rip), %rdx  /* LJTI0_10+0(%rip) */
	0x48, 0x63, 0x04, 0x82, //0x0000465a movslq       (%rdx,%rax,4), %rax
	0x48, 0x01, 0xd0, //0x0000465e addq         %rdx, %rax
	0xff, 0xe0, //0x00004661 jmpq         *%rax
	//0x00004663 LBB0_790
	0x49, 0x8d, 0x4e, 0x01, //0x00004663 leaq         $1(%r14), %rcx
	//0x00004667 LBB0_791
	0x48, 0x85, 0xc9, //0x00004667 testq        %rcx, %rcx
	0x0f, 0x88, 0x4f, 0x0f, 0x00, 0x00, //0x0000466a js           LBB0_282
	0x4c, 0x29, 0xf1, //0x00004670 subq         %r14, %rcx
	0x48, 0x8d, 0x41, 0x01, //0x00004673 leaq         $1(%rcx), %rax
	0x49, 0x29, 0xc4, //0x00004677 subq         %rax, %r12
	0x49, 0x01, 0xcf, //0x0000467a addq         %rcx, %r15
	0x49, 0x83, 0xc7, 0x01, //0x0000467d addq         $1, %r15
	0xe9, 0x51, 0xff, 0xff, 0xff, //0x00004681 jmp          LBB0_781
	//0x00004686 LBB0_793
	0x48, 0x83, 0xf9, 0x05, //0x00004686 cmpq         $5, %rcx
	0x0f, 0x82, 0x44, 0x0f, 0x00, 0x00, //0x0000468a jb           LBB0_284
	0x43, 0x8b, 0x54, 0x32, 0x01, //0x00004690 movl         $1(%r10,%r14), %edx
	0x89, 0xd0, //0x00004695 movl         %edx, %eax
	0xf7, 0xd0, //0x00004697 notl         %eax
	0x8d, 0xb2, 0xd0, 0xcf, 0xcf, 0xcf, //0x00004699 leal         $-808464432(%rdx), %esi
	0x25, 0x80, 0x80, 0x80, 0x80, //0x0000469f andl         $-2139062144, %eax
	0x85, 0xf0, //0x000046a4 testl        %esi, %eax
	0x0f, 0x85, 0x10, 0x10, 0x00, 0x00, //0x000046a6 jne          LBB0_965
	0x8d, 0xb2, 0x19, 0x19, 0x19, 0x19, //0x000046ac leal         $421075225(%rdx), %esi
	0x09, 0xd6, //0x000046b2 orl          %edx, %esi
	0xf7, 0xc6, 0x80, 0x80, 0x80, 0x80, //0x000046b4 testl        $-2139062144, %esi
	0x0f, 0x85, 0xfc, 0x0f, 0x00, 0x00, //0x000046ba jne          LBB0_965
	0x89, 0xd6, //0x000046c0 movl         %edx, %esi
	0x81, 0xe6, 0x7f, 0x7f, 0x7f, 0x7f, //0x000046c2 andl         $2139062143, %esi
	0xbf, 0xc0, 0xc0, 0xc0, 0xc0, //0x000046c8 movl         $-1061109568, %edi
	0x29, 0xf7, //0x000046cd subl         %esi, %edi
	0x44, 0x8d, 0x86, 0x46, 0x46, 0x46, 0x46, //0x000046cf leal         $1179010630(%rsi), %r8d
	0x21, 0xc7, //0x000046d6 andl         %eax, %edi
	0x44, 0x85, 0xc7, //0x000046d8 testl        %r8d, %edi
	0x0f, 0x85, 0xdb, 0x0f, 0x00, 0x00, //0x000046db jne          LBB0_965
	0xbf, 0xe0, 0xe0, 0xe0, 0xe0, //0x000046e1 movl         $-522133280, %edi
	0x29, 0xf7, //0x000046e6 subl         %esi, %edi
	0x81, 0xc6, 0x39, 0x39, 0x39, 0x39, //0x000046e8 addl         $960051513, %esi
	0x21, 0xf8, //0x000046ee andl         %edi, %eax
	0x85, 0xf0, //0x000046f0 testl        %esi, %eax
	0x0f, 0x85, 0xc4, 0x0f, 0x00, 0x00, //0x000046f2 jne          LBB0_965
	0x0f, 0xca, //0x000046f8 bswapl       %edx
	0x89, 0xd0, //0x000046fa movl         %edx, %eax
	0xc1, 0xe8, 0x04, //0x000046fc shrl         $4, %eax
	0xf7, 0xd0, //0x000046ff notl         %eax
	0x25, 0x01, 0x01, 0x01, 0x01, //0x00004701 andl         $16843009, %eax
	0x8d, 0x04, 0xc0, //0x00004706 leal         (%rax,%rax,8), %eax
	0x81, 0xe2, 0x0f, 0x0f, 0x0f, 0x0f, //0x00004709 andl         $252645135, %edx
	0x01, 0xc2, //0x0000470f addl         %eax, %edx
	0x89, 0xd0, //0x00004711 movl         %edx, %eax
	0xc1, 0xe8, 0x0c, //0x00004713 shrl         $12, %eax
	0xc1, 0xea, 0x08, //0x00004716 shrl         $8, %edx
	0x09, 0xc2, //0x00004719 orl          %eax, %edx
	0x81, 0xe2, 0x00, 0xfc, 0x00, 0x00, //0x0000471b andl         $64512, %edx
	0x81, 0xfa, 0x00, 0xd8, 0x00, 0x00, //0x00004721 cmpl         $55296, %edx
	0x0f, 0x85, 0xc6, 0x00, 0x00, 0x00, //0x00004727 jne          LBB0_808
	0x48, 0x83, 0xf9, 0x0b, //0x0000472d cmpq         $11, %rcx
	0x0f, 0x82, 0xbc, 0x00, 0x00, 0x00, //0x00004731 jb           LBB0_808
	0x43, 0x80, 0x7c, 0x32, 0x05, 0x5c, //0x00004737 cmpb         $92, $5(%r10,%r14)
	0x0f, 0x85, 0xb0, 0x00, 0x00, 0x00, //0x0000473d jne          LBB0_808
	0x43, 0x80, 0x7c, 0x32, 0x06, 0x75, //0x00004743 cmpb         $117, $6(%r10,%r14)
	0x0f, 0x85, 0xa4, 0x00, 0x00, 0x00, //0x00004749 jne          LBB0_808
	0x43, 0x8b, 0x4c, 0x32, 0x07, //0x0000474f movl         $7(%r10,%r14), %ecx
	0x89, 0xc8, //0x00004754 movl         %ecx, %eax
	0xf7, 0xd0, //0x00004756 notl         %eax
	0x8d, 0x91, 0xd0, 0xcf, 0xcf, 0xcf, //0x00004758 leal         $-808464432(%rcx), %edx
	0x25, 0x80, 0x80, 0x80, 0x80, //0x0000475e andl         $-2139062144, %eax
	0x85, 0xd0, //0x00004763 testl        %edx, %eax
	0x0f, 0x85, 0x88, 0x00, 0x00, 0x00, //0x00004765 jne          LBB0_808
	0x8d, 0x91, 0x19, 0x19, 0x19, 0x19, //0x0000476b leal         $421075225(%rcx), %edx
	0x09, 0xca, //0x00004771 orl          %ecx, %edx
	0xf7, 0xc2, 0x80, 0x80, 0x80, 0x80, //0x00004773 testl        $-2139062144, %edx
	0x0f, 0x85, 0x74, 0x00, 0x00, 0x00, //0x00004779 jne          LBB0_808
	0x89, 0xca, //0x0000477f movl         %ecx, %edx
	0x81, 0xe2, 0x7f, 0x7f, 0x7f, 0x7f, //0x00004781 andl         $2139062143, %edx
	0xbe, 0xc0, 0xc0, 0xc0, 0xc0, //0x00004787 movl         $-1061109568, %esi
	0x29, 0xd6, //0x0000478c subl         %edx, %esi
	0x8d, 0xba, 0x46, 0x46, 0x46, 0x46, //0x0000478e leal         $1179010630(%rdx), %edi
	0x21, 0xc6, //0x00004794 andl         %eax, %esi
	0x85, 0xfe, //0x00004796 testl        %edi, %esi
	0x0f, 0x85, 0x55, 0x00, 0x00, 0x00, //0x00004798 jne          LBB0_808
	0xbe, 0xe0, 0xe0, 0xe0, 0xe0, //0x0000479e movl         $-522133280, %esi
	0x29, 0xd6, //0x000047a3 subl         %edx, %esi
	0x81, 0xc2, 0x39, 0x39, 0x39, 0x39, //0x000047a5 addl         $960051513, %edx
	0x21, 0xf0, //0x000047ab andl         %esi, %eax
	0x85, 0xd0, //0x000047ad testl        %edx, %eax
	0x0f, 0x85, 0x3e, 0x00, 0x00, 0x00, //0x000047af jne          LBB0_808
	0x0f, 0xc9, //0x000047b5 bswapl       %ecx
	0x89, 0xc8, //0x000047b7 movl         %ecx, %eax
	0xc1, 0xe8, 0x04, //0x000047b9 shrl         $4, %eax
	0xf7, 0xd0, //0x000047bc notl         %eax
	0x25, 0x01, 0x01, 0x01, 0x01, //0x000047be andl         $16843009, %eax
	0x8d, 0x04, 0xc0, //0x000047c3 leal         (%rax,%rax,8), %eax
	0x81, 0xe1, 0x0f, 0x0f, 0x0f, 0x0f, //0x000047c6 andl         $252645135, %ecx
	0x01, 0xc1, //0x000047cc addl         %eax, %ecx
	0x89, 0xc8, //0x000047ce movl         %ecx, %eax
	0xc1, 0xe8, 0x0c, //0x000047d0 shrl         $12, %eax
	0xc1, 0xe9, 0x08, //0x000047d3 shrl         $8, %ecx
	0x09, 0xc1, //0x000047d6 orl          %eax, %ecx
	0x81, 0xe1, 0x00, 0xfc, 0x00, 0x00, //0x000047d8 andl         $64512, %ecx
	0x81, 0xf9, 0x00, 0xdc, 0x00, 0x00, //0x000047de cmpl         $56320, %ecx
	0x0f, 0x85, 0x09, 0x00, 0x00, 0x00, //0x000047e4 jne          LBB0_808
	0x49, 0x8d, 0x4e, 0x0b, //0x000047ea leaq         $11(%r14), %rcx
	0xe9, 0x74, 0xfe, 0xff, 0xff, //0x000047ee jmp          LBB0_791
	//0x000047f3 LBB0_808
	0x49, 0x8d, 0x4e, 0x05, //0x000047f3 leaq         $5(%r14), %rcx
	0xe9, 0x6b, 0xfe, 0xff, 0xff, //0x000047f7 jmp          LBB0_791
	//0x000047fc LBB0_809
	0x4d, 0x29, 0xd7, //0x000047fc subq         %r10, %r15
	0x49, 0x83, 0xc7, 0x01, //0x000047ff addq         $1, %r15
	0x4c, 0x89, 0xf9, //0x00004803 movq         %r15, %rcx
	0x4c, 0x8b, 0x5c, 0x24, 0x18, //0x00004806 movq         $24(%rsp), %r11
	0x4c, 0x8b, 0x64, 0x24, 0x08, //0x0000480b movq         $8(%rsp), %r12
	0x4c, 0x8b, 0x44, 0x24, 0x30, //0x00004810 movq         $48(%rsp), %r8
	0xc4, 0x41, 0x35, 0x76, 0xc9, //0x00004815 vpcmpeqd     %ymm9, %ymm9, %ymm9
	0xc5, 0x7d, 0x7f, 0xda, //0x0000481a vmovdqa      %ymm11, %ymm2
	0xc4, 0x41, 0x7d, 0x6f, 0xfc, //0x0000481e vmovdqa      %ymm12, %ymm15
	0xc5, 0xfe, 0x6f, 0x25, 0x75, 0xba, 0xff, 0xff, //0x00004823 vmovdqu      $-17803(%rip), %ymm4  /* LCPI0_19+0(%rip) */
	0xc5, 0xfe, 0x6f, 0x1d, 0x8d, 0xb9, 0xff, 0xff, //0x0000482b vmovdqu      $-18035(%rip), %ymm3  /* LCPI0_9+0(%rip) */
	0xc5, 0x7d, 0x6f, 0xd8, //0x00004833 vmovdqa      %ymm0, %ymm11
	0xc5, 0x7d, 0x6f, 0xe1, //0x00004837 vmovdqa      %ymm1, %ymm12
	0x4c, 0x8b, 0x7c, 0x24, 0x10, //0x0000483b movq         $16(%rsp), %r15
	0xe9, 0x75, 0xe7, 0xff, 0xff, //0x00004840 jmp          LBB0_553
	//0x00004845 LBB0_810
	0x48, 0x83, 0x7c, 0x24, 0x38, 0x05, //0x00004845 cmpq         $5, $56(%rsp)
	0x0f, 0x82, 0x41, 0x0e, 0x00, 0x00, //0x0000484b jb           LBB0_962
	0x48, 0x8b, 0x4c, 0x24, 0x40, //0x00004851 movq         $64(%rsp), %rcx
	0x41, 0x8b, 0x54, 0x0a, 0x01, //0x00004856 movl         $1(%r10,%rcx), %edx
	0x89, 0xd1, //0x0000485b movl         %edx, %ecx
	0xf7, 0xd1, //0x0000485d notl         %ecx
	0x89, 0x4c, 0x24, 0x58, //0x0000485f movl         %ecx, $88(%rsp)
	0x8d, 0x8a, 0xd0, 0xcf, 0xcf, 0xcf, //0x00004863 leal         $-808464432(%rdx), %ecx
	0x89, 0x4c, 0x24, 0x68, //0x00004869 movl         %ecx, $104(%rsp)
	0x8b, 0x4c, 0x24, 0x58, //0x0000486d movl         $88(%rsp), %ecx
	0x81, 0xe1, 0x80, 0x80, 0x80, 0x80, //0x00004871 andl         $-2139062144, %ecx
	0x89, 0x4c, 0x24, 0x58, //0x00004877 movl         %ecx, $88(%rsp)
	0x85, 0x4c, 0x24, 0x68, //0x0000487b testl        %ecx, $104(%rsp)
	0x0f, 0x85, 0x66, 0x0d, 0x00, 0x00, //0x0000487f jne          LBB0_966
	0x8d, 0x8a, 0x19, 0x19, 0x19, 0x19, //0x00004885 leal         $421075225(%rdx), %ecx
	0x09, 0xd1, //0x0000488b orl          %edx, %ecx
	0xf7, 0xc1, 0x80, 0x80, 0x80, 0x80, //0x0000488d testl        $-2139062144, %ecx
	0x0f, 0x85, 0x52, 0x0d, 0x00, 0x00, //0x00004893 jne          LBB0_966
	0x89, 0xd1, //0x00004899 movl         %edx, %ecx
	0x81, 0xe1, 0x7f, 0x7f, 0x7f, 0x7f, //0x0000489b andl         $2139062143, %ecx
	0xc7, 0x44, 0x24, 0x64, 0xc0, 0xc0, 0xc0, 0xc0, //0x000048a1 movl         $-1061109568, $100(%rsp)
	0x29, 0x4c, 0x24, 0x64, //0x000048a9 subl         %ecx, $100(%rsp)
	0x48, 0x89, 0x4c, 0x24, 0x68, //0x000048ad movq         %rcx, $104(%rsp)
	0x81, 0xc1, 0x46, 0x46, 0x46, 0x46, //0x000048b2 addl         $1179010630, %ecx
	0x89, 0x4c, 0x24, 0x78, //0x000048b8 movl         %ecx, $120(%rsp)
	0x8b, 0x4c, 0x24, 0x64, //0x000048bc movl         $100(%rsp), %ecx
	0x23, 0x4c, 0x24, 0x58, //0x000048c0 andl         $88(%rsp), %ecx
	0x85, 0x4c, 0x24, 0x78, //0x000048c4 testl        %ecx, $120(%rsp)
	0x0f, 0x85, 0x1d, 0x0d, 0x00, 0x00, //0x000048c8 jne          LBB0_966
	0xc7, 0x44, 0x24, 0x64, 0xe0, 0xe0, 0xe0, 0xe0, //0x000048ce movl         $-522133280, $100(%rsp)
	0x48, 0x8b, 0x4c, 0x24, 0x68, //0x000048d6 movq         $104(%rsp), %rcx
	0x29, 0x4c, 0x24, 0x64, //0x000048db subl         %ecx, $100(%rsp)
	0x81, 0xc1, 0x39, 0x39, 0x39, 0x39, //0x000048df addl         $960051513, %ecx
	0x48, 0x89, 0x4c, 0x24, 0x68, //0x000048e5 movq         %rcx, $104(%rsp)
	0x8b, 0x4c, 0x24, 0x58, //0x000048ea movl         $88(%rsp), %ecx
	0x23, 0x4c, 0x24, 0x64, //0x000048ee andl         $100(%rsp), %ecx
	0x85, 0x4c, 0x24, 0x68, //0x000048f2 testl        %ecx, $104(%rsp)
	0x0f, 0x85, 0xef, 0x0c, 0x00, 0x00, //0x000048f6 jne          LBB0_966
	0x0f, 0xca, //0x000048fc bswapl       %edx
	0x89, 0xd0, //0x000048fe movl         %edx, %eax
	0xc1, 0xe8, 0x04, //0x00004900 shrl         $4, %eax
	0xf7, 0xd0, //0x00004903 notl         %eax
	0x25, 0x01, 0x01, 0x01, 0x01, //0x00004905 andl         $16843009, %eax
	0x8d, 0x04, 0xc0, //0x0000490a leal         (%rax,%rax,8), %eax
	0x81, 0xe2, 0x0f, 0x0f, 0x0f, 0x0f, //0x0000490d andl         $252645135, %edx
	0x01, 0xc2, //0x00004913 addl         %eax, %edx
	0x89, 0xd0, //0x00004915 movl         %edx, %eax
	0xc1, 0xe8, 0x0c, //0x00004917 shrl         $12, %eax
	0xc1, 0xea, 0x08, //0x0000491a shrl         $8, %edx
	0x09, 0xc2, //0x0000491d orl          %eax, %edx
	0x81, 0xe2, 0x00, 0xfc, 0x00, 0x00, //0x0000491f andl         $64512, %edx
	0x81, 0xfa, 0x00, 0xd8, 0x00, 0x00, //0x00004925 cmpl         $55296, %edx
	0x0f, 0x85, 0xfc, 0x00, 0x00, 0x00, //0x0000492b jne          LBB0_825
	0x48, 0x83, 0x7c, 0x24, 0x38, 0x0b, //0x00004931 cmpq         $11, $56(%rsp)
	0x0f, 0x82, 0xf0, 0x00, 0x00, 0x00, //0x00004937 jb           LBB0_825
	0x48, 0x8b, 0x44, 0x24, 0x40, //0x0000493d movq         $64(%rsp), %rax
	0x41, 0x80, 0x7c, 0x02, 0x05, 0x5c, //0x00004942 cmpb         $92, $5(%r10,%rax)
	0x0f, 0x85, 0xdf, 0x00, 0x00, 0x00, //0x00004948 jne          LBB0_825
	0x48, 0x8b, 0x44, 0x24, 0x40, //0x0000494e movq         $64(%rsp), %rax
	0x41, 0x80, 0x7c, 0x02, 0x06, 0x75, //0x00004953 cmpb         $117, $6(%r10,%rax)
	0x0f, 0x85, 0xce, 0x00, 0x00, 0x00, //0x00004959 jne          LBB0_825
	0x48, 0x8b, 0x44, 0x24, 0x40, //0x0000495f movq         $64(%rsp), %rax
	0x41, 0x8b, 0x4c, 0x02, 0x07, //0x00004964 movl         $7(%r10,%rax), %ecx
	0x89, 0xc8, //0x00004969 movl         %ecx, %eax
	0xf7, 0xd0, //0x0000496b notl         %eax
	0x8d, 0x91, 0xd0, 0xcf, 0xcf, 0xcf, //0x0000496d leal         $-808464432(%rcx), %edx
	0x25, 0x80, 0x80, 0x80, 0x80, //0x00004973 andl         $-2139062144, %eax
	0x85, 0xd0, //0x00004978 testl        %edx, %eax
	0x0f, 0x85, 0xad, 0x00, 0x00, 0x00, //0x0000497a jne          LBB0_825
	0x8d, 0x91, 0x19, 0x19, 0x19, 0x19, //0x00004980 leal         $421075225(%rcx), %edx
	0x09, 0xca, //0x00004986 orl          %ecx, %edx
	0xf7, 0xc2, 0x80, 0x80, 0x80, 0x80, //0x00004988 testl        $-2139062144, %edx
	0x0f, 0x85, 0x99, 0x00, 0x00, 0x00, //0x0000498e jne          LBB0_825
	0x89, 0xca, //0x00004994 movl         %ecx, %edx
	0x81, 0xe2, 0x7f, 0x7f, 0x7f, 0x7f, //0x00004996 andl         $2139062143, %edx
	0xc7, 0x44, 0x24, 0x40, 0xc0, 0xc0, 0xc0, 0xc0, //0x0000499c movl         $-1061109568, $64(%rsp)
	0x29, 0x54, 0x24, 0x40, //0x000049a4 subl         %edx, $64(%rsp)
	0x48, 0x89, 0x54, 0x24, 0x58, //0x000049a8 movq         %rdx, $88(%rsp)
	0x81, 0xc2, 0x46, 0x46, 0x46, 0x46, //0x000049ad addl         $1179010630, %edx
	0x89, 0x54, 0x24, 0x38, //0x000049b3 movl         %edx, $56(%rsp)
	0x8b, 0x54, 0x24, 0x40, //0x000049b7 movl         $64(%rsp), %edx
	0x21, 0xc2, //0x000049bb andl         %eax, %edx
	0x85, 0x54, 0x24, 0x38, //0x000049bd testl        %edx, $56(%rsp)
	0x0f, 0x85, 0x66, 0x00, 0x00, 0x00, //0x000049c1 jne          LBB0_825
	0xc7, 0x44, 0x24, 0x40, 0xe0, 0xe0, 0xe0, 0xe0, //0x000049c7 movl         $-522133280, $64(%rsp)
	0x48, 0x8b, 0x54, 0x24, 0x58, //0x000049cf movq         $88(%rsp), %rdx
	0x29, 0x54, 0x24, 0x40, //0x000049d4 subl         %edx, $64(%rsp)
	0x81, 0xc2, 0x39, 0x39, 0x39, 0x39, //0x000049d8 addl         $960051513, %edx
	0x23, 0x44, 0x24, 0x40, //0x000049de andl         $64(%rsp), %eax
	0x85, 0xd0, //0x000049e2 testl        %edx, %eax
	0x0f, 0x85, 0x43, 0x00, 0x00, 0x00, //0x000049e4 jne          LBB0_825
	0x0f, 0xc9, //0x000049ea bswapl       %ecx
	0x89, 0xc8, //0x000049ec movl         %ecx, %eax
	0xc1, 0xe8, 0x04, //0x000049ee shrl         $4, %eax
	0xf7, 0xd0, //0x000049f1 notl         %eax
	0x25, 0x01, 0x01, 0x01, 0x01, //0x000049f3 andl         $16843009, %eax
	0x8d, 0x04, 0xc0, //0x000049f8 leal         (%rax,%rax,8), %eax
	0x81, 0xe1, 0x0f, 0x0f, 0x0f, 0x0f, //0x000049fb andl         $252645135, %ecx
	0x01, 0xc1, //0x00004a01 addl         %eax, %ecx
	0x89, 0xc8, //0x00004a03 movl         %ecx, %eax
	0xc1, 0xe8, 0x0c, //0x00004a05 shrl         $12, %eax
	0xc1, 0xe9, 0x08, //0x00004a08 shrl         $8, %ecx
	0x09, 0xc1, //0x00004a0b orl          %eax, %ecx
	0x81, 0xe1, 0x00, 0xfc, 0x00, 0x00, //0x00004a0d andl         $64512, %ecx
	0x81, 0xf9, 0x00, 0xdc, 0x00, 0x00, //0x00004a13 cmpl         $56320, %ecx
	0x0f, 0x85, 0x0e, 0x00, 0x00, 0x00, //0x00004a19 jne          LBB0_825
	0x48, 0x8b, 0x4c, 0x24, 0x28, //0x00004a1f movq         $40(%rsp), %rcx
	0x48, 0x83, 0xc1, 0x0c, //0x00004a24 addq         $12, %rcx
	0xe9, 0x9e, 0x00, 0x00, 0x00, //0x00004a28 jmp          LBB0_832
	//0x00004a2d LBB0_825
	0x48, 0x8b, 0x4c, 0x24, 0x28, //0x00004a2d movq         $40(%rsp), %rcx
	0x48, 0x83, 0xc1, 0x06, //0x00004a32 addq         $6, %rcx
	0xe9, 0x90, 0x00, 0x00, 0x00, //0x00004a36 jmp          LBB0_832
	//0x00004a3b LBB0_826
	0x48, 0x89, 0x54, 0x24, 0x20, //0x00004a3b movq         %rdx, $32(%rsp)
	0x48, 0x0f, 0xbc, 0x54, 0x24, 0x20, //0x00004a40 bsfq         $32(%rsp), %rdx
	0x4c, 0x39, 0xfa, //0x00004a46 cmpq         %r15, %rdx
	0x0f, 0x83, 0x64, 0xf1, 0xff, 0xff, //0x00004a49 jae          LBB0_673
	0x48, 0x89, 0xd0, //0x00004a4f movq         %rdx, %rax
	0xc5, 0x7d, 0x7f, 0xe1, //0x00004a52 vmovdqa      %ymm12, %ymm1
	0xc5, 0x7d, 0x7f, 0xd8, //0x00004a56 vmovdqa      %ymm11, %ymm0
	0xc4, 0x41, 0x7d, 0x6f, 0xdd, //0x00004a5a vmovdqa      %ymm13, %ymm11
	0x48, 0x01, 0xf0, //0x00004a5f addq         %rsi, %rax
	0x48, 0x89, 0x44, 0x24, 0x28, //0x00004a62 movq         %rax, $40(%rsp)
	0x48, 0x39, 0xc8, //0x00004a67 cmpq         %rcx, %rax
	0x0f, 0x8c, 0x64, 0x00, 0x00, 0x00, //0x00004a6a jl           LBB0_833
	0x48, 0x8b, 0x44, 0x24, 0x28, //0x00004a70 movq         $40(%rsp), %rax
	0x48, 0x8d, 0x48, 0x01, //0x00004a75 leaq         $1(%rax), %rcx
	0x4c, 0x89, 0xc2, //0x00004a79 movq         %r8, %rdx
	0x48, 0x89, 0xc8, //0x00004a7c movq         %rcx, %rax
	0x48, 0x89, 0x4c, 0x24, 0x40, //0x00004a7f movq         %rcx, $64(%rsp)
	0x48, 0x29, 0xca, //0x00004a84 subq         %rcx, %rdx
	0x48, 0x89, 0x54, 0x24, 0x38, //0x00004a87 movq         %rdx, $56(%rsp)
	0x0f, 0x84, 0x00, 0x0c, 0x00, 0x00, //0x00004a8c je           LBB0_962
	0x48, 0x8b, 0x44, 0x24, 0x40, //0x00004a92 movq         $64(%rsp), %rax
	0x41, 0x0f, 0xbe, 0x0c, 0x02, //0x00004a97 movsbl       (%r10,%rax), %ecx
	0x48, 0xc7, 0xc0, 0xfe, 0xff, 0xff, 0xff, //0x00004a9c movq         $-2, %rax
	0x83, 0xc1, 0xde, //0x00004aa3 addl         $-34, %ecx
	0x83, 0xf9, 0x53, //0x00004aa6 cmpl         $83, %ecx
	0x0f, 0x87, 0x3c, 0x0b, 0x00, 0x00, //0x00004aa9 ja           LBB0_966
	0x48, 0x8d, 0x15, 0x6a, 0x11, 0x00, 0x00, //0x00004aaf leaq         $4458(%rip), %rdx  /* LJTI0_5+0(%rip) */
	0x48, 0x63, 0x0c, 0x8a, //0x00004ab6 movslq       (%rdx,%rcx,4), %rcx
	0x48, 0x01, 0xd1, //0x00004aba addq         %rdx, %rcx
	0x48, 0x8b, 0x54, 0x24, 0x28, //0x00004abd movq         $40(%rsp), %rdx
	0xff, 0xe1, //0x00004ac2 jmpq         *%rcx
	//0x00004ac4 LBB0_831
	0x48, 0x83, 0xc2, 0x02, //0x00004ac4 addq         $2, %rdx
	0x48, 0x89, 0xd1, //0x00004ac8 movq         %rdx, %rcx
	//0x00004acb LBB0_832
	0x48, 0x85, 0xc9, //0x00004acb testq        %rcx, %rcx
	0x0f, 0x88, 0xa9, 0x0b, 0x00, 0x00, //0x00004ace js           LBB0_960
	//0x00004ad4 LBB0_833
	0x48, 0x8b, 0x54, 0x24, 0x20, //0x00004ad4 movq         $32(%rsp), %rdx
	0x48, 0x8d, 0x42, 0xff, //0x00004ad9 leaq         $-1(%rdx), %rax
	0x48, 0x21, 0xc2, //0x00004add andq         %rax, %rdx
	0xc4, 0x41, 0x35, 0x76, 0xc9, //0x00004ae0 vpcmpeqd     %ymm9, %ymm9, %ymm9
	0xc4, 0x41, 0x7d, 0x6f, 0xeb, //0x00004ae5 vmovdqa      %ymm11, %ymm13
	0xc5, 0xfe, 0x6f, 0x25, 0xae, 0xb7, 0xff, 0xff, //0x00004aea vmovdqu      $-18514(%rip), %ymm4  /* LCPI0_19+0(%rip) */
	0xc5, 0xfe, 0x6f, 0x1d, 0xc6, 0xb6, 0xff, 0xff, //0x00004af2 vmovdqu      $-18746(%rip), %ymm3  /* LCPI0_9+0(%rip) */
	0xc5, 0x7d, 0x6f, 0xd8, //0x00004afa vmovdqa      %ymm0, %ymm11
	0xc5, 0x7d, 0x6f, 0xe1, //0x00004afe vmovdqa      %ymm1, %ymm12
	0x0f, 0x84, 0xab, 0xf0, 0xff, 0xff, //0x00004b02 je           LBB0_673
	0xe9, 0x2e, 0xff, 0xff, 0xff, //0x00004b08 jmp          LBB0_826
	//0x00004b0d LBB0_834
	0x48, 0x83, 0xf9, 0x05, //0x00004b0d cmpq         $5, %rcx
	0x0f, 0x82, 0x7b, 0x0b, 0x00, 0x00, //0x00004b11 jb           LBB0_962
	0x43, 0x8b, 0x54, 0x22, 0x01, //0x00004b17 movl         $1(%r10,%r12), %edx
	0x89, 0xd0, //0x00004b1c movl         %edx, %eax
	0xf7, 0xd0, //0x00004b1e notl         %eax
	0x8d, 0xb2, 0xd0, 0xcf, 0xcf, 0xcf, //0x00004b20 leal         $-808464432(%rdx), %esi
	0x25, 0x80, 0x80, 0x80, 0x80, //0x00004b26 andl         $-2139062144, %eax
	0x85, 0xf0, //0x00004b2b testl        %esi, %eax
	0x0f, 0x85, 0x76, 0x0b, 0x00, 0x00, //0x00004b2d jne          LBB0_964
	0x8d, 0xb2, 0x19, 0x19, 0x19, 0x19, //0x00004b33 leal         $421075225(%rdx), %esi
	0x09, 0xd6, //0x00004b39 orl          %edx, %esi
	0xf7, 0xc6, 0x80, 0x80, 0x80, 0x80, //0x00004b3b testl        $-2139062144, %esi
	0x0f, 0x85, 0x62, 0x0b, 0x00, 0x00, //0x00004b41 jne          LBB0_964
	0x89, 0xd6, //0x00004b47 movl         %edx, %esi
	0x81, 0xe6, 0x7f, 0x7f, 0x7f, 0x7f, //0x00004b49 andl         $2139062143, %esi
	0x41, 0xbf, 0xc0, 0xc0, 0xc0, 0xc0, //0x00004b4f movl         $-1061109568, %r15d
	0x41, 0x29, 0xf7, //0x00004b55 subl         %esi, %r15d
	0x44, 0x8d, 0x9e, 0x46, 0x46, 0x46, 0x46, //0x00004b58 leal         $1179010630(%rsi), %r11d
	0x41, 0x21, 0xc7, //0x00004b5f andl         %eax, %r15d
	0x45, 0x85, 0xdf, //0x00004b62 testl        %r11d, %r15d
	0x0f, 0x85, 0x3e, 0x0b, 0x00, 0x00, //0x00004b65 jne          LBB0_964
	0x41, 0xbb, 0xe0, 0xe0, 0xe0, 0xe0, //0x00004b6b movl         $-522133280, %r11d
	0x41, 0x29, 0xf3, //0x00004b71 subl         %esi, %r11d
	0x81, 0xc6, 0x39, 0x39, 0x39, 0x39, //0x00004b74 addl         $960051513, %esi
	0x44, 0x21, 0xd8, //0x00004b7a andl         %r11d, %eax
	0x85, 0xf0, //0x00004b7d testl        %esi, %eax
	0x0f, 0x85, 0x24, 0x0b, 0x00, 0x00, //0x00004b7f jne          LBB0_964
	0x0f, 0xca, //0x00004b85 bswapl       %edx
	0x89, 0xd0, //0x00004b87 movl         %edx, %eax
	0xc1, 0xe8, 0x04, //0x00004b89 shrl         $4, %eax
	0xf7, 0xd0, //0x00004b8c notl         %eax
	0x25, 0x01, 0x01, 0x01, 0x01, //0x00004b8e andl         $16843009, %eax
	0x8d, 0x04, 0xc0, //0x00004b93 leal         (%rax,%rax,8), %eax
	0x81, 0xe2, 0x0f, 0x0f, 0x0f, 0x0f, //0x00004b96 andl         $252645135, %edx
	0x01, 0xc2, //0x00004b9c addl         %eax, %edx
	0x89, 0xd0, //0x00004b9e movl         %edx, %eax
	0xc1, 0xe8, 0x0c, //0x00004ba0 shrl         $12, %eax
	0xc1, 0xea, 0x08, //0x00004ba3 shrl         $8, %edx
	0x09, 0xc2, //0x00004ba6 orl          %eax, %edx
	0x81, 0xe2, 0x00, 0xfc, 0x00, 0x00, //0x00004ba8 andl         $64512, %edx
	0x81, 0xfa, 0x00, 0xd8, 0x00, 0x00, //0x00004bae cmpl         $55296, %edx
	0x0f, 0x85, 0x3f, 0x01, 0x00, 0x00, //0x00004bb4 jne          LBB0_853
	0x48, 0x83, 0xf9, 0x0b, //0x00004bba cmpq         $11, %rcx
	0x0f, 0x82, 0x35, 0x01, 0x00, 0x00, //0x00004bbe jb           LBB0_853
	0x43, 0x80, 0x7c, 0x22, 0x05, 0x5c, //0x00004bc4 cmpb         $92, $5(%r10,%r12)
	0x0f, 0x85, 0x29, 0x01, 0x00, 0x00, //0x00004bca jne          LBB0_853
	0x43, 0x80, 0x7c, 0x22, 0x06, 0x75, //0x00004bd0 cmpb         $117, $6(%r10,%r12)
	0x0f, 0x85, 0x1d, 0x01, 0x00, 0x00, //0x00004bd6 jne          LBB0_853
	0x43, 0x8b, 0x4c, 0x22, 0x07, //0x00004bdc movl         $7(%r10,%r12), %ecx
	0x89, 0xc8, //0x00004be1 movl         %ecx, %eax
	0xf7, 0xd0, //0x00004be3 notl         %eax
	0x8d, 0x91, 0xd0, 0xcf, 0xcf, 0xcf, //0x00004be5 leal         $-808464432(%rcx), %edx
	0x25, 0x80, 0x80, 0x80, 0x80, //0x00004beb andl         $-2139062144, %eax
	0x85, 0xd0, //0x00004bf0 testl        %edx, %eax
	0x0f, 0x85, 0x01, 0x01, 0x00, 0x00, //0x00004bf2 jne          LBB0_853
	0x8d, 0x91, 0x19, 0x19, 0x19, 0x19, //0x00004bf8 leal         $421075225(%rcx), %edx
	0x09, 0xca, //0x00004bfe orl          %ecx, %edx
	0xf7, 0xc2, 0x80, 0x80, 0x80, 0x80, //0x00004c00 testl        $-2139062144, %edx
	0x0f, 0x85, 0xed, 0x00, 0x00, 0x00, //0x00004c06 jne          LBB0_853
	0x89, 0xca, //0x00004c0c movl         %ecx, %edx
	0x81, 0xe2, 0x7f, 0x7f, 0x7f, 0x7f, //0x00004c0e andl         $2139062143, %edx
	0xbe, 0xc0, 0xc0, 0xc0, 0xc0, //0x00004c14 movl         $-1061109568, %esi
	0x29, 0xd6, //0x00004c19 subl         %edx, %esi
	0x44, 0x8d, 0x9a, 0x46, 0x46, 0x46, 0x46, //0x00004c1b leal         $1179010630(%rdx), %r11d
	0x21, 0xc6, //0x00004c22 andl         %eax, %esi
	0x44, 0x85, 0xde, //0x00004c24 testl        %r11d, %esi
	0x0f, 0x85, 0xcc, 0x00, 0x00, 0x00, //0x00004c27 jne          LBB0_853
	0xbe, 0xe0, 0xe0, 0xe0, 0xe0, //0x00004c2d movl         $-522133280, %esi
	0x29, 0xd6, //0x00004c32 subl         %edx, %esi
	0x81, 0xc2, 0x39, 0x39, 0x39, 0x39, //0x00004c34 addl         $960051513, %edx
	0x21, 0xf0, //0x00004c3a andl         %esi, %eax
	0x85, 0xd0, //0x00004c3c testl        %edx, %eax
	0x0f, 0x85, 0xb5, 0x00, 0x00, 0x00, //0x00004c3e jne          LBB0_853
	0x0f, 0xc9, //0x00004c44 bswapl       %ecx
	0x89, 0xc8, //0x00004c46 movl         %ecx, %eax
	0xc1, 0xe8, 0x04, //0x00004c48 shrl         $4, %eax
	0xf7, 0xd0, //0x00004c4b notl         %eax
	0x25, 0x01, 0x01, 0x01, 0x01, //0x00004c4d andl         $16843009, %eax
	0x8d, 0x04, 0xc0, //0x00004c52 leal         (%rax,%rax,8), %eax
	0x81, 0xe1, 0x0f, 0x0f, 0x0f, 0x0f, //0x00004c55 andl         $252645135, %ecx
	0x01, 0xc1, //0x00004c5b addl         %eax, %ecx
	0x89, 0xc8, //0x00004c5d movl         %ecx, %eax
	0xc1, 0xe8, 0x0c, //0x00004c5f shrl         $12, %eax
	0xc1, 0xe9, 0x08, //0x00004c62 shrl         $8, %ecx
	0x09, 0xc1, //0x00004c65 orl          %eax, %ecx
	0x81, 0xe1, 0x00, 0xfc, 0x00, 0x00, //0x00004c67 andl         $64512, %ecx
	0x81, 0xf9, 0x00, 0xdc, 0x00, 0x00, //0x00004c6d cmpl         $56320, %ecx
	0x0f, 0x85, 0x80, 0x00, 0x00, 0x00, //0x00004c73 jne          LBB0_853
	0x49, 0x8d, 0x4c, 0x24, 0x0b, //0x00004c79 leaq         $11(%r12), %rcx
	0xe9, 0x42, 0xf4, 0xff, 0xff, //0x00004c7e jmp          LBB0_732
	//0x00004c83 LBB0_849
	0x4d, 0x85, 0xdb, //0x00004c83 testq        %r11, %r11
	0x0f, 0x84, 0x48, 0x09, 0x00, 0x00, //0x00004c86 je           LBB0_284
	0x4c, 0x89, 0xd7, //0x00004c8c movq         %r10, %rdi
	0x48, 0xf7, 0xd7, //0x00004c8f notq         %rdi
	0x48, 0x8d, 0x04, 0x39, //0x00004c92 leaq         (%rcx,%rdi), %rax
	0x4c, 0x89, 0xfa, //0x00004c96 movq         %r15, %rdx
	0x49, 0x83, 0xff, 0xff, //0x00004c99 cmpq         $-1, %r15
	0x4c, 0x89, 0xfe, //0x00004c9d movq         %r15, %rsi
	0x48, 0x0f, 0x44, 0xd0, //0x00004ca0 cmoveq       %rax, %rdx
	0x48, 0x0f, 0x44, 0xf0, //0x00004ca4 cmoveq       %rax, %rsi
	0x48, 0x83, 0xc1, 0x01, //0x00004ca8 addq         $1, %rcx
	0x49, 0x83, 0xc3, 0xff, //0x00004cac addq         $-1, %r11
	0x49, 0x89, 0xd7, //0x00004cb0 movq         %rdx, %r15
	0x4d, 0x85, 0xdb, //0x00004cb3 testq        %r11, %r11
	0x0f, 0x85, 0xf1, 0xf6, 0xff, 0xff, //0x00004cb6 jne          LBB0_756
	0xe9, 0x67, 0xf7, 0xff, 0xff, //0x00004cbc jmp          LBB0_766
	//0x00004cc1 LBB0_851
	0x4d, 0x85, 0xe4, //0x00004cc1 testq        %r12, %r12
	0x0f, 0x84, 0x0a, 0x09, 0x00, 0x00, //0x00004cc4 je           LBB0_284
	0x4c, 0x89, 0xd3, //0x00004cca movq         %r10, %rbx
	0x48, 0xf7, 0xd3, //0x00004ccd notq         %rbx
	0x4c, 0x01, 0xfb, //0x00004cd0 addq         %r15, %rbx
	0x48, 0x8b, 0x4c, 0x24, 0x10, //0x00004cd3 movq         $16(%rsp), %rcx
	0x48, 0x83, 0xf9, 0xff, //0x00004cd8 cmpq         $-1, %rcx
	0x48, 0x89, 0xc8, //0x00004cdc movq         %rcx, %rax
	0x48, 0x0f, 0x44, 0xc3, //0x00004cdf cmoveq       %rbx, %rax
	0x48, 0x0f, 0x45, 0xd9, //0x00004ce3 cmovneq      %rcx, %rbx
	0x49, 0x83, 0xc7, 0x01, //0x00004ce7 addq         $1, %r15
	0x49, 0x83, 0xc4, 0xff, //0x00004ceb addq         $-1, %r12
	0x48, 0x89, 0x44, 0x24, 0x10, //0x00004cef movq         %rax, $16(%rsp)
	0xe9, 0xde, 0xf8, 0xff, 0xff, //0x00004cf4 jmp          LBB0_781
	//0x00004cf9 LBB0_853
	0x49, 0x8d, 0x4c, 0x24, 0x05, //0x00004cf9 leaq         $5(%r12), %rcx
	0xe9, 0xc2, 0xf3, 0xff, 0xff, //0x00004cfe jmp          LBB0_732
	//0x00004d03 LBB0_854
	0x48, 0x83, 0x7c, 0x24, 0x58, 0x05, //0x00004d03 cmpq         $5, $88(%rsp)
	0x0f, 0x82, 0xc5, 0x08, 0x00, 0x00, //0x00004d09 jb           LBB0_284
	0x48, 0x8b, 0x4c, 0x24, 0x38, //0x00004d0f movq         $56(%rsp), %rcx
	0x45, 0x8b, 0x74, 0x0a, 0x01, //0x00004d14 movl         $1(%r10,%rcx), %r14d
	0x44, 0x89, 0xf2, //0x00004d19 movl         %r14d, %edx
	0xf7, 0xd2, //0x00004d1c notl         %edx
	0x41, 0x8d, 0x8e, 0xd0, 0xcf, 0xcf, 0xcf, //0x00004d1e leal         $-808464432(%r14), %ecx
	0x81, 0xe2, 0x80, 0x80, 0x80, 0x80, //0x00004d25 andl         $-2139062144, %edx
	0x85, 0xca, //0x00004d2b testl        %ecx, %edx
	0x0f, 0x85, 0xca, 0x08, 0x00, 0x00, //0x00004d2d jne          LBB0_967
	0x41, 0x8d, 0x8e, 0x19, 0x19, 0x19, 0x19, //0x00004d33 leal         $421075225(%r14), %ecx
	0x44, 0x09, 0xf1, //0x00004d3a orl          %r14d, %ecx
	0xf7, 0xc1, 0x80, 0x80, 0x80, 0x80, //0x00004d3d testl        $-2139062144, %ecx
	0x0f, 0x85, 0xb4, 0x08, 0x00, 0x00, //0x00004d43 jne          LBB0_967
	0x44, 0x89, 0xf1, //0x00004d49 movl         %r14d, %ecx
	0x81, 0xe1, 0x7f, 0x7f, 0x7f, 0x7f, //0x00004d4c andl         $2139062143, %ecx
	0xc7, 0x44, 0x24, 0x68, 0xc0, 0xc0, 0xc0, 0xc0, //0x00004d52 movl         $-1061109568, $104(%rsp)
	0x29, 0x4c, 0x24, 0x68, //0x00004d5a subl         %ecx, $104(%rsp)
	0x48, 0x89, 0x4c, 0x24, 0x78, //0x00004d5e movq         %rcx, $120(%rsp)
	0x81, 0xc1, 0x46, 0x46, 0x46, 0x46, //0x00004d63 addl         $1179010630, %ecx
	0x89, 0x4c, 0x24, 0x64, //0x00004d69 movl         %ecx, $100(%rsp)
	0x8b, 0x4c, 0x24, 0x68, //0x00004d6d movl         $104(%rsp), %ecx
	0x21, 0xd1, //0x00004d71 andl         %edx, %ecx
	0x85, 0x4c, 0x24, 0x64, //0x00004d73 testl        %ecx, $100(%rsp)
	0x0f, 0x85, 0x80, 0x08, 0x00, 0x00, //0x00004d77 jne          LBB0_967
	0xc7, 0x44, 0x24, 0x68, 0xe0, 0xe0, 0xe0, 0xe0, //0x00004d7d movl         $-522133280, $104(%rsp)
	0x48, 0x8b, 0x4c, 0x24, 0x78, //0x00004d85 movq         $120(%rsp), %rcx
	0x29, 0x4c, 0x24, 0x68, //0x00004d8a subl         %ecx, $104(%rsp)
	0x81, 0xc1, 0x39, 0x39, 0x39, 0x39, //0x00004d8e addl         $960051513, %ecx
	0x23, 0x54, 0x24, 0x68, //0x00004d94 andl         $104(%rsp), %edx
	0x85, 0xca, //0x00004d98 testl        %ecx, %edx
	0x0f, 0x85, 0x5d, 0x08, 0x00, 0x00, //0x00004d9a jne          LBB0_967
	0x41, 0x0f, 0xce, //0x00004da0 bswapl       %r14d
	0x44, 0x89, 0xf0, //0x00004da3 movl         %r14d, %eax
	0xc1, 0xe8, 0x04, //0x00004da6 shrl         $4, %eax
	0xf7, 0xd0, //0x00004da9 notl         %eax
	0x25, 0x01, 0x01, 0x01, 0x01, //0x00004dab andl         $16843009, %eax
	0x8d, 0x04, 0xc0, //0x00004db0 leal         (%rax,%rax,8), %eax
	0x41, 0x81, 0xe6, 0x0f, 0x0f, 0x0f, 0x0f, //0x00004db3 andl         $252645135, %r14d
	0x41, 0x01, 0xc6, //0x00004dba addl         %eax, %r14d
	0x44, 0x89, 0xf0, //0x00004dbd movl         %r14d, %eax
	0xc1, 0xe8, 0x0c, //0x00004dc0 shrl         $12, %eax
	0x41, 0xc1, 0xee, 0x08, //0x00004dc3 shrl         $8, %r14d
	0x41, 0x09, 0xc6, //0x00004dc7 orl          %eax, %r14d
	0x41, 0x81, 0xe6, 0x00, 0xfc, 0x00, 0x00, //0x00004dca andl         $64512, %r14d
	0x41, 0x81, 0xfe, 0x00, 0xd8, 0x00, 0x00, //0x00004dd1 cmpl         $55296, %r14d
	0x0f, 0x85, 0xf4, 0x00, 0x00, 0x00, //0x00004dd8 jne          LBB0_869
	0x48, 0x83, 0x7c, 0x24, 0x58, 0x0b, //0x00004dde cmpq         $11, $88(%rsp)
	0x0f, 0x82, 0xe8, 0x00, 0x00, 0x00, //0x00004de4 jb           LBB0_869
	0x48, 0x8b, 0x44, 0x24, 0x38, //0x00004dea movq         $56(%rsp), %rax
	0x41, 0x80, 0x7c, 0x02, 0x05, 0x5c, //0x00004def cmpb         $92, $5(%r10,%rax)
	0x0f, 0x85, 0xd7, 0x00, 0x00, 0x00, //0x00004df5 jne          LBB0_869
	0x48, 0x8b, 0x44, 0x24, 0x38, //0x00004dfb movq         $56(%rsp), %rax
	0x41, 0x80, 0x7c, 0x02, 0x06, 0x75, //0x00004e00 cmpb         $117, $6(%r10,%rax)
	0x0f, 0x85, 0xc6, 0x00, 0x00, 0x00, //0x00004e06 jne          LBB0_869
	0x48, 0x8b, 0x44, 0x24, 0x38, //0x00004e0c movq         $56(%rsp), %rax
	0x41, 0x8b, 0x4c, 0x02, 0x07, //0x00004e11 movl         $7(%r10,%rax), %ecx
	0x89, 0xc8, //0x00004e16 movl         %ecx, %eax
	0xf7, 0xd0, //0x00004e18 notl         %eax
	0x8d, 0x91, 0xd0, 0xcf, 0xcf, 0xcf, //0x00004e1a leal         $-808464432(%rcx), %edx
	0x25, 0x80, 0x80, 0x80, 0x80, //0x00004e20 andl         $-2139062144, %eax
	0x85, 0xd0, //0x00004e25 testl        %edx, %eax
	0x0f, 0x85, 0xa5, 0x00, 0x00, 0x00, //0x00004e27 jne          LBB0_869
	0x8d, 0x91, 0x19, 0x19, 0x19, 0x19, //0x00004e2d leal         $421075225(%rcx), %edx
	0x09, 0xca, //0x00004e33 orl          %ecx, %edx
	0xf7, 0xc2, 0x80, 0x80, 0x80, 0x80, //0x00004e35 testl        $-2139062144, %edx
	0x0f, 0x85, 0x91, 0x00, 0x00, 0x00, //0x00004e3b jne          LBB0_869
	0x41, 0x89, 0xce, //0x00004e41 movl         %ecx, %r14d
	0x41, 0x81, 0xe6, 0x7f, 0x7f, 0x7f, 0x7f, //0x00004e44 andl         $2139062143, %r14d
	0xba, 0xc0, 0xc0, 0xc0, 0xc0, //0x00004e4b movl         $-1061109568, %edx
	0x44, 0x29, 0xf2, //0x00004e50 subl         %r14d, %edx
	0x4c, 0x89, 0x74, 0x24, 0x58, //0x00004e53 movq         %r14, $88(%rsp)
	0x41, 0x81, 0xc6, 0x46, 0x46, 0x46, 0x46, //0x00004e58 addl         $1179010630, %r14d
	0x44, 0x89, 0x74, 0x24, 0x38, //0x00004e5f movl         %r14d, $56(%rsp)
	0x21, 0xc2, //0x00004e64 andl         %eax, %edx
	0x85, 0x54, 0x24, 0x38, //0x00004e66 testl        %edx, $56(%rsp)
	0x0f, 0x85, 0x62, 0x00, 0x00, 0x00, //0x00004e6a jne          LBB0_869
	0x41, 0xbe, 0xe0, 0xe0, 0xe0, 0xe0, //0x00004e70 movl         $-522133280, %r14d
	0x48, 0x8b, 0x54, 0x24, 0x58, //0x00004e76 movq         $88(%rsp), %rdx
	0x41, 0x29, 0xd6, //0x00004e7b subl         %edx, %r14d
	0x81, 0xc2, 0x39, 0x39, 0x39, 0x39, //0x00004e7e addl         $960051513, %edx
	0x44, 0x21, 0xf0, //0x00004e84 andl         %r14d, %eax
	0x85, 0xd0, //0x00004e87 testl        %edx, %eax
	0x0f, 0x85, 0x43, 0x00, 0x00, 0x00, //0x00004e89 jne          LBB0_869
	0x0f, 0xc9, //0x00004e8f bswapl       %ecx
	0x89, 0xc8, //0x00004e91 movl         %ecx, %eax
	0xc1, 0xe8, 0x04, //0x00004e93 shrl         $4, %eax
	0xf7, 0xd0, //0x00004e96 notl         %eax
	0x25, 0x01, 0x01, 0x01, 0x01, //0x00004e98 andl         $16843009, %eax
	0x8d, 0x04, 0xc0, //0x00004e9d leal         (%rax,%rax,8), %eax
	0x81, 0xe1, 0x0f, 0x0f, 0x0f, 0x0f, //0x00004ea0 andl         $252645135, %ecx
	0x01, 0xc1, //0x00004ea6 addl         %eax, %ecx
	0x89, 0xc8, //0x00004ea8 movl         %ecx, %eax
	0xc1, 0xe8, 0x0c, //0x00004eaa shrl         $12, %eax
	0xc1, 0xe9, 0x08, //0x00004ead shrl         $8, %ecx
	0x09, 0xc1, //0x00004eb0 orl          %eax, %ecx
	0x81, 0xe1, 0x00, 0xfc, 0x00, 0x00, //0x00004eb2 andl         $64512, %ecx
	0x81, 0xf9, 0x00, 0xdc, 0x00, 0x00, //0x00004eb8 cmpl         $56320, %ecx
	0x0f, 0x85, 0x0e, 0x00, 0x00, 0x00, //0x00004ebe jne          LBB0_869
	0x48, 0x8b, 0x4c, 0x24, 0x20, //0x00004ec4 movq         $32(%rsp), %rcx
	0x48, 0x83, 0xc1, 0x0c, //0x00004ec9 addq         $12, %rcx
	0xe9, 0x9e, 0x00, 0x00, 0x00, //0x00004ecd jmp          LBB0_876
	//0x00004ed2 LBB0_869
	0x48, 0x8b, 0x4c, 0x24, 0x20, //0x00004ed2 movq         $32(%rsp), %rcx
	0x48, 0x83, 0xc1, 0x06, //0x00004ed7 addq         $6, %rcx
	0xe9, 0x90, 0x00, 0x00, 0x00, //0x00004edb jmp          LBB0_876
	//0x00004ee0 LBB0_870
	0x48, 0x0f, 0xbc, 0xc2, //0x00004ee0 bsfq         %rdx, %rax
	0x48, 0x3b, 0x44, 0x24, 0x28, //0x00004ee4 cmpq         $40(%rsp), %rax
	0x0f, 0x83, 0x19, 0xf0, 0xff, 0xff, //0x00004ee9 jae          LBB0_710
	0x49, 0x89, 0xc6, //0x00004eef movq         %rax, %r14
	0x48, 0x89, 0x54, 0x24, 0x40, //0x00004ef2 movq         %rdx, $64(%rsp)
	0xc5, 0x7d, 0x7f, 0xe1, //0x00004ef7 vmovdqa      %ymm12, %ymm1
	0xc5, 0x7d, 0x7f, 0xd8, //0x00004efb vmovdqa      %ymm11, %ymm0
	0xc4, 0x41, 0x7d, 0x6f, 0xdd, //0x00004eff vmovdqa      %ymm13, %ymm11
	0x48, 0x01, 0xf0, //0x00004f04 addq         %rsi, %rax
	0x48, 0x89, 0x44, 0x24, 0x20, //0x00004f07 movq         %rax, $32(%rsp)
	0x48, 0x39, 0xc8, //0x00004f0c cmpq         %rcx, %rax
	0x0f, 0x8c, 0x64, 0x00, 0x00, 0x00, //0x00004f0f jl           LBB0_877
	0x48, 0x8b, 0x44, 0x24, 0x20, //0x00004f15 movq         $32(%rsp), %rax
	0x48, 0x8d, 0x48, 0x01, //0x00004f1a leaq         $1(%rax), %rcx
	0x4c, 0x89, 0xca, //0x00004f1e movq         %r9, %rdx
	0x48, 0x89, 0xc8, //0x00004f21 movq         %rcx, %rax
	0x48, 0x89, 0x4c, 0x24, 0x38, //0x00004f24 movq         %rcx, $56(%rsp)
	0x48, 0x29, 0xca, //0x00004f29 subq         %rcx, %rdx
	0x48, 0x89, 0x54, 0x24, 0x58, //0x00004f2c movq         %rdx, $88(%rsp)
	0x0f, 0x84, 0x9d, 0x06, 0x00, 0x00, //0x00004f31 je           LBB0_284
	0x48, 0x8b, 0x44, 0x24, 0x38, //0x00004f37 movq         $56(%rsp), %rax
	0x41, 0x0f, 0xbe, 0x0c, 0x02, //0x00004f3c movsbl       (%r10,%rax), %ecx
	0x48, 0xc7, 0xc0, 0xfe, 0xff, 0xff, 0xff, //0x00004f41 movq         $-2, %rax
	0x83, 0xc1, 0xde, //0x00004f48 addl         $-34, %ecx
	0x83, 0xf9, 0x53, //0x00004f4b cmpl         $83, %ecx
	0x0f, 0x87, 0xa9, 0x06, 0x00, 0x00, //0x00004f4e ja           LBB0_967
	0x48, 0x8d, 0x15, 0xd5, 0x08, 0x00, 0x00, //0x00004f54 leaq         $2261(%rip), %rdx  /* LJTI0_2+0(%rip) */
	0x48, 0x63, 0x0c, 0x8a, //0x00004f5b movslq       (%rdx,%rcx,4), %rcx
	0x48, 0x01, 0xd1, //0x00004f5f addq         %rdx, %rcx
	0x4c, 0x8b, 0x74, 0x24, 0x20, //0x00004f62 movq         $32(%rsp), %r14
	0xff, 0xe1, //0x00004f67 jmpq         *%rcx
	//0x00004f69 LBB0_875
	0x49, 0x83, 0xc6, 0x02, //0x00004f69 addq         $2, %r14
	0x4c, 0x89, 0xf1, //0x00004f6d movq         %r14, %rcx
	//0x00004f70 LBB0_876
	0x48, 0x85, 0xc9, //0x00004f70 testq        %rcx, %rcx
	0x0f, 0x88, 0x46, 0x06, 0x00, 0x00, //0x00004f73 js           LBB0_282
	//0x00004f79 LBB0_877
	0x48, 0x8b, 0x54, 0x24, 0x40, //0x00004f79 movq         $64(%rsp), %rdx
	0x48, 0x8d, 0x42, 0xff, //0x00004f7e leaq         $-1(%rdx), %rax
	0x48, 0x21, 0xc2, //0x00004f82 andq         %rax, %rdx
	0xc4, 0x41, 0x35, 0x76, 0xc9, //0x00004f85 vpcmpeqd     %ymm9, %ymm9, %ymm9
	0xc4, 0x41, 0x7d, 0x6f, 0xeb, //0x00004f8a vmovdqa      %ymm11, %ymm13
	0xc5, 0xfe, 0x6f, 0x25, 0x09, 0xb3, 0xff, 0xff, //0x00004f8f vmovdqu      $-19703(%rip), %ymm4  /* LCPI0_19+0(%rip) */
	0xc5, 0xfe, 0x6f, 0x1d, 0x21, 0xb2, 0xff, 0xff, //0x00004f97 vmovdqu      $-19935(%rip), %ymm3  /* LCPI0_9+0(%rip) */
	0xc5, 0x7d, 0x6f, 0xd8, //0x00004f9f vmovdqa      %ymm0, %ymm11
	0xc5, 0x7d, 0x6f, 0xe1, //0x00004fa3 vmovdqa      %ymm1, %ymm12
	0x0f, 0x84, 0x5b, 0xef, 0xff, 0xff, //0x00004fa7 je           LBB0_710
	0xe9, 0x2e, 0xff, 0xff, 0xff, //0x00004fad jmp          LBB0_870
	//0x00004fb2 LBB0_878
	0x48, 0x83, 0xf9, 0x05, //0x00004fb2 cmpq         $5, %rcx
	0x0f, 0x82, 0x18, 0x06, 0x00, 0x00, //0x00004fb6 jb           LBB0_284
	0x43, 0x8b, 0x54, 0x32, 0x01, //0x00004fbc movl         $1(%r10,%r14), %edx
	0x89, 0xd0, //0x00004fc1 movl         %edx, %eax
	0xf7, 0xd0, //0x00004fc3 notl         %eax
	0x8d, 0xb2, 0xd0, 0xcf, 0xcf, 0xcf, //0x00004fc5 leal         $-808464432(%rdx), %esi
	0x25, 0x80, 0x80, 0x80, 0x80, //0x00004fcb andl         $-2139062144, %eax
	0x85, 0xf0, //0x00004fd0 testl        %esi, %eax
	0x0f, 0x85, 0xe4, 0x06, 0x00, 0x00, //0x00004fd2 jne          LBB0_965
	0x8d, 0xb2, 0x19, 0x19, 0x19, 0x19, //0x00004fd8 leal         $421075225(%rdx), %esi
	0x09, 0xd6, //0x00004fde orl          %edx, %esi
	0xf7, 0xc6, 0x80, 0x80, 0x80, 0x80, //0x00004fe0 testl        $-2139062144, %esi
	0x0f, 0x85, 0xd0, 0x06, 0x00, 0x00, //0x00004fe6 jne          LBB0_965
	0x89, 0xd6, //0x00004fec movl         %edx, %esi
	0x81, 0xe6, 0x7f, 0x7f, 0x7f, 0x7f, //0x00004fee andl         $2139062143, %esi
	0xbf, 0xc0, 0xc0, 0xc0, 0xc0, //0x00004ff4 movl         $-1061109568, %edi
	0x29, 0xf7, //0x00004ff9 subl         %esi, %edi
	0x44, 0x8d, 0x86, 0x46, 0x46, 0x46, 0x46, //0x00004ffb leal         $1179010630(%rsi), %r8d
	0x21, 0xc7, //0x00005002 andl         %eax, %edi
	0x44, 0x85, 0xc7, //0x00005004 testl        %r8d, %edi
	0x0f, 0x85, 0xaf, 0x06, 0x00, 0x00, //0x00005007 jne          LBB0_965
	0xbf, 0xe0, 0xe0, 0xe0, 0xe0, //0x0000500d movl         $-522133280, %edi
	0x29, 0xf7, //0x00005012 subl         %esi, %edi
	0x81, 0xc6, 0x39, 0x39, 0x39, 0x39, //0x00005014 addl         $960051513, %esi
	0x21, 0xf8, //0x0000501a andl         %edi, %eax
	0x85, 0xf0, //0x0000501c testl        %esi, %eax
	0x0f, 0x85, 0x98, 0x06, 0x00, 0x00, //0x0000501e jne          LBB0_965
	0x0f, 0xca, //0x00005024 bswapl       %edx
	0x89, 0xd0, //0x00005026 movl         %edx, %eax
	0xc1, 0xe8, 0x04, //0x00005028 shrl         $4, %eax
	0xf7, 0xd0, //0x0000502b notl         %eax
	0x25, 0x01, 0x01, 0x01, 0x01, //0x0000502d andl         $16843009, %eax
	0x8d, 0x04, 0xc0, //0x00005032 leal         (%rax,%rax,8), %eax
	0x81, 0xe2, 0x0f, 0x0f, 0x0f, 0x0f, //0x00005035 andl         $252645135, %edx
	0x01, 0xc2, //0x0000503b addl         %eax, %edx
	0x89, 0xd0, //0x0000503d movl         %edx, %eax
	0xc1, 0xe8, 0x0c, //0x0000503f shrl         $12, %eax
	0xc1, 0xea, 0x08, //0x00005042 shrl         $8, %edx
	0x09, 0xc2, //0x00005045 orl          %eax, %edx
	0x81, 0xe2, 0x00, 0xfc, 0x00, 0x00, //0x00005047 andl         $64512, %edx
	0x81, 0xfa, 0x00, 0xd8, 0x00, 0x00, //0x0000504d cmpl         $55296, %edx
	0x0f, 0x85, 0xc6, 0x00, 0x00, 0x00, //0x00005053 jne          LBB0_893
	0x48, 0x83, 0xf9, 0x0b, //0x00005059 cmpq         $11, %rcx
	0x0f, 0x82, 0xbc, 0x00, 0x00, 0x00, //0x0000505d jb           LBB0_893
	0x43, 0x80, 0x7c, 0x32, 0x05, 0x5c, //0x00005063 cmpb         $92, $5(%r10,%r14)
	0x0f, 0x85, 0xb0, 0x00, 0x00, 0x00, //0x00005069 jne          LBB0_893
	0x43, 0x80, 0x7c, 0x32, 0x06, 0x75, //0x0000506f cmpb         $117, $6(%r10,%r14)
	0x0f, 0x85, 0xa4, 0x00, 0x00, 0x00, //0x00005075 jne          LBB0_893
	0x43, 0x8b, 0x4c, 0x32, 0x07, //0x0000507b movl         $7(%r10,%r14), %ecx
	0x89, 0xc8, //0x00005080 movl         %ecx, %eax
	0xf7, 0xd0, //0x00005082 notl         %eax
	0x8d, 0x91, 0xd0, 0xcf, 0xcf, 0xcf, //0x00005084 leal         $-808464432(%rcx), %edx
	0x25, 0x80, 0x80, 0x80, 0x80, //0x0000508a andl         $-2139062144, %eax
	0x85, 0xd0, //0x0000508f testl        %edx, %eax
	0x0f, 0x85, 0x88, 0x00, 0x00, 0x00, //0x00005091 jne          LBB0_893
	0x8d, 0x91, 0x19, 0x19, 0x19, 0x19, //0x00005097 leal         $421075225(%rcx), %edx
	0x09, 0xca, //0x0000509d orl          %ecx, %edx
	0xf7, 0xc2, 0x80, 0x80, 0x80, 0x80, //0x0000509f testl        $-2139062144, %edx
	0x0f, 0x85, 0x74, 0x00, 0x00, 0x00, //0x000050a5 jne          LBB0_893
	0x89, 0xca, //0x000050ab movl         %ecx, %edx
	0x81, 0xe2, 0x7f, 0x7f, 0x7f, 0x7f, //0x000050ad andl         $2139062143, %edx
	0xbe, 0xc0, 0xc0, 0xc0, 0xc0, //0x000050b3 movl         $-1061109568, %esi
	0x29, 0xd6, //0x000050b8 subl         %edx, %esi
	0x8d, 0xba, 0x46, 0x46, 0x46, 0x46, //0x000050ba leal         $1179010630(%rdx), %edi
	0x21, 0xc6, //0x000050c0 andl         %eax, %esi
	0x85, 0xfe, //0x000050c2 testl        %edi, %esi
	0x0f, 0x85, 0x55, 0x00, 0x00, 0x00, //0x000050c4 jne          LBB0_893
	0xbe, 0xe0, 0xe0, 0xe0, 0xe0, //0x000050ca movl         $-522133280, %esi
	0x29, 0xd6, //0x000050cf subl         %edx, %esi
	0x81, 0xc2, 0x39, 0x39, 0x39, 0x39, //0x000050d1 addl         $960051513, %edx
	0x21, 0xf0, //0x000050d7 andl         %esi, %eax
	0x85, 0xd0, //0x000050d9 testl        %edx, %eax
	0x0f, 0x85, 0x3e, 0x00, 0x00, 0x00, //0x000050db jne          LBB0_893
	0x0f, 0xc9, //0x000050e1 bswapl       %ecx
	0x89, 0xc8, //0x000050e3 movl         %ecx, %eax
	0xc1, 0xe8, 0x04, //0x000050e5 shrl         $4, %eax
	0xf7, 0xd0, //0x000050e8 notl         %eax
	0x25, 0x01, 0x01, 0x01, 0x01, //0x000050ea andl         $16843009, %eax
	0x8d, 0x04, 0xc0, //0x000050ef leal         (%rax,%rax,8), %eax
	0x81, 0xe1, 0x0f, 0x0f, 0x0f, 0x0f, //0x000050f2 andl         $252645135, %ecx
	0x01, 0xc1, //0x000050f8 addl         %eax, %ecx
	0x89, 0xc8, //0x000050fa movl         %ecx, %eax
	0xc1, 0xe8, 0x0c, //0x000050fc shrl         $12, %eax
	0xc1, 0xe9, 0x08, //0x000050ff shrl         $8, %ecx
	0x09, 0xc1, //0x00005102 orl          %eax, %ecx
	0x81, 0xe1, 0x00, 0xfc, 0x00, 0x00, //0x00005104 andl         $64512, %ecx
	0x81, 0xf9, 0x00, 0xdc, 0x00, 0x00, //0x0000510a cmpl         $56320, %ecx
	0x0f, 0x85, 0x09, 0x00, 0x00, 0x00, //0x00005110 jne          LBB0_893
	0x49, 0x8d, 0x4e, 0x0b, //0x00005116 leaq         $11(%r14), %rcx
	0xe9, 0x0f, 0xf1, 0xff, 0xff, //0x0000511a jmp          LBB0_744
	//0x0000511f LBB0_893
	0x49, 0x8d, 0x4e, 0x05, //0x0000511f leaq         $5(%r14), %rcx
	0xe9, 0x06, 0xf1, 0xff, 0xff, //0x00005123 jmp          LBB0_744
	//0x00005128 LBB0_894
	0x48, 0x83, 0x7c, 0x24, 0x58, 0x05, //0x00005128 cmpq         $5, $88(%rsp)
	0x0f, 0x82, 0xa0, 0x04, 0x00, 0x00, //0x0000512e jb           LBB0_284
	0x48, 0x8b, 0x4c, 0x24, 0x38, //0x00005134 movq         $56(%rsp), %rcx
	0x45, 0x8b, 0x74, 0x0a, 0x01, //0x00005139 movl         $1(%r10,%rcx), %r14d
	0x44, 0x89, 0xf2, //0x0000513e movl         %r14d, %edx
	0xf7, 0xd2, //0x00005141 notl         %edx
	0x41, 0x8d, 0x8e, 0xd0, 0xcf, 0xcf, 0xcf, //0x00005143 leal         $-808464432(%r14), %ecx
	0x81, 0xe2, 0x80, 0x80, 0x80, 0x80, //0x0000514a andl         $-2139062144, %edx
	0x85, 0xca, //0x00005150 testl        %ecx, %edx
	0x0f, 0x85, 0xa5, 0x04, 0x00, 0x00, //0x00005152 jne          LBB0_967
	0x41, 0x8d, 0x8e, 0x19, 0x19, 0x19, 0x19, //0x00005158 leal         $421075225(%r14), %ecx
	0x44, 0x09, 0xf1, //0x0000515f orl          %r14d, %ecx
	0xf7, 0xc1, 0x80, 0x80, 0x80, 0x80, //0x00005162 testl        $-2139062144, %ecx
	0x0f, 0x85, 0x8f, 0x04, 0x00, 0x00, //0x00005168 jne          LBB0_967
	0x44, 0x89, 0xf1, //0x0000516e movl         %r14d, %ecx
	0x81, 0xe1, 0x7f, 0x7f, 0x7f, 0x7f, //0x00005171 andl         $2139062143, %ecx
	0xc7, 0x44, 0x24, 0x68, 0xc0, 0xc0, 0xc0, 0xc0, //0x00005177 movl         $-1061109568, $104(%rsp)
	0x29, 0x4c, 0x24, 0x68, //0x0000517f subl         %ecx, $104(%rsp)
	0x48, 0x89, 0x4c, 0x24, 0x78, //0x00005183 movq         %rcx, $120(%rsp)
	0x81, 0xc1, 0x46, 0x46, 0x46, 0x46, //0x00005188 addl         $1179010630, %ecx
	0x89, 0x4c, 0x24, 0x64, //0x0000518e movl         %ecx, $100(%rsp)
	0x8b, 0x4c, 0x24, 0x68, //0x00005192 movl         $104(%rsp), %ecx
	0x21, 0xd1, //0x00005196 andl         %edx, %ecx
	0x85, 0x4c, 0x24, 0x64, //0x00005198 testl        %ecx, $100(%rsp)
	0x0f, 0x85, 0x5b, 0x04, 0x00, 0x00, //0x0000519c jne          LBB0_967
	0xc7, 0x44, 0x24, 0x68, 0xe0, 0xe0, 0xe0, 0xe0, //0x000051a2 movl         $-522133280, $104(%rsp)
	0x48, 0x8b, 0x4c, 0x24, 0x78, //0x000051aa movq         $120(%rsp), %rcx
	0x29, 0x4c, 0x24, 0x68, //0x000051af subl         %ecx, $104(%rsp)
	0x81, 0xc1, 0x39, 0x39, 0x39, 0x39, //0x000051b3 addl         $960051513, %ecx
	0x23, 0x54, 0x24, 0x68, //0x000051b9 andl         $104(%rsp), %edx
	0x85, 0xca, //0x000051bd testl        %ecx, %edx
	0x0f, 0x85, 0x38, 0x04, 0x00, 0x00, //0x000051bf jne          LBB0_967
	0x41, 0x0f, 0xce, //0x000051c5 bswapl       %r14d
	0x44, 0x89, 0xf0, //0x000051c8 movl         %r14d, %eax
	0xc1, 0xe8, 0x04, //0x000051cb shrl         $4, %eax
	0xf7, 0xd0, //0x000051ce notl         %eax
	0x25, 0x01, 0x01, 0x01, 0x01, //0x000051d0 andl         $16843009, %eax
	0x8d, 0x04, 0xc0, //0x000051d5 leal         (%rax,%rax,8), %eax
	0x41, 0x81, 0xe6, 0x0f, 0x0f, 0x0f, 0x0f, //0x000051d8 andl         $252645135, %r14d
	0x41, 0x01, 0xc6, //0x000051df addl         %eax, %r14d
	0x44, 0x89, 0xf0, //0x000051e2 movl         %r14d, %eax
	0xc1, 0xe8, 0x0c, //0x000051e5 shrl         $12, %eax
	0x41, 0xc1, 0xee, 0x08, //0x000051e8 shrl         $8, %r14d
	0x41, 0x09, 0xc6, //0x000051ec orl          %eax, %r14d
	0x41, 0x81, 0xe6, 0x00, 0xfc, 0x00, 0x00, //0x000051ef andl         $64512, %r14d
	0x41, 0x81, 0xfe, 0x00, 0xd8, 0x00, 0x00, //0x000051f6 cmpl         $55296, %r14d
	0x0f, 0x85, 0xf4, 0x00, 0x00, 0x00, //0x000051fd jne          LBB0_909
	0x48, 0x83, 0x7c, 0x24, 0x58, 0x0b, //0x00005203 cmpq         $11, $88(%rsp)
	0x0f, 0x82, 0xe8, 0x00, 0x00, 0x00, //0x00005209 jb           LBB0_909
	0x48, 0x8b, 0x44, 0x24, 0x38, //0x0000520f movq         $56(%rsp), %rax
	0x41, 0x80, 0x7c, 0x02, 0x05, 0x5c, //0x00005214 cmpb         $92, $5(%r10,%rax)
	0x0f, 0x85, 0xd7, 0x00, 0x00, 0x00, //0x0000521a jne          LBB0_909
	0x48, 0x8b, 0x44, 0x24, 0x38, //0x00005220 movq         $56(%rsp), %rax
	0x41, 0x80, 0x7c, 0x02, 0x06, 0x75, //0x00005225 cmpb         $117, $6(%r10,%rax)
	0x0f, 0x85, 0xc6, 0x00, 0x00, 0x00, //0x0000522b jne          LBB0_909
	0x48, 0x8b, 0x44, 0x24, 0x38, //0x00005231 movq         $56(%rsp), %rax
	0x41, 0x8b, 0x4c, 0x02, 0x07, //0x00005236 movl         $7(%r10,%rax), %ecx
	0x89, 0xc8, //0x0000523b movl         %ecx, %eax
	0xf7, 0xd0, //0x0000523d notl         %eax
	0x8d, 0x91, 0xd0, 0xcf, 0xcf, 0xcf, //0x0000523f leal         $-808464432(%rcx), %edx
	0x25, 0x80, 0x80, 0x80, 0x80, //0x00005245 andl         $-2139062144, %eax
	0x85, 0xd0, //0x0000524a testl        %edx, %eax
	0x0f, 0x85, 0xa5, 0x00, 0x00, 0x00, //0x0000524c jne          LBB0_909
	0x8d, 0x91, 0x19, 0x19, 0x19, 0x19, //0x00005252 leal         $421075225(%rcx), %edx
	0x09, 0xca, //0x00005258 orl          %ecx, %edx
	0xf7, 0xc2, 0x80, 0x80, 0x80, 0x80, //0x0000525a testl        $-2139062144, %edx
	0x0f, 0x85, 0x91, 0x00, 0x00, 0x00, //0x00005260 jne          LBB0_909
	0x41, 0x89, 0xce, //0x00005266 movl         %ecx, %r14d
	0x41, 0x81, 0xe6, 0x7f, 0x7f, 0x7f, 0x7f, //0x00005269 andl         $2139062143, %r14d
	0xba, 0xc0, 0xc0, 0xc0, 0xc0, //0x00005270 movl         $-1061109568, %edx
	0x44, 0x29, 0xf2, //0x00005275 subl         %r14d, %edx
	0x4c, 0x89, 0x74, 0x24, 0x58, //0x00005278 movq         %r14, $88(%rsp)
	0x41, 0x81, 0xc6, 0x46, 0x46, 0x46, 0x46, //0x0000527d addl         $1179010630, %r14d
	0x44, 0x89, 0x74, 0x24, 0x38, //0x00005284 movl         %r14d, $56(%rsp)
	0x21, 0xc2, //0x00005289 andl         %eax, %edx
	0x85, 0x54, 0x24, 0x38, //0x0000528b testl        %edx, $56(%rsp)
	0x0f, 0x85, 0x62, 0x00, 0x00, 0x00, //0x0000528f jne          LBB0_909
	0x41, 0xbe, 0xe0, 0xe0, 0xe0, 0xe0, //0x00005295 movl         $-522133280, %r14d
	0x48, 0x8b, 0x54, 0x24, 0x58, //0x0000529b movq         $88(%rsp), %rdx
	0x41, 0x29, 0xd6, //0x000052a0 subl         %edx, %r14d
	0x81, 0xc2, 0x39, 0x39, 0x39, 0x39, //0x000052a3 addl         $960051513, %edx
	0x44, 0x21, 0xf0, //0x000052a9 andl         %r14d, %eax
	0x85, 0xd0, //0x000052ac testl        %edx, %eax
	0x0f, 0x85, 0x43, 0x00, 0x00, 0x00, //0x000052ae jne          LBB0_909
	0x0f, 0xc9, //0x000052b4 bswapl       %ecx
	0x89, 0xc8, //0x000052b6 movl         %ecx, %eax
	0xc1, 0xe8, 0x04, //0x000052b8 shrl         $4, %eax
	0xf7, 0xd0, //0x000052bb notl         %eax
	0x25, 0x01, 0x01, 0x01, 0x01, //0x000052bd andl         $16843009, %eax
	0x8d, 0x04, 0xc0, //0x000052c2 leal         (%rax,%rax,8), %eax
	0x81, 0xe1, 0x0f, 0x0f, 0x0f, 0x0f, //0x000052c5 andl         $252645135, %ecx
	0x01, 0xc1, //0x000052cb addl         %eax, %ecx
	0x89, 0xc8, //0x000052cd movl         %ecx, %eax
	0xc1, 0xe8, 0x0c, //0x000052cf shrl         $12, %eax
	0xc1, 0xe9, 0x08, //0x000052d2 shrl         $8, %ecx
	0x09, 0xc1, //0x000052d5 orl          %eax, %ecx
	0x81, 0xe1, 0x00, 0xfc, 0x00, 0x00, //0x000052d7 andl         $64512, %ecx
	0x81, 0xf9, 0x00, 0xdc, 0x00, 0x00, //0x000052dd cmpl         $56320, %ecx
	0x0f, 0x85, 0x0e, 0x00, 0x00, 0x00, //0x000052e3 jne          LBB0_909
	0x48, 0x8b, 0x4c, 0x24, 0x20, //0x000052e9 movq         $32(%rsp), %rcx
	0x48, 0x83, 0xc1, 0x0c, //0x000052ee addq         $12, %rcx
	0xe9, 0x9e, 0x00, 0x00, 0x00, //0x000052f2 jmp          LBB0_916
	//0x000052f7 LBB0_909
	0x48, 0x8b, 0x4c, 0x24, 0x20, //0x000052f7 movq         $32(%rsp), %rcx
	0x48, 0x83, 0xc1, 0x06, //0x000052fc addq         $6, %rcx
	0xe9, 0x90, 0x00, 0x00, 0x00, //0x00005300 jmp          LBB0_916
	//0x00005305 LBB0_910
	0x48, 0x0f, 0xbc, 0xc2, //0x00005305 bsfq         %rdx, %rax
	0x48, 0x3b, 0x44, 0x24, 0x28, //0x00005309 cmpq         $40(%rsp), %rax
	0x0f, 0x83, 0x56, 0xf2, 0xff, 0xff, //0x0000530e jae          LBB0_774
	0x49, 0x89, 0xc6, //0x00005314 movq         %rax, %r14
	0x48, 0x89, 0x54, 0x24, 0x40, //0x00005317 movq         %rdx, $64(%rsp)
	0xc5, 0x7d, 0x7f, 0xe1, //0x0000531c vmovdqa      %ymm12, %ymm1
	0xc5, 0x7d, 0x7f, 0xd8, //0x00005320 vmovdqa      %ymm11, %ymm0
	0xc4, 0x41, 0x7d, 0x6f, 0xdd, //0x00005324 vmovdqa      %ymm13, %ymm11
	0x48, 0x01, 0xf0, //0x00005329 addq         %rsi, %rax
	0x48, 0x89, 0x44, 0x24, 0x20, //0x0000532c movq         %rax, $32(%rsp)
	0x48, 0x39, 0xc8, //0x00005331 cmpq         %rcx, %rax
	0x0f, 0x8c, 0x64, 0x00, 0x00, 0x00, //0x00005334 jl           LBB0_917
	0x48, 0x8b, 0x44, 0x24, 0x20, //0x0000533a movq         $32(%rsp), %rax
	0x48, 0x8d, 0x48, 0x01, //0x0000533f leaq         $1(%rax), %rcx
	0x4c, 0x89, 0xca, //0x00005343 movq         %r9, %rdx
	0x48, 0x89, 0xc8, //0x00005346 movq         %rcx, %rax
	0x48, 0x89, 0x4c, 0x24, 0x38, //0x00005349 movq         %rcx, $56(%rsp)
	0x48, 0x29, 0xca, //0x0000534e subq         %rcx, %rdx
	0x48, 0x89, 0x54, 0x24, 0x58, //0x00005351 movq         %rdx, $88(%rsp)
	0x0f, 0x84, 0x78, 0x02, 0x00, 0x00, //0x00005356 je           LBB0_284
	0x48, 0x8b, 0x44, 0x24, 0x38, //0x0000535c movq         $56(%rsp), %rax
	0x41, 0x0f, 0xbe, 0x0c, 0x02, //0x00005361 movsbl       (%r10,%rax), %ecx
	0x48, 0xc7, 0xc0, 0xfe, 0xff, 0xff, 0xff, //0x00005366 movq         $-2, %rax
	0x83, 0xc1, 0xde, //0x0000536d addl         $-34, %ecx
	0x83, 0xf9, 0x53, //0x00005370 cmpl         $83, %ecx
	0x0f, 0x87, 0x84, 0x02, 0x00, 0x00, //0x00005373 ja           LBB0_967
	0x48, 0x8d, 0x15, 0x80, 0x0e, 0x00, 0x00, //0x00005379 leaq         $3712(%rip), %rdx  /* LJTI0_9+0(%rip) */
	0x48, 0x63, 0x0c, 0x8a, //0x00005380 movslq       (%rdx,%rcx,4), %rcx
	0x48, 0x01, 0xd1, //0x00005384 addq         %rdx, %rcx
	0x4c, 0x8b, 0x74, 0x24, 0x20, //0x00005387 movq         $32(%rsp), %r14
	0xff, 0xe1, //0x0000538c jmpq         *%rcx
	//0x0000538e LBB0_915
	0x49, 0x83, 0xc6, 0x02, //0x0000538e addq         $2, %r14
	0x4c, 0x89, 0xf1, //0x00005392 movq         %r14, %rcx
	//0x00005395 LBB0_916
	0x48, 0x85, 0xc9, //0x00005395 testq        %rcx, %rcx
	0x0f, 0x88, 0x21, 0x02, 0x00, 0x00, //0x00005398 js           LBB0_282
	//0x0000539e LBB0_917
	0x48, 0x8b, 0x54, 0x24, 0x40, //0x0000539e movq         $64(%rsp), %rdx
	0x48, 0x8d, 0x42, 0xff, //0x000053a3 leaq         $-1(%rdx), %rax
	0x48, 0x21, 0xc2, //0x000053a7 andq         %rax, %rdx
	0xc4, 0x41, 0x35, 0x76, 0xc9, //0x000053aa vpcmpeqd     %ymm9, %ymm9, %ymm9
	0xc4, 0x41, 0x7d, 0x6f, 0xeb, //0x000053af vmovdqa      %ymm11, %ymm13
	0xc5, 0xfe, 0x6f, 0x25, 0xe4, 0xae, 0xff, 0xff, //0x000053b4 vmovdqu      $-20764(%rip), %ymm4  /* LCPI0_19+0(%rip) */
	0xc5, 0xfe, 0x6f, 0x1d, 0xfc, 0xad, 0xff, 0xff, //0x000053bc vmovdqu      $-20996(%rip), %ymm3  /* LCPI0_9+0(%rip) */
	0xc5, 0x7d, 0x6f, 0xd8, //0x000053c4 vmovdqa      %ymm0, %ymm11
	0xc5, 0x7d, 0x6f, 0xe1, //0x000053c8 vmovdqa      %ymm1, %ymm12
	0x0f, 0x84, 0x98, 0xf1, 0xff, 0xff, //0x000053cc je           LBB0_774
	0xe9, 0x2e, 0xff, 0xff, 0xff, //0x000053d2 jmp          LBB0_910
	//0x000053d7 LBB0_918
	0x4d, 0x89, 0x2b, //0x000053d7 movq         %r13, (%r11)
	//0x000053da LBB0_919
	0x48, 0xc7, 0xc0, 0xff, 0xff, 0xff, 0xff, //0x000053da movq         $-1, %rax
	0xe9, 0x34, 0x00, 0x00, 0x00, //0x000053e1 jmp          LBB0_949
	//0x000053e6 LBB0_939
	0x48, 0xc7, 0xc0, 0xf9, 0xff, 0xff, 0xff, //0x000053e6 movq         $-7, %rax
	0xe9, 0x28, 0x00, 0x00, 0x00, //0x000053ed jmp          LBB0_949
	//0x000053f2 LBB0_920
	0x48, 0xc7, 0xc0, 0xff, 0xff, 0xff, 0xff, //0x000053f2 movq         $-1, %rax
	0xe9, 0x03, 0x00, 0x00, 0x00, //0x000053f9 jmp          LBB0_922
	//0x000053fe LBB0_921
	0x4c, 0x89, 0xc8, //0x000053fe movq         %r9, %rax
	//0x00005401 LBB0_922
	0x48, 0x8b, 0x54, 0x24, 0x18, //0x00005401 movq         $24(%rsp), %rdx
	0x48, 0x8b, 0x0a, //0x00005406 movq         (%rdx), %rcx
	0x48, 0x29, 0xc1, //0x00005409 subq         %rax, %rcx
	0x48, 0x83, 0xc1, 0xfe, //0x0000540c addq         $-2, %rcx
	0x48, 0x89, 0x0a, //0x00005410 movq         %rcx, (%rdx)
	//0x00005413 LBB0_948
	0x48, 0xc7, 0xc0, 0xfe, 0xff, 0xff, 0xff, //0x00005413 movq         $-2, %rax
	//0x0000541a LBB0_949
	0x48, 0x8d, 0x65, 0xd8, //0x0000541a leaq         $-40(%rbp), %rsp
	0x5b,       //0x0000541e popq         %rbx
	0x41, 0x5c, //0x0000541f popq         %r12
	0x41, 0x5d, //0x00005421 popq         %r13
	0x41, 0x5e, //0x00005423 popq         %r14
	0x41, 0x5f, //0x00005425 popq         %r15
	0x5d,             //0x00005427 popq         %rbp
	0xc5, 0xf8, 0x77, //0x00005428 vzeroupper
	0xc3, //0x0000542b retq
	//0x0000542c LBB0_925
	0x49, 0x89, 0x0b, //0x0000542c movq         %rcx, (%r11)
	0xe9, 0xe6, 0xff, 0xff, 0xff, //0x0000542f jmp          LBB0_949
	//0x00005434 LBB0_923
	0x48, 0xc7, 0xc0, 0xfe, 0xff, 0xff, 0xff, //0x00005434 movq         $-2, %rax
	0x48, 0x83, 0xff, 0xff, //0x0000543b cmpq         $-1, %rdi
	0x0f, 0x84, 0x32, 0x01, 0x00, 0x00, //0x0000543f je           LBB0_940
	0x48, 0x89, 0xfa, //0x00005445 movq         %rdi, %rdx
	0xe9, 0x4f, 0x02, 0x00, 0x00, //0x00005448 jmp          LBB0_963
	//0x0000544d LBB0_926
	0x49, 0x89, 0x13, //0x0000544d movq         %rdx, (%r11)
	0xe9, 0xc5, 0xff, 0xff, 0xff, //0x00005450 jmp          LBB0_949
	//0x00005455 LBB0_927
	0x4d, 0x89, 0x2b, //0x00005455 movq         %r13, (%r11)
	0x48, 0xc7, 0xc0, 0xfe, 0xff, 0xff, 0xff, //0x00005458 movq         $-2, %rax
	0x41, 0x80, 0x3f, 0x74, //0x0000545f cmpb         $116, (%r15)
	0x0f, 0x85, 0xb1, 0xff, 0xff, 0xff, //0x00005463 jne          LBB0_949
	0x49, 0x8d, 0x4d, 0x01, //0x00005469 leaq         $1(%r13), %rcx
	0x49, 0x89, 0x0b, //0x0000546d movq         %rcx, (%r11)
	0x43, 0x80, 0x7c, 0x2a, 0x01, 0x72, //0x00005470 cmpb         $114, $1(%r10,%r13)
	0x0f, 0x85, 0x9e, 0xff, 0xff, 0xff, //0x00005476 jne          LBB0_949
	0x49, 0x8d, 0x4d, 0x02, //0x0000547c leaq         $2(%r13), %rcx
	0x49, 0x89, 0x0b, //0x00005480 movq         %rcx, (%r11)
	0x43, 0x80, 0x7c, 0x2a, 0x02, 0x75, //0x00005483 cmpb         $117, $2(%r10,%r13)
	0x0f, 0x85, 0x8b, 0xff, 0xff, 0xff, //0x00005489 jne          LBB0_949
	0x49, 0x8d, 0x4d, 0x03, //0x0000548f leaq         $3(%r13), %rcx
	0x49, 0x89, 0x0b, //0x00005493 movq         %rcx, (%r11)
	0x43, 0x80, 0x7c, 0x2a, 0x03, 0x65, //0x00005496 cmpb         $101, $3(%r10,%r13)
	0x0f, 0x85, 0x78, 0xff, 0xff, 0xff, //0x0000549c jne          LBB0_949
	0xe9, 0xa2, 0x00, 0x00, 0x00, //0x000054a2 jmp          LBB0_931
	//0x000054a7 LBB0_932
	0x48, 0xc7, 0xc0, 0xfe, 0xff, 0xff, 0xff, //0x000054a7 movq         $-2, %rax
	0x80, 0xf9, 0x61, //0x000054ae cmpb         $97, %cl
	0x0f, 0x85, 0x63, 0xff, 0xff, 0xff, //0x000054b1 jne          LBB0_949
	0x49, 0x8d, 0x4d, 0x02, //0x000054b7 leaq         $2(%r13), %rcx
	0x49, 0x89, 0x0b, //0x000054bb movq         %rcx, (%r11)
	0x43, 0x80, 0x7c, 0x2a, 0x02, 0x6c, //0x000054be cmpb         $108, $2(%r10,%r13)
	0x0f, 0x85, 0x50, 0xff, 0xff, 0xff, //0x000054c4 jne          LBB0_949
	0x49, 0x8d, 0x4d, 0x03, //0x000054ca leaq         $3(%r13), %rcx
	0x49, 0x89, 0x0b, //0x000054ce movq         %rcx, (%r11)
	0x43, 0x80, 0x7c, 0x2a, 0x03, 0x73, //0x000054d1 cmpb         $115, $3(%r10,%r13)
	0x0f, 0x85, 0x3d, 0xff, 0xff, 0xff, //0x000054d7 jne          LBB0_949
	0x49, 0x8d, 0x4d, 0x04, //0x000054dd leaq         $4(%r13), %rcx
	0x49, 0x89, 0x0b, //0x000054e1 movq         %rcx, (%r11)
	0x43, 0x80, 0x7c, 0x2a, 0x04, 0x65, //0x000054e4 cmpb         $101, $4(%r10,%r13)
	0x0f, 0x85, 0x2a, 0xff, 0xff, 0xff, //0x000054ea jne          LBB0_949
	0x49, 0x83, 0xc5, 0x05, //0x000054f0 addq         $5, %r13
	0x4d, 0x89, 0x2b, //0x000054f4 movq         %r13, (%r11)
	0xe9, 0x1e, 0xff, 0xff, 0xff, //0x000054f7 jmp          LBB0_949
	//0x000054fc LBB0_382
	0x4d, 0x89, 0x2b, //0x000054fc movq         %r13, (%r11)
	0x48, 0xc7, 0xc0, 0xfe, 0xff, 0xff, 0xff, //0x000054ff movq         $-2, %rax
	0x41, 0x80, 0x3f, 0x6e, //0x00005506 cmpb         $110, (%r15)
	0x0f, 0x85, 0x0a, 0xff, 0xff, 0xff, //0x0000550a jne          LBB0_949
	0x49, 0x8d, 0x4d, 0x01, //0x00005510 leaq         $1(%r13), %rcx
	0x49, 0x89, 0x0b, //0x00005514 movq         %rcx, (%r11)
	0x43, 0x80, 0x7c, 0x2a, 0x01, 0x75, //0x00005517 cmpb         $117, $1(%r10,%r13)
	0x0f, 0x85, 0xf7, 0xfe, 0xff, 0xff, //0x0000551d jne          LBB0_949
	0x49, 0x8d, 0x4d, 0x02, //0x00005523 leaq         $2(%r13), %rcx
	0x49, 0x89, 0x0b, //0x00005527 movq         %rcx, (%r11)
	0x43, 0x80, 0x7c, 0x2a, 0x02, 0x6c, //0x0000552a cmpb         $108, $2(%r10,%r13)
	0x0f, 0x85, 0xe4, 0xfe, 0xff, 0xff, //0x00005530 jne          LBB0_949
	0x49, 0x8d, 0x4d, 0x03, //0x00005536 leaq         $3(%r13), %rcx
	0x49, 0x89, 0x0b, //0x0000553a movq         %rcx, (%r11)
	0x43, 0x80, 0x7c, 0x2a, 0x03, 0x6c, //0x0000553d cmpb         $108, $3(%r10,%r13)
	0x0f, 0x85, 0xd1, 0xfe, 0xff, 0xff, //0x00005543 jne          LBB0_949
	//0x00005549 LBB0_931
	0x49, 0x83, 0xc5, 0x04, //0x00005549 addq         $4, %r13
	0x4d, 0x89, 0x2b, //0x0000554d movq         %r13, (%r11)
	0xe9, 0xc5, 0xfe, 0xff, 0xff, //0x00005550 jmp          LBB0_949
	//0x00005555 LBB0_937
	0x48, 0xc7, 0xc0, 0xfe, 0xff, 0xff, 0xff, //0x00005555 movq         $-2, %rax
	0x4c, 0x8b, 0x74, 0x24, 0x10, //0x0000555c movq         $16(%rsp), %r14
	0x49, 0x83, 0xfe, 0xff, //0x00005561 cmpq         $-1, %r14
	0x0f, 0x85, 0x73, 0x00, 0x00, 0x00, //0x00005565 jne          LBB0_946
	0x4c, 0x0f, 0xbc, 0xf2, //0x0000556b bsfq         %rdx, %r14
	0x49, 0x01, 0xf6, //0x0000556f addq         %rsi, %r14
	0xe9, 0x67, 0x00, 0x00, 0x00, //0x00005572 jmp          LBB0_946
	//0x00005577 LBB0_940
	0x48, 0x0f, 0xbc, 0xd2, //0x00005577 bsfq         %rdx, %rdx
	0x4c, 0x01, 0xfa, //0x0000557b addq         %r15, %rdx
	0xe9, 0x19, 0x01, 0x00, 0x00, //0x0000557e jmp          LBB0_963
	//0x00005583 LBB0_941
	0x4c, 0x89, 0xc1, //0x00005583 movq         %r8, %rcx
	//0x00005586 LBB0_942
	0x48, 0xf7, 0xd1, //0x00005586 notq         %rcx
	0x49, 0x01, 0x0b, //0x00005589 addq         %rcx, (%r11)
	0xe9, 0x89, 0xfe, 0xff, 0xff, //0x0000558c jmp          LBB0_949
	//0x00005591 LBB0_943
	0x49, 0x89, 0xc8, //0x00005591 movq         %rcx, %r8
	0xe9, 0xf9, 0x00, 0x00, 0x00, //0x00005594 jmp          LBB0_962
	//0x00005599 LBB0_950
	0x49, 0x89, 0xc9, //0x00005599 movq         %rcx, %r9
	0xe9, 0x33, 0x00, 0x00, 0x00, //0x0000559c jmp          LBB0_284
	//0x000055a1 LBB0_239
	0x4c, 0x01, 0xfa, //0x000055a1 addq         %r15, %rdx
	0x48, 0xc7, 0xc0, 0xfe, 0xff, 0xff, 0xff, //0x000055a4 movq         $-2, %rax
	0xe9, 0xec, 0x00, 0x00, 0x00, //0x000055ab jmp          LBB0_963
	//0x000055b0 LBB0_944
	0x49, 0x01, 0xf6, //0x000055b0 addq         %rsi, %r14
	//0x000055b3 LBB0_945
	0x48, 0xc7, 0xc0, 0xfe, 0xff, 0xff, 0xff, //0x000055b3 movq         $-2, %rax
	0xe9, 0x1f, 0x00, 0x00, 0x00, //0x000055ba jmp          LBB0_946
	//0x000055bf LBB0_282
	0x4c, 0x8b, 0x7c, 0x24, 0x10, //0x000055bf movq         $16(%rsp), %r15
	//0x000055c4 LBB0_283
	0x48, 0x89, 0xc8, //0x000055c4 movq         %rcx, %rax
	0x4d, 0x89, 0xfe, //0x000055c7 movq         %r15, %r14
	0x48, 0x83, 0xf9, 0xff, //0x000055ca cmpq         $-1, %rcx
	0x0f, 0x85, 0x0a, 0x00, 0x00, 0x00, //0x000055ce jne          LBB0_946
	//0x000055d4 LBB0_284
	0x48, 0xc7, 0xc0, 0xff, 0xff, 0xff, 0xff, //0x000055d4 movq         $-1, %rax
	0x4d, 0x89, 0xce, //0x000055db movq         %r9, %r14
	//0x000055de LBB0_946
	0x48, 0x8b, 0x4c, 0x24, 0x18, //0x000055de movq         $24(%rsp), %rcx
	0x4c, 0x89, 0x31, //0x000055e3 movq         %r14, (%rcx)
	0xe9, 0x2f, 0xfe, 0xff, 0xff, //0x000055e6 jmp          LBB0_949
	//0x000055eb LBB0_966
	0x48, 0x8b, 0x54, 0x24, 0x28, //0x000055eb movq         $40(%rsp), %rdx
	0xe9, 0xa7, 0x00, 0x00, 0x00, //0x000055f0 jmp          LBB0_963
	//0x000055f5 LBB0_947
	0x4d, 0x89, 0x03, //0x000055f5 movq         %r8, (%r11)
	0xe9, 0x16, 0xfe, 0xff, 0xff, //0x000055f8 jmp          LBB0_948
	//0x000055fd LBB0_967
	0x4c, 0x8b, 0x74, 0x24, 0x20, //0x000055fd movq         $32(%rsp), %r14
	0xe9, 0xd7, 0xff, 0xff, 0xff, //0x00005602 jmp          LBB0_946
	//0x00005607 LBB0_951
	0x48, 0x8b, 0x4c, 0x24, 0x70, //0x00005607 movq         $112(%rsp), %rcx
	0x48, 0x8b, 0x49, 0x08, //0x0000560c movq         $8(%rcx), %rcx
	0x48, 0x8b, 0x54, 0x24, 0x18, //0x00005610 movq         $24(%rsp), %rdx
	0x48, 0x89, 0x0a, //0x00005615 movq         %rcx, (%rdx)
	0xe9, 0xfd, 0xfd, 0xff, 0xff, //0x00005618 jmp          LBB0_949
	//0x0000561d LBB0_952
	0x48, 0x01, 0xfe, //0x0000561d addq         %rdi, %rsi
	0xe9, 0x07, 0x00, 0x00, 0x00, //0x00005620 jmp          LBB0_954
	//0x00005625 LBB0_953
	0x8b, 0x44, 0x24, 0x48, //0x00005625 movl         $72(%rsp), %eax
	0x48, 0x01, 0xc6, //0x00005629 addq         %rax, %rsi
	//0x0000562c LBB0_954
	0x48, 0xc7, 0xc0, 0xfe, 0xff, 0xff, 0xff, //0x0000562c movq         $-2, %rax
	0x48, 0x89, 0xf2, //0x00005633 movq         %rsi, %rdx
	0xe9, 0x61, 0x00, 0x00, 0x00, //0x00005636 jmp          LBB0_963
	//0x0000563b LBB0_955
	0x48, 0x01, 0xfe, //0x0000563b addq         %rdi, %rsi
	0xe9, 0x19, 0x00, 0x00, 0x00, //0x0000563e jmp          LBB0_958
	//0x00005643 LBB0_956
	0x4d, 0x29, 0xd6, //0x00005643 subq         %r10, %r14
	0x48, 0xc7, 0xc0, 0xfe, 0xff, 0xff, 0xff, //0x00005646 movq         $-2, %rax
	0x4c, 0x89, 0xf2, //0x0000564d movq         %r14, %rdx
	0xe9, 0x47, 0x00, 0x00, 0x00, //0x00005650 jmp          LBB0_963
	//0x00005655 LBB0_957
	0x8b, 0x44, 0x24, 0x48, //0x00005655 movl         $72(%rsp), %eax
	0x48, 0x01, 0xc6, //0x00005659 addq         %rax, %rsi
	//0x0000565c LBB0_958
	0x48, 0xc7, 0xc0, 0xfe, 0xff, 0xff, 0xff, //0x0000565c movq         $-2, %rax
	0x49, 0x89, 0xf6, //0x00005663 movq         %rsi, %r14
	0xe9, 0x73, 0xff, 0xff, 0xff, //0x00005666 jmp          LBB0_946
	//0x0000566b LBB0_959
	0x4d, 0x29, 0xd7, //0x0000566b subq         %r10, %r15
	0x48, 0xc7, 0xc0, 0xfe, 0xff, 0xff, 0xff, //0x0000566e movq         $-2, %rax
	0x4d, 0x89, 0xfe, //0x00005675 movq         %r15, %r14
	0xe9, 0x61, 0xff, 0xff, 0xff, //0x00005678 jmp          LBB0_946
	//0x0000567d LBB0_960
	0x48, 0x8b, 0x7c, 0x24, 0x10, //0x0000567d movq         $16(%rsp), %rdi
	//0x00005682 LBB0_961
	0x48, 0x89, 0xc8, //0x00005682 movq         %rcx, %rax
	0x48, 0x89, 0xfa, //0x00005685 movq         %rdi, %rdx
	0x48, 0x83, 0xf9, 0xff, //0x00005688 cmpq         $-1, %rcx
	0x0f, 0x85, 0x0a, 0x00, 0x00, 0x00, //0x0000568c jne          LBB0_963
	//0x00005692 LBB0_962
	0x48, 0xc7, 0xc0, 0xff, 0xff, 0xff, 0xff, //0x00005692 movq         $-1, %rax
	0x4c, 0x89, 0xc2, //0x00005699 movq         %r8, %rdx
	//0x0000569c LBB0_963
	0x48, 0x8b, 0x4c, 0x24, 0x18, //0x0000569c movq         $24(%rsp), %rcx
	0x48, 0x89, 0x11, //0x000056a1 movq         %rdx, (%rcx)
	0xe9, 0x71, 0xfd, 0xff, 0xff, //0x000056a4 jmp          LBB0_949
	//0x000056a9 LBB0_964
	0x4c, 0x89, 0xe2, //0x000056a9 movq         %r12, %rdx
	0x48, 0x83, 0xc2, 0xff, //0x000056ac addq         $-1, %rdx
	0x48, 0xc7, 0xc0, 0xfe, 0xff, 0xff, 0xff, //0x000056b0 movq         $-2, %rax
	0xe9, 0xe0, 0xff, 0xff, 0xff, //0x000056b7 jmp          LBB0_963
	//0x000056bc LBB0_965
	0x49, 0x83, 0xc6, 0xff, //0x000056bc addq         $-1, %r14
	0xe9, 0xee, 0xfe, 0xff, 0xff, //0x000056c0 jmp          LBB0_945
	0x90, 0x90, 0x90, //0x000056c5 .p2align 2, 0x90
	// // .set L0_0_set_39, LBB0_39-LJTI0_0
	// // .set L0_0_set_65, LBB0_65-LJTI0_0
	// // .set L0_0_set_44, LBB0_44-LJTI0_0
	// // .set L0_0_set_63, LBB0_63-LJTI0_0
	// // .set L0_0_set_42, LBB0_42-LJTI0_0
	// // .set L0_0_set_67, LBB0_67-LJTI0_0
	//0x000056c8 LJTI0_0
	0xf6, 0xae, 0xff, 0xff, //0x000056c8 .long L0_0_set_39
	0x9c, 0xb0, 0xff, 0xff, //0x000056cc .long L0_0_set_65
	0x2d, 0xaf, 0xff, 0xff, //0x000056d0 .long L0_0_set_44
	0x85, 0xb0, 0xff, 0xff, //0x000056d4 .long L0_0_set_63
	0x0d, 0xaf, 0xff, 0xff, //0x000056d8 .long L0_0_set_42
	0xc8, 0xb0, 0xff, 0xff, //0x000056dc .long L0_0_set_67
	// // .set L0_1_set_285, LBB0_285-LJTI0_1
	// // .set L0_1_set_946, LBB0_946-LJTI0_1
	// // .set L0_1_set_265, LBB0_265-LJTI0_1
	//0x000056e0 LJTI0_1
	0x5b, 0xc2, 0xff, 0xff, //0x000056e0 .long L0_1_set_285
	0xfe, 0xfe, 0xff, 0xff, //0x000056e4 .long L0_1_set_946
	0xfe, 0xfe, 0xff, 0xff, //0x000056e8 .long L0_1_set_946
	0xfe, 0xfe, 0xff, 0xff, //0x000056ec .long L0_1_set_946
	0xfe, 0xfe, 0xff, 0xff, //0x000056f0 .long L0_1_set_946
	0xfe, 0xfe, 0xff, 0xff, //0x000056f4 .long L0_1_set_946
	0xfe, 0xfe, 0xff, 0xff, //0x000056f8 .long L0_1_set_946
	0xfe, 0xfe, 0xff, 0xff, //0x000056fc .long L0_1_set_946
	0xfe, 0xfe, 0xff, 0xff, //0x00005700 .long L0_1_set_946
	0xfe, 0xfe, 0xff, 0xff, //0x00005704 .long L0_1_set_946
	0xfe, 0xfe, 0xff, 0xff, //0x00005708 .long L0_1_set_946
	0xfe, 0xfe, 0xff, 0xff, //0x0000570c .long L0_1_set_946
	0xfe, 0xfe, 0xff, 0xff, //0x00005710 .long L0_1_set_946
	0x5b, 0xc2, 0xff, 0xff, //0x00005714 .long L0_1_set_285
	0xfe, 0xfe, 0xff, 0xff, //0x00005718 .long L0_1_set_946
	0xfe, 0xfe, 0xff, 0xff, //0x0000571c .long L0_1_set_946
	0xfe, 0xfe, 0xff, 0xff, //0x00005720 .long L0_1_set_946
	0xfe, 0xfe, 0xff, 0xff, //0x00005724 .long L0_1_set_946
	0xfe, 0xfe, 0xff, 0xff, //0x00005728 .long L0_1_set_946
	0xfe, 0xfe, 0xff, 0xff, //0x0000572c .long L0_1_set_946
	0xfe, 0xfe, 0xff, 0xff, //0x00005730 .long L0_1_set_946
	0xfe, 0xfe, 0xff, 0xff, //0x00005734 .long L0_1_set_946
	0xfe, 0xfe, 0xff, 0xff, //0x00005738 .long L0_1_set_946
	0xfe, 0xfe, 0xff, 0xff, //0x0000573c .long L0_1_set_946
	0xfe, 0xfe, 0xff, 0xff, //0x00005740 .long L0_1_set_946
	0xfe, 0xfe, 0xff, 0xff, //0x00005744 .long L0_1_set_946
	0xfe, 0xfe, 0xff, 0xff, //0x00005748 .long L0_1_set_946
	0xfe, 0xfe, 0xff, 0xff, //0x0000574c .long L0_1_set_946
	0xfe, 0xfe, 0xff, 0xff, //0x00005750 .long L0_1_set_946
	0xfe, 0xfe, 0xff, 0xff, //0x00005754 .long L0_1_set_946
	0xfe, 0xfe, 0xff, 0xff, //0x00005758 .long L0_1_set_946
	0xfe, 0xfe, 0xff, 0xff, //0x0000575c .long L0_1_set_946
	0xfe, 0xfe, 0xff, 0xff, //0x00005760 .long L0_1_set_946
	0xfe, 0xfe, 0xff, 0xff, //0x00005764 .long L0_1_set_946
	0xfe, 0xfe, 0xff, 0xff, //0x00005768 .long L0_1_set_946
	0xfe, 0xfe, 0xff, 0xff, //0x0000576c .long L0_1_set_946
	0xfe, 0xfe, 0xff, 0xff, //0x00005770 .long L0_1_set_946
	0xfe, 0xfe, 0xff, 0xff, //0x00005774 .long L0_1_set_946
	0xfe, 0xfe, 0xff, 0xff, //0x00005778 .long L0_1_set_946
	0xfe, 0xfe, 0xff, 0xff, //0x0000577c .long L0_1_set_946
	0xfe, 0xfe, 0xff, 0xff, //0x00005780 .long L0_1_set_946
	0xfe, 0xfe, 0xff, 0xff, //0x00005784 .long L0_1_set_946
	0xfe, 0xfe, 0xff, 0xff, //0x00005788 .long L0_1_set_946
	0xfe, 0xfe, 0xff, 0xff, //0x0000578c .long L0_1_set_946
	0xfe, 0xfe, 0xff, 0xff, //0x00005790 .long L0_1_set_946
	0xfe, 0xfe, 0xff, 0xff, //0x00005794 .long L0_1_set_946
	0xfe, 0xfe, 0xff, 0xff, //0x00005798 .long L0_1_set_946
	0xfe, 0xfe, 0xff, 0xff, //0x0000579c .long L0_1_set_946
	0xfe, 0xfe, 0xff, 0xff, //0x000057a0 .long L0_1_set_946
	0xfe, 0xfe, 0xff, 0xff, //0x000057a4 .long L0_1_set_946
	0xfe, 0xfe, 0xff, 0xff, //0x000057a8 .long L0_1_set_946
	0xfe, 0xfe, 0xff, 0xff, //0x000057ac .long L0_1_set_946
	0xfe, 0xfe, 0xff, 0xff, //0x000057b0 .long L0_1_set_946
	0xfe, 0xfe, 0xff, 0xff, //0x000057b4 .long L0_1_set_946
	0xfe, 0xfe, 0xff, 0xff, //0x000057b8 .long L0_1_set_946
	0xfe, 0xfe, 0xff, 0xff, //0x000057bc .long L0_1_set_946
	0xfe, 0xfe, 0xff, 0xff, //0x000057c0 .long L0_1_set_946
	0xfe, 0xfe, 0xff, 0xff, //0x000057c4 .long L0_1_set_946
	0x5b, 0xc2, 0xff, 0xff, //0x000057c8 .long L0_1_set_285
	0xfe, 0xfe, 0xff, 0xff, //0x000057cc .long L0_1_set_946
	0xfe, 0xfe, 0xff, 0xff, //0x000057d0 .long L0_1_set_946
	0xfe, 0xfe, 0xff, 0xff, //0x000057d4 .long L0_1_set_946
	0xfe, 0xfe, 0xff, 0xff, //0x000057d8 .long L0_1_set_946
	0xfe, 0xfe, 0xff, 0xff, //0x000057dc .long L0_1_set_946
	0x5b, 0xc2, 0xff, 0xff, //0x000057e0 .long L0_1_set_285
	0xfe, 0xfe, 0xff, 0xff, //0x000057e4 .long L0_1_set_946
	0xfe, 0xfe, 0xff, 0xff, //0x000057e8 .long L0_1_set_946
	0xfe, 0xfe, 0xff, 0xff, //0x000057ec .long L0_1_set_946
	0x5b, 0xc2, 0xff, 0xff, //0x000057f0 .long L0_1_set_285
	0xfe, 0xfe, 0xff, 0xff, //0x000057f4 .long L0_1_set_946
	0xfe, 0xfe, 0xff, 0xff, //0x000057f8 .long L0_1_set_946
	0xfe, 0xfe, 0xff, 0xff, //0x000057fc .long L0_1_set_946
	0xfe, 0xfe, 0xff, 0xff, //0x00005800 .long L0_1_set_946
	0xfe, 0xfe, 0xff, 0xff, //0x00005804 .long L0_1_set_946
	0xfe, 0xfe, 0xff, 0xff, //0x00005808 .long L0_1_set_946
	0xfe, 0xfe, 0xff, 0xff, //0x0000580c .long L0_1_set_946
	0x5b, 0xc2, 0xff, 0xff, //0x00005810 .long L0_1_set_285
	0xfe, 0xfe, 0xff, 0xff, //0x00005814 .long L0_1_set_946
	0xfe, 0xfe, 0xff, 0xff, //0x00005818 .long L0_1_set_946
	0xfe, 0xfe, 0xff, 0xff, //0x0000581c .long L0_1_set_946
	0x5b, 0xc2, 0xff, 0xff, //0x00005820 .long L0_1_set_285
	0xfe, 0xfe, 0xff, 0xff, //0x00005824 .long L0_1_set_946
	0x5b, 0xc2, 0xff, 0xff, //0x00005828 .long L0_1_set_285
	0xcb, 0xbf, 0xff, 0xff, //0x0000582c .long L0_1_set_265
	// // .set L0_2_set_875, LBB0_875-LJTI0_2
	// // .set L0_2_set_946, LBB0_946-LJTI0_2
	// // .set L0_2_set_854, LBB0_854-LJTI0_2
	//0x00005830 LJTI0_2
	0x39, 0xf7, 0xff, 0xff, //0x00005830 .long L0_2_set_875
	0xae, 0xfd, 0xff, 0xff, //0x00005834 .long L0_2_set_946
	0xae, 0xfd, 0xff, 0xff, //0x00005838 .long L0_2_set_946
	0xae, 0xfd, 0xff, 0xff, //0x0000583c .long L0_2_set_946
	0xae, 0xfd, 0xff, 0xff, //0x00005840 .long L0_2_set_946
	0xae, 0xfd, 0xff, 0xff, //0x00005844 .long L0_2_set_946
	0xae, 0xfd, 0xff, 0xff, //0x00005848 .long L0_2_set_946
	0xae, 0xfd, 0xff, 0xff, //0x0000584c .long L0_2_set_946
	0xae, 0xfd, 0xff, 0xff, //0x00005850 .long L0_2_set_946
	0xae, 0xfd, 0xff, 0xff, //0x00005854 .long L0_2_set_946
	0xae, 0xfd, 0xff, 0xff, //0x00005858 .long L0_2_set_946
	0xae, 0xfd, 0xff, 0xff, //0x0000585c .long L0_2_set_946
	0xae, 0xfd, 0xff, 0xff, //0x00005860 .long L0_2_set_946
	0x39, 0xf7, 0xff, 0xff, //0x00005864 .long L0_2_set_875
	0xae, 0xfd, 0xff, 0xff, //0x00005868 .long L0_2_set_946
	0xae, 0xfd, 0xff, 0xff, //0x0000586c .long L0_2_set_946
	0xae, 0xfd, 0xff, 0xff, //0x00005870 .long L0_2_set_946
	0xae, 0xfd, 0xff, 0xff, //0x00005874 .long L0_2_set_946
	0xae, 0xfd, 0xff, 0xff, //0x00005878 .long L0_2_set_946
	0xae, 0xfd, 0xff, 0xff, //0x0000587c .long L0_2_set_946
	0xae, 0xfd, 0xff, 0xff, //0x00005880 .long L0_2_set_946
	0xae, 0xfd, 0xff, 0xff, //0x00005884 .long L0_2_set_946
	0xae, 0xfd, 0xff, 0xff, //0x00005888 .long L0_2_set_946
	0xae, 0xfd, 0xff, 0xff, //0x0000588c .long L0_2_set_946
	0xae, 0xfd, 0xff, 0xff, //0x00005890 .long L0_2_set_946
	0xae, 0xfd, 0xff, 0xff, //0x00005894 .long L0_2_set_946
	0xae, 0xfd, 0xff, 0xff, //0x00005898 .long L0_2_set_946
	0xae, 0xfd, 0xff, 0xff, //0x0000589c .long L0_2_set_946
	0xae, 0xfd, 0xff, 0xff, //0x000058a0 .long L0_2_set_946
	0xae, 0xfd, 0xff, 0xff, //0x000058a4 .long L0_2_set_946
	0xae, 0xfd, 0xff, 0xff, //0x000058a8 .long L0_2_set_946
	0xae, 0xfd, 0xff, 0xff, //0x000058ac .long L0_2_set_946
	0xae, 0xfd, 0xff, 0xff, //0x000058b0 .long L0_2_set_946
	0xae, 0xfd, 0xff, 0xff, //0x000058b4 .long L0_2_set_946
	0xae, 0xfd, 0xff, 0xff, //0x000058b8 .long L0_2_set_946
	0xae, 0xfd, 0xff, 0xff, //0x000058bc .long L0_2_set_946
	0xae, 0xfd, 0xff, 0xff, //0x000058c0 .long L0_2_set_946
	0xae, 0xfd, 0xff, 0xff, //0x000058c4 .long L0_2_set_946
	0xae, 0xfd, 0xff, 0xff, //0x000058c8 .long L0_2_set_946
	0xae, 0xfd, 0xff, 0xff, //0x000058cc .long L0_2_set_946
	0xae, 0xfd, 0xff, 0xff, //0x000058d0 .long L0_2_set_946
	0xae, 0xfd, 0xff, 0xff, //0x000058d4 .long L0_2_set_946
	0xae, 0xfd, 0xff, 0xff, //0x000058d8 .long L0_2_set_946
	0xae, 0xfd, 0xff, 0xff, //0x000058dc .long L0_2_set_946
	0xae, 0xfd, 0xff, 0xff, //0x000058e0 .long L0_2_set_946
	0xae, 0xfd, 0xff, 0xff, //0x000058e4 .long L0_2_set_946
	0xae, 0xfd, 0xff, 0xff, //0x000058e8 .long L0_2_set_946
	0xae, 0xfd, 0xff, 0xff, //0x000058ec .long L0_2_set_946
	0xae, 0xfd, 0xff, 0xff, //0x000058f0 .long L0_2_set_946
	0xae, 0xfd, 0xff, 0xff, //0x000058f4 .long L0_2_set_946
	0xae, 0xfd, 0xff, 0xff, //0x000058f8 .long L0_2_set_946
	0xae, 0xfd, 0xff, 0xff, //0x000058fc .long L0_2_set_946
	0xae, 0xfd, 0xff, 0xff, //0x00005900 .long L0_2_set_946
	0xae, 0xfd, 0xff, 0xff, //0x00005904 .long L0_2_set_946
	0xae, 0xfd, 0xff, 0xff, //0x00005908 .long L0_2_set_946
	0xae, 0xfd, 0xff, 0xff, //0x0000590c .long L0_2_set_946
	0xae, 0xfd, 0xff, 0xff, //0x00005910 .long L0_2_set_946
	0xae, 0xfd, 0xff, 0xff, //0x00005914 .long L0_2_set_946
	0x39, 0xf7, 0xff, 0xff, //0x00005918 .long L0_2_set_875
	0xae, 0xfd, 0xff, 0xff, //0x0000591c .long L0_2_set_946
	0xae, 0xfd, 0xff, 0xff, //0x00005920 .long L0_2_set_946
	0xae, 0xfd, 0xff, 0xff, //0x00005924 .long L0_2_set_946
	0xae, 0xfd, 0xff, 0xff, //0x00005928 .long L0_2_set_946
	0xae, 0xfd, 0xff, 0xff, //0x0000592c .long L0_2_set_946
	0x39, 0xf7, 0xff, 0xff, //0x00005930 .long L0_2_set_875
	0xae, 0xfd, 0xff, 0xff, //0x00005934 .long L0_2_set_946
	0xae, 0xfd, 0xff, 0xff, //0x00005938 .long L0_2_set_946
	0xae, 0xfd, 0xff, 0xff, //0x0000593c .long L0_2_set_946
	0x39, 0xf7, 0xff, 0xff, //0x00005940 .long L0_2_set_875
	0xae, 0xfd, 0xff, 0xff, //0x00005944 .long L0_2_set_946
	0xae, 0xfd, 0xff, 0xff, //0x00005948 .long L0_2_set_946
	0xae, 0xfd, 0xff, 0xff, //0x0000594c .long L0_2_set_946
	0xae, 0xfd, 0xff, 0xff, //0x00005950 .long L0_2_set_946
	0xae, 0xfd, 0xff, 0xff, //0x00005954 .long L0_2_set_946
	0xae, 0xfd, 0xff, 0xff, //0x00005958 .long L0_2_set_946
	0xae, 0xfd, 0xff, 0xff, //0x0000595c .long L0_2_set_946
	0x39, 0xf7, 0xff, 0xff, //0x00005960 .long L0_2_set_875
	0xae, 0xfd, 0xff, 0xff, //0x00005964 .long L0_2_set_946
	0xae, 0xfd, 0xff, 0xff, //0x00005968 .long L0_2_set_946
	0xae, 0xfd, 0xff, 0xff, //0x0000596c .long L0_2_set_946
	0x39, 0xf7, 0xff, 0xff, //0x00005970 .long L0_2_set_875
	0xae, 0xfd, 0xff, 0xff, //0x00005974 .long L0_2_set_946
	0x39, 0xf7, 0xff, 0xff, //0x00005978 .long L0_2_set_875
	0xd3, 0xf4, 0xff, 0xff, //0x0000597c .long L0_2_set_854
	// // .set L0_3_set_743, LBB0_743-LJTI0_3
	// // .set L0_3_set_965, LBB0_965-LJTI0_3
	// // .set L0_3_set_878, LBB0_878-LJTI0_3
	//0x00005980 LJTI0_3
	0xaa, 0xe8, 0xff, 0xff, //0x00005980 .long L0_3_set_743
	0x3c, 0xfd, 0xff, 0xff, //0x00005984 .long L0_3_set_965
	0x3c, 0xfd, 0xff, 0xff, //0x00005988 .long L0_3_set_965
	0x3c, 0xfd, 0xff, 0xff, //0x0000598c .long L0_3_set_965
	0x3c, 0xfd, 0xff, 0xff, //0x00005990 .long L0_3_set_965
	0x3c, 0xfd, 0xff, 0xff, //0x00005994 .long L0_3_set_965
	0x3c, 0xfd, 0xff, 0xff, //0x00005998 .long L0_3_set_965
	0x3c, 0xfd, 0xff, 0xff, //0x0000599c .long L0_3_set_965
	0x3c, 0xfd, 0xff, 0xff, //0x000059a0 .long L0_3_set_965
	0x3c, 0xfd, 0xff, 0xff, //0x000059a4 .long L0_3_set_965
	0x3c, 0xfd, 0xff, 0xff, //0x000059a8 .long L0_3_set_965
	0x3c, 0xfd, 0xff, 0xff, //0x000059ac .long L0_3_set_965
	0x3c, 0xfd, 0xff, 0xff, //0x000059b0 .long L0_3_set_965
	0xaa, 0xe8, 0xff, 0xff, //0x000059b4 .long L0_3_set_743
	0x3c, 0xfd, 0xff, 0xff, //0x000059b8 .long L0_3_set_965
	0x3c, 0xfd, 0xff, 0xff, //0x000059bc .long L0_3_set_965
	0x3c, 0xfd, 0xff, 0xff, //0x000059c0 .long L0_3_set_965
	0x3c, 0xfd, 0xff, 0xff, //0x000059c4 .long L0_3_set_965
	0x3c, 0xfd, 0xff, 0xff, //0x000059c8 .long L0_3_set_965
	0x3c, 0xfd, 0xff, 0xff, //0x000059cc .long L0_3_set_965
	0x3c, 0xfd, 0xff, 0xff, //0x000059d0 .long L0_3_set_965
	0x3c, 0xfd, 0xff, 0xff, //0x000059d4 .long L0_3_set_965
	0x3c, 0xfd, 0xff, 0xff, //0x000059d8 .long L0_3_set_965
	0x3c, 0xfd, 0xff, 0xff, //0x000059dc .long L0_3_set_965
	0x3c, 0xfd, 0xff, 0xff, //0x000059e0 .long L0_3_set_965
	0x3c, 0xfd, 0xff, 0xff, //0x000059e4 .long L0_3_set_965
	0x3c, 0xfd, 0xff, 0xff, //0x000059e8 .long L0_3_set_965
	0x3c, 0xfd, 0xff, 0xff, //0x000059ec .long L0_3_set_965
	0x3c, 0xfd, 0xff, 0xff, //0x000059f0 .long L0_3_set_965
	0x3c, 0xfd, 0xff, 0xff, //0x000059f4 .long L0_3_set_965
	0x3c, 0xfd, 0xff, 0xff, //0x000059f8 .long L0_3_set_965
	0x3c, 0xfd, 0xff, 0xff, //0x000059fc .long L0_3_set_965
	0x3c, 0xfd, 0xff, 0xff, //0x00005a00 .long L0_3_set_965
	0x3c, 0xfd, 0xff, 0xff, //0x00005a04 .long L0_3_set_965
	0x3c, 0xfd, 0xff, 0xff, //0x00005a08 .long L0_3_set_965
	0x3c, 0xfd, 0xff, 0xff, //0x00005a0c .long L0_3_set_965
	0x3c, 0xfd, 0xff, 0xff, //0x00005a10 .long L0_3_set_965
	0x3c, 0xfd, 0xff, 0xff, //0x00005a14 .long L0_3_set_965
	0x3c, 0xfd, 0xff, 0xff, //0x00005a18 .long L0_3_set_965
	0x3c, 0xfd, 0xff, 0xff, //0x00005a1c .long L0_3_set_965
	0x3c, 0xfd, 0xff, 0xff, //0x00005a20 .long L0_3_set_965
	0x3c, 0xfd, 0xff, 0xff, //0x00005a24 .long L0_3_set_965
	0x3c, 0xfd, 0xff, 0xff, //0x00005a28 .long L0_3_set_965
	0x3c, 0xfd, 0xff, 0xff, //0x00005a2c .long L0_3_set_965
	0x3c, 0xfd, 0xff, 0xff, //0x00005a30 .long L0_3_set_965
	0x3c, 0xfd, 0xff, 0xff, //0x00005a34 .long L0_3_set_965
	0x3c, 0xfd, 0xff, 0xff, //0x00005a38 .long L0_3_set_965
	0x3c, 0xfd, 0xff, 0xff, //0x00005a3c .long L0_3_set_965
	0x3c, 0xfd, 0xff, 0xff, //0x00005a40 .long L0_3_set_965
	0x3c, 0xfd, 0xff, 0xff, //0x00005a44 .long L0_3_set_965
	0x3c, 0xfd, 0xff, 0xff, //0x00005a48 .long L0_3_set_965
	0x3c, 0xfd, 0xff, 0xff, //0x00005a4c .long L0_3_set_965
	0x3c, 0xfd, 0xff, 0xff, //0x00005a50 .long L0_3_set_965
	0x3c, 0xfd, 0xff, 0xff, //0x00005a54 .long L0_3_set_965
	0x3c, 0xfd, 0xff, 0xff, //0x00005a58 .long L0_3_set_965
	0x3c, 0xfd, 0xff, 0xff, //0x00005a5c .long L0_3_set_965
	0x3c, 0xfd, 0xff, 0xff, //0x00005a60 .long L0_3_set_965
	0x3c, 0xfd, 0xff, 0xff, //0x00005a64 .long L0_3_set_965
	0xaa, 0xe8, 0xff, 0xff, //0x00005a68 .long L0_3_set_743
	0x3c, 0xfd, 0xff, 0xff, //0x00005a6c .long L0_3_set_965
	0x3c, 0xfd, 0xff, 0xff, //0x00005a70 .long L0_3_set_965
	0x3c, 0xfd, 0xff, 0xff, //0x00005a74 .long L0_3_set_965
	0x3c, 0xfd, 0xff, 0xff, //0x00005a78 .long L0_3_set_965
	0x3c, 0xfd, 0xff, 0xff, //0x00005a7c .long L0_3_set_965
	0xaa, 0xe8, 0xff, 0xff, //0x00005a80 .long L0_3_set_743
	0x3c, 0xfd, 0xff, 0xff, //0x00005a84 .long L0_3_set_965
	0x3c, 0xfd, 0xff, 0xff, //0x00005a88 .long L0_3_set_965
	0x3c, 0xfd, 0xff, 0xff, //0x00005a8c .long L0_3_set_965
	0xaa, 0xe8, 0xff, 0xff, //0x00005a90 .long L0_3_set_743
	0x3c, 0xfd, 0xff, 0xff, //0x00005a94 .long L0_3_set_965
	0x3c, 0xfd, 0xff, 0xff, //0x00005a98 .long L0_3_set_965
	0x3c, 0xfd, 0xff, 0xff, //0x00005a9c .long L0_3_set_965
	0x3c, 0xfd, 0xff, 0xff, //0x00005aa0 .long L0_3_set_965
	0x3c, 0xfd, 0xff, 0xff, //0x00005aa4 .long L0_3_set_965
	0x3c, 0xfd, 0xff, 0xff, //0x00005aa8 .long L0_3_set_965
	0x3c, 0xfd, 0xff, 0xff, //0x00005aac .long L0_3_set_965
	0xaa, 0xe8, 0xff, 0xff, //0x00005ab0 .long L0_3_set_743
	0x3c, 0xfd, 0xff, 0xff, //0x00005ab4 .long L0_3_set_965
	0x3c, 0xfd, 0xff, 0xff, //0x00005ab8 .long L0_3_set_965
	0x3c, 0xfd, 0xff, 0xff, //0x00005abc .long L0_3_set_965
	0xaa, 0xe8, 0xff, 0xff, //0x00005ac0 .long L0_3_set_743
	0x3c, 0xfd, 0xff, 0xff, //0x00005ac4 .long L0_3_set_965
	0xaa, 0xe8, 0xff, 0xff, //0x00005ac8 .long L0_3_set_743
	0x32, 0xf6, 0xff, 0xff, //0x00005acc .long L0_3_set_878
	// // .set L0_4_set_234, LBB0_234-LJTI0_4
	// // .set L0_4_set_963, LBB0_963-LJTI0_4
	// // .set L0_4_set_218, LBB0_218-LJTI0_4
	//0x00005ad0 LJTI0_4
	0xe6, 0xb9, 0xff, 0xff, //0x00005ad0 .long L0_4_set_234
	0xcc, 0xfb, 0xff, 0xff, //0x00005ad4 .long L0_4_set_963
	0xcc, 0xfb, 0xff, 0xff, //0x00005ad8 .long L0_4_set_963
	0xcc, 0xfb, 0xff, 0xff, //0x00005adc .long L0_4_set_963
	0xcc, 0xfb, 0xff, 0xff, //0x00005ae0 .long L0_4_set_963
	0xcc, 0xfb, 0xff, 0xff, //0x00005ae4 .long L0_4_set_963
	0xcc, 0xfb, 0xff, 0xff, //0x00005ae8 .long L0_4_set_963
	0xcc, 0xfb, 0xff, 0xff, //0x00005aec .long L0_4_set_963
	0xcc, 0xfb, 0xff, 0xff, //0x00005af0 .long L0_4_set_963
	0xcc, 0xfb, 0xff, 0xff, //0x00005af4 .long L0_4_set_963
	0xcc, 0xfb, 0xff, 0xff, //0x00005af8 .long L0_4_set_963
	0xcc, 0xfb, 0xff, 0xff, //0x00005afc .long L0_4_set_963
	0xcc, 0xfb, 0xff, 0xff, //0x00005b00 .long L0_4_set_963
	0xe6, 0xb9, 0xff, 0xff, //0x00005b04 .long L0_4_set_234
	0xcc, 0xfb, 0xff, 0xff, //0x00005b08 .long L0_4_set_963
	0xcc, 0xfb, 0xff, 0xff, //0x00005b0c .long L0_4_set_963
	0xcc, 0xfb, 0xff, 0xff, //0x00005b10 .long L0_4_set_963
	0xcc, 0xfb, 0xff, 0xff, //0x00005b14 .long L0_4_set_963
	0xcc, 0xfb, 0xff, 0xff, //0x00005b18 .long L0_4_set_963
	0xcc, 0xfb, 0xff, 0xff, //0x00005b1c .long L0_4_set_963
	0xcc, 0xfb, 0xff, 0xff, //0x00005b20 .long L0_4_set_963
	0xcc, 0xfb, 0xff, 0xff, //0x00005b24 .long L0_4_set_963
	0xcc, 0xfb, 0xff, 0xff, //0x00005b28 .long L0_4_set_963
	0xcc, 0xfb, 0xff, 0xff, //0x00005b2c .long L0_4_set_963
	0xcc, 0xfb, 0xff, 0xff, //0x00005b30 .long L0_4_set_963
	0xcc, 0xfb, 0xff, 0xff, //0x00005b34 .long L0_4_set_963
	0xcc, 0xfb, 0xff, 0xff, //0x00005b38 .long L0_4_set_963
	0xcc, 0xfb, 0xff, 0xff, //0x00005b3c .long L0_4_set_963
	0xcc, 0xfb, 0xff, 0xff, //0x00005b40 .long L0_4_set_963
	0xcc, 0xfb, 0xff, 0xff, //0x00005b44 .long L0_4_set_963
	0xcc, 0xfb, 0xff, 0xff, //0x00005b48 .long L0_4_set_963
	0xcc, 0xfb, 0xff, 0xff, //0x00005b4c .long L0_4_set_963
	0xcc, 0xfb, 0xff, 0xff, //0x00005b50 .long L0_4_set_963
	0xcc, 0xfb, 0xff, 0xff, //0x00005b54 .long L0_4_set_963
	0xcc, 0xfb, 0xff, 0xff, //0x00005b58 .long L0_4_set_963
	0xcc, 0xfb, 0xff, 0xff, //0x00005b5c .long L0_4_set_963
	0xcc, 0xfb, 0xff, 0xff, //0x00005b60 .long L0_4_set_963
	0xcc, 0xfb, 0xff, 0xff, //0x00005b64 .long L0_4_set_963
	0xcc, 0xfb, 0xff, 0xff, //0x00005b68 .long L0_4_set_963
	0xcc, 0xfb, 0xff, 0xff, //0x00005b6c .long L0_4_set_963
	0xcc, 0xfb, 0xff, 0xff, //0x00005b70 .long L0_4_set_963
	0xcc, 0xfb, 0xff, 0xff, //0x00005b74 .long L0_4_set_963
	0xcc, 0xfb, 0xff, 0xff, //0x00005b78 .long L0_4_set_963
	0xcc, 0xfb, 0xff, 0xff, //0x00005b7c .long L0_4_set_963
	0xcc, 0xfb, 0xff, 0xff, //0x00005b80 .long L0_4_set_963
	0xcc, 0xfb, 0xff, 0xff, //0x00005b84 .long L0_4_set_963
	0xcc, 0xfb, 0xff, 0xff, //0x00005b88 .long L0_4_set_963
	0xcc, 0xfb, 0xff, 0xff, //0x00005b8c .long L0_4_set_963
	0xcc, 0xfb, 0xff, 0xff, //0x00005b90 .long L0_4_set_963
	0xcc, 0xfb, 0xff, 0xff, //0x00005b94 .long L0_4_set_963
	0xcc, 0xfb, 0xff, 0xff, //0x00005b98 .long L0_4_set_963
	0xcc, 0xfb, 0xff, 0xff, //0x00005b9c .long L0_4_set_963
	0xcc, 0xfb, 0xff, 0xff, //0x00005ba0 .long L0_4_set_963
	0xcc, 0xfb, 0xff, 0xff, //0x00005ba4 .long L0_4_set_963
	0xcc, 0xfb, 0xff, 0xff, //0x00005ba8 .long L0_4_set_963
	0xcc, 0xfb, 0xff, 0xff, //0x00005bac .long L0_4_set_963
	0xcc, 0xfb, 0xff, 0xff, //0x00005bb0 .long L0_4_set_963
	0xcc, 0xfb, 0xff, 0xff, //0x00005bb4 .long L0_4_set_963
	0xe6, 0xb9, 0xff, 0xff, //0x00005bb8 .long L0_4_set_234
	0xcc, 0xfb, 0xff, 0xff, //0x00005bbc .long L0_4_set_963
	0xcc, 0xfb, 0xff, 0xff, //0x00005bc0 .long L0_4_set_963
	0xcc, 0xfb, 0xff, 0xff, //0x00005bc4 .long L0_4_set_963
	0xcc, 0xfb, 0xff, 0xff, //0x00005bc8 .long L0_4_set_963
	0xcc, 0xfb, 0xff, 0xff, //0x00005bcc .long L0_4_set_963
	0xe6, 0xb9, 0xff, 0xff, //0x00005bd0 .long L0_4_set_234
	0xcc, 0xfb, 0xff, 0xff, //0x00005bd4 .long L0_4_set_963
	0xcc, 0xfb, 0xff, 0xff, //0x00005bd8 .long L0_4_set_963
	0xcc, 0xfb, 0xff, 0xff, //0x00005bdc .long L0_4_set_963
	0xe6, 0xb9, 0xff, 0xff, //0x00005be0 .long L0_4_set_234
	0xcc, 0xfb, 0xff, 0xff, //0x00005be4 .long L0_4_set_963
	0xcc, 0xfb, 0xff, 0xff, //0x00005be8 .long L0_4_set_963
	0xcc, 0xfb, 0xff, 0xff, //0x00005bec .long L0_4_set_963
	0xcc, 0xfb, 0xff, 0xff, //0x00005bf0 .long L0_4_set_963
	0xcc, 0xfb, 0xff, 0xff, //0x00005bf4 .long L0_4_set_963
	0xcc, 0xfb, 0xff, 0xff, //0x00005bf8 .long L0_4_set_963
	0xcc, 0xfb, 0xff, 0xff, //0x00005bfc .long L0_4_set_963
	0xe6, 0xb9, 0xff, 0xff, //0x00005c00 .long L0_4_set_234
	0xcc, 0xfb, 0xff, 0xff, //0x00005c04 .long L0_4_set_963
	0xcc, 0xfb, 0xff, 0xff, //0x00005c08 .long L0_4_set_963
	0xcc, 0xfb, 0xff, 0xff, //0x00005c0c .long L0_4_set_963
	0xe6, 0xb9, 0xff, 0xff, //0x00005c10 .long L0_4_set_234
	0xcc, 0xfb, 0xff, 0xff, //0x00005c14 .long L0_4_set_963
	0xe6, 0xb9, 0xff, 0xff, //0x00005c18 .long L0_4_set_234
	0xb6, 0xb7, 0xff, 0xff, //0x00005c1c .long L0_4_set_218
	// // .set L0_5_set_831, LBB0_831-LJTI0_5
	// // .set L0_5_set_963, LBB0_963-LJTI0_5
	// // .set L0_5_set_810, LBB0_810-LJTI0_5
	//0x00005c20 LJTI0_5
	0xa4, 0xee, 0xff, 0xff, //0x00005c20 .long L0_5_set_831
	0x7c, 0xfa, 0xff, 0xff, //0x00005c24 .long L0_5_set_963
	0x7c, 0xfa, 0xff, 0xff, //0x00005c28 .long L0_5_set_963
	0x7c, 0xfa, 0xff, 0xff, //0x00005c2c .long L0_5_set_963
	0x7c, 0xfa, 0xff, 0xff, //0x00005c30 .long L0_5_set_963
	0x7c, 0xfa, 0xff, 0xff, //0x00005c34 .long L0_5_set_963
	0x7c, 0xfa, 0xff, 0xff, //0x00005c38 .long L0_5_set_963
	0x7c, 0xfa, 0xff, 0xff, //0x00005c3c .long L0_5_set_963
	0x7c, 0xfa, 0xff, 0xff, //0x00005c40 .long L0_5_set_963
	0x7c, 0xfa, 0xff, 0xff, //0x00005c44 .long L0_5_set_963
	0x7c, 0xfa, 0xff, 0xff, //0x00005c48 .long L0_5_set_963
	0x7c, 0xfa, 0xff, 0xff, //0x00005c4c .long L0_5_set_963
	0x7c, 0xfa, 0xff, 0xff, //0x00005c50 .long L0_5_set_963
	0xa4, 0xee, 0xff, 0xff, //0x00005c54 .long L0_5_set_831
	0x7c, 0xfa, 0xff, 0xff, //0x00005c58 .long L0_5_set_963
	0x7c, 0xfa, 0xff, 0xff, //0x00005c5c .long L0_5_set_963
	0x7c, 0xfa, 0xff, 0xff, //0x00005c60 .long L0_5_set_963
	0x7c, 0xfa, 0xff, 0xff, //0x00005c64 .long L0_5_set_963
	0x7c, 0xfa, 0xff, 0xff, //0x00005c68 .long L0_5_set_963
	0x7c, 0xfa, 0xff, 0xff, //0x00005c6c .long L0_5_set_963
	0x7c, 0xfa, 0xff, 0xff, //0x00005c70 .long L0_5_set_963
	0x7c, 0xfa, 0xff, 0xff, //0x00005c74 .long L0_5_set_963
	0x7c, 0xfa, 0xff, 0xff, //0x00005c78 .long L0_5_set_963
	0x7c, 0xfa, 0xff, 0xff, //0x00005c7c .long L0_5_set_963
	0x7c, 0xfa, 0xff, 0xff, //0x00005c80 .long L0_5_set_963
	0x7c, 0xfa, 0xff, 0xff, //0x00005c84 .long L0_5_set_963
	0x7c, 0xfa, 0xff, 0xff, //0x00005c88 .long L0_5_set_963
	0x7c, 0xfa, 0xff, 0xff, //0x00005c8c .long L0_5_set_963
	0x7c, 0xfa, 0xff, 0xff, //0x00005c90 .long L0_5_set_963
	0x7c, 0xfa, 0xff, 0xff, //0x00005c94 .long L0_5_set_963
	0x7c, 0xfa, 0xff, 0xff, //0x00005c98 .long L0_5_set_963
	0x7c, 0xfa, 0xff, 0xff, //0x00005c9c .long L0_5_set_963
	0x7c, 0xfa, 0xff, 0xff, //0x00005ca0 .long L0_5_set_963
	0x7c, 0xfa, 0xff, 0xff, //0x00005ca4 .long L0_5_set_963
	0x7c, 0xfa, 0xff, 0xff, //0x00005ca8 .long L0_5_set_963
	0x7c, 0xfa, 0xff, 0xff, //0x00005cac .long L0_5_set_963
	0x7c, 0xfa, 0xff, 0xff, //0x00005cb0 .long L0_5_set_963
	0x7c, 0xfa, 0xff, 0xff, //0x00005cb4 .long L0_5_set_963
	0x7c, 0xfa, 0xff, 0xff, //0x00005cb8 .long L0_5_set_963
	0x7c, 0xfa, 0xff, 0xff, //0x00005cbc .long L0_5_set_963
	0x7c, 0xfa, 0xff, 0xff, //0x00005cc0 .long L0_5_set_963
	0x7c, 0xfa, 0xff, 0xff, //0x00005cc4 .long L0_5_set_963
	0x7c, 0xfa, 0xff, 0xff, //0x00005cc8 .long L0_5_set_963
	0x7c, 0xfa, 0xff, 0xff, //0x00005ccc .long L0_5_set_963
	0x7c, 0xfa, 0xff, 0xff, //0x00005cd0 .long L0_5_set_963
	0x7c, 0xfa, 0xff, 0xff, //0x00005cd4 .long L0_5_set_963
	0x7c, 0xfa, 0xff, 0xff, //0x00005cd8 .long L0_5_set_963
	0x7c, 0xfa, 0xff, 0xff, //0x00005cdc .long L0_5_set_963
	0x7c, 0xfa, 0xff, 0xff, //0x00005ce0 .long L0_5_set_963
	0x7c, 0xfa, 0xff, 0xff, //0x00005ce4 .long L0_5_set_963
	0x7c, 0xfa, 0xff, 0xff, //0x00005ce8 .long L0_5_set_963
	0x7c, 0xfa, 0xff, 0xff, //0x00005cec .long L0_5_set_963
	0x7c, 0xfa, 0xff, 0xff, //0x00005cf0 .long L0_5_set_963
	0x7c, 0xfa, 0xff, 0xff, //0x00005cf4 .long L0_5_set_963
	0x7c, 0xfa, 0xff, 0xff, //0x00005cf8 .long L0_5_set_963
	0x7c, 0xfa, 0xff, 0xff, //0x00005cfc .long L0_5_set_963
	0x7c, 0xfa, 0xff, 0xff, //0x00005d00 .long L0_5_set_963
	0x7c, 0xfa, 0xff, 0xff, //0x00005d04 .long L0_5_set_963
	0xa4, 0xee, 0xff, 0xff, //0x00005d08 .long L0_5_set_831
	0x7c, 0xfa, 0xff, 0xff, //0x00005d0c .long L0_5_set_963
	0x7c, 0xfa, 0xff, 0xff, //0x00005d10 .long L0_5_set_963
	0x7c, 0xfa, 0xff, 0xff, //0x00005d14 .long L0_5_set_963
	0x7c, 0xfa, 0xff, 0xff, //0x00005d18 .long L0_5_set_963
	0x7c, 0xfa, 0xff, 0xff, //0x00005d1c .long L0_5_set_963
	0xa4, 0xee, 0xff, 0xff, //0x00005d20 .long L0_5_set_831
	0x7c, 0xfa, 0xff, 0xff, //0x00005d24 .long L0_5_set_963
	0x7c, 0xfa, 0xff, 0xff, //0x00005d28 .long L0_5_set_963
	0x7c, 0xfa, 0xff, 0xff, //0x00005d2c .long L0_5_set_963
	0xa4, 0xee, 0xff, 0xff, //0x00005d30 .long L0_5_set_831
	0x7c, 0xfa, 0xff, 0xff, //0x00005d34 .long L0_5_set_963
	0x7c, 0xfa, 0xff, 0xff, //0x00005d38 .long L0_5_set_963
	0x7c, 0xfa, 0xff, 0xff, //0x00005d3c .long L0_5_set_963
	0x7c, 0xfa, 0xff, 0xff, //0x00005d40 .long L0_5_set_963
	0x7c, 0xfa, 0xff, 0xff, //0x00005d44 .long L0_5_set_963
	0x7c, 0xfa, 0xff, 0xff, //0x00005d48 .long L0_5_set_963
	0x7c, 0xfa, 0xff, 0xff, //0x00005d4c .long L0_5_set_963
	0xa4, 0xee, 0xff, 0xff, //0x00005d50 .long L0_5_set_831
	0x7c, 0xfa, 0xff, 0xff, //0x00005d54 .long L0_5_set_963
	0x7c, 0xfa, 0xff, 0xff, //0x00005d58 .long L0_5_set_963
	0x7c, 0xfa, 0xff, 0xff, //0x00005d5c .long L0_5_set_963
	0xa4, 0xee, 0xff, 0xff, //0x00005d60 .long L0_5_set_831
	0x7c, 0xfa, 0xff, 0xff, //0x00005d64 .long L0_5_set_963
	0xa4, 0xee, 0xff, 0xff, //0x00005d68 .long L0_5_set_831
	0x25, 0xec, 0xff, 0xff, //0x00005d6c .long L0_5_set_810
	// // .set L0_6_set_731, LBB0_731-LJTI0_6
	// // .set L0_6_set_964, LBB0_964-LJTI0_6
	// // .set L0_6_set_834, LBB0_834-LJTI0_6
	//0x00005d70 LJTI0_6
	0x50, 0xe3, 0xff, 0xff, //0x00005d70 .long L0_6_set_731
	0x39, 0xf9, 0xff, 0xff, //0x00005d74 .long L0_6_set_964
	0x39, 0xf9, 0xff, 0xff, //0x00005d78 .long L0_6_set_964
	0x39, 0xf9, 0xff, 0xff, //0x00005d7c .long L0_6_set_964
	0x39, 0xf9, 0xff, 0xff, //0x00005d80 .long L0_6_set_964
	0x39, 0xf9, 0xff, 0xff, //0x00005d84 .long L0_6_set_964
	0x39, 0xf9, 0xff, 0xff, //0x00005d88 .long L0_6_set_964
	0x39, 0xf9, 0xff, 0xff, //0x00005d8c .long L0_6_set_964
	0x39, 0xf9, 0xff, 0xff, //0x00005d90 .long L0_6_set_964
	0x39, 0xf9, 0xff, 0xff, //0x00005d94 .long L0_6_set_964
	0x39, 0xf9, 0xff, 0xff, //0x00005d98 .long L0_6_set_964
	0x39, 0xf9, 0xff, 0xff, //0x00005d9c .long L0_6_set_964
	0x39, 0xf9, 0xff, 0xff, //0x00005da0 .long L0_6_set_964
	0x50, 0xe3, 0xff, 0xff, //0x00005da4 .long L0_6_set_731
	0x39, 0xf9, 0xff, 0xff, //0x00005da8 .long L0_6_set_964
	0x39, 0xf9, 0xff, 0xff, //0x00005dac .long L0_6_set_964
	0x39, 0xf9, 0xff, 0xff, //0x00005db0 .long L0_6_set_964
	0x39, 0xf9, 0xff, 0xff, //0x00005db4 .long L0_6_set_964
	0x39, 0xf9, 0xff, 0xff, //0x00005db8 .long L0_6_set_964
	0x39, 0xf9, 0xff, 0xff, //0x00005dbc .long L0_6_set_964
	0x39, 0xf9, 0xff, 0xff, //0x00005dc0 .long L0_6_set_964
	0x39, 0xf9, 0xff, 0xff, //0x00005dc4 .long L0_6_set_964
	0x39, 0xf9, 0xff, 0xff, //0x00005dc8 .long L0_6_set_964
	0x39, 0xf9, 0xff, 0xff, //0x00005dcc .long L0_6_set_964
	0x39, 0xf9, 0xff, 0xff, //0x00005dd0 .long L0_6_set_964
	0x39, 0xf9, 0xff, 0xff, //0x00005dd4 .long L0_6_set_964
	0x39, 0xf9, 0xff, 0xff, //0x00005dd8 .long L0_6_set_964
	0x39, 0xf9, 0xff, 0xff, //0x00005ddc .long L0_6_set_964
	0x39, 0xf9, 0xff, 0xff, //0x00005de0 .long L0_6_set_964
	0x39, 0xf9, 0xff, 0xff, //0x00005de4 .long L0_6_set_964
	0x39, 0xf9, 0xff, 0xff, //0x00005de8 .long L0_6_set_964
	0x39, 0xf9, 0xff, 0xff, //0x00005dec .long L0_6_set_964
	0x39, 0xf9, 0xff, 0xff, //0x00005df0 .long L0_6_set_964
	0x39, 0xf9, 0xff, 0xff, //0x00005df4 .long L0_6_set_964
	0x39, 0xf9, 0xff, 0xff, //0x00005df8 .long L0_6_set_964
	0x39, 0xf9, 0xff, 0xff, //0x00005dfc .long L0_6_set_964
	0x39, 0xf9, 0xff, 0xff, //0x00005e00 .long L0_6_set_964
	0x39, 0xf9, 0xff, 0xff, //0x00005e04 .long L0_6_set_964
	0x39, 0xf9, 0xff, 0xff, //0x00005e08 .long L0_6_set_964
	0x39, 0xf9, 0xff, 0xff, //0x00005e0c .long L0_6_set_964
	0x39, 0xf9, 0xff, 0xff, //0x00005e10 .long L0_6_set_964
	0x39, 0xf9, 0xff, 0xff, //0x00005e14 .long L0_6_set_964
	0x39, 0xf9, 0xff, 0xff, //0x00005e18 .long L0_6_set_964
	0x39, 0xf9, 0xff, 0xff, //0x00005e1c .long L0_6_set_964
	0x39, 0xf9, 0xff, 0xff, //0x00005e20 .long L0_6_set_964
	0x39, 0xf9, 0xff, 0xff, //0x00005e24 .long L0_6_set_964
	0x39, 0xf9, 0xff, 0xff, //0x00005e28 .long L0_6_set_964
	0x39, 0xf9, 0xff, 0xff, //0x00005e2c .long L0_6_set_964
	0x39, 0xf9, 0xff, 0xff, //0x00005e30 .long L0_6_set_964
	0x39, 0xf9, 0xff, 0xff, //0x00005e34 .long L0_6_set_964
	0x39, 0xf9, 0xff, 0xff, //0x00005e38 .long L0_6_set_964
	0x39, 0xf9, 0xff, 0xff, //0x00005e3c .long L0_6_set_964
	0x39, 0xf9, 0xff, 0xff, //0x00005e40 .long L0_6_set_964
	0x39, 0xf9, 0xff, 0xff, //0x00005e44 .long L0_6_set_964
	0x39, 0xf9, 0xff, 0xff, //0x00005e48 .long L0_6_set_964
	0x39, 0xf9, 0xff, 0xff, //0x00005e4c .long L0_6_set_964
	0x39, 0xf9, 0xff, 0xff, //0x00005e50 .long L0_6_set_964
	0x39, 0xf9, 0xff, 0xff, //0x00005e54 .long L0_6_set_964
	0x50, 0xe3, 0xff, 0xff, //0x00005e58 .long L0_6_set_731
	0x39, 0xf9, 0xff, 0xff, //0x00005e5c .long L0_6_set_964
	0x39, 0xf9, 0xff, 0xff, //0x00005e60 .long L0_6_set_964
	0x39, 0xf9, 0xff, 0xff, //0x00005e64 .long L0_6_set_964
	0x39, 0xf9, 0xff, 0xff, //0x00005e68 .long L0_6_set_964
	0x39, 0xf9, 0xff, 0xff, //0x00005e6c .long L0_6_set_964
	0x50, 0xe3, 0xff, 0xff, //0x00005e70 .long L0_6_set_731
	0x39, 0xf9, 0xff, 0xff, //0x00005e74 .long L0_6_set_964
	0x39, 0xf9, 0xff, 0xff, //0x00005e78 .long L0_6_set_964
	0x39, 0xf9, 0xff, 0xff, //0x00005e7c .long L0_6_set_964
	0x50, 0xe3, 0xff, 0xff, //0x00005e80 .long L0_6_set_731
	0x39, 0xf9, 0xff, 0xff, //0x00005e84 .long L0_6_set_964
	0x39, 0xf9, 0xff, 0xff, //0x00005e88 .long L0_6_set_964
	0x39, 0xf9, 0xff, 0xff, //0x00005e8c .long L0_6_set_964
	0x39, 0xf9, 0xff, 0xff, //0x00005e90 .long L0_6_set_964
	0x39, 0xf9, 0xff, 0xff, //0x00005e94 .long L0_6_set_964
	0x39, 0xf9, 0xff, 0xff, //0x00005e98 .long L0_6_set_964
	0x39, 0xf9, 0xff, 0xff, //0x00005e9c .long L0_6_set_964
	0x50, 0xe3, 0xff, 0xff, //0x00005ea0 .long L0_6_set_731
	0x39, 0xf9, 0xff, 0xff, //0x00005ea4 .long L0_6_set_964
	0x39, 0xf9, 0xff, 0xff, //0x00005ea8 .long L0_6_set_964
	0x39, 0xf9, 0xff, 0xff, //0x00005eac .long L0_6_set_964
	0x50, 0xe3, 0xff, 0xff, //0x00005eb0 .long L0_6_set_731
	0x39, 0xf9, 0xff, 0xff, //0x00005eb4 .long L0_6_set_964
	0x50, 0xe3, 0xff, 0xff, //0x00005eb8 .long L0_6_set_731
	0x9d, 0xed, 0xff, 0xff, //0x00005ebc .long L0_6_set_834
	// // .set L0_7_set_949, LBB0_949-LJTI0_7
	// // .set L0_7_set_948, LBB0_948-LJTI0_7
	// // .set L0_7_set_304, LBB0_304-LJTI0_7
	// // .set L0_7_set_323, LBB0_323-LJTI0_7
	// // .set L0_7_set_71, LBB0_71-LJTI0_7
	// // .set L0_7_set_301, LBB0_301-LJTI0_7
	// // .set L0_7_set_298, LBB0_298-LJTI0_7
	// // .set L0_7_set_380, LBB0_380-LJTI0_7
	// // .set L0_7_set_389, LBB0_389-LJTI0_7
	// // .set L0_7_set_386, LBB0_386-LJTI0_7
	//0x00005ec0 LJTI0_7
	0x5a, 0xf5, 0xff, 0xff, //0x00005ec0 .long L0_7_set_949
	0x53, 0xf5, 0xff, 0xff, //0x00005ec4 .long L0_7_set_948
	0x53, 0xf5, 0xff, 0xff, //0x00005ec8 .long L0_7_set_948
	0x53, 0xf5, 0xff, 0xff, //0x00005ecc .long L0_7_set_948
	0x53, 0xf5, 0xff, 0xff, //0x00005ed0 .long L0_7_set_948
	0x53, 0xf5, 0xff, 0xff, //0x00005ed4 .long L0_7_set_948
	0x53, 0xf5, 0xff, 0xff, //0x00005ed8 .long L0_7_set_948
	0x53, 0xf5, 0xff, 0xff, //0x00005edc .long L0_7_set_948
	0x53, 0xf5, 0xff, 0xff, //0x00005ee0 .long L0_7_set_948
	0x53, 0xf5, 0xff, 0xff, //0x00005ee4 .long L0_7_set_948
	0x53, 0xf5, 0xff, 0xff, //0x00005ee8 .long L0_7_set_948
	0x53, 0xf5, 0xff, 0xff, //0x00005eec .long L0_7_set_948
	0x53, 0xf5, 0xff, 0xff, //0x00005ef0 .long L0_7_set_948
	0x53, 0xf5, 0xff, 0xff, //0x00005ef4 .long L0_7_set_948
	0x53, 0xf5, 0xff, 0xff, //0x00005ef8 .long L0_7_set_948
	0x53, 0xf5, 0xff, 0xff, //0x00005efc .long L0_7_set_948
	0x53, 0xf5, 0xff, 0xff, //0x00005f00 .long L0_7_set_948
	0x53, 0xf5, 0xff, 0xff, //0x00005f04 .long L0_7_set_948
	0x53, 0xf5, 0xff, 0xff, //0x00005f08 .long L0_7_set_948
	0x53, 0xf5, 0xff, 0xff, //0x00005f0c .long L0_7_set_948
	0x53, 0xf5, 0xff, 0xff, //0x00005f10 .long L0_7_set_948
	0x53, 0xf5, 0xff, 0xff, //0x00005f14 .long L0_7_set_948
	0x53, 0xf5, 0xff, 0xff, //0x00005f18 .long L0_7_set_948
	0x53, 0xf5, 0xff, 0xff, //0x00005f1c .long L0_7_set_948
	0x53, 0xf5, 0xff, 0xff, //0x00005f20 .long L0_7_set_948
	0x53, 0xf5, 0xff, 0xff, //0x00005f24 .long L0_7_set_948
	0x53, 0xf5, 0xff, 0xff, //0x00005f28 .long L0_7_set_948
	0x53, 0xf5, 0xff, 0xff, //0x00005f2c .long L0_7_set_948
	0x53, 0xf5, 0xff, 0xff, //0x00005f30 .long L0_7_set_948
	0x53, 0xf5, 0xff, 0xff, //0x00005f34 .long L0_7_set_948
	0x53, 0xf5, 0xff, 0xff, //0x00005f38 .long L0_7_set_948
	0x53, 0xf5, 0xff, 0xff, //0x00005f3c .long L0_7_set_948
	0x53, 0xf5, 0xff, 0xff, //0x00005f40 .long L0_7_set_948
	0x53, 0xf5, 0xff, 0xff, //0x00005f44 .long L0_7_set_948
	0x63, 0xbb, 0xff, 0xff, //0x00005f48 .long L0_7_set_304
	0x53, 0xf5, 0xff, 0xff, //0x00005f4c .long L0_7_set_948
	0x53, 0xf5, 0xff, 0xff, //0x00005f50 .long L0_7_set_948
	0x53, 0xf5, 0xff, 0xff, //0x00005f54 .long L0_7_set_948
	0x53, 0xf5, 0xff, 0xff, //0x00005f58 .long L0_7_set_948
	0x53, 0xf5, 0xff, 0xff, //0x00005f5c .long L0_7_set_948
	0x53, 0xf5, 0xff, 0xff, //0x00005f60 .long L0_7_set_948
	0x53, 0xf5, 0xff, 0xff, //0x00005f64 .long L0_7_set_948
	0x53, 0xf5, 0xff, 0xff, //0x00005f68 .long L0_7_set_948
	0x53, 0xf5, 0xff, 0xff, //0x00005f6c .long L0_7_set_948
	0x53, 0xf5, 0xff, 0xff, //0x00005f70 .long L0_7_set_948
	0x9e, 0xbc, 0xff, 0xff, //0x00005f74 .long L0_7_set_323
	0x53, 0xf5, 0xff, 0xff, //0x00005f78 .long L0_7_set_948
	0x53, 0xf5, 0xff, 0xff, //0x00005f7c .long L0_7_set_948
	0x1d, 0xa9, 0xff, 0xff, //0x00005f80 .long L0_7_set_71
	0x1d, 0xa9, 0xff, 0xff, //0x00005f84 .long L0_7_set_71
	0x1d, 0xa9, 0xff, 0xff, //0x00005f88 .long L0_7_set_71
	0x1d, 0xa9, 0xff, 0xff, //0x00005f8c .long L0_7_set_71
	0x1d, 0xa9, 0xff, 0xff, //0x00005f90 .long L0_7_set_71
	0x1d, 0xa9, 0xff, 0xff, //0x00005f94 .long L0_7_set_71
	0x1d, 0xa9, 0xff, 0xff, //0x00005f98 .long L0_7_set_71
	0x1d, 0xa9, 0xff, 0xff, //0x00005f9c .long L0_7_set_71
	0x1d, 0xa9, 0xff, 0xff, //0x00005fa0 .long L0_7_set_71
	0x1d, 0xa9, 0xff, 0xff, //0x00005fa4 .long L0_7_set_71
	0x53, 0xf5, 0xff, 0xff, //0x00005fa8 .long L0_7_set_948
	0x53, 0xf5, 0xff, 0xff, //0x00005fac .long L0_7_set_948
	0x53, 0xf5, 0xff, 0xff, //0x00005fb0 .long L0_7_set_948
	0x53, 0xf5, 0xff, 0xff, //0x00005fb4 .long L0_7_set_948
	0x53, 0xf5, 0xff, 0xff, //0x00005fb8 .long L0_7_set_948
	0x53, 0xf5, 0xff, 0xff, //0x00005fbc .long L0_7_set_948
	0x53, 0xf5, 0xff, 0xff, //0x00005fc0 .long L0_7_set_948
	0x53, 0xf5, 0xff, 0xff, //0x00005fc4 .long L0_7_set_948
	0x53, 0xf5, 0xff, 0xff, //0x00005fc8 .long L0_7_set_948
	0x53, 0xf5, 0xff, 0xff, //0x00005fcc .long L0_7_set_948
	0x53, 0xf5, 0xff, 0xff, //0x00005fd0 .long L0_7_set_948
	0x53, 0xf5, 0xff, 0xff, //0x00005fd4 .long L0_7_set_948
	0x53, 0xf5, 0xff, 0xff, //0x00005fd8 .long L0_7_set_948
	0x53, 0xf5, 0xff, 0xff, //0x00005fdc .long L0_7_set_948
	0x53, 0xf5, 0xff, 0xff, //0x00005fe0 .long L0_7_set_948
	0x53, 0xf5, 0xff, 0xff, //0x00005fe4 .long L0_7_set_948
	0x53, 0xf5, 0xff, 0xff, //0x00005fe8 .long L0_7_set_948
	0x53, 0xf5, 0xff, 0xff, //0x00005fec .long L0_7_set_948
	0x53, 0xf5, 0xff, 0xff, //0x00005ff0 .long L0_7_set_948
	0x53, 0xf5, 0xff, 0xff, //0x00005ff4 .long L0_7_set_948
	0x53, 0xf5, 0xff, 0xff, //0x00005ff8 .long L0_7_set_948
	0x53, 0xf5, 0xff, 0xff, //0x00005ffc .long L0_7_set_948
	0x53, 0xf5, 0xff, 0xff, //0x00006000 .long L0_7_set_948
	0x53, 0xf5, 0xff, 0xff, //0x00006004 .long L0_7_set_948
	0x53, 0xf5, 0xff, 0xff, //0x00006008 .long L0_7_set_948
	0x53, 0xf5, 0xff, 0xff, //0x0000600c .long L0_7_set_948
	0x53, 0xf5, 0xff, 0xff, //0x00006010 .long L0_7_set_948
	0x53, 0xf5, 0xff, 0xff, //0x00006014 .long L0_7_set_948
	0x53, 0xf5, 0xff, 0xff, //0x00006018 .long L0_7_set_948
	0x53, 0xf5, 0xff, 0xff, //0x0000601c .long L0_7_set_948
	0x53, 0xf5, 0xff, 0xff, //0x00006020 .long L0_7_set_948
	0x53, 0xf5, 0xff, 0xff, //0x00006024 .long L0_7_set_948
	0x53, 0xf5, 0xff, 0xff, //0x00006028 .long L0_7_set_948
	0x33, 0xbb, 0xff, 0xff, //0x0000602c .long L0_7_set_301
	0x53, 0xf5, 0xff, 0xff, //0x00006030 .long L0_7_set_948
	0x53, 0xf5, 0xff, 0xff, //0x00006034 .long L0_7_set_948
	0x53, 0xf5, 0xff, 0xff, //0x00006038 .long L0_7_set_948
	0x53, 0xf5, 0xff, 0xff, //0x0000603c .long L0_7_set_948
	0x53, 0xf5, 0xff, 0xff, //0x00006040 .long L0_7_set_948
	0x53, 0xf5, 0xff, 0xff, //0x00006044 .long L0_7_set_948
	0x53, 0xf5, 0xff, 0xff, //0x00006048 .long L0_7_set_948
	0x53, 0xf5, 0xff, 0xff, //0x0000604c .long L0_7_set_948
	0x53, 0xf5, 0xff, 0xff, //0x00006050 .long L0_7_set_948
	0x53, 0xf5, 0xff, 0xff, //0x00006054 .long L0_7_set_948
	0x04, 0xbb, 0xff, 0xff, //0x00006058 .long L0_7_set_298
	0x53, 0xf5, 0xff, 0xff, //0x0000605c .long L0_7_set_948
	0x53, 0xf5, 0xff, 0xff, //0x00006060 .long L0_7_set_948
	0x53, 0xf5, 0xff, 0xff, //0x00006064 .long L0_7_set_948
	0x53, 0xf5, 0xff, 0xff, //0x00006068 .long L0_7_set_948
	0x53, 0xf5, 0xff, 0xff, //0x0000606c .long L0_7_set_948
	0x53, 0xf5, 0xff, 0xff, //0x00006070 .long L0_7_set_948
	0x53, 0xf5, 0xff, 0xff, //0x00006074 .long L0_7_set_948
	0x79, 0xc0, 0xff, 0xff, //0x00006078 .long L0_7_set_380
	0x53, 0xf5, 0xff, 0xff, //0x0000607c .long L0_7_set_948
	0x53, 0xf5, 0xff, 0xff, //0x00006080 .long L0_7_set_948
	0x53, 0xf5, 0xff, 0xff, //0x00006084 .long L0_7_set_948
	0x53, 0xf5, 0xff, 0xff, //0x00006088 .long L0_7_set_948
	0x53, 0xf5, 0xff, 0xff, //0x0000608c .long L0_7_set_948
	0xd1, 0xc0, 0xff, 0xff, //0x00006090 .long L0_7_set_389
	0x53, 0xf5, 0xff, 0xff, //0x00006094 .long L0_7_set_948
	0x53, 0xf5, 0xff, 0xff, //0x00006098 .long L0_7_set_948
	0x53, 0xf5, 0xff, 0xff, //0x0000609c .long L0_7_set_948
	0x53, 0xf5, 0xff, 0xff, //0x000060a0 .long L0_7_set_948
	0x53, 0xf5, 0xff, 0xff, //0x000060a4 .long L0_7_set_948
	0x53, 0xf5, 0xff, 0xff, //0x000060a8 .long L0_7_set_948
	0xa1, 0xc0, 0xff, 0xff, //0x000060ac .long L0_7_set_386
	// // .set L0_8_set_536, LBB0_536-LJTI0_8
	// // .set L0_8_set_946, LBB0_946-LJTI0_8
	// // .set L0_8_set_519, LBB0_519-LJTI0_8
	//0x000060b0 LJTI0_8
	0x01, 0xce, 0xff, 0xff, //0x000060b0 .long L0_8_set_536
	0x2e, 0xf5, 0xff, 0xff, //0x000060b4 .long L0_8_set_946
	0x2e, 0xf5, 0xff, 0xff, //0x000060b8 .long L0_8_set_946
	0x2e, 0xf5, 0xff, 0xff, //0x000060bc .long L0_8_set_946
	0x2e, 0xf5, 0xff, 0xff, //0x000060c0 .long L0_8_set_946
	0x2e, 0xf5, 0xff, 0xff, //0x000060c4 .long L0_8_set_946
	0x2e, 0xf5, 0xff, 0xff, //0x000060c8 .long L0_8_set_946
	0x2e, 0xf5, 0xff, 0xff, //0x000060cc .long L0_8_set_946
	0x2e, 0xf5, 0xff, 0xff, //0x000060d0 .long L0_8_set_946
	0x2e, 0xf5, 0xff, 0xff, //0x000060d4 .long L0_8_set_946
	0x2e, 0xf5, 0xff, 0xff, //0x000060d8 .long L0_8_set_946
	0x2e, 0xf5, 0xff, 0xff, //0x000060dc .long L0_8_set_946
	0x2e, 0xf5, 0xff, 0xff, //0x000060e0 .long L0_8_set_946
	0x01, 0xce, 0xff, 0xff, //0x000060e4 .long L0_8_set_536
	0x2e, 0xf5, 0xff, 0xff, //0x000060e8 .long L0_8_set_946
	0x2e, 0xf5, 0xff, 0xff, //0x000060ec .long L0_8_set_946
	0x2e, 0xf5, 0xff, 0xff, //0x000060f0 .long L0_8_set_946
	0x2e, 0xf5, 0xff, 0xff, //0x000060f4 .long L0_8_set_946
	0x2e, 0xf5, 0xff, 0xff, //0x000060f8 .long L0_8_set_946
	0x2e, 0xf5, 0xff, 0xff, //0x000060fc .long L0_8_set_946
	0x2e, 0xf5, 0xff, 0xff, //0x00006100 .long L0_8_set_946
	0x2e, 0xf5, 0xff, 0xff, //0x00006104 .long L0_8_set_946
	0x2e, 0xf5, 0xff, 0xff, //0x00006108 .long L0_8_set_946
	0x2e, 0xf5, 0xff, 0xff, //0x0000610c .long L0_8_set_946
	0x2e, 0xf5, 0xff, 0xff, //0x00006110 .long L0_8_set_946
	0x2e, 0xf5, 0xff, 0xff, //0x00006114 .long L0_8_set_946
	0x2e, 0xf5, 0xff, 0xff, //0x00006118 .long L0_8_set_946
	0x2e, 0xf5, 0xff, 0xff, //0x0000611c .long L0_8_set_946
	0x2e, 0xf5, 0xff, 0xff, //0x00006120 .long L0_8_set_946
	0x2e, 0xf5, 0xff, 0xff, //0x00006124 .long L0_8_set_946
	0x2e, 0xf5, 0xff, 0xff, //0x00006128 .long L0_8_set_946
	0x2e, 0xf5, 0xff, 0xff, //0x0000612c .long L0_8_set_946
	0x2e, 0xf5, 0xff, 0xff, //0x00006130 .long L0_8_set_946
	0x2e, 0xf5, 0xff, 0xff, //0x00006134 .long L0_8_set_946
	0x2e, 0xf5, 0xff, 0xff, //0x00006138 .long L0_8_set_946
	0x2e, 0xf5, 0xff, 0xff, //0x0000613c .long L0_8_set_946
	0x2e, 0xf5, 0xff, 0xff, //0x00006140 .long L0_8_set_946
	0x2e, 0xf5, 0xff, 0xff, //0x00006144 .long L0_8_set_946
	0x2e, 0xf5, 0xff, 0xff, //0x00006148 .long L0_8_set_946
	0x2e, 0xf5, 0xff, 0xff, //0x0000614c .long L0_8_set_946
	0x2e, 0xf5, 0xff, 0xff, //0x00006150 .long L0_8_set_946
	0x2e, 0xf5, 0xff, 0xff, //0x00006154 .long L0_8_set_946
	0x2e, 0xf5, 0xff, 0xff, //0x00006158 .long L0_8_set_946
	0x2e, 0xf5, 0xff, 0xff, //0x0000615c .long L0_8_set_946
	0x2e, 0xf5, 0xff, 0xff, //0x00006160 .long L0_8_set_946
	0x2e, 0xf5, 0xff, 0xff, //0x00006164 .long L0_8_set_946
	0x2e, 0xf5, 0xff, 0xff, //0x00006168 .long L0_8_set_946
	0x2e, 0xf5, 0xff, 0xff, //0x0000616c .long L0_8_set_946
	0x2e, 0xf5, 0xff, 0xff, //0x00006170 .long L0_8_set_946
	0x2e, 0xf5, 0xff, 0xff, //0x00006174 .long L0_8_set_946
	0x2e, 0xf5, 0xff, 0xff, //0x00006178 .long L0_8_set_946
	0x2e, 0xf5, 0xff, 0xff, //0x0000617c .long L0_8_set_946
	0x2e, 0xf5, 0xff, 0xff, //0x00006180 .long L0_8_set_946
	0x2e, 0xf5, 0xff, 0xff, //0x00006184 .long L0_8_set_946
	0x2e, 0xf5, 0xff, 0xff, //0x00006188 .long L0_8_set_946
	0x2e, 0xf5, 0xff, 0xff, //0x0000618c .long L0_8_set_946
	0x2e, 0xf5, 0xff, 0xff, //0x00006190 .long L0_8_set_946
	0x2e, 0xf5, 0xff, 0xff, //0x00006194 .long L0_8_set_946
	0x01, 0xce, 0xff, 0xff, //0x00006198 .long L0_8_set_536
	0x2e, 0xf5, 0xff, 0xff, //0x0000619c .long L0_8_set_946
	0x2e, 0xf5, 0xff, 0xff, //0x000061a0 .long L0_8_set_946
	0x2e, 0xf5, 0xff, 0xff, //0x000061a4 .long L0_8_set_946
	0x2e, 0xf5, 0xff, 0xff, //0x000061a8 .long L0_8_set_946
	0x2e, 0xf5, 0xff, 0xff, //0x000061ac .long L0_8_set_946
	0x01, 0xce, 0xff, 0xff, //0x000061b0 .long L0_8_set_536
	0x2e, 0xf5, 0xff, 0xff, //0x000061b4 .long L0_8_set_946
	0x2e, 0xf5, 0xff, 0xff, //0x000061b8 .long L0_8_set_946
	0x2e, 0xf5, 0xff, 0xff, //0x000061bc .long L0_8_set_946
	0x01, 0xce, 0xff, 0xff, //0x000061c0 .long L0_8_set_536
	0x2e, 0xf5, 0xff, 0xff, //0x000061c4 .long L0_8_set_946
	0x2e, 0xf5, 0xff, 0xff, //0x000061c8 .long L0_8_set_946
	0x2e, 0xf5, 0xff, 0xff, //0x000061cc .long L0_8_set_946
	0x2e, 0xf5, 0xff, 0xff, //0x000061d0 .long L0_8_set_946
	0x2e, 0xf5, 0xff, 0xff, //0x000061d4 .long L0_8_set_946
	0x2e, 0xf5, 0xff, 0xff, //0x000061d8 .long L0_8_set_946
	0x2e, 0xf5, 0xff, 0xff, //0x000061dc .long L0_8_set_946
	0x01, 0xce, 0xff, 0xff, //0x000061e0 .long L0_8_set_536
	0x2e, 0xf5, 0xff, 0xff, //0x000061e4 .long L0_8_set_946
	0x2e, 0xf5, 0xff, 0xff, //0x000061e8 .long L0_8_set_946
	0x2e, 0xf5, 0xff, 0xff, //0x000061ec .long L0_8_set_946
	0x01, 0xce, 0xff, 0xff, //0x000061f0 .long L0_8_set_536
	0x2e, 0xf5, 0xff, 0xff, //0x000061f4 .long L0_8_set_946
	0x01, 0xce, 0xff, 0xff, //0x000061f8 .long L0_8_set_536
	0x76, 0xcb, 0xff, 0xff, //0x000061fc .long L0_8_set_519
	// // .set L0_9_set_915, LBB0_915-LJTI0_9
	// // .set L0_9_set_946, LBB0_946-LJTI0_9
	// // .set L0_9_set_894, LBB0_894-LJTI0_9
	//0x00006200 LJTI0_9
	0x8e, 0xf1, 0xff, 0xff, //0x00006200 .long L0_9_set_915
	0xde, 0xf3, 0xff, 0xff, //0x00006204 .long L0_9_set_946
	0xde, 0xf3, 0xff, 0xff, //0x00006208 .long L0_9_set_946
	0xde, 0xf3, 0xff, 0xff, //0x0000620c .long L0_9_set_946
	0xde, 0xf3, 0xff, 0xff, //0x00006210 .long L0_9_set_946
	0xde, 0xf3, 0xff, 0xff, //0x00006214 .long L0_9_set_946
	0xde, 0xf3, 0xff, 0xff, //0x00006218 .long L0_9_set_946
	0xde, 0xf3, 0xff, 0xff, //0x0000621c .long L0_9_set_946
	0xde, 0xf3, 0xff, 0xff, //0x00006220 .long L0_9_set_946
	0xde, 0xf3, 0xff, 0xff, //0x00006224 .long L0_9_set_946
	0xde, 0xf3, 0xff, 0xff, //0x00006228 .long L0_9_set_946
	0xde, 0xf3, 0xff, 0xff, //0x0000622c .long L0_9_set_946
	0xde, 0xf3, 0xff, 0xff, //0x00006230 .long L0_9_set_946
	0x8e, 0xf1, 0xff, 0xff, //0x00006234 .long L0_9_set_915
	0xde, 0xf3, 0xff, 0xff, //0x00006238 .long L0_9_set_946
	0xde, 0xf3, 0xff, 0xff, //0x0000623c .long L0_9_set_946
	0xde, 0xf3, 0xff, 0xff, //0x00006240 .long L0_9_set_946
	0xde, 0xf3, 0xff, 0xff, //0x00006244 .long L0_9_set_946
	0xde, 0xf3, 0xff, 0xff, //0x00006248 .long L0_9_set_946
	0xde, 0xf3, 0xff, 0xff, //0x0000624c .long L0_9_set_946
	0xde, 0xf3, 0xff, 0xff, //0x00006250 .long L0_9_set_946
	0xde, 0xf3, 0xff, 0xff, //0x00006254 .long L0_9_set_946
	0xde, 0xf3, 0xff, 0xff, //0x00006258 .long L0_9_set_946
	0xde, 0xf3, 0xff, 0xff, //0x0000625c .long L0_9_set_946
	0xde, 0xf3, 0xff, 0xff, //0x00006260 .long L0_9_set_946
	0xde, 0xf3, 0xff, 0xff, //0x00006264 .long L0_9_set_946
	0xde, 0xf3, 0xff, 0xff, //0x00006268 .long L0_9_set_946
	0xde, 0xf3, 0xff, 0xff, //0x0000626c .long L0_9_set_946
	0xde, 0xf3, 0xff, 0xff, //0x00006270 .long L0_9_set_946
	0xde, 0xf3, 0xff, 0xff, //0x00006274 .long L0_9_set_946
	0xde, 0xf3, 0xff, 0xff, //0x00006278 .long L0_9_set_946
	0xde, 0xf3, 0xff, 0xff, //0x0000627c .long L0_9_set_946
	0xde, 0xf3, 0xff, 0xff, //0x00006280 .long L0_9_set_946
	0xde, 0xf3, 0xff, 0xff, //0x00006284 .long L0_9_set_946
	0xde, 0xf3, 0xff, 0xff, //0x00006288 .long L0_9_set_946
	0xde, 0xf3, 0xff, 0xff, //0x0000628c .long L0_9_set_946
	0xde, 0xf3, 0xff, 0xff, //0x00006290 .long L0_9_set_946
	0xde, 0xf3, 0xff, 0xff, //0x00006294 .long L0_9_set_946
	0xde, 0xf3, 0xff, 0xff, //0x00006298 .long L0_9_set_946
	0xde, 0xf3, 0xff, 0xff, //0x0000629c .long L0_9_set_946
	0xde, 0xf3, 0xff, 0xff, //0x000062a0 .long L0_9_set_946
	0xde, 0xf3, 0xff, 0xff, //0x000062a4 .long L0_9_set_946
	0xde, 0xf3, 0xff, 0xff, //0x000062a8 .long L0_9_set_946
	0xde, 0xf3, 0xff, 0xff, //0x000062ac .long L0_9_set_946
	0xde, 0xf3, 0xff, 0xff, //0x000062b0 .long L0_9_set_946
	0xde, 0xf3, 0xff, 0xff, //0x000062b4 .long L0_9_set_946
	0xde, 0xf3, 0xff, 0xff, //0x000062b8 .long L0_9_set_946
	0xde, 0xf3, 0xff, 0xff, //0x000062bc .long L0_9_set_946
	0xde, 0xf3, 0xff, 0xff, //0x000062c0 .long L0_9_set_946
	0xde, 0xf3, 0xff, 0xff, //0x000062c4 .long L0_9_set_946
	0xde, 0xf3, 0xff, 0xff, //0x000062c8 .long L0_9_set_946
	0xde, 0xf3, 0xff, 0xff, //0x000062cc .long L0_9_set_946
	0xde, 0xf3, 0xff, 0xff, //0x000062d0 .long L0_9_set_946
	0xde, 0xf3, 0xff, 0xff, //0x000062d4 .long L0_9_set_946
	0xde, 0xf3, 0xff, 0xff, //0x000062d8 .long L0_9_set_946
	0xde, 0xf3, 0xff, 0xff, //0x000062dc .long L0_9_set_946
	0xde, 0xf3, 0xff, 0xff, //0x000062e0 .long L0_9_set_946
	0xde, 0xf3, 0xff, 0xff, //0x000062e4 .long L0_9_set_946
	0x8e, 0xf1, 0xff, 0xff, //0x000062e8 .long L0_9_set_915
	0xde, 0xf3, 0xff, 0xff, //0x000062ec .long L0_9_set_946
	0xde, 0xf3, 0xff, 0xff, //0x000062f0 .long L0_9_set_946
	0xde, 0xf3, 0xff, 0xff, //0x000062f4 .long L0_9_set_946
	0xde, 0xf3, 0xff, 0xff, //0x000062f8 .long L0_9_set_946
	0xde, 0xf3, 0xff, 0xff, //0x000062fc .long L0_9_set_946
	0x8e, 0xf1, 0xff, 0xff, //0x00006300 .long L0_9_set_915
	0xde, 0xf3, 0xff, 0xff, //0x00006304 .long L0_9_set_946
	0xde, 0xf3, 0xff, 0xff, //0x00006308 .long L0_9_set_946
	0xde, 0xf3, 0xff, 0xff, //0x0000630c .long L0_9_set_946
	0x8e, 0xf1, 0xff, 0xff, //0x00006310 .long L0_9_set_915
	0xde, 0xf3, 0xff, 0xff, //0x00006314 .long L0_9_set_946
	0xde, 0xf3, 0xff, 0xff, //0x00006318 .long L0_9_set_946
	0xde, 0xf3, 0xff, 0xff, //0x0000631c .long L0_9_set_946
	0xde, 0xf3, 0xff, 0xff, //0x00006320 .long L0_9_set_946
	0xde, 0xf3, 0xff, 0xff, //0x00006324 .long L0_9_set_946
	0xde, 0xf3, 0xff, 0xff, //0x00006328 .long L0_9_set_946
	0xde, 0xf3, 0xff, 0xff, //0x0000632c .long L0_9_set_946
	0x8e, 0xf1, 0xff, 0xff, //0x00006330 .long L0_9_set_915
	0xde, 0xf3, 0xff, 0xff, //0x00006334 .long L0_9_set_946
	0xde, 0xf3, 0xff, 0xff, //0x00006338 .long L0_9_set_946
	0xde, 0xf3, 0xff, 0xff, //0x0000633c .long L0_9_set_946
	0x8e, 0xf1, 0xff, 0xff, //0x00006340 .long L0_9_set_915
	0xde, 0xf3, 0xff, 0xff, //0x00006344 .long L0_9_set_946
	0x8e, 0xf1, 0xff, 0xff, //0x00006348 .long L0_9_set_915
	0x28, 0xef, 0xff, 0xff, //0x0000634c .long L0_9_set_894
	// // .set L0_10_set_790, LBB0_790-LJTI0_10
	// // .set L0_10_set_965, LBB0_965-LJTI0_10
	// // .set L0_10_set_793, LBB0_793-LJTI0_10
	//0x00006350 LJTI0_10
	0x13, 0xe3, 0xff, 0xff, //0x00006350 .long L0_10_set_790
	0x6c, 0xf3, 0xff, 0xff, //0x00006354 .long L0_10_set_965
	0x6c, 0xf3, 0xff, 0xff, //0x00006358 .long L0_10_set_965
	0x6c, 0xf3, 0xff, 0xff, //0x0000635c .long L0_10_set_965
	0x6c, 0xf3, 0xff, 0xff, //0x00006360 .long L0_10_set_965
	0x6c, 0xf3, 0xff, 0xff, //0x00006364 .long L0_10_set_965
	0x6c, 0xf3, 0xff, 0xff, //0x00006368 .long L0_10_set_965
	0x6c, 0xf3, 0xff, 0xff, //0x0000636c .long L0_10_set_965
	0x6c, 0xf3, 0xff, 0xff, //0x00006370 .long L0_10_set_965
	0x6c, 0xf3, 0xff, 0xff, //0x00006374 .long L0_10_set_965
	0x6c, 0xf3, 0xff, 0xff, //0x00006378 .long L0_10_set_965
	0x6c, 0xf3, 0xff, 0xff, //0x0000637c .long L0_10_set_965
	0x6c, 0xf3, 0xff, 0xff, //0x00006380 .long L0_10_set_965
	0x13, 0xe3, 0xff, 0xff, //0x00006384 .long L0_10_set_790
	0x6c, 0xf3, 0xff, 0xff, //0x00006388 .long L0_10_set_965
	0x6c, 0xf3, 0xff, 0xff, //0x0000638c .long L0_10_set_965
	0x6c, 0xf3, 0xff, 0xff, //0x00006390 .long L0_10_set_965
	0x6c, 0xf3, 0xff, 0xff, //0x00006394 .long L0_10_set_965
	0x6c, 0xf3, 0xff, 0xff, //0x00006398 .long L0_10_set_965
	0x6c, 0xf3, 0xff, 0xff, //0x0000639c .long L0_10_set_965
	0x6c, 0xf3, 0xff, 0xff, //0x000063a0 .long L0_10_set_965
	0x6c, 0xf3, 0xff, 0xff, //0x000063a4 .long L0_10_set_965
	0x6c, 0xf3, 0xff, 0xff, //0x000063a8 .long L0_10_set_965
	0x6c, 0xf3, 0xff, 0xff, //0x000063ac .long L0_10_set_965
	0x6c, 0xf3, 0xff, 0xff, //0x000063b0 .long L0_10_set_965
	0x6c, 0xf3, 0xff, 0xff, //0x000063b4 .long L0_10_set_965
	0x6c, 0xf3, 0xff, 0xff, //0x000063b8 .long L0_10_set_965
	0x6c, 0xf3, 0xff, 0xff, //0x000063bc .long L0_10_set_965
	0x6c, 0xf3, 0xff, 0xff, //0x000063c0 .long L0_10_set_965
	0x6c, 0xf3, 0xff, 0xff, //0x000063c4 .long L0_10_set_965
	0x6c, 0xf3, 0xff, 0xff, //0x000063c8 .long L0_10_set_965
	0x6c, 0xf3, 0xff, 0xff, //0x000063cc .long L0_10_set_965
	0x6c, 0xf3, 0xff, 0xff, //0x000063d0 .long L0_10_set_965
	0x6c, 0xf3, 0xff, 0xff, //0x000063d4 .long L0_10_set_965
	0x6c, 0xf3, 0xff, 0xff, //0x000063d8 .long L0_10_set_965
	0x6c, 0xf3, 0xff, 0xff, //0x000063dc .long L0_10_set_965
	0x6c, 0xf3, 0xff, 0xff, //0x000063e0 .long L0_10_set_965
	0x6c, 0xf3, 0xff, 0xff, //0x000063e4 .long L0_10_set_965
	0x6c, 0xf3, 0xff, 0xff, //0x000063e8 .long L0_10_set_965
	0x6c, 0xf3, 0xff, 0xff, //0x000063ec .long L0_10_set_965
	0x6c, 0xf3, 0xff, 0xff, //0x000063f0 .long L0_10_set_965
	0x6c, 0xf3, 0xff, 0xff, //0x000063f4 .long L0_10_set_965
	0x6c, 0xf3, 0xff, 0xff, //0x000063f8 .long L0_10_set_965
	0x6c, 0xf3, 0xff, 0xff, //0x000063fc .long L0_10_set_965
	0x6c, 0xf3, 0xff, 0xff, //0x00006400 .long L0_10_set_965
	0x6c, 0xf3, 0xff, 0xff, //0x00006404 .long L0_10_set_965
	0x6c, 0xf3, 0xff, 0xff, //0x00006408 .long L0_10_set_965
	0x6c, 0xf3, 0xff, 0xff, //0x0000640c .long L0_10_set_965
	0x6c, 0xf3, 0xff, 0xff, //0x00006410 .long L0_10_set_965
	0x6c, 0xf3, 0xff, 0xff, //0x00006414 .long L0_10_set_965
	0x6c, 0xf3, 0xff, 0xff, //0x00006418 .long L0_10_set_965
	0x6c, 0xf3, 0xff, 0xff, //0x0000641c .long L0_10_set_965
	0x6c, 0xf3, 0xff, 0xff, //0x00006420 .long L0_10_set_965
	0x6c, 0xf3, 0xff, 0xff, //0x00006424 .long L0_10_set_965
	0x6c, 0xf3, 0xff, 0xff, //0x00006428 .long L0_10_set_965
	0x6c, 0xf3, 0xff, 0xff, //0x0000642c .long L0_10_set_965
	0x6c, 0xf3, 0xff, 0xff, //0x00006430 .long L0_10_set_965
	0x6c, 0xf3, 0xff, 0xff, //0x00006434 .long L0_10_set_965
	0x13, 0xe3, 0xff, 0xff, //0x00006438 .long L0_10_set_790
	0x6c, 0xf3, 0xff, 0xff, //0x0000643c .long L0_10_set_965
	0x6c, 0xf3, 0xff, 0xff, //0x00006440 .long L0_10_set_965
	0x6c, 0xf3, 0xff, 0xff, //0x00006444 .long L0_10_set_965
	0x6c, 0xf3, 0xff, 0xff, //0x00006448 .long L0_10_set_965
	0x6c, 0xf3, 0xff, 0xff, //0x0000644c .long L0_10_set_965
	0x13, 0xe3, 0xff, 0xff, //0x00006450 .long L0_10_set_790
	0x6c, 0xf3, 0xff, 0xff, //0x00006454 .long L0_10_set_965
	0x6c, 0xf3, 0xff, 0xff, //0x00006458 .long L0_10_set_965
	0x6c, 0xf3, 0xff, 0xff, //0x0000645c .long L0_10_set_965
	0x13, 0xe3, 0xff, 0xff, //0x00006460 .long L0_10_set_790
	0x6c, 0xf3, 0xff, 0xff, //0x00006464 .long L0_10_set_965
	0x6c, 0xf3, 0xff, 0xff, //0x00006468 .long L0_10_set_965
	0x6c, 0xf3, 0xff, 0xff, //0x0000646c .long L0_10_set_965
	0x6c, 0xf3, 0xff, 0xff, //0x00006470 .long L0_10_set_965
	0x6c, 0xf3, 0xff, 0xff, //0x00006474 .long L0_10_set_965
	0x6c, 0xf3, 0xff, 0xff, //0x00006478 .long L0_10_set_965
	0x6c, 0xf3, 0xff, 0xff, //0x0000647c .long L0_10_set_965
	0x13, 0xe3, 0xff, 0xff, //0x00006480 .long L0_10_set_790
	0x6c, 0xf3, 0xff, 0xff, //0x00006484 .long L0_10_set_965
	0x6c, 0xf3, 0xff, 0xff, //0x00006488 .long L0_10_set_965
	0x6c, 0xf3, 0xff, 0xff, //0x0000648c .long L0_10_set_965
	0x13, 0xe3, 0xff, 0xff, //0x00006490 .long L0_10_set_790
	0x6c, 0xf3, 0xff, 0xff, //0x00006494 .long L0_10_set_965
	0x13, 0xe3, 0xff, 0xff, //0x00006498 .long L0_10_set_790
	0x36, 0xe3, 0xff, 0xff, //0x0000649c .long L0_10_set_793
	// // .set L0_11_set_369, LBB0_369-LJTI0_11
	// // .set L0_11_set_562, LBB0_562-LJTI0_11
	// // .set L0_11_set_375, LBB0_375-LJTI0_11
	// // .set L0_11_set_378, LBB0_378-LJTI0_11
	//0x000064a0 LJTI0_11
	0x18, 0xba, 0xff, 0xff, //0x000064a0 .long L0_11_set_369
	0x6f, 0xcc, 0xff, 0xff, //0x000064a4 .long L0_11_set_562
	0x18, 0xba, 0xff, 0xff, //0x000064a8 .long L0_11_set_369
	0x63, 0xba, 0xff, 0xff, //0x000064ac .long L0_11_set_375
	0x6f, 0xcc, 0xff, 0xff, //0x000064b0 .long L0_11_set_562
	0x6f, 0xcc, 0xff, 0xff, //0x000064b4 .long L0_11_set_562
	0x6f, 0xcc, 0xff, 0xff, //0x000064b8 .long L0_11_set_562
	0x6f, 0xcc, 0xff, 0xff, //0x000064bc .long L0_11_set_562
	0x6f, 0xcc, 0xff, 0xff, //0x000064c0 .long L0_11_set_562
	0x6f, 0xcc, 0xff, 0xff, //0x000064c4 .long L0_11_set_562
	0x6f, 0xcc, 0xff, 0xff, //0x000064c8 .long L0_11_set_562
	0x6f, 0xcc, 0xff, 0xff, //0x000064cc .long L0_11_set_562
	0x6f, 0xcc, 0xff, 0xff, //0x000064d0 .long L0_11_set_562
	0x6f, 0xcc, 0xff, 0xff, //0x000064d4 .long L0_11_set_562
	0x6f, 0xcc, 0xff, 0xff, //0x000064d8 .long L0_11_set_562
	0x6f, 0xcc, 0xff, 0xff, //0x000064dc .long L0_11_set_562
	0x6f, 0xcc, 0xff, 0xff, //0x000064e0 .long L0_11_set_562
	0x6f, 0xcc, 0xff, 0xff, //0x000064e4 .long L0_11_set_562
	0x6f, 0xcc, 0xff, 0xff, //0x000064e8 .long L0_11_set_562
	0x6f, 0xcc, 0xff, 0xff, //0x000064ec .long L0_11_set_562
	0x6f, 0xcc, 0xff, 0xff, //0x000064f0 .long L0_11_set_562
	0x6f, 0xcc, 0xff, 0xff, //0x000064f4 .long L0_11_set_562
	0x6f, 0xcc, 0xff, 0xff, //0x000064f8 .long L0_11_set_562
	0x6f, 0xcc, 0xff, 0xff, //0x000064fc .long L0_11_set_562
	0x6f, 0xcc, 0xff, 0xff, //0x00006500 .long L0_11_set_562
	0x6f, 0xcc, 0xff, 0xff, //0x00006504 .long L0_11_set_562
	0x86, 0xba, 0xff, 0xff, //0x00006508 .long L0_11_set_378
	// // .set L0_12_set_123, LBB0_123-LJTI0_12
	// // .set L0_12_set_393, LBB0_393-LJTI0_12
	// // .set L0_12_set_125, LBB0_125-LJTI0_12
	// // .set L0_12_set_117, LBB0_117-LJTI0_12
	//0x0000650c LJTI0_12
	0xa7, 0xa6, 0xff, 0xff, //0x0000650c .long L0_12_set_123
	0xd8, 0xba, 0xff, 0xff, //0x00006510 .long L0_12_set_393
	0xa7, 0xa6, 0xff, 0xff, //0x00006514 .long L0_12_set_123
	0xba, 0xa6, 0xff, 0xff, //0x00006518 .long L0_12_set_125
	0xd8, 0xba, 0xff, 0xff, //0x0000651c .long L0_12_set_393
	0xd8, 0xba, 0xff, 0xff, //0x00006520 .long L0_12_set_393
	0xd8, 0xba, 0xff, 0xff, //0x00006524 .long L0_12_set_393
	0xd8, 0xba, 0xff, 0xff, //0x00006528 .long L0_12_set_393
	0xd8, 0xba, 0xff, 0xff, //0x0000652c .long L0_12_set_393
	0xd8, 0xba, 0xff, 0xff, //0x00006530 .long L0_12_set_393
	0xd8, 0xba, 0xff, 0xff, //0x00006534 .long L0_12_set_393
	0xd8, 0xba, 0xff, 0xff, //0x00006538 .long L0_12_set_393
	0xd8, 0xba, 0xff, 0xff, //0x0000653c .long L0_12_set_393
	0xd8, 0xba, 0xff, 0xff, //0x00006540 .long L0_12_set_393
	0xd8, 0xba, 0xff, 0xff, //0x00006544 .long L0_12_set_393
	0xd8, 0xba, 0xff, 0xff, //0x00006548 .long L0_12_set_393
	0xd8, 0xba, 0xff, 0xff, //0x0000654c .long L0_12_set_393
	0xd8, 0xba, 0xff, 0xff, //0x00006550 .long L0_12_set_393
	0xd8, 0xba, 0xff, 0xff, //0x00006554 .long L0_12_set_393
	0xd8, 0xba, 0xff, 0xff, //0x00006558 .long L0_12_set_393
	0xd8, 0xba, 0xff, 0xff, //0x0000655c .long L0_12_set_393
	0xd8, 0xba, 0xff, 0xff, //0x00006560 .long L0_12_set_393
	0xd8, 0xba, 0xff, 0xff, //0x00006564 .long L0_12_set_393
	0xd8, 0xba, 0xff, 0xff, //0x00006568 .long L0_12_set_393
	0xd8, 0xba, 0xff, 0xff, //0x0000656c .long L0_12_set_393
	0xd8, 0xba, 0xff, 0xff, //0x00006570 .long L0_12_set_393
	0x5c, 0xa6, 0xff, 0xff, //0x00006574 .long L0_12_set_117
	//0x00006578 .p2align 2, 0x00
	//0x00006578 _MASK_USE_NUMBER
	0x02, 0x00, 0x00, 0x00, //0x00006578 .long 2
}
