//go:build amd64
// +build amd64

// Code generated by asm2asm, DO NOT EDIT.

package avx2

var _text_value = []byte{
	// .p2align 5, 0x00
	// LCPI0_0
	0x20, // .byte 32
	0x00, //0x00000001 .byte 0
	0x00, //0x00000002 .byte 0
	0x00, //0x00000003 .byte 0
	0x00, //0x00000004 .byte 0
	0x00, //0x00000005 .byte 0
	0x00, //0x00000006 .byte 0
	0x00, //0x00000007 .byte 0
	0x00, //0x00000008 .byte 0
	0x09, //0x00000009 .byte 9
	0x0a, //0x0000000a .byte 10
	0x00, //0x0000000b .byte 0
	0x00, //0x0000000c .byte 0
	0x0d, //0x0000000d .byte 13
	0x00, //0x0000000e .byte 0
	0x00, //0x0000000f .byte 0
	0x20, //0x00000010 .byte 32
	0x00, //0x00000011 .byte 0
	0x00, //0x00000012 .byte 0
	0x00, //0x00000013 .byte 0
	0x00, //0x00000014 .byte 0
	0x00, //0x00000015 .byte 0
	0x00, //0x00000016 .byte 0
	0x00, //0x00000017 .byte 0
	0x00, //0x00000018 .byte 0
	0x09, //0x00000019 .byte 9
	0x0a, //0x0000001a .byte 10
	0x00, //0x0000001b .byte 0
	0x00, //0x0000001c .byte 0
	0x0d, //0x0000001d .byte 13
	0x00, //0x0000001e .byte 0
	0x00, //0x0000001f .byte 0
	//0x00000020 LCPI0_1
	0x22, 0x22, 0x22, 0x22, 0x22, 0x22, 0x22, 0x22, 0x22, 0x22, 0x22, 0x22, 0x22, 0x22, 0x22, 0x22, //0x00000020 QUAD $0x2222222222222222; QUAD $0x2222222222222222  // .space 16, '""""""""""""""""'
	0x22, 0x22, 0x22, 0x22, 0x22, 0x22, 0x22, 0x22, 0x22, 0x22, 0x22, 0x22, 0x22, 0x22, 0x22, 0x22, //0x00000030 QUAD $0x2222222222222222; QUAD $0x2222222222222222  // .space 16, '""""""""""""""""'
	//0x00000040 LCPI0_2
	0x5c, 0x5c, 0x5c, 0x5c, 0x5c, 0x5c, 0x5c, 0x5c, 0x5c, 0x5c, 0x5c, 0x5c, 0x5c, 0x5c, 0x5c, 0x5c, //0x00000040 QUAD $0x5c5c5c5c5c5c5c5c; QUAD $0x5c5c5c5c5c5c5c5c  // .space 16, '\\\\\\\\\\\\\\\\\\\\\\\\\\\\\\\\'
	0x5c, 0x5c, 0x5c, 0x5c, 0x5c, 0x5c, 0x5c, 0x5c, 0x5c, 0x5c, 0x5c, 0x5c, 0x5c, 0x5c, 0x5c, 0x5c, //0x00000050 QUAD $0x5c5c5c5c5c5c5c5c; QUAD $0x5c5c5c5c5c5c5c5c  // .space 16, '\\\\\\\\\\\\\\\\\\\\\\\\\\\\\\\\'
	//0x00000060 LCPI0_3
	0x20, 0x20, 0x20, 0x20, 0x20, 0x20, 0x20, 0x20, 0x20, 0x20, 0x20, 0x20, 0x20, 0x20, 0x20, 0x20, //0x00000060 QUAD $0x2020202020202020; QUAD $0x2020202020202020  // .space 16, '                '
	0x20, 0x20, 0x20, 0x20, 0x20, 0x20, 0x20, 0x20, 0x20, 0x20, 0x20, 0x20, 0x20, 0x20, 0x20, 0x20, //0x00000070 QUAD $0x2020202020202020; QUAD $0x2020202020202020  // .space 16, '                '
	//0x00000080 LCPI0_4
	0x2f, 0x2f, 0x2f, 0x2f, 0x2f, 0x2f, 0x2f, 0x2f, 0x2f, 0x2f, 0x2f, 0x2f, 0x2f, 0x2f, 0x2f, 0x2f, //0x00000080 QUAD $0x2f2f2f2f2f2f2f2f; QUAD $0x2f2f2f2f2f2f2f2f  // .space 16, '////////////////'
	0x2f, 0x2f, 0x2f, 0x2f, 0x2f, 0x2f, 0x2f, 0x2f, 0x2f, 0x2f, 0x2f, 0x2f, 0x2f, 0x2f, 0x2f, 0x2f, //0x00000090 QUAD $0x2f2f2f2f2f2f2f2f; QUAD $0x2f2f2f2f2f2f2f2f  // .space 16, '////////////////'
	//0x000000a0 LCPI0_5
	0x3a, 0x3a, 0x3a, 0x3a, 0x3a, 0x3a, 0x3a, 0x3a, 0x3a, 0x3a, 0x3a, 0x3a, 0x3a, 0x3a, 0x3a, 0x3a, //0x000000a0 QUAD $0x3a3a3a3a3a3a3a3a; QUAD $0x3a3a3a3a3a3a3a3a  // .space 16, '::::::::::::::::'
	0x3a, 0x3a, 0x3a, 0x3a, 0x3a, 0x3a, 0x3a, 0x3a, 0x3a, 0x3a, 0x3a, 0x3a, 0x3a, 0x3a, 0x3a, 0x3a, //0x000000b0 QUAD $0x3a3a3a3a3a3a3a3a; QUAD $0x3a3a3a3a3a3a3a3a  // .space 16, '::::::::::::::::'
	//0x000000c0 LCPI0_6
	0x2b, 0x2b, 0x2b, 0x2b, 0x2b, 0x2b, 0x2b, 0x2b, 0x2b, 0x2b, 0x2b, 0x2b, 0x2b, 0x2b, 0x2b, 0x2b, //0x000000c0 QUAD $0x2b2b2b2b2b2b2b2b; QUAD $0x2b2b2b2b2b2b2b2b  // .space 16, '++++++++++++++++'
	0x2b, 0x2b, 0x2b, 0x2b, 0x2b, 0x2b, 0x2b, 0x2b, 0x2b, 0x2b, 0x2b, 0x2b, 0x2b, 0x2b, 0x2b, 0x2b, //0x000000d0 QUAD $0x2b2b2b2b2b2b2b2b; QUAD $0x2b2b2b2b2b2b2b2b  // .space 16, '++++++++++++++++'
	//0x000000e0 LCPI0_7
	0x2d, 0x2d, 0x2d, 0x2d, 0x2d, 0x2d, 0x2d, 0x2d, 0x2d, 0x2d, 0x2d, 0x2d, 0x2d, 0x2d, 0x2d, 0x2d, //0x000000e0 QUAD $0x2d2d2d2d2d2d2d2d; QUAD $0x2d2d2d2d2d2d2d2d  // .space 16, '----------------'
	0x2d, 0x2d, 0x2d, 0x2d, 0x2d, 0x2d, 0x2d, 0x2d, 0x2d, 0x2d, 0x2d, 0x2d, 0x2d, 0x2d, 0x2d, 0x2d, //0x000000f0 QUAD $0x2d2d2d2d2d2d2d2d; QUAD $0x2d2d2d2d2d2d2d2d  // .space 16, '----------------'
	//0x00000100 LCPI0_8
	0xdf, 0xdf, 0xdf, 0xdf, 0xdf, 0xdf, 0xdf, 0xdf, 0xdf, 0xdf, 0xdf, 0xdf, 0xdf, 0xdf, 0xdf, 0xdf, //0x00000100 QUAD $0xdfdfdfdfdfdfdfdf; QUAD $0xdfdfdfdfdfdfdfdf  // .space 16, '\xdf\xdf\xdf\xdf\xdf\xdf\xdf\xdf\xdf\xdf\xdf\xdf\xdf\xdf\xdf\xdf'
	0xdf, 0xdf, 0xdf, 0xdf, 0xdf, 0xdf, 0xdf, 0xdf, 0xdf, 0xdf, 0xdf, 0xdf, 0xdf, 0xdf, 0xdf, 0xdf, //0x00000110 QUAD $0xdfdfdfdfdfdfdfdf; QUAD $0xdfdfdfdfdfdfdfdf  // .space 16, '\xdf\xdf\xdf\xdf\xdf\xdf\xdf\xdf\xdf\xdf\xdf\xdf\xdf\xdf\xdf\xdf'
	//0x00000120 LCPI0_9
	0x2e, 0x2e, 0x2e, 0x2e, 0x2e, 0x2e, 0x2e, 0x2e, 0x2e, 0x2e, 0x2e, 0x2e, 0x2e, 0x2e, 0x2e, 0x2e, //0x00000120 QUAD $0x2e2e2e2e2e2e2e2e; QUAD $0x2e2e2e2e2e2e2e2e  // .space 16, '................'
	0x2e, 0x2e, 0x2e, 0x2e, 0x2e, 0x2e, 0x2e, 0x2e, 0x2e, 0x2e, 0x2e, 0x2e, 0x2e, 0x2e, 0x2e, 0x2e, //0x00000130 QUAD $0x2e2e2e2e2e2e2e2e; QUAD $0x2e2e2e2e2e2e2e2e  // .space 16, '................'
	//0x00000140 LCPI0_10
	0x45, 0x45, 0x45, 0x45, 0x45, 0x45, 0x45, 0x45, 0x45, 0x45, 0x45, 0x45, 0x45, 0x45, 0x45, 0x45, //0x00000140 QUAD $0x4545454545454545; QUAD $0x4545454545454545  // .space 16, 'EEEEEEEEEEEEEEEE'
	0x45, 0x45, 0x45, 0x45, 0x45, 0x45, 0x45, 0x45, 0x45, 0x45, 0x45, 0x45, 0x45, 0x45, 0x45, 0x45, //0x00000150 QUAD $0x4545454545454545; QUAD $0x4545454545454545  // .space 16, 'EEEEEEEEEEEEEEEE'
	//0x00000160 LCPI0_22
	0x00, 0x00, 0x00, 0x00, 0x00, 0x00, 0x00, 0x00, //0x00000160 QUAD $0x0000000000000000  // .space 8, '\x00\x00\x00\x00\x00\x00\x00\x00'
	0x01, 0x00, 0x00, 0x00, 0x00, 0x00, 0x00, 0x00, //0x00000168 .quad 1
	0x01, 0x00, 0x00, 0x00, 0x00, 0x00, 0x00, 0x00, //0x00000170 .quad 1
	0x01, 0x00, 0x00, 0x00, 0x00, 0x00, 0x00, 0x00, //0x00000178 .quad 1
	//0x00000180 .p2align 4, 0x00
	//0x00000180 LCPI0_11
	0x2f, 0x2f, 0x2f, 0x2f, 0x2f, 0x2f, 0x2f, 0x2f, 0x2f, 0x2f, 0x2f, 0x2f, 0x2f, 0x2f, 0x2f, 0x2f, //0x00000180 QUAD $0x2f2f2f2f2f2f2f2f; QUAD $0x2f2f2f2f2f2f2f2f  // .space 16, '////////////////'
	//0x00000190 LCPI0_12
	0x3a, 0x3a, 0x3a, 0x3a, 0x3a, 0x3a, 0x3a, 0x3a, 0x3a, 0x3a, 0x3a, 0x3a, 0x3a, 0x3a, 0x3a, 0x3a, //0x00000190 QUAD $0x3a3a3a3a3a3a3a3a; QUAD $0x3a3a3a3a3a3a3a3a  // .space 16, '::::::::::::::::'
	//0x000001a0 LCPI0_13
	0x2b, 0x2b, 0x2b, 0x2b, 0x2b, 0x2b, 0x2b, 0x2b, 0x2b, 0x2b, 0x2b, 0x2b, 0x2b, 0x2b, 0x2b, 0x2b, //0x000001a0 QUAD $0x2b2b2b2b2b2b2b2b; QUAD $0x2b2b2b2b2b2b2b2b  // .space 16, '++++++++++++++++'
	//0x000001b0 LCPI0_14
	0x2d, 0x2d, 0x2d, 0x2d, 0x2d, 0x2d, 0x2d, 0x2d, 0x2d, 0x2d, 0x2d, 0x2d, 0x2d, 0x2d, 0x2d, 0x2d, //0x000001b0 QUAD $0x2d2d2d2d2d2d2d2d; QUAD $0x2d2d2d2d2d2d2d2d  // .space 16, '----------------'
	//0x000001c0 LCPI0_15
	0xdf, 0xdf, 0xdf, 0xdf, 0xdf, 0xdf, 0xdf, 0xdf, 0xdf, 0xdf, 0xdf, 0xdf, 0xdf, 0xdf, 0xdf, 0xdf, //0x000001c0 QUAD $0xdfdfdfdfdfdfdfdf; QUAD $0xdfdfdfdfdfdfdfdf  // .space 16, '\xdf\xdf\xdf\xdf\xdf\xdf\xdf\xdf\xdf\xdf\xdf\xdf\xdf\xdf\xdf\xdf'
	//0x000001d0 LCPI0_16
	0x2e, 0x2e, 0x2e, 0x2e, 0x2e, 0x2e, 0x2e, 0x2e, 0x2e, 0x2e, 0x2e, 0x2e, 0x2e, 0x2e, 0x2e, 0x2e, //0x000001d0 QUAD $0x2e2e2e2e2e2e2e2e; QUAD $0x2e2e2e2e2e2e2e2e  // .space 16, '................'
	//0x000001e0 LCPI0_17
	0x45, 0x45, 0x45, 0x45, 0x45, 0x45, 0x45, 0x45, 0x45, 0x45, 0x45, 0x45, 0x45, 0x45, 0x45, 0x45, //0x000001e0 QUAD $0x4545454545454545; QUAD $0x4545454545454545  // .space 16, 'EEEEEEEEEEEEEEEE'
	//0x000001f0 LCPI0_18
	0x00, 0x00, 0x30, 0x43, //0x000001f0 .long 1127219200
	0x00, 0x00, 0x30, 0x45, //0x000001f4 .long 1160773632
	0x00, 0x00, 0x00, 0x00, //0x000001f8 .long 0
	0x00, 0x00, 0x00, 0x00, //0x000001fc .long 0
	//0x00000200 LCPI0_19
	0x00, 0x00, 0x00, 0x00, 0x00, 0x00, 0x30, 0x43, //0x00000200 .quad 0x4330000000000000
	0x00, 0x00, 0x00, 0x00, 0x00, 0x00, 0x30, 0x45, //0x00000208 .quad 0x4530000000000000
	//0x00000210 .p2align 3, 0x00
	//0x00000210 LCPI0_20
	0x00, 0x00, 0x34, 0x26, 0xf5, 0x6b, 0x0c, 0x43, //0x00000210 .quad 0x430c6bf526340000
	//0x00000218 LCPI0_21
	0x00, 0x00, 0x34, 0x26, 0xf5, 0x6b, 0x0c, 0xc3, //0x00000218 .quad 0xc30c6bf526340000
	//0x00000220 LCPI0_23
	0x01, 0x00, 0x00, 0x00, 0x00, 0x00, 0x00, 0x00, //0x00000220 .quad 1
	//0x00000228 LCPI0_24
	0x10, 0x27, 0x00, 0x00, 0x00, 0x00, 0x00, 0x00, //0x00000228 .quad 10000
	//0x00000230 LCPI0_25
	0x0a, 0x00, 0x00, 0x00, 0x00, 0x00, 0x00, 0x00, //0x00000230 .quad 10
	0x90, 0x90, 0x90, 0x90, 0x90, 0x90, 0x90, 0x90, //0x00000238 .p2align 4, 0x90
	//0x00000240 _value
	0x55,             //0x00000240 pushq        %rbp
	0x48, 0x89, 0xe5, //0x00000241 movq         %rsp, %rbp
	0x41, 0x57, //0x00000244 pushq        %r15
	0x41, 0x56, //0x00000246 pushq        %r14
	0x41, 0x55, //0x00000248 pushq        %r13
	0x41, 0x54, //0x0000024a pushq        %r12
	0x53,                   //0x0000024c pushq        %rbx
	0x48, 0x83, 0xec, 0x58, //0x0000024d subq         $88, %rsp
	0x49, 0x89, 0xcf, //0x00000251 movq         %rcx, %r15
	0x49, 0x89, 0xf5, //0x00000254 movq         %rsi, %r13
	0x48, 0x39, 0xf2, //0x00000257 cmpq         %rsi, %rdx
	0x0f, 0x83, 0x27, 0x00, 0x00, 0x00, //0x0000025a jae          LBB0_5
	0x8a, 0x04, 0x17, //0x00000260 movb         (%rdi,%rdx), %al
	0x3c, 0x0d, //0x00000263 cmpb         $13, %al
	0x0f, 0x84, 0x1c, 0x00, 0x00, 0x00, //0x00000265 je           LBB0_5
	0x3c, 0x20, //0x0000026b cmpb         $32, %al
	0x0f, 0x84, 0x14, 0x00, 0x00, 0x00, //0x0000026d je           LBB0_5
	0x8d, 0x48, 0xf7, //0x00000273 leal         $-9(%rax), %ecx
	0x80, 0xf9, 0x01, //0x00000276 cmpb         $1, %cl
	0x0f, 0x86, 0x08, 0x00, 0x00, 0x00, //0x00000279 jbe          LBB0_5
	0x49, 0x89, 0xd3, //0x0000027f movq         %rdx, %r11
	0xe9, 0x68, 0x01, 0x00, 0x00, //0x00000282 jmp          LBB0_32
	//0x00000287 LBB0_5
	0x4c, 0x8d, 0x5a, 0x01, //0x00000287 leaq         $1(%rdx), %r11
	0x4d, 0x39, 0xeb, //0x0000028b cmpq         %r13, %r11
	0x0f, 0x83, 0x20, 0x00, 0x00, 0x00, //0x0000028e jae          LBB0_9
	0x42, 0x8a, 0x04, 0x1f, //0x00000294 movb         (%rdi,%r11), %al
	0x3c, 0x0d, //0x00000298 cmpb         $13, %al
	0x0f, 0x84, 0x14, 0x00, 0x00, 0x00, //0x0000029a je           LBB0_9
	0x3c, 0x20, //0x000002a0 cmpb         $32, %al
	0x0f, 0x84, 0x0c, 0x00, 0x00, 0x00, //0x000002a2 je           LBB0_9
	0x8d, 0x48, 0xf7, //0x000002a8 leal         $-9(%rax), %ecx
	0x80, 0xf9, 0x01, //0x000002ab cmpb         $1, %cl
	0x0f, 0x87, 0x3b, 0x01, 0x00, 0x00, //0x000002ae ja           LBB0_32
	//0x000002b4 LBB0_9
	0x4c, 0x8d, 0x5a, 0x02, //0x000002b4 leaq         $2(%rdx), %r11
	0x4d, 0x39, 0xeb, //0x000002b8 cmpq         %r13, %r11
	0x0f, 0x83, 0x20, 0x00, 0x00, 0x00, //0x000002bb jae          LBB0_13
	0x42, 0x8a, 0x04, 0x1f, //0x000002c1 movb         (%rdi,%r11), %al
	0x3c, 0x0d, //0x000002c5 cmpb         $13, %al
	0x0f, 0x84, 0x14, 0x00, 0x00, 0x00, //0x000002c7 je           LBB0_13
	0x3c, 0x20, //0x000002cd cmpb         $32, %al
	0x0f, 0x84, 0x0c, 0x00, 0x00, 0x00, //0x000002cf je           LBB0_13
	0x8d, 0x48, 0xf7, //0x000002d5 leal         $-9(%rax), %ecx
	0x80, 0xf9, 0x01, //0x000002d8 cmpb         $1, %cl
	0x0f, 0x87, 0x0e, 0x01, 0x00, 0x00, //0x000002db ja           LBB0_32
	//0x000002e1 LBB0_13
	0x4c, 0x8d, 0x5a, 0x03, //0x000002e1 leaq         $3(%rdx), %r11
	0x4d, 0x39, 0xeb, //0x000002e5 cmpq         %r13, %r11
	0x0f, 0x83, 0x20, 0x00, 0x00, 0x00, //0x000002e8 jae          LBB0_17
	0x42, 0x8a, 0x04, 0x1f, //0x000002ee movb         (%rdi,%r11), %al
	0x3c, 0x0d, //0x000002f2 cmpb         $13, %al
	0x0f, 0x84, 0x14, 0x00, 0x00, 0x00, //0x000002f4 je           LBB0_17
	0x3c, 0x20, //0x000002fa cmpb         $32, %al
	0x0f, 0x84, 0x0c, 0x00, 0x00, 0x00, //0x000002fc je           LBB0_17
	0x8d, 0x48, 0xf7, //0x00000302 leal         $-9(%rax), %ecx
	0x80, 0xf9, 0x01, //0x00000305 cmpb         $1, %cl
	0x0f, 0x87, 0xe1, 0x00, 0x00, 0x00, //0x00000308 ja           LBB0_32
	//0x0000030e LBB0_17
	0x4c, 0x8d, 0x5a, 0x04, //0x0000030e leaq         $4(%rdx), %r11
	0x4d, 0x39, 0xeb, //0x00000312 cmpq         %r13, %r11
	0x0f, 0x83, 0xb6, 0x00, 0x00, 0x00, //0x00000315 jae          LBB0_29
	0x4c, 0x89, 0xe8, //0x0000031b movq         %r13, %rax
	0x4c, 0x29, 0xd8, //0x0000031e subq         %r11, %rax
	0x48, 0x83, 0xf8, 0x20, //0x00000321 cmpq         $32, %rax
	0x0f, 0x82, 0x0e, 0x18, 0x00, 0x00, //0x00000325 jb           LBB0_352
	0x48, 0xc7, 0xc0, 0xfc, 0xff, 0xff, 0xff, //0x0000032b movq         $-4, %rax
	0x48, 0x29, 0xd0, //0x00000332 subq         %rdx, %rax
	0xc5, 0xfe, 0x6f, 0x05, 0xc3, 0xfc, 0xff, 0xff, //0x00000335 vmovdqu      $-829(%rip), %ymm0  /* LCPI0_0+0(%rip) */
	0x90, 0x90, 0x90, //0x0000033d .p2align 4, 0x90
	//0x00000340 LBB0_20
	0xc4, 0xa1, 0x7e, 0x6f, 0x0c, 0x1f, //0x00000340 vmovdqu      (%rdi,%r11), %ymm1
	0xc4, 0xe2, 0x7d, 0x00, 0xd1, //0x00000346 vpshufb      %ymm1, %ymm0, %ymm2
	0xc5, 0xf5, 0x74, 0xca, //0x0000034b vpcmpeqb     %ymm2, %ymm1, %ymm1
	0xc5, 0xfd, 0xd7, 0xc9, //0x0000034f vpmovmskb    %ymm1, %ecx
	0x83, 0xf9, 0xff, //0x00000353 cmpl         $-1, %ecx
	0x0f, 0x85, 0x7d, 0x00, 0x00, 0x00, //0x00000356 jne          LBB0_30
	0x49, 0x83, 0xc3, 0x20, //0x0000035c addq         $32, %r11
	0x4a, 0x8d, 0x0c, 0x28, //0x00000360 leaq         (%rax,%r13), %rcx
	0x48, 0x83, 0xc1, 0xe0, //0x00000364 addq         $-32, %rcx
	0x48, 0x83, 0xc0, 0xe0, //0x00000368 addq         $-32, %rax
	0x48, 0x83, 0xf9, 0x1f, //0x0000036c cmpq         $31, %rcx
	0x0f, 0x87, 0xca, 0xff, 0xff, 0xff, //0x00000370 ja           LBB0_20
	0x49, 0x89, 0xfb, //0x00000376 movq         %rdi, %r11
	0x49, 0x29, 0xc3, //0x00000379 subq         %rax, %r11
	0x4c, 0x01, 0xe8, //0x0000037c addq         %r13, %rax
	0x48, 0x85, 0xc0, //0x0000037f testq        %rax, %rax
	0x0f, 0x84, 0x38, 0x00, 0x00, 0x00, //0x00000382 je           LBB0_28
	//0x00000388 LBB0_23
	0x4d, 0x8d, 0x0c, 0x03, //0x00000388 leaq         (%r11,%rax), %r9
	0x31, 0xc9, //0x0000038c xorl         %ecx, %ecx
	0x49, 0xba, 0x00, 0x26, 0x00, 0x00, 0x01, 0x00, 0x00, 0x00, //0x0000038e movabsq      $4294977024, %r10
	//0x00000398 LBB0_24
	0x41, 0x0f, 0xbe, 0x34, 0x0b, //0x00000398 movsbl       (%r11,%rcx), %esi
	0x83, 0xfe, 0x20, //0x0000039d cmpl         $32, %esi
	0x0f, 0x87, 0x50, 0x12, 0x00, 0x00, //0x000003a0 ja           LBB0_289
	0x49, 0x0f, 0xa3, 0xf2, //0x000003a6 btq          %rsi, %r10
	0x0f, 0x83, 0x46, 0x12, 0x00, 0x00, //0x000003aa jae          LBB0_289
	0x48, 0x83, 0xc1, 0x01, //0x000003b0 addq         $1, %rcx
	0x48, 0x39, 0xc8, //0x000003b4 cmpq         %rcx, %rax
	0x0f, 0x85, 0xdb, 0xff, 0xff, 0xff, //0x000003b7 jne          LBB0_24
	0x4d, 0x89, 0xcb, //0x000003bd movq         %r9, %r11
	//0x000003c0 LBB0_28
	0x49, 0x29, 0xfb, //0x000003c0 subq         %rdi, %r11
	0x4d, 0x39, 0xeb, //0x000003c3 cmpq         %r13, %r11
	0x0f, 0x82, 0x1f, 0x00, 0x00, 0x00, //0x000003c6 jb           LBB0_31
	0xe9, 0x34, 0x12, 0x00, 0x00, //0x000003cc jmp          LBB0_290
	//0x000003d1 LBB0_29
	0x4c, 0x89, 0xda, //0x000003d1 movq         %r11, %rdx
	0xe9, 0x2c, 0x12, 0x00, 0x00, //0x000003d4 jmp          LBB0_290
	//0x000003d9 LBB0_30
	0xf7, 0xd1, //0x000003d9 notl         %ecx
	0x44, 0x0f, 0xbc, 0xd9, //0x000003db bsfl         %ecx, %r11d
	0x49, 0x29, 0xc3, //0x000003df subq         %rax, %r11
	0x4d, 0x39, 0xeb, //0x000003e2 cmpq         %r13, %r11
	0x0f, 0x83, 0x1a, 0x12, 0x00, 0x00, //0x000003e5 jae          LBB0_290
	//0x000003eb LBB0_31
	0x42, 0x8a, 0x04, 0x1f, //0x000003eb movb         (%rdi,%r11), %al
	//0x000003ef LBB0_32
	0x0f, 0xbe, 0xc8, //0x000003ef movsbl       %al, %ecx
	0x83, 0xf9, 0x7d, //0x000003f2 cmpl         $125, %ecx
	0x0f, 0x87, 0x35, 0x07, 0x00, 0x00, //0x000003f5 ja           LBB0_133
	0x49, 0x8d, 0x53, 0x01, //0x000003fb leaq         $1(%r11), %rdx
	0x4a, 0x8d, 0x1c, 0x1f, //0x000003ff leaq         (%rdi,%r11), %rbx
	0x48, 0x8d, 0x35, 0x0a, 0x36, 0x00, 0x00, //0x00000403 leaq         $13834(%rip), %rsi  /* LJTI0_0+0(%rip) */
	0x48, 0x63, 0x0c, 0x8e, //0x0000040a movslq       (%rsi,%rcx,4), %rcx
	0x48, 0x01, 0xf1, //0x0000040e addq         %rsi, %rcx
	0x48, 0x89, 0x7d, 0xc8, //0x00000411 movq         %rdi, $-56(%rbp)
	0xff, 0xe1, //0x00000415 jmpq         *%rcx
	//0x00000417 LBB0_34
	0x41, 0xf6, 0xc0, 0x02, //0x00000417 testb        $2, %r8b
	0x0f, 0x85, 0x7a, 0x00, 0x00, 0x00, //0x0000041b jne          LBB0_41
	0x4d, 0x8b, 0x4f, 0x20, //0x00000421 movq         $32(%r15), %r9
	0x49, 0x8b, 0x47, 0x28, //0x00000425 movq         $40(%r15), %rax
	0x48, 0x89, 0x45, 0xa8, //0x00000429 movq         %rax, $-88(%rbp)
	0x49, 0xc7, 0x07, 0x09, 0x00, 0x00, 0x00, //0x0000042d movq         $9, (%r15)
	0xc5, 0xf9, 0xef, 0xc0, //0x00000434 vpxor        %xmm0, %xmm0, %xmm0
	0xc4, 0xc1, 0x7a, 0x7f, 0x47, 0x08, //0x00000438 vmovdqu      %xmm0, $8(%r15)
	0x4d, 0x89, 0x5f, 0x18, //0x0000043e movq         %r11, $24(%r15)
	0x4d, 0x39, 0xeb, //0x00000442 cmpq         %r13, %r11
	0x0f, 0x83, 0xc3, 0x0f, 0x00, 0x00, //0x00000445 jae          LBB0_261
	0x48, 0x89, 0x5d, 0xc0, //0x0000044b movq         %rbx, $-64(%rbp)
	0x44, 0x8a, 0x03, //0x0000044f movb         (%rbx), %r8b
	0x41, 0xbc, 0x01, 0x00, 0x00, 0x00, //0x00000452 movl         $1, %r12d
	0x44, 0x89, 0xc3, //0x00000458 movl         %r8d, %ebx
	0x4c, 0x89, 0xd9, //0x0000045b movq         %r11, %rcx
	0x41, 0x80, 0xf8, 0x2d, //0x0000045e cmpb         $45, %r8b
	0x0f, 0x85, 0x19, 0x00, 0x00, 0x00, //0x00000462 jne          LBB0_39
	0x4c, 0x39, 0xea, //0x00000468 cmpq         %r13, %rdx
	0x0f, 0x83, 0x9d, 0x0f, 0x00, 0x00, //0x0000046b jae          LBB0_261
	0x48, 0x8b, 0x45, 0xc8, //0x00000471 movq         $-56(%rbp), %rax
	0x8a, 0x1c, 0x10, //0x00000475 movb         (%rax,%rdx), %bl
	0x41, 0xbc, 0xff, 0xff, 0xff, 0xff, //0x00000478 movl         $-1, %r12d
	0x48, 0x89, 0xd1, //0x0000047e movq         %rdx, %rcx
	//0x00000481 LBB0_39
	0x8d, 0x43, 0xd0, //0x00000481 leal         $-48(%rbx), %eax
	0x3c, 0x0a, //0x00000484 cmpb         $10, %al
	0x0f, 0x82, 0x0b, 0x04, 0x00, 0x00, //0x00000486 jb           LBB0_98
	//0x0000048c LBB0_40
	0x49, 0xc7, 0x07, 0xfe, 0xff, 0xff, 0xff, //0x0000048c movq         $-2, (%r15)
	0x49, 0x89, 0xce, //0x00000493 movq         %rcx, %r14
	0xe9, 0x74, 0x11, 0x00, 0x00, //0x00000496 jmp          LBB0_292
	//0x0000049b LBB0_41
	0x4d, 0x29, 0xdd, //0x0000049b subq         %r11, %r13
	0x31, 0xf6, //0x0000049e xorl         %esi, %esi
	0x3c, 0x2d, //0x000004a0 cmpb         $45, %al
	0x40, 0x0f, 0x94, 0xc6, //0x000004a2 sete         %sil
	0x4c, 0x8d, 0x34, 0x33, //0x000004a6 leaq         (%rbx,%rsi), %r14
	0x49, 0x29, 0xf5, //0x000004aa subq         %rsi, %r13
	0x0f, 0x84, 0x35, 0x26, 0x00, 0x00, //0x000004ad je           LBB0_592
	0x4c, 0x89, 0x7d, 0x98, //0x000004b3 movq         %r15, $-104(%rbp)
	0x41, 0x8a, 0x06, //0x000004b7 movb         (%r14), %al
	0x8d, 0x48, 0xd0, //0x000004ba leal         $-48(%rax), %ecx
	0x80, 0xf9, 0x09, //0x000004bd cmpb         $9, %cl
	0x0f, 0x87, 0xaa, 0x0d, 0x00, 0x00, //0x000004c0 ja           LBB0_231
	0x3c, 0x30, //0x000004c6 cmpb         $48, %al
	0x0f, 0x85, 0x36, 0x00, 0x00, 0x00, //0x000004c8 jne          LBB0_47
	0xb8, 0x01, 0x00, 0x00, 0x00, //0x000004ce movl         $1, %eax
	0x49, 0x83, 0xfd, 0x01, //0x000004d3 cmpq         $1, %r13
	0x0f, 0x84, 0x80, 0x07, 0x00, 0x00, //0x000004d7 je           LBB0_155
	0x41, 0x8a, 0x4e, 0x01, //0x000004dd movb         $1(%r14), %cl
	0x80, 0xc1, 0xd2, //0x000004e1 addb         $-46, %cl
	0x80, 0xf9, 0x37, //0x000004e4 cmpb         $55, %cl
	0x0f, 0x87, 0x70, 0x07, 0x00, 0x00, //0x000004e7 ja           LBB0_155
	0x0f, 0xb6, 0xc9, //0x000004ed movzbl       %cl, %ecx
	0x48, 0xba, 0x01, 0x00, 0x80, 0x00, 0x00, 0x00, 0x80, 0x00, //0x000004f0 movabsq      $36028797027352577, %rdx
	0x48, 0x0f, 0xa3, 0xca, //0x000004fa btq          %rcx, %rdx
	0x0f, 0x83, 0x59, 0x07, 0x00, 0x00, //0x000004fe jae          LBB0_155
	//0x00000504 LBB0_47
	0x48, 0x89, 0x5d, 0xc0, //0x00000504 movq         %rbx, $-64(%rbp)
	0x49, 0x83, 0xfd, 0x20, //0x00000508 cmpq         $32, %r13
	0x48, 0x89, 0x75, 0xa8, //0x0000050c movq         %rsi, $-88(%rbp)
	0x49, 0xc7, 0xc4, 0xff, 0xff, 0xff, 0xff, //0x00000510 movq         $-1, %r12
	0x0f, 0x82, 0xf7, 0x25, 0x00, 0x00, //0x00000517 jb           LBB0_595
	0x31, 0xc0, //0x0000051d xorl         %eax, %eax
	0xc5, 0xfe, 0x6f, 0x05, 0x59, 0xfb, 0xff, 0xff, //0x0000051f vmovdqu      $-1191(%rip), %ymm0  /* LCPI0_4+0(%rip) */
	0xc5, 0xfe, 0x6f, 0x0d, 0x71, 0xfb, 0xff, 0xff, //0x00000527 vmovdqu      $-1167(%rip), %ymm1  /* LCPI0_5+0(%rip) */
	0xc5, 0xfe, 0x6f, 0x15, 0x89, 0xfb, 0xff, 0xff, //0x0000052f vmovdqu      $-1143(%rip), %ymm2  /* LCPI0_6+0(%rip) */
	0xc5, 0xfe, 0x6f, 0x1d, 0xa1, 0xfb, 0xff, 0xff, //0x00000537 vmovdqu      $-1119(%rip), %ymm3  /* LCPI0_7+0(%rip) */
	0xc5, 0xfe, 0x6f, 0x25, 0xb9, 0xfb, 0xff, 0xff, //0x0000053f vmovdqu      $-1095(%rip), %ymm4  /* LCPI0_8+0(%rip) */
	0xc5, 0xfe, 0x6f, 0x2d, 0xd1, 0xfb, 0xff, 0xff, //0x00000547 vmovdqu      $-1071(%rip), %ymm5  /* LCPI0_9+0(%rip) */
	0xc5, 0xfe, 0x6f, 0x35, 0xe9, 0xfb, 0xff, 0xff, //0x0000054f vmovdqu      $-1047(%rip), %ymm6  /* LCPI0_10+0(%rip) */
	0x49, 0xc7, 0xc7, 0xff, 0xff, 0xff, 0xff, //0x00000557 movq         $-1, %r15
	0x49, 0xc7, 0xc0, 0xff, 0xff, 0xff, 0xff, //0x0000055e movq         $-1, %r8
	0x90, 0x90, 0x90, 0x90, 0x90, 0x90, 0x90, 0x90, 0x90, 0x90, 0x90, //0x00000565 .p2align 4, 0x90
	//0x00000570 LBB0_49
	0xc4, 0xc1, 0x7e, 0x6f, 0x3c, 0x06, //0x00000570 vmovdqu      (%r14,%rax), %ymm7
	0xc5, 0x45, 0x64, 0xc0, //0x00000576 vpcmpgtb     %ymm0, %ymm7, %ymm8
	0xc5, 0x75, 0x64, 0xcf, //0x0000057a vpcmpgtb     %ymm7, %ymm1, %ymm9
	0xc4, 0x41, 0x35, 0xdb, 0xc0, //0x0000057e vpand        %ymm8, %ymm9, %ymm8
	0xc5, 0x45, 0x74, 0xca, //0x00000583 vpcmpeqb     %ymm2, %ymm7, %ymm9
	0xc5, 0x45, 0x74, 0xd3, //0x00000587 vpcmpeqb     %ymm3, %ymm7, %ymm10
	0xc4, 0x41, 0x2d, 0xeb, 0xc9, //0x0000058b vpor         %ymm9, %ymm10, %ymm9
	0xc5, 0x45, 0xdb, 0xd4, //0x00000590 vpand        %ymm4, %ymm7, %ymm10
	0xc5, 0x2d, 0x74, 0xd6, //0x00000594 vpcmpeqb     %ymm6, %ymm10, %ymm10
	0xc5, 0xc5, 0x74, 0xfd, //0x00000598 vpcmpeqb     %ymm5, %ymm7, %ymm7
	0xc5, 0xfd, 0xd7, 0xf7, //0x0000059c vpmovmskb    %ymm7, %esi
	0xc4, 0xc1, 0x7d, 0xd7, 0xd2, //0x000005a0 vpmovmskb    %ymm10, %edx
	0xc4, 0x41, 0x7d, 0xd7, 0xd1, //0x000005a5 vpmovmskb    %ymm9, %r10d
	0xc5, 0xbd, 0xeb, 0xff, //0x000005aa vpor         %ymm7, %ymm8, %ymm7
	0xc4, 0x41, 0x2d, 0xeb, 0xc1, //0x000005ae vpor         %ymm9, %ymm10, %ymm8
	0xc5, 0xbd, 0xeb, 0xff, //0x000005b3 vpor         %ymm7, %ymm8, %ymm7
	0xc5, 0xfd, 0xd7, 0xcf, //0x000005b7 vpmovmskb    %ymm7, %ecx
	0x48, 0xf7, 0xd1, //0x000005bb notq         %rcx
	0x4c, 0x0f, 0xbc, 0xc9, //0x000005be bsfq         %rcx, %r9
	0x41, 0x83, 0xf9, 0x20, //0x000005c2 cmpl         $32, %r9d
	0x0f, 0x84, 0x16, 0x00, 0x00, 0x00, //0x000005c6 je           LBB0_51
	0xbb, 0xff, 0xff, 0xff, 0xff, //0x000005cc movl         $-1, %ebx
	0x44, 0x89, 0xc9, //0x000005d1 movl         %r9d, %ecx
	0xd3, 0xe3, //0x000005d4 shll         %cl, %ebx
	0xf7, 0xd3, //0x000005d6 notl         %ebx
	0x21, 0xde, //0x000005d8 andl         %ebx, %esi
	0x21, 0xda, //0x000005da andl         %ebx, %edx
	0x44, 0x21, 0xd3, //0x000005dc andl         %r10d, %ebx
	0x41, 0x89, 0xda, //0x000005df movl         %ebx, %r10d
	//0x000005e2 LBB0_51
	0x8d, 0x4e, 0xff, //0x000005e2 leal         $-1(%rsi), %ecx
	0x21, 0xf1, //0x000005e5 andl         %esi, %ecx
	0x0f, 0x85, 0x99, 0x0c, 0x00, 0x00, //0x000005e7 jne          LBB0_232
	0x8d, 0x4a, 0xff, //0x000005ed leal         $-1(%rdx), %ecx
	0x21, 0xd1, //0x000005f0 andl         %edx, %ecx
	0x0f, 0x85, 0x8e, 0x0c, 0x00, 0x00, //0x000005f2 jne          LBB0_232
	0x41, 0x8d, 0x4a, 0xff, //0x000005f8 leal         $-1(%r10), %ecx
	0x44, 0x21, 0xd1, //0x000005fc andl         %r10d, %ecx
	0x0f, 0x85, 0x81, 0x0c, 0x00, 0x00, //0x000005ff jne          LBB0_232
	0x85, 0xf6, //0x00000605 testl        %esi, %esi
	0x0f, 0x84, 0x13, 0x00, 0x00, 0x00, //0x00000607 je           LBB0_57
	0x0f, 0xbc, 0xce, //0x0000060d bsfl         %esi, %ecx
	0x49, 0x83, 0xf8, 0xff, //0x00000610 cmpq         $-1, %r8
	0x0f, 0x85, 0x7a, 0x0f, 0x00, 0x00, //0x00000614 jne          LBB0_285
	0x48, 0x01, 0xc1, //0x0000061a addq         %rax, %rcx
	0x49, 0x89, 0xc8, //0x0000061d movq         %rcx, %r8
	//0x00000620 LBB0_57
	0x85, 0xd2, //0x00000620 testl        %edx, %edx
	0x0f, 0x84, 0x13, 0x00, 0x00, 0x00, //0x00000622 je           LBB0_60
	0x0f, 0xbc, 0xca, //0x00000628 bsfl         %edx, %ecx
	0x49, 0x83, 0xff, 0xff, //0x0000062b cmpq         $-1, %r15
	0x0f, 0x85, 0x5f, 0x0f, 0x00, 0x00, //0x0000062f jne          LBB0_285
	0x48, 0x01, 0xc1, //0x00000635 addq         %rax, %rcx
	0x49, 0x89, 0xcf, //0x00000638 movq         %rcx, %r15
	//0x0000063b LBB0_60
	0x45, 0x85, 0xd2, //0x0000063b testl        %r10d, %r10d
	0x0f, 0x84, 0x14, 0x00, 0x00, 0x00, //0x0000063e je           LBB0_63
	0x41, 0x0f, 0xbc, 0xca, //0x00000644 bsfl         %r10d, %ecx
	0x49, 0x83, 0xfc, 0xff, //0x00000648 cmpq         $-1, %r12
	0x0f, 0x85, 0x42, 0x0f, 0x00, 0x00, //0x0000064c jne          LBB0_285
	0x48, 0x01, 0xc1, //0x00000652 addq         %rax, %rcx
	0x49, 0x89, 0xcc, //0x00000655 movq         %rcx, %r12
	//0x00000658 LBB0_63
	0x41, 0x83, 0xf9, 0x20, //0x00000658 cmpl         $32, %r9d
	0x0f, 0x85, 0x17, 0x02, 0x00, 0x00, //0x0000065c jne          LBB0_97
	0x49, 0x83, 0xc5, 0xe0, //0x00000662 addq         $-32, %r13
	0x48, 0x83, 0xc0, 0x20, //0x00000666 addq         $32, %rax
	0x49, 0x83, 0xfd, 0x1f, //0x0000066a cmpq         $31, %r13
	0x0f, 0x87, 0xfc, 0xfe, 0xff, 0xff, //0x0000066e ja           LBB0_49
	0xc5, 0xf8, 0x77, //0x00000674 vzeroupper
	0x4c, 0x01, 0xf0, //0x00000677 addq         %r14, %rax
	0x49, 0x89, 0xc1, //0x0000067a movq         %rax, %r9
	0x49, 0x83, 0xfd, 0x10, //0x0000067d cmpq         $16, %r13
	0x0f, 0x82, 0x53, 0x01, 0x00, 0x00, //0x00000681 jb           LBB0_84
	//0x00000687 LBB0_66
	0x4c, 0x89, 0xcf, //0x00000687 movq         %r9, %rdi
	0x4c, 0x29, 0xf7, //0x0000068a subq         %r14, %rdi
	0x31, 0xc0, //0x0000068d xorl         %eax, %eax
	0xc5, 0x7a, 0x6f, 0x05, 0xe9, 0xfa, 0xff, 0xff, //0x0000068f vmovdqu      $-1303(%rip), %xmm8  /* LCPI0_11+0(%rip) */
	0xc5, 0x7a, 0x6f, 0x0d, 0xf1, 0xfa, 0xff, 0xff, //0x00000697 vmovdqu      $-1295(%rip), %xmm9  /* LCPI0_12+0(%rip) */
	0xc5, 0x7a, 0x6f, 0x15, 0xf9, 0xfa, 0xff, 0xff, //0x0000069f vmovdqu      $-1287(%rip), %xmm10  /* LCPI0_13+0(%rip) */
	0xc5, 0x7a, 0x6f, 0x1d, 0x01, 0xfb, 0xff, 0xff, //0x000006a7 vmovdqu      $-1279(%rip), %xmm11  /* LCPI0_14+0(%rip) */
	0xc5, 0xfa, 0x6f, 0x25, 0x09, 0xfb, 0xff, 0xff, //0x000006af vmovdqu      $-1271(%rip), %xmm4  /* LCPI0_15+0(%rip) */
	0xc5, 0xfa, 0x6f, 0x2d, 0x11, 0xfb, 0xff, 0xff, //0x000006b7 vmovdqu      $-1263(%rip), %xmm5  /* LCPI0_16+0(%rip) */
	0xc5, 0xfa, 0x6f, 0x35, 0x19, 0xfb, 0xff, 0xff, //0x000006bf vmovdqu      $-1255(%rip), %xmm6  /* LCPI0_17+0(%rip) */
	0x4c, 0x89, 0x75, 0xb8, //0x000006c7 movq         %r14, $-72(%rbp)
	0x90, 0x90, 0x90, 0x90, 0x90, //0x000006cb .p2align 4, 0x90
	//0x000006d0 LBB0_67
	0xc4, 0xc1, 0x7a, 0x6f, 0x3c, 0x01, //0x000006d0 vmovdqu      (%r9,%rax), %xmm7
	0xc4, 0xc1, 0x41, 0x64, 0xc0, //0x000006d6 vpcmpgtb     %xmm8, %xmm7, %xmm0
	0xc5, 0xb1, 0x64, 0xcf, //0x000006db vpcmpgtb     %xmm7, %xmm9, %xmm1
	0xc5, 0xf9, 0xdb, 0xc1, //0x000006df vpand        %xmm1, %xmm0, %xmm0
	0xc5, 0xa9, 0x74, 0xcf, //0x000006e3 vpcmpeqb     %xmm7, %xmm10, %xmm1
	0xc5, 0xa1, 0x74, 0xd7, //0x000006e7 vpcmpeqb     %xmm7, %xmm11, %xmm2
	0xc5, 0xe9, 0xeb, 0xc9, //0x000006eb vpor         %xmm1, %xmm2, %xmm1
	0xc5, 0xc1, 0xdb, 0xd4, //0x000006ef vpand        %xmm4, %xmm7, %xmm2
	0xc5, 0xe9, 0x74, 0xd6, //0x000006f3 vpcmpeqb     %xmm6, %xmm2, %xmm2
	0xc5, 0xc1, 0x74, 0xfd, //0x000006f7 vpcmpeqb     %xmm5, %xmm7, %xmm7
	0xc5, 0xe9, 0xeb, 0xdf, //0x000006fb vpor         %xmm7, %xmm2, %xmm3
	0xc5, 0xf1, 0xeb, 0xc0, //0x000006ff vpor         %xmm0, %xmm1, %xmm0
	0xc5, 0xe1, 0xeb, 0xc0, //0x00000703 vpor         %xmm0, %xmm3, %xmm0
	0xc5, 0xf9, 0xd7, 0xf7, //0x00000707 vpmovmskb    %xmm7, %esi
	0xc5, 0x79, 0xd7, 0xf2, //0x0000070b vpmovmskb    %xmm2, %r14d
	0xc5, 0xf9, 0xd7, 0xd9, //0x0000070f vpmovmskb    %xmm1, %ebx
	0xc5, 0xf9, 0xd7, 0xc8, //0x00000713 vpmovmskb    %xmm0, %ecx
	0xf7, 0xd1, //0x00000717 notl         %ecx
	0x0f, 0xbc, 0xc9, //0x00000719 bsfl         %ecx, %ecx
	0x83, 0xf9, 0x10, //0x0000071c cmpl         $16, %ecx
	0x0f, 0x84, 0x12, 0x00, 0x00, 0x00, //0x0000071f je           LBB0_69
	0xba, 0xff, 0xff, 0xff, 0xff, //0x00000725 movl         $-1, %edx
	0xd3, 0xe2, //0x0000072a shll         %cl, %edx
	0xf7, 0xd2, //0x0000072c notl         %edx
	0x21, 0xd6, //0x0000072e andl         %edx, %esi
	0x41, 0x21, 0xd6, //0x00000730 andl         %edx, %r14d
	0x21, 0xda, //0x00000733 andl         %ebx, %edx
	0x89, 0xd3, //0x00000735 movl         %edx, %ebx
	//0x00000737 LBB0_69
	0x44, 0x8d, 0x56, 0xff, //0x00000737 leal         $-1(%rsi), %r10d
	0x41, 0x21, 0xf2, //0x0000073b andl         %esi, %r10d
	0x0f, 0x85, 0x74, 0x12, 0x00, 0x00, //0x0000073e jne          LBB0_338
	0x41, 0x8d, 0x56, 0xff, //0x00000744 leal         $-1(%r14), %edx
	0x44, 0x21, 0xf2, //0x00000748 andl         %r14d, %edx
	0x0f, 0x85, 0xc7, 0x11, 0x00, 0x00, //0x0000074b jne          LBB0_328
	0x8d, 0x53, 0xff, //0x00000751 leal         $-1(%rbx), %edx
	0x21, 0xda, //0x00000754 andl         %ebx, %edx
	0x0f, 0x85, 0xbc, 0x11, 0x00, 0x00, //0x00000756 jne          LBB0_328
	0x85, 0xf6, //0x0000075c testl        %esi, %esi
	0x0f, 0x84, 0x16, 0x00, 0x00, 0x00, //0x0000075e je           LBB0_75
	0x0f, 0xbc, 0xf6, //0x00000764 bsfl         %esi, %esi
	0x49, 0x83, 0xf8, 0xff, //0x00000767 cmpq         $-1, %r8
	0x0f, 0x85, 0x40, 0x12, 0x00, 0x00, //0x0000076b jne          LBB0_337
	0x48, 0x01, 0xfe, //0x00000771 addq         %rdi, %rsi
	0x48, 0x01, 0xc6, //0x00000774 addq         %rax, %rsi
	0x49, 0x89, 0xf0, //0x00000777 movq         %rsi, %r8
	//0x0000077a LBB0_75
	0x45, 0x85, 0xf6, //0x0000077a testl        %r14d, %r14d
	0x0f, 0x84, 0x17, 0x00, 0x00, 0x00, //0x0000077d je           LBB0_78
	0x41, 0x0f, 0xbc, 0xf6, //0x00000783 bsfl         %r14d, %esi
	0x49, 0x83, 0xff, 0xff, //0x00000787 cmpq         $-1, %r15
	0x0f, 0x85, 0x20, 0x12, 0x00, 0x00, //0x0000078b jne          LBB0_337
	0x48, 0x01, 0xfe, //0x00000791 addq         %rdi, %rsi
	0x48, 0x01, 0xc6, //0x00000794 addq         %rax, %rsi
	0x49, 0x89, 0xf7, //0x00000797 movq         %rsi, %r15
	//0x0000079a LBB0_78
	0x4c, 0x8b, 0x75, 0xb8, //0x0000079a movq         $-72(%rbp), %r14
	0x85, 0xdb, //0x0000079e testl        %ebx, %ebx
	0x0f, 0x84, 0x16, 0x00, 0x00, 0x00, //0x000007a0 je           LBB0_81
	0x0f, 0xbc, 0xf3, //0x000007a6 bsfl         %ebx, %esi
	0x49, 0x83, 0xfc, 0xff, //0x000007a9 cmpq         $-1, %r12
	0x0f, 0x85, 0x67, 0x13, 0x00, 0x00, //0x000007ad jne          LBB0_351
	0x48, 0x01, 0xfe, //0x000007b3 addq         %rdi, %rsi
	0x48, 0x01, 0xc6, //0x000007b6 addq         %rax, %rsi
	0x49, 0x89, 0xf4, //0x000007b9 movq         %rsi, %r12
	//0x000007bc LBB0_81
	0x83, 0xf9, 0x10, //0x000007bc cmpl         $16, %ecx
	0x0f, 0x85, 0xff, 0x03, 0x00, 0x00, //0x000007bf jne          LBB0_142
	0x49, 0x83, 0xc5, 0xf0, //0x000007c5 addq         $-16, %r13
	0x48, 0x83, 0xc0, 0x10, //0x000007c9 addq         $16, %rax
	0x49, 0x83, 0xfd, 0x0f, //0x000007cd cmpq         $15, %r13
	0x0f, 0x87, 0xf9, 0xfe, 0xff, 0xff, //0x000007d1 ja           LBB0_67
	0x49, 0x01, 0xc1, //0x000007d7 addq         %rax, %r9
	//0x000007da LBB0_84
	0x4d, 0x85, 0xed, //0x000007da testq        %r13, %r13
	0x48, 0x8b, 0x7d, 0xc8, //0x000007dd movq         $-56(%rbp), %rdi
	0x0f, 0x84, 0x01, 0x04, 0x00, 0x00, //0x000007e1 je           LBB0_144
	0x4f, 0x8d, 0x14, 0x29, //0x000007e7 leaq         (%r9,%r13), %r10
	0x4c, 0x89, 0xcb, //0x000007eb movq         %r9, %rbx
	0x4c, 0x29, 0xf3, //0x000007ee subq         %r14, %rbx
	0x31, 0xc0, //0x000007f1 xorl         %eax, %eax
	0x48, 0x8d, 0x15, 0x02, 0x38, 0x00, 0x00, //0x000007f3 leaq         $14338(%rip), %rdx  /* LJTI0_4+0(%rip) */
	0xe9, 0x2e, 0x00, 0x00, 0x00, //0x000007fa jmp          LBB0_90
	//0x000007ff LBB0_86
	0x83, 0xfe, 0x65, //0x000007ff cmpl         $101, %esi
	0x0f, 0x85, 0xdd, 0x03, 0x00, 0x00, //0x00000802 jne          LBB0_143
	//0x00000808 LBB0_87
	0x49, 0x83, 0xff, 0xff, //0x00000808 cmpq         $-1, %r15
	0x0f, 0x85, 0xce, 0x0d, 0x00, 0x00, //0x0000080c jne          LBB0_288
	0x4c, 0x8d, 0x3c, 0x03, //0x00000812 leaq         (%rbx,%rax), %r15
	0x90, 0x90, 0x90, 0x90, 0x90, 0x90, 0x90, 0x90, 0x90, 0x90, //0x00000816 .p2align 4, 0x90
	//0x00000820 LBB0_89
	0x48, 0x83, 0xc0, 0x01, //0x00000820 addq         $1, %rax
	0x49, 0x39, 0xc5, //0x00000824 cmpq         %rax, %r13
	0x0f, 0x84, 0x2a, 0x0a, 0x00, 0x00, //0x00000827 je           LBB0_229
	//0x0000082d LBB0_90
	0x41, 0x0f, 0xbe, 0x34, 0x01, //0x0000082d movsbl       (%r9,%rax), %esi
	0x8d, 0x4e, 0xd0, //0x00000832 leal         $-48(%rsi), %ecx
	0x83, 0xf9, 0x0a, //0x00000835 cmpl         $10, %ecx
	0x0f, 0x82, 0xe2, 0xff, 0xff, 0xff, //0x00000838 jb           LBB0_89
	0x8d, 0x4e, 0xd5, //0x0000083e leal         $-43(%rsi), %ecx
	0x83, 0xf9, 0x1a, //0x00000841 cmpl         $26, %ecx
	0x0f, 0x87, 0xb5, 0xff, 0xff, 0xff, //0x00000844 ja           LBB0_86
	0x48, 0x63, 0x0c, 0x8a, //0x0000084a movslq       (%rdx,%rcx,4), %rcx
	0x48, 0x01, 0xd1, //0x0000084e addq         %rdx, %rcx
	0xff, 0xe1, //0x00000851 jmpq         *%rcx
	//0x00000853 LBB0_93
	0x49, 0x83, 0xfc, 0xff, //0x00000853 cmpq         $-1, %r12
	0x0f, 0x85, 0x83, 0x0d, 0x00, 0x00, //0x00000857 jne          LBB0_288
	0x4c, 0x8d, 0x24, 0x03, //0x0000085d leaq         (%rbx,%rax), %r12
	0xe9, 0xba, 0xff, 0xff, 0xff, //0x00000861 jmp          LBB0_89
	//0x00000866 LBB0_95
	0x49, 0x83, 0xf8, 0xff, //0x00000866 cmpq         $-1, %r8
	0x0f, 0x85, 0x70, 0x0d, 0x00, 0x00, //0x0000086a jne          LBB0_288
	0x4c, 0x8d, 0x04, 0x03, //0x00000870 leaq         (%rbx,%rax), %r8
	0xe9, 0xa7, 0xff, 0xff, 0xff, //0x00000874 jmp          LBB0_89
	//0x00000879 LBB0_97
	0x49, 0x01, 0xc1, //0x00000879 addq         %rax, %r9
	0x4d, 0x01, 0xf1, //0x0000087c addq         %r14, %r9
	0xc5, 0xf8, 0x77, //0x0000087f vzeroupper
	0x48, 0xc7, 0xc0, 0xff, 0xff, 0xff, 0xff, //0x00000882 movq         $-1, %rax
	0x4d, 0x85, 0xc0, //0x00000889 testq        %r8, %r8
	0x0f, 0x85, 0x66, 0x03, 0x00, 0x00, //0x0000088c jne          LBB0_145
	0xe9, 0xd3, 0x09, 0x00, 0x00, //0x00000892 jmp          LBB0_230
	//0x00000897 LBB0_98
	0x80, 0xfb, 0x30, //0x00000897 cmpb         $48, %bl
	0x0f, 0x85, 0x36, 0x00, 0x00, 0x00, //0x0000089a jne          LBB0_102
	0x4c, 0x8d, 0x71, 0x01, //0x000008a0 leaq         $1(%rcx), %r14
	0x4c, 0x39, 0xe9, //0x000008a4 cmpq         %r13, %rcx
	0x0f, 0x83, 0x62, 0x0d, 0x00, 0x00, //0x000008a7 jae          LBB0_292
	0x48, 0x8b, 0x45, 0xc8, //0x000008ad movq         $-56(%rbp), %rax
	0x42, 0x8a, 0x04, 0x30, //0x000008b1 movb         (%rax,%r14), %al
	0x04, 0xd2, //0x000008b5 addb         $-46, %al
	0x3c, 0x37, //0x000008b7 cmpb         $55, %al
	0x0f, 0x87, 0x50, 0x0d, 0x00, 0x00, //0x000008b9 ja           LBB0_292
	0x0f, 0xb6, 0xc0, //0x000008bf movzbl       %al, %eax
	0x48, 0xba, 0x01, 0x00, 0x80, 0x00, 0x00, 0x00, 0x80, 0x00, //0x000008c2 movabsq      $36028797027352577, %rdx
	0x48, 0x0f, 0xa3, 0xc2, //0x000008cc btq          %rax, %rdx
	0x0f, 0x83, 0x39, 0x0d, 0x00, 0x00, //0x000008d0 jae          LBB0_292
	//0x000008d6 LBB0_102
	0x4c, 0x39, 0xe9, //0x000008d6 cmpq         %r13, %rcx
	0x0f, 0x83, 0x10, 0x08, 0x00, 0x00, //0x000008d9 jae          LBB0_204
	0xbe, 0xd0, 0xff, 0xff, 0xff, //0x000008df movl         $4294967248, %esi
	0x48, 0x83, 0xc1, 0x01, //0x000008e4 addq         $1, %rcx
	0x31, 0xd2, //0x000008e8 xorl         %edx, %edx
	0x31, 0xc0, //0x000008ea xorl         %eax, %eax
	0x45, 0x31, 0xd2, //0x000008ec xorl         %r10d, %r10d
	//0x000008ef LBB0_104
	0x83, 0xf8, 0x12, //0x000008ef cmpl         $18, %eax
	0x0f, 0x8f, 0x15, 0x00, 0x00, 0x00, //0x000008f2 jg           LBB0_106
	0x4b, 0x8d, 0x3c, 0x92, //0x000008f8 leaq         (%r10,%r10,4), %rdi
	0x0f, 0xb6, 0xdb, //0x000008fc movzbl       %bl, %ebx
	0x01, 0xf3, //0x000008ff addl         %esi, %ebx
	0x4c, 0x8d, 0x14, 0x7b, //0x00000901 leaq         (%rbx,%rdi,2), %r10
	0x83, 0xc0, 0x01, //0x00000905 addl         $1, %eax
	0xe9, 0x03, 0x00, 0x00, 0x00, //0x00000908 jmp          LBB0_107
	//0x0000090d LBB0_106
	0x83, 0xc2, 0x01, //0x0000090d addl         $1, %edx
	//0x00000910 LBB0_107
	0x49, 0x39, 0xcd, //0x00000910 cmpq         %rcx, %r13
	0x0f, 0x84, 0x0e, 0x09, 0x00, 0x00, //0x00000913 je           LBB0_226
	0x48, 0x8b, 0x7d, 0xc8, //0x00000919 movq         $-56(%rbp), %rdi
	0x0f, 0xb6, 0x1c, 0x0f, //0x0000091d movzbl       (%rdi,%rcx), %ebx
	0x8d, 0x7b, 0xd0, //0x00000921 leal         $-48(%rbx), %edi
	0x48, 0x83, 0xc1, 0x01, //0x00000924 addq         $1, %rcx
	0x40, 0x80, 0xff, 0x0a, //0x00000928 cmpb         $10, %dil
	0x0f, 0x82, 0xbd, 0xff, 0xff, 0xff, //0x0000092c jb           LBB0_104
	0x80, 0xfb, 0x2e, //0x00000932 cmpb         $46, %bl
	0x0f, 0x85, 0x53, 0x09, 0x00, 0x00, //0x00000935 jne          LBB0_233
	0x49, 0xc7, 0x07, 0x08, 0x00, 0x00, 0x00, //0x0000093b movq         $8, (%r15)
	0x4c, 0x39, 0xe9, //0x00000942 cmpq         %r13, %rcx
	0x0f, 0x83, 0xc3, 0x0a, 0x00, 0x00, //0x00000945 jae          LBB0_261
	0x48, 0x8b, 0x75, 0xc8, //0x0000094b movq         $-56(%rbp), %rsi
	0x8a, 0x1c, 0x0e, //0x0000094f movb         (%rsi,%rcx), %bl
	0x80, 0xc3, 0xd0, //0x00000952 addb         $-48, %bl
	0x80, 0xfb, 0x0a, //0x00000955 cmpb         $10, %bl
	0x0f, 0x83, 0x2e, 0xfb, 0xff, 0xff, //0x00000958 jae          LBB0_40
	0xc7, 0x45, 0xb8, 0x00, 0x00, 0x00, 0x00, //0x0000095e movl         $0, $-72(%rbp)
	0xe9, 0x2e, 0x09, 0x00, 0x00, //0x00000965 jmp          LBB0_234
	//0x0000096a LBB0_113
	0x49, 0x8d, 0x4d, 0xfd, //0x0000096a leaq         $-3(%r13), %rcx
	0x48, 0xc7, 0xc0, 0xff, 0xff, 0xff, 0xff, //0x0000096e movq         $-1, %rax
	0x49, 0x39, 0xcb, //0x00000975 cmpq         %rcx, %r11
	0x0f, 0x83, 0xc6, 0x08, 0x00, 0x00, //0x00000978 jae          LBB0_297
	0x8b, 0x0b, //0x0000097e movl         (%rbx), %ecx
	0x81, 0xf9, 0x6e, 0x75, 0x6c, 0x6c, //0x00000980 cmpl         $1819047278, %ecx
	0x0f, 0x85, 0x74, 0x07, 0x00, 0x00, //0x00000986 jne          LBB0_205
	0x49, 0x83, 0xc3, 0x04, //0x0000098c addq         $4, %r11
	0xb8, 0x02, 0x00, 0x00, 0x00, //0x00000990 movl         $2, %eax
	0xe9, 0xa7, 0x08, 0x00, 0x00, //0x00000995 jmp          LBB0_296
	//0x0000099a LBB0_116
	0x45, 0x85, 0xc0, //0x0000099a testl        %r8d, %r8d
	0x48, 0xc7, 0xc0, 0xfe, 0xff, 0xff, 0xff, //0x0000099d movq         $-2, %rax
	0xb9, 0x0d, 0x00, 0x00, 0x00, //0x000009a4 movl         $13, %ecx
	0xe9, 0xf1, 0x01, 0x00, 0x00, //0x000009a9 jmp          LBB0_140
	//0x000009ae LBB0_117
	0x45, 0x85, 0xc0, //0x000009ae testl        %r8d, %r8d
	0x48, 0xc7, 0xc0, 0xfe, 0xff, 0xff, 0xff, //0x000009b1 movq         $-2, %rax
	0xb9, 0x0b, 0x00, 0x00, 0x00, //0x000009b8 movl         $11, %ecx
	0xe9, 0xdd, 0x01, 0x00, 0x00, //0x000009bd jmp          LBB0_140
	//0x000009c2 LBB0_118
	0x41, 0xf6, 0xc0, 0x20, //0x000009c2 testb        $32, %r8b
	0x4c, 0x89, 0x7d, 0x98, //0x000009c6 movq         %r15, $-104(%rbp)
	0x0f, 0x85, 0xca, 0x02, 0x00, 0x00, //0x000009ca jne          LBB0_158
	0x4c, 0x39, 0xea, //0x000009d0 cmpq         %r13, %rdx
	0x0f, 0x84, 0x8c, 0x2d, 0x00, 0x00, //0x000009d3 je           LBB0_674
	0x4d, 0x89, 0xee, //0x000009d9 movq         %r13, %r14
	0x49, 0x29, 0xd6, //0x000009dc subq         %rdx, %r14
	0x49, 0x83, 0xfe, 0x40, //0x000009df cmpq         $64, %r14
	0x0f, 0x82, 0xf6, 0x27, 0x00, 0x00, //0x000009e3 jb           LBB0_675
	0x48, 0xc7, 0xc1, 0xfe, 0xff, 0xff, 0xff, //0x000009e9 movq         $-2, %rcx
	0x4c, 0x29, 0xd9, //0x000009f0 subq         %r11, %rcx
	0x49, 0x83, 0xc3, 0x01, //0x000009f3 addq         $1, %r11
	0x49, 0xc7, 0xc0, 0xff, 0xff, 0xff, 0xff, //0x000009f7 movq         $-1, %r8
	0x45, 0x31, 0xc9, //0x000009fe xorl         %r9d, %r9d
	0xc5, 0xfe, 0x6f, 0x05, 0x17, 0xf6, 0xff, 0xff, //0x00000a01 vmovdqu      $-2537(%rip), %ymm0  /* LCPI0_1+0(%rip) */
	0xc5, 0xfe, 0x6f, 0x0d, 0x2f, 0xf6, 0xff, 0xff, //0x00000a09 vmovdqu      $-2513(%rip), %ymm1  /* LCPI0_2+0(%rip) */
	0x49, 0xba, 0xaa, 0xaa, 0xaa, 0xaa, 0xaa, 0xaa, 0xaa, 0xaa, //0x00000a11 movabsq      $-6148914691236517206, %r10
	0x49, 0xbc, 0x55, 0x55, 0x55, 0x55, 0x55, 0x55, 0x55, 0x55, //0x00000a1b movabsq      $6148914691236517205, %r12
	0x90, 0x90, 0x90, 0x90, 0x90, 0x90, 0x90, 0x90, 0x90, 0x90, 0x90, //0x00000a25 .p2align 4, 0x90
	//0x00000a30 LBB0_122
	0xc4, 0xa1, 0x7e, 0x6f, 0x14, 0x1f, //0x00000a30 vmovdqu      (%rdi,%r11), %ymm2
	0xc4, 0xa1, 0x7e, 0x6f, 0x5c, 0x1f, 0x20, //0x00000a36 vmovdqu      $32(%rdi,%r11), %ymm3
	0xc5, 0xed, 0x74, 0xe0, //0x00000a3d vpcmpeqb     %ymm0, %ymm2, %ymm4
	0xc5, 0x7d, 0xd7, 0xfc, //0x00000a41 vpmovmskb    %ymm4, %r15d
	0xc5, 0xe5, 0x74, 0xe0, //0x00000a45 vpcmpeqb     %ymm0, %ymm3, %ymm4
	0xc5, 0xfd, 0xd7, 0xc4, //0x00000a49 vpmovmskb    %ymm4, %eax
	0xc5, 0xed, 0x74, 0xd1, //0x00000a4d vpcmpeqb     %ymm1, %ymm2, %ymm2
	0xc5, 0xfd, 0xd7, 0xda, //0x00000a51 vpmovmskb    %ymm2, %ebx
	0xc5, 0xe5, 0x74, 0xd1, //0x00000a55 vpcmpeqb     %ymm1, %ymm3, %ymm2
	0xc5, 0xfd, 0xd7, 0xf2, //0x00000a59 vpmovmskb    %ymm2, %esi
	0x48, 0xc1, 0xe0, 0x20, //0x00000a5d shlq         $32, %rax
	0x49, 0x09, 0xc7, //0x00000a61 orq          %rax, %r15
	0x48, 0xc1, 0xe6, 0x20, //0x00000a64 shlq         $32, %rsi
	0x48, 0x09, 0xf3, //0x00000a68 orq          %rsi, %rbx
	0x0f, 0x85, 0x30, 0x00, 0x00, 0x00, //0x00000a6b jne          LBB0_126
	0x4d, 0x85, 0xc9, //0x00000a71 testq        %r9, %r9
	0x0f, 0x85, 0x38, 0x00, 0x00, 0x00, //0x00000a74 jne          LBB0_128
	0x45, 0x31, 0xc9, //0x00000a7a xorl         %r9d, %r9d
	0x4d, 0x85, 0xff, //0x00000a7d testq        %r15, %r15
	0x0f, 0x85, 0x6e, 0x00, 0x00, 0x00, //0x00000a80 jne          LBB0_129
	//0x00000a86 LBB0_125
	0x49, 0x83, 0xc6, 0xc0, //0x00000a86 addq         $-64, %r14
	0x48, 0x83, 0xc1, 0xc0, //0x00000a8a addq         $-64, %rcx
	0x49, 0x83, 0xc3, 0x40, //0x00000a8e addq         $64, %r11
	0x49, 0x83, 0xfe, 0x3f, //0x00000a92 cmpq         $63, %r14
	0x0f, 0x87, 0x94, 0xff, 0xff, 0xff, //0x00000a96 ja           LBB0_122
	0xe9, 0xa9, 0x10, 0x00, 0x00, //0x00000a9c jmp          LBB0_353
	//0x00000aa1 LBB0_126
	0x49, 0x83, 0xf8, 0xff, //0x00000aa1 cmpq         $-1, %r8
	0x0f, 0x85, 0x07, 0x00, 0x00, 0x00, //0x00000aa5 jne          LBB0_128
	0x4c, 0x0f, 0xbc, 0xc3, //0x00000aab bsfq         %rbx, %r8
	0x4d, 0x01, 0xd8, //0x00000aaf addq         %r11, %r8
	//0x00000ab2 LBB0_128
	0x4c, 0x89, 0xce, //0x00000ab2 movq         %r9, %rsi
	0x48, 0xf7, 0xd6, //0x00000ab5 notq         %rsi
	0x48, 0x21, 0xde, //0x00000ab8 andq         %rbx, %rsi
	0x48, 0x8d, 0x04, 0x36, //0x00000abb leaq         (%rsi,%rsi), %rax
	0x4c, 0x09, 0xc8, //0x00000abf orq          %r9, %rax
	0x48, 0x89, 0xc7, //0x00000ac2 movq         %rax, %rdi
	0x48, 0xf7, 0xd7, //0x00000ac5 notq         %rdi
	0x48, 0x21, 0xdf, //0x00000ac8 andq         %rbx, %rdi
	0x4c, 0x21, 0xd7, //0x00000acb andq         %r10, %rdi
	0x45, 0x31, 0xc9, //0x00000ace xorl         %r9d, %r9d
	0x48, 0x01, 0xf7, //0x00000ad1 addq         %rsi, %rdi
	0x41, 0x0f, 0x92, 0xc1, //0x00000ad4 setb         %r9b
	0x48, 0x01, 0xff, //0x00000ad8 addq         %rdi, %rdi
	0x4c, 0x31, 0xe7, //0x00000adb xorq         %r12, %rdi
	0x48, 0x21, 0xc7, //0x00000ade andq         %rax, %rdi
	0x48, 0xf7, 0xd7, //0x00000ae1 notq         %rdi
	0x49, 0x21, 0xff, //0x00000ae4 andq         %rdi, %r15
	0x48, 0x8b, 0x7d, 0xc8, //0x00000ae7 movq         $-56(%rbp), %rdi
	0x4d, 0x85, 0xff, //0x00000aeb testq        %r15, %r15
	0x0f, 0x84, 0x92, 0xff, 0xff, 0xff, //0x00000aee je           LBB0_125
	//0x00000af4 LBB0_129
	0x4d, 0x0f, 0xbc, 0xf7, //0x00000af4 bsfq         %r15, %r14
	0x49, 0x29, 0xce, //0x00000af8 subq         %rcx, %r14
	0xe9, 0xe6, 0x06, 0x00, 0x00, //0x00000afb jmp          LBB0_222
	//0x00000b00 LBB0_130
	0x49, 0x8d, 0x4d, 0xfd, //0x00000b00 leaq         $-3(%r13), %rcx
	0x48, 0xc7, 0xc0, 0xff, 0xff, 0xff, 0xff, //0x00000b04 movq         $-1, %rax
	0x49, 0x39, 0xcb, //0x00000b0b cmpq         %rcx, %r11
	0x0f, 0x83, 0x30, 0x07, 0x00, 0x00, //0x00000b0e jae          LBB0_297
	0x8b, 0x0b, //0x00000b14 movl         (%rbx), %ecx
	0x81, 0xf9, 0x74, 0x72, 0x75, 0x65, //0x00000b16 cmpl         $1702195828, %ecx
	0x0f, 0x85, 0x13, 0x06, 0x00, 0x00, //0x00000b1c jne          LBB0_209
	0x49, 0x83, 0xc3, 0x04, //0x00000b22 addq         $4, %r11
	0xb8, 0x03, 0x00, 0x00, 0x00, //0x00000b26 movl         $3, %eax
	0xe9, 0x11, 0x07, 0x00, 0x00, //0x00000b2b jmp          LBB0_296
	//0x00000b30 LBB0_133
	0x49, 0xc7, 0x07, 0xfe, 0xff, 0xff, 0xff, //0x00000b30 movq         $-2, (%r15)
	0x4d, 0x89, 0xde, //0x00000b37 movq         %r11, %r14
	0xe9, 0xd0, 0x0a, 0x00, 0x00, //0x00000b3a jmp          LBB0_292
	//0x00000b3f LBB0_134
	0x45, 0x85, 0xc0, //0x00000b3f testl        %r8d, %r8d
	0x48, 0xc7, 0xc0, 0xfe, 0xff, 0xff, 0xff, //0x00000b42 movq         $-2, %rax
	0xb9, 0x0a, 0x00, 0x00, 0x00, //0x00000b49 movl         $10, %ecx
	0xe9, 0x4c, 0x00, 0x00, 0x00, //0x00000b4e jmp          LBB0_140
	//0x00000b53 LBB0_135
	0x49, 0xc7, 0x07, 0x05, 0x00, 0x00, 0x00, //0x00000b53 movq         $5, (%r15)
	0xe9, 0xad, 0x0a, 0x00, 0x00, //0x00000b5a jmp          LBB0_291
	//0x00000b5f LBB0_136
	0x49, 0x8d, 0x4d, 0xfc, //0x00000b5f leaq         $-4(%r13), %rcx
	0x48, 0xc7, 0xc0, 0xff, 0xff, 0xff, 0xff, //0x00000b63 movq         $-1, %rax
	0x49, 0x39, 0xcb, //0x00000b6a cmpq         %rcx, %r11
	0x0f, 0x83, 0xd1, 0x06, 0x00, 0x00, //0x00000b6d jae          LBB0_297
	0x8b, 0x0c, 0x17, //0x00000b73 movl         (%rdi,%rdx), %ecx
	0x81, 0xf9, 0x61, 0x6c, 0x73, 0x65, //0x00000b76 cmpl         $1702063201, %ecx
	0x0f, 0x85, 0xf3, 0x05, 0x00, 0x00, //0x00000b7c jne          LBB0_214
	0x49, 0x83, 0xc3, 0x05, //0x00000b82 addq         $5, %r11
	0xb8, 0x04, 0x00, 0x00, 0x00, //0x00000b86 movl         $4, %eax
	0xe9, 0xb1, 0x06, 0x00, 0x00, //0x00000b8b jmp          LBB0_296
	//0x00000b90 LBB0_139
	0x45, 0x85, 0xc0, //0x00000b90 testl        %r8d, %r8d
	0x48, 0xc7, 0xc0, 0xfe, 0xff, 0xff, 0xff, //0x00000b93 movq         $-2, %rax
	0xb9, 0x0c, 0x00, 0x00, 0x00, //0x00000b9a movl         $12, %ecx
	//0x00000b9f LBB0_140
	0x48, 0x0f, 0x49, 0xc8, //0x00000b9f cmovnsq      %rax, %rcx
	0x49, 0x89, 0x0f, //0x00000ba3 movq         %rcx, (%r15)
	0x41, 0xc1, 0xf8, 0x1f, //0x00000ba6 sarl         $31, %r8d
	0x41, 0xf7, 0xd0, //0x00000baa notl         %r8d
	0x49, 0x63, 0xc0, //0x00000bad movslq       %r8d, %rax
	0x48, 0x01, 0xc2, //0x00000bb0 addq         %rax, %rdx
	0xe9, 0x54, 0x0a, 0x00, 0x00, //0x00000bb3 jmp          LBB0_291
	//0x00000bb8 LBB0_141
	0x49, 0xc7, 0x07, 0x06, 0x00, 0x00, 0x00, //0x00000bb8 movq         $6, (%r15)
	0xe9, 0x48, 0x0a, 0x00, 0x00, //0x00000bbf jmp          LBB0_291
	//0x00000bc4 LBB0_142
	0x89, 0xc9, //0x00000bc4 movl         %ecx, %ecx
	0x49, 0x01, 0xc9, //0x00000bc6 addq         %rcx, %r9
	0x49, 0x01, 0xc1, //0x00000bc9 addq         %rax, %r9
	0x48, 0x8b, 0x7d, 0xc8, //0x00000bcc movq         $-56(%rbp), %rdi
	0x48, 0xc7, 0xc0, 0xff, 0xff, 0xff, 0xff, //0x00000bd0 movq         $-1, %rax
	0x4d, 0x85, 0xc0, //0x00000bd7 testq        %r8, %r8
	0x0f, 0x85, 0x18, 0x00, 0x00, 0x00, //0x00000bda jne          LBB0_145
	0xe9, 0x85, 0x06, 0x00, 0x00, //0x00000be0 jmp          LBB0_230
	//0x00000be5 LBB0_143
	0x49, 0x01, 0xc1, //0x00000be5 addq         %rax, %r9
	//0x00000be8 LBB0_144
	0x48, 0xc7, 0xc0, 0xff, 0xff, 0xff, 0xff, //0x00000be8 movq         $-1, %rax
	0x4d, 0x85, 0xc0, //0x00000bef testq        %r8, %r8
	0x0f, 0x84, 0x72, 0x06, 0x00, 0x00, //0x00000bf2 je           LBB0_230
	//0x00000bf8 LBB0_145
	0x4d, 0x85, 0xe4, //0x00000bf8 testq        %r12, %r12
	0x0f, 0x84, 0x69, 0x06, 0x00, 0x00, //0x00000bfb je           LBB0_230
	0x4d, 0x85, 0xff, //0x00000c01 testq        %r15, %r15
	0x0f, 0x84, 0x60, 0x06, 0x00, 0x00, //0x00000c04 je           LBB0_230
	0x4d, 0x29, 0xf1, //0x00000c0a subq         %r14, %r9
	0x49, 0x8d, 0x41, 0xff, //0x00000c0d leaq         $-1(%r9), %rax
	0x49, 0x39, 0xc0, //0x00000c11 cmpq         %rax, %r8
	0x0f, 0x84, 0x34, 0x00, 0x00, 0x00, //0x00000c14 je           LBB0_153
	0x49, 0x39, 0xc4, //0x00000c1a cmpq         %rax, %r12
	0x0f, 0x84, 0x2b, 0x00, 0x00, 0x00, //0x00000c1d je           LBB0_153
	0x49, 0x39, 0xc7, //0x00000c23 cmpq         %rax, %r15
	0x0f, 0x84, 0x22, 0x00, 0x00, 0x00, //0x00000c26 je           LBB0_153
	0x4d, 0x85, 0xe4, //0x00000c2c testq        %r12, %r12
	0x0f, 0x8e, 0x97, 0x04, 0x00, 0x00, //0x00000c2f jle          LBB0_201
	0x49, 0x8d, 0x44, 0x24, 0xff, //0x00000c35 leaq         $-1(%r12), %rax
	0x49, 0x39, 0xc7, //0x00000c3a cmpq         %rax, %r15
	0x0f, 0x84, 0x89, 0x04, 0x00, 0x00, //0x00000c3d je           LBB0_201
	0x49, 0xf7, 0xd4, //0x00000c43 notq         %r12
	0x4c, 0x89, 0xe0, //0x00000c46 movq         %r12, %rax
	0xe9, 0x06, 0x00, 0x00, 0x00, //0x00000c49 jmp          LBB0_154
	//0x00000c4e LBB0_153
	0x49, 0xf7, 0xd9, //0x00000c4e negq         %r9
	0x4c, 0x89, 0xc8, //0x00000c51 movq         %r9, %rax
	//0x00000c54 LBB0_154
	0x48, 0x85, 0xc0, //0x00000c54 testq        %rax, %rax
	0x0f, 0x88, 0x0d, 0x06, 0x00, 0x00, //0x00000c57 js           LBB0_230
	//0x00000c5d LBB0_155
	0x49, 0x01, 0xc6, //0x00000c5d addq         %rax, %r14
	0x49, 0x29, 0xfe, //0x00000c60 subq         %rdi, %r14
	0x48, 0xb8, 0x00, 0x00, 0x00, 0x00, 0x00, 0x00, 0x00, 0x80, //0x00000c63 movabsq      $-9223372036854775808, %rax
	0x48, 0x83, 0xc0, 0xfe, //0x00000c6d addq         $-2, %rax
	0x49, 0x39, 0xc3, //0x00000c71 cmpq         %rax, %r11
	0x0f, 0x86, 0x0c, 0x00, 0x00, 0x00, //0x00000c74 jbe          LBB0_157
	0x4c, 0x8b, 0x7d, 0x98, //0x00000c7a movq         $-104(%rbp), %r15
	0x4d, 0x89, 0x1f, //0x00000c7e movq         %r11, (%r15)
	0xe9, 0x89, 0x09, 0x00, 0x00, //0x00000c81 jmp          LBB0_292
	//0x00000c86 LBB0_157
	0x48, 0x8b, 0x45, 0x98, //0x00000c86 movq         $-104(%rbp), %rax
	0x48, 0xc7, 0x00, 0x08, 0x00, 0x00, 0x00, //0x00000c8a movq         $8, (%rax)
	0x4c, 0x89, 0x58, 0x18, //0x00000c91 movq         %r11, $24(%rax)
	0xe9, 0x75, 0x09, 0x00, 0x00, //0x00000c95 jmp          LBB0_292
	//0x00000c9a LBB0_158
	0x4c, 0x39, 0xea, //0x00000c9a cmpq         %r13, %rdx
	0x0f, 0x84, 0xc2, 0x2a, 0x00, 0x00, //0x00000c9d je           LBB0_674
	0x4d, 0x89, 0xec, //0x00000ca3 movq         %r13, %r12
	0x49, 0x29, 0xd4, //0x00000ca6 subq         %rdx, %r12
	0x4c, 0x8d, 0x0c, 0x17, //0x00000ca9 leaq         (%rdi,%rdx), %r9
	0x49, 0xc7, 0xc0, 0xff, 0xff, 0xff, 0xff, //0x00000cad movq         $-1, %r8
	0x45, 0x31, 0xd2, //0x00000cb4 xorl         %r10d, %r10d
	0x49, 0x83, 0xfc, 0x40, //0x00000cb7 cmpq         $64, %r12
	0x0f, 0x82, 0x3e, 0x25, 0x00, 0x00, //0x00000cbb jb           LBB0_677
	0xc5, 0xfe, 0x6f, 0x05, 0x57, 0xf3, 0xff, 0xff, //0x00000cc1 vmovdqu      $-3241(%rip), %ymm0  /* LCPI0_1+0(%rip) */
	0xc5, 0xfe, 0x6f, 0x0d, 0x6f, 0xf3, 0xff, 0xff, //0x00000cc9 vmovdqu      $-3217(%rip), %ymm1  /* LCPI0_2+0(%rip) */
	0xc5, 0xfe, 0x6f, 0x15, 0x87, 0xf3, 0xff, 0xff, //0x00000cd1 vmovdqu      $-3193(%rip), %ymm2  /* LCPI0_3+0(%rip) */
	0xc5, 0xe5, 0x76, 0xdb, //0x00000cd9 vpcmpeqd     %ymm3, %ymm3, %ymm3
	0x49, 0xbb, 0x55, 0x55, 0x55, 0x55, 0x55, 0x55, 0x55, 0x55, //0x00000cdd movabsq      $6148914691236517205, %r11
	0x48, 0x89, 0xd6, //0x00000ce7 movq         %rdx, %rsi
	0x90, 0x90, 0x90, 0x90, 0x90, 0x90, //0x00000cea .p2align 4, 0x90
	//0x00000cf0 LBB0_161
	0xc4, 0xc1, 0x7e, 0x6f, 0x21, //0x00000cf0 vmovdqu      (%r9), %ymm4
	0xc4, 0xc1, 0x7e, 0x6f, 0x69, 0x20, //0x00000cf5 vmovdqu      $32(%r9), %ymm5
	0xc5, 0xdd, 0x74, 0xf0, //0x00000cfb vpcmpeqb     %ymm0, %ymm4, %ymm6
	0xc5, 0xfd, 0xd7, 0xc6, //0x00000cff vpmovmskb    %ymm6, %eax
	0xc5, 0xd5, 0x74, 0xf0, //0x00000d03 vpcmpeqb     %ymm0, %ymm5, %ymm6
	0xc5, 0xfd, 0xd7, 0xfe, //0x00000d07 vpmovmskb    %ymm6, %edi
	0xc5, 0xdd, 0x74, 0xf1, //0x00000d0b vpcmpeqb     %ymm1, %ymm4, %ymm6
	0xc5, 0xfd, 0xd7, 0xce, //0x00000d0f vpmovmskb    %ymm6, %ecx
	0xc5, 0xd5, 0x74, 0xf1, //0x00000d13 vpcmpeqb     %ymm1, %ymm5, %ymm6
	0xc5, 0xfd, 0xd7, 0xde, //0x00000d17 vpmovmskb    %ymm6, %ebx
	0x48, 0xc1, 0xe7, 0x20, //0x00000d1b shlq         $32, %rdi
	0x48, 0x09, 0xf8, //0x00000d1f orq          %rdi, %rax
	0x48, 0xc1, 0xe3, 0x20, //0x00000d22 shlq         $32, %rbx
	0x48, 0x09, 0xd9, //0x00000d26 orq          %rbx, %rcx
	0x0f, 0x85, 0x30, 0x00, 0x00, 0x00, //0x00000d29 jne          LBB0_165
	0x4d, 0x85, 0xd2, //0x00000d2f testq        %r10, %r10
	0x0f, 0x85, 0x47, 0x00, 0x00, 0x00, //0x00000d32 jne          LBB0_167
	0x45, 0x31, 0xd2, //0x00000d38 xorl         %r10d, %r10d
	0x31, 0xdb, //0x00000d3b xorl         %ebx, %ebx
	0x48, 0x85, 0xc0, //0x00000d3d testq        %rax, %rax
	0x0f, 0x84, 0x87, 0x00, 0x00, 0x00, //0x00000d40 je           LBB0_169
	//0x00000d46 LBB0_164
	0x4c, 0x0f, 0xbc, 0xf0, //0x00000d46 bsfq         %rax, %r14
	0x4c, 0x89, 0xc9, //0x00000d4a movq         %r9, %rcx
	0x48, 0x2b, 0x4d, 0xc8, //0x00000d4d subq         $-56(%rbp), %rcx
	0x48, 0x85, 0xdb, //0x00000d51 testq        %rbx, %rbx
	0x0f, 0x84, 0x89, 0x00, 0x00, 0x00, //0x00000d54 je           LBB0_170
	0xe9, 0xd4, 0x00, 0x00, 0x00, //0x00000d5a jmp          LBB0_173
	//0x00000d5f LBB0_165
	0x4d, 0x89, 0xc6, //0x00000d5f movq         %r8, %r14
	0x49, 0x83, 0xf8, 0xff, //0x00000d62 cmpq         $-1, %r8
	0x0f, 0x85, 0x16, 0x00, 0x00, 0x00, //0x00000d66 jne          LBB0_168
	0x4c, 0x89, 0xcf, //0x00000d6c movq         %r9, %rdi
	0x48, 0x2b, 0x7d, 0xc8, //0x00000d6f subq         $-56(%rbp), %rdi
	0x4c, 0x0f, 0xbc, 0xf1, //0x00000d73 bsfq         %rcx, %r14
	0x49, 0x01, 0xfe, //0x00000d77 addq         %rdi, %r14
	0xe9, 0x03, 0x00, 0x00, 0x00, //0x00000d7a jmp          LBB0_168
	//0x00000d7f LBB0_167
	0x4d, 0x89, 0xc6, //0x00000d7f movq         %r8, %r14
	//0x00000d82 LBB0_168
	0x4c, 0x89, 0xd3, //0x00000d82 movq         %r10, %rbx
	0x48, 0xf7, 0xd3, //0x00000d85 notq         %rbx
	0x48, 0x21, 0xcb, //0x00000d88 andq         %rcx, %rbx
	0x4c, 0x8d, 0x04, 0x1b, //0x00000d8b leaq         (%rbx,%rbx), %r8
	0x4d, 0x09, 0xd0, //0x00000d8f orq          %r10, %r8
	0x4c, 0x89, 0xc7, //0x00000d92 movq         %r8, %rdi
	0x48, 0xf7, 0xd7, //0x00000d95 notq         %rdi
	0x48, 0x21, 0xcf, //0x00000d98 andq         %rcx, %rdi
	0x48, 0xb9, 0xaa, 0xaa, 0xaa, 0xaa, 0xaa, 0xaa, 0xaa, 0xaa, //0x00000d9b movabsq      $-6148914691236517206, %rcx
	0x48, 0x21, 0xcf, //0x00000da5 andq         %rcx, %rdi
	0x45, 0x31, 0xd2, //0x00000da8 xorl         %r10d, %r10d
	0x48, 0x01, 0xdf, //0x00000dab addq         %rbx, %rdi
	0x41, 0x0f, 0x92, 0xc2, //0x00000dae setb         %r10b
	0x48, 0x01, 0xff, //0x00000db2 addq         %rdi, %rdi
	0x4c, 0x31, 0xdf, //0x00000db5 xorq         %r11, %rdi
	0x4c, 0x21, 0xc7, //0x00000db8 andq         %r8, %rdi
	0x48, 0xf7, 0xd7, //0x00000dbb notq         %rdi
	0x48, 0x21, 0xf8, //0x00000dbe andq         %rdi, %rax
	0x4d, 0x89, 0xf0, //0x00000dc1 movq         %r14, %r8
	0x48, 0x85, 0xc0, //0x00000dc4 testq        %rax, %rax
	0x0f, 0x85, 0x79, 0xff, 0xff, 0xff, //0x00000dc7 jne          LBB0_164
	//0x00000dcd LBB0_169
	0x41, 0xbe, 0x40, 0x00, 0x00, 0x00, //0x00000dcd movl         $64, %r14d
	0x4c, 0x89, 0xc9, //0x00000dd3 movq         %r9, %rcx
	0x48, 0x2b, 0x4d, 0xc8, //0x00000dd6 subq         $-56(%rbp), %rcx
	0x48, 0x85, 0xdb, //0x00000dda testq        %rbx, %rbx
	0x0f, 0x85, 0x50, 0x00, 0x00, 0x00, //0x00000ddd jne          LBB0_173
	//0x00000de3 LBB0_170
	0xc5, 0xed, 0x64, 0xf5, //0x00000de3 vpcmpgtb     %ymm5, %ymm2, %ymm6
	0xc5, 0xd5, 0x64, 0xeb, //0x00000de7 vpcmpgtb     %ymm3, %ymm5, %ymm5
	0xc5, 0xcd, 0xdb, 0xed, //0x00000deb vpand        %ymm5, %ymm6, %ymm5
	0xc5, 0xfd, 0xd7, 0xfd, //0x00000def vpmovmskb    %ymm5, %edi
	0x48, 0xc1, 0xe7, 0x20, //0x00000df3 shlq         $32, %rdi
	0xc5, 0xed, 0x64, 0xec, //0x00000df7 vpcmpgtb     %ymm4, %ymm2, %ymm5
	0xc5, 0xdd, 0x64, 0xe3, //0x00000dfb vpcmpgtb     %ymm3, %ymm4, %ymm4
	0xc5, 0xd5, 0xdb, 0xe4, //0x00000dff vpand        %ymm4, %ymm5, %ymm4
	0xc5, 0xfd, 0xd7, 0xdc, //0x00000e03 vpmovmskb    %ymm4, %ebx
	0x48, 0x09, 0xfb, //0x00000e07 orq          %rdi, %rbx
	0x48, 0x85, 0xc0, //0x00000e0a testq        %rax, %rax
	0x0f, 0x85, 0xa7, 0x02, 0x00, 0x00, //0x00000e0d jne          LBB0_199
	0x48, 0x85, 0xdb, //0x00000e13 testq        %rbx, %rbx
	0x0f, 0x85, 0xe9, 0x2b, 0x00, 0x00, //0x00000e16 jne          LBB0_687
	0x49, 0x83, 0xc1, 0x40, //0x00000e1c addq         $64, %r9
	0x49, 0x83, 0xc4, 0xc0, //0x00000e20 addq         $-64, %r12
	0x49, 0x83, 0xfc, 0x3f, //0x00000e24 cmpq         $63, %r12
	0x0f, 0x87, 0xc2, 0xfe, 0xff, 0xff, //0x00000e28 ja           LBB0_161
	0xe9, 0xcf, 0x23, 0x00, 0x00, //0x00000e2e jmp          LBB0_678
	//0x00000e33 LBB0_173
	0x4c, 0x89, 0x45, 0xb8, //0x00000e33 movq         %r8, $-72(%rbp)
	//0x00000e37 LBB0_174
	0x48, 0x0f, 0xbc, 0xfb, //0x00000e37 bsfq         %rbx, %rdi
	0x4c, 0x39, 0xf7, //0x00000e3b cmpq         %r14, %rdi
	0x0f, 0x83, 0x6d, 0x02, 0x00, 0x00, //0x00000e3e jae          LBB0_198
	0x48, 0x01, 0xcf, //0x00000e44 addq         %rcx, %rdi
	0x48, 0x89, 0x7d, 0xc0, //0x00000e47 movq         %rdi, $-64(%rbp)
	0x48, 0x39, 0xf7, //0x00000e4b cmpq         %rsi, %rdi
	0x0f, 0x8c, 0x61, 0x00, 0x00, 0x00, //0x00000e4e jl           LBB0_181
	0x48, 0x8b, 0x7d, 0xc0, //0x00000e54 movq         $-64(%rbp), %rdi
	0x48, 0x8d, 0x77, 0x01, //0x00000e58 leaq         $1(%rdi), %rsi
	0x4d, 0x89, 0xef, //0x00000e5c movq         %r13, %r15
	0x49, 0xc7, 0xc0, 0xff, 0xff, 0xff, 0xff, //0x00000e5f movq         $-1, %r8
	0x49, 0x29, 0xf7, //0x00000e66 subq         %rsi, %r15
	0x0f, 0x84, 0xa9, 0x03, 0x00, 0x00, //0x00000e69 je           LBB0_225
	0x48, 0x8b, 0x7d, 0xc8, //0x00000e6f movq         $-56(%rbp), %rdi
	0x48, 0x89, 0x75, 0xa8, //0x00000e73 movq         %rsi, $-88(%rbp)
	0x0f, 0xbe, 0x3c, 0x37, //0x00000e77 movsbl       (%rdi,%rsi), %edi
	0x83, 0xc7, 0xde, //0x00000e7b addl         $-34, %edi
	0x83, 0xff, 0x53, //0x00000e7e cmpl         $83, %edi
	0x0f, 0x87, 0x7e, 0x2b, 0x00, 0x00, //0x00000e81 ja           LBB0_687
	0x4c, 0x8d, 0x05, 0x7e, 0x2d, 0x00, 0x00, //0x00000e87 leaq         $11646(%rip), %r8  /* LJTI0_1+0(%rip) */
	0x49, 0x63, 0x3c, 0xb8, //0x00000e8e movslq       (%r8,%rdi,4), %rdi
	0x4c, 0x01, 0xc7, //0x00000e92 addq         %r8, %rdi
	0x49, 0xc7, 0xc0, 0xfe, 0xff, 0xff, 0xff, //0x00000e95 movq         $-2, %r8
	0xff, 0xe7, //0x00000e9c jmpq         *%rdi
	//0x00000e9e LBB0_179
	0x48, 0x8b, 0x7d, 0xc0, //0x00000e9e movq         $-64(%rbp), %rdi
	0x48, 0x83, 0xc7, 0x02, //0x00000ea2 addq         $2, %rdi
	//0x00000ea6 LBB0_180
	0x48, 0x89, 0xfe, //0x00000ea6 movq         %rdi, %rsi
	0x49, 0x89, 0xf8, //0x00000ea9 movq         %rdi, %r8
	0x48, 0x85, 0xff, //0x00000eac testq        %rdi, %rdi
	0x0f, 0x88, 0x63, 0x03, 0x00, 0x00, //0x00000eaf js           LBB0_225
	//0x00000eb5 LBB0_181
	0x48, 0x8d, 0x7b, 0xff, //0x00000eb5 leaq         $-1(%rbx), %rdi
	0x48, 0x21, 0xfb, //0x00000eb9 andq         %rdi, %rbx
	0x4c, 0x8b, 0x45, 0xb8, //0x00000ebc movq         $-72(%rbp), %r8
	0x0f, 0x84, 0x1d, 0xff, 0xff, 0xff, //0x00000ec0 je           LBB0_170
	0xe9, 0x6c, 0xff, 0xff, 0xff, //0x00000ec6 jmp          LBB0_174
	//0x00000ecb LBB0_182
	0x49, 0xc7, 0xc0, 0xff, 0xff, 0xff, 0xff, //0x00000ecb movq         $-1, %r8
	0x49, 0x83, 0xff, 0x05, //0x00000ed2 cmpq         $5, %r15
	0x0f, 0x82, 0x3c, 0x03, 0x00, 0x00, //0x00000ed6 jb           LBB0_225
	0x48, 0x8b, 0x7d, 0xc8, //0x00000edc movq         $-56(%rbp), %rdi
	0x48, 0x8b, 0x75, 0xa8, //0x00000ee0 movq         $-88(%rbp), %rsi
	0x8b, 0x74, 0x37, 0x01, //0x00000ee4 movl         $1(%rdi,%rsi), %esi
	0x41, 0x89, 0xf0, //0x00000ee8 movl         %esi, %r8d
	0x41, 0xf7, 0xd0, //0x00000eeb notl         %r8d
	0x8d, 0xbe, 0xd0, 0xcf, 0xcf, 0xcf, //0x00000eee leal         $-808464432(%rsi), %edi
	0x41, 0x81, 0xe0, 0x80, 0x80, 0x80, 0x80, //0x00000ef4 andl         $-2139062144, %r8d
	0x44, 0x89, 0x45, 0xb0, //0x00000efb movl         %r8d, $-80(%rbp)
	0x41, 0x85, 0xf8, //0x00000eff testl        %edi, %r8d
	0x0f, 0x85, 0xfd, 0x2a, 0x00, 0x00, //0x00000f02 jne          LBB0_687
	0x8d, 0xbe, 0x19, 0x19, 0x19, 0x19, //0x00000f08 leal         $421075225(%rsi), %edi
	0x09, 0xf7, //0x00000f0e orl          %esi, %edi
	0xf7, 0xc7, 0x80, 0x80, 0x80, 0x80, //0x00000f10 testl        $-2139062144, %edi
	0x0f, 0x85, 0xe9, 0x2a, 0x00, 0x00, //0x00000f16 jne          LBB0_687
	0x89, 0xf7, //0x00000f1c movl         %esi, %edi
	0x81, 0xe7, 0x7f, 0x7f, 0x7f, 0x7f, //0x00000f1e andl         $2139062143, %edi
	0x41, 0xb8, 0xc0, 0xc0, 0xc0, 0xc0, //0x00000f24 movl         $-1061109568, %r8d
	0x41, 0x29, 0xf8, //0x00000f2a subl         %edi, %r8d
	0x48, 0x89, 0x7d, 0xa0, //0x00000f2d movq         %rdi, $-96(%rbp)
	0x81, 0xc7, 0x46, 0x46, 0x46, 0x46, //0x00000f31 addl         $1179010630, %edi
	0x44, 0x23, 0x45, 0xb0, //0x00000f37 andl         $-80(%rbp), %r8d
	0x41, 0x85, 0xf8, //0x00000f3b testl        %edi, %r8d
	0x0f, 0x85, 0xc1, 0x2a, 0x00, 0x00, //0x00000f3e jne          LBB0_687
	0x41, 0xb8, 0xe0, 0xe0, 0xe0, 0xe0, //0x00000f44 movl         $-522133280, %r8d
	0x48, 0x8b, 0x7d, 0xa0, //0x00000f4a movq         $-96(%rbp), %rdi
	0x41, 0x29, 0xf8, //0x00000f4e subl         %edi, %r8d
	0x81, 0xc7, 0x39, 0x39, 0x39, 0x39, //0x00000f51 addl         $960051513, %edi
	0x44, 0x21, 0x45, 0xb0, //0x00000f57 andl         %r8d, $-80(%rbp)
	0x49, 0xc7, 0xc0, 0xfe, 0xff, 0xff, 0xff, //0x00000f5b movq         $-2, %r8
	0x85, 0x7d, 0xb0, //0x00000f62 testl        %edi, $-80(%rbp)
	0x0f, 0x85, 0xad, 0x02, 0x00, 0x00, //0x00000f65 jne          LBB0_225
	0x0f, 0xce, //0x00000f6b bswapl       %esi
	0x89, 0xf7, //0x00000f6d movl         %esi, %edi
	0xc1, 0xef, 0x04, //0x00000f6f shrl         $4, %edi
	0xf7, 0xd7, //0x00000f72 notl         %edi
	0x81, 0xe7, 0x01, 0x01, 0x01, 0x01, //0x00000f74 andl         $16843009, %edi
	0x8d, 0x3c, 0xff, //0x00000f7a leal         (%rdi,%rdi,8), %edi
	0x81, 0xe6, 0x0f, 0x0f, 0x0f, 0x0f, //0x00000f7d andl         $252645135, %esi
	0x01, 0xfe, //0x00000f83 addl         %edi, %esi
	0x89, 0xf7, //0x00000f85 movl         %esi, %edi
	0xc1, 0xef, 0x0c, //0x00000f87 shrl         $12, %edi
	0xc1, 0xee, 0x08, //0x00000f8a shrl         $8, %esi
	0x09, 0xfe, //0x00000f8d orl          %edi, %esi
	0x81, 0xe6, 0x00, 0xfc, 0x00, 0x00, //0x00000f8f andl         $64512, %esi
	0x81, 0xfe, 0x00, 0xd8, 0x00, 0x00, //0x00000f95 cmpl         $55296, %esi
	0x0f, 0x85, 0x03, 0x01, 0x00, 0x00, //0x00000f9b jne          LBB0_197
	0x49, 0x83, 0xff, 0x0b, //0x00000fa1 cmpq         $11, %r15
	0x0f, 0x82, 0xf9, 0x00, 0x00, 0x00, //0x00000fa5 jb           LBB0_197
	0x48, 0x8b, 0x7d, 0xc8, //0x00000fab movq         $-56(%rbp), %rdi
	0x48, 0x8b, 0x75, 0xa8, //0x00000faf movq         $-88(%rbp), %rsi
	0x80, 0x7c, 0x37, 0x05, 0x5c, //0x00000fb3 cmpb         $92, $5(%rdi,%rsi)
	0x0f, 0x85, 0xe6, 0x00, 0x00, 0x00, //0x00000fb8 jne          LBB0_197
	0x48, 0x8b, 0x7d, 0xc8, //0x00000fbe movq         $-56(%rbp), %rdi
	0x48, 0x8b, 0x75, 0xa8, //0x00000fc2 movq         $-88(%rbp), %rsi
	0x80, 0x7c, 0x37, 0x06, 0x75, //0x00000fc6 cmpb         $117, $6(%rdi,%rsi)
	0x0f, 0x85, 0xd3, 0x00, 0x00, 0x00, //0x00000fcb jne          LBB0_197
	0x48, 0x8b, 0x7d, 0xc8, //0x00000fd1 movq         $-56(%rbp), %rdi
	0x48, 0x8b, 0x75, 0xa8, //0x00000fd5 movq         $-88(%rbp), %rsi
	0x44, 0x8b, 0x44, 0x37, 0x07, //0x00000fd9 movl         $7(%rdi,%rsi), %r8d
	0x44, 0x89, 0xc6, //0x00000fde movl         %r8d, %esi
	0xf7, 0xd6, //0x00000fe1 notl         %esi
	0x41, 0x8d, 0xb8, 0xd0, 0xcf, 0xcf, 0xcf, //0x00000fe3 leal         $-808464432(%r8), %edi
	0x81, 0xe6, 0x80, 0x80, 0x80, 0x80, //0x00000fea andl         $-2139062144, %esi
	0x85, 0xfe, //0x00000ff0 testl        %edi, %esi
	0x0f, 0x85, 0xac, 0x00, 0x00, 0x00, //0x00000ff2 jne          LBB0_197
	0x41, 0x8d, 0xb8, 0x19, 0x19, 0x19, 0x19, //0x00000ff8 leal         $421075225(%r8), %edi
	0x44, 0x09, 0xc7, //0x00000fff orl          %r8d, %edi
	0xf7, 0xc7, 0x80, 0x80, 0x80, 0x80, //0x00001002 testl        $-2139062144, %edi
	0x0f, 0x85, 0x96, 0x00, 0x00, 0x00, //0x00001008 jne          LBB0_197
	0x45, 0x89, 0xc7, //0x0000100e movl         %r8d, %r15d
	0x41, 0x81, 0xe7, 0x7f, 0x7f, 0x7f, 0x7f, //0x00001011 andl         $2139062143, %r15d
	0xbf, 0xc0, 0xc0, 0xc0, 0xc0, //0x00001018 movl         $-1061109568, %edi
	0x44, 0x29, 0xff, //0x0000101d subl         %r15d, %edi
	0x4c, 0x89, 0x7d, 0xb0, //0x00001020 movq         %r15, $-80(%rbp)
	0x41, 0x81, 0xc7, 0x46, 0x46, 0x46, 0x46, //0x00001024 addl         $1179010630, %r15d
	0x44, 0x89, 0x7d, 0xa8, //0x0000102b movl         %r15d, $-88(%rbp)
	0x21, 0xf7, //0x0000102f andl         %esi, %edi
	0x85, 0x7d, 0xa8, //0x00001031 testl        %edi, $-88(%rbp)
	0x0f, 0x85, 0x6a, 0x00, 0x00, 0x00, //0x00001034 jne          LBB0_197
	0x41, 0xbf, 0xe0, 0xe0, 0xe0, 0xe0, //0x0000103a movl         $-522133280, %r15d
	0x48, 0x8b, 0x7d, 0xb0, //0x00001040 movq         $-80(%rbp), %rdi
	0x41, 0x29, 0xff, //0x00001044 subl         %edi, %r15d
	0x81, 0xc7, 0x39, 0x39, 0x39, 0x39, //0x00001047 addl         $960051513, %edi
	0x44, 0x21, 0xfe, //0x0000104d andl         %r15d, %esi
	0x85, 0xfe, //0x00001050 testl        %edi, %esi
	0x0f, 0x85, 0x4c, 0x00, 0x00, 0x00, //0x00001052 jne          LBB0_197
	0x41, 0x0f, 0xc8, //0x00001058 bswapl       %r8d
	0x44, 0x89, 0xc7, //0x0000105b movl         %r8d, %edi
	0xc1, 0xef, 0x04, //0x0000105e shrl         $4, %edi
	0xf7, 0xd7, //0x00001061 notl         %edi
	0x81, 0xe7, 0x01, 0x01, 0x01, 0x01, //0x00001063 andl         $16843009, %edi
	0x8d, 0x3c, 0xff, //0x00001069 leal         (%rdi,%rdi,8), %edi
	0x41, 0x81, 0xe0, 0x0f, 0x0f, 0x0f, 0x0f, //0x0000106c andl         $252645135, %r8d
	0x41, 0x01, 0xf8, //0x00001073 addl         %edi, %r8d
	0x44, 0x89, 0xc7, //0x00001076 movl         %r8d, %edi
	0xc1, 0xef, 0x0c, //0x00001079 shrl         $12, %edi
	0x41, 0xc1, 0xe8, 0x08, //0x0000107c shrl         $8, %r8d
	0x41, 0x09, 0xf8, //0x00001080 orl          %edi, %r8d
	0x41, 0x81, 0xe0, 0x00, 0xfc, 0x00, 0x00, //0x00001083 andl         $64512, %r8d
	0x41, 0x81, 0xf8, 0x00, 0xdc, 0x00, 0x00, //0x0000108a cmpl         $56320, %r8d
	0x0f, 0x85, 0x0d, 0x00, 0x00, 0x00, //0x00001091 jne          LBB0_197
	0x48, 0x8b, 0x7d, 0xc0, //0x00001097 movq         $-64(%rbp), %rdi
	0x48, 0x83, 0xc7, 0x0c, //0x0000109b addq         $12, %rdi
	0xe9, 0x02, 0xfe, 0xff, 0xff, //0x0000109f jmp          LBB0_180
	//0x000010a4 LBB0_197
	0x48, 0x8b, 0x7d, 0xc0, //0x000010a4 movq         $-64(%rbp), %rdi
	0x48, 0x83, 0xc7, 0x06, //0x000010a8 addq         $6, %rdi
	0xe9, 0xf5, 0xfd, 0xff, 0xff, //0x000010ac jmp          LBB0_180
	//0x000010b1 LBB0_198
	0x4c, 0x8b, 0x45, 0xb8, //0x000010b1 movq         $-72(%rbp), %r8
	0xe9, 0x29, 0xfd, 0xff, 0xff, //0x000010b5 jmp          LBB0_170
	//0x000010ba LBB0_199
	0x48, 0x85, 0xdb, //0x000010ba testq        %rbx, %rbx
	0x0f, 0x84, 0x0e, 0x01, 0x00, 0x00, //0x000010bd je           LBB0_219
	0x48, 0x0f, 0xbc, 0xc3, //0x000010c3 bsfq         %rbx, %rax
	0xe9, 0x0a, 0x01, 0x00, 0x00, //0x000010c7 jmp          LBB0_220
	//0x000010cc LBB0_201
	0x4c, 0x89, 0xc0, //0x000010cc movq         %r8, %rax
	0x4c, 0x09, 0xf8, //0x000010cf orq          %r15, %rax
	0x0f, 0x99, 0xc0, //0x000010d2 setns        %al
	0x0f, 0x88, 0xda, 0x00, 0x00, 0x00, //0x000010d5 js           LBB0_218
	0x4d, 0x39, 0xf8, //0x000010db cmpq         %r15, %r8
	0x0f, 0x8c, 0xd1, 0x00, 0x00, 0x00, //0x000010de jl           LBB0_218
	0x49, 0xf7, 0xd0, //0x000010e4 notq         %r8
	0x4c, 0x89, 0xc0, //0x000010e7 movq         %r8, %rax
	0xe9, 0x65, 0xfb, 0xff, 0xff, //0x000010ea jmp          LBB0_154
	//0x000010ef LBB0_204
	0xb0, 0x01, //0x000010ef movb         $1, %al
	0x89, 0x45, 0xb8, //0x000010f1 movl         %eax, $-72(%rbp)
	0x31, 0xd2, //0x000010f4 xorl         %edx, %edx
	0x31, 0xc0, //0x000010f6 xorl         %eax, %eax
	0x45, 0x31, 0xd2, //0x000010f8 xorl         %r10d, %r10d
	0xe9, 0x98, 0x01, 0x00, 0x00, //0x000010fb jmp          LBB0_234
	//0x00001100 LBB0_205
	0x48, 0xc7, 0xc0, 0xfe, 0xff, 0xff, 0xff, //0x00001100 movq         $-2, %rax
	0x80, 0xf9, 0x6e, //0x00001107 cmpb         $110, %cl
	0x0f, 0x85, 0x31, 0x01, 0x00, 0x00, //0x0000110a jne          LBB0_296
	0x42, 0x80, 0x7c, 0x1f, 0x01, 0x75, //0x00001110 cmpb         $117, $1(%rdi,%r11)
	0x0f, 0x85, 0x18, 0x01, 0x00, 0x00, //0x00001116 jne          LBB0_227
	0x42, 0x80, 0x7c, 0x1f, 0x02, 0x6c, //0x0000111c cmpb         $108, $2(%rdi,%r11)
	0x0f, 0x85, 0x15, 0x01, 0x00, 0x00, //0x00001122 jne          LBB0_294
	0x31, 0xc9, //0x00001128 xorl         %ecx, %ecx
	0x41, 0x80, 0x7c, 0x3b, 0x03, 0x6c, //0x0000112a cmpb         $108, $3(%r11,%rdi)
	0xe9, 0x30, 0x00, 0x00, 0x00, //0x00001130 jmp          LBB0_213
	//0x00001135 LBB0_209
	0x48, 0xc7, 0xc0, 0xfe, 0xff, 0xff, 0xff, //0x00001135 movq         $-2, %rax
	0x80, 0xf9, 0x74, //0x0000113c cmpb         $116, %cl
	0x0f, 0x85, 0xfc, 0x00, 0x00, 0x00, //0x0000113f jne          LBB0_296
	0x42, 0x80, 0x7c, 0x1f, 0x01, 0x72, //0x00001145 cmpb         $114, $1(%rdi,%r11)
	0x0f, 0x85, 0xe3, 0x00, 0x00, 0x00, //0x0000114b jne          LBB0_227
	0x42, 0x80, 0x7c, 0x1f, 0x02, 0x75, //0x00001151 cmpb         $117, $2(%rdi,%r11)
	0x0f, 0x85, 0xe0, 0x00, 0x00, 0x00, //0x00001157 jne          LBB0_294
	0x31, 0xc9, //0x0000115d xorl         %ecx, %ecx
	0x41, 0x80, 0x7c, 0x3b, 0x03, 0x65, //0x0000115f cmpb         $101, $3(%r11,%rdi)
	//0x00001165 LBB0_213
	0x0f, 0x94, 0xc1, //0x00001165 sete         %cl
	0x4e, 0x8d, 0x2c, 0x19, //0x00001168 leaq         (%rcx,%r11), %r13
	0x49, 0x83, 0xc5, 0x03, //0x0000116c addq         $3, %r13
	0xe9, 0xcf, 0x00, 0x00, 0x00, //0x00001170 jmp          LBB0_297
	//0x00001175 LBB0_214
	0x48, 0xc7, 0xc0, 0xfe, 0xff, 0xff, 0xff, //0x00001175 movq         $-2, %rax
	0x80, 0xf9, 0x61, //0x0000117c cmpb         $97, %cl
	0x0f, 0x85, 0xca, 0x00, 0x00, 0x00, //0x0000117f jne          LBB0_228
	0x42, 0x80, 0x7c, 0x1f, 0x02, 0x6c, //0x00001185 cmpb         $108, $2(%rdi,%r11)
	0x0f, 0x85, 0xac, 0x00, 0x00, 0x00, //0x0000118b jne          LBB0_294
	0x42, 0x80, 0x7c, 0x1f, 0x03, 0x73, //0x00001191 cmpb         $115, $3(%rdi,%r11)
	0x0f, 0x85, 0x87, 0x04, 0x00, 0x00, //0x00001197 jne          LBB0_295
	0x31, 0xc9, //0x0000119d xorl         %ecx, %ecx
	0x41, 0x80, 0x7c, 0x3b, 0x04, 0x65, //0x0000119f cmpb         $101, $4(%r11,%rdi)
	0x0f, 0x94, 0xc1, //0x000011a5 sete         %cl
	0x4e, 0x8d, 0x2c, 0x19, //0x000011a8 leaq         (%rcx,%r11), %r13
	0x49, 0x83, 0xc5, 0x04, //0x000011ac addq         $4, %r13
	0xe9, 0x8f, 0x00, 0x00, 0x00, //0x000011b0 jmp          LBB0_297
	//0x000011b5 LBB0_218
	0x49, 0x8d, 0x4f, 0xff, //0x000011b5 leaq         $-1(%r15), %rcx
	0x49, 0x39, 0xc8, //0x000011b9 cmpq         %rcx, %r8
	0x49, 0xf7, 0xd7, //0x000011bc notq         %r15
	0x4d, 0x0f, 0x45, 0xf9, //0x000011bf cmovneq      %r9, %r15
	0x84, 0xc0, //0x000011c3 testb        %al, %al
	0x4d, 0x0f, 0x44, 0xf9, //0x000011c5 cmoveq       %r9, %r15
	0x4c, 0x89, 0xf8, //0x000011c9 movq         %r15, %rax
	0xe9, 0x83, 0xfa, 0xff, 0xff, //0x000011cc jmp          LBB0_154
	//0x000011d1 LBB0_219
	0xb8, 0x40, 0x00, 0x00, 0x00, //0x000011d1 movl         $64, %eax
	//0x000011d6 LBB0_220
	0x4c, 0x39, 0xf0, //0x000011d6 cmpq         %r14, %rax
	0x0f, 0x82, 0x26, 0x28, 0x00, 0x00, //0x000011d9 jb           LBB0_687
	0x49, 0x01, 0xce, //0x000011df addq         %rcx, %r14
	0x49, 0x83, 0xc6, 0x01, //0x000011e2 addq         $1, %r14
	//0x000011e6 LBB0_222
	0x4d, 0x85, 0xf6, //0x000011e6 testq        %r14, %r14
	0x0f, 0x88, 0x26, 0x00, 0x00, 0x00, //0x000011e9 js           LBB0_224
	0x48, 0x8b, 0x4d, 0x98, //0x000011ef movq         $-104(%rbp), %rcx
	0x48, 0x89, 0x51, 0x10, //0x000011f3 movq         %rdx, $16(%rcx)
	0x48, 0xc7, 0x01, 0x07, 0x00, 0x00, 0x00, //0x000011f7 movq         $7, (%rcx)
	0x4d, 0x39, 0xf0, //0x000011fe cmpq         %r14, %r8
	0x48, 0xc7, 0xc0, 0xff, 0xff, 0xff, 0xff, //0x00001201 movq         $-1, %rax
	0x49, 0x0f, 0x4c, 0xc0, //0x00001208 cmovlq       %r8, %rax
	0x48, 0x89, 0x41, 0x18, //0x0000120c movq         %rax, $24(%rcx)
	0xe9, 0xfa, 0x03, 0x00, 0x00, //0x00001210 jmp          LBB0_292
	//0x00001215 LBB0_224
	0x4d, 0x89, 0xf0, //0x00001215 movq         %r14, %r8
	//0x00001218 LBB0_225
	0x48, 0x8b, 0x45, 0x98, //0x00001218 movq         $-104(%rbp), %rax
	0x4c, 0x89, 0x00, //0x0000121c movq         %r8, (%rax)
	0x4d, 0x89, 0xee, //0x0000121f movq         %r13, %r14
	0xe9, 0xe8, 0x03, 0x00, 0x00, //0x00001222 jmp          LBB0_292
	//0x00001227 LBB0_226
	0xb1, 0x01, //0x00001227 movb         $1, %cl
	0x89, 0x4d, 0xb8, //0x00001229 movl         %ecx, $-72(%rbp)
	0x4c, 0x89, 0xe9, //0x0000122c movq         %r13, %rcx
	0xe9, 0x64, 0x00, 0x00, 0x00, //0x0000122f jmp          LBB0_234
	//0x00001234 LBB0_227
	0x49, 0x83, 0xc3, 0x01, //0x00001234 addq         $1, %r11
	0xe9, 0x04, 0x00, 0x00, 0x00, //0x00001238 jmp          LBB0_296
	//0x0000123d LBB0_294
	0x49, 0x83, 0xc3, 0x02, //0x0000123d addq         $2, %r11
	//0x00001241 LBB0_296
	0x4d, 0x89, 0xdd, //0x00001241 movq         %r11, %r13
	//0x00001244 LBB0_297
	0x49, 0x89, 0x07, //0x00001244 movq         %rax, (%r15)
	0x4d, 0x89, 0xee, //0x00001247 movq         %r13, %r14
	0xe9, 0xc0, 0x03, 0x00, 0x00, //0x0000124a jmp          LBB0_292
	//0x0000124f LBB0_228
	0x49, 0x89, 0xd5, //0x0000124f movq         %rdx, %r13
	0xe9, 0xed, 0xff, 0xff, 0xff, //0x00001252 jmp          LBB0_297
	//0x00001257 LBB0_229
	0x4d, 0x89, 0xd1, //0x00001257 movq         %r10, %r9
	0x48, 0xc7, 0xc0, 0xff, 0xff, 0xff, 0xff, //0x0000125a movq         $-1, %rax
	0x4d, 0x85, 0xc0, //0x00001261 testq        %r8, %r8
	0x0f, 0x85, 0x8e, 0xf9, 0xff, 0xff, //0x00001264 jne          LBB0_145
	//0x0000126a LBB0_230
	0x48, 0xf7, 0xd0, //0x0000126a notq         %rax
	0x49, 0x01, 0xc6, //0x0000126d addq         %rax, %r14
	//0x00001270 LBB0_231
	0x4c, 0x8b, 0x7d, 0x98, //0x00001270 movq         $-104(%rbp), %r15
	0x49, 0xc7, 0xc3, 0xfe, 0xff, 0xff, 0xff, //0x00001274 movq         $-2, %r11
	0x49, 0x29, 0xfe, //0x0000127b subq         %rdi, %r14
	0x4d, 0x89, 0x1f, //0x0000127e movq         %r11, (%r15)
	0xe9, 0x89, 0x03, 0x00, 0x00, //0x00001281 jmp          LBB0_292
	//0x00001286 LBB0_232
	0x0f, 0xbc, 0xc9, //0x00001286 bsfl         %ecx, %ecx
	0xe9, 0x08, 0x03, 0x00, 0x00, //0x00001289 jmp          LBB0_286
	//0x0000128e LBB0_233
	0x40, 0xb6, 0x01, //0x0000128e movb         $1, %sil
	0x89, 0x75, 0xb8, //0x00001291 movl         %esi, $-72(%rbp)
	0x48, 0x83, 0xc1, 0xff, //0x00001294 addq         $-1, %rcx
	//0x00001298 LBB0_234
	0x45, 0x31, 0xf6, //0x00001298 xorl         %r14d, %r14d
	0x85, 0xd2, //0x0000129b testl        %edx, %edx
	0x41, 0x0f, 0x9f, 0xc6, //0x0000129d setg         %r14b
	0x4d, 0x85, 0xd2, //0x000012a1 testq        %r10, %r10
	0x4c, 0x89, 0x7d, 0x98, //0x000012a4 movq         %r15, $-104(%rbp)
	0x0f, 0x85, 0x58, 0x00, 0x00, 0x00, //0x000012a8 jne          LBB0_243
	0x85, 0xd2, //0x000012ae testl        %edx, %edx
	0x0f, 0x85, 0x50, 0x00, 0x00, 0x00, //0x000012b0 jne          LBB0_243
	0x4c, 0x39, 0xe9, //0x000012b6 cmpq         %r13, %rcx
	0x0f, 0x83, 0x34, 0x00, 0x00, 0x00, //0x000012b9 jae          LBB0_241
	0x41, 0x89, 0xcf, //0x000012bf movl         %ecx, %r15d
	0x45, 0x29, 0xef, //0x000012c2 subl         %r13d, %r15d
	0x31, 0xc0, //0x000012c5 xorl         %eax, %eax
	0x31, 0xd2, //0x000012c7 xorl         %edx, %edx
	0x48, 0x8b, 0x75, 0xc8, //0x000012c9 movq         $-56(%rbp), %rsi
	//0x000012cd LBB0_238
	0x80, 0x3c, 0x0e, 0x30, //0x000012cd cmpb         $48, (%rsi,%rcx)
	0x0f, 0x85, 0x28, 0x00, 0x00, 0x00, //0x000012d1 jne          LBB0_242
	0x48, 0x83, 0xc1, 0x01, //0x000012d7 addq         $1, %rcx
	0x83, 0xc2, 0xff, //0x000012db addl         $-1, %edx
	0x49, 0x39, 0xcd, //0x000012de cmpq         %rcx, %r13
	0x0f, 0x85, 0xe6, 0xff, 0xff, 0xff, //0x000012e1 jne          LBB0_238
	0x44, 0x89, 0x75, 0xb0, //0x000012e7 movl         %r14d, $-80(%rbp)
	0x45, 0x31, 0xd2, //0x000012eb xorl         %r10d, %r10d
	0xe9, 0x43, 0x01, 0x00, 0x00, //0x000012ee jmp          LBB0_264
	//0x000012f3 LBB0_241
	0x31, 0xd2, //0x000012f3 xorl         %edx, %edx
	0x31, 0xc0, //0x000012f5 xorl         %eax, %eax
	0x45, 0x31, 0xd2, //0x000012f7 xorl         %r10d, %r10d
	0xe9, 0x07, 0x00, 0x00, 0x00, //0x000012fa jmp          LBB0_243
	//0x000012ff LBB0_242
	0x45, 0x31, 0xd2, //0x000012ff xorl         %r10d, %r10d
	0x4c, 0x8b, 0x7d, 0x98, //0x00001302 movq         $-104(%rbp), %r15
	//0x00001306 LBB0_243
	0x4c, 0x39, 0xe9, //0x00001306 cmpq         %r13, %rcx
	0x0f, 0x83, 0x4b, 0x00, 0x00, 0x00, //0x00001309 jae          LBB0_249
	0x83, 0xf8, 0x12, //0x0000130f cmpl         $18, %eax
	0x0f, 0x8f, 0x42, 0x00, 0x00, 0x00, //0x00001312 jg           LBB0_249
	0xbe, 0xd0, 0xff, 0xff, 0xff, //0x00001318 movl         $4294967248, %esi
	//0x0000131d LBB0_246
	0x48, 0x8b, 0x7d, 0xc8, //0x0000131d movq         $-56(%rbp), %rdi
	0x0f, 0xb6, 0x1c, 0x0f, //0x00001321 movzbl       (%rdi,%rcx), %ebx
	0x8d, 0x7b, 0xd0, //0x00001325 leal         $-48(%rbx), %edi
	0x40, 0x80, 0xff, 0x09, //0x00001328 cmpb         $9, %dil
	0x0f, 0x87, 0x28, 0x00, 0x00, 0x00, //0x0000132c ja           LBB0_249
	0x4b, 0x8d, 0x3c, 0x92, //0x00001332 leaq         (%r10,%r10,4), %rdi
	0x01, 0xf3, //0x00001336 addl         %esi, %ebx
	0x4c, 0x8d, 0x14, 0x7b, //0x00001338 leaq         (%rbx,%rdi,2), %r10
	0x83, 0xc2, 0xff, //0x0000133c addl         $-1, %edx
	0x48, 0x83, 0xc1, 0x01, //0x0000133f addq         $1, %rcx
	0x4c, 0x39, 0xe9, //0x00001343 cmpq         %r13, %rcx
	0x0f, 0x83, 0x0e, 0x00, 0x00, 0x00, //0x00001346 jae          LBB0_249
	0x8d, 0x78, 0x01, //0x0000134c leal         $1(%rax), %edi
	0x83, 0xf8, 0x12, //0x0000134f cmpl         $18, %eax
	0x89, 0xf8, //0x00001352 movl         %edi, %eax
	0x0f, 0x8c, 0xc3, 0xff, 0xff, 0xff, //0x00001354 jl           LBB0_246
	//0x0000135a LBB0_249
	0x4c, 0x39, 0xe9, //0x0000135a cmpq         %r13, %rcx
	0x0f, 0x83, 0xba, 0x00, 0x00, 0x00, //0x0000135d jae          LBB0_262
	0x48, 0x8b, 0x45, 0xc8, //0x00001363 movq         $-56(%rbp), %rax
	0x8a, 0x04, 0x08, //0x00001367 movb         (%rax,%rcx), %al
	0x8d, 0x70, 0xd0, //0x0000136a leal         $-48(%rax), %esi
	0x40, 0x80, 0xfe, 0x09, //0x0000136d cmpb         $9, %sil
	0x0f, 0x87, 0x2d, 0x00, 0x00, 0x00, //0x00001371 ja           LBB0_255
	0x49, 0x8d, 0x75, 0xff, //0x00001377 leaq         $-1(%r13), %rsi
	//0x0000137b LBB0_252
	0x48, 0x39, 0xce, //0x0000137b cmpq         %rcx, %rsi
	0x0f, 0x84, 0xa8, 0x00, 0x00, 0x00, //0x0000137e je           LBB0_263
	0x48, 0x8b, 0x45, 0xc8, //0x00001384 movq         $-56(%rbp), %rax
	0x0f, 0xb6, 0x44, 0x08, 0x01, //0x00001388 movzbl       $1(%rax,%rcx), %eax
	0x8d, 0x78, 0xd0, //0x0000138d leal         $-48(%rax), %edi
	0x48, 0x83, 0xc1, 0x01, //0x00001390 addq         $1, %rcx
	0x40, 0x80, 0xff, 0x09, //0x00001394 cmpb         $9, %dil
	0x0f, 0x86, 0xdd, 0xff, 0xff, 0xff, //0x00001398 jbe          LBB0_252
	0x41, 0xbe, 0x01, 0x00, 0x00, 0x00, //0x0000139e movl         $1, %r14d
	//0x000013a4 LBB0_255
	0x0c, 0x20, //0x000013a4 orb          $32, %al
	0x3c, 0x65, //0x000013a6 cmpb         $101, %al
	0x0f, 0x85, 0x6f, 0x00, 0x00, 0x00, //0x000013a8 jne          LBB0_262
	0x48, 0x8d, 0x71, 0x01, //0x000013ae leaq         $1(%rcx), %rsi
	0x49, 0xc7, 0x07, 0x08, 0x00, 0x00, 0x00, //0x000013b2 movq         $8, (%r15)
	0x4c, 0x39, 0xee, //0x000013b9 cmpq         %r13, %rsi
	0x0f, 0x83, 0x4c, 0x00, 0x00, 0x00, //0x000013bc jae          LBB0_261
	0x44, 0x89, 0x75, 0xb0, //0x000013c2 movl         %r14d, $-80(%rbp)
	0x48, 0x8b, 0x45, 0xc8, //0x000013c6 movq         $-56(%rbp), %rax
	0x8a, 0x1c, 0x30, //0x000013ca movb         (%rax,%rsi), %bl
	0x80, 0xfb, 0x2d, //0x000013cd cmpb         $45, %bl
	0x0f, 0x84, 0x0f, 0x00, 0x00, 0x00, //0x000013d0 je           LBB0_259
	0x41, 0xbe, 0x01, 0x00, 0x00, 0x00, //0x000013d6 movl         $1, %r14d
	0x80, 0xfb, 0x2b, //0x000013dc cmpb         $43, %bl
	0x0f, 0x85, 0x3b, 0x05, 0x00, 0x00, //0x000013df jne          LBB0_329
	//0x000013e5 LBB0_259
	0x48, 0x83, 0xc1, 0x02, //0x000013e5 addq         $2, %rcx
	0x4c, 0x39, 0xe9, //0x000013e9 cmpq         %r13, %rcx
	0x0f, 0x83, 0x1c, 0x00, 0x00, 0x00, //0x000013ec jae          LBB0_261
	0x31, 0xc0, //0x000013f2 xorl         %eax, %eax
	0x80, 0xfb, 0x2b, //0x000013f4 cmpb         $43, %bl
	0x0f, 0x94, 0xc0, //0x000013f7 sete         %al
	0x44, 0x8d, 0x34, 0x00, //0x000013fa leal         (%rax,%rax), %r14d
	0x41, 0x83, 0xc6, 0xff, //0x000013fe addl         $-1, %r14d
	0x48, 0x8b, 0x45, 0xc8, //0x00001402 movq         $-56(%rbp), %rax
	0x8a, 0x1c, 0x08, //0x00001406 movb         (%rax,%rcx), %bl
	0xe9, 0x15, 0x05, 0x00, 0x00, //0x00001409 jmp          LBB0_330
	//0x0000140e LBB0_261
	0x49, 0xc7, 0x07, 0xff, 0xff, 0xff, 0xff, //0x0000140e movq         $-1, (%r15)
	0x4d, 0x89, 0xee, //0x00001415 movq         %r13, %r14
	0xe9, 0xf2, 0x01, 0x00, 0x00, //0x00001418 jmp          LBB0_292
	//0x0000141d LBB0_262
	0x44, 0x89, 0x75, 0xb0, //0x0000141d movl         %r14d, $-80(%rbp)
	0x41, 0x89, 0xd7, //0x00001421 movl         %edx, %r15d
	0x49, 0x89, 0xce, //0x00001424 movq         %rcx, %r14
	0xe9, 0x0d, 0x00, 0x00, 0x00, //0x00001427 jmp          LBB0_265
	//0x0000142c LBB0_263
	0xc7, 0x45, 0xb0, 0x01, 0x00, 0x00, 0x00, //0x0000142c movl         $1, $-80(%rbp)
	0x41, 0x89, 0xd7, //0x00001433 movl         %edx, %r15d
	//0x00001436 LBB0_264
	0x4d, 0x89, 0xee, //0x00001436 movq         %r13, %r14
	//0x00001439 LBB0_265
	0x80, 0x7d, 0xb8, 0x00, //0x00001439 cmpb         $0, $-72(%rbp)
	0x4c, 0x8b, 0x6d, 0xa8, //0x0000143d movq         $-88(%rbp), %r13
	0x44, 0x88, 0x45, 0xa0, //0x00001441 movb         %r8b, $-96(%rbp)
	0x0f, 0x84, 0x39, 0x00, 0x00, 0x00, //0x00001445 je           LBB0_270
	0x45, 0x85, 0xff, //0x0000144b testl        %r15d, %r15d
	0x0f, 0x85, 0x25, 0x00, 0x00, 0x00, //0x0000144e jne          LBB0_269
	0x48, 0xb8, 0x00, 0x00, 0x00, 0x00, 0x00, 0x00, 0x00, 0x80, //0x00001454 movabsq      $-9223372036854775808, %rax
	0x49, 0x63, 0xcc, //0x0000145e movslq       %r12d, %rcx
	0x4d, 0x85, 0xd2, //0x00001461 testq        %r10, %r10
	0x0f, 0x89, 0x37, 0x01, 0x00, 0x00, //0x00001464 jns          LBB0_287
	0x4c, 0x89, 0xd2, //0x0000146a movq         %r10, %rdx
	0x48, 0x21, 0xca, //0x0000146d andq         %rcx, %rdx
	0x48, 0x39, 0xc2, //0x00001470 cmpq         %rax, %rdx
	0x0f, 0x84, 0x28, 0x01, 0x00, 0x00, //0x00001473 je           LBB0_287
	//0x00001479 LBB0_269
	0x48, 0x8b, 0x45, 0x98, //0x00001479 movq         $-104(%rbp), %rax
	0x48, 0xc7, 0x00, 0x08, 0x00, 0x00, 0x00, //0x0000147d movq         $8, (%rax)
	//0x00001484 LBB0_270
	0x48, 0xbf, 0x00, 0x00, 0x00, 0x00, 0x00, 0x00, 0x00, 0x80, //0x00001484 movabsq      $-9223372036854775808, %rdi
	0x48, 0xb8, 0xff, 0xff, 0xff, 0xff, 0xff, 0xff, 0x0f, 0x00, //0x0000148e movabsq      $4503599627370495, %rax
	0x48, 0x8d, 0x50, 0x01, //0x00001498 leaq         $1(%rax), %rdx
	0x49, 0x39, 0xd2, //0x0000149c cmpq         %rdx, %r10
	0x0f, 0x83, 0xc3, 0x00, 0x00, 0x00, //0x0000149f jae          LBB0_282
	0xc4, 0xc1, 0xf9, 0x6e, 0xc2, //0x000014a5 vmovq        %r10, %xmm0
	0xc5, 0xf9, 0x62, 0x05, 0x3e, 0xed, 0xff, 0xff, //0x000014aa vpunpckldq   $-4802(%rip), %xmm0, %xmm0  /* LCPI0_18+0(%rip) */
	0xc5, 0xf9, 0x5c, 0x05, 0x46, 0xed, 0xff, 0xff, //0x000014b2 vsubpd       $-4794(%rip), %xmm0, %xmm0  /* LCPI0_19+0(%rip) */
	0xc4, 0xe3, 0x79, 0x05, 0xc8, 0x01, //0x000014ba vpermilpd    $1, %xmm0, %xmm1
	0xc5, 0xf3, 0x58, 0xc0, //0x000014c0 vaddsd       %xmm0, %xmm1, %xmm0
	0x41, 0xc1, 0xec, 0x1f, //0x000014c4 shrl         $31, %r12d
	0x49, 0xc1, 0xe4, 0x3f, //0x000014c8 shlq         $63, %r12
	0xc4, 0xc1, 0xf9, 0x6e, 0xcc, //0x000014cc vmovq        %r12, %xmm1
	0xc5, 0xf9, 0x56, 0xc1, //0x000014d1 vorpd        %xmm1, %xmm0, %xmm0
	0x45, 0x85, 0xff, //0x000014d5 testl        %r15d, %r15d
	0x0f, 0x84, 0xa2, 0x1c, 0x00, 0x00, //0x000014d8 je           LBB0_669
	0x4d, 0x85, 0xd2, //0x000014de testq        %r10, %r10
	0x0f, 0x84, 0x99, 0x1c, 0x00, 0x00, //0x000014e1 je           LBB0_669
	0x41, 0x8d, 0x47, 0xff, //0x000014e7 leal         $-1(%r15), %eax
	0x83, 0xf8, 0x24, //0x000014eb cmpl         $36, %eax
	0x0f, 0x87, 0x55, 0x00, 0x00, 0x00, //0x000014ee ja           LBB0_280
	0x44, 0x89, 0xf8, //0x000014f4 movl         %r15d, %eax
	0x41, 0x83, 0xff, 0x17, //0x000014f7 cmpl         $23, %r15d
	0x0f, 0x8c, 0x15, 0x00, 0x00, 0x00, //0x000014fb jl           LBB0_276
	0x41, 0x8d, 0x47, 0xea, //0x00001501 leal         $-22(%r15), %eax
	0x48, 0x8d, 0x0d, 0x64, 0x2b, 0x00, 0x00, //0x00001505 leaq         $11108(%rip), %rcx  /* _P10_TAB+0(%rip) */
	0xc5, 0xfb, 0x59, 0x04, 0xc1, //0x0000150c vmulsd       (%rcx,%rax,8), %xmm0, %xmm0
	0xb8, 0x16, 0x00, 0x00, 0x00, //0x00001511 movl         $22, %eax
	//0x00001516 LBB0_276
	0xc5, 0xf9, 0x2e, 0x05, 0xf2, 0xec, 0xff, 0xff, //0x00001516 vucomisd     $-4878(%rip), %xmm0  /* LCPI0_20+0(%rip) */
	0x0f, 0x87, 0x09, 0x01, 0x00, 0x00, //0x0000151e ja           LBB0_298
	0xc5, 0xfb, 0x10, 0x0d, 0xec, 0xec, 0xff, 0xff, //0x00001524 vmovsd       $-4884(%rip), %xmm1  /* LCPI0_21+0(%rip) */
	0xc5, 0xf9, 0x2e, 0xc8, //0x0000152c vucomisd     %xmm0, %xmm1
	0x0f, 0x87, 0xf7, 0x00, 0x00, 0x00, //0x00001530 ja           LBB0_298
	0x89, 0xc0, //0x00001536 movl         %eax, %eax
	0x48, 0x8d, 0x0d, 0x31, 0x2b, 0x00, 0x00, //0x00001538 leaq         $11057(%rip), %rcx  /* _P10_TAB+0(%rip) */
	0xc5, 0xfb, 0x59, 0x04, 0xc1, //0x0000153f vmulsd       (%rcx,%rax,8), %xmm0, %xmm0
	0xe9, 0x37, 0x1c, 0x00, 0x00, //0x00001544 jmp          LBB0_669
	//0x00001549 LBB0_280
	0x41, 0x83, 0xff, 0xea, //0x00001549 cmpl         $-22, %r15d
	0x0f, 0x82, 0x15, 0x00, 0x00, 0x00, //0x0000154d jb           LBB0_282
	0x41, 0xf7, 0xdf, //0x00001553 negl         %r15d
	0x48, 0x8d, 0x05, 0x13, 0x2b, 0x00, 0x00, //0x00001556 leaq         $11027(%rip), %rax  /* _P10_TAB+0(%rip) */
	0xc4, 0xa1, 0x7b, 0x5e, 0x04, 0xf8, //0x0000155d vdivsd       (%rax,%r15,8), %xmm0, %xmm0
	0xe9, 0x18, 0x1c, 0x00, 0x00, //0x00001563 jmp          LBB0_669
	//0x00001568 LBB0_282
	0x48, 0x89, 0x55, 0x90, //0x00001568 movq         %rdx, $-112(%rbp)
	0x41, 0x8d, 0x87, 0x5c, 0x01, 0x00, 0x00, //0x0000156c leal         $348(%r15), %eax
	0x3d, 0xb7, 0x02, 0x00, 0x00, //0x00001573 cmpl         $695, %eax
	0x0f, 0x87, 0xd2, 0x01, 0x00, 0x00, //0x00001578 ja           LBB0_310
	0x4d, 0x85, 0xd2, //0x0000157e testq        %r10, %r10
	0x0f, 0x84, 0xba, 0x00, 0x00, 0x00, //0x00001581 je           LBB0_299
	//0x00001587 LBB0_284
	0x49, 0x0f, 0xbd, 0xca, //0x00001587 bsrq         %r10, %rcx
	0x48, 0x83, 0xf1, 0x3f, //0x0000158b xorq         $63, %rcx
	0xe9, 0xb2, 0x00, 0x00, 0x00, //0x0000158f jmp          LBB0_300
	//0x00001594 LBB0_285
	0x89, 0xc9, //0x00001594 movl         %ecx, %ecx
	//0x00001596 LBB0_286
	0x48, 0xf7, 0xd0, //0x00001596 notq         %rax
	0x48, 0x29, 0xc8, //0x00001599 subq         %rcx, %rax
	0xe9, 0xb3, 0xf6, 0xff, 0xff, //0x0000159c jmp          LBB0_154
	//0x000015a1 LBB0_287
	0xc4, 0xc1, 0xf9, 0x6e, 0xc2, //0x000015a1 vmovq        %r10, %xmm0
	0x4c, 0x0f, 0xaf, 0xd1, //0x000015a6 imulq        %rcx, %r10
	0x48, 0x8b, 0x55, 0x98, //0x000015aa movq         $-104(%rbp), %rdx
	0x4c, 0x89, 0x52, 0x10, //0x000015ae movq         %r10, $16(%rdx)
	0xc5, 0xf9, 0x62, 0x05, 0x36, 0xec, 0xff, 0xff, //0x000015b2 vpunpckldq   $-5066(%rip), %xmm0, %xmm0  /* LCPI0_18+0(%rip) */
	0xc5, 0xf9, 0x5c, 0x05, 0x3e, 0xec, 0xff, 0xff, //0x000015ba vsubpd       $-5058(%rip), %xmm0, %xmm0  /* LCPI0_19+0(%rip) */
	0xc4, 0xe3, 0x79, 0x05, 0xc8, 0x01, //0x000015c2 vpermilpd    $1, %xmm0, %xmm1
	0xc5, 0xf3, 0x58, 0xc0, //0x000015c8 vaddsd       %xmm0, %xmm1, %xmm0
	0x48, 0x21, 0xc8, //0x000015cc andq         %rcx, %rax
	0xc4, 0xe1, 0xf9, 0x7e, 0xc1, //0x000015cf vmovq        %xmm0, %rcx
	0x48, 0x09, 0xc1, //0x000015d4 orq          %rax, %rcx
	0x48, 0x89, 0x4a, 0x08, //0x000015d7 movq         %rcx, $8(%rdx)
	0xe9, 0x2f, 0x00, 0x00, 0x00, //0x000015db jmp          LBB0_292
	//0x000015e0 LBB0_288
	0x48, 0x8b, 0x4d, 0xc0, //0x000015e0 movq         $-64(%rbp), %rcx
	0x48, 0x03, 0x4d, 0xa8, //0x000015e4 addq         $-88(%rbp), %rcx
	0x4c, 0x29, 0xc9, //0x000015e8 subq         %r9, %rcx
	0x48, 0xf7, 0xd0, //0x000015eb notq         %rax
	0x48, 0x01, 0xc8, //0x000015ee addq         %rcx, %rax
	0xe9, 0x5e, 0xf6, 0xff, 0xff, //0x000015f1 jmp          LBB0_154
	//0x000015f6 LBB0_289
	0x49, 0x29, 0xfb, //0x000015f6 subq         %rdi, %r11
	0x49, 0x01, 0xcb, //0x000015f9 addq         %rcx, %r11
	0x4d, 0x39, 0xeb, //0x000015fc cmpq         %r13, %r11
	0x0f, 0x82, 0xe6, 0xed, 0xff, 0xff, //0x000015ff jb           LBB0_31
	//0x00001605 LBB0_290
	0x49, 0xc7, 0x07, 0x01, 0x00, 0x00, 0x00, //0x00001605 movq         $1, (%r15)
	//0x0000160c LBB0_291
	0x49, 0x89, 0xd6, //0x0000160c movq         %rdx, %r14
	//0x0000160f LBB0_292
	0x4c, 0x89, 0xf0, //0x0000160f movq         %r14, %rax
	0x48, 0x83, 0xc4, 0x58, //0x00001612 addq         $88, %rsp
	0x5b,       //0x00001616 popq         %rbx
	0x41, 0x5c, //0x00001617 popq         %r12
	0x41, 0x5d, //0x00001619 popq         %r13
	0x41, 0x5e, //0x0000161b popq         %r14
	0x41, 0x5f, //0x0000161d popq         %r15
	0x5d,             //0x0000161f popq         %rbp
	0xc5, 0xf8, 0x77, //0x00001620 vzeroupper
	0xc3, //0x00001623 retq
	//0x00001624 LBB0_295
	0x49, 0x83, 0xc3, 0x03, //0x00001624 addq         $3, %r11
	0xe9, 0x14, 0xfc, 0xff, 0xff, //0x00001628 jmp          LBB0_296
	//0x0000162d LBB0_298
	0x48, 0x89, 0x55, 0x90, //0x0000162d movq         %rdx, $-112(%rbp)
	0x41, 0x8d, 0x87, 0x5c, 0x01, 0x00, 0x00, //0x00001631 leal         $348(%r15), %eax
	0x4d, 0x85, 0xd2, //0x00001638 testq        %r10, %r10
	0x0f, 0x85, 0x46, 0xff, 0xff, 0xff, //0x0000163b jne          LBB0_284
	//0x00001641 LBB0_299
	0xb9, 0x40, 0x00, 0x00, 0x00, //0x00001641 movl         $64, %ecx
	//0x00001646 LBB0_300
	0x4c, 0x89, 0xd3, //0x00001646 movq         %r10, %rbx
	0x48, 0x89, 0x4d, 0xb8, //0x00001649 movq         %rcx, $-72(%rbp)
	0x48, 0xd3, 0xe3, //0x0000164d shlq         %cl, %rbx
	0x89, 0xc6, //0x00001650 movl         %eax, %esi
	0x48, 0xc1, 0xe6, 0x04, //0x00001652 shlq         $4, %rsi
	0x48, 0x8d, 0x05, 0xd3, 0x2a, 0x00, 0x00, //0x00001656 leaq         $10963(%rip), %rax  /* _POW10_M128_TAB+0(%rip) */
	0x48, 0x8b, 0x44, 0x06, 0x08, //0x0000165d movq         $8(%rsi,%rax), %rax
	0x48, 0x89, 0x45, 0x88, //0x00001662 movq         %rax, $-120(%rbp)
	0x48, 0xf7, 0xe3, //0x00001666 mulq         %rbx
	0x49, 0x89, 0xd4, //0x00001669 movq         %rdx, %r12
	0x81, 0xe2, 0xff, 0x01, 0x00, 0x00, //0x0000166c andl         $511, %edx
	0x48, 0x81, 0xfa, 0xff, 0x01, 0x00, 0x00, //0x00001672 cmpq         $511, %rdx
	0x0f, 0x85, 0x5b, 0x00, 0x00, 0x00, //0x00001679 jne          LBB0_305
	0x48, 0x89, 0xd9, //0x0000167f movq         %rbx, %rcx
	0x48, 0xf7, 0xd1, //0x00001682 notq         %rcx
	0x48, 0x39, 0xc8, //0x00001685 cmpq         %rcx, %rax
	0x49, 0x89, 0xc0, //0x00001688 movq         %rax, %r8
	0x0f, 0x86, 0x4c, 0x00, 0x00, 0x00, //0x0000168b jbe          LBB0_306
	0x48, 0x89, 0xd8, //0x00001691 movq         %rbx, %rax
	0x48, 0x8d, 0x15, 0x95, 0x2a, 0x00, 0x00, //0x00001694 leaq         $10901(%rip), %rdx  /* _POW10_M128_TAB+0(%rip) */
	0x48, 0xf7, 0x24, 0x16, //0x0000169b mulq         (%rsi,%rdx)
	0x49, 0x01, 0xd0, //0x0000169f addq         %rdx, %r8
	0x49, 0x83, 0xd4, 0x00, //0x000016a2 adcq         $0, %r12
	0x44, 0x89, 0xe2, //0x000016a6 movl         %r12d, %edx
	0x81, 0xe2, 0xff, 0x01, 0x00, 0x00, //0x000016a9 andl         $511, %edx
	0x48, 0x81, 0xfa, 0xff, 0x01, 0x00, 0x00, //0x000016af cmpq         $511, %rdx
	0x0f, 0x85, 0x21, 0x00, 0x00, 0x00, //0x000016b6 jne          LBB0_306
	0x4c, 0x89, 0xc3, //0x000016bc movq         %r8, %rbx
	0x49, 0x83, 0xf8, 0xff, //0x000016bf cmpq         $-1, %r8
	0x0f, 0x85, 0x49, 0x04, 0x00, 0x00, //0x000016c3 jne          LBB0_350
	0x48, 0x39, 0xc8, //0x000016c9 cmpq         %rcx, %rax
	0x49, 0x89, 0xd8, //0x000016cc movq         %rbx, %r8
	0x0f, 0x87, 0x7b, 0x00, 0x00, 0x00, //0x000016cf ja           LBB0_310
	0xe9, 0x03, 0x00, 0x00, 0x00, //0x000016d5 jmp          LBB0_306
	//0x000016da LBB0_305
	0x49, 0x89, 0xc0, //0x000016da movq         %rax, %r8
	//0x000016dd LBB0_306
	0x4c, 0x89, 0xe0, //0x000016dd movq         %r12, %rax
	0x48, 0xc1, 0xe8, 0x3f, //0x000016e0 shrq         $63, %rax
	0x8d, 0x48, 0x09, //0x000016e4 leal         $9(%rax), %ecx
	0x49, 0xd3, 0xec, //0x000016e7 shrq         %cl, %r12
	0x4d, 0x85, 0xc0, //0x000016ea testq        %r8, %r8
	0x0f, 0x85, 0x18, 0x00, 0x00, 0x00, //0x000016ed jne          LBB0_309
	0x48, 0x85, 0xd2, //0x000016f3 testq        %rdx, %rdx
	0x0f, 0x85, 0x0f, 0x00, 0x00, 0x00, //0x000016f6 jne          LBB0_309
	0x44, 0x89, 0xe1, //0x000016fc movl         %r12d, %ecx
	0x83, 0xe1, 0x03, //0x000016ff andl         $3, %ecx
	0x83, 0xf9, 0x01, //0x00001702 cmpl         $1, %ecx
	0x0f, 0x84, 0x45, 0x00, 0x00, 0x00, //0x00001705 je           LBB0_310
	//0x0000170b LBB0_309
	0x41, 0x69, 0xcf, 0x6a, 0x52, 0x03, 0x00, //0x0000170b imull        $217706, %r15d, %ecx
	0xc1, 0xf9, 0x10, //0x00001712 sarl         $16, %ecx
	0x81, 0xc1, 0x3f, 0x04, 0x00, 0x00, //0x00001715 addl         $1087, %ecx
	0x4c, 0x63, 0xf9, //0x0000171b movslq       %ecx, %r15
	0x4c, 0x89, 0xfb, //0x0000171e movq         %r15, %rbx
	0x48, 0x2b, 0x5d, 0xb8, //0x00001721 subq         $-72(%rbp), %rbx
	0x44, 0x89, 0xe2, //0x00001725 movl         %r12d, %edx
	0x83, 0xe2, 0x01, //0x00001728 andl         $1, %edx
	0x4c, 0x01, 0xe2, //0x0000172b addq         %r12, %rdx
	0x48, 0x89, 0xd1, //0x0000172e movq         %rdx, %rcx
	0x48, 0xc1, 0xe9, 0x36, //0x00001731 shrq         $54, %rcx
	0x48, 0x01, 0xc3, //0x00001735 addq         %rax, %rbx
	0x48, 0x83, 0xf9, 0x01, //0x00001738 cmpq         $1, %rcx
	0x48, 0x83, 0xdb, 0x00, //0x0000173c sbbq         $0, %rbx
	0x48, 0x8d, 0x43, 0xff, //0x00001740 leaq         $-1(%rbx), %rax
	0x48, 0x3d, 0xfd, 0x07, 0x00, 0x00, //0x00001744 cmpq         $2045, %rax
	0x0f, 0x86, 0x4c, 0x00, 0x00, 0x00, //0x0000174a jbe          LBB0_315
	//0x00001750 LBB0_310
	0x4c, 0x89, 0xf0, //0x00001750 movq         %r14, %rax
	0x4c, 0x29, 0xd8, //0x00001753 subq         %r11, %rax
	0x48, 0x89, 0x45, 0xb0, //0x00001756 movq         %rax, $-80(%rbp)
	0x4d, 0x85, 0xed, //0x0000175a testq        %r13, %r13
	0x48, 0x8b, 0x4d, 0xc0, //0x0000175d movq         $-64(%rbp), %rcx
	0x0f, 0x84, 0x71, 0x04, 0x00, 0x00, //0x00001761 je           LBB0_363
	0x41, 0xc6, 0x01, 0x00, //0x00001767 movb         $0, (%r9)
	0x49, 0x83, 0xfd, 0x01, //0x0000176b cmpq         $1, %r13
	0x0f, 0x84, 0x63, 0x04, 0x00, 0x00, //0x0000176f je           LBB0_363
	0x4d, 0x8d, 0x55, 0xff, //0x00001775 leaq         $-1(%r13), %r10
	0xb8, 0x01, 0x00, 0x00, 0x00, //0x00001779 movl         $1, %eax
	0x49, 0x83, 0xfa, 0x10, //0x0000177e cmpq         $16, %r10
	0x0f, 0x82, 0x3e, 0x04, 0x00, 0x00, //0x00001782 jb           LBB0_362
	0x49, 0x81, 0xfa, 0x80, 0x00, 0x00, 0x00, //0x00001788 cmpq         $128, %r10
	0x0f, 0x83, 0xed, 0x01, 0x00, 0x00, //0x0000178f jae          LBB0_335
	0x31, 0xd2, //0x00001795 xorl         %edx, %edx
	0xe9, 0x45, 0x03, 0x00, 0x00, //0x00001797 jmp          LBB0_347
	//0x0000179c LBB0_315
	0x48, 0xb8, 0x00, 0x00, 0x00, 0x00, 0x00, 0x00, 0x40, 0x00, //0x0000179c movabsq      $18014398509481984, %rax
	0x48, 0x39, 0xc2, //0x000017a6 cmpq         %rax, %rdx
	0xb1, 0x02, //0x000017a9 movb         $2, %cl
	0x80, 0xd9, 0x00, //0x000017ab sbbb         $0, %cl
	0x48, 0xd3, 0xea, //0x000017ae shrq         %cl, %rdx
	0x48, 0xc1, 0xe3, 0x34, //0x000017b1 shlq         $52, %rbx
	0x48, 0xb8, 0xff, 0xff, 0xff, 0xff, 0xff, 0xff, 0x0f, 0x00, //0x000017b5 movabsq      $4503599627370495, %rax
	0x48, 0x21, 0xc2, //0x000017bf andq         %rax, %rdx
	0x48, 0x09, 0xda, //0x000017c2 orq          %rbx, %rdx
	0x48, 0x89, 0xd0, //0x000017c5 movq         %rdx, %rax
	0x48, 0x09, 0xf8, //0x000017c8 orq          %rdi, %rax
	0x80, 0x7d, 0xa0, 0x2d, //0x000017cb cmpb         $45, $-96(%rbp)
	0x48, 0x0f, 0x45, 0xc2, //0x000017cf cmovneq      %rdx, %rax
	0xc4, 0xe1, 0xf9, 0x6e, 0xc0, //0x000017d3 vmovq        %rax, %xmm0
	0x83, 0x7d, 0xb0, 0x00, //0x000017d8 cmpl         $0, $-80(%rbp)
	0x0f, 0x84, 0x9e, 0x19, 0x00, 0x00, //0x000017dc je           LBB0_669
	0x41, 0xb8, 0x40, 0x00, 0x00, 0x00, //0x000017e2 movl         $64, %r8d
	0x49, 0xff, 0xc2, //0x000017e8 incq         %r10
	0x0f, 0x84, 0x08, 0x00, 0x00, 0x00, //0x000017eb je           LBB0_318
	0x4d, 0x0f, 0xbd, 0xc2, //0x000017f1 bsrq         %r10, %r8
	0x49, 0x83, 0xf0, 0x3f, //0x000017f5 xorq         $63, %r8
	//0x000017f9 LBB0_318
	0x44, 0x89, 0xc1, //0x000017f9 movl         %r8d, %ecx
	0x49, 0xd3, 0xe2, //0x000017fc shlq         %cl, %r10
	0x48, 0x8b, 0x45, 0x88, //0x000017ff movq         $-120(%rbp), %rax
	0x49, 0xf7, 0xe2, //0x00001803 mulq         %r10
	0x49, 0x89, 0xc4, //0x00001806 movq         %rax, %r12
	0x48, 0x89, 0xd3, //0x00001809 movq         %rdx, %rbx
	0x81, 0xe2, 0xff, 0x01, 0x00, 0x00, //0x0000180c andl         $511, %edx
	0x48, 0x81, 0xfa, 0xff, 0x01, 0x00, 0x00, //0x00001812 cmpq         $511, %rdx
	0x0f, 0x85, 0x4c, 0x00, 0x00, 0x00, //0x00001819 jne          LBB0_323
	0x4c, 0x89, 0xd1, //0x0000181f movq         %r10, %rcx
	0x48, 0xf7, 0xd1, //0x00001822 notq         %rcx
	0x49, 0x39, 0xcc, //0x00001825 cmpq         %rcx, %r12
	0x0f, 0x86, 0x3d, 0x00, 0x00, 0x00, //0x00001828 jbe          LBB0_323
	0x4c, 0x89, 0xd0, //0x0000182e movq         %r10, %rax
	0x48, 0x8d, 0x15, 0xf8, 0x28, 0x00, 0x00, //0x00001831 leaq         $10488(%rip), %rdx  /* _POW10_M128_TAB+0(%rip) */
	0x48, 0xf7, 0x24, 0x16, //0x00001838 mulq         (%rsi,%rdx)
	0x49, 0x01, 0xd4, //0x0000183c addq         %rdx, %r12
	0x48, 0x83, 0xd3, 0x00, //0x0000183f adcq         $0, %rbx
	0x89, 0xda, //0x00001843 movl         %ebx, %edx
	0x81, 0xe2, 0xff, 0x01, 0x00, 0x00, //0x00001845 andl         $511, %edx
	0x48, 0x81, 0xfa, 0xff, 0x01, 0x00, 0x00, //0x0000184b cmpq         $511, %rdx
	0x0f, 0x85, 0x13, 0x00, 0x00, 0x00, //0x00001852 jne          LBB0_323
	0x49, 0x83, 0xfc, 0xff, //0x00001858 cmpq         $-1, %r12
	0x0f, 0x85, 0x09, 0x00, 0x00, 0x00, //0x0000185c jne          LBB0_323
	0x48, 0x39, 0xc8, //0x00001862 cmpq         %rcx, %rax
	0x0f, 0x87, 0xe5, 0xfe, 0xff, 0xff, //0x00001865 ja           LBB0_310
	//0x0000186b LBB0_323
	0x48, 0x89, 0xd8, //0x0000186b movq         %rbx, %rax
	0x48, 0xc1, 0xe8, 0x3f, //0x0000186e shrq         $63, %rax
	0x8d, 0x48, 0x09, //0x00001872 leal         $9(%rax), %ecx
	0x48, 0xd3, 0xeb, //0x00001875 shrq         %cl, %rbx
	0x4d, 0x85, 0xe4, //0x00001878 testq        %r12, %r12
	0x0f, 0x85, 0x17, 0x00, 0x00, 0x00, //0x0000187b jne          LBB0_326
	0x48, 0x85, 0xd2, //0x00001881 testq        %rdx, %rdx
	0x0f, 0x85, 0x0e, 0x00, 0x00, 0x00, //0x00001884 jne          LBB0_326
	0x89, 0xd9, //0x0000188a movl         %ebx, %ecx
	0x83, 0xe1, 0x03, //0x0000188c andl         $3, %ecx
	0x83, 0xf9, 0x01, //0x0000188f cmpl         $1, %ecx
	0x0f, 0x84, 0xb8, 0xfe, 0xff, 0xff, //0x00001892 je           LBB0_310
	//0x00001898 LBB0_326
	0x4d, 0x29, 0xc7, //0x00001898 subq         %r8, %r15
	0x89, 0xda, //0x0000189b movl         %ebx, %edx
	0x83, 0xe2, 0x01, //0x0000189d andl         $1, %edx
	0x48, 0x01, 0xda, //0x000018a0 addq         %rbx, %rdx
	0x49, 0x01, 0xc7, //0x000018a3 addq         %rax, %r15
	0x48, 0xb8, 0x00, 0x00, 0x00, 0x00, 0x00, 0x00, 0x40, 0x00, //0x000018a6 movabsq      $18014398509481984, %rax
	0x48, 0x39, 0xc2, //0x000018b0 cmpq         %rax, %rdx
	0x49, 0x83, 0xdf, 0x00, //0x000018b3 sbbq         $0, %r15
	0x49, 0x8d, 0x47, 0xff, //0x000018b7 leaq         $-1(%r15), %rax
	0x48, 0x3d, 0xfd, 0x07, 0x00, 0x00, //0x000018bb cmpq         $2045, %rax
	0x0f, 0x87, 0x89, 0xfe, 0xff, 0xff, //0x000018c1 ja           LBB0_310
	0x48, 0xb8, 0x00, 0x00, 0x00, 0x00, 0x00, 0x00, 0x40, 0x00, //0x000018c7 movabsq      $18014398509481984, %rax
	0x48, 0x39, 0xc2, //0x000018d1 cmpq         %rax, %rdx
	0xb1, 0x02, //0x000018d4 movb         $2, %cl
	0x80, 0xd9, 0x00, //0x000018d6 sbbb         $0, %cl
	0x48, 0xd3, 0xea, //0x000018d9 shrq         %cl, %rdx
	0x49, 0xc1, 0xe7, 0x34, //0x000018dc shlq         $52, %r15
	0x48, 0xb8, 0xff, 0xff, 0xff, 0xff, 0xff, 0xff, 0x0f, 0x00, //0x000018e0 movabsq      $4503599627370495, %rax
	0x48, 0x21, 0xc2, //0x000018ea andq         %rax, %rdx
	0x4c, 0x09, 0xfa, //0x000018ed orq          %r15, %rdx
	0x48, 0x89, 0xd0, //0x000018f0 movq         %rdx, %rax
	0x48, 0x09, 0xf8, //0x000018f3 orq          %rdi, %rax
	0x80, 0x7d, 0xa0, 0x2d, //0x000018f6 cmpb         $45, $-96(%rbp)
	0x48, 0x0f, 0x45, 0xc2, //0x000018fa cmovneq      %rdx, %rax
	0xc4, 0xe1, 0xf9, 0x6e, 0xc8, //0x000018fe vmovq        %rax, %xmm1
	0xc5, 0xf9, 0x2e, 0xc1, //0x00001903 vucomisd     %xmm1, %xmm0
	0x0f, 0x85, 0x43, 0xfe, 0xff, 0xff, //0x00001907 jne          LBB0_310
	0x0f, 0x8b, 0x6d, 0x18, 0x00, 0x00, //0x0000190d jnp          LBB0_669
	0xe9, 0x38, 0xfe, 0xff, 0xff, //0x00001913 jmp          LBB0_310
	//0x00001918 LBB0_328
	0x0f, 0xbc, 0xca, //0x00001918 bsfl         %edx, %ecx
	0xe9, 0x9c, 0x00, 0x00, 0x00, //0x0000191b jmp          LBB0_339
	//0x00001920 LBB0_329
	0x48, 0x89, 0xf1, //0x00001920 movq         %rsi, %rcx
	//0x00001923 LBB0_330
	0x8d, 0x73, 0xd0, //0x00001923 leal         $-48(%rbx), %esi
	0x40, 0x80, 0xfe, 0x09, //0x00001926 cmpb         $9, %sil
	0x0f, 0x87, 0x5c, 0xeb, 0xff, 0xff, //0x0000192a ja           LBB0_40
	0x45, 0x31, 0xff, //0x00001930 xorl         %r15d, %r15d
	0x4c, 0x39, 0xe9, //0x00001933 cmpq         %r13, %rcx
	0x0f, 0x83, 0x6c, 0x02, 0x00, 0x00, //0x00001936 jae          LBB0_360
	0x49, 0x8d, 0x75, 0xff, //0x0000193c leaq         $-1(%r13), %rsi
	0x45, 0x31, 0xff, //0x00001940 xorl         %r15d, %r15d
	//0x00001943 LBB0_333
	0x44, 0x89, 0xff, //0x00001943 movl         %r15d, %edi
	0x0f, 0xb6, 0xdb, //0x00001946 movzbl       %bl, %ebx
	0x41, 0x81, 0xff, 0x10, 0x27, 0x00, 0x00, //0x00001949 cmpl         $10000, %r15d
	0x8d, 0x04, 0xbf, //0x00001950 leal         (%rdi,%rdi,4), %eax
	0x44, 0x8d, 0x7c, 0x43, 0xd0, //0x00001953 leal         $-48(%rbx,%rax,2), %r15d
	0x44, 0x0f, 0x4d, 0xff, //0x00001958 cmovgel      %edi, %r15d
	0x48, 0x39, 0xce, //0x0000195c cmpq         %rcx, %rsi
	0x0f, 0x84, 0x40, 0x02, 0x00, 0x00, //0x0000195f je           LBB0_359
	0x48, 0x8b, 0x45, 0xc8, //0x00001965 movq         $-56(%rbp), %rax
	0x0f, 0xb6, 0x5c, 0x08, 0x01, //0x00001969 movzbl       $1(%rax,%rcx), %ebx
	0x8d, 0x43, 0xd0, //0x0000196e leal         $-48(%rbx), %eax
	0x48, 0x83, 0xc1, 0x01, //0x00001971 addq         $1, %rcx
	0x3c, 0x0a, //0x00001975 cmpb         $10, %al
	0x0f, 0x82, 0xc6, 0xff, 0xff, 0xff, //0x00001977 jb           LBB0_333
	0xe9, 0x26, 0x02, 0x00, 0x00, //0x0000197d jmp          LBB0_360
	//0x00001982 LBB0_335
	0x4c, 0x89, 0xd2, //0x00001982 movq         %r10, %rdx
	0x48, 0x83, 0xe2, 0x80, //0x00001985 andq         $-128, %rdx
	0x48, 0x8d, 0x5a, 0x80, //0x00001989 leaq         $-128(%rdx), %rbx
	0x48, 0x89, 0xde, //0x0000198d movq         %rbx, %rsi
	0x48, 0xc1, 0xee, 0x07, //0x00001990 shrq         $7, %rsi
	0x48, 0x83, 0xc6, 0x01, //0x00001994 addq         $1, %rsi
	0x89, 0xf0, //0x00001998 movl         %esi, %eax
	0x83, 0xe0, 0x03, //0x0000199a andl         $3, %eax
	0x48, 0x81, 0xfb, 0x80, 0x01, 0x00, 0x00, //0x0000199d cmpq         $384, %rbx
	0x0f, 0x83, 0x33, 0x00, 0x00, 0x00, //0x000019a4 jae          LBB0_340
	0x31, 0xdb, //0x000019aa xorl         %ebx, %ebx
	0xe9, 0xde, 0x00, 0x00, 0x00, //0x000019ac jmp          LBB0_342
	//0x000019b1 LBB0_337
	0x89, 0xf1, //0x000019b1 movl         %esi, %ecx
	0xe9, 0x04, 0x00, 0x00, 0x00, //0x000019b3 jmp          LBB0_339
	//0x000019b8 LBB0_338
	0x41, 0x0f, 0xbc, 0xca, //0x000019b8 bsfl         %r10d, %ecx
	//0x000019bc LBB0_339
	0x48, 0x8b, 0x55, 0xc0, //0x000019bc movq         $-64(%rbp), %rdx
	0x48, 0x03, 0x55, 0xa8, //0x000019c0 addq         $-88(%rbp), %rdx
	0x4c, 0x29, 0xca, //0x000019c4 subq         %r9, %rdx
	0x48, 0x29, 0xca, //0x000019c7 subq         %rcx, %rdx
	0x48, 0xf7, 0xd0, //0x000019ca notq         %rax
	0x48, 0x01, 0xd0, //0x000019cd addq         %rdx, %rax
	0x4c, 0x8b, 0x75, 0xb8, //0x000019d0 movq         $-72(%rbp), %r14
	0x48, 0x8b, 0x7d, 0xc8, //0x000019d4 movq         $-56(%rbp), %rdi
	0xe9, 0x77, 0xf2, 0xff, 0xff, //0x000019d8 jmp          LBB0_154
	//0x000019dd LBB0_340
	0x48, 0x83, 0xe6, 0xfc, //0x000019dd andq         $-4, %rsi
	0x48, 0xf7, 0xde, //0x000019e1 negq         %rsi
	0x31, 0xdb, //0x000019e4 xorl         %ebx, %ebx
	0xc5, 0xf9, 0xef, 0xc0, //0x000019e6 vpxor        %xmm0, %xmm0, %xmm0
	//0x000019ea LBB0_341
	0xc4, 0xc1, 0x7e, 0x7f, 0x44, 0x19, 0x01, //0x000019ea vmovdqu      %ymm0, $1(%r9,%rbx)
	0xc4, 0xc1, 0x7e, 0x7f, 0x44, 0x19, 0x21, //0x000019f1 vmovdqu      %ymm0, $33(%r9,%rbx)
	0xc4, 0xc1, 0x7e, 0x7f, 0x44, 0x19, 0x41, //0x000019f8 vmovdqu      %ymm0, $65(%r9,%rbx)
	0xc4, 0xc1, 0x7e, 0x7f, 0x44, 0x19, 0x61, //0x000019ff vmovdqu      %ymm0, $97(%r9,%rbx)
	0xc4, 0xc1, 0x7e, 0x7f, 0x84, 0x19, 0x81, 0x00, 0x00, 0x00, //0x00001a06 vmovdqu      %ymm0, $129(%r9,%rbx)
	0xc4, 0xc1, 0x7e, 0x7f, 0x84, 0x19, 0xa1, 0x00, 0x00, 0x00, //0x00001a10 vmovdqu      %ymm0, $161(%r9,%rbx)
	0xc4, 0xc1, 0x7e, 0x7f, 0x84, 0x19, 0xc1, 0x00, 0x00, 0x00, //0x00001a1a vmovdqu      %ymm0, $193(%r9,%rbx)
	0xc4, 0xc1, 0x7e, 0x7f, 0x84, 0x19, 0xe1, 0x00, 0x00, 0x00, //0x00001a24 vmovdqu      %ymm0, $225(%r9,%rbx)
	0xc4, 0xc1, 0x7e, 0x7f, 0x84, 0x19, 0x01, 0x01, 0x00, 0x00, //0x00001a2e vmovdqu      %ymm0, $257(%r9,%rbx)
	0xc4, 0xc1, 0x7e, 0x7f, 0x84, 0x19, 0x21, 0x01, 0x00, 0x00, //0x00001a38 vmovdqu      %ymm0, $289(%r9,%rbx)
	0xc4, 0xc1, 0x7e, 0x7f, 0x84, 0x19, 0x41, 0x01, 0x00, 0x00, //0x00001a42 vmovdqu      %ymm0, $321(%r9,%rbx)
	0xc4, 0xc1, 0x7e, 0x7f, 0x84, 0x19, 0x61, 0x01, 0x00, 0x00, //0x00001a4c vmovdqu      %ymm0, $353(%r9,%rbx)
	0xc4, 0xc1, 0x7e, 0x7f, 0x84, 0x19, 0x81, 0x01, 0x00, 0x00, //0x00001a56 vmovdqu      %ymm0, $385(%r9,%rbx)
	0xc4, 0xc1, 0x7e, 0x7f, 0x84, 0x19, 0xa1, 0x01, 0x00, 0x00, //0x00001a60 vmovdqu      %ymm0, $417(%r9,%rbx)
	0xc4, 0xc1, 0x7e, 0x7f, 0x84, 0x19, 0xc1, 0x01, 0x00, 0x00, //0x00001a6a vmovdqu      %ymm0, $449(%r9,%rbx)
	0xc4, 0xc1, 0x7e, 0x7f, 0x84, 0x19, 0xe1, 0x01, 0x00, 0x00, //0x00001a74 vmovdqu      %ymm0, $481(%r9,%rbx)
	0x48, 0x81, 0xc3, 0x00, 0x02, 0x00, 0x00, //0x00001a7e addq         $512, %rbx
	0x48, 0x83, 0xc6, 0x04, //0x00001a85 addq         $4, %rsi
	0x0f, 0x85, 0x5b, 0xff, 0xff, 0xff, //0x00001a89 jne          LBB0_341
	//0x00001a8f LBB0_342
	0x48, 0x85, 0xc0, //0x00001a8f testq        %rax, %rax
	0x0f, 0x84, 0x36, 0x00, 0x00, 0x00, //0x00001a92 je           LBB0_345
	0x48, 0xf7, 0xd8, //0x00001a98 negq         %rax
	0xc5, 0xf9, 0xef, 0xc0, //0x00001a9b vpxor        %xmm0, %xmm0, %xmm0
	//0x00001a9f LBB0_344
	0x48, 0x89, 0xde, //0x00001a9f movq         %rbx, %rsi
	0x48, 0x83, 0xce, 0x01, //0x00001aa2 orq          $1, %rsi
	0xc4, 0xc1, 0x7e, 0x7f, 0x04, 0x31, //0x00001aa6 vmovdqu      %ymm0, (%r9,%rsi)
	0xc4, 0xc1, 0x7e, 0x7f, 0x44, 0x31, 0x20, //0x00001aac vmovdqu      %ymm0, $32(%r9,%rsi)
	0xc4, 0xc1, 0x7e, 0x7f, 0x44, 0x31, 0x40, //0x00001ab3 vmovdqu      %ymm0, $64(%r9,%rsi)
	0xc4, 0xc1, 0x7e, 0x7f, 0x44, 0x31, 0x60, //0x00001aba vmovdqu      %ymm0, $96(%r9,%rsi)
	0x48, 0x83, 0xeb, 0x80, //0x00001ac1 subq         $-128, %rbx
	0x48, 0xff, 0xc0, //0x00001ac5 incq         %rax
	0x0f, 0x85, 0xd1, 0xff, 0xff, 0xff, //0x00001ac8 jne          LBB0_344
	//0x00001ace LBB0_345
	0x49, 0x39, 0xd2, //0x00001ace cmpq         %rdx, %r10
	0x0f, 0x84, 0x01, 0x01, 0x00, 0x00, //0x00001ad1 je           LBB0_363
	0x41, 0xf6, 0xc2, 0x70, //0x00001ad7 testb        $112, %r10b
	0x0f, 0x84, 0xde, 0x00, 0x00, 0x00, //0x00001adb je           LBB0_361
	//0x00001ae1 LBB0_347
	0x4c, 0x89, 0xd6, //0x00001ae1 movq         %r10, %rsi
	0x48, 0x83, 0xe6, 0xf0, //0x00001ae4 andq         $-16, %rsi
	0x48, 0x8d, 0x46, 0x01, //0x00001ae8 leaq         $1(%rsi), %rax
	0xc5, 0xf9, 0xef, 0xc0, //0x00001aec vpxor        %xmm0, %xmm0, %xmm0
	//0x00001af0 LBB0_348
	0xc4, 0xc1, 0x7a, 0x7f, 0x44, 0x11, 0x01, //0x00001af0 vmovdqu      %xmm0, $1(%r9,%rdx)
	0x48, 0x83, 0xc2, 0x10, //0x00001af7 addq         $16, %rdx
	0x48, 0x39, 0xd6, //0x00001afb cmpq         %rdx, %rsi
	0x0f, 0x85, 0xec, 0xff, 0xff, 0xff, //0x00001afe jne          LBB0_348
	0x49, 0x39, 0xf2, //0x00001b04 cmpq         %rsi, %r10
	0x0f, 0x85, 0xb9, 0x00, 0x00, 0x00, //0x00001b07 jne          LBB0_362
	0xe9, 0xc6, 0x00, 0x00, 0x00, //0x00001b0d jmp          LBB0_363
	//0x00001b12 LBB0_350
	0x49, 0x89, 0xd8, //0x00001b12 movq         %rbx, %r8
	0xe9, 0xc3, 0xfb, 0xff, 0xff, //0x00001b15 jmp          LBB0_306
	//0x00001b1a LBB0_351
	0x89, 0xf1, //0x00001b1a movl         %esi, %ecx
	0x48, 0x8b, 0x55, 0xc0, //0x00001b1c movq         $-64(%rbp), %rdx
	0x48, 0x03, 0x55, 0xa8, //0x00001b20 addq         $-88(%rbp), %rdx
	0x4c, 0x29, 0xca, //0x00001b24 subq         %r9, %rdx
	0x48, 0x29, 0xca, //0x00001b27 subq         %rcx, %rdx
	0x48, 0xf7, 0xd0, //0x00001b2a notq         %rax
	0x48, 0x01, 0xd0, //0x00001b2d addq         %rdx, %rax
	0x48, 0x8b, 0x7d, 0xc8, //0x00001b30 movq         $-56(%rbp), %rdi
	0xe9, 0x1b, 0xf1, 0xff, 0xff, //0x00001b34 jmp          LBB0_154
	//0x00001b39 LBB0_352
	0x49, 0x01, 0xfb, //0x00001b39 addq         %rdi, %r11
	0x48, 0x85, 0xc0, //0x00001b3c testq        %rax, %rax
	0x0f, 0x85, 0x43, 0xe8, 0xff, 0xff, //0x00001b3f jne          LBB0_23
	0xe9, 0x76, 0xe8, 0xff, 0xff, //0x00001b45 jmp          LBB0_28
	//0x00001b4a LBB0_353
	0x49, 0x01, 0xfb, //0x00001b4a addq         %rdi, %r11
	0x49, 0x83, 0xfe, 0x20, //0x00001b4d cmpq         $32, %r14
	0x0f, 0x82, 0xa0, 0x16, 0x00, 0x00, //0x00001b51 jb           LBB0_676
	//0x00001b57 LBB0_354
	0xc4, 0xc1, 0x7e, 0x6f, 0x03, //0x00001b57 vmovdqu      (%r11), %ymm0
	0xc5, 0xfd, 0x74, 0x0d, 0xbc, 0xe4, 0xff, 0xff, //0x00001b5c vpcmpeqb     $-6980(%rip), %ymm0, %ymm1  /* LCPI0_1+0(%rip) */
	0xc5, 0xfd, 0xd7, 0xc1, //0x00001b64 vpmovmskb    %ymm1, %eax
	0xc5, 0xfd, 0x74, 0x05, 0xd0, 0xe4, 0xff, 0xff, //0x00001b68 vpcmpeqb     $-6960(%rip), %ymm0, %ymm0  /* LCPI0_2+0(%rip) */
	0xc5, 0xfd, 0xd7, 0xc8, //0x00001b70 vpmovmskb    %ymm0, %ecx
	0x85, 0xc9, //0x00001b74 testl        %ecx, %ecx
	0x0f, 0x85, 0xf2, 0x16, 0x00, 0x00, //0x00001b76 jne          LBB0_688
	0x4d, 0x85, 0xc9, //0x00001b7c testq        %r9, %r9
	0x0f, 0x85, 0x09, 0x17, 0x00, 0x00, //0x00001b7f jne          LBB0_690
	0x45, 0x31, 0xc9, //0x00001b85 xorl         %r9d, %r9d
	0x48, 0x85, 0xc0, //0x00001b88 testq        %rax, %rax
	0x0f, 0x84, 0x3f, 0x17, 0x00, 0x00, //0x00001b8b je           LBB0_692
	//0x00001b91 LBB0_357
	0x48, 0x0f, 0xbc, 0xc0, //0x00001b91 bsfq         %rax, %rax
	0x49, 0x29, 0xfb, //0x00001b95 subq         %rdi, %r11
	0x4d, 0x8d, 0x34, 0x03, //0x00001b98 leaq         (%r11,%rax), %r14
	0x49, 0x83, 0xc6, 0x01, //0x00001b9c addq         $1, %r14
	0xe9, 0x41, 0xf6, 0xff, 0xff, //0x00001ba0 jmp          LBB0_222
	//0x00001ba5 LBB0_359
	0x4c, 0x89, 0xe9, //0x00001ba5 movq         %r13, %rcx
	//0x00001ba8 LBB0_360
	0x44, 0x88, 0x45, 0xa0, //0x00001ba8 movb         %r8b, $-96(%rbp)
	0x45, 0x0f, 0xaf, 0xfe, //0x00001bac imull        %r14d, %r15d
	0x41, 0x01, 0xd7, //0x00001bb0 addl         %edx, %r15d
	0x49, 0x89, 0xce, //0x00001bb3 movq         %rcx, %r14
	0x4c, 0x8b, 0x6d, 0xa8, //0x00001bb6 movq         $-88(%rbp), %r13
	0xe9, 0xc5, 0xf8, 0xff, 0xff, //0x00001bba jmp          LBB0_270
	//0x00001bbf LBB0_361
	0x48, 0x83, 0xca, 0x01, //0x00001bbf orq          $1, %rdx
	0x48, 0x89, 0xd0, //0x00001bc3 movq         %rdx, %rax
	//0x00001bc6 LBB0_362
	0x41, 0xc6, 0x04, 0x01, 0x00, //0x00001bc6 movb         $0, (%r9,%rax)
	0x48, 0x83, 0xc0, 0x01, //0x00001bcb addq         $1, %rax
	0x49, 0x39, 0xc5, //0x00001bcf cmpq         %rax, %r13
	0x0f, 0x85, 0xee, 0xff, 0xff, 0xff, //0x00001bd2 jne          LBB0_362
	//0x00001bd8 LBB0_363
	0x8a, 0x11, //0x00001bd8 movb         (%rcx), %dl
	0x31, 0xc9, //0x00001bda xorl         %ecx, %ecx
	0x80, 0xfa, 0x2d, //0x00001bdc cmpb         $45, %dl
	0x0f, 0x94, 0xc1, //0x00001bdf sete         %cl
	0x48, 0x39, 0x4d, 0xb0, //0x00001be2 cmpq         %rcx, $-80(%rbp)
	0x0f, 0x8e, 0xc3, 0x00, 0x00, 0x00, //0x00001be6 jle          LBB0_376
	0x88, 0x55, 0xd7, //0x00001bec movb         %dl, $-41(%rbp)
	0x4c, 0x89, 0x75, 0xb8, //0x00001bef movq         %r14, $-72(%rbp)
	0x4d, 0x89, 0xf0, //0x00001bf3 movq         %r14, %r8
	0x4d, 0x29, 0xd8, //0x00001bf6 subq         %r11, %r8
	0xb2, 0x01, //0x00001bf9 movb         $1, %dl
	0x45, 0x31, 0xff, //0x00001bfb xorl         %r15d, %r15d
	0x45, 0x31, 0xe4, //0x00001bfe xorl         %r12d, %r12d
	0x45, 0x31, 0xf6, //0x00001c01 xorl         %r14d, %r14d
	0x31, 0xdb, //0x00001c04 xorl         %ebx, %ebx
	0x31, 0xff, //0x00001c06 xorl         %edi, %edi
	0xe9, 0x24, 0x00, 0x00, 0x00, //0x00001c08 jmp          LBB0_367
	//0x00001c0d LBB0_365
	0xbb, 0x01, 0x00, 0x00, 0x00, //0x00001c0d movl         $1, %ebx
	0x44, 0x89, 0xf7, //0x00001c12 movl         %r14d, %edi
	0x3c, 0x2e, //0x00001c15 cmpb         $46, %al
	0x0f, 0x85, 0xae, 0x00, 0x00, 0x00, //0x00001c17 jne          LBB0_378
	//0x00001c1d LBB0_366
	0x48, 0x83, 0xc1, 0x01, //0x00001c1d addq         $1, %rcx
	0x48, 0x3b, 0x4d, 0xb0, //0x00001c21 cmpq         $-80(%rbp), %rcx
	0x0f, 0x9c, 0xc2, //0x00001c25 setl         %dl
	0x49, 0x39, 0xc8, //0x00001c28 cmpq         %rcx, %r8
	0x0f, 0x84, 0x91, 0x00, 0x00, 0x00, //0x00001c2b je           LBB0_377
	//0x00001c31 LBB0_367
	0x89, 0xde, //0x00001c31 movl         %ebx, %esi
	0x41, 0x89, 0xfa, //0x00001c33 movl         %edi, %r10d
	0x48, 0x8b, 0x45, 0xc0, //0x00001c36 movq         $-64(%rbp), %rax
	0x0f, 0xb6, 0x04, 0x08, //0x00001c3a movzbl       (%rax,%rcx), %eax
	0x8d, 0x78, 0xd0, //0x00001c3e leal         $-48(%rax), %edi
	0x40, 0x80, 0xff, 0x09, //0x00001c41 cmpb         $9, %dil
	0x0f, 0x87, 0xc2, 0xff, 0xff, 0xff, //0x00001c45 ja           LBB0_365
	0x3c, 0x30, //0x00001c4b cmpb         $48, %al
	0x0f, 0x85, 0x1a, 0x00, 0x00, 0x00, //0x00001c4d jne          LBB0_371
	0x45, 0x85, 0xf6, //0x00001c53 testl        %r14d, %r14d
	0x0f, 0x84, 0x42, 0x00, 0x00, 0x00, //0x00001c56 je           LBB0_375
	0x49, 0x63, 0xd7, //0x00001c5c movslq       %r15d, %rdx
	0x49, 0x39, 0xd5, //0x00001c5f cmpq         %rdx, %r13
	0x0f, 0x87, 0x11, 0x00, 0x00, 0x00, //0x00001c62 ja           LBB0_372
	0xe9, 0x14, 0x00, 0x00, 0x00, //0x00001c68 jmp          LBB0_373
	//0x00001c6d LBB0_371
	0x49, 0x63, 0xd6, //0x00001c6d movslq       %r14d, %rdx
	0x49, 0x39, 0xd5, //0x00001c70 cmpq         %rdx, %r13
	0x0f, 0x86, 0x15, 0x00, 0x00, 0x00, //0x00001c73 jbe          LBB0_374
	//0x00001c79 LBB0_372
	0x41, 0x88, 0x04, 0x11, //0x00001c79 movb         %al, (%r9,%rdx)
	0x41, 0x83, 0xc7, 0x01, //0x00001c7d addl         $1, %r15d
	//0x00001c81 LBB0_373
	0x44, 0x89, 0xd7, //0x00001c81 movl         %r10d, %edi
	0x45, 0x89, 0xfe, //0x00001c84 movl         %r15d, %r14d
	0x89, 0xf3, //0x00001c87 movl         %esi, %ebx
	0xe9, 0x8f, 0xff, 0xff, 0xff, //0x00001c89 jmp          LBB0_366
	//0x00001c8e LBB0_374
	0x44, 0x89, 0xd7, //0x00001c8e movl         %r10d, %edi
	0x41, 0xbc, 0x01, 0x00, 0x00, 0x00, //0x00001c91 movl         $1, %r12d
	0x89, 0xf3, //0x00001c97 movl         %esi, %ebx
	0xe9, 0x7f, 0xff, 0xff, 0xff, //0x00001c99 jmp          LBB0_366
	//0x00001c9e LBB0_375
	0x41, 0x83, 0xc2, 0xff, //0x00001c9e addl         $-1, %r10d
	0x45, 0x31, 0xf6, //0x00001ca2 xorl         %r14d, %r14d
	0x44, 0x89, 0xd7, //0x00001ca5 movl         %r10d, %edi
	0x89, 0xf3, //0x00001ca8 movl         %esi, %ebx
	0xe9, 0x6e, 0xff, 0xff, 0xff, //0x00001caa jmp          LBB0_366
	//0x00001caf LBB0_376
	0x31, 0xc9, //0x00001caf xorl         %ecx, %ecx
	0x48, 0xb8, 0xff, 0xff, 0xff, 0xff, 0xff, 0xff, 0x0f, 0x00, //0x00001cb1 movabsq      $4503599627370495, %rax
	0x31, 0xdb, //0x00001cbb xorl         %ebx, %ebx
	0xe9, 0xa6, 0x14, 0x00, 0x00, //0x00001cbd jmp          LBB0_668
	//0x00001cc2 LBB0_377
	0x41, 0x89, 0xfa, //0x00001cc2 movl         %edi, %r10d
	0x48, 0x8b, 0x4d, 0xb0, //0x00001cc5 movq         $-80(%rbp), %rcx
	0x89, 0xde, //0x00001cc9 movl         %ebx, %esi
	//0x00001ccb LBB0_378
	0x85, 0xf6, //0x00001ccb testl        %esi, %esi
	0x45, 0x0f, 0x44, 0xd7, //0x00001ccd cmovel       %r15d, %r10d
	0x4c, 0x89, 0xd6, //0x00001cd1 movq         %r10, %rsi
	0xf6, 0xc2, 0x01, //0x00001cd4 testb        $1, %dl
	0x4c, 0x8b, 0x75, 0xb8, //0x00001cd7 movq         $-72(%rbp), %r14
	0x48, 0xbf, 0x00, 0x00, 0x00, 0x00, 0x00, 0x00, 0x00, 0x80, //0x00001cdb movabsq      $-9223372036854775808, %rdi
	0x49, 0xb8, 0x00, 0x00, 0x00, 0x00, 0x00, 0x00, 0xf0, 0x7f, //0x00001ce5 movabsq      $9218868437227405312, %r8
	0x0f, 0x84, 0xa3, 0x00, 0x00, 0x00, //0x00001cef je           LBB0_393
	0x89, 0xc8, //0x00001cf5 movl         %ecx, %eax
	0x48, 0x8b, 0x5d, 0xc0, //0x00001cf7 movq         $-64(%rbp), %rbx
	0x8a, 0x04, 0x03, //0x00001cfb movb         (%rbx,%rax), %al
	0x0c, 0x20, //0x00001cfe orb          $32, %al
	0x3c, 0x65, //0x00001d00 cmpb         $101, %al
	0x0f, 0x85, 0x90, 0x00, 0x00, 0x00, //0x00001d02 jne          LBB0_393
	0x89, 0xca, //0x00001d08 movl         %ecx, %edx
	0x8a, 0x5c, 0x13, 0x01, //0x00001d0a movb         $1(%rbx,%rdx), %bl
	0x80, 0xfb, 0x2d, //0x00001d0e cmpb         $45, %bl
	0x0f, 0x84, 0x16, 0x00, 0x00, 0x00, //0x00001d11 je           LBB0_383
	0xb8, 0x01, 0x00, 0x00, 0x00, //0x00001d17 movl         $1, %eax
	0x80, 0xfb, 0x2b, //0x00001d1c cmpb         $43, %bl
	0x0f, 0x85, 0x17, 0x00, 0x00, 0x00, //0x00001d1f jne          LBB0_385
	0x83, 0xc1, 0x02, //0x00001d25 addl         $2, %ecx
	0xe9, 0x08, 0x00, 0x00, 0x00, //0x00001d28 jmp          LBB0_384
	//0x00001d2d LBB0_383
	0x83, 0xc1, 0x02, //0x00001d2d addl         $2, %ecx
	0xb8, 0xff, 0xff, 0xff, 0xff, //0x00001d30 movl         $-1, %eax
	//0x00001d35 LBB0_384
	0x89, 0xca, //0x00001d35 movl         %ecx, %edx
	0xe9, 0x04, 0x00, 0x00, 0x00, //0x00001d37 jmp          LBB0_386
	//0x00001d3c LBB0_385
	0x48, 0x83, 0xc2, 0x01, //0x00001d3c addq         $1, %rdx
	//0x00001d40 LBB0_386
	0x48, 0x63, 0xd2, //0x00001d40 movslq       %edx, %rdx
	0x31, 0xc9, //0x00001d43 xorl         %ecx, %ecx
	0x48, 0x39, 0x55, 0xb0, //0x00001d45 cmpq         %rdx, $-80(%rbp)
	0x0f, 0x8e, 0x42, 0x00, 0x00, 0x00, //0x00001d49 jle          LBB0_392
	0x49, 0x01, 0xd3, //0x00001d4f addq         %rdx, %r11
	0x31, 0xc9, //0x00001d52 xorl         %ecx, %ecx
	//0x00001d54 LBB0_388
	0x48, 0x8b, 0x55, 0xc8, //0x00001d54 movq         $-56(%rbp), %rdx
	0x42, 0x0f, 0xbe, 0x14, 0x1a, //0x00001d58 movsbl       (%rdx,%r11), %edx
	0x83, 0xfa, 0x30, //0x00001d5d cmpl         $48, %edx
	0x0f, 0x8c, 0x2b, 0x00, 0x00, 0x00, //0x00001d60 jl           LBB0_392
	0x80, 0xfa, 0x39, //0x00001d66 cmpb         $57, %dl
	0x0f, 0x8f, 0x22, 0x00, 0x00, 0x00, //0x00001d69 jg           LBB0_392
	0x81, 0xf9, 0x0f, 0x27, 0x00, 0x00, //0x00001d6f cmpl         $9999, %ecx
	0x0f, 0x8f, 0x16, 0x00, 0x00, 0x00, //0x00001d75 jg           LBB0_392
	0x8d, 0x0c, 0x89, //0x00001d7b leal         (%rcx,%rcx,4), %ecx
	0x8d, 0x0c, 0x4a, //0x00001d7e leal         (%rdx,%rcx,2), %ecx
	0x83, 0xc1, 0xd0, //0x00001d81 addl         $-48, %ecx
	0x49, 0x83, 0xc3, 0x01, //0x00001d84 addq         $1, %r11
	0x4d, 0x39, 0xde, //0x00001d88 cmpq         %r11, %r14
	0x0f, 0x85, 0xc3, 0xff, 0xff, 0xff, //0x00001d8b jne          LBB0_388
	//0x00001d91 LBB0_392
	0x0f, 0xaf, 0xc8, //0x00001d91 imull        %eax, %ecx
	0x01, 0xf1, //0x00001d94 addl         %esi, %ecx
	0x89, 0xce, //0x00001d96 movl         %ecx, %esi
	//0x00001d98 LBB0_393
	0x45, 0x85, 0xff, //0x00001d98 testl        %r15d, %r15d
	0x48, 0xb8, 0xff, 0xff, 0xff, 0xff, 0xff, 0xff, 0x0f, 0x00, //0x00001d9b movabsq      $4503599627370495, %rax
	0x0f, 0x84, 0x1c, 0x00, 0x00, 0x00, //0x00001da5 je           LBB0_396
	0x48, 0x89, 0xf1, //0x00001dab movq         %rsi, %rcx
	0x81, 0xf9, 0x36, 0x01, 0x00, 0x00, //0x00001dae cmpl         $310, %ecx
	0x0f, 0x8e, 0x19, 0x00, 0x00, 0x00, //0x00001db4 jle          LBB0_397
	0x31, 0xc9, //0x00001dba xorl         %ecx, %ecx
	0x4c, 0x89, 0xc3, //0x00001dbc movq         %r8, %rbx
	0x8a, 0x55, 0xd7, //0x00001dbf movb         $-41(%rbp), %dl
	0xe9, 0xa1, 0x13, 0x00, 0x00, //0x00001dc2 jmp          LBB0_668
	//0x00001dc7 LBB0_396
	0x31, 0xdb, //0x00001dc7 xorl         %ebx, %ebx
	0x31, 0xc9, //0x00001dc9 xorl         %ecx, %ecx
	0x8a, 0x55, 0xd7, //0x00001dcb movb         $-41(%rbp), %dl
	0xe9, 0x95, 0x13, 0x00, 0x00, //0x00001dce jmp          LBB0_668
	//0x00001dd3 LBB0_397
	0x81, 0xf9, 0xb6, 0xfe, 0xff, 0xff, //0x00001dd3 cmpl         $-330, %ecx
	0x0f, 0x8d, 0x0c, 0x00, 0x00, 0x00, //0x00001dd9 jge          LBB0_399
	0x31, 0xdb, //0x00001ddf xorl         %ebx, %ebx
	0x8a, 0x55, 0xd7, //0x00001de1 movb         $-41(%rbp), %dl
	0x31, 0xc9, //0x00001de4 xorl         %ecx, %ecx
	0xe9, 0x7d, 0x13, 0x00, 0x00, //0x00001de6 jmp          LBB0_668
	//0x00001deb LBB0_399
	0x85, 0xc9, //0x00001deb testl        %ecx, %ecx
	0x0f, 0x8e, 0x0f, 0x02, 0x00, 0x00, //0x00001ded jle          LBB0_433
	0x45, 0x31, 0xf6, //0x00001df3 xorl         %r14d, %r14d
	0x41, 0xb8, 0x01, 0x00, 0x00, 0x00, //0x00001df6 movl         $1, %r8d
	0x4c, 0x8d, 0x15, 0xbd, 0x4e, 0x00, 0x00, //0x00001dfc leaq         $20157(%rip), %r10  /* _POW_TAB+0(%rip) */
	0x44, 0x89, 0xff, //0x00001e03 movl         %r15d, %edi
	0x44, 0x89, 0xfa, //0x00001e06 movl         %r15d, %edx
	0xe9, 0x14, 0x00, 0x00, 0x00, //0x00001e09 jmp          LBB0_403
	//0x00001e0e LBB0_401
	0x31, 0xd2, //0x00001e0e xorl         %edx, %edx
	//0x00001e10 LBB0_402
	0x44, 0x01, 0xf1, //0x00001e10 addl         %r14d, %ecx
	0x41, 0x89, 0xce, //0x00001e13 movl         %ecx, %r14d
	0x48, 0x8b, 0x75, 0xc8, //0x00001e16 movq         $-56(%rbp), %rsi
	0x85, 0xf6, //0x00001e1a testl        %esi, %esi
	0x0f, 0x8e, 0xe5, 0x01, 0x00, 0x00, //0x00001e1c jle          LBB0_434
	//0x00001e22 LBB0_403
	0x83, 0xfe, 0x08, //0x00001e22 cmpl         $8, %esi
	0x48, 0x89, 0x75, 0xc8, //0x00001e25 movq         %rsi, $-56(%rbp)
	0x0f, 0x8e, 0x0a, 0x00, 0x00, 0x00, //0x00001e29 jle          LBB0_405
	0xb9, 0x1b, 0x00, 0x00, 0x00, //0x00001e2f movl         $27, %ecx
	0xe9, 0x06, 0x00, 0x00, 0x00, //0x00001e34 jmp          LBB0_406
	//0x00001e39 LBB0_405
	0x89, 0xf0, //0x00001e39 movl         %esi, %eax
	0x41, 0x8b, 0x0c, 0x82, //0x00001e3b movl         (%r10,%rax,4), %ecx
	//0x00001e3f LBB0_406
	0x85, 0xd2, //0x00001e3f testl        %edx, %edx
	0x0f, 0x84, 0xc7, 0xff, 0xff, 0xff, //0x00001e41 je           LBB0_401
	0x48, 0x89, 0x4d, 0xc0, //0x00001e47 movq         %rcx, $-64(%rbp)
	0x89, 0xc9, //0x00001e4b movl         %ecx, %ecx
	0x85, 0xd2, //0x00001e4d testl        %edx, %edx
	0xb8, 0x00, 0x00, 0x00, 0x00, //0x00001e4f movl         $0, %eax
	0x0f, 0x4f, 0xc2, //0x00001e54 cmovgl       %edx, %eax
	0x31, 0xf6, //0x00001e57 xorl         %esi, %esi
	0x31, 0xdb, //0x00001e59 xorl         %ebx, %ebx
	//0x00001e5b LBB0_408
	0x48, 0x39, 0xf0, //0x00001e5b cmpq         %rsi, %rax
	0x0f, 0x84, 0x9e, 0x00, 0x00, 0x00, //0x00001e5e je           LBB0_416
	0x48, 0x8d, 0x3c, 0x9b, //0x00001e64 leaq         (%rbx,%rbx,4), %rdi
	0x49, 0x0f, 0xbe, 0x1c, 0x31, //0x00001e68 movsbq       (%r9,%rsi), %rbx
	0x48, 0x8d, 0x1c, 0x7b, //0x00001e6d leaq         (%rbx,%rdi,2), %rbx
	0x48, 0x83, 0xc3, 0xd0, //0x00001e71 addq         $-48, %rbx
	0x48, 0x83, 0xc6, 0x01, //0x00001e75 addq         $1, %rsi
	0x48, 0x89, 0xdf, //0x00001e79 movq         %rbx, %rdi
	0x48, 0xd3, 0xef, //0x00001e7c shrq         %cl, %rdi
	0x48, 0x85, 0xff, //0x00001e7f testq        %rdi, %rdi
	0x0f, 0x84, 0xd3, 0xff, 0xff, 0xff, //0x00001e82 je           LBB0_408
	0x89, 0xf0, //0x00001e88 movl         %esi, %eax
	//0x00001e8a LBB0_411
	0x48, 0xc7, 0xc6, 0xff, 0xff, 0xff, 0xff, //0x00001e8a movq         $-1, %rsi
	0x48, 0xd3, 0xe6, //0x00001e91 shlq         %cl, %rsi
	0x48, 0xf7, 0xd6, //0x00001e94 notq         %rsi
	0x31, 0xff, //0x00001e97 xorl         %edi, %edi
	0x39, 0xd0, //0x00001e99 cmpl         %edx, %eax
	0x0f, 0x8d, 0x4f, 0x00, 0x00, 0x00, //0x00001e9b jge          LBB0_415
	0x4c, 0x63, 0xd8, //0x00001ea1 movslq       %eax, %r11
	0x4d, 0x63, 0xc7, //0x00001ea4 movslq       %r15d, %r8
	0x4f, 0x8d, 0x3c, 0x19, //0x00001ea7 leaq         (%r9,%r11), %r15
	0x31, 0xff, //0x00001eab xorl         %edi, %edi
	//0x00001ead LBB0_413
	0x48, 0x89, 0xda, //0x00001ead movq         %rbx, %rdx
	0x48, 0xd3, 0xea, //0x00001eb0 shrq         %cl, %rdx
	0x48, 0x21, 0xf3, //0x00001eb3 andq         %rsi, %rbx
	0x80, 0xc2, 0x30, //0x00001eb6 addb         $48, %dl
	0x41, 0x88, 0x14, 0x39, //0x00001eb9 movb         %dl, (%r9,%rdi)
	0x49, 0x0f, 0xbe, 0x14, 0x3f, //0x00001ebd movsbq       (%r15,%rdi), %rdx
	0x4d, 0x8d, 0x14, 0x3b, //0x00001ec2 leaq         (%r11,%rdi), %r10
	0x49, 0x83, 0xc2, 0x01, //0x00001ec6 addq         $1, %r10
	0x48, 0x83, 0xc7, 0x01, //0x00001eca addq         $1, %rdi
	0x48, 0x8d, 0x1c, 0x9b, //0x00001ece leaq         (%rbx,%rbx,4), %rbx
	0x48, 0x8d, 0x1c, 0x5a, //0x00001ed2 leaq         (%rdx,%rbx,2), %rbx
	0x48, 0x83, 0xc3, 0xd0, //0x00001ed6 addq         $-48, %rbx
	0x4d, 0x39, 0xc2, //0x00001eda cmpq         %r8, %r10
	0x0f, 0x8c, 0xca, 0xff, 0xff, 0xff, //0x00001edd jl           LBB0_413
	0x41, 0xb8, 0x01, 0x00, 0x00, 0x00, //0x00001ee3 movl         $1, %r8d
	0x4c, 0x8d, 0x15, 0xd0, 0x4d, 0x00, 0x00, //0x00001ee9 leaq         $19920(%rip), %r10  /* _POW_TAB+0(%rip) */
	//0x00001ef0 LBB0_415
	0x48, 0x8b, 0x55, 0xc8, //0x00001ef0 movq         $-56(%rbp), %rdx
	0x29, 0xc2, //0x00001ef4 subl         %eax, %edx
	0x83, 0xc2, 0x01, //0x00001ef6 addl         $1, %edx
	0x48, 0x89, 0x55, 0xc8, //0x00001ef9 movq         %rdx, $-56(%rbp)
	0xe9, 0x67, 0x00, 0x00, 0x00, //0x00001efd jmp          LBB0_421
	//0x00001f02 LBB0_416
	0x48, 0x85, 0xdb, //0x00001f02 testq        %rbx, %rbx
	0x0f, 0x84, 0x4e, 0x00, 0x00, 0x00, //0x00001f05 je           LBB0_420
	0x48, 0x89, 0xde, //0x00001f0b movq         %rbx, %rsi
	0x48, 0xd3, 0xee, //0x00001f0e shrq         %cl, %rsi
	0x48, 0x85, 0xf6, //0x00001f11 testq        %rsi, %rsi
	0x0f, 0x84, 0x21, 0x00, 0x00, 0x00, //0x00001f14 je           LBB0_419
	0x48, 0xc7, 0xc6, 0xff, 0xff, 0xff, 0xff, //0x00001f1a movq         $-1, %rsi
	0x48, 0xd3, 0xe6, //0x00001f21 shlq         %cl, %rsi
	0x48, 0xf7, 0xd6, //0x00001f24 notq         %rsi
	0x48, 0x8b, 0x55, 0xc8, //0x00001f27 movq         $-56(%rbp), %rdx
	0x29, 0xc2, //0x00001f2b subl         %eax, %edx
	0x83, 0xc2, 0x01, //0x00001f2d addl         $1, %edx
	0x48, 0x89, 0x55, 0xc8, //0x00001f30 movq         %rdx, $-56(%rbp)
	0x31, 0xff, //0x00001f34 xorl         %edi, %edi
	0xe9, 0x37, 0x00, 0x00, 0x00, //0x00001f36 jmp          LBB0_422
	//0x00001f3b LBB0_419
	0x48, 0x01, 0xdb, //0x00001f3b addq         %rbx, %rbx
	0x48, 0x8d, 0x1c, 0x9b, //0x00001f3e leaq         (%rbx,%rbx,4), %rbx
	0x83, 0xc0, 0x01, //0x00001f42 addl         $1, %eax
	0x48, 0x89, 0xde, //0x00001f45 movq         %rbx, %rsi
	0x48, 0xd3, 0xee, //0x00001f48 shrq         %cl, %rsi
	0x48, 0x85, 0xf6, //0x00001f4b testq        %rsi, %rsi
	0x0f, 0x84, 0xe7, 0xff, 0xff, 0xff, //0x00001f4e je           LBB0_419
	0xe9, 0x31, 0xff, 0xff, 0xff, //0x00001f54 jmp          LBB0_411
	//0x00001f59 LBB0_420
	0x45, 0x31, 0xff, //0x00001f59 xorl         %r15d, %r15d
	0x31, 0xff, //0x00001f5c xorl         %edi, %edi
	0x31, 0xd2, //0x00001f5e xorl         %edx, %edx
	0x48, 0x8b, 0x4d, 0xc0, //0x00001f60 movq         $-64(%rbp), %rcx
	0xe9, 0xa7, 0xfe, 0xff, 0xff, //0x00001f64 jmp          LBB0_402
	//0x00001f69 LBB0_421
	0x48, 0x85, 0xdb, //0x00001f69 testq        %rbx, %rbx
	0x0f, 0x84, 0x38, 0x00, 0x00, 0x00, //0x00001f6c je           LBB0_426
	//0x00001f72 LBB0_422
	0x48, 0x89, 0xd8, //0x00001f72 movq         %rbx, %rax
	0x48, 0xd3, 0xe8, //0x00001f75 shrq         %cl, %rax
	0x48, 0x21, 0xf3, //0x00001f78 andq         %rsi, %rbx
	0x48, 0x63, 0xd7, //0x00001f7b movslq       %edi, %rdx
	0x49, 0x39, 0xd5, //0x00001f7e cmpq         %rdx, %r13
	0x0f, 0x86, 0x10, 0x00, 0x00, 0x00, //0x00001f81 jbe          LBB0_424
	0x04, 0x30, //0x00001f87 addb         $48, %al
	0x41, 0x88, 0x04, 0x11, //0x00001f89 movb         %al, (%r9,%rdx)
	0x83, 0xc2, 0x01, //0x00001f8d addl         $1, %edx
	0x89, 0xd7, //0x00001f90 movl         %edx, %edi
	0xe9, 0x07, 0x00, 0x00, 0x00, //0x00001f92 jmp          LBB0_425
	//0x00001f97 LBB0_424
	0x48, 0x85, 0xc0, //0x00001f97 testq        %rax, %rax
	0x45, 0x0f, 0x45, 0xe0, //0x00001f9a cmovnel      %r8d, %r12d
	//0x00001f9e LBB0_425
	0x48, 0x01, 0xdb, //0x00001f9e addq         %rbx, %rbx
	0x48, 0x8d, 0x1c, 0x9b, //0x00001fa1 leaq         (%rbx,%rbx,4), %rbx
	0xe9, 0xbf, 0xff, 0xff, 0xff, //0x00001fa5 jmp          LBB0_421
	//0x00001faa LBB0_426
	0x85, 0xff, //0x00001faa testl        %edi, %edi
	0x0f, 0x8e, 0x29, 0x00, 0x00, 0x00, //0x00001fac jle          LBB0_430
	0x89, 0xf8, //0x00001fb2 movl         %edi, %eax
	0x48, 0x83, 0xc0, 0x01, //0x00001fb4 addq         $1, %rax
	//0x00001fb8 LBB0_428
	0x8d, 0x4f, 0xff, //0x00001fb8 leal         $-1(%rdi), %ecx
	0x41, 0x80, 0x3c, 0x09, 0x30, //0x00001fbb cmpb         $48, (%r9,%rcx)
	0x0f, 0x85, 0x1b, 0x00, 0x00, 0x00, //0x00001fc0 jne          LBB0_431
	0x48, 0x83, 0xc0, 0xff, //0x00001fc6 addq         $-1, %rax
	0x89, 0xcf, //0x00001fca movl         %ecx, %edi
	0x48, 0x83, 0xf8, 0x01, //0x00001fcc cmpq         $1, %rax
	0x0f, 0x8f, 0xe2, 0xff, 0xff, 0xff, //0x00001fd0 jg           LBB0_428
	0xe9, 0x14, 0x00, 0x00, 0x00, //0x00001fd6 jmp          LBB0_432
	//0x00001fdb LBB0_430
	0x0f, 0x84, 0x0e, 0x00, 0x00, 0x00, //0x00001fdb je           LBB0_432
	//0x00001fe1 LBB0_431
	0x41, 0x89, 0xff, //0x00001fe1 movl         %edi, %r15d
	0x89, 0xfa, //0x00001fe4 movl         %edi, %edx
	0x48, 0x8b, 0x4d, 0xc0, //0x00001fe6 movq         $-64(%rbp), %rcx
	0xe9, 0x21, 0xfe, 0xff, 0xff, //0x00001fea jmp          LBB0_402
	//0x00001fef LBB0_432
	0x48, 0x8b, 0x4d, 0xc0, //0x00001fef movq         $-64(%rbp), %rcx
	0x44, 0x01, 0xf1, //0x00001ff3 addl         %r14d, %ecx
	0x31, 0xf6, //0x00001ff6 xorl         %esi, %esi
	0x45, 0x31, 0xff, //0x00001ff8 xorl         %r15d, %r15d
	0x31, 0xff, //0x00001ffb xorl         %edi, %edi
	0xe9, 0x05, 0x00, 0x00, 0x00, //0x00001ffd jmp          LBB0_434
	//0x00002002 LBB0_433
	0x44, 0x89, 0xff, //0x00002002 movl         %r15d, %edi
	0x31, 0xc9, //0x00002005 xorl         %ecx, %ecx
	//0x00002007 LBB0_434
	0x49, 0xba, 0xff, 0xff, 0xff, 0xff, 0xff, 0xff, 0xff, 0x0f, //0x00002007 movabsq      $1152921504606846975, %r10
	0x49, 0x8d, 0x41, 0x01, //0x00002011 leaq         $1(%r9), %rax
	0x48, 0x89, 0x45, 0x88, //0x00002015 movq         %rax, $-120(%rbp)
	0x41, 0x89, 0xf8, //0x00002019 movl         %edi, %r8d
	0x49, 0x89, 0xf6, //0x0000201c movq         %rsi, %r14
	0xe9, 0x05, 0x00, 0x00, 0x00, //0x0000201f jmp          LBB0_436
	//0x00002024 LBB0_435
	0x45, 0x31, 0xc0, //0x00002024 xorl         %r8d, %r8d
	0x29, 0xd1, //0x00002027 subl         %edx, %ecx
	//0x00002029 LBB0_436
	0x45, 0x85, 0xf6, //0x00002029 testl        %r14d, %r14d
	0x0f, 0x88, 0x15, 0x00, 0x00, 0x00, //0x0000202c js           LBB0_439
	0x0f, 0x85, 0x1d, 0x07, 0x00, 0x00, //0x00002032 jne          LBB0_538
	0x41, 0x80, 0x39, 0x35, //0x00002038 cmpb         $53, (%r9)
	0x0f, 0x8c, 0x28, 0x00, 0x00, 0x00, //0x0000203c jl           LBB0_442
	0xe9, 0x0e, 0x07, 0x00, 0x00, //0x00002042 jmp          LBB0_538
	//0x00002047 LBB0_439
	0x41, 0x83, 0xfe, 0xf8, //0x00002047 cmpl         $-8, %r14d
	0x0f, 0x8d, 0x19, 0x00, 0x00, 0x00, //0x0000204b jge          LBB0_442
	0xba, 0x1b, 0x00, 0x00, 0x00, //0x00002051 movl         $27, %edx
	0x85, 0xff, //0x00002056 testl        %edi, %edi
	0x0f, 0x84, 0x7f, 0x05, 0x00, 0x00, //0x00002058 je           LBB0_515
	0x48, 0x89, 0x4d, 0xc0, //0x0000205e movq         %rcx, $-64(%rbp)
	0x41, 0x89, 0xf8, //0x00002062 movl         %edi, %r8d
	0xe9, 0x1c, 0x00, 0x00, 0x00, //0x00002065 jmp          LBB0_444
	//0x0000206a LBB0_442
	0x44, 0x89, 0xf0, //0x0000206a movl         %r14d, %eax
	0xf7, 0xd8, //0x0000206d negl         %eax
	0x48, 0x8d, 0x15, 0x4a, 0x4c, 0x00, 0x00, //0x0000206f leaq         $19530(%rip), %rdx  /* _POW_TAB+0(%rip) */
	0x8b, 0x14, 0x82, //0x00002076 movl         (%rdx,%rax,4), %edx
	0x45, 0x85, 0xc0, //0x00002079 testl        %r8d, %r8d
	0x0f, 0x84, 0xa2, 0xff, 0xff, 0xff, //0x0000207c je           LBB0_435
	0x48, 0x89, 0x4d, 0xc0, //0x00002082 movq         %rcx, $-64(%rbp)
	//0x00002086 LBB0_444
	0x89, 0x55, 0xb0, //0x00002086 movl         %edx, $-80(%rbp)
	0x89, 0xd1, //0x00002089 movl         %edx, %ecx
	0x48, 0x6b, 0xc1, 0x68, //0x0000208b imulq        $104, %rcx, %rax
	0x48, 0x8d, 0x35, 0x5a, 0x4c, 0x00, 0x00, //0x0000208f leaq         $19546(%rip), %rsi  /* _LSHIFT_TAB+0(%rip) */
	0x44, 0x8b, 0x1c, 0x30, //0x00002096 movl         (%rax,%rsi), %r11d
	0x49, 0x63, 0xd0, //0x0000209a movslq       %r8d, %rdx
	0x48, 0x01, 0xc6, //0x0000209d addq         %rax, %rsi
	0x48, 0x83, 0xc6, 0x04, //0x000020a0 addq         $4, %rsi
	0x31, 0xff, //0x000020a4 xorl         %edi, %edi
	0x4c, 0x89, 0x75, 0xc8, //0x000020a6 movq         %r14, $-56(%rbp)
	//0x000020aa LBB0_445
	0x0f, 0xb6, 0x1c, 0x3e, //0x000020aa movzbl       (%rsi,%rdi), %ebx
	0x84, 0xdb, //0x000020ae testb        %bl, %bl
	0x0f, 0x84, 0x39, 0x00, 0x00, 0x00, //0x000020b0 je           LBB0_449
	0x41, 0x38, 0x1c, 0x39, //0x000020b6 cmpb         %bl, (%r9,%rdi)
	0x0f, 0x85, 0x39, 0x00, 0x00, 0x00, //0x000020ba jne          LBB0_450
	0x48, 0x83, 0xc7, 0x01, //0x000020c0 addq         $1, %rdi
	0x48, 0x39, 0xfa, //0x000020c4 cmpq         %rdi, %rdx
	0x0f, 0x85, 0xdd, 0xff, 0xff, 0xff, //0x000020c7 jne          LBB0_445
	0x44, 0x89, 0xc2, //0x000020cd movl         %r8d, %edx
	0x48, 0x8d, 0x35, 0x19, 0x4c, 0x00, 0x00, //0x000020d0 leaq         $19481(%rip), %rsi  /* _LSHIFT_TAB+0(%rip) */
	0x48, 0x01, 0xf0, //0x000020d7 addq         %rsi, %rax
	0x80, 0x7c, 0x02, 0x04, 0x00, //0x000020da cmpb         $0, $4(%rdx,%rax)
	0xbb, 0x01, 0x00, 0x00, 0x00, //0x000020df movl         $1, %ebx
	0x0f, 0x85, 0x1a, 0x00, 0x00, 0x00, //0x000020e4 jne          LBB0_451
	0xe9, 0x19, 0x00, 0x00, 0x00, //0x000020ea jmp          LBB0_452
	//0x000020ef LBB0_449
	0xbb, 0x01, 0x00, 0x00, 0x00, //0x000020ef movl         $1, %ebx
	0xe9, 0x0f, 0x00, 0x00, 0x00, //0x000020f4 jmp          LBB0_452
	//0x000020f9 LBB0_450
	0xbb, 0x01, 0x00, 0x00, 0x00, //0x000020f9 movl         $1, %ebx
	0x0f, 0x8d, 0x04, 0x00, 0x00, 0x00, //0x000020fe jge          LBB0_452
	//0x00002104 LBB0_451
	0x41, 0x83, 0xc3, 0xff, //0x00002104 addl         $-1, %r11d
	//0x00002108 LBB0_452
	0x45, 0x85, 0xc0, //0x00002108 testl        %r8d, %r8d
	0x0f, 0x8e, 0xc0, 0x00, 0x00, 0x00, //0x0000210b jle          LBB0_460
	0x4c, 0x89, 0x5d, 0xa0, //0x00002111 movq         %r11, $-96(%rbp)
	0x43, 0x8d, 0x04, 0x03, //0x00002115 leal         (%r11,%r8), %eax
	0x45, 0x89, 0xc3, //0x00002119 movl         %r8d, %r11d
	0x48, 0x98, //0x0000211c cltq
	0x49, 0x89, 0xc6, //0x0000211e movq         %rax, %r14
	0x49, 0xc1, 0xe6, 0x20, //0x00002121 shlq         $32, %r14
	0x48, 0x83, 0xc0, 0xff, //0x00002125 addq         $-1, %rax
	0x49, 0x83, 0xc3, 0x01, //0x00002129 addq         $1, %r11
	0x41, 0x83, 0xc0, 0xff, //0x0000212d addl         $-1, %r8d
	0x31, 0xf6, //0x00002131 xorl         %esi, %esi
	0xe9, 0x2f, 0x00, 0x00, 0x00, //0x00002133 jmp          LBB0_456
	//0x00002138 LBB0_454
	0x48, 0x85, 0xc0, //0x00002138 testq        %rax, %rax
	0xb8, 0x01, 0x00, 0x00, 0x00, //0x0000213b movl         $1, %eax
	0x44, 0x0f, 0x45, 0xe0, //0x00002140 cmovnel      %eax, %r12d
	//0x00002144 LBB0_455
	0x48, 0xb8, 0x00, 0x00, 0x00, 0x00, 0xff, 0xff, 0xff, 0xff, //0x00002144 movabsq      $-4294967296, %rax
	0x49, 0x01, 0xc6, //0x0000214e addq         %rax, %r14
	0x48, 0x8d, 0x43, 0xff, //0x00002151 leaq         $-1(%rbx), %rax
	0x49, 0x83, 0xc3, 0xff, //0x00002155 addq         $-1, %r11
	0x41, 0x83, 0xc0, 0xff, //0x00002159 addl         $-1, %r8d
	0x49, 0x83, 0xfb, 0x01, //0x0000215d cmpq         $1, %r11
	0x0f, 0x8e, 0x4e, 0x00, 0x00, 0x00, //0x00002161 jle          LBB0_458
	//0x00002167 LBB0_456
	0x48, 0x89, 0xc3, //0x00002167 movq         %rax, %rbx
	0x44, 0x89, 0xc0, //0x0000216a movl         %r8d, %eax
	0x49, 0x0f, 0xbe, 0x3c, 0x01, //0x0000216d movsbq       (%r9,%rax), %rdi
	0x48, 0x83, 0xc7, 0xd0, //0x00002172 addq         $-48, %rdi
	0x48, 0xd3, 0xe7, //0x00002176 shlq         %cl, %rdi
	0x48, 0x01, 0xf7, //0x00002179 addq         %rsi, %rdi
	0x48, 0x89, 0xf8, //0x0000217c movq         %rdi, %rax
	0x48, 0xba, 0xcd, 0xcc, 0xcc, 0xcc, 0xcc, 0xcc, 0xcc, 0xcc, //0x0000217f movabsq      $-3689348814741910323, %rdx
	0x48, 0xf7, 0xe2, //0x00002189 mulq         %rdx
	0x48, 0x89, 0xd6, //0x0000218c movq         %rdx, %rsi
	0x48, 0xc1, 0xee, 0x03, //0x0000218f shrq         $3, %rsi
	0x48, 0x8d, 0x04, 0x36, //0x00002193 leaq         (%rsi,%rsi), %rax
	0x48, 0x8d, 0x14, 0x80, //0x00002197 leaq         (%rax,%rax,4), %rdx
	0x48, 0x89, 0xf8, //0x0000219b movq         %rdi, %rax
	0x48, 0x29, 0xd0, //0x0000219e subq         %rdx, %rax
	0x4c, 0x39, 0xeb, //0x000021a1 cmpq         %r13, %rbx
	0x0f, 0x83, 0x8e, 0xff, 0xff, 0xff, //0x000021a4 jae          LBB0_454
	0x04, 0x30, //0x000021aa addb         $48, %al
	0x41, 0x88, 0x04, 0x19, //0x000021ac movb         %al, (%r9,%rbx)
	0xe9, 0x8f, 0xff, 0xff, 0xff, //0x000021b0 jmp          LBB0_455
	//0x000021b5 LBB0_458
	0x48, 0x83, 0xff, 0x0a, //0x000021b5 cmpq         $10, %rdi
	0x4c, 0x8b, 0x75, 0xc8, //0x000021b9 movq         $-56(%rbp), %r14
	0x0f, 0x83, 0x17, 0x00, 0x00, 0x00, //0x000021bd jae          LBB0_461
	0xbb, 0x01, 0x00, 0x00, 0x00, //0x000021c3 movl         $1, %ebx
	0x4c, 0x8b, 0x5d, 0xa0, //0x000021c8 movq         $-96(%rbp), %r11
	0xe9, 0x78, 0x00, 0x00, 0x00, //0x000021cc jmp          LBB0_465
	//0x000021d1 LBB0_460
	0x4c, 0x8b, 0x75, 0xc8, //0x000021d1 movq         $-56(%rbp), %r14
	0xe9, 0x6f, 0x00, 0x00, 0x00, //0x000021d5 jmp          LBB0_465
	//0x000021da LBB0_461
	0x48, 0x63, 0xcb, //0x000021da movslq       %ebx, %rcx
	0x48, 0x83, 0xc1, 0xff, //0x000021dd addq         $-1, %rcx
	0xbb, 0x01, 0x00, 0x00, 0x00, //0x000021e1 movl         $1, %ebx
	0x4c, 0x8b, 0x5d, 0xa0, //0x000021e6 movq         $-96(%rbp), %r11
	0xe9, 0x18, 0x00, 0x00, 0x00, //0x000021ea jmp          LBB0_463
	//0x000021ef LBB0_462
	0x48, 0x85, 0xc0, //0x000021ef testq        %rax, %rax
	0x44, 0x0f, 0x45, 0xe3, //0x000021f2 cmovnel      %ebx, %r12d
	0x48, 0x83, 0xc1, 0xff, //0x000021f6 addq         $-1, %rcx
	0x48, 0x83, 0xfe, 0x09, //0x000021fa cmpq         $9, %rsi
	0x48, 0x89, 0xd6, //0x000021fe movq         %rdx, %rsi
	0x0f, 0x86, 0x42, 0x00, 0x00, 0x00, //0x00002201 jbe          LBB0_465
	//0x00002207 LBB0_463
	0x48, 0x89, 0xf0, //0x00002207 movq         %rsi, %rax
	0x48, 0xba, 0xcd, 0xcc, 0xcc, 0xcc, 0xcc, 0xcc, 0xcc, 0xcc, //0x0000220a movabsq      $-3689348814741910323, %rdx
	0x48, 0xf7, 0xe2, //0x00002214 mulq         %rdx
	0x48, 0xc1, 0xea, 0x03, //0x00002217 shrq         $3, %rdx
	0x48, 0x8d, 0x04, 0x12, //0x0000221b leaq         (%rdx,%rdx), %rax
	0x48, 0x8d, 0x3c, 0x80, //0x0000221f leaq         (%rax,%rax,4), %rdi
	0x48, 0x89, 0xf0, //0x00002223 movq         %rsi, %rax
	0x48, 0x29, 0xf8, //0x00002226 subq         %rdi, %rax
	0x4c, 0x39, 0xe9, //0x00002229 cmpq         %r13, %rcx
	0x0f, 0x83, 0xbd, 0xff, 0xff, 0xff, //0x0000222c jae          LBB0_462
	0x04, 0x30, //0x00002232 addb         $48, %al
	0x41, 0x88, 0x04, 0x09, //0x00002234 movb         %al, (%r9,%rcx)
	0x48, 0x83, 0xc1, 0xff, //0x00002238 addq         $-1, %rcx
	0x48, 0x83, 0xfe, 0x09, //0x0000223c cmpq         $9, %rsi
	0x48, 0x89, 0xd6, //0x00002240 movq         %rdx, %rsi
	0x0f, 0x87, 0xbe, 0xff, 0xff, 0xff, //0x00002243 ja           LBB0_463
	//0x00002249 LBB0_465
	0x45, 0x01, 0xdf, //0x00002249 addl         %r11d, %r15d
	0x4d, 0x63, 0xff, //0x0000224c movslq       %r15d, %r15
	0x4d, 0x39, 0xfd, //0x0000224f cmpq         %r15, %r13
	0x45, 0x0f, 0x46, 0xfd, //0x00002252 cmovbel      %r13d, %r15d
	0x45, 0x01, 0xde, //0x00002256 addl         %r11d, %r14d
	0x45, 0x85, 0xff, //0x00002259 testl        %r15d, %r15d
	0x0f, 0x8e, 0x3d, 0x00, 0x00, 0x00, //0x0000225c jle          LBB0_470
	0x41, 0x8d, 0x47, 0xff, //0x00002262 leal         $-1(%r15), %eax
	0x41, 0x80, 0x3c, 0x01, 0x30, //0x00002266 cmpb         $48, (%r9,%rax)
	0x48, 0x8b, 0x4d, 0xc0, //0x0000226b movq         $-64(%rbp), %rcx
	0x8b, 0x55, 0xb0, //0x0000226f movl         $-80(%rbp), %edx
	0x0f, 0x85, 0x3a, 0x00, 0x00, 0x00, //0x00002272 jne          LBB0_472
	0x44, 0x89, 0xf8, //0x00002278 movl         %r15d, %eax
	//0x0000227b LBB0_468
	0x48, 0x83, 0xf8, 0x01, //0x0000227b cmpq         $1, %rax
	0x0f, 0x8e, 0x27, 0x00, 0x00, 0x00, //0x0000227f jle          LBB0_471
	0x4c, 0x8d, 0x78, 0xff, //0x00002285 leaq         $-1(%rax), %r15
	0x83, 0xc0, 0xfe, //0x00002289 addl         $-2, %eax
	0x41, 0x80, 0x3c, 0x01, 0x30, //0x0000228c cmpb         $48, (%r9,%rax)
	0x4c, 0x89, 0xf8, //0x00002291 movq         %r15, %rax
	0x0f, 0x84, 0xe1, 0xff, 0xff, 0xff, //0x00002294 je           LBB0_468
	0xe9, 0x13, 0x00, 0x00, 0x00, //0x0000229a jmp          LBB0_472
	//0x0000229f LBB0_470
	0x48, 0x8b, 0x4d, 0xc0, //0x0000229f movq         $-64(%rbp), %rcx
	0x8b, 0x55, 0xb0, //0x000022a3 movl         $-80(%rbp), %edx
	0x0f, 0x85, 0x06, 0x00, 0x00, 0x00, //0x000022a6 jne          LBB0_472
	//0x000022ac LBB0_471
	0x45, 0x31, 0xf6, //0x000022ac xorl         %r14d, %r14d
	0x45, 0x31, 0xff, //0x000022af xorl         %r15d, %r15d
	//0x000022b2 LBB0_472
	0x85, 0xd2, //0x000022b2 testl        %edx, %edx
	0x0f, 0x88, 0x0d, 0x00, 0x00, 0x00, //0x000022b4 js           LBB0_474
	0x44, 0x89, 0xff, //0x000022ba movl         %r15d, %edi
	0x45, 0x89, 0xf8, //0x000022bd movl         %r15d, %r8d
	0x29, 0xd1, //0x000022c0 subl         %edx, %ecx
	0xe9, 0x62, 0xfd, 0xff, 0xff, //0x000022c2 jmp          LBB0_436
	//0x000022c7 LBB0_474
	0x48, 0x89, 0x4d, 0xc0, //0x000022c7 movq         %rcx, $-64(%rbp)
	0x83, 0xfa, 0xc3, //0x000022cb cmpl         $-61, %edx
	0x0f, 0x8f, 0x2a, 0x02, 0x00, 0x00, //0x000022ce jg           LBB0_503
	0x41, 0x89, 0xd0, //0x000022d4 movl         %edx, %r8d
	0xe9, 0x19, 0x00, 0x00, 0x00, //0x000022d7 jmp          LBB0_479
	//0x000022dc LBB0_476
	0x45, 0x31, 0xf6, //0x000022dc xorl         %r14d, %r14d
	//0x000022df LBB0_477
	0x31, 0xc0, //0x000022df xorl         %eax, %eax
	//0x000022e1 LBB0_478
	0x41, 0x8d, 0x48, 0x3c, //0x000022e1 leal         $60(%r8), %ecx
	0x41, 0x89, 0xc7, //0x000022e5 movl         %eax, %r15d
	0x41, 0x83, 0xf8, 0x88, //0x000022e8 cmpl         $-120, %r8d
	0x41, 0x89, 0xc8, //0x000022ec movl         %ecx, %r8d
	0x0f, 0x8d, 0x0e, 0x02, 0x00, 0x00, //0x000022ef jge          LBB0_504
	//0x000022f5 LBB0_479
	0x45, 0x85, 0xff, //0x000022f5 testl        %r15d, %r15d
	0xbe, 0x00, 0x00, 0x00, 0x00, //0x000022f8 movl         $0, %esi
	0x41, 0x0f, 0x4f, 0xf7, //0x000022fd cmovgl       %r15d, %esi
	0x31, 0xc0, //0x00002301 xorl         %eax, %eax
	0x31, 0xc9, //0x00002303 xorl         %ecx, %ecx
	0x90, 0x90, 0x90, 0x90, 0x90, 0x90, 0x90, 0x90, 0x90, 0x90, 0x90, //0x00002305 .p2align 4, 0x90
	//0x00002310 LBB0_480
	0x48, 0x39, 0xc6, //0x00002310 cmpq         %rax, %rsi
	0x0f, 0x84, 0x29, 0x00, 0x00, 0x00, //0x00002313 je           LBB0_483
	0x48, 0x8d, 0x0c, 0x89, //0x00002319 leaq         (%rcx,%rcx,4), %rcx
	0x49, 0x0f, 0xbe, 0x14, 0x01, //0x0000231d movsbq       (%r9,%rax), %rdx
	0x48, 0x8d, 0x0c, 0x4a, //0x00002322 leaq         (%rdx,%rcx,2), %rcx
	0x48, 0x83, 0xc1, 0xd0, //0x00002326 addq         $-48, %rcx
	0x48, 0x83, 0xc0, 0x01, //0x0000232a addq         $1, %rax
	0x49, 0x8d, 0x52, 0x01, //0x0000232e leaq         $1(%r10), %rdx
	0x48, 0x39, 0xd1, //0x00002332 cmpq         %rdx, %rcx
	0x0f, 0x82, 0xd5, 0xff, 0xff, 0xff, //0x00002335 jb           LBB0_480
	0x89, 0xc6, //0x0000233b movl         %eax, %esi
	0xe9, 0x25, 0x00, 0x00, 0x00, //0x0000233d jmp          LBB0_485
	//0x00002342 LBB0_483
	0x48, 0x85, 0xc9, //0x00002342 testq        %rcx, %rcx
	0x0f, 0x84, 0x94, 0xff, 0xff, 0xff, //0x00002345 je           LBB0_477
	0x90, 0x90, 0x90, 0x90, 0x90, //0x0000234b .p2align 4, 0x90
	//0x00002350 LBB0_484
	0x48, 0x01, 0xc9, //0x00002350 addq         %rcx, %rcx
	0x48, 0x8d, 0x0c, 0x89, //0x00002353 leaq         (%rcx,%rcx,4), %rcx
	0x83, 0xc6, 0x01, //0x00002357 addl         $1, %esi
	0x49, 0x8d, 0x42, 0x01, //0x0000235a leaq         $1(%r10), %rax
	0x48, 0x39, 0xc1, //0x0000235e cmpq         %rax, %rcx
	0x0f, 0x82, 0xe9, 0xff, 0xff, 0xff, //0x00002361 jb           LBB0_484
	//0x00002367 LBB0_485
	0x41, 0x29, 0xf6, //0x00002367 subl         %esi, %r14d
	0x44, 0x89, 0xf8, //0x0000236a movl         %r15d, %eax
	0x29, 0xf0, //0x0000236d subl         %esi, %eax
	0x0f, 0x8e, 0x22, 0x00, 0x00, 0x00, //0x0000236f jle          LBB0_488
	0x48, 0x63, 0xf6, //0x00002375 movslq       %esi, %rsi
	0x49, 0x63, 0xd7, //0x00002378 movslq       %r15d, %rdx
	0x49, 0x89, 0xd3, //0x0000237b movq         %rdx, %r11
	0x49, 0x29, 0xf3, //0x0000237e subq         %rsi, %r11
	0x48, 0x89, 0xf7, //0x00002381 movq         %rsi, %rdi
	0x48, 0xf7, 0xd7, //0x00002384 notq         %rdi
	0x48, 0x01, 0xd7, //0x00002387 addq         %rdx, %rdi
	0x0f, 0x85, 0x0e, 0x00, 0x00, 0x00, //0x0000238a jne          LBB0_489
	0x31, 0xdb, //0x00002390 xorl         %ebx, %ebx
	0xe9, 0x89, 0x00, 0x00, 0x00, //0x00002392 jmp          LBB0_492
	//0x00002397 LBB0_488
	0x31, 0xc0, //0x00002397 xorl         %eax, %eax
	0xe9, 0xde, 0x00, 0x00, 0x00, //0x00002399 jmp          LBB0_496
	//0x0000239e LBB0_489
	0x4d, 0x89, 0xf7, //0x0000239e movq         %r14, %r15
	0x4d, 0x89, 0xde, //0x000023a1 movq         %r11, %r14
	0x49, 0x83, 0xe6, 0xfe, //0x000023a4 andq         $-2, %r14
	0x49, 0xf7, 0xde, //0x000023a8 negq         %r14
	0x31, 0xdb, //0x000023ab xorl         %ebx, %ebx
	0x48, 0x8b, 0x55, 0x88, //0x000023ad movq         $-120(%rbp), %rdx
	0x90, 0x90, 0x90, 0x90, 0x90, 0x90, 0x90, 0x90, 0x90, 0x90, 0x90, 0x90, 0x90, 0x90, 0x90, //0x000023b1 .p2align 4, 0x90
	//0x000023c0 LBB0_490
	0x48, 0x89, 0xcf, //0x000023c0 movq         %rcx, %rdi
	0x48, 0xc1, 0xef, 0x3c, //0x000023c3 shrq         $60, %rdi
	0x4c, 0x21, 0xd1, //0x000023c7 andq         %r10, %rcx
	0x40, 0x80, 0xcf, 0x30, //0x000023ca orb          $48, %dil
	0x40, 0x88, 0x7a, 0xff, //0x000023ce movb         %dil, $-1(%rdx)
	0x48, 0x8d, 0x0c, 0x89, //0x000023d2 leaq         (%rcx,%rcx,4), %rcx
	0x48, 0x0f, 0xbe, 0x7c, 0x32, 0xff, //0x000023d6 movsbq       $-1(%rdx,%rsi), %rdi
	0x48, 0x8d, 0x0c, 0x4f, //0x000023dc leaq         (%rdi,%rcx,2), %rcx
	0x48, 0x83, 0xc1, 0xd0, //0x000023e0 addq         $-48, %rcx
	0x48, 0x89, 0xcf, //0x000023e4 movq         %rcx, %rdi
	0x48, 0xc1, 0xef, 0x3c, //0x000023e7 shrq         $60, %rdi
	0x4c, 0x21, 0xd1, //0x000023eb andq         %r10, %rcx
	0x40, 0x80, 0xcf, 0x30, //0x000023ee orb          $48, %dil
	0x40, 0x88, 0x3a, //0x000023f2 movb         %dil, (%rdx)
	0x48, 0x8d, 0x0c, 0x89, //0x000023f5 leaq         (%rcx,%rcx,4), %rcx
	0x48, 0x0f, 0xbe, 0x3c, 0x32, //0x000023f9 movsbq       (%rdx,%rsi), %rdi
	0x48, 0x8d, 0x0c, 0x4f, //0x000023fe leaq         (%rdi,%rcx,2), %rcx
	0x48, 0x83, 0xc1, 0xd0, //0x00002402 addq         $-48, %rcx
	0x48, 0x83, 0xc2, 0x02, //0x00002406 addq         $2, %rdx
	0x48, 0x83, 0xc3, 0xfe, //0x0000240a addq         $-2, %rbx
	0x49, 0x39, 0xde, //0x0000240e cmpq         %rbx, %r14
	0x0f, 0x85, 0xa9, 0xff, 0xff, 0xff, //0x00002411 jne          LBB0_490
	0x48, 0x29, 0xde, //0x00002417 subq         %rbx, %rsi
	0x48, 0xf7, 0xdb, //0x0000241a negq         %rbx
	0x4d, 0x89, 0xfe, //0x0000241d movq         %r15, %r14
	//0x00002420 LBB0_492
	0x41, 0xf6, 0xc3, 0x01, //0x00002420 testb        $1, %r11b
	0x0f, 0x84, 0x22, 0x00, 0x00, 0x00, //0x00002424 je           LBB0_494
	0x48, 0x89, 0xca, //0x0000242a movq         %rcx, %rdx
	0x48, 0xc1, 0xea, 0x3c, //0x0000242d shrq         $60, %rdx
	0x80, 0xca, 0x30, //0x00002431 orb          $48, %dl
	0x41, 0x88, 0x14, 0x19, //0x00002434 movb         %dl, (%r9,%rbx)
	0x4c, 0x21, 0xd1, //0x00002438 andq         %r10, %rcx
	0x48, 0x8d, 0x0c, 0x89, //0x0000243b leaq         (%rcx,%rcx,4), %rcx
	0x49, 0x0f, 0xbe, 0x14, 0x31, //0x0000243f movsbq       (%r9,%rsi), %rdx
	0x48, 0x8d, 0x0c, 0x4a, //0x00002444 leaq         (%rdx,%rcx,2), %rcx
	0x48, 0x83, 0xc1, 0xd0, //0x00002448 addq         $-48, %rcx
	//0x0000244c LBB0_494
	0x48, 0x85, 0xc9, //0x0000244c testq        %rcx, %rcx
	0xbb, 0x01, 0x00, 0x00, 0x00, //0x0000244f movl         $1, %ebx
	0x0f, 0x85, 0x22, 0x00, 0x00, 0x00, //0x00002454 jne          LBB0_496
	0xe9, 0x50, 0x00, 0x00, 0x00, //0x0000245a jmp          LBB0_498
	0x90, //0x0000245f .p2align 4, 0x90
	//0x00002460 LBB0_495
	0x49, 0x8d, 0x72, 0x01, //0x00002460 leaq         $1(%r10), %rsi
	0x48, 0x39, 0xf1, //0x00002464 cmpq         %rsi, %rcx
	0x44, 0x0f, 0x43, 0xe3, //0x00002467 cmovael      %ebx, %r12d
	0x48, 0x8d, 0x0c, 0x12, //0x0000246b leaq         (%rdx,%rdx), %rcx
	0x48, 0x8d, 0x0c, 0x89, //0x0000246f leaq         (%rcx,%rcx,4), %rcx
	0x48, 0x85, 0xd2, //0x00002473 testq        %rdx, %rdx
	0x0f, 0x84, 0x33, 0x00, 0x00, 0x00, //0x00002476 je           LBB0_498
	//0x0000247c LBB0_496
	0x48, 0x89, 0xca, //0x0000247c movq         %rcx, %rdx
	0x4c, 0x21, 0xd2, //0x0000247f andq         %r10, %rdx
	0x48, 0x63, 0xf0, //0x00002482 movslq       %eax, %rsi
	0x49, 0x39, 0xf5, //0x00002485 cmpq         %rsi, %r13
	0x0f, 0x86, 0xd2, 0xff, 0xff, 0xff, //0x00002488 jbe          LBB0_495
	0x48, 0xc1, 0xe9, 0x3c, //0x0000248e shrq         $60, %rcx
	0x80, 0xc9, 0x30, //0x00002492 orb          $48, %cl
	0x41, 0x88, 0x0c, 0x31, //0x00002495 movb         %cl, (%r9,%rsi)
	0x83, 0xc6, 0x01, //0x00002499 addl         $1, %esi
	0x89, 0xf0, //0x0000249c movl         %esi, %eax
	0x48, 0x8d, 0x0c, 0x12, //0x0000249e leaq         (%rdx,%rdx), %rcx
	0x48, 0x8d, 0x0c, 0x89, //0x000024a2 leaq         (%rcx,%rcx,4), %rcx
	0x48, 0x85, 0xd2, //0x000024a6 testq        %rdx, %rdx
	0x0f, 0x85, 0xcd, 0xff, 0xff, 0xff, //0x000024a9 jne          LBB0_496
	//0x000024af LBB0_498
	0x41, 0x83, 0xc6, 0x01, //0x000024af addl         $1, %r14d
	0x85, 0xc0, //0x000024b3 testl        %eax, %eax
	0x0f, 0x8e, 0x38, 0x00, 0x00, 0x00, //0x000024b5 jle          LBB0_502
	0x89, 0xc1, //0x000024bb movl         %eax, %ecx
	0x48, 0x83, 0xc1, 0x01, //0x000024bd addq         $1, %rcx
	0x90, 0x90, 0x90, 0x90, 0x90, 0x90, 0x90, 0x90, 0x90, 0x90, 0x90, 0x90, 0x90, 0x90, 0x90, //0x000024c1 .p2align 4, 0x90
	//0x000024d0 LBB0_500
	0x8d, 0x50, 0xff, //0x000024d0 leal         $-1(%rax), %edx
	0x41, 0x80, 0x3c, 0x11, 0x30, //0x000024d3 cmpb         $48, (%r9,%rdx)
	0x0f, 0x85, 0x03, 0xfe, 0xff, 0xff, //0x000024d8 jne          LBB0_478
	0x48, 0x83, 0xc1, 0xff, //0x000024de addq         $-1, %rcx
	0x89, 0xd0, //0x000024e2 movl         %edx, %eax
	0x48, 0x83, 0xf9, 0x01, //0x000024e4 cmpq         $1, %rcx
	0x0f, 0x8f, 0xe2, 0xff, 0xff, 0xff, //0x000024e8 jg           LBB0_500
	0xe9, 0xe9, 0xfd, 0xff, 0xff, //0x000024ee jmp          LBB0_476
	//0x000024f3 LBB0_502
	0x0f, 0x85, 0xe8, 0xfd, 0xff, 0xff, //0x000024f3 jne          LBB0_478
	0xe9, 0xde, 0xfd, 0xff, 0xff, //0x000024f9 jmp          LBB0_476
	//0x000024fe LBB0_503
	0x44, 0x89, 0xf8, //0x000024fe movl         %r15d, %eax
	0x89, 0xd1, //0x00002501 movl         %edx, %ecx
	//0x00002503 LBB0_504
	0xf7, 0xd9, //0x00002503 negl         %ecx
	0x85, 0xc0, //0x00002505 testl        %eax, %eax
	0xbe, 0x00, 0x00, 0x00, 0x00, //0x00002507 movl         $0, %esi
	0x0f, 0x4f, 0xf0, //0x0000250c cmovgl       %eax, %esi
	0x31, 0xff, //0x0000250f xorl         %edi, %edi
	0x45, 0x31, 0xdb, //0x00002511 xorl         %r11d, %r11d
	//0x00002514 LBB0_505
	0x48, 0x39, 0xfe, //0x00002514 cmpq         %rdi, %rsi
	0x0f, 0x84, 0x69, 0x00, 0x00, 0x00, //0x00002517 je           LBB0_511
	0x4b, 0x8d, 0x14, 0x9b, //0x0000251d leaq         (%r11,%r11,4), %rdx
	0x49, 0x0f, 0xbe, 0x1c, 0x39, //0x00002521 movsbq       (%r9,%rdi), %rbx
	0x4c, 0x8d, 0x1c, 0x53, //0x00002526 leaq         (%rbx,%rdx,2), %r11
	0x49, 0x83, 0xc3, 0xd0, //0x0000252a addq         $-48, %r11
	0x48, 0x83, 0xc7, 0x01, //0x0000252e addq         $1, %rdi
	0x4c, 0x89, 0xda, //0x00002532 movq         %r11, %rdx
	0x48, 0xd3, 0xea, //0x00002535 shrq         %cl, %rdx
	0x48, 0x85, 0xd2, //0x00002538 testq        %rdx, %rdx
	0x0f, 0x84, 0xd3, 0xff, 0xff, 0xff, //0x0000253b je           LBB0_505
	0x89, 0xfe, //0x00002541 movl         %edi, %esi
	0xbb, 0x01, 0x00, 0x00, 0x00, //0x00002543 movl         $1, %ebx
	//0x00002548 LBB0_508
	0x49, 0xc7, 0xc0, 0xff, 0xff, 0xff, 0xff, //0x00002548 movq         $-1, %r8
	0x49, 0xd3, 0xe0, //0x0000254f shlq         %cl, %r8
	0x49, 0xf7, 0xd0, //0x00002552 notq         %r8
	0x41, 0x89, 0xc7, //0x00002555 movl         %eax, %r15d
	0x41, 0x29, 0xf7, //0x00002558 subl         %esi, %r15d
	0x0f, 0x8e, 0x88, 0x00, 0x00, 0x00, //0x0000255b jle          LBB0_516
	0x4c, 0x89, 0x75, 0xc8, //0x00002561 movq         %r14, $-56(%rbp)
	0x4c, 0x63, 0xf6, //0x00002565 movslq       %esi, %r14
	0x48, 0x98, //0x00002568 cltq
	0x48, 0x89, 0xc2, //0x0000256a movq         %rax, %rdx
	0x4c, 0x29, 0xf2, //0x0000256d subq         %r14, %rdx
	0x4c, 0x89, 0xf3, //0x00002570 movq         %r14, %rbx
	0x48, 0xf7, 0xd3, //0x00002573 notq         %rbx
	0x48, 0x01, 0xc3, //0x00002576 addq         %rax, %rbx
	0x0f, 0x85, 0x88, 0x00, 0x00, 0x00, //0x00002579 jne          LBB0_518
	0x31, 0xc0, //0x0000257f xorl         %eax, %eax
	0xe9, 0xf4, 0x00, 0x00, 0x00, //0x00002581 jmp          LBB0_521
	//0x00002586 LBB0_511
	0x4d, 0x85, 0xdb, //0x00002586 testq        %r11, %r11
	0x0f, 0x84, 0x62, 0x00, 0x00, 0x00, //0x00002589 je           LBB0_517
	0x4c, 0x89, 0xdf, //0x0000258f movq         %r11, %rdi
	0x48, 0xd3, 0xef, //0x00002592 shrq         %cl, %rdi
	0x48, 0x85, 0xff, //0x00002595 testq        %rdi, %rdi
	0xbb, 0x01, 0x00, 0x00, 0x00, //0x00002598 movl         $1, %ebx
	0x0f, 0x84, 0x1c, 0x00, 0x00, 0x00, //0x0000259d je           LBB0_514
	0x49, 0xc7, 0xc0, 0xff, 0xff, 0xff, 0xff, //0x000025a3 movq         $-1, %r8
	0x49, 0xd3, 0xe0, //0x000025aa shlq         %cl, %r8
	0x49, 0xf7, 0xd0, //0x000025ad notq         %r8
	0x41, 0x29, 0xf6, //0x000025b0 subl         %esi, %r14d
	0x41, 0x83, 0xc6, 0x01, //0x000025b3 addl         $1, %r14d
	0x45, 0x31, 0xff, //0x000025b7 xorl         %r15d, %r15d
	0xe9, 0xfa, 0x00, 0x00, 0x00, //0x000025ba jmp          LBB0_525
	//0x000025bf LBB0_514
	0x4d, 0x01, 0xdb, //0x000025bf addq         %r11, %r11
	0x4f, 0x8d, 0x1c, 0x9b, //0x000025c2 leaq         (%r11,%r11,4), %r11
	0x83, 0xc6, 0x01, //0x000025c6 addl         $1, %esi
	0x4c, 0x89, 0xdf, //0x000025c9 movq         %r11, %rdi
	0x48, 0xd3, 0xef, //0x000025cc shrq         %cl, %rdi
	0x48, 0x85, 0xff, //0x000025cf testq        %rdi, %rdi
	0x0f, 0x84, 0xe7, 0xff, 0xff, 0xff, //0x000025d2 je           LBB0_514
	0xe9, 0x6b, 0xff, 0xff, 0xff, //0x000025d8 jmp          LBB0_508
	//0x000025dd LBB0_515
	0x31, 0xff, //0x000025dd xorl         %edi, %edi
	0x45, 0x31, 0xc0, //0x000025df xorl         %r8d, %r8d
	0x29, 0xd1, //0x000025e2 subl         %edx, %ecx
	0xe9, 0x40, 0xfa, 0xff, 0xff, //0x000025e4 jmp          LBB0_436
	//0x000025e9 LBB0_516
	0x45, 0x31, 0xff, //0x000025e9 xorl         %r15d, %r15d
	0xe9, 0xbc, 0x00, 0x00, 0x00, //0x000025ec jmp          LBB0_524
	//0x000025f1 LBB0_517
	0x45, 0x31, 0xff, //0x000025f1 xorl         %r15d, %r15d
	0x31, 0xff, //0x000025f4 xorl         %edi, %edi
	0x45, 0x31, 0xc0, //0x000025f6 xorl         %r8d, %r8d
	0x48, 0x8b, 0x4d, 0xc0, //0x000025f9 movq         $-64(%rbp), %rcx
	0x8b, 0x55, 0xb0, //0x000025fd movl         $-80(%rbp), %edx
	0x29, 0xd1, //0x00002600 subl         %edx, %ecx
	0xe9, 0x22, 0xfa, 0xff, 0xff, //0x00002602 jmp          LBB0_436
	//0x00002607 LBB0_518
	0x48, 0x89, 0x55, 0x80, //0x00002607 movq         %rdx, $-128(%rbp)
	0x48, 0x83, 0xe2, 0xfe, //0x0000260b andq         $-2, %rdx
	0x48, 0xf7, 0xda, //0x0000260f negq         %rdx
	0x48, 0x89, 0x55, 0xa0, //0x00002612 movq         %rdx, $-96(%rbp)
	0x31, 0xc0, //0x00002616 xorl         %eax, %eax
	0x48, 0x8b, 0x5d, 0x88, //0x00002618 movq         $-120(%rbp), %rbx
	//0x0000261c LBB0_519
	0x4c, 0x89, 0xda, //0x0000261c movq         %r11, %rdx
	0x48, 0xd3, 0xea, //0x0000261f shrq         %cl, %rdx
	0x4d, 0x21, 0xc3, //0x00002622 andq         %r8, %r11
	0x80, 0xc2, 0x30, //0x00002625 addb         $48, %dl
	0x88, 0x53, 0xff, //0x00002628 movb         %dl, $-1(%rbx)
	0x4b, 0x8d, 0x14, 0x9b, //0x0000262b leaq         (%r11,%r11,4), %rdx
	0x4a, 0x0f, 0xbe, 0x7c, 0x33, 0xff, //0x0000262f movsbq       $-1(%rbx,%r14), %rdi
	0x48, 0x8d, 0x14, 0x57, //0x00002635 leaq         (%rdi,%rdx,2), %rdx
	0x48, 0x83, 0xc2, 0xd0, //0x00002639 addq         $-48, %rdx
	0x48, 0x89, 0xd7, //0x0000263d movq         %rdx, %rdi
	0x48, 0xd3, 0xef, //0x00002640 shrq         %cl, %rdi
	0x4c, 0x21, 0xc2, //0x00002643 andq         %r8, %rdx
	0x40, 0x80, 0xc7, 0x30, //0x00002646 addb         $48, %dil
	0x40, 0x88, 0x3b, //0x0000264a movb         %dil, (%rbx)
	0x48, 0x8d, 0x14, 0x92, //0x0000264d leaq         (%rdx,%rdx,4), %rdx
	0x4a, 0x0f, 0xbe, 0x3c, 0x33, //0x00002651 movsbq       (%rbx,%r14), %rdi
	0x4c, 0x8d, 0x1c, 0x57, //0x00002656 leaq         (%rdi,%rdx,2), %r11
	0x49, 0x83, 0xc3, 0xd0, //0x0000265a addq         $-48, %r11
	0x48, 0x83, 0xc3, 0x02, //0x0000265e addq         $2, %rbx
	0x48, 0x83, 0xc0, 0xfe, //0x00002662 addq         $-2, %rax
	0x48, 0x39, 0x45, 0xa0, //0x00002666 cmpq         %rax, $-96(%rbp)
	0x0f, 0x85, 0xac, 0xff, 0xff, 0xff, //0x0000266a jne          LBB0_519
	0x49, 0x29, 0xc6, //0x00002670 subq         %rax, %r14
	0x48, 0xf7, 0xd8, //0x00002673 negq         %rax
	0x48, 0x8b, 0x55, 0x80, //0x00002676 movq         $-128(%rbp), %rdx
	//0x0000267a LBB0_521
	0xf6, 0xc2, 0x01, //0x0000267a testb        $1, %dl
	0xbb, 0x01, 0x00, 0x00, 0x00, //0x0000267d movl         $1, %ebx
	0x0f, 0x84, 0x21, 0x00, 0x00, 0x00, //0x00002682 je           LBB0_523
	0x4c, 0x89, 0xda, //0x00002688 movq         %r11, %rdx
	0x48, 0xd3, 0xea, //0x0000268b shrq         %cl, %rdx
	0x80, 0xc2, 0x30, //0x0000268e addb         $48, %dl
	0x41, 0x88, 0x14, 0x01, //0x00002691 movb         %dl, (%r9,%rax)
	0x4d, 0x21, 0xc3, //0x00002695 andq         %r8, %r11
	0x4b, 0x8d, 0x04, 0x9b, //0x00002698 leaq         (%r11,%r11,4), %rax
	0x4b, 0x0f, 0xbe, 0x14, 0x31, //0x0000269c movsbq       (%r9,%r14), %rdx
	0x4c, 0x8d, 0x1c, 0x42, //0x000026a1 leaq         (%rdx,%rax,2), %r11
	0x49, 0x83, 0xc3, 0xd0, //0x000026a5 addq         $-48, %r11
	//0x000026a9 LBB0_523
	0x4c, 0x8b, 0x75, 0xc8, //0x000026a9 movq         $-56(%rbp), %r14
	//0x000026ad LBB0_524
	0x41, 0x29, 0xf6, //0x000026ad subl         %esi, %r14d
	0x41, 0x83, 0xc6, 0x01, //0x000026b0 addl         $1, %r14d
	0xe9, 0x34, 0x00, 0x00, 0x00, //0x000026b4 jmp          LBB0_529
	//0x000026b9 LBB0_525
	0x4c, 0x89, 0xd8, //0x000026b9 movq         %r11, %rax
	0x48, 0xd3, 0xe8, //0x000026bc shrq         %cl, %rax
	0x4d, 0x21, 0xc3, //0x000026bf andq         %r8, %r11
	0x49, 0x63, 0xf7, //0x000026c2 movslq       %r15d, %rsi
	0x49, 0x39, 0xf5, //0x000026c5 cmpq         %rsi, %r13
	0x0f, 0x86, 0x11, 0x00, 0x00, 0x00, //0x000026c8 jbe          LBB0_527
	0x04, 0x30, //0x000026ce addb         $48, %al
	0x41, 0x88, 0x04, 0x31, //0x000026d0 movb         %al, (%r9,%rsi)
	0x83, 0xc6, 0x01, //0x000026d4 addl         $1, %esi
	0x41, 0x89, 0xf7, //0x000026d7 movl         %esi, %r15d
	0xe9, 0x07, 0x00, 0x00, 0x00, //0x000026da jmp          LBB0_528
	//0x000026df LBB0_527
	0x48, 0x85, 0xc0, //0x000026df testq        %rax, %rax
	0x44, 0x0f, 0x45, 0xe3, //0x000026e2 cmovnel      %ebx, %r12d
	//0x000026e6 LBB0_528
	0x4d, 0x01, 0xdb, //0x000026e6 addq         %r11, %r11
	0x4f, 0x8d, 0x1c, 0x9b, //0x000026e9 leaq         (%r11,%r11,4), %r11
	//0x000026ed LBB0_529
	0x4d, 0x85, 0xdb, //0x000026ed testq        %r11, %r11
	0x0f, 0x85, 0xc3, 0xff, 0xff, 0xff, //0x000026f0 jne          LBB0_525
	0x45, 0x85, 0xff, //0x000026f6 testl        %r15d, %r15d
	0x8b, 0x55, 0xb0, //0x000026f9 movl         $-80(%rbp), %edx
	0x0f, 0x8e, 0x2c, 0x00, 0x00, 0x00, //0x000026fc jle          LBB0_534
	0x44, 0x89, 0xf8, //0x00002702 movl         %r15d, %eax
	0x48, 0x83, 0xc0, 0x01, //0x00002705 addq         $1, %rax
	//0x00002709 LBB0_532
	0x41, 0x8d, 0x4f, 0xff, //0x00002709 leal         $-1(%r15), %ecx
	0x41, 0x80, 0x3c, 0x09, 0x30, //0x0000270d cmpb         $48, (%r9,%rcx)
	0x0f, 0x85, 0x1c, 0x00, 0x00, 0x00, //0x00002712 jne          LBB0_535
	0x48, 0x83, 0xc0, 0xff, //0x00002718 addq         $-1, %rax
	0x41, 0x89, 0xcf, //0x0000271c movl         %ecx, %r15d
	0x48, 0x83, 0xf8, 0x01, //0x0000271f cmpq         $1, %rax
	0x0f, 0x8f, 0xe0, 0xff, 0xff, 0xff, //0x00002723 jg           LBB0_532
	0xe9, 0x11, 0x00, 0x00, 0x00, //0x00002729 jmp          LBB0_536
	//0x0000272e LBB0_534
	0x0f, 0x84, 0x0b, 0x00, 0x00, 0x00, //0x0000272e je           LBB0_536
	//0x00002734 LBB0_535
	0x44, 0x89, 0xff, //0x00002734 movl         %r15d, %edi
	0x45, 0x89, 0xf8, //0x00002737 movl         %r15d, %r8d
	0xe9, 0x0b, 0x00, 0x00, 0x00, //0x0000273a jmp          LBB0_537
	//0x0000273f LBB0_536
	0x45, 0x31, 0xf6, //0x0000273f xorl         %r14d, %r14d
	0x45, 0x31, 0xff, //0x00002742 xorl         %r15d, %r15d
	0x31, 0xff, //0x00002745 xorl         %edi, %edi
	0x45, 0x31, 0xc0, //0x00002747 xorl         %r8d, %r8d
	//0x0000274a LBB0_537
	0x48, 0x8b, 0x4d, 0xc0, //0x0000274a movq         $-64(%rbp), %rcx
	0x29, 0xd1, //0x0000274e subl         %edx, %ecx
	0xe9, 0xd4, 0xf8, 0xff, 0xff, //0x00002750 jmp          LBB0_436
	//0x00002755 LBB0_538
	0x81, 0xf9, 0x02, 0xfc, 0xff, 0xff, //0x00002755 cmpl         $-1022, %ecx
	0x0f, 0x8f, 0xbd, 0x01, 0x00, 0x00, //0x0000275b jg           LBB0_566
	0xba, 0x02, 0xfc, 0xff, 0xff, //0x00002761 movl         $-1022, %edx
	0x45, 0x85, 0xc0, //0x00002766 testl        %r8d, %r8d
	0x0f, 0x84, 0xc9, 0x01, 0x00, 0x00, //0x00002769 je           LBB0_568
	0x4c, 0x89, 0x75, 0xc8, //0x0000276f movq         %r14, $-56(%rbp)
	0x8d, 0x91, 0xfd, 0x03, 0x00, 0x00, //0x00002773 leal         $1021(%rcx), %edx
	0x81, 0xf9, 0xc6, 0xfb, 0xff, 0xff, //0x00002779 cmpl         $-1082, %ecx
	0x0f, 0x8f, 0xba, 0x01, 0x00, 0x00, //0x0000277f jg           LBB0_569
	0x4d, 0x8d, 0x5a, 0x01, //0x00002785 leaq         $1(%r10), %r11
	0x41, 0xbe, 0x01, 0x00, 0x00, 0x00, //0x00002789 movl         $1, %r14d
	0xe9, 0x1d, 0x00, 0x00, 0x00, //0x0000278f jmp          LBB0_545
	//0x00002794 LBB0_542
	0x31, 0xc0, //0x00002794 xorl         %eax, %eax
	0x48, 0x89, 0x45, 0xc8, //0x00002796 movq         %rax, $-56(%rbp)
	//0x0000279a LBB0_543
	0x45, 0x31, 0xff, //0x0000279a xorl         %r15d, %r15d
	//0x0000279d LBB0_544
	0x8d, 0x4a, 0x3c, //0x0000279d leal         $60(%rdx), %ecx
	0x45, 0x89, 0xf8, //0x000027a0 movl         %r15d, %r8d
	0x44, 0x89, 0xff, //0x000027a3 movl         %r15d, %edi
	0x83, 0xfa, 0x88, //0x000027a6 cmpl         $-120, %edx
	0x89, 0xca, //0x000027a9 movl         %ecx, %edx
	0x0f, 0x8d, 0x93, 0x01, 0x00, 0x00, //0x000027ab jge          LBB0_570
	//0x000027b1 LBB0_545
	0x45, 0x85, 0xc0, //0x000027b1 testl        %r8d, %r8d
	0xbf, 0x00, 0x00, 0x00, 0x00, //0x000027b4 movl         $0, %edi
	0x41, 0x0f, 0x4f, 0xf8, //0x000027b9 cmovgl       %r8d, %edi
	0x31, 0xc0, //0x000027bd xorl         %eax, %eax
	0x31, 0xc9, //0x000027bf xorl         %ecx, %ecx
	//0x000027c1 LBB0_546
	0x48, 0x39, 0xc7, //0x000027c1 cmpq         %rax, %rdi
	0x0f, 0x84, 0x25, 0x00, 0x00, 0x00, //0x000027c4 je           LBB0_549
	0x48, 0x8d, 0x0c, 0x89, //0x000027ca leaq         (%rcx,%rcx,4), %rcx
	0x49, 0x0f, 0xbe, 0x1c, 0x01, //0x000027ce movsbq       (%r9,%rax), %rbx
	0x48, 0x8d, 0x0c, 0x4b, //0x000027d3 leaq         (%rbx,%rcx,2), %rcx
	0x48, 0x83, 0xc1, 0xd0, //0x000027d7 addq         $-48, %rcx
	0x48, 0x83, 0xc0, 0x01, //0x000027db addq         $1, %rax
	0x4c, 0x39, 0xd9, //0x000027df cmpq         %r11, %rcx
	0x0f, 0x82, 0xd9, 0xff, 0xff, 0xff, //0x000027e2 jb           LBB0_546
	0x89, 0xc7, //0x000027e8 movl         %eax, %edi
	0xe9, 0x1c, 0x00, 0x00, 0x00, //0x000027ea jmp          LBB0_551
	//0x000027ef LBB0_549
	0x48, 0x85, 0xc9, //0x000027ef testq        %rcx, %rcx
	0x0f, 0x84, 0xa2, 0xff, 0xff, 0xff, //0x000027f2 je           LBB0_543
	//0x000027f8 LBB0_550
	0x48, 0x01, 0xc9, //0x000027f8 addq         %rcx, %rcx
	0x48, 0x8d, 0x0c, 0x89, //0x000027fb leaq         (%rcx,%rcx,4), %rcx
	0x83, 0xc7, 0x01, //0x000027ff addl         $1, %edi
	0x4c, 0x39, 0xd9, //0x00002802 cmpq         %r11, %rcx
	0x0f, 0x82, 0xed, 0xff, 0xff, 0xff, //0x00002805 jb           LBB0_550
	//0x0000280b LBB0_551
	0x48, 0x8b, 0x45, 0xc8, //0x0000280b movq         $-56(%rbp), %rax
	0x29, 0xf8, //0x0000280f subl         %edi, %eax
	0x48, 0x89, 0x45, 0xc8, //0x00002811 movq         %rax, $-56(%rbp)
	0x31, 0xc0, //0x00002815 xorl         %eax, %eax
	0x44, 0x39, 0xc7, //0x00002817 cmpl         %r8d, %edi
	0x0f, 0x8d, 0x57, 0x00, 0x00, 0x00, //0x0000281a jge          LBB0_556
	0x49, 0x89, 0xd0, //0x00002820 movq         %rdx, %r8
	0x48, 0x63, 0xff, //0x00002823 movslq       %edi, %rdi
	0x49, 0x63, 0xdf, //0x00002826 movslq       %r15d, %rbx
	0x49, 0x8d, 0x04, 0x39, //0x00002829 leaq         (%r9,%rdi), %rax
	0x45, 0x31, 0xff, //0x0000282d xorl         %r15d, %r15d
	//0x00002830 LBB0_553
	0x48, 0x89, 0xce, //0x00002830 movq         %rcx, %rsi
	0x48, 0xc1, 0xee, 0x3c, //0x00002833 shrq         $60, %rsi
	0x4c, 0x21, 0xd1, //0x00002837 andq         %r10, %rcx
	0x40, 0x80, 0xce, 0x30, //0x0000283a orb          $48, %sil
	0x43, 0x88, 0x34, 0x39, //0x0000283e movb         %sil, (%r9,%r15)
	0x4a, 0x0f, 0xbe, 0x34, 0x38, //0x00002842 movsbq       (%rax,%r15), %rsi
	0x4a, 0x8d, 0x14, 0x3f, //0x00002847 leaq         (%rdi,%r15), %rdx
	0x48, 0x83, 0xc2, 0x01, //0x0000284b addq         $1, %rdx
	0x49, 0x83, 0xc7, 0x01, //0x0000284f addq         $1, %r15
	0x48, 0x8d, 0x0c, 0x89, //0x00002853 leaq         (%rcx,%rcx,4), %rcx
	0x48, 0x8d, 0x0c, 0x4e, //0x00002857 leaq         (%rsi,%rcx,2), %rcx
	0x48, 0x83, 0xc1, 0xd0, //0x0000285b addq         $-48, %rcx
	0x48, 0x39, 0xda, //0x0000285f cmpq         %rbx, %rdx
	0x0f, 0x8c, 0xc8, 0xff, 0xff, 0xff, //0x00002862 jl           LBB0_553
	0x48, 0x85, 0xc9, //0x00002868 testq        %rcx, %rcx
	0x0f, 0x84, 0x5f, 0x00, 0x00, 0x00, //0x0000286b je           LBB0_560
	0x44, 0x89, 0xf8, //0x00002871 movl         %r15d, %eax
	0x4c, 0x89, 0xc2, //0x00002874 movq         %r8, %rdx
	//0x00002877 LBB0_556
	0x41, 0x89, 0xc7, //0x00002877 movl         %eax, %r15d
	0xe9, 0x18, 0x00, 0x00, 0x00, //0x0000287a jmp          LBB0_558
	//0x0000287f LBB0_557
	0x4c, 0x39, 0xd9, //0x0000287f cmpq         %r11, %rcx
	0x45, 0x0f, 0x43, 0xe6, //0x00002882 cmovael      %r14d, %r12d
	0x48, 0x8d, 0x04, 0x3f, //0x00002886 leaq         (%rdi,%rdi), %rax
	0x48, 0x8d, 0x0c, 0x80, //0x0000288a leaq         (%rax,%rax,4), %rcx
	0x48, 0x85, 0xff, //0x0000288e testq        %rdi, %rdi
	0x0f, 0x84, 0x3c, 0x00, 0x00, 0x00, //0x00002891 je           LBB0_561
	//0x00002897 LBB0_558
	0x48, 0x89, 0xcf, //0x00002897 movq         %rcx, %rdi
	0x4c, 0x21, 0xd7, //0x0000289a andq         %r10, %rdi
	0x49, 0x63, 0xc7, //0x0000289d movslq       %r15d, %rax
	0x49, 0x39, 0xc5, //0x000028a0 cmpq         %rax, %r13
	0x0f, 0x86, 0xd6, 0xff, 0xff, 0xff, //0x000028a3 jbe          LBB0_557
	0x48, 0xc1, 0xe9, 0x3c, //0x000028a9 shrq         $60, %rcx
	0x80, 0xc9, 0x30, //0x000028ad orb          $48, %cl
	0x41, 0x88, 0x0c, 0x01, //0x000028b0 movb         %cl, (%r9,%rax)
	0x83, 0xc0, 0x01, //0x000028b4 addl         $1, %eax
	0x41, 0x89, 0xc7, //0x000028b7 movl         %eax, %r15d
	0x48, 0x8d, 0x04, 0x3f, //0x000028ba leaq         (%rdi,%rdi), %rax
	0x48, 0x8d, 0x0c, 0x80, //0x000028be leaq         (%rax,%rax,4), %rcx
	0x48, 0x85, 0xff, //0x000028c2 testq        %rdi, %rdi
	0x0f, 0x85, 0xcc, 0xff, 0xff, 0xff, //0x000028c5 jne          LBB0_558
	0xe9, 0x03, 0x00, 0x00, 0x00, //0x000028cb jmp          LBB0_561
	//0x000028d0 LBB0_560
	0x4c, 0x89, 0xc2, //0x000028d0 movq         %r8, %rdx
	//0x000028d3 LBB0_561
	0x48, 0x8b, 0x45, 0xc8, //0x000028d3 movq         $-56(%rbp), %rax
	0x83, 0xc0, 0x01, //0x000028d7 addl         $1, %eax
	0x48, 0x89, 0x45, 0xc8, //0x000028da movq         %rax, $-56(%rbp)
	0x45, 0x85, 0xff, //0x000028de testl        %r15d, %r15d
	0x0f, 0x8e, 0x2c, 0x00, 0x00, 0x00, //0x000028e1 jle          LBB0_565
	0x44, 0x89, 0xf8, //0x000028e7 movl         %r15d, %eax
	0x48, 0x83, 0xc0, 0x01, //0x000028ea addq         $1, %rax
	//0x000028ee LBB0_563
	0x41, 0x8d, 0x4f, 0xff, //0x000028ee leal         $-1(%r15), %ecx
	0x41, 0x80, 0x3c, 0x09, 0x30, //0x000028f2 cmpb         $48, (%r9,%rcx)
	0x0f, 0x85, 0xa0, 0xfe, 0xff, 0xff, //0x000028f7 jne          LBB0_544
	0x48, 0x83, 0xc0, 0xff, //0x000028fd addq         $-1, %rax
	0x41, 0x89, 0xcf, //0x00002901 movl         %ecx, %r15d
	0x48, 0x83, 0xf8, 0x01, //0x00002904 cmpq         $1, %rax
	0x0f, 0x8f, 0xe0, 0xff, 0xff, 0xff, //0x00002908 jg           LBB0_563
	0xe9, 0x81, 0xfe, 0xff, 0xff, //0x0000290e jmp          LBB0_542
	//0x00002913 LBB0_565
	0x0f, 0x85, 0x84, 0xfe, 0xff, 0xff, //0x00002913 jne          LBB0_544
	0xe9, 0x76, 0xfe, 0xff, 0xff, //0x00002919 jmp          LBB0_542
	//0x0000291e LBB0_566
	0x81, 0xf9, 0x00, 0x04, 0x00, 0x00, //0x0000291e cmpl         $1024, %ecx
	0x0f, 0x8f, 0xcf, 0x07, 0x00, 0x00, //0x00002924 jg           LBB0_664
	0x4c, 0x89, 0x75, 0xc8, //0x0000292a movq         %r14, $-56(%rbp)
	0x83, 0xc1, 0xff, //0x0000292e addl         $-1, %ecx
	0x89, 0xca, //0x00002931 movl         %ecx, %edx
	0xe9, 0x04, 0x02, 0x00, 0x00, //0x00002933 jmp          LBB0_597
	//0x00002938 LBB0_568
	0x31, 0xc0, //0x00002938 xorl         %eax, %eax
	0xe9, 0x78, 0x04, 0x00, 0x00, //0x0000293a jmp          LBB0_633
	//0x0000293f LBB0_569
	0x44, 0x89, 0xc7, //0x0000293f movl         %r8d, %edi
	0x89, 0xd1, //0x00002942 movl         %edx, %ecx
	//0x00002944 LBB0_570
	0xf7, 0xd9, //0x00002944 negl         %ecx
	0x31, 0xd2, //0x00002946 xorl         %edx, %edx
	0x85, 0xff, //0x00002948 testl        %edi, %edi
	0xbe, 0x00, 0x00, 0x00, 0x00, //0x0000294a movl         $0, %esi
	0x0f, 0x4f, 0xf7, //0x0000294f cmovgl       %edi, %esi
	0x31, 0xc0, //0x00002952 xorl         %eax, %eax
	//0x00002954 LBB0_571
	0x48, 0x39, 0xd6, //0x00002954 cmpq         %rdx, %rsi
	0x0f, 0x84, 0x9e, 0x00, 0x00, 0x00, //0x00002957 je           LBB0_579
	0x48, 0x8d, 0x04, 0x80, //0x0000295d leaq         (%rax,%rax,4), %rax
	0x49, 0x0f, 0xbe, 0x1c, 0x11, //0x00002961 movsbq       (%r9,%rdx), %rbx
	0x48, 0x8d, 0x04, 0x43, //0x00002966 leaq         (%rbx,%rax,2), %rax
	0x48, 0x83, 0xc0, 0xd0, //0x0000296a addq         $-48, %rax
	0x48, 0x83, 0xc2, 0x01, //0x0000296e addq         $1, %rdx
	0x48, 0x89, 0xc3, //0x00002972 movq         %rax, %rbx
	0x48, 0xd3, 0xeb, //0x00002975 shrq         %cl, %rbx
	0x48, 0x85, 0xdb, //0x00002978 testq        %rbx, %rbx
	0x0f, 0x84, 0xd3, 0xff, 0xff, 0xff, //0x0000297b je           LBB0_571
	0x89, 0xd6, //0x00002981 movl         %edx, %esi
	//0x00002983 LBB0_574
	0x49, 0xc7, 0xc6, 0xff, 0xff, 0xff, 0xff, //0x00002983 movq         $-1, %r14
	0x49, 0xd3, 0xe6, //0x0000298a shlq         %cl, %r14
	0x49, 0xf7, 0xd6, //0x0000298d notq         %r14
	0x31, 0xdb, //0x00002990 xorl         %ebx, %ebx
	0x39, 0xfe, //0x00002992 cmpl         %edi, %esi
	0x0f, 0x8d, 0x43, 0x00, 0x00, 0x00, //0x00002994 jge          LBB0_577
	0x4c, 0x63, 0xd6, //0x0000299a movslq       %esi, %r10
	0x4d, 0x63, 0xc7, //0x0000299d movslq       %r15d, %r8
	0x4f, 0x8d, 0x1c, 0x11, //0x000029a0 leaq         (%r9,%r10), %r11
	0x31, 0xdb, //0x000029a4 xorl         %ebx, %ebx
	//0x000029a6 LBB0_576
	0x48, 0x89, 0xc7, //0x000029a6 movq         %rax, %rdi
	0x48, 0xd3, 0xef, //0x000029a9 shrq         %cl, %rdi
	0x4c, 0x21, 0xf0, //0x000029ac andq         %r14, %rax
	0x40, 0x80, 0xc7, 0x30, //0x000029af addb         $48, %dil
	0x41, 0x88, 0x3c, 0x19, //0x000029b3 movb         %dil, (%r9,%rbx)
	0x49, 0x0f, 0xbe, 0x3c, 0x1b, //0x000029b7 movsbq       (%r11,%rbx), %rdi
	0x49, 0x8d, 0x14, 0x1a, //0x000029bc leaq         (%r10,%rbx), %rdx
	0x48, 0x83, 0xc2, 0x01, //0x000029c0 addq         $1, %rdx
	0x48, 0x83, 0xc3, 0x01, //0x000029c4 addq         $1, %rbx
	0x48, 0x8d, 0x04, 0x80, //0x000029c8 leaq         (%rax,%rax,4), %rax
	0x48, 0x8d, 0x04, 0x47, //0x000029cc leaq         (%rdi,%rax,2), %rax
	0x48, 0x83, 0xc0, 0xd0, //0x000029d0 addq         $-48, %rax
	0x4c, 0x39, 0xc2, //0x000029d4 cmpq         %r8, %rdx
	0x0f, 0x8c, 0xc9, 0xff, 0xff, 0xff, //0x000029d7 jl           LBB0_576
	//0x000029dd LBB0_577
	0x48, 0x8b, 0x55, 0xc8, //0x000029dd movq         $-56(%rbp), %rdx
	0x29, 0xf2, //0x000029e1 subl         %esi, %edx
	0x83, 0xc2, 0x01, //0x000029e3 addl         $1, %edx
	0x48, 0x89, 0x55, 0xc8, //0x000029e6 movq         %rdx, $-56(%rbp)
	0x48, 0x85, 0xc0, //0x000029ea testq        %rax, %rax
	0x0f, 0x85, 0x3c, 0x00, 0x00, 0x00, //0x000029ed jne          LBB0_582
	0x41, 0x89, 0xdf, //0x000029f3 movl         %ebx, %r15d
	0xe9, 0x8f, 0x00, 0x00, 0x00, //0x000029f6 jmp          LBB0_586
	//0x000029fb LBB0_579
	0x48, 0x85, 0xc0, //0x000029fb testq        %rax, %rax
	0x0f, 0x84, 0xa8, 0x03, 0x00, 0x00, //0x000029fe je           LBB0_632
	0x48, 0x89, 0xc2, //0x00002a04 movq         %rax, %rdx
	0x48, 0xd3, 0xea, //0x00002a07 shrq         %cl, %rdx
	0x48, 0x85, 0xd2, //0x00002a0a testq        %rdx, %rdx
	0x0f, 0x84, 0xb7, 0x00, 0x00, 0x00, //0x00002a0d je           LBB0_591
	0x49, 0xc7, 0xc6, 0xff, 0xff, 0xff, 0xff, //0x00002a13 movq         $-1, %r14
	0x49, 0xd3, 0xe6, //0x00002a1a shlq         %cl, %r14
	0x49, 0xf7, 0xd6, //0x00002a1d notq         %r14
	0x48, 0x8b, 0x55, 0xc8, //0x00002a20 movq         $-56(%rbp), %rdx
	0x29, 0xf2, //0x00002a24 subl         %esi, %edx
	0x83, 0xc2, 0x01, //0x00002a26 addl         $1, %edx
	0x48, 0x89, 0x55, 0xc8, //0x00002a29 movq         %rdx, $-56(%rbp)
	0x31, 0xdb, //0x00002a2d xorl         %ebx, %ebx
	//0x00002a2f LBB0_582
	0xbe, 0x01, 0x00, 0x00, 0x00, //0x00002a2f movl         $1, %esi
	0x41, 0x89, 0xdf, //0x00002a34 movl         %ebx, %r15d
	0x48, 0x8b, 0x55, 0xa8, //0x00002a37 movq         $-88(%rbp), %rdx
	0xe9, 0x17, 0x00, 0x00, 0x00, //0x00002a3b jmp          LBB0_584
	//0x00002a40 LBB0_583
	0x48, 0x85, 0xff, //0x00002a40 testq        %rdi, %rdi
	0x44, 0x0f, 0x45, 0xe6, //0x00002a43 cmovnel      %esi, %r12d
	0x48, 0x01, 0xc0, //0x00002a47 addq         %rax, %rax
	0x48, 0x8d, 0x04, 0x80, //0x00002a4a leaq         (%rax,%rax,4), %rax
	0x48, 0x85, 0xc0, //0x00002a4e testq        %rax, %rax
	0x0f, 0x84, 0x33, 0x00, 0x00, 0x00, //0x00002a51 je           LBB0_586
	//0x00002a57 LBB0_584
	0x48, 0x89, 0xc7, //0x00002a57 movq         %rax, %rdi
	0x48, 0xd3, 0xef, //0x00002a5a shrq         %cl, %rdi
	0x4c, 0x21, 0xf0, //0x00002a5d andq         %r14, %rax
	0x49, 0x63, 0xdf, //0x00002a60 movslq       %r15d, %rbx
	0x48, 0x39, 0xda, //0x00002a63 cmpq         %rbx, %rdx
	0x0f, 0x86, 0xd4, 0xff, 0xff, 0xff, //0x00002a66 jbe          LBB0_583
	0x40, 0x80, 0xc7, 0x30, //0x00002a6c addb         $48, %dil
	0x41, 0x88, 0x3c, 0x19, //0x00002a70 movb         %dil, (%r9,%rbx)
	0x83, 0xc3, 0x01, //0x00002a74 addl         $1, %ebx
	0x41, 0x89, 0xdf, //0x00002a77 movl         %ebx, %r15d
	0x48, 0x01, 0xc0, //0x00002a7a addq         %rax, %rax
	0x48, 0x8d, 0x04, 0x80, //0x00002a7d leaq         (%rax,%rax,4), %rax
	0x48, 0x85, 0xc0, //0x00002a81 testq        %rax, %rax
	0x0f, 0x85, 0xcd, 0xff, 0xff, 0xff, //0x00002a84 jne          LBB0_584
	//0x00002a8a LBB0_586
	0x45, 0x85, 0xff, //0x00002a8a testl        %r15d, %r15d
	0x0f, 0x8e, 0x67, 0x00, 0x00, 0x00, //0x00002a8d jle          LBB0_593
	0x44, 0x89, 0xf8, //0x00002a93 movl         %r15d, %eax
	0x48, 0x83, 0xc0, 0x01, //0x00002a96 addq         $1, %rax
	0x31, 0xf6, //0x00002a9a xorl         %esi, %esi
	//0x00002a9c LBB0_588
	0x41, 0x8d, 0x4f, 0xff, //0x00002a9c leal         $-1(%r15), %ecx
	0x41, 0x80, 0x3c, 0x09, 0x30, //0x00002aa0 cmpb         $48, (%r9,%rcx)
	0x0f, 0x85, 0x89, 0x00, 0x00, 0x00, //0x00002aa5 jne          LBB0_596
	0x48, 0x83, 0xc0, 0xff, //0x00002aab addq         $-1, %rax
	0x41, 0x89, 0xcf, //0x00002aaf movl         %ecx, %r15d
	0x48, 0x83, 0xf8, 0x01, //0x00002ab2 cmpq         $1, %rax
	0x0f, 0x8f, 0xe0, 0xff, 0xff, 0xff, //0x00002ab6 jg           LBB0_588
	0xb8, 0x02, 0xfc, 0xff, 0xff, //0x00002abc movl         $-1022, %eax
	0x48, 0x89, 0x45, 0xc0, //0x00002ac1 movq         %rax, $-64(%rbp)
	0xe9, 0x5e, 0x06, 0x00, 0x00, //0x00002ac5 jmp          LBB0_666
	//0x00002aca LBB0_591
	0x48, 0x01, 0xc0, //0x00002aca addq         %rax, %rax
	0x48, 0x8d, 0x04, 0x80, //0x00002acd leaq         (%rax,%rax,4), %rax
	0x83, 0xc6, 0x01, //0x00002ad1 addl         $1, %esi
	0x48, 0x89, 0xc2, //0x00002ad4 movq         %rax, %rdx
	0x48, 0xd3, 0xea, //0x00002ad7 shrq         %cl, %rdx
	0x48, 0x85, 0xd2, //0x00002ada testq        %rdx, %rdx
	0x0f, 0x84, 0xe7, 0xff, 0xff, 0xff, //0x00002add je           LBB0_591
	0xe9, 0x9b, 0xfe, 0xff, 0xff, //0x00002ae3 jmp          LBB0_574
	//0x00002ae8 LBB0_592
	0x49, 0xc7, 0xc3, 0xff, 0xff, 0xff, 0xff, //0x00002ae8 movq         $-1, %r11
	0x49, 0x29, 0xfe, //0x00002aef subq         %rdi, %r14
	0x4d, 0x89, 0x1f, //0x00002af2 movq         %r11, (%r15)
	0xe9, 0x15, 0xeb, 0xff, 0xff, //0x00002af5 jmp          LBB0_292
	//0x00002afa LBB0_593
	0xb8, 0x02, 0xfc, 0xff, 0xff, //0x00002afa movl         $-1022, %eax
	0x48, 0x89, 0x45, 0xc0, //0x00002aff movq         %rax, $-64(%rbp)
	0x45, 0x85, 0xff, //0x00002b03 testl        %r15d, %r15d
	0x0f, 0x84, 0x8c, 0x03, 0x00, 0x00, //0x00002b06 je           LBB0_644
	0x45, 0x89, 0xf8, //0x00002b0c movl         %r15d, %r8d
	0xe9, 0x35, 0x00, 0x00, 0x00, //0x00002b0f jmp          LBB0_599
	//0x00002b14 LBB0_595
	0x49, 0xc7, 0xc7, 0xff, 0xff, 0xff, 0xff, //0x00002b14 movq         $-1, %r15
	0x49, 0xc7, 0xc0, 0xff, 0xff, 0xff, 0xff, //0x00002b1b movq         $-1, %r8
	0x4d, 0x89, 0xf1, //0x00002b22 movq         %r14, %r9
	0x49, 0x83, 0xfd, 0x10, //0x00002b25 cmpq         $16, %r13
	0x0f, 0x83, 0x58, 0xdb, 0xff, 0xff, //0x00002b29 jae          LBB0_66
	0xe9, 0xa6, 0xdc, 0xff, 0xff, //0x00002b2f jmp          LBB0_84
	//0x00002b34 LBB0_596
	0xba, 0x02, 0xfc, 0xff, 0xff, //0x00002b34 movl         $-1022, %edx
	0x45, 0x89, 0xf8, //0x00002b39 movl         %r15d, %r8d
	//0x00002b3c LBB0_597
	0x45, 0x85, 0xc0, //0x00002b3c testl        %r8d, %r8d
	0x0f, 0x84, 0xb2, 0x00, 0x00, 0x00, //0x00002b3f je           LBB0_609
	0x48, 0x89, 0x55, 0xc0, //0x00002b45 movq         %rdx, $-64(%rbp)
	//0x00002b49 LBB0_599
	0x49, 0x63, 0xc0, //0x00002b49 movslq       %r8d, %rax
	0x48, 0x8d, 0x78, 0xfe, //0x00002b4c leaq         $-2(%rax), %rdi
	0x48, 0x8d, 0x50, 0xff, //0x00002b50 leaq         $-1(%rax), %rdx
	0x31, 0xf6, //0x00002b54 xorl         %esi, %esi
	//0x00002b56 LBB0_600
	0x48, 0x8d, 0x0d, 0x93, 0x41, 0x00, 0x00, //0x00002b56 leaq         $16787(%rip), %rcx  /* _LSHIFT_TAB+0(%rip) */
	0x0f, 0xb6, 0x9c, 0x0e, 0x8c, 0x15, 0x00, 0x00, //0x00002b5d movzbl       $5516(%rsi,%rcx), %ebx
	0x41, 0x0f, 0xb6, 0x0c, 0x31, //0x00002b65 movzbl       (%r9,%rsi), %ecx
	0x38, 0xd9, //0x00002b6a cmpb         %bl, %cl
	0x0f, 0x85, 0x90, 0x00, 0x00, 0x00, //0x00002b6c jne          LBB0_610
	0x48, 0x39, 0xf2, //0x00002b72 cmpq         %rsi, %rdx
	0x0f, 0x84, 0x5a, 0x00, 0x00, 0x00, //0x00002b75 je           LBB0_607
	0x48, 0x8d, 0x0d, 0x6e, 0x41, 0x00, 0x00, //0x00002b7b leaq         $16750(%rip), %rcx  /* _LSHIFT_TAB+0(%rip) */
	0x0f, 0xb6, 0x9c, 0x0e, 0x8d, 0x15, 0x00, 0x00, //0x00002b82 movzbl       $5517(%rsi,%rcx), %ebx
	0x41, 0x0f, 0xb6, 0x4c, 0x31, 0x01, //0x00002b8a movzbl       $1(%r9,%rsi), %ecx
	0x38, 0xd9, //0x00002b90 cmpb         %bl, %cl
	0x0f, 0x85, 0x6a, 0x00, 0x00, 0x00, //0x00002b92 jne          LBB0_610
	0x48, 0x39, 0xf7, //0x00002b98 cmpq         %rsi, %rdi
	0x0f, 0x84, 0x34, 0x00, 0x00, 0x00, //0x00002b9b je           LBB0_607
	0x48, 0x83, 0xfe, 0x24, //0x00002ba1 cmpq         $36, %rsi
	0x0f, 0x84, 0x42, 0x00, 0x00, 0x00, //0x00002ba5 je           LBB0_608
	0x48, 0x8d, 0x0d, 0x3e, 0x41, 0x00, 0x00, //0x00002bab leaq         $16702(%rip), %rcx  /* _LSHIFT_TAB+0(%rip) */
	0x0f, 0xb6, 0x9c, 0x0e, 0x8e, 0x15, 0x00, 0x00, //0x00002bb2 movzbl       $5518(%rsi,%rcx), %ebx
	0x41, 0x0f, 0xb6, 0x4c, 0x31, 0x02, //0x00002bba movzbl       $2(%r9,%rsi), %ecx
	0x38, 0xd9, //0x00002bc0 cmpb         %bl, %cl
	0x0f, 0x85, 0x3a, 0x00, 0x00, 0x00, //0x00002bc2 jne          LBB0_610
	0x48, 0x83, 0xc6, 0x03, //0x00002bc8 addq         $3, %rsi
	0x48, 0x39, 0xf0, //0x00002bcc cmpq         %rsi, %rax
	0x0f, 0x85, 0x81, 0xff, 0xff, 0xff, //0x00002bcf jne          LBB0_600
	//0x00002bd5 LBB0_607
	0x44, 0x89, 0xc0, //0x00002bd5 movl         %r8d, %eax
	0x48, 0x8d, 0x0d, 0x11, 0x41, 0x00, 0x00, //0x00002bd8 leaq         $16657(%rip), %rcx  /* _LSHIFT_TAB+0(%rip) */
	0x80, 0xbc, 0x08, 0x8c, 0x15, 0x00, 0x00, 0x00, //0x00002bdf cmpb         $0, $5516(%rax,%rcx)
	0x0f, 0x85, 0x22, 0x00, 0x00, 0x00, //0x00002be7 jne          LBB0_611
	//0x00002bed LBB0_608
	0xbe, 0x10, 0x00, 0x00, 0x00, //0x00002bed movl         $16, %esi
	0xe9, 0x1d, 0x00, 0x00, 0x00, //0x00002bf2 jmp          LBB0_612
	//0x00002bf7 LBB0_609
	0x31, 0xc0, //0x00002bf7 xorl         %eax, %eax
	0x4c, 0x8b, 0x75, 0xc8, //0x00002bf9 movq         $-56(%rbp), %r14
	0xe9, 0xb5, 0x01, 0x00, 0x00, //0x00002bfd jmp          LBB0_633
	//0x00002c02 LBB0_610
	0xbe, 0x10, 0x00, 0x00, 0x00, //0x00002c02 movl         $16, %esi
	0x38, 0xd9, //0x00002c07 cmpb         %bl, %cl
	0x0f, 0x8d, 0x05, 0x00, 0x00, 0x00, //0x00002c09 jge          LBB0_612
	//0x00002c0f LBB0_611
	0xbe, 0x0f, 0x00, 0x00, 0x00, //0x00002c0f movl         $15, %esi
	//0x00002c14 LBB0_612
	0x45, 0x85, 0xc0, //0x00002c14 testl        %r8d, %r8d
	0x0f, 0x8e, 0xb2, 0x00, 0x00, 0x00, //0x00002c17 jle          LBB0_620
	0x49, 0x89, 0xf5, //0x00002c1d movq         %rsi, %r13
	0x46, 0x8d, 0x1c, 0x06, //0x00002c20 leal         (%rsi,%r8), %r11d
	0x44, 0x89, 0xc7, //0x00002c24 movl         %r8d, %edi
	0x49, 0x63, 0xcb, //0x00002c27 movslq       %r11d, %rcx
	0x48, 0x83, 0xc1, 0xff, //0x00002c2a addq         $-1, %rcx
	0x48, 0x83, 0xc7, 0x01, //0x00002c2e addq         $1, %rdi
	0x41, 0x83, 0xc0, 0xff, //0x00002c32 addl         $-1, %r8d
	0x45, 0x31, 0xf6, //0x00002c36 xorl         %r14d, %r14d
	0x49, 0xba, 0x00, 0x00, 0x00, 0x00, 0x00, 0x00, 0x00, 0xfa, //0x00002c39 movabsq      $-432345564227567616, %r10
	0x48, 0x8b, 0x5d, 0xa8, //0x00002c43 movq         $-88(%rbp), %rbx
	0xe9, 0x26, 0x00, 0x00, 0x00, //0x00002c47 jmp          LBB0_616
	//0x00002c4c LBB0_614
	0x48, 0x85, 0xc0, //0x00002c4c testq        %rax, %rax
	0xb8, 0x01, 0x00, 0x00, 0x00, //0x00002c4f movl         $1, %eax
	0x44, 0x0f, 0x45, 0xe0, //0x00002c54 cmovnel      %eax, %r12d
	//0x00002c58 LBB0_615
	0x41, 0x83, 0xc3, 0xff, //0x00002c58 addl         $-1, %r11d
	0x48, 0x83, 0xc1, 0xff, //0x00002c5c addq         $-1, %rcx
	0x48, 0x83, 0xc7, 0xff, //0x00002c60 addq         $-1, %rdi
	0x41, 0x83, 0xc0, 0xff, //0x00002c64 addl         $-1, %r8d
	0x48, 0x83, 0xff, 0x01, //0x00002c68 cmpq         $1, %rdi
	0x0f, 0x8e, 0x4b, 0x00, 0x00, 0x00, //0x00002c6c jle          LBB0_618
	//0x00002c72 LBB0_616
	0x44, 0x89, 0xc0, //0x00002c72 movl         %r8d, %eax
	0x49, 0x0f, 0xbe, 0x34, 0x01, //0x00002c75 movsbq       (%r9,%rax), %rsi
	0x48, 0xc1, 0xe6, 0x35, //0x00002c7a shlq         $53, %rsi
	0x4c, 0x01, 0xf6, //0x00002c7e addq         %r14, %rsi
	0x4c, 0x01, 0xd6, //0x00002c81 addq         %r10, %rsi
	0x48, 0x89, 0xf0, //0x00002c84 movq         %rsi, %rax
	0x48, 0xba, 0xcd, 0xcc, 0xcc, 0xcc, 0xcc, 0xcc, 0xcc, 0xcc, //0x00002c87 movabsq      $-3689348814741910323, %rdx
	0x48, 0xf7, 0xe2, //0x00002c91 mulq         %rdx
	0x49, 0x89, 0xd6, //0x00002c94 movq         %rdx, %r14
	0x49, 0xc1, 0xee, 0x03, //0x00002c97 shrq         $3, %r14
	0x4b, 0x8d, 0x04, 0x36, //0x00002c9b leaq         (%r14,%r14), %rax
	0x48, 0x8d, 0x14, 0x80, //0x00002c9f leaq         (%rax,%rax,4), %rdx
	0x48, 0x89, 0xf0, //0x00002ca3 movq         %rsi, %rax
	0x48, 0x29, 0xd0, //0x00002ca6 subq         %rdx, %rax
	0x48, 0x39, 0xd9, //0x00002ca9 cmpq         %rbx, %rcx
	0x0f, 0x83, 0x9a, 0xff, 0xff, 0xff, //0x00002cac jae          LBB0_614
	0x04, 0x30, //0x00002cb2 addb         $48, %al
	0x41, 0x88, 0x04, 0x09, //0x00002cb4 movb         %al, (%r9,%rcx)
	0xe9, 0x9b, 0xff, 0xff, 0xff, //0x00002cb8 jmp          LBB0_615
	//0x00002cbd LBB0_618
	0x48, 0x83, 0xfe, 0x0a, //0x00002cbd cmpq         $10, %rsi
	0x0f, 0x83, 0x11, 0x00, 0x00, 0x00, //0x00002cc1 jae          LBB0_621
	0x4c, 0x89, 0xee, //0x00002cc7 movq         %r13, %rsi
	0xe9, 0x78, 0x00, 0x00, 0x00, //0x00002cca jmp          LBB0_625
	//0x00002ccf LBB0_620
	0x48, 0x8b, 0x5d, 0xa8, //0x00002ccf movq         $-88(%rbp), %rbx
	0xe9, 0x6f, 0x00, 0x00, 0x00, //0x00002cd3 jmp          LBB0_625
	//0x00002cd8 LBB0_621
	0x49, 0x63, 0xcb, //0x00002cd8 movslq       %r11d, %rcx
	0x48, 0x83, 0xc1, 0xff, //0x00002cdb addq         $-1, %rcx
	0x41, 0xb8, 0x01, 0x00, 0x00, 0x00, //0x00002cdf movl         $1, %r8d
	0x4c, 0x89, 0xee, //0x00002ce5 movq         %r13, %rsi
	0xe9, 0x18, 0x00, 0x00, 0x00, //0x00002ce8 jmp          LBB0_623
	//0x00002ced LBB0_622
	0x48, 0x85, 0xc0, //0x00002ced testq        %rax, %rax
	0x45, 0x0f, 0x45, 0xe0, //0x00002cf0 cmovnel      %r8d, %r12d
	0x48, 0x83, 0xc1, 0xff, //0x00002cf4 addq         $-1, %rcx
	0x49, 0x83, 0xfe, 0x09, //0x00002cf8 cmpq         $9, %r14
	0x49, 0x89, 0xd6, //0x00002cfc movq         %rdx, %r14
	0x0f, 0x86, 0x42, 0x00, 0x00, 0x00, //0x00002cff jbe          LBB0_625
	//0x00002d05 LBB0_623
	0x4c, 0x89, 0xf0, //0x00002d05 movq         %r14, %rax
	0x48, 0xba, 0xcd, 0xcc, 0xcc, 0xcc, 0xcc, 0xcc, 0xcc, 0xcc, //0x00002d08 movabsq      $-3689348814741910323, %rdx
	0x48, 0xf7, 0xe2, //0x00002d12 mulq         %rdx
	0x48, 0xc1, 0xea, 0x03, //0x00002d15 shrq         $3, %rdx
	0x48, 0x8d, 0x04, 0x12, //0x00002d19 leaq         (%rdx,%rdx), %rax
	0x48, 0x8d, 0x3c, 0x80, //0x00002d1d leaq         (%rax,%rax,4), %rdi
	0x4c, 0x89, 0xf0, //0x00002d21 movq         %r14, %rax
	0x48, 0x29, 0xf8, //0x00002d24 subq         %rdi, %rax
	0x48, 0x39, 0xd9, //0x00002d27 cmpq         %rbx, %rcx
	0x0f, 0x83, 0xbd, 0xff, 0xff, 0xff, //0x00002d2a jae          LBB0_622
	0x04, 0x30, //0x00002d30 addb         $48, %al
	0x41, 0x88, 0x04, 0x09, //0x00002d32 movb         %al, (%r9,%rcx)
	0x48, 0x83, 0xc1, 0xff, //0x00002d36 addq         $-1, %rcx
	0x49, 0x83, 0xfe, 0x09, //0x00002d3a cmpq         $9, %r14
	0x49, 0x89, 0xd6, //0x00002d3e movq         %rdx, %r14
	0x0f, 0x87, 0xbe, 0xff, 0xff, 0xff, //0x00002d41 ja           LBB0_623
	//0x00002d47 LBB0_625
	0x41, 0x01, 0xf7, //0x00002d47 addl         %esi, %r15d
	0x49, 0x63, 0xc7, //0x00002d4a movslq       %r15d, %rax
	0x48, 0x39, 0xc3, //0x00002d4d cmpq         %rax, %rbx
	0x0f, 0x46, 0xc3, //0x00002d50 cmovbel      %ebx, %eax
	0x48, 0x8b, 0x4d, 0xc8, //0x00002d53 movq         $-56(%rbp), %rcx
	0x01, 0xf1, //0x00002d57 addl         %esi, %ecx
	0x48, 0x89, 0x4d, 0xc8, //0x00002d59 movq         %rcx, $-56(%rbp)
	0x85, 0xc0, //0x00002d5d testl        %eax, %eax
	0x0f, 0x8e, 0x29, 0x00, 0x00, 0x00, //0x00002d5f jle          LBB0_629
	0x89, 0xc1, //0x00002d65 movl         %eax, %ecx
	0x48, 0x83, 0xc1, 0x01, //0x00002d67 addq         $1, %rcx
	//0x00002d6b LBB0_627
	0x8d, 0x50, 0xff, //0x00002d6b leal         $-1(%rax), %edx
	0x41, 0x80, 0x3c, 0x11, 0x30, //0x00002d6e cmpb         $48, (%r9,%rdx)
	0x0f, 0x85, 0x1d, 0x00, 0x00, 0x00, //0x00002d73 jne          LBB0_630
	0x48, 0x83, 0xc1, 0xff, //0x00002d79 addq         $-1, %rcx
	0x89, 0xd0, //0x00002d7d movl         %edx, %eax
	0x48, 0x83, 0xf9, 0x01, //0x00002d7f cmpq         $1, %rcx
	0x0f, 0x8f, 0xe2, 0xff, 0xff, 0xff, //0x00002d83 jg           LBB0_627
	0xe9, 0x15, 0x00, 0x00, 0x00, //0x00002d89 jmp          LBB0_631
	//0x00002d8e LBB0_629
	0x85, 0xc0, //0x00002d8e testl        %eax, %eax
	0x0f, 0x84, 0x0d, 0x00, 0x00, 0x00, //0x00002d90 je           LBB0_631
	//0x00002d96 LBB0_630
	0x4c, 0x8b, 0x75, 0xc8, //0x00002d96 movq         $-56(%rbp), %r14
	0x48, 0x8b, 0x55, 0xc0, //0x00002d9a movq         $-64(%rbp), %rdx
	0xe9, 0x14, 0x00, 0x00, 0x00, //0x00002d9e jmp          LBB0_633
	//0x00002da3 LBB0_631
	0x31, 0xd2, //0x00002da3 xorl         %edx, %edx
	0x31, 0xf6, //0x00002da5 xorl         %esi, %esi
	0xe9, 0x24, 0x03, 0x00, 0x00, //0x00002da7 jmp          LBB0_662
	//0x00002dac LBB0_632
	0x31, 0xc0, //0x00002dac xorl         %eax, %eax
	0x4c, 0x8b, 0x75, 0xc8, //0x00002dae movq         $-56(%rbp), %r14
	0xba, 0x02, 0xfc, 0xff, 0xff, //0x00002db2 movl         $-1022, %edx
	//0x00002db7 LBB0_633
	0x48, 0x89, 0x55, 0xc0, //0x00002db7 movq         %rdx, $-64(%rbp)
	0x48, 0xc7, 0xc6, 0xff, 0xff, 0xff, 0xff, //0x00002dbb movq         $-1, %rsi
	0x41, 0x83, 0xfe, 0x14, //0x00002dc2 cmpl         $20, %r14d
	0x0f, 0x8f, 0x5c, 0x03, 0x00, 0x00, //0x00002dc6 jg           LBB0_666
	0x44, 0x89, 0xf1, //0x00002dcc movl         %r14d, %ecx
	0x4d, 0x89, 0xf7, //0x00002dcf movq         %r14, %r15
	0x45, 0x85, 0xf6, //0x00002dd2 testl        %r14d, %r14d
	0x0f, 0x8e, 0x4c, 0x00, 0x00, 0x00, //0x00002dd5 jle          LBB0_639
	0x31, 0xff, //0x00002ddb xorl         %edi, %edi
	0x85, 0xc0, //0x00002ddd testl        %eax, %eax
	0xbb, 0x00, 0x00, 0x00, 0x00, //0x00002ddf movl         $0, %ebx
	0x0f, 0x4f, 0xd8, //0x00002de4 cmovgl       %eax, %ebx
	0x4c, 0x8d, 0x59, 0xff, //0x00002de7 leaq         $-1(%rcx), %r11
	0x49, 0x39, 0xdb, //0x00002deb cmpq         %rbx, %r11
	0x4c, 0x0f, 0x43, 0xdb, //0x00002dee cmovaeq      %rbx, %r11
	0x45, 0x8d, 0x43, 0x01, //0x00002df2 leal         $1(%r11), %r8d
	0x31, 0xd2, //0x00002df6 xorl         %edx, %edx
	//0x00002df8 LBB0_636
	0x48, 0x39, 0xfb, //0x00002df8 cmpq         %rdi, %rbx
	0x0f, 0x84, 0x2b, 0x00, 0x00, 0x00, //0x00002dfb je           LBB0_640
	0x48, 0x8d, 0x14, 0x92, //0x00002e01 leaq         (%rdx,%rdx,4), %rdx
	0x49, 0x0f, 0xbe, 0x34, 0x39, //0x00002e05 movsbq       (%r9,%rdi), %rsi
	0x48, 0x8d, 0x14, 0x56, //0x00002e0a leaq         (%rsi,%rdx,2), %rdx
	0x48, 0x83, 0xc2, 0xd0, //0x00002e0e addq         $-48, %rdx
	0x48, 0x83, 0xc7, 0x01, //0x00002e12 addq         $1, %rdi
	0x48, 0x39, 0xf9, //0x00002e16 cmpq         %rdi, %rcx
	0x0f, 0x85, 0xd9, 0xff, 0xff, 0xff, //0x00002e19 jne          LBB0_636
	0x45, 0x89, 0xc3, //0x00002e1f movl         %r8d, %r11d
	0xe9, 0x05, 0x00, 0x00, 0x00, //0x00002e22 jmp          LBB0_640
	//0x00002e27 LBB0_639
	0x45, 0x31, 0xdb, //0x00002e27 xorl         %r11d, %r11d
	0x31, 0xd2, //0x00002e2a xorl         %edx, %edx
	//0x00002e2c LBB0_640
	0x4c, 0x89, 0xfb, //0x00002e2c movq         %r15, %rbx
	0x85, 0xdb, //0x00002e2f testl        %ebx, %ebx
	0x41, 0x0f, 0x9e, 0xc2, //0x00002e31 setle        %r10b
	0x89, 0xdf, //0x00002e35 movl         %ebx, %edi
	0x44, 0x29, 0xdf, //0x00002e37 subl         %r11d, %edi
	0x0f, 0x8e, 0x3d, 0x02, 0x00, 0x00, //0x00002e3a jle          LBB0_655
	0x83, 0xff, 0x10, //0x00002e40 cmpl         $16, %edi
	0x0f, 0x82, 0x1c, 0x02, 0x00, 0x00, //0x00002e43 jb           LBB0_653
	0x41, 0x89, 0xf8, //0x00002e49 movl         %edi, %r8d
	0xc5, 0xfa, 0x6f, 0x05, 0x0c, 0xd3, 0xff, 0xff, //0x00002e4c vmovdqu      $-11508(%rip), %xmm0  /* LCPI0_22+0(%rip) */
	0xc4, 0xe3, 0xf9, 0x22, 0xc2, 0x00, //0x00002e54 vpinsrq      $0, %rdx, %xmm0, %xmm0
	0x41, 0x83, 0xe0, 0xf0, //0x00002e5a andl         $-16, %r8d
	0xc4, 0xe3, 0x7d, 0x02, 0x05, 0xf8, 0xd2, 0xff, 0xff, 0xf0, //0x00002e5e vpblendd     $240, $-11528(%rip), %ymm0, %ymm0  /* LCPI0_22+0(%rip) */
	0x41, 0x8d, 0x70, 0xf0, //0x00002e68 leal         $-16(%r8), %esi
	0x89, 0xf2, //0x00002e6c movl         %esi, %edx
	0xc1, 0xea, 0x04, //0x00002e6e shrl         $4, %edx
	0x83, 0xc2, 0x01, //0x00002e71 addl         $1, %edx
	0x89, 0xd3, //0x00002e74 movl         %edx, %ebx
	0x83, 0xe3, 0x03, //0x00002e76 andl         $3, %ebx
	0x83, 0xfe, 0x30, //0x00002e79 cmpl         $48, %esi
	0x0f, 0x83, 0x1d, 0x00, 0x00, 0x00, //0x00002e7c jae          LBB0_645
	0xc4, 0xe2, 0x7d, 0x59, 0x15, 0x95, 0xd3, 0xff, 0xff, //0x00002e82 vpbroadcastq $-11371(%rip), %ymm2  /* LCPI0_23+0(%rip) */
	0xc5, 0xfd, 0x6f, 0xda, //0x00002e8b vmovdqa      %ymm2, %ymm3
	0xc5, 0xfd, 0x6f, 0xca, //0x00002e8f vmovdqa      %ymm2, %ymm1
	0xe9, 0x87, 0x00, 0x00, 0x00, //0x00002e93 jmp          LBB0_647
	//0x00002e98 LBB0_644
	0x31, 0xf6, //0x00002e98 xorl         %esi, %esi
	0xe9, 0x89, 0x02, 0x00, 0x00, //0x00002e9a jmp          LBB0_666
	//0x00002e9f LBB0_645
	0x83, 0xe2, 0xfc, //0x00002e9f andl         $-4, %edx
	0xf7, 0xda, //0x00002ea2 negl         %edx
	0xc4, 0xe2, 0x7d, 0x59, 0x15, 0x73, 0xd3, 0xff, 0xff, //0x00002ea4 vpbroadcastq $-11405(%rip), %ymm2  /* LCPI0_23+0(%rip) */
	0xc4, 0xe2, 0x7d, 0x59, 0x25, 0x72, 0xd3, 0xff, 0xff, //0x00002ead vpbroadcastq $-11406(%rip), %ymm4  /* LCPI0_24+0(%rip) */
	0xc5, 0xfd, 0x6f, 0xda, //0x00002eb6 vmovdqa      %ymm2, %ymm3
	0xc5, 0xfd, 0x6f, 0xca, //0x00002eba vmovdqa      %ymm2, %ymm1
	//0x00002ebe LBB0_646
	0xc5, 0xfd, 0xf4, 0xec, //0x00002ebe vpmuludq     %ymm4, %ymm0, %ymm5
	0xc5, 0xfd, 0x73, 0xd0, 0x20, //0x00002ec2 vpsrlq       $32, %ymm0, %ymm0
	0xc5, 0xfd, 0xf4, 0xc4, //0x00002ec7 vpmuludq     %ymm4, %ymm0, %ymm0
	0xc5, 0xfd, 0x73, 0xf0, 0x20, //0x00002ecb vpsllq       $32, %ymm0, %ymm0
	0xc5, 0xd5, 0xd4, 0xc0, //0x00002ed0 vpaddq       %ymm0, %ymm5, %ymm0
	0xc5, 0xed, 0xf4, 0xec, //0x00002ed4 vpmuludq     %ymm4, %ymm2, %ymm5
	0xc5, 0xed, 0x73, 0xd2, 0x20, //0x00002ed8 vpsrlq       $32, %ymm2, %ymm2
	0xc5, 0xed, 0xf4, 0xd4, //0x00002edd vpmuludq     %ymm4, %ymm2, %ymm2
	0xc5, 0xed, 0x73, 0xf2, 0x20, //0x00002ee1 vpsllq       $32, %ymm2, %ymm2
	0xc5, 0xd5, 0xd4, 0xd2, //0x00002ee6 vpaddq       %ymm2, %ymm5, %ymm2
	0xc5, 0xe5, 0xf4, 0xec, //0x00002eea vpmuludq     %ymm4, %ymm3, %ymm5
	0xc5, 0xe5, 0x73, 0xd3, 0x20, //0x00002eee vpsrlq       $32, %ymm3, %ymm3
	0xc5, 0xe5, 0xf4, 0xdc, //0x00002ef3 vpmuludq     %ymm4, %ymm3, %ymm3
	0xc5, 0xe5, 0x73, 0xf3, 0x20, //0x00002ef7 vpsllq       $32, %ymm3, %ymm3
	0xc5, 0xd5, 0xd4, 0xdb, //0x00002efc vpaddq       %ymm3, %ymm5, %ymm3
	0xc5, 0xf5, 0xf4, 0xec, //0x00002f00 vpmuludq     %ymm4, %ymm1, %ymm5
	0xc5, 0xf5, 0x73, 0xd1, 0x20, //0x00002f04 vpsrlq       $32, %ymm1, %ymm1
	0xc5, 0xf5, 0xf4, 0xcc, //0x00002f09 vpmuludq     %ymm4, %ymm1, %ymm1
	0xc5, 0xf5, 0x73, 0xf1, 0x20, //0x00002f0d vpsllq       $32, %ymm1, %ymm1
	0xc5, 0xd5, 0xd4, 0xc9, //0x00002f12 vpaddq       %ymm1, %ymm5, %ymm1
	0x83, 0xc2, 0x04, //0x00002f16 addl         $4, %edx
	0x0f, 0x85, 0x9f, 0xff, 0xff, 0xff, //0x00002f19 jne          LBB0_646
	//0x00002f1f LBB0_647
	0x85, 0xdb, //0x00002f1f testl        %ebx, %ebx
	0x0f, 0x84, 0x6b, 0x00, 0x00, 0x00, //0x00002f21 je           LBB0_650
	0xf7, 0xdb, //0x00002f27 negl         %ebx
	0xc4, 0xe2, 0x7d, 0x59, 0x25, 0xfe, 0xd2, 0xff, 0xff, //0x00002f29 vpbroadcastq $-11522(%rip), %ymm4  /* LCPI0_25+0(%rip) */
	//0x00002f32 LBB0_649
	0xc5, 0xfd, 0xf4, 0xec, //0x00002f32 vpmuludq     %ymm4, %ymm0, %ymm5
	0xc5, 0xfd, 0x73, 0xd0, 0x20, //0x00002f36 vpsrlq       $32, %ymm0, %ymm0
	0xc5, 0xfd, 0xf4, 0xc4, //0x00002f3b vpmuludq     %ymm4, %ymm0, %ymm0
	0xc5, 0xfd, 0x73, 0xf0, 0x20, //0x00002f3f vpsllq       $32, %ymm0, %ymm0
	0xc5, 0xd5, 0xd4, 0xc0, //0x00002f44 vpaddq       %ymm0, %ymm5, %ymm0
	0xc5, 0xed, 0xf4, 0xec, //0x00002f48 vpmuludq     %ymm4, %ymm2, %ymm5
	0xc5, 0xed, 0x73, 0xd2, 0x20, //0x00002f4c vpsrlq       $32, %ymm2, %ymm2
	0xc5, 0xed, 0xf4, 0xd4, //0x00002f51 vpmuludq     %ymm4, %ymm2, %ymm2
	0xc5, 0xed, 0x73, 0xf2, 0x20, //0x00002f55 vpsllq       $32, %ymm2, %ymm2
	0xc5, 0xd5, 0xd4, 0xd2, //0x00002f5a vpaddq       %ymm2, %ymm5, %ymm2
	0xc5, 0xe5, 0xf4, 0xec, //0x00002f5e vpmuludq     %ymm4, %ymm3, %ymm5
	0xc5, 0xe5, 0x73, 0xd3, 0x20, //0x00002f62 vpsrlq       $32, %ymm3, %ymm3
	0xc5, 0xe5, 0xf4, 0xdc, //0x00002f67 vpmuludq     %ymm4, %ymm3, %ymm3
	0xc5, 0xe5, 0x73, 0xf3, 0x20, //0x00002f6b vpsllq       $32, %ymm3, %ymm3
	0xc5, 0xd5, 0xd4, 0xdb, //0x00002f70 vpaddq       %ymm3, %ymm5, %ymm3
	0xc5, 0xf5, 0xf4, 0xec, //0x00002f74 vpmuludq     %ymm4, %ymm1, %ymm5
	0xc5, 0xf5, 0x73, 0xd1, 0x20, //0x00002f78 vpsrlq       $32, %ymm1, %ymm1
	0xc5, 0xf5, 0xf4, 0xcc, //0x00002f7d vpmuludq     %ymm4, %ymm1, %ymm1
	0xc5, 0xf5, 0x73, 0xf1, 0x20, //0x00002f81 vpsllq       $32, %ymm1, %ymm1
	0xc5, 0xd5, 0xd4, 0xc9, //0x00002f86 vpaddq       %ymm1, %ymm5, %ymm1
	0xff, 0xc3, //0x00002f8a incl         %ebx
	0x0f, 0x85, 0xa0, 0xff, 0xff, 0xff, //0x00002f8c jne          LBB0_649
	//0x00002f92 LBB0_650
	0xc5, 0xdd, 0x73, 0xd2, 0x20, //0x00002f92 vpsrlq       $32, %ymm2, %ymm4
	0xc5, 0xdd, 0xf4, 0xe0, //0x00002f97 vpmuludq     %ymm0, %ymm4, %ymm4
	0xc5, 0xd5, 0x73, 0xd0, 0x20, //0x00002f9b vpsrlq       $32, %ymm0, %ymm5
	0xc5, 0xed, 0xf4, 0xed, //0x00002fa0 vpmuludq     %ymm5, %ymm2, %ymm5
	0xc5, 0xd5, 0xd4, 0xe4, //0x00002fa4 vpaddq       %ymm4, %ymm5, %ymm4
	0xc5, 0xdd, 0x73, 0xf4, 0x20, //0x00002fa8 vpsllq       $32, %ymm4, %ymm4
	0xc5, 0xed, 0xf4, 0xc0, //0x00002fad vpmuludq     %ymm0, %ymm2, %ymm0
	0xc5, 0xfd, 0xd4, 0xc4, //0x00002fb1 vpaddq       %ymm4, %ymm0, %ymm0
	0xc5, 0xed, 0x73, 0xd3, 0x20, //0x00002fb5 vpsrlq       $32, %ymm3, %ymm2
	0xc5, 0xed, 0xf4, 0xd0, //0x00002fba vpmuludq     %ymm0, %ymm2, %ymm2
	0xc5, 0xdd, 0x73, 0xd0, 0x20, //0x00002fbe vpsrlq       $32, %ymm0, %ymm4
	0xc5, 0xe5, 0xf4, 0xe4, //0x00002fc3 vpmuludq     %ymm4, %ymm3, %ymm4
	0xc5, 0xdd, 0xd4, 0xd2, //0x00002fc7 vpaddq       %ymm2, %ymm4, %ymm2
	0xc5, 0xed, 0x73, 0xf2, 0x20, //0x00002fcb vpsllq       $32, %ymm2, %ymm2
	0xc5, 0xe5, 0xf4, 0xc0, //0x00002fd0 vpmuludq     %ymm0, %ymm3, %ymm0
	0xc5, 0xfd, 0xd4, 0xc2, //0x00002fd4 vpaddq       %ymm2, %ymm0, %ymm0
	0xc5, 0xed, 0x73, 0xd1, 0x20, //0x00002fd8 vpsrlq       $32, %ymm1, %ymm2
	0xc5, 0xed, 0xf4, 0xd0, //0x00002fdd vpmuludq     %ymm0, %ymm2, %ymm2
	0xc5, 0xe5, 0x73, 0xd0, 0x20, //0x00002fe1 vpsrlq       $32, %ymm0, %ymm3
	0xc5, 0xf5, 0xf4, 0xdb, //0x00002fe6 vpmuludq     %ymm3, %ymm1, %ymm3
	0xc5, 0xe5, 0xd4, 0xd2, //0x00002fea vpaddq       %ymm2, %ymm3, %ymm2
	0xc5, 0xed, 0x73, 0xf2, 0x20, //0x00002fee vpsllq       $32, %ymm2, %ymm2
	0xc5, 0xf5, 0xf4, 0xc0, //0x00002ff3 vpmuludq     %ymm0, %ymm1, %ymm0
	0xc5, 0xfd, 0xd4, 0xc2, //0x00002ff7 vpaddq       %ymm2, %ymm0, %ymm0
	0xc4, 0xe3, 0x7d, 0x39, 0xc1, 0x01, //0x00002ffb vextracti128 $1, %ymm0, %xmm1
	0xc5, 0xe9, 0x73, 0xd0, 0x20, //0x00003001 vpsrlq       $32, %xmm0, %xmm2
	0xc5, 0xe9, 0xf4, 0xd1, //0x00003006 vpmuludq     %xmm1, %xmm2, %xmm2
	0xc5, 0xe1, 0x73, 0xd1, 0x20, //0x0000300a vpsrlq       $32, %xmm1, %xmm3
	0xc5, 0xf9, 0xf4, 0xdb, //0x0000300f vpmuludq     %xmm3, %xmm0, %xmm3
	0xc5, 0xe1, 0xd4, 0xd2, //0x00003013 vpaddq       %xmm2, %xmm3, %xmm2
	0xc5, 0xe9, 0x73, 0xf2, 0x20, //0x00003017 vpsllq       $32, %xmm2, %xmm2
	0xc5, 0xf9, 0xf4, 0xc1, //0x0000301c vpmuludq     %xmm1, %xmm0, %xmm0
	0xc5, 0xf9, 0xd4, 0xc2, //0x00003020 vpaddq       %xmm2, %xmm0, %xmm0
	0xc5, 0xf9, 0x70, 0xc8, 0xee, //0x00003024 vpshufd      $238, %xmm0, %xmm1
	0xc5, 0xe9, 0x73, 0xd0, 0x20, //0x00003029 vpsrlq       $32, %xmm0, %xmm2
	0xc5, 0xe9, 0xf4, 0xd1, //0x0000302e vpmuludq     %xmm1, %xmm2, %xmm2
	0xc5, 0xf9, 0x70, 0xd8, 0xff, //0x00003032 vpshufd      $255, %xmm0, %xmm3
	0xc5, 0xf9, 0xf4, 0xdb, //0x00003037 vpmuludq     %xmm3, %xmm0, %xmm3
	0xc5, 0xe1, 0xd4, 0xd2, //0x0000303b vpaddq       %xmm2, %xmm3, %xmm2
	0xc5, 0xe9, 0x73, 0xf2, 0x20, //0x0000303f vpsllq       $32, %xmm2, %xmm2
	0xc5, 0xf9, 0xf4, 0xc1, //0x00003044 vpmuludq     %xmm1, %xmm0, %xmm0
	0xc5, 0xf9, 0xd4, 0xc2, //0x00003048 vpaddq       %xmm2, %xmm0, %xmm0
	0xc4, 0xe1, 0xf9, 0x7e, 0xc2, //0x0000304c vmovq        %xmm0, %rdx
	0x44, 0x39, 0xc7, //0x00003051 cmpl         %r8d, %edi
	0x0f, 0x85, 0x08, 0x00, 0x00, 0x00, //0x00003054 jne          LBB0_652
	0x4c, 0x89, 0xfb, //0x0000305a movq         %r15, %rbx
	0xe9, 0x1b, 0x00, 0x00, 0x00, //0x0000305d jmp          LBB0_655
	//0x00003062 LBB0_652
	0x45, 0x01, 0xc3, //0x00003062 addl         %r8d, %r11d
	//0x00003065 LBB0_653
	0x4c, 0x89, 0xfb, //0x00003065 movq         %r15, %rbx
	0x89, 0xde, //0x00003068 movl         %ebx, %esi
	0x44, 0x29, 0xde, //0x0000306a subl         %r11d, %esi
	//0x0000306d LBB0_654
	0x48, 0x01, 0xd2, //0x0000306d addq         %rdx, %rdx
	0x48, 0x8d, 0x14, 0x92, //0x00003070 leaq         (%rdx,%rdx,4), %rdx
	0x83, 0xc6, 0xff, //0x00003074 addl         $-1, %esi
	0x0f, 0x85, 0xf0, 0xff, 0xff, 0xff, //0x00003077 jne          LBB0_654
	//0x0000307d LBB0_655
	0x31, 0xf6, //0x0000307d xorl         %esi, %esi
	0x85, 0xdb, //0x0000307f testl        %ebx, %ebx
	0x0f, 0x88, 0x49, 0x00, 0x00, 0x00, //0x00003081 js           LBB0_662
	0x39, 0xd8, //0x00003087 cmpl         %ebx, %eax
	0x0f, 0x8e, 0x41, 0x00, 0x00, 0x00, //0x00003089 jle          LBB0_662
	0x41, 0x8a, 0x0c, 0x09, //0x0000308f movb         (%r9,%rcx), %cl
	0x80, 0xf9, 0x35, //0x00003093 cmpb         $53, %cl
	0x0f, 0x85, 0x2d, 0x00, 0x00, 0x00, //0x00003096 jne          LBB0_661
	0x41, 0x8d, 0x77, 0x01, //0x0000309c leal         $1(%r15), %esi
	0x39, 0xc6, //0x000030a0 cmpl         %eax, %esi
	0x0f, 0x85, 0x21, 0x00, 0x00, 0x00, //0x000030a2 jne          LBB0_661
	0x45, 0x85, 0xe4, //0x000030a8 testl        %r12d, %r12d
	0x40, 0x0f, 0x95, 0xc6, //0x000030ab setne        %sil
	0x41, 0x08, 0xf2, //0x000030af orb          %sil, %r10b
	0x0f, 0x85, 0x18, 0x00, 0x00, 0x00, //0x000030b2 jne          LBB0_662
	0x41, 0x83, 0xc7, 0xff, //0x000030b8 addl         $-1, %r15d
	0x43, 0x8a, 0x34, 0x39, //0x000030bc movb         (%r9,%r15), %sil
	0x40, 0x80, 0xe6, 0x01, //0x000030c0 andb         $1, %sil
	0xe9, 0x07, 0x00, 0x00, 0x00, //0x000030c4 jmp          LBB0_662
	//0x000030c9 LBB0_661
	0x80, 0xf9, 0x35, //0x000030c9 cmpb         $53, %cl
	0x40, 0x0f, 0x9d, 0xc6, //0x000030cc setge        %sil
	//0x000030d0 LBB0_662
	0x40, 0x0f, 0xb6, 0xce, //0x000030d0 movzbl       %sil, %ecx
	0x48, 0x01, 0xd1, //0x000030d4 addq         %rdx, %rcx
	0x48, 0xb8, 0x00, 0x00, 0x00, 0x00, 0x00, 0x00, 0x20, 0x00, //0x000030d7 movabsq      $9007199254740992, %rax
	0x48, 0x39, 0xc1, //0x000030e1 cmpq         %rax, %rcx
	0x0f, 0x85, 0x3b, 0x00, 0x00, 0x00, //0x000030e4 jne          LBB0_665
	0x48, 0x8b, 0x45, 0xc0, //0x000030ea movq         $-64(%rbp), %rax
	0x3d, 0xfe, 0x03, 0x00, 0x00, //0x000030ee cmpl         $1022, %eax
	0x0f, 0x8e, 0xbb, 0x00, 0x00, 0x00, //0x000030f3 jle          LBB0_672
	//0x000030f9 LBB0_664
	0x31, 0xc9, //0x000030f9 xorl         %ecx, %ecx
	0x48, 0xbb, 0x00, 0x00, 0x00, 0x00, 0x00, 0x00, 0xf0, 0x7f, //0x000030fb movabsq      $9218868437227405312, %rbx
	0x4c, 0x8b, 0x75, 0xb8, //0x00003105 movq         $-72(%rbp), %r14
	0x48, 0xbf, 0x00, 0x00, 0x00, 0x00, 0x00, 0x00, 0x00, 0x80, //0x00003109 movabsq      $-9223372036854775808, %rdi
	0x48, 0xb8, 0xff, 0xff, 0xff, 0xff, 0xff, 0xff, 0x0f, 0x00, //0x00003113 movabsq      $4503599627370495, %rax
	0x8a, 0x55, 0xd7, //0x0000311d movb         $-41(%rbp), %dl
	0xe9, 0x43, 0x00, 0x00, 0x00, //0x00003120 jmp          LBB0_668
	//0x00003125 LBB0_665
	0x48, 0x89, 0xce, //0x00003125 movq         %rcx, %rsi
	//0x00003128 LBB0_666
	0x4c, 0x8b, 0x75, 0xb8, //0x00003128 movq         $-72(%rbp), %r14
	0x48, 0xbf, 0x00, 0x00, 0x00, 0x00, 0x00, 0x00, 0x00, 0x80, //0x0000312c movabsq      $-9223372036854775808, %rdi
	0x48, 0xb8, 0xff, 0xff, 0xff, 0xff, 0xff, 0xff, 0x0f, 0x00, //0x00003136 movabsq      $4503599627370495, %rax
	0x48, 0x8b, 0x4d, 0x90, //0x00003140 movq         $-112(%rbp), %rcx
	//0x00003144 LBB0_667
	0x8a, 0x55, 0xd7, //0x00003144 movb         $-41(%rbp), %dl
	0x48, 0x21, 0xf1, //0x00003147 andq         %rsi, %rcx
	0x48, 0x8b, 0x5d, 0xc0, //0x0000314a movq         $-64(%rbp), %rbx
	0x81, 0xc3, 0xff, 0x03, 0x00, 0x00, //0x0000314e addl         $1023, %ebx
	0x81, 0xe3, 0xff, 0x07, 0x00, 0x00, //0x00003154 andl         $2047, %ebx
	0x48, 0xc1, 0xe3, 0x34, //0x0000315a shlq         $52, %rbx
	0x48, 0x85, 0xc9, //0x0000315e testq        %rcx, %rcx
	0x48, 0x0f, 0x44, 0xd9, //0x00003161 cmoveq       %rcx, %rbx
	0x48, 0x89, 0xf1, //0x00003165 movq         %rsi, %rcx
	//0x00003168 LBB0_668
	0x48, 0x21, 0xc1, //0x00003168 andq         %rax, %rcx
	0x48, 0x09, 0xd9, //0x0000316b orq          %rbx, %rcx
	0x48, 0x89, 0xc8, //0x0000316e movq         %rcx, %rax
	0x48, 0x09, 0xf8, //0x00003171 orq          %rdi, %rax
	0x80, 0xfa, 0x2d, //0x00003174 cmpb         $45, %dl
	0x48, 0x0f, 0x45, 0xc1, //0x00003177 cmovneq      %rcx, %rax
	0xc4, 0xe1, 0xf9, 0x6e, 0xc0, //0x0000317b vmovq        %rax, %xmm0
	//0x00003180 LBB0_669
	0xc4, 0xe1, 0xf9, 0x7e, 0xc0, //0x00003180 vmovq        %xmm0, %rax
	0x48, 0x83, 0xc7, 0xff, //0x00003185 addq         $-1, %rdi
	0x48, 0x21, 0xc7, //0x00003189 andq         %rax, %rdi
	0x48, 0xb8, 0x00, 0x00, 0x00, 0x00, 0x00, 0x00, 0xf0, 0x7f, //0x0000318c movabsq      $9218868437227405312, %rax
	0x48, 0x39, 0xc7, //0x00003196 cmpq         %rax, %rdi
	0x48, 0x8b, 0x45, 0x98, //0x00003199 movq         $-104(%rbp), %rax
	0x0f, 0x85, 0x07, 0x00, 0x00, 0x00, //0x0000319d jne          LBB0_671
	0x48, 0xc7, 0x00, 0xf8, 0xff, 0xff, 0xff, //0x000031a3 movq         $-8, (%rax)
	//0x000031aa LBB0_671
	0xc5, 0xfb, 0x11, 0x40, 0x08, //0x000031aa vmovsd       %xmm0, $8(%rax)
	0xe9, 0x5b, 0xe4, 0xff, 0xff, //0x000031af jmp          LBB0_292
	//0x000031b4 LBB0_672
	0x83, 0xc0, 0x01, //0x000031b4 addl         $1, %eax
	0x48, 0x89, 0x45, 0xc0, //0x000031b7 movq         %rax, $-64(%rbp)
	0x48, 0x8b, 0x4d, 0x90, //0x000031bb movq         $-112(%rbp), %rcx
	0x48, 0x89, 0xce, //0x000031bf movq         %rcx, %rsi
	0x4c, 0x8b, 0x75, 0xb8, //0x000031c2 movq         $-72(%rbp), %r14
	0x48, 0xbf, 0x00, 0x00, 0x00, 0x00, 0x00, 0x00, 0x00, 0x80, //0x000031c6 movabsq      $-9223372036854775808, %rdi
	0x48, 0xb8, 0xff, 0xff, 0xff, 0xff, 0xff, 0xff, 0x0f, 0x00, //0x000031d0 movabsq      $4503599627370495, %rax
	0xe9, 0x65, 0xff, 0xff, 0xff, //0x000031da jmp          LBB0_667
	//0x000031df LBB0_675
	0x4c, 0x8d, 0x1c, 0x17, //0x000031df leaq         (%rdi,%rdx), %r11
	0x49, 0xc7, 0xc0, 0xff, 0xff, 0xff, 0xff, //0x000031e3 movq         $-1, %r8
	0x45, 0x31, 0xc9, //0x000031ea xorl         %r9d, %r9d
	0x49, 0x83, 0xfe, 0x20, //0x000031ed cmpq         $32, %r14
	0x0f, 0x83, 0x60, 0xe9, 0xff, 0xff, //0x000031f1 jae          LBB0_354
	//0x000031f7 LBB0_676
	0x4d, 0x89, 0xc7, //0x000031f7 movq         %r8, %r15
	0xe9, 0xdc, 0x00, 0x00, 0x00, //0x000031fa jmp          LBB0_693
	//0x000031ff LBB0_677
	0x48, 0x89, 0xd6, //0x000031ff movq         %rdx, %rsi
	//0x00003202 LBB0_678
	0x49, 0x83, 0xfc, 0x20, //0x00003202 cmpq         $32, %r12
	0x0f, 0x82, 0x95, 0x01, 0x00, 0x00, //0x00003206 jb           LBB0_706
	0xc4, 0xc1, 0x7e, 0x6f, 0x01, //0x0000320c vmovdqu      (%r9), %ymm0
	0xc5, 0xfd, 0x74, 0x0d, 0x07, 0xce, 0xff, 0xff, //0x00003211 vpcmpeqb     $-12793(%rip), %ymm0, %ymm1  /* LCPI0_1+0(%rip) */
	0xc5, 0xfd, 0x74, 0x15, 0x1f, 0xce, 0xff, 0xff, //0x00003219 vpcmpeqb     $-12769(%rip), %ymm0, %ymm2  /* LCPI0_2+0(%rip) */
	0xc5, 0xfd, 0xd7, 0xd9, //0x00003221 vpmovmskb    %ymm1, %ebx
	0xc5, 0xfd, 0xd7, 0xc2, //0x00003225 vpmovmskb    %ymm2, %eax
	0xc5, 0xfe, 0x6f, 0x0d, 0x2f, 0xce, 0xff, 0xff, //0x00003229 vmovdqu      $-12753(%rip), %ymm1  /* LCPI0_3+0(%rip) */
	0xc5, 0xf5, 0x64, 0xc8, //0x00003231 vpcmpgtb     %ymm0, %ymm1, %ymm1
	0xc5, 0xed, 0x76, 0xd2, //0x00003235 vpcmpeqd     %ymm2, %ymm2, %ymm2
	0xc5, 0xfd, 0x64, 0xc2, //0x00003239 vpcmpgtb     %ymm2, %ymm0, %ymm0
	0xc5, 0xf5, 0xdb, 0xc0, //0x0000323d vpand        %ymm0, %ymm1, %ymm0
	0x85, 0xc0, //0x00003241 testl        %eax, %eax
	0x0f, 0x85, 0x60, 0x01, 0x00, 0x00, //0x00003243 jne          LBB0_707
	0x4d, 0x85, 0xd2, //0x00003249 testq        %r10, %r10
	0x0f, 0x85, 0x77, 0x01, 0x00, 0x00, //0x0000324c jne          LBB0_709
	0x45, 0x31, 0xd2, //0x00003252 xorl         %r10d, %r10d
	0x45, 0x31, 0xff, //0x00003255 xorl         %r15d, %r15d
	0xc5, 0xfd, 0xd7, 0xc8, //0x00003258 vpmovmskb    %ymm0, %ecx
	0x48, 0x85, 0xdb, //0x0000325c testq        %rbx, %rbx
	0x0f, 0x84, 0xaa, 0x01, 0x00, 0x00, //0x0000325f je           LBB0_711
	//0x00003265 LBB0_682
	0x4c, 0x0f, 0xbc, 0xdb, //0x00003265 bsfq         %rbx, %r11
	0xe9, 0xa7, 0x01, 0x00, 0x00, //0x00003269 jmp          LBB0_712
	//0x0000326e LBB0_688
	0x4d, 0x89, 0xc2, //0x0000326e movq         %r8, %r10
	0x49, 0x83, 0xf8, 0xff, //0x00003271 cmpq         $-1, %r8
	0x0f, 0x85, 0x16, 0x00, 0x00, 0x00, //0x00003275 jne          LBB0_691
	0x4c, 0x89, 0xde, //0x0000327b movq         %r11, %rsi
	0x48, 0x2b, 0x75, 0xc8, //0x0000327e subq         $-56(%rbp), %rsi
	0x4c, 0x0f, 0xbc, 0xd1, //0x00003282 bsfq         %rcx, %r10
	0x49, 0x01, 0xf2, //0x00003286 addq         %rsi, %r10
	0xe9, 0x03, 0x00, 0x00, 0x00, //0x00003289 jmp          LBB0_691
	//0x0000328e LBB0_690
	0x4d, 0x89, 0xc2, //0x0000328e movq         %r8, %r10
	//0x00003291 LBB0_691
	0x44, 0x89, 0xce, //0x00003291 movl         %r9d, %esi
	0xf7, 0xd6, //0x00003294 notl         %esi
	0x21, 0xce, //0x00003296 andl         %ecx, %esi
	0x8d, 0x3c, 0x36, //0x00003298 leal         (%rsi,%rsi), %edi
	0x41, 0x8d, 0x1c, 0x71, //0x0000329b leal         (%r9,%rsi,2), %ebx
	0xf7, 0xd7, //0x0000329f notl         %edi
	0x21, 0xcf, //0x000032a1 andl         %ecx, %edi
	0x81, 0xe7, 0xaa, 0xaa, 0xaa, 0xaa, //0x000032a3 andl         $-1431655766, %edi
	0x45, 0x31, 0xc9, //0x000032a9 xorl         %r9d, %r9d
	0x01, 0xf7, //0x000032ac addl         %esi, %edi
	0x41, 0x0f, 0x92, 0xc1, //0x000032ae setb         %r9b
	0x01, 0xff, //0x000032b2 addl         %edi, %edi
	0x81, 0xf7, 0x55, 0x55, 0x55, 0x55, //0x000032b4 xorl         $1431655765, %edi
	0x21, 0xdf, //0x000032ba andl         %ebx, %edi
	0xf7, 0xd7, //0x000032bc notl         %edi
	0x21, 0xf8, //0x000032be andl         %edi, %eax
	0x48, 0x8b, 0x7d, 0xc8, //0x000032c0 movq         $-56(%rbp), %rdi
	0x4d, 0x89, 0xd0, //0x000032c4 movq         %r10, %r8
	0x48, 0x85, 0xc0, //0x000032c7 testq        %rax, %rax
	0x0f, 0x85, 0xc1, 0xe8, 0xff, 0xff, //0x000032ca jne          LBB0_357
	//0x000032d0 LBB0_692
	0x4d, 0x89, 0xc7, //0x000032d0 movq         %r8, %r15
	0x49, 0x83, 0xc3, 0x20, //0x000032d3 addq         $32, %r11
	0x49, 0x83, 0xc6, 0xe0, //0x000032d7 addq         $-32, %r14
	//0x000032db LBB0_693
	0x4d, 0x85, 0xc9, //0x000032db testq        %r9, %r9
	0x0f, 0x85, 0x15, 0x04, 0x00, 0x00, //0x000032de jne          LBB0_751
	0x48, 0x8b, 0x45, 0xc8, //0x000032e4 movq         $-56(%rbp), %rax
	0x48, 0xf7, 0xd0, //0x000032e8 notq         %rax
	0x4c, 0x89, 0xff, //0x000032eb movq         %r15, %rdi
	0x4d, 0x85, 0xf6, //0x000032ee testq        %r14, %r14
	0x0f, 0x84, 0x83, 0x00, 0x00, 0x00, //0x000032f1 je           LBB0_703
	//0x000032f7 LBB0_695
	0x48, 0x83, 0xc0, 0x01, //0x000032f7 addq         $1, %rax
	0x49, 0xc7, 0xc0, 0xff, 0xff, 0xff, 0xff, //0x000032fb movq         $-1, %r8
	//0x00003302 LBB0_696
	0x31, 0xf6, //0x00003302 xorl         %esi, %esi
	//0x00003304 LBB0_697
	0x41, 0x0f, 0xb6, 0x0c, 0x33, //0x00003304 movzbl       (%r11,%rsi), %ecx
	0x80, 0xf9, 0x22, //0x00003309 cmpb         $34, %cl
	0x0f, 0x84, 0x61, 0x00, 0x00, 0x00, //0x0000330c je           LBB0_702
	0x80, 0xf9, 0x5c, //0x00003312 cmpb         $92, %cl
	0x0f, 0x84, 0x12, 0x00, 0x00, 0x00, //0x00003315 je           LBB0_700
	0x48, 0x83, 0xc6, 0x01, //0x0000331b addq         $1, %rsi
	0x49, 0x39, 0xf6, //0x0000331f cmpq         %rsi, %r14
	0x0f, 0x85, 0xdc, 0xff, 0xff, 0xff, //0x00003322 jne          LBB0_697
	0xe9, 0x5c, 0x00, 0x00, 0x00, //0x00003328 jmp          LBB0_704
	//0x0000332d LBB0_700
	0x49, 0x8d, 0x4e, 0xff, //0x0000332d leaq         $-1(%r14), %rcx
	0x48, 0x39, 0xf1, //0x00003331 cmpq         %rsi, %rcx
	0x0f, 0x84, 0xde, 0xde, 0xff, 0xff, //0x00003334 je           LBB0_225
	0x4a, 0x8d, 0x0c, 0x18, //0x0000333a leaq         (%rax,%r11), %rcx
	0x48, 0x01, 0xf1, //0x0000333e addq         %rsi, %rcx
	0x48, 0x83, 0xff, 0xff, //0x00003341 cmpq         $-1, %rdi
	0x4c, 0x0f, 0x44, 0xf9, //0x00003345 cmoveq       %rcx, %r15
	0x48, 0x0f, 0x44, 0xf9, //0x00003349 cmoveq       %rcx, %rdi
	0x49, 0x01, 0xf3, //0x0000334d addq         %rsi, %r11
	0x49, 0x83, 0xc3, 0x02, //0x00003350 addq         $2, %r11
	0x4c, 0x89, 0xf1, //0x00003354 movq         %r14, %rcx
	0x48, 0x29, 0xf1, //0x00003357 subq         %rsi, %rcx
	0x48, 0x83, 0xc1, 0xfe, //0x0000335a addq         $-2, %rcx
	0x49, 0x83, 0xc6, 0xfe, //0x0000335e addq         $-2, %r14
	0x49, 0x39, 0xf6, //0x00003362 cmpq         %rsi, %r14
	0x49, 0x89, 0xce, //0x00003365 movq         %rcx, %r14
	0x0f, 0x85, 0x94, 0xff, 0xff, 0xff, //0x00003368 jne          LBB0_696
	0xe9, 0xa5, 0xde, 0xff, 0xff, //0x0000336e jmp          LBB0_225
	//0x00003373 LBB0_702
	0x49, 0x01, 0xf3, //0x00003373 addq         %rsi, %r11
	0x49, 0x83, 0xc3, 0x01, //0x00003376 addq         $1, %r11
	//0x0000337a LBB0_703
	0x4c, 0x2b, 0x5d, 0xc8, //0x0000337a subq         $-56(%rbp), %r11
	0x4d, 0x89, 0xde, //0x0000337e movq         %r11, %r14
	0x4d, 0x89, 0xf8, //0x00003381 movq         %r15, %r8
	0xe9, 0x5d, 0xde, 0xff, 0xff, //0x00003384 jmp          LBB0_222
	//0x00003389 LBB0_704
	0x49, 0xc7, 0xc0, 0xff, 0xff, 0xff, 0xff, //0x00003389 movq         $-1, %r8
	0x80, 0xf9, 0x22, //0x00003390 cmpb         $34, %cl
	0x0f, 0x85, 0x7f, 0xde, 0xff, 0xff, //0x00003393 jne          LBB0_225
	0x4d, 0x01, 0xf3, //0x00003399 addq         %r14, %r11
	0xe9, 0xd9, 0xff, 0xff, 0xff, //0x0000339c jmp          LBB0_703
	//0x000033a1 LBB0_706
	0x4c, 0x89, 0xc0, //0x000033a1 movq         %r8, %rax
	0xe9, 0xba, 0x00, 0x00, 0x00, //0x000033a4 jmp          LBB0_718
	//0x000033a9 LBB0_707
	0x4d, 0x89, 0xc3, //0x000033a9 movq         %r8, %r11
	0x49, 0x83, 0xf8, 0xff, //0x000033ac cmpq         $-1, %r8
	0x0f, 0x85, 0x16, 0x00, 0x00, 0x00, //0x000033b0 jne          LBB0_710
	0x4c, 0x89, 0xc9, //0x000033b6 movq         %r9, %rcx
	0x48, 0x2b, 0x4d, 0xc8, //0x000033b9 subq         $-56(%rbp), %rcx
	0x4c, 0x0f, 0xbc, 0xd8, //0x000033bd bsfq         %rax, %r11
	0x49, 0x01, 0xcb, //0x000033c1 addq         %rcx, %r11
	0xe9, 0x03, 0x00, 0x00, 0x00, //0x000033c4 jmp          LBB0_710
	//0x000033c9 LBB0_709
	0x4d, 0x89, 0xc3, //0x000033c9 movq         %r8, %r11
	//0x000033cc LBB0_710
	0x45, 0x89, 0xd7, //0x000033cc movl         %r10d, %r15d
	0x41, 0xf7, 0xd7, //0x000033cf notl         %r15d
	0x41, 0x21, 0xc7, //0x000033d2 andl         %eax, %r15d
	0x43, 0x8d, 0x0c, 0x3f, //0x000033d5 leal         (%r15,%r15), %ecx
	0x43, 0x8d, 0x3c, 0x7a, //0x000033d9 leal         (%r10,%r15,2), %edi
	0xf7, 0xd1, //0x000033dd notl         %ecx
	0x21, 0xc1, //0x000033df andl         %eax, %ecx
	0x81, 0xe1, 0xaa, 0xaa, 0xaa, 0xaa, //0x000033e1 andl         $-1431655766, %ecx
	0x45, 0x31, 0xd2, //0x000033e7 xorl         %r10d, %r10d
	0x44, 0x01, 0xf9, //0x000033ea addl         %r15d, %ecx
	0x41, 0x0f, 0x92, 0xc2, //0x000033ed setb         %r10b
	0x01, 0xc9, //0x000033f1 addl         %ecx, %ecx
	0x81, 0xf1, 0x55, 0x55, 0x55, 0x55, //0x000033f3 xorl         $1431655765, %ecx
	0x21, 0xf9, //0x000033f9 andl         %edi, %ecx
	0xf7, 0xd1, //0x000033fb notl         %ecx
	0x21, 0xcb, //0x000033fd andl         %ecx, %ebx
	0x4d, 0x89, 0xd8, //0x000033ff movq         %r11, %r8
	0xc5, 0xfd, 0xd7, 0xc8, //0x00003402 vpmovmskb    %ymm0, %ecx
	0x48, 0x85, 0xdb, //0x00003406 testq        %rbx, %rbx
	0x0f, 0x85, 0x56, 0xfe, 0xff, 0xff, //0x00003409 jne          LBB0_682
	//0x0000340f LBB0_711
	0x41, 0xbb, 0x40, 0x00, 0x00, 0x00, //0x0000340f movl         $64, %r11d
	//0x00003415 LBB0_712
	0x0f, 0xbc, 0xf9, //0x00003415 bsfl         %ecx, %edi
	0x85, 0xc9, //0x00003418 testl        %ecx, %ecx
	0xb8, 0x40, 0x00, 0x00, 0x00, //0x0000341a movl         $64, %eax
	0x0f, 0x45, 0xc7, //0x0000341f cmovnel      %edi, %eax
	0x4d, 0x89, 0xce, //0x00003422 movq         %r9, %r14
	0x4c, 0x2b, 0x75, 0xc8, //0x00003425 subq         $-56(%rbp), %r14
	0x4d, 0x85, 0xff, //0x00003429 testq        %r15, %r15
	0x0f, 0x85, 0x1f, 0x05, 0x00, 0x00, //0x0000342c jne          LBB0_776
	//0x00003432 LBB0_713
	0x48, 0x85, 0xdb, //0x00003432 testq        %rbx, %rbx
	0x0f, 0x84, 0x15, 0x00, 0x00, 0x00, //0x00003435 je           LBB0_716
	0x49, 0x39, 0xc3, //0x0000343b cmpq         %rax, %r11
	0x0f, 0x87, 0xc1, 0x05, 0x00, 0x00, //0x0000343e ja           LBB0_687
	0x4d, 0x01, 0xde, //0x00003444 addq         %r11, %r14
	0x49, 0x83, 0xc6, 0x01, //0x00003447 addq         $1, %r14
	0xe9, 0x96, 0xdd, 0xff, 0xff, //0x0000344b jmp          LBB0_222
	//0x00003450 LBB0_716
	0x85, 0xc9, //0x00003450 testl        %ecx, %ecx
	0x0f, 0x85, 0xad, 0x05, 0x00, 0x00, //0x00003452 jne          LBB0_687
	0x4c, 0x89, 0xc0, //0x00003458 movq         %r8, %rax
	0x49, 0x83, 0xc1, 0x20, //0x0000345b addq         $32, %r9
	0x49, 0x83, 0xc4, 0xe0, //0x0000345f addq         $-32, %r12
	//0x00003463 LBB0_718
	0x4d, 0x85, 0xd2, //0x00003463 testq        %r10, %r10
	0x0f, 0x85, 0xc6, 0x02, 0x00, 0x00, //0x00003466 jne          LBB0_753
	0x48, 0x89, 0xc1, //0x0000346c movq         %rax, %rcx
	0x4d, 0x85, 0xe4, //0x0000346f testq        %r12, %r12
	0x0f, 0x84, 0xed, 0x02, 0x00, 0x00, //0x00003472 je           LBB0_674
	//0x00003478 LBB0_720
	0x4c, 0x8d, 0x3d, 0x2d, 0x0a, 0x00, 0x00, //0x00003478 leaq         $2605(%rip), %r15  /* LJTI0_3+0(%rip) */
	//0x0000347f LBB0_721
	0x41, 0x0f, 0xb6, 0x19, //0x0000347f movzbl       (%r9), %ebx
	0x80, 0xfb, 0x22, //0x00003483 cmpb         $34, %bl
	0x0f, 0x84, 0x5a, 0x02, 0x00, 0x00, //0x00003486 je           LBB0_748
	0x80, 0xfb, 0x5c, //0x0000348c cmpb         $92, %bl
	0x0f, 0x84, 0x1f, 0x00, 0x00, 0x00, //0x0000348f je           LBB0_725
	0x80, 0xfb, 0x20, //0x00003495 cmpb         $32, %bl
	0x0f, 0x82, 0x67, 0x05, 0x00, 0x00, //0x00003498 jb           LBB0_687
	0x49, 0x83, 0xc1, 0x01, //0x0000349e addq         $1, %r9
	0x49, 0x83, 0xc4, 0xff, //0x000034a2 addq         $-1, %r12
	0x4d, 0x85, 0xe4, //0x000034a6 testq        %r12, %r12
	0x0f, 0x85, 0xd0, 0xff, 0xff, 0xff, //0x000034a9 jne          LBB0_721
	0xe9, 0xb1, 0x02, 0x00, 0x00, //0x000034af jmp          LBB0_674
	//0x000034b4 LBB0_725
	0x49, 0x83, 0xfc, 0x01, //0x000034b4 cmpq         $1, %r12
	0x0f, 0x84, 0xa7, 0x02, 0x00, 0x00, //0x000034b8 je           LBB0_674
	0x4d, 0x89, 0xca, //0x000034be movq         %r9, %r10
	0x4c, 0x2b, 0x55, 0xc8, //0x000034c1 subq         $-56(%rbp), %r10
	0x48, 0x83, 0xf9, 0xff, //0x000034c5 cmpq         $-1, %rcx
	0x49, 0x0f, 0x44, 0xc2, //0x000034c9 cmoveq       %r10, %rax
	0x49, 0x0f, 0x44, 0xca, //0x000034cd cmoveq       %r10, %rcx
	0x49, 0x83, 0xc2, 0x01, //0x000034d1 addq         $1, %r10
	0x4d, 0x89, 0xee, //0x000034d5 movq         %r13, %r14
	0x4d, 0x29, 0xd6, //0x000034d8 subq         %r10, %r14
	0x0f, 0x84, 0x84, 0x02, 0x00, 0x00, //0x000034db je           LBB0_674
	0x48, 0x8b, 0x7d, 0xc8, //0x000034e1 movq         $-56(%rbp), %rdi
	0x42, 0x0f, 0xbe, 0x3c, 0x17, //0x000034e5 movsbl       (%rdi,%r10), %edi
	0x49, 0xc7, 0xc0, 0xfe, 0xff, 0xff, 0xff, //0x000034ea movq         $-2, %r8
	0x83, 0xc7, 0xde, //0x000034f1 addl         $-34, %edi
	0x83, 0xff, 0x53, //0x000034f4 cmpl         $83, %edi
	0x0f, 0x87, 0x1b, 0xdd, 0xff, 0xff, //0x000034f7 ja           LBB0_225
	0x49, 0x63, 0x3c, 0xbf, //0x000034fd movslq       (%r15,%rdi,4), %rdi
	0x4c, 0x01, 0xff, //0x00003501 addq         %r15, %rdi
	0xff, 0xe7, //0x00003504 jmpq         *%rdi
	//0x00003506 LBB0_729
	0x4d, 0x8d, 0x42, 0x01, //0x00003506 leaq         $1(%r10), %r8
	//0x0000350a LBB0_730
	0x4d, 0x85, 0xc0, //0x0000350a testq        %r8, %r8
	0x0f, 0x88, 0x05, 0xdd, 0xff, 0xff, //0x0000350d js           LBB0_225
	0x4d, 0x29, 0xd0, //0x00003513 subq         %r10, %r8
	0x49, 0x8d, 0x78, 0x01, //0x00003516 leaq         $1(%r8), %rdi
	0x49, 0x29, 0xfc, //0x0000351a subq         %rdi, %r12
	0x4d, 0x01, 0xc1, //0x0000351d addq         %r8, %r9
	0x49, 0x83, 0xc1, 0x01, //0x00003520 addq         $1, %r9
	0x4d, 0x85, 0xe4, //0x00003524 testq        %r12, %r12
	0x0f, 0x85, 0x52, 0xff, 0xff, 0xff, //0x00003527 jne          LBB0_721
	0xe9, 0x33, 0x02, 0x00, 0x00, //0x0000352d jmp          LBB0_674
	//0x00003532 LBB0_732
	0x49, 0x83, 0xfe, 0x05, //0x00003532 cmpq         $5, %r14
	0x0f, 0x82, 0x29, 0x02, 0x00, 0x00, //0x00003536 jb           LBB0_674
	0x48, 0x8b, 0x7d, 0xc8, //0x0000353c movq         $-56(%rbp), %rdi
	0x46, 0x8b, 0x5c, 0x17, 0x01, //0x00003540 movl         $1(%rdi,%r10), %r11d
	0x44, 0x89, 0xdb, //0x00003545 movl         %r11d, %ebx
	0xf7, 0xd3, //0x00003548 notl         %ebx
	0x41, 0x8d, 0xbb, 0xd0, 0xcf, 0xcf, 0xcf, //0x0000354a leal         $-808464432(%r11), %edi
	0x81, 0xe3, 0x80, 0x80, 0x80, 0x80, //0x00003551 andl         $-2139062144, %ebx
	0x85, 0xfb, //0x00003557 testl        %edi, %ebx
	0x0f, 0x85, 0xb9, 0xdc, 0xff, 0xff, //0x00003559 jne          LBB0_225
	0x41, 0x8d, 0xbb, 0x19, 0x19, 0x19, 0x19, //0x0000355f leal         $421075225(%r11), %edi
	0x44, 0x09, 0xdf, //0x00003566 orl          %r11d, %edi
	0xf7, 0xc7, 0x80, 0x80, 0x80, 0x80, //0x00003569 testl        $-2139062144, %edi
	0x0f, 0x85, 0xa3, 0xdc, 0xff, 0xff, //0x0000356f jne          LBB0_225
	0x44, 0x89, 0xde, //0x00003575 movl         %r11d, %esi
	0x81, 0xe6, 0x7f, 0x7f, 0x7f, 0x7f, //0x00003578 andl         $2139062143, %esi
	0xbf, 0xc0, 0xc0, 0xc0, 0xc0, //0x0000357e movl         $-1061109568, %edi
	0x29, 0xf7, //0x00003583 subl         %esi, %edi
	0x89, 0x7d, 0xc0, //0x00003585 movl         %edi, $-64(%rbp)
	0x8d, 0xbe, 0x46, 0x46, 0x46, 0x46, //0x00003588 leal         $1179010630(%rsi), %edi
	0x89, 0x7d, 0xb8, //0x0000358e movl         %edi, $-72(%rbp)
	0x8b, 0x7d, 0xc0, //0x00003591 movl         $-64(%rbp), %edi
	0x21, 0xdf, //0x00003594 andl         %ebx, %edi
	0x85, 0x7d, 0xb8, //0x00003596 testl        %edi, $-72(%rbp)
	0x0f, 0x85, 0x79, 0xdc, 0xff, 0xff, //0x00003599 jne          LBB0_225
	0xbf, 0xe0, 0xe0, 0xe0, 0xe0, //0x0000359f movl         $-522133280, %edi
	0x29, 0xf7, //0x000035a4 subl         %esi, %edi
	0x81, 0xc6, 0x39, 0x39, 0x39, 0x39, //0x000035a6 addl         $960051513, %esi
	0x21, 0xfb, //0x000035ac andl         %edi, %ebx
	0x85, 0xf3, //0x000035ae testl        %esi, %ebx
	0x0f, 0x85, 0x62, 0xdc, 0xff, 0xff, //0x000035b0 jne          LBB0_225
	0x41, 0x0f, 0xcb, //0x000035b6 bswapl       %r11d
	0x44, 0x89, 0xdf, //0x000035b9 movl         %r11d, %edi
	0xc1, 0xef, 0x04, //0x000035bc shrl         $4, %edi
	0xf7, 0xd7, //0x000035bf notl         %edi
	0x81, 0xe7, 0x01, 0x01, 0x01, 0x01, //0x000035c1 andl         $16843009, %edi
	0x8d, 0x3c, 0xff, //0x000035c7 leal         (%rdi,%rdi,8), %edi
	0x41, 0x81, 0xe3, 0x0f, 0x0f, 0x0f, 0x0f, //0x000035ca andl         $252645135, %r11d
	0x41, 0x01, 0xfb, //0x000035d1 addl         %edi, %r11d
	0x44, 0x89, 0xdf, //0x000035d4 movl         %r11d, %edi
	0xc1, 0xef, 0x0c, //0x000035d7 shrl         $12, %edi
	0x41, 0xc1, 0xeb, 0x08, //0x000035da shrl         $8, %r11d
	0x41, 0x09, 0xfb, //0x000035de orl          %edi, %r11d
	0x41, 0x81, 0xe3, 0x00, 0xfc, 0x00, 0x00, //0x000035e1 andl         $64512, %r11d
	0x41, 0x81, 0xfb, 0x00, 0xd8, 0x00, 0x00, //0x000035e8 cmpl         $55296, %r11d
	0x0f, 0x85, 0xe8, 0x00, 0x00, 0x00, //0x000035ef jne          LBB0_747
	0x49, 0x83, 0xfe, 0x0b, //0x000035f5 cmpq         $11, %r14
	0x0f, 0x82, 0xde, 0x00, 0x00, 0x00, //0x000035f9 jb           LBB0_747
	0x48, 0x8b, 0x7d, 0xc8, //0x000035ff movq         $-56(%rbp), %rdi
	0x42, 0x80, 0x7c, 0x17, 0x05, 0x5c, //0x00003603 cmpb         $92, $5(%rdi,%r10)
	0x0f, 0x85, 0xce, 0x00, 0x00, 0x00, //0x00003609 jne          LBB0_747
	0x48, 0x8b, 0x7d, 0xc8, //0x0000360f movq         $-56(%rbp), %rdi
	0x42, 0x80, 0x7c, 0x17, 0x06, 0x75, //0x00003613 cmpb         $117, $6(%rdi,%r10)
	0x0f, 0x85, 0xbe, 0x00, 0x00, 0x00, //0x00003619 jne          LBB0_747
	0x48, 0x8b, 0x7d, 0xc8, //0x0000361f movq         $-56(%rbp), %rdi
	0x46, 0x8b, 0x5c, 0x17, 0x07, //0x00003623 movl         $7(%rdi,%r10), %r11d
	0x44, 0x89, 0xdb, //0x00003628 movl         %r11d, %ebx
	0xf7, 0xd3, //0x0000362b notl         %ebx
	0x41, 0x8d, 0xbb, 0xd0, 0xcf, 0xcf, 0xcf, //0x0000362d leal         $-808464432(%r11), %edi
	0x81, 0xe3, 0x80, 0x80, 0x80, 0x80, //0x00003634 andl         $-2139062144, %ebx
	0x85, 0xfb, //0x0000363a testl        %edi, %ebx
	0x0f, 0x85, 0x9b, 0x00, 0x00, 0x00, //0x0000363c jne          LBB0_747
	0x41, 0x8d, 0xbb, 0x19, 0x19, 0x19, 0x19, //0x00003642 leal         $421075225(%r11), %edi
	0x44, 0x09, 0xdf, //0x00003649 orl          %r11d, %edi
	0xf7, 0xc7, 0x80, 0x80, 0x80, 0x80, //0x0000364c testl        $-2139062144, %edi
	0x0f, 0x85, 0x85, 0x00, 0x00, 0x00, //0x00003652 jne          LBB0_747
	0x45, 0x89, 0xde, //0x00003658 movl         %r11d, %r14d
	0x41, 0x81, 0xe6, 0x7f, 0x7f, 0x7f, 0x7f, //0x0000365b andl         $2139062143, %r14d
	0xbf, 0xc0, 0xc0, 0xc0, 0xc0, //0x00003662 movl         $-1061109568, %edi
	0x44, 0x29, 0xf7, //0x00003667 subl         %r14d, %edi
	0x41, 0x8d, 0xb6, 0x46, 0x46, 0x46, 0x46, //0x0000366a leal         $1179010630(%r14), %esi
	0x21, 0xdf, //0x00003671 andl         %ebx, %edi
	0x85, 0xf7, //0x00003673 testl        %esi, %edi
	0x0f, 0x85, 0x62, 0x00, 0x00, 0x00, //0x00003675 jne          LBB0_747
	0xbf, 0xe0, 0xe0, 0xe0, 0xe0, //0x0000367b movl         $-522133280, %edi
	0x44, 0x29, 0xf7, //0x00003680 subl         %r14d, %edi
	0x41, 0x81, 0xc6, 0x39, 0x39, 0x39, 0x39, //0x00003683 addl         $960051513, %r14d
	0x21, 0xfb, //0x0000368a andl         %edi, %ebx
	0x44, 0x85, 0xf3, //0x0000368c testl        %r14d, %ebx
	0x0f, 0x85, 0x48, 0x00, 0x00, 0x00, //0x0000368f jne          LBB0_747
	0x41, 0x0f, 0xcb, //0x00003695 bswapl       %r11d
	0x44, 0x89, 0xdf, //0x00003698 movl         %r11d, %edi
	0xc1, 0xef, 0x04, //0x0000369b shrl         $4, %edi
	0xf7, 0xd7, //0x0000369e notl         %edi
	0x81, 0xe7, 0x01, 0x01, 0x01, 0x01, //0x000036a0 andl         $16843009, %edi
	0x8d, 0x3c, 0xff, //0x000036a6 leal         (%rdi,%rdi,8), %edi
	0x41, 0x81, 0xe3, 0x0f, 0x0f, 0x0f, 0x0f, //0x000036a9 andl         $252645135, %r11d
	0x41, 0x01, 0xfb, //0x000036b0 addl         %edi, %r11d
	0x44, 0x89, 0xdf, //0x000036b3 movl         %r11d, %edi
	0xc1, 0xef, 0x0c, //0x000036b6 shrl         $12, %edi
	0x41, 0xc1, 0xeb, 0x08, //0x000036b9 shrl         $8, %r11d
	0x41, 0x09, 0xfb, //0x000036bd orl          %edi, %r11d
	0x41, 0x81, 0xe3, 0x00, 0xfc, 0x00, 0x00, //0x000036c0 andl         $64512, %r11d
	0x41, 0x81, 0xfb, 0x00, 0xdc, 0x00, 0x00, //0x000036c7 cmpl         $56320, %r11d
	0x0f, 0x85, 0x09, 0x00, 0x00, 0x00, //0x000036ce jne          LBB0_747
	0x4d, 0x8d, 0x42, 0x0b, //0x000036d4 leaq         $11(%r10), %r8
	0xe9, 0x2d, 0xfe, 0xff, 0xff, //0x000036d8 jmp          LBB0_730
	//0x000036dd LBB0_747
	0x4d, 0x8d, 0x42, 0x05, //0x000036dd leaq         $5(%r10), %r8
	0xe9, 0x24, 0xfe, 0xff, 0xff, //0x000036e1 jmp          LBB0_730
	//0x000036e6 LBB0_748
	0x4c, 0x2b, 0x4d, 0xc8, //0x000036e6 subq         $-56(%rbp), %r9
	0x49, 0x83, 0xc1, 0x01, //0x000036ea addq         $1, %r9
	0x4d, 0x89, 0xce, //0x000036ee movq         %r9, %r14
	0x49, 0x89, 0xc0, //0x000036f1 movq         %rax, %r8
	0xe9, 0xed, 0xda, 0xff, 0xff, //0x000036f4 jmp          LBB0_222
	//0x000036f9 LBB0_751
	0x4d, 0x85, 0xf6, //0x000036f9 testq        %r14, %r14
	0x0f, 0x84, 0x63, 0x00, 0x00, 0x00, //0x000036fc je           LBB0_674
	0x48, 0x8b, 0x45, 0xc8, //0x00003702 movq         $-56(%rbp), %rax
	0x48, 0xf7, 0xd0, //0x00003706 notq         %rax
	0x49, 0x8d, 0x34, 0x03, //0x00003709 leaq         (%r11,%rax), %rsi
	0x49, 0x83, 0xff, 0xff, //0x0000370d cmpq         $-1, %r15
	0x4c, 0x89, 0xff, //0x00003711 movq         %r15, %rdi
	0x4c, 0x0f, 0x44, 0xfe, //0x00003714 cmoveq       %rsi, %r15
	0x48, 0x0f, 0x44, 0xfe, //0x00003718 cmoveq       %rsi, %rdi
	0x49, 0x83, 0xc3, 0x01, //0x0000371c addq         $1, %r11
	0x49, 0x83, 0xc6, 0xff, //0x00003720 addq         $-1, %r14
	0x4d, 0x85, 0xf6, //0x00003724 testq        %r14, %r14
	0x0f, 0x85, 0xca, 0xfb, 0xff, 0xff, //0x00003727 jne          LBB0_695
	0xe9, 0x48, 0xfc, 0xff, 0xff, //0x0000372d jmp          LBB0_703
	//0x00003732 LBB0_753
	0x4d, 0x85, 0xe4, //0x00003732 testq        %r12, %r12
	0x0f, 0x84, 0x2a, 0x00, 0x00, 0x00, //0x00003735 je           LBB0_674
	0x48, 0x8b, 0x4d, 0xc8, //0x0000373b movq         $-56(%rbp), %rcx
	0x48, 0xf7, 0xd1, //0x0000373f notq         %rcx
	0x4c, 0x01, 0xc9, //0x00003742 addq         %r9, %rcx
	0x48, 0x89, 0xc7, //0x00003745 movq         %rax, %rdi
	0x48, 0x83, 0xf8, 0xff, //0x00003748 cmpq         $-1, %rax
	0x48, 0x0f, 0x44, 0xc1, //0x0000374c cmoveq       %rcx, %rax
	0x48, 0x0f, 0x45, 0xcf, //0x00003750 cmovneq      %rdi, %rcx
	0x49, 0x83, 0xc1, 0x01, //0x00003754 addq         $1, %r9
	0x49, 0x83, 0xc4, 0xff, //0x00003758 addq         $-1, %r12
	0x4d, 0x85, 0xe4, //0x0000375c testq        %r12, %r12
	0x0f, 0x85, 0x13, 0xfd, 0xff, 0xff, //0x0000375f jne          LBB0_720
	//0x00003765 LBB0_674
	0x49, 0xc7, 0xc0, 0xff, 0xff, 0xff, 0xff, //0x00003765 movq         $-1, %r8
	0xe9, 0xa7, 0xda, 0xff, 0xff, //0x0000376c jmp          LBB0_225
	//0x00003771 LBB0_760
	0x49, 0xc7, 0xc0, 0xff, 0xff, 0xff, 0xff, //0x00003771 movq         $-1, %r8
	0x49, 0x83, 0xff, 0x05, //0x00003778 cmpq         $5, %r15
	0x0f, 0x82, 0x96, 0xda, 0xff, 0xff, //0x0000377c jb           LBB0_225
	0x48, 0x8b, 0x7d, 0xc8, //0x00003782 movq         $-56(%rbp), %rdi
	0x48, 0x8b, 0x75, 0xb0, //0x00003786 movq         $-80(%rbp), %rsi
	0x8b, 0x74, 0x37, 0x01, //0x0000378a movl         $1(%rdi,%rsi), %esi
	0x41, 0x89, 0xf0, //0x0000378e movl         %esi, %r8d
	0x41, 0xf7, 0xd0, //0x00003791 notl         %r8d
	0x8d, 0xbe, 0xd0, 0xcf, 0xcf, 0xcf, //0x00003794 leal         $-808464432(%rsi), %edi
	0x41, 0x81, 0xe0, 0x80, 0x80, 0x80, 0x80, //0x0000379a andl         $-2139062144, %r8d
	0x44, 0x89, 0x45, 0xa0, //0x000037a1 movl         %r8d, $-96(%rbp)
	0x41, 0x85, 0xf8, //0x000037a5 testl        %edi, %r8d
	0x0f, 0x85, 0x57, 0x02, 0x00, 0x00, //0x000037a8 jne          LBB0_687
	0x8d, 0xbe, 0x19, 0x19, 0x19, 0x19, //0x000037ae leal         $421075225(%rsi), %edi
	0x09, 0xf7, //0x000037b4 orl          %esi, %edi
	0xf7, 0xc7, 0x80, 0x80, 0x80, 0x80, //0x000037b6 testl        $-2139062144, %edi
	0x0f, 0x85, 0x43, 0x02, 0x00, 0x00, //0x000037bc jne          LBB0_687
	0x89, 0xf7, //0x000037c2 movl         %esi, %edi
	0x81, 0xe7, 0x7f, 0x7f, 0x7f, 0x7f, //0x000037c4 andl         $2139062143, %edi
	0x41, 0xb8, 0xc0, 0xc0, 0xc0, 0xc0, //0x000037ca movl         $-1061109568, %r8d
	0x41, 0x29, 0xf8, //0x000037d0 subl         %edi, %r8d
	0x48, 0x89, 0x7d, 0x88, //0x000037d3 movq         %rdi, $-120(%rbp)
	0x81, 0xc7, 0x46, 0x46, 0x46, 0x46, //0x000037d7 addl         $1179010630, %edi
	0x44, 0x23, 0x45, 0xa0, //0x000037dd andl         $-96(%rbp), %r8d
	0x41, 0x85, 0xf8, //0x000037e1 testl        %edi, %r8d
	0x0f, 0x85, 0x1b, 0x02, 0x00, 0x00, //0x000037e4 jne          LBB0_687
	0x41, 0xb8, 0xe0, 0xe0, 0xe0, 0xe0, //0x000037ea movl         $-522133280, %r8d
	0x48, 0x8b, 0x7d, 0x88, //0x000037f0 movq         $-120(%rbp), %rdi
	0x41, 0x29, 0xf8, //0x000037f4 subl         %edi, %r8d
	0x81, 0xc7, 0x39, 0x39, 0x39, 0x39, //0x000037f7 addl         $960051513, %edi
	0x44, 0x21, 0x45, 0xa0, //0x000037fd andl         %r8d, $-96(%rbp)
	0x49, 0xc7, 0xc0, 0xfe, 0xff, 0xff, 0xff, //0x00003801 movq         $-2, %r8
	0x85, 0x7d, 0xa0, //0x00003808 testl        %edi, $-96(%rbp)
	0x0f, 0x85, 0x07, 0xda, 0xff, 0xff, //0x0000380b jne          LBB0_225
	0x0f, 0xce, //0x00003811 bswapl       %esi
	0x89, 0xf7, //0x00003813 movl         %esi, %edi
	0xc1, 0xef, 0x04, //0x00003815 shrl         $4, %edi
	0xf7, 0xd7, //0x00003818 notl         %edi
	0x81, 0xe7, 0x01, 0x01, 0x01, 0x01, //0x0000381a andl         $16843009, %edi
	0x8d, 0x3c, 0xff, //0x00003820 leal         (%rdi,%rdi,8), %edi
	0x81, 0xe6, 0x0f, 0x0f, 0x0f, 0x0f, //0x00003823 andl         $252645135, %esi
	0x01, 0xfe, //0x00003829 addl         %edi, %esi
	0x89, 0xf7, //0x0000382b movl         %esi, %edi
	0xc1, 0xef, 0x0c, //0x0000382d shrl         $12, %edi
	0xc1, 0xee, 0x08, //0x00003830 shrl         $8, %esi
	0x09, 0xfe, //0x00003833 orl          %edi, %esi
	0x81, 0xe6, 0x00, 0xfc, 0x00, 0x00, //0x00003835 andl         $64512, %esi
	0x81, 0xfe, 0x00, 0xd8, 0x00, 0x00, //0x0000383b cmpl         $55296, %esi
	0x0f, 0x85, 0x00, 0x01, 0x00, 0x00, //0x00003841 jne          LBB0_775
	0x49, 0x83, 0xff, 0x0b, //0x00003847 cmpq         $11, %r15
	0x0f, 0x82, 0xf6, 0x00, 0x00, 0x00, //0x0000384b jb           LBB0_775
	0x48, 0x8b, 0x7d, 0xc8, //0x00003851 movq         $-56(%rbp), %rdi
	0x48, 0x8b, 0x75, 0xb0, //0x00003855 movq         $-80(%rbp), %rsi
	0x80, 0x7c, 0x37, 0x05, 0x5c, //0x00003859 cmpb         $92, $5(%rdi,%rsi)
	0x0f, 0x85, 0xe3, 0x00, 0x00, 0x00, //0x0000385e jne          LBB0_775
	0x48, 0x8b, 0x7d, 0xc8, //0x00003864 movq         $-56(%rbp), %rdi
	0x48, 0x8b, 0x75, 0xb0, //0x00003868 movq         $-80(%rbp), %rsi
	0x80, 0x7c, 0x37, 0x06, 0x75, //0x0000386c cmpb         $117, $6(%rdi,%rsi)
	0x0f, 0x85, 0xd0, 0x00, 0x00, 0x00, //0x00003871 jne          LBB0_775
	0x48, 0x8b, 0x7d, 0xc8, //0x00003877 movq         $-56(%rbp), %rdi
	0x48, 0x8b, 0x75, 0xb0, //0x0000387b movq         $-80(%rbp), %rsi
	0x44, 0x8b, 0x44, 0x37, 0x07, //0x0000387f movl         $7(%rdi,%rsi), %r8d
	0x44, 0x89, 0xc6, //0x00003884 movl         %r8d, %esi
	0xf7, 0xd6, //0x00003887 notl         %esi
	0x41, 0x8d, 0xb8, 0xd0, 0xcf, 0xcf, 0xcf, //0x00003889 leal         $-808464432(%r8), %edi
	0x81, 0xe6, 0x80, 0x80, 0x80, 0x80, //0x00003890 andl         $-2139062144, %esi
	0x85, 0xfe, //0x00003896 testl        %edi, %esi
	0x0f, 0x85, 0xa9, 0x00, 0x00, 0x00, //0x00003898 jne          LBB0_775
	0x41, 0x8d, 0xb8, 0x19, 0x19, 0x19, 0x19, //0x0000389e leal         $421075225(%r8), %edi
	0x44, 0x09, 0xc7, //0x000038a5 orl          %r8d, %edi
	0xf7, 0xc7, 0x80, 0x80, 0x80, 0x80, //0x000038a8 testl        $-2139062144, %edi
	0x0f, 0x85, 0x93, 0x00, 0x00, 0x00, //0x000038ae jne          LBB0_775
	0x45, 0x89, 0xc7, //0x000038b4 movl         %r8d, %r15d
	0x41, 0x81, 0xe7, 0x7f, 0x7f, 0x7f, 0x7f, //0x000038b7 andl         $2139062143, %r15d
	0xbf, 0xc0, 0xc0, 0xc0, 0xc0, //0x000038be movl         $-1061109568, %edi
	0x44, 0x29, 0xff, //0x000038c3 subl         %r15d, %edi
	0x4c, 0x89, 0x7d, 0xa0, //0x000038c6 movq         %r15, $-96(%rbp)
	0x41, 0x81, 0xc7, 0x46, 0x46, 0x46, 0x46, //0x000038ca addl         $1179010630, %r15d
	0x44, 0x89, 0x7d, 0xb0, //0x000038d1 movl         %r15d, $-80(%rbp)
	0x21, 0xf7, //0x000038d5 andl         %esi, %edi
	0x85, 0x7d, 0xb0, //0x000038d7 testl        %edi, $-80(%rbp)
	0x0f, 0x85, 0x67, 0x00, 0x00, 0x00, //0x000038da jne          LBB0_775
	0x41, 0xbf, 0xe0, 0xe0, 0xe0, 0xe0, //0x000038e0 movl         $-522133280, %r15d
	0x48, 0x8b, 0x7d, 0xa0, //0x000038e6 movq         $-96(%rbp), %rdi
	0x41, 0x29, 0xff, //0x000038ea subl         %edi, %r15d
	0x81, 0xc7, 0x39, 0x39, 0x39, 0x39, //0x000038ed addl         $960051513, %edi
	0x44, 0x21, 0xfe, //0x000038f3 andl         %r15d, %esi
	0x85, 0xfe, //0x000038f6 testl        %edi, %esi
	0x0f, 0x85, 0x49, 0x00, 0x00, 0x00, //0x000038f8 jne          LBB0_775
	0x41, 0x0f, 0xc8, //0x000038fe bswapl       %r8d
	0x44, 0x89, 0xc7, //0x00003901 movl         %r8d, %edi
	0xc1, 0xef, 0x04, //0x00003904 shrl         $4, %edi
	0xf7, 0xd7, //0x00003907 notl         %edi
	0x81, 0xe7, 0x01, 0x01, 0x01, 0x01, //0x00003909 andl         $16843009, %edi
	0x8d, 0x3c, 0xff, //0x0000390f leal         (%rdi,%rdi,8), %edi
	0x41, 0x81, 0xe0, 0x0f, 0x0f, 0x0f, 0x0f, //0x00003912 andl         $252645135, %r8d
	0x41, 0x01, 0xf8, //0x00003919 addl         %edi, %r8d
	0x44, 0x89, 0xc7, //0x0000391c movl         %r8d, %edi
	0xc1, 0xef, 0x0c, //0x0000391f shrl         $12, %edi
	0x41, 0xc1, 0xe8, 0x08, //0x00003922 shrl         $8, %r8d
	0x41, 0x09, 0xf8, //0x00003926 orl          %edi, %r8d
	0x41, 0x81, 0xe0, 0x00, 0xfc, 0x00, 0x00, //0x00003929 andl         $64512, %r8d
	0x41, 0x81, 0xf8, 0x00, 0xdc, 0x00, 0x00, //0x00003930 cmpl         $56320, %r8d
	0x0f, 0x85, 0x0a, 0x00, 0x00, 0x00, //0x00003937 jne          LBB0_775
	0x48, 0x83, 0x45, 0xc0, 0x0c, //0x0000393d addq         $12, $-64(%rbp)
	0xe9, 0x91, 0x00, 0x00, 0x00, //0x00003942 jmp          LBB0_782
	//0x00003947 LBB0_775
	0x48, 0x83, 0x45, 0xc0, 0x06, //0x00003947 addq         $6, $-64(%rbp)
	0xe9, 0x87, 0x00, 0x00, 0x00, //0x0000394c jmp          LBB0_782
	//0x00003951 LBB0_776
	0x49, 0x0f, 0xbc, 0xff, //0x00003951 bsfq         %r15, %rdi
	0x48, 0x89, 0x7d, 0xc0, //0x00003955 movq         %rdi, $-64(%rbp)
	0x48, 0x8b, 0x7d, 0xc0, //0x00003959 movq         $-64(%rbp), %rdi
	0x4c, 0x39, 0x5d, 0xc0, //0x0000395d cmpq         %r11, $-64(%rbp)
	0x0f, 0x83, 0xcb, 0xfa, 0xff, 0xff, //0x00003961 jae          LBB0_713
	0x4c, 0x89, 0x7d, 0xa8, //0x00003967 movq         %r15, $-88(%rbp)
	0x4c, 0x89, 0x45, 0xb8, //0x0000396b movq         %r8, $-72(%rbp)
	0x4c, 0x01, 0xf7, //0x0000396f addq         %r14, %rdi
	0x48, 0x89, 0x7d, 0xc0, //0x00003972 movq         %rdi, $-64(%rbp)
	0x48, 0x39, 0xf7, //0x00003976 cmpq         %rsi, %rdi
	0x0f, 0x8c, 0x6c, 0x00, 0x00, 0x00, //0x00003979 jl           LBB0_783
	0x48, 0x8b, 0x7d, 0xc0, //0x0000397f movq         $-64(%rbp), %rdi
	0x48, 0x8d, 0x77, 0x01, //0x00003983 leaq         $1(%rdi), %rsi
	0x4d, 0x89, 0xef, //0x00003987 movq         %r13, %r15
	0x49, 0xc7, 0xc0, 0xff, 0xff, 0xff, 0xff, //0x0000398a movq         $-1, %r8
	0x48, 0x89, 0xf7, //0x00003991 movq         %rsi, %rdi
	0x48, 0x89, 0x75, 0xb0, //0x00003994 movq         %rsi, $-80(%rbp)
	0x49, 0x29, 0xf7, //0x00003998 subq         %rsi, %r15
	0x0f, 0x84, 0x77, 0xd8, 0xff, 0xff, //0x0000399b je           LBB0_225
	0x48, 0x8b, 0x7d, 0xc8, //0x000039a1 movq         $-56(%rbp), %rdi
	0x48, 0x8b, 0x75, 0xb0, //0x000039a5 movq         $-80(%rbp), %rsi
	0x44, 0x0f, 0xbe, 0x04, 0x37, //0x000039a9 movsbl       (%rdi,%rsi), %r8d
	0x41, 0x83, 0xc0, 0xde, //0x000039ae addl         $-34, %r8d
	0x41, 0x83, 0xf8, 0x53, //0x000039b2 cmpl         $83, %r8d
	0x0f, 0x87, 0x49, 0x00, 0x00, 0x00, //0x000039b6 ja           LBB0_687
	0x48, 0x8d, 0x35, 0x99, 0x03, 0x00, 0x00, //0x000039bc leaq         $921(%rip), %rsi  /* LJTI0_2+0(%rip) */
	0x4a, 0x63, 0x3c, 0x86, //0x000039c3 movslq       (%rsi,%r8,4), %rdi
	0x48, 0x01, 0xf7, //0x000039c7 addq         %rsi, %rdi
	0x49, 0xc7, 0xc0, 0xfe, 0xff, 0xff, 0xff, //0x000039ca movq         $-2, %r8
	0xff, 0xe7, //0x000039d1 jmpq         *%rdi
	//0x000039d3 LBB0_781
	0x48, 0x83, 0x45, 0xc0, 0x02, //0x000039d3 addq         $2, $-64(%rbp)
	//0x000039d8 LBB0_782
	0x48, 0x8b, 0x7d, 0xc0, //0x000039d8 movq         $-64(%rbp), %rdi
	0x48, 0x89, 0xfe, //0x000039dc movq         %rdi, %rsi
	0x49, 0x89, 0xf8, //0x000039df movq         %rdi, %r8
	0x48, 0x85, 0xff, //0x000039e2 testq        %rdi, %rdi
	0x0f, 0x88, 0x2d, 0xd8, 0xff, 0xff, //0x000039e5 js           LBB0_225
	//0x000039eb LBB0_783
	0x4c, 0x8b, 0x7d, 0xa8, //0x000039eb movq         $-88(%rbp), %r15
	0x49, 0x8d, 0x7f, 0xff, //0x000039ef leaq         $-1(%r15), %rdi
	0x49, 0x21, 0xff, //0x000039f3 andq         %rdi, %r15
	0x4c, 0x8b, 0x45, 0xb8, //0x000039f6 movq         $-72(%rbp), %r8
	0x0f, 0x84, 0x32, 0xfa, 0xff, 0xff, //0x000039fa je           LBB0_713
	0xe9, 0x4c, 0xff, 0xff, 0xff, //0x00003a00 jmp          LBB0_776
	//0x00003a05 LBB0_687
	0x49, 0xc7, 0xc0, 0xfe, 0xff, 0xff, 0xff, //0x00003a05 movq         $-2, %r8
	0xe9, 0x07, 0xd8, 0xff, 0xff, //0x00003a0c jmp          LBB0_225
	0x90, 0x90, 0x90, //0x00003a11 .p2align 2, 0x90
	// // .set L0_0_set_290, LBB0_290-LJTI0_0
	// // .set L0_0_set_133, LBB0_133-LJTI0_0
	// // .set L0_0_set_118, LBB0_118-LJTI0_0
	// // .set L0_0_set_117, LBB0_117-LJTI0_0
	// // .set L0_0_set_34, LBB0_34-LJTI0_0
	// // .set L0_0_set_134, LBB0_134-LJTI0_0
	// // .set L0_0_set_135, LBB0_135-LJTI0_0
	// // .set L0_0_set_139, LBB0_139-LJTI0_0
	// // .set L0_0_set_136, LBB0_136-LJTI0_0
	// // .set L0_0_set_113, LBB0_113-LJTI0_0
	// // .set L0_0_set_130, LBB0_130-LJTI0_0
	// // .set L0_0_set_141, LBB0_141-LJTI0_0
	// // .set L0_0_set_116, LBB0_116-LJTI0_0
	//0x00003a14 LJTI0_0
	0xf1, 0xdb, 0xff, 0xff, //0x00003a14 .long L0_0_set_290
	0x1c, 0xd1, 0xff, 0xff, //0x00003a18 .long L0_0_set_133
	0x1c, 0xd1, 0xff, 0xff, //0x00003a1c .long L0_0_set_133
	0x1c, 0xd1, 0xff, 0xff, //0x00003a20 .long L0_0_set_133
	0x1c, 0xd1, 0xff, 0xff, //0x00003a24 .long L0_0_set_133
	0x1c, 0xd1, 0xff, 0xff, //0x00003a28 .long L0_0_set_133
	0x1c, 0xd1, 0xff, 0xff, //0x00003a2c .long L0_0_set_133
	0x1c, 0xd1, 0xff, 0xff, //0x00003a30 .long L0_0_set_133
	0x1c, 0xd1, 0xff, 0xff, //0x00003a34 .long L0_0_set_133
	0x1c, 0xd1, 0xff, 0xff, //0x00003a38 .long L0_0_set_133
	0x1c, 0xd1, 0xff, 0xff, //0x00003a3c .long L0_0_set_133
	0x1c, 0xd1, 0xff, 0xff, //0x00003a40 .long L0_0_set_133
	0x1c, 0xd1, 0xff, 0xff, //0x00003a44 .long L0_0_set_133
	0x1c, 0xd1, 0xff, 0xff, //0x00003a48 .long L0_0_set_133
	0x1c, 0xd1, 0xff, 0xff, //0x00003a4c .long L0_0_set_133
	0x1c, 0xd1, 0xff, 0xff, //0x00003a50 .long L0_0_set_133
	0x1c, 0xd1, 0xff, 0xff, //0x00003a54 .long L0_0_set_133
	0x1c, 0xd1, 0xff, 0xff, //0x00003a58 .long L0_0_set_133
	0x1c, 0xd1, 0xff, 0xff, //0x00003a5c .long L0_0_set_133
	0x1c, 0xd1, 0xff, 0xff, //0x00003a60 .long L0_0_set_133
	0x1c, 0xd1, 0xff, 0xff, //0x00003a64 .long L0_0_set_133
	0x1c, 0xd1, 0xff, 0xff, //0x00003a68 .long L0_0_set_133
	0x1c, 0xd1, 0xff, 0xff, //0x00003a6c .long L0_0_set_133
	0x1c, 0xd1, 0xff, 0xff, //0x00003a70 .long L0_0_set_133
	0x1c, 0xd1, 0xff, 0xff, //0x00003a74 .long L0_0_set_133
	0x1c, 0xd1, 0xff, 0xff, //0x00003a78 .long L0_0_set_133
	0x1c, 0xd1, 0xff, 0xff, //0x00003a7c .long L0_0_set_133
	0x1c, 0xd1, 0xff, 0xff, //0x00003a80 .long L0_0_set_133
	0x1c, 0xd1, 0xff, 0xff, //0x00003a84 .long L0_0_set_133
	0x1c, 0xd1, 0xff, 0xff, //0x00003a88 .long L0_0_set_133
	0x1c, 0xd1, 0xff, 0xff, //0x00003a8c .long L0_0_set_133
	0x1c, 0xd1, 0xff, 0xff, //0x00003a90 .long L0_0_set_133
	0x1c, 0xd1, 0xff, 0xff, //0x00003a94 .long L0_0_set_133
	0x1c, 0xd1, 0xff, 0xff, //0x00003a98 .long L0_0_set_133
	0xae, 0xcf, 0xff, 0xff, //0x00003a9c .long L0_0_set_118
	0x1c, 0xd1, 0xff, 0xff, //0x00003aa0 .long L0_0_set_133
	0x1c, 0xd1, 0xff, 0xff, //0x00003aa4 .long L0_0_set_133
	0x1c, 0xd1, 0xff, 0xff, //0x00003aa8 .long L0_0_set_133
	0x1c, 0xd1, 0xff, 0xff, //0x00003aac .long L0_0_set_133
	0x1c, 0xd1, 0xff, 0xff, //0x00003ab0 .long L0_0_set_133
	0x1c, 0xd1, 0xff, 0xff, //0x00003ab4 .long L0_0_set_133
	0x1c, 0xd1, 0xff, 0xff, //0x00003ab8 .long L0_0_set_133
	0x1c, 0xd1, 0xff, 0xff, //0x00003abc .long L0_0_set_133
	0x1c, 0xd1, 0xff, 0xff, //0x00003ac0 .long L0_0_set_133
	0x9a, 0xcf, 0xff, 0xff, //0x00003ac4 .long L0_0_set_117
	0x03, 0xca, 0xff, 0xff, //0x00003ac8 .long L0_0_set_34
	0x1c, 0xd1, 0xff, 0xff, //0x00003acc .long L0_0_set_133
	0x1c, 0xd1, 0xff, 0xff, //0x00003ad0 .long L0_0_set_133
	0x03, 0xca, 0xff, 0xff, //0x00003ad4 .long L0_0_set_34
	0x03, 0xca, 0xff, 0xff, //0x00003ad8 .long L0_0_set_34
	0x03, 0xca, 0xff, 0xff, //0x00003adc .long L0_0_set_34
	0x03, 0xca, 0xff, 0xff, //0x00003ae0 .long L0_0_set_34
	0x03, 0xca, 0xff, 0xff, //0x00003ae4 .long L0_0_set_34
	0x03, 0xca, 0xff, 0xff, //0x00003ae8 .long L0_0_set_34
	0x03, 0xca, 0xff, 0xff, //0x00003aec .long L0_0_set_34
	0x03, 0xca, 0xff, 0xff, //0x00003af0 .long L0_0_set_34
	0x03, 0xca, 0xff, 0xff, //0x00003af4 .long L0_0_set_34
	0x03, 0xca, 0xff, 0xff, //0x00003af8 .long L0_0_set_34
	0x2b, 0xd1, 0xff, 0xff, //0x00003afc .long L0_0_set_134
	0x1c, 0xd1, 0xff, 0xff, //0x00003b00 .long L0_0_set_133
	0x1c, 0xd1, 0xff, 0xff, //0x00003b04 .long L0_0_set_133
	0x1c, 0xd1, 0xff, 0xff, //0x00003b08 .long L0_0_set_133
	0x1c, 0xd1, 0xff, 0xff, //0x00003b0c .long L0_0_set_133
	0x1c, 0xd1, 0xff, 0xff, //0x00003b10 .long L0_0_set_133
	0x1c, 0xd1, 0xff, 0xff, //0x00003b14 .long L0_0_set_133
	0x1c, 0xd1, 0xff, 0xff, //0x00003b18 .long L0_0_set_133
	0x1c, 0xd1, 0xff, 0xff, //0x00003b1c .long L0_0_set_133
	0x1c, 0xd1, 0xff, 0xff, //0x00003b20 .long L0_0_set_133
	0x1c, 0xd1, 0xff, 0xff, //0x00003b24 .long L0_0_set_133
	0x1c, 0xd1, 0xff, 0xff, //0x00003b28 .long L0_0_set_133
	0x1c, 0xd1, 0xff, 0xff, //0x00003b2c .long L0_0_set_133
	0x1c, 0xd1, 0xff, 0xff, //0x00003b30 .long L0_0_set_133
	0x1c, 0xd1, 0xff, 0xff, //0x00003b34 .long L0_0_set_133
	0x1c, 0xd1, 0xff, 0xff, //0x00003b38 .long L0_0_set_133
	0x1c, 0xd1, 0xff, 0xff, //0x00003b3c .long L0_0_set_133
	0x1c, 0xd1, 0xff, 0xff, //0x00003b40 .long L0_0_set_133
	0x1c, 0xd1, 0xff, 0xff, //0x00003b44 .long L0_0_set_133
	0x1c, 0xd1, 0xff, 0xff, //0x00003b48 .long L0_0_set_133
	0x1c, 0xd1, 0xff, 0xff, //0x00003b4c .long L0_0_set_133
	0x1c, 0xd1, 0xff, 0xff, //0x00003b50 .long L0_0_set_133
	0x1c, 0xd1, 0xff, 0xff, //0x00003b54 .long L0_0_set_133
	0x1c, 0xd1, 0xff, 0xff, //0x00003b58 .long L0_0_set_133
	0x1c, 0xd1, 0xff, 0xff, //0x00003b5c .long L0_0_set_133
	0x1c, 0xd1, 0xff, 0xff, //0x00003b60 .long L0_0_set_133
	0x1c, 0xd1, 0xff, 0xff, //0x00003b64 .long L0_0_set_133
	0x1c, 0xd1, 0xff, 0xff, //0x00003b68 .long L0_0_set_133
	0x1c, 0xd1, 0xff, 0xff, //0x00003b6c .long L0_0_set_133
	0x1c, 0xd1, 0xff, 0xff, //0x00003b70 .long L0_0_set_133
	0x1c, 0xd1, 0xff, 0xff, //0x00003b74 .long L0_0_set_133
	0x1c, 0xd1, 0xff, 0xff, //0x00003b78 .long L0_0_set_133
	0x1c, 0xd1, 0xff, 0xff, //0x00003b7c .long L0_0_set_133
	0x3f, 0xd1, 0xff, 0xff, //0x00003b80 .long L0_0_set_135
	0x1c, 0xd1, 0xff, 0xff, //0x00003b84 .long L0_0_set_133
	0x7c, 0xd1, 0xff, 0xff, //0x00003b88 .long L0_0_set_139
	0x1c, 0xd1, 0xff, 0xff, //0x00003b8c .long L0_0_set_133
	0x1c, 0xd1, 0xff, 0xff, //0x00003b90 .long L0_0_set_133
	0x1c, 0xd1, 0xff, 0xff, //0x00003b94 .long L0_0_set_133
	0x1c, 0xd1, 0xff, 0xff, //0x00003b98 .long L0_0_set_133
	0x1c, 0xd1, 0xff, 0xff, //0x00003b9c .long L0_0_set_133
	0x1c, 0xd1, 0xff, 0xff, //0x00003ba0 .long L0_0_set_133
	0x1c, 0xd1, 0xff, 0xff, //0x00003ba4 .long L0_0_set_133
	0x1c, 0xd1, 0xff, 0xff, //0x00003ba8 .long L0_0_set_133
	0x4b, 0xd1, 0xff, 0xff, //0x00003bac .long L0_0_set_136
	0x1c, 0xd1, 0xff, 0xff, //0x00003bb0 .long L0_0_set_133
	0x1c, 0xd1, 0xff, 0xff, //0x00003bb4 .long L0_0_set_133
	0x1c, 0xd1, 0xff, 0xff, //0x00003bb8 .long L0_0_set_133
	0x1c, 0xd1, 0xff, 0xff, //0x00003bbc .long L0_0_set_133
	0x1c, 0xd1, 0xff, 0xff, //0x00003bc0 .long L0_0_set_133
	0x1c, 0xd1, 0xff, 0xff, //0x00003bc4 .long L0_0_set_133
	0x1c, 0xd1, 0xff, 0xff, //0x00003bc8 .long L0_0_set_133
	0x56, 0xcf, 0xff, 0xff, //0x00003bcc .long L0_0_set_113
	0x1c, 0xd1, 0xff, 0xff, //0x00003bd0 .long L0_0_set_133
	0x1c, 0xd1, 0xff, 0xff, //0x00003bd4 .long L0_0_set_133
	0x1c, 0xd1, 0xff, 0xff, //0x00003bd8 .long L0_0_set_133
	0x1c, 0xd1, 0xff, 0xff, //0x00003bdc .long L0_0_set_133
	0x1c, 0xd1, 0xff, 0xff, //0x00003be0 .long L0_0_set_133
	0xec, 0xd0, 0xff, 0xff, //0x00003be4 .long L0_0_set_130
	0x1c, 0xd1, 0xff, 0xff, //0x00003be8 .long L0_0_set_133
	0x1c, 0xd1, 0xff, 0xff, //0x00003bec .long L0_0_set_133
	0x1c, 0xd1, 0xff, 0xff, //0x00003bf0 .long L0_0_set_133
	0x1c, 0xd1, 0xff, 0xff, //0x00003bf4 .long L0_0_set_133
	0x1c, 0xd1, 0xff, 0xff, //0x00003bf8 .long L0_0_set_133
	0x1c, 0xd1, 0xff, 0xff, //0x00003bfc .long L0_0_set_133
	0xa4, 0xd1, 0xff, 0xff, //0x00003c00 .long L0_0_set_141
	0x1c, 0xd1, 0xff, 0xff, //0x00003c04 .long L0_0_set_133
	0x86, 0xcf, 0xff, 0xff, //0x00003c08 .long L0_0_set_116
	// // .set L0_1_set_179, LBB0_179-LJTI0_1
	// // .set L0_1_set_225, LBB0_225-LJTI0_1
	// // .set L0_1_set_182, LBB0_182-LJTI0_1
	//0x00003c0c LJTI0_1
	0x92, 0xd2, 0xff, 0xff, //0x00003c0c .long L0_1_set_179
	0x0c, 0xd6, 0xff, 0xff, //0x00003c10 .long L0_1_set_225
	0x0c, 0xd6, 0xff, 0xff, //0x00003c14 .long L0_1_set_225
	0x0c, 0xd6, 0xff, 0xff, //0x00003c18 .long L0_1_set_225
	0x0c, 0xd6, 0xff, 0xff, //0x00003c1c .long L0_1_set_225
	0x0c, 0xd6, 0xff, 0xff, //0x00003c20 .long L0_1_set_225
	0x0c, 0xd6, 0xff, 0xff, //0x00003c24 .long L0_1_set_225
	0x0c, 0xd6, 0xff, 0xff, //0x00003c28 .long L0_1_set_225
	0x0c, 0xd6, 0xff, 0xff, //0x00003c2c .long L0_1_set_225
	0x0c, 0xd6, 0xff, 0xff, //0x00003c30 .long L0_1_set_225
	0x0c, 0xd6, 0xff, 0xff, //0x00003c34 .long L0_1_set_225
	0x0c, 0xd6, 0xff, 0xff, //0x00003c38 .long L0_1_set_225
	0x0c, 0xd6, 0xff, 0xff, //0x00003c3c .long L0_1_set_225
	0x92, 0xd2, 0xff, 0xff, //0x00003c40 .long L0_1_set_179
	0x0c, 0xd6, 0xff, 0xff, //0x00003c44 .long L0_1_set_225
	0x0c, 0xd6, 0xff, 0xff, //0x00003c48 .long L0_1_set_225
	0x0c, 0xd6, 0xff, 0xff, //0x00003c4c .long L0_1_set_225
	0x0c, 0xd6, 0xff, 0xff, //0x00003c50 .long L0_1_set_225
	0x0c, 0xd6, 0xff, 0xff, //0x00003c54 .long L0_1_set_225
	0x0c, 0xd6, 0xff, 0xff, //0x00003c58 .long L0_1_set_225
	0x0c, 0xd6, 0xff, 0xff, //0x00003c5c .long L0_1_set_225
	0x0c, 0xd6, 0xff, 0xff, //0x00003c60 .long L0_1_set_225
	0x0c, 0xd6, 0xff, 0xff, //0x00003c64 .long L0_1_set_225
	0x0c, 0xd6, 0xff, 0xff, //0x00003c68 .long L0_1_set_225
	0x0c, 0xd6, 0xff, 0xff, //0x00003c6c .long L0_1_set_225
	0x0c, 0xd6, 0xff, 0xff, //0x00003c70 .long L0_1_set_225
	0x0c, 0xd6, 0xff, 0xff, //0x00003c74 .long L0_1_set_225
	0x0c, 0xd6, 0xff, 0xff, //0x00003c78 .long L0_1_set_225
	0x0c, 0xd6, 0xff, 0xff, //0x00003c7c .long L0_1_set_225
	0x0c, 0xd6, 0xff, 0xff, //0x00003c80 .long L0_1_set_225
	0x0c, 0xd6, 0xff, 0xff, //0x00003c84 .long L0_1_set_225
	0x0c, 0xd6, 0xff, 0xff, //0x00003c88 .long L0_1_set_225
	0x0c, 0xd6, 0xff, 0xff, //0x00003c8c .long L0_1_set_225
	0x0c, 0xd6, 0xff, 0xff, //0x00003c90 .long L0_1_set_225
	0x0c, 0xd6, 0xff, 0xff, //0x00003c94 .long L0_1_set_225
	0x0c, 0xd6, 0xff, 0xff, //0x00003c98 .long L0_1_set_225
	0x0c, 0xd6, 0xff, 0xff, //0x00003c9c .long L0_1_set_225
	0x0c, 0xd6, 0xff, 0xff, //0x00003ca0 .long L0_1_set_225
	0x0c, 0xd6, 0xff, 0xff, //0x00003ca4 .long L0_1_set_225
	0x0c, 0xd6, 0xff, 0xff, //0x00003ca8 .long L0_1_set_225
	0x0c, 0xd6, 0xff, 0xff, //0x00003cac .long L0_1_set_225
	0x0c, 0xd6, 0xff, 0xff, //0x00003cb0 .long L0_1_set_225
	0x0c, 0xd6, 0xff, 0xff, //0x00003cb4 .long L0_1_set_225
	0x0c, 0xd6, 0xff, 0xff, //0x00003cb8 .long L0_1_set_225
	0x0c, 0xd6, 0xff, 0xff, //0x00003cbc .long L0_1_set_225
	0x0c, 0xd6, 0xff, 0xff, //0x00003cc0 .long L0_1_set_225
	0x0c, 0xd6, 0xff, 0xff, //0x00003cc4 .long L0_1_set_225
	0x0c, 0xd6, 0xff, 0xff, //0x00003cc8 .long L0_1_set_225
	0x0c, 0xd6, 0xff, 0xff, //0x00003ccc .long L0_1_set_225
	0x0c, 0xd6, 0xff, 0xff, //0x00003cd0 .long L0_1_set_225
	0x0c, 0xd6, 0xff, 0xff, //0x00003cd4 .long L0_1_set_225
	0x0c, 0xd6, 0xff, 0xff, //0x00003cd8 .long L0_1_set_225
	0x0c, 0xd6, 0xff, 0xff, //0x00003cdc .long L0_1_set_225
	0x0c, 0xd6, 0xff, 0xff, //0x00003ce0 .long L0_1_set_225
	0x0c, 0xd6, 0xff, 0xff, //0x00003ce4 .long L0_1_set_225
	0x0c, 0xd6, 0xff, 0xff, //0x00003ce8 .long L0_1_set_225
	0x0c, 0xd6, 0xff, 0xff, //0x00003cec .long L0_1_set_225
	0x0c, 0xd6, 0xff, 0xff, //0x00003cf0 .long L0_1_set_225
	0x92, 0xd2, 0xff, 0xff, //0x00003cf4 .long L0_1_set_179
	0x0c, 0xd6, 0xff, 0xff, //0x00003cf8 .long L0_1_set_225
	0x0c, 0xd6, 0xff, 0xff, //0x00003cfc .long L0_1_set_225
	0x0c, 0xd6, 0xff, 0xff, //0x00003d00 .long L0_1_set_225
	0x0c, 0xd6, 0xff, 0xff, //0x00003d04 .long L0_1_set_225
	0x0c, 0xd6, 0xff, 0xff, //0x00003d08 .long L0_1_set_225
	0x92, 0xd2, 0xff, 0xff, //0x00003d0c .long L0_1_set_179
	0x0c, 0xd6, 0xff, 0xff, //0x00003d10 .long L0_1_set_225
	0x0c, 0xd6, 0xff, 0xff, //0x00003d14 .long L0_1_set_225
	0x0c, 0xd6, 0xff, 0xff, //0x00003d18 .long L0_1_set_225
	0x92, 0xd2, 0xff, 0xff, //0x00003d1c .long L0_1_set_179
	0x0c, 0xd6, 0xff, 0xff, //0x00003d20 .long L0_1_set_225
	0x0c, 0xd6, 0xff, 0xff, //0x00003d24 .long L0_1_set_225
	0x0c, 0xd6, 0xff, 0xff, //0x00003d28 .long L0_1_set_225
	0x0c, 0xd6, 0xff, 0xff, //0x00003d2c .long L0_1_set_225
	0x0c, 0xd6, 0xff, 0xff, //0x00003d30 .long L0_1_set_225
	0x0c, 0xd6, 0xff, 0xff, //0x00003d34 .long L0_1_set_225
	0x0c, 0xd6, 0xff, 0xff, //0x00003d38 .long L0_1_set_225
	0x92, 0xd2, 0xff, 0xff, //0x00003d3c .long L0_1_set_179
	0x0c, 0xd6, 0xff, 0xff, //0x00003d40 .long L0_1_set_225
	0x0c, 0xd6, 0xff, 0xff, //0x00003d44 .long L0_1_set_225
	0x0c, 0xd6, 0xff, 0xff, //0x00003d48 .long L0_1_set_225
	0x92, 0xd2, 0xff, 0xff, //0x00003d4c .long L0_1_set_179
	0x0c, 0xd6, 0xff, 0xff, //0x00003d50 .long L0_1_set_225
	0x92, 0xd2, 0xff, 0xff, //0x00003d54 .long L0_1_set_179
	0xbf, 0xd2, 0xff, 0xff, //0x00003d58 .long L0_1_set_182
	// // .set L0_2_set_781, LBB0_781-LJTI0_2
	// // .set L0_2_set_225, LBB0_225-LJTI0_2
	// // .set L0_2_set_760, LBB0_760-LJTI0_2
	//0x00003d5c LJTI0_2
	0x77, 0xfc, 0xff, 0xff, //0x00003d5c .long L0_2_set_781
	0xbc, 0xd4, 0xff, 0xff, //0x00003d60 .long L0_2_set_225
	0xbc, 0xd4, 0xff, 0xff, //0x00003d64 .long L0_2_set_225
	0xbc, 0xd4, 0xff, 0xff, //0x00003d68 .long L0_2_set_225
	0xbc, 0xd4, 0xff, 0xff, //0x00003d6c .long L0_2_set_225
	0xbc, 0xd4, 0xff, 0xff, //0x00003d70 .long L0_2_set_225
	0xbc, 0xd4, 0xff, 0xff, //0x00003d74 .long L0_2_set_225
	0xbc, 0xd4, 0xff, 0xff, //0x00003d78 .long L0_2_set_225
	0xbc, 0xd4, 0xff, 0xff, //0x00003d7c .long L0_2_set_225
	0xbc, 0xd4, 0xff, 0xff, //0x00003d80 .long L0_2_set_225
	0xbc, 0xd4, 0xff, 0xff, //0x00003d84 .long L0_2_set_225
	0xbc, 0xd4, 0xff, 0xff, //0x00003d88 .long L0_2_set_225
	0xbc, 0xd4, 0xff, 0xff, //0x00003d8c .long L0_2_set_225
	0x77, 0xfc, 0xff, 0xff, //0x00003d90 .long L0_2_set_781
	0xbc, 0xd4, 0xff, 0xff, //0x00003d94 .long L0_2_set_225
	0xbc, 0xd4, 0xff, 0xff, //0x00003d98 .long L0_2_set_225
	0xbc, 0xd4, 0xff, 0xff, //0x00003d9c .long L0_2_set_225
	0xbc, 0xd4, 0xff, 0xff, //0x00003da0 .long L0_2_set_225
	0xbc, 0xd4, 0xff, 0xff, //0x00003da4 .long L0_2_set_225
	0xbc, 0xd4, 0xff, 0xff, //0x00003da8 .long L0_2_set_225
	0xbc, 0xd4, 0xff, 0xff, //0x00003dac .long L0_2_set_225
	0xbc, 0xd4, 0xff, 0xff, //0x00003db0 .long L0_2_set_225
	0xbc, 0xd4, 0xff, 0xff, //0x00003db4 .long L0_2_set_225
	0xbc, 0xd4, 0xff, 0xff, //0x00003db8 .long L0_2_set_225
	0xbc, 0xd4, 0xff, 0xff, //0x00003dbc .long L0_2_set_225
	0xbc, 0xd4, 0xff, 0xff, //0x00003dc0 .long L0_2_set_225
	0xbc, 0xd4, 0xff, 0xff, //0x00003dc4 .long L0_2_set_225
	0xbc, 0xd4, 0xff, 0xff, //0x00003dc8 .long L0_2_set_225
	0xbc, 0xd4, 0xff, 0xff, //0x00003dcc .long L0_2_set_225
	0xbc, 0xd4, 0xff, 0xff, //0x00003dd0 .long L0_2_set_225
	0xbc, 0xd4, 0xff, 0xff, //0x00003dd4 .long L0_2_set_225
	0xbc, 0xd4, 0xff, 0xff, //0x00003dd8 .long L0_2_set_225
	0xbc, 0xd4, 0xff, 0xff, //0x00003ddc .long L0_2_set_225
	0xbc, 0xd4, 0xff, 0xff, //0x00003de0 .long L0_2_set_225
	0xbc, 0xd4, 0xff, 0xff, //0x00003de4 .long L0_2_set_225
	0xbc, 0xd4, 0xff, 0xff, //0x00003de8 .long L0_2_set_225
	0xbc, 0xd4, 0xff, 0xff, //0x00003dec .long L0_2_set_225
	0xbc, 0xd4, 0xff, 0xff, //0x00003df0 .long L0_2_set_225
	0xbc, 0xd4, 0xff, 0xff, //0x00003df4 .long L0_2_set_225
	0xbc, 0xd4, 0xff, 0xff, //0x00003df8 .long L0_2_set_225
	0xbc, 0xd4, 0xff, 0xff, //0x00003dfc .long L0_2_set_225
	0xbc, 0xd4, 0xff, 0xff, //0x00003e00 .long L0_2_set_225
	0xbc, 0xd4, 0xff, 0xff, //0x00003e04 .long L0_2_set_225
	0xbc, 0xd4, 0xff, 0xff, //0x00003e08 .long L0_2_set_225
	0xbc, 0xd4, 0xff, 0xff, //0x00003e0c .long L0_2_set_225
	0xbc, 0xd4, 0xff, 0xff, //0x00003e10 .long L0_2_set_225
	0xbc, 0xd4, 0xff, 0xff, //0x00003e14 .long L0_2_set_225
	0xbc, 0xd4, 0xff, 0xff, //0x00003e18 .long L0_2_set_225
	0xbc, 0xd4, 0xff, 0xff, //0x00003e1c .long L0_2_set_225
	0xbc, 0xd4, 0xff, 0xff, //0x00003e20 .long L0_2_set_225
	0xbc, 0xd4, 0xff, 0xff, //0x00003e24 .long L0_2_set_225
	0xbc, 0xd4, 0xff, 0xff, //0x00003e28 .long L0_2_set_225
	0xbc, 0xd4, 0xff, 0xff, //0x00003e2c .long L0_2_set_225
	0xbc, 0xd4, 0xff, 0xff, //0x00003e30 .long L0_2_set_225
	0xbc, 0xd4, 0xff, 0xff, //0x00003e34 .long L0_2_set_225
	0xbc, 0xd4, 0xff, 0xff, //0x00003e38 .long L0_2_set_225
	0xbc, 0xd4, 0xff, 0xff, //0x00003e3c .long L0_2_set_225
	0xbc, 0xd4, 0xff, 0xff, //0x00003e40 .long L0_2_set_225
	0x77, 0xfc, 0xff, 0xff, //0x00003e44 .long L0_2_set_781
	0xbc, 0xd4, 0xff, 0xff, //0x00003e48 .long L0_2_set_225
	0xbc, 0xd4, 0xff, 0xff, //0x00003e4c .long L0_2_set_225
	0xbc, 0xd4, 0xff, 0xff, //0x00003e50 .long L0_2_set_225
	0xbc, 0xd4, 0xff, 0xff, //0x00003e54 .long L0_2_set_225
	0xbc, 0xd4, 0xff, 0xff, //0x00003e58 .long L0_2_set_225
	0x77, 0xfc, 0xff, 0xff, //0x00003e5c .long L0_2_set_781
	0xbc, 0xd4, 0xff, 0xff, //0x00003e60 .long L0_2_set_225
	0xbc, 0xd4, 0xff, 0xff, //0x00003e64 .long L0_2_set_225
	0xbc, 0xd4, 0xff, 0xff, //0x00003e68 .long L0_2_set_225
	0x77, 0xfc, 0xff, 0xff, //0x00003e6c .long L0_2_set_781
	0xbc, 0xd4, 0xff, 0xff, //0x00003e70 .long L0_2_set_225
	0xbc, 0xd4, 0xff, 0xff, //0x00003e74 .long L0_2_set_225
	0xbc, 0xd4, 0xff, 0xff, //0x00003e78 .long L0_2_set_225
	0xbc, 0xd4, 0xff, 0xff, //0x00003e7c .long L0_2_set_225
	0xbc, 0xd4, 0xff, 0xff, //0x00003e80 .long L0_2_set_225
	0xbc, 0xd4, 0xff, 0xff, //0x00003e84 .long L0_2_set_225
	0xbc, 0xd4, 0xff, 0xff, //0x00003e88 .long L0_2_set_225
	0x77, 0xfc, 0xff, 0xff, //0x00003e8c .long L0_2_set_781
	0xbc, 0xd4, 0xff, 0xff, //0x00003e90 .long L0_2_set_225
	0xbc, 0xd4, 0xff, 0xff, //0x00003e94 .long L0_2_set_225
	0xbc, 0xd4, 0xff, 0xff, //0x00003e98 .long L0_2_set_225
	0x77, 0xfc, 0xff, 0xff, //0x00003e9c .long L0_2_set_781
	0xbc, 0xd4, 0xff, 0xff, //0x00003ea0 .long L0_2_set_225
	0x77, 0xfc, 0xff, 0xff, //0x00003ea4 .long L0_2_set_781
	0x15, 0xfa, 0xff, 0xff, //0x00003ea8 .long L0_2_set_760
	// // .set L0_3_set_729, LBB0_729-LJTI0_3
	// // .set L0_3_set_225, LBB0_225-LJTI0_3
	// // .set L0_3_set_732, LBB0_732-LJTI0_3
	//0x00003eac LJTI0_3
	0x5a, 0xf6, 0xff, 0xff, //0x00003eac .long L0_3_set_729
	0x6c, 0xd3, 0xff, 0xff, //0x00003eb0 .long L0_3_set_225
	0x6c, 0xd3, 0xff, 0xff, //0x00003eb4 .long L0_3_set_225
	0x6c, 0xd3, 0xff, 0xff, //0x00003eb8 .long L0_3_set_225
	0x6c, 0xd3, 0xff, 0xff, //0x00003ebc .long L0_3_set_225
	0x6c, 0xd3, 0xff, 0xff, //0x00003ec0 .long L0_3_set_225
	0x6c, 0xd3, 0xff, 0xff, //0x00003ec4 .long L0_3_set_225
	0x6c, 0xd3, 0xff, 0xff, //0x00003ec8 .long L0_3_set_225
	0x6c, 0xd3, 0xff, 0xff, //0x00003ecc .long L0_3_set_225
	0x6c, 0xd3, 0xff, 0xff, //0x00003ed0 .long L0_3_set_225
	0x6c, 0xd3, 0xff, 0xff, //0x00003ed4 .long L0_3_set_225
	0x6c, 0xd3, 0xff, 0xff, //0x00003ed8 .long L0_3_set_225
	0x6c, 0xd3, 0xff, 0xff, //0x00003edc .long L0_3_set_225
	0x5a, 0xf6, 0xff, 0xff, //0x00003ee0 .long L0_3_set_729
	0x6c, 0xd3, 0xff, 0xff, //0x00003ee4 .long L0_3_set_225
	0x6c, 0xd3, 0xff, 0xff, //0x00003ee8 .long L0_3_set_225
	0x6c, 0xd3, 0xff, 0xff, //0x00003eec .long L0_3_set_225
	0x6c, 0xd3, 0xff, 0xff, //0x00003ef0 .long L0_3_set_225
	0x6c, 0xd3, 0xff, 0xff, //0x00003ef4 .long L0_3_set_225
	0x6c, 0xd3, 0xff, 0xff, //0x00003ef8 .long L0_3_set_225
	0x6c, 0xd3, 0xff, 0xff, //0x00003efc .long L0_3_set_225
	0x6c, 0xd3, 0xff, 0xff, //0x00003f00 .long L0_3_set_225
	0x6c, 0xd3, 0xff, 0xff, //0x00003f04 .long L0_3_set_225
	0x6c, 0xd3, 0xff, 0xff, //0x00003f08 .long L0_3_set_225
	0x6c, 0xd3, 0xff, 0xff, //0x00003f0c .long L0_3_set_225
	0x6c, 0xd3, 0xff, 0xff, //0x00003f10 .long L0_3_set_225
	0x6c, 0xd3, 0xff, 0xff, //0x00003f14 .long L0_3_set_225
	0x6c, 0xd3, 0xff, 0xff, //0x00003f18 .long L0_3_set_225
	0x6c, 0xd3, 0xff, 0xff, //0x00003f1c .long L0_3_set_225
	0x6c, 0xd3, 0xff, 0xff, //0x00003f20 .long L0_3_set_225
	0x6c, 0xd3, 0xff, 0xff, //0x00003f24 .long L0_3_set_225
	0x6c, 0xd3, 0xff, 0xff, //0x00003f28 .long L0_3_set_225
	0x6c, 0xd3, 0xff, 0xff, //0x00003f2c .long L0_3_set_225
	0x6c, 0xd3, 0xff, 0xff, //0x00003f30 .long L0_3_set_225
	0x6c, 0xd3, 0xff, 0xff, //0x00003f34 .long L0_3_set_225
	0x6c, 0xd3, 0xff, 0xff, //0x00003f38 .long L0_3_set_225
	0x6c, 0xd3, 0xff, 0xff, //0x00003f3c .long L0_3_set_225
	0x6c, 0xd3, 0xff, 0xff, //0x00003f40 .long L0_3_set_225
	0x6c, 0xd3, 0xff, 0xff, //0x00003f44 .long L0_3_set_225
	0x6c, 0xd3, 0xff, 0xff, //0x00003f48 .long L0_3_set_225
	0x6c, 0xd3, 0xff, 0xff, //0x00003f4c .long L0_3_set_225
	0x6c, 0xd3, 0xff, 0xff, //0x00003f50 .long L0_3_set_225
	0x6c, 0xd3, 0xff, 0xff, //0x00003f54 .long L0_3_set_225
	0x6c, 0xd3, 0xff, 0xff, //0x00003f58 .long L0_3_set_225
	0x6c, 0xd3, 0xff, 0xff, //0x00003f5c .long L0_3_set_225
	0x6c, 0xd3, 0xff, 0xff, //0x00003f60 .long L0_3_set_225
	0x6c, 0xd3, 0xff, 0xff, //0x00003f64 .long L0_3_set_225
	0x6c, 0xd3, 0xff, 0xff, //0x00003f68 .long L0_3_set_225
	0x6c, 0xd3, 0xff, 0xff, //0x00003f6c .long L0_3_set_225
	0x6c, 0xd3, 0xff, 0xff, //0x00003f70 .long L0_3_set_225
	0x6c, 0xd3, 0xff, 0xff, //0x00003f74 .long L0_3_set_225
	0x6c, 0xd3, 0xff, 0xff, //0x00003f78 .long L0_3_set_225
	0x6c, 0xd3, 0xff, 0xff, //0x00003f7c .long L0_3_set_225
	0x6c, 0xd3, 0xff, 0xff, //0x00003f80 .long L0_3_set_225
	0x6c, 0xd3, 0xff, 0xff, //0x00003f84 .long L0_3_set_225
	0x6c, 0xd3, 0xff, 0xff, //0x00003f88 .long L0_3_set_225
	0x6c, 0xd3, 0xff, 0xff, //0x00003f8c .long L0_3_set_225
	0x6c, 0xd3, 0xff, 0xff, //0x00003f90 .long L0_3_set_225
	0x5a, 0xf6, 0xff, 0xff, //0x00003f94 .long L0_3_set_729
	0x6c, 0xd3, 0xff, 0xff, //0x00003f98 .long L0_3_set_225
	0x6c, 0xd3, 0xff, 0xff, //0x00003f9c .long L0_3_set_225
	0x6c, 0xd3, 0xff, 0xff, //0x00003fa0 .long L0_3_set_225
	0x6c, 0xd3, 0xff, 0xff, //0x00003fa4 .long L0_3_set_225
	0x6c, 0xd3, 0xff, 0xff, //0x00003fa8 .long L0_3_set_225
	0x5a, 0xf6, 0xff, 0xff, //0x00003fac .long L0_3_set_729
	0x6c, 0xd3, 0xff, 0xff, //0x00003fb0 .long L0_3_set_225
	0x6c, 0xd3, 0xff, 0xff, //0x00003fb4 .long L0_3_set_225
	0x6c, 0xd3, 0xff, 0xff, //0x00003fb8 .long L0_3_set_225
	0x5a, 0xf6, 0xff, 0xff, //0x00003fbc .long L0_3_set_729
	0x6c, 0xd3, 0xff, 0xff, //0x00003fc0 .long L0_3_set_225
	0x6c, 0xd3, 0xff, 0xff, //0x00003fc4 .long L0_3_set_225
	0x6c, 0xd3, 0xff, 0xff, //0x00003fc8 .long L0_3_set_225
	0x6c, 0xd3, 0xff, 0xff, //0x00003fcc .long L0_3_set_225
	0x6c, 0xd3, 0xff, 0xff, //0x00003fd0 .long L0_3_set_225
	0x6c, 0xd3, 0xff, 0xff, //0x00003fd4 .long L0_3_set_225
	0x6c, 0xd3, 0xff, 0xff, //0x00003fd8 .long L0_3_set_225
	0x5a, 0xf6, 0xff, 0xff, //0x00003fdc .long L0_3_set_729
	0x6c, 0xd3, 0xff, 0xff, //0x00003fe0 .long L0_3_set_225
	0x6c, 0xd3, 0xff, 0xff, //0x00003fe4 .long L0_3_set_225
	0x6c, 0xd3, 0xff, 0xff, //0x00003fe8 .long L0_3_set_225
	0x5a, 0xf6, 0xff, 0xff, //0x00003fec .long L0_3_set_729
	0x6c, 0xd3, 0xff, 0xff, //0x00003ff0 .long L0_3_set_225
	0x5a, 0xf6, 0xff, 0xff, //0x00003ff4 .long L0_3_set_729
	0x86, 0xf6, 0xff, 0xff, //0x00003ff8 .long L0_3_set_732
	// // .set L0_4_set_93, LBB0_93-LJTI0_4
	// // .set L0_4_set_143, LBB0_143-LJTI0_4
	// // .set L0_4_set_95, LBB0_95-LJTI0_4
	// // .set L0_4_set_87, LBB0_87-LJTI0_4
	//0x00003ffc LJTI0_4
	0x57, 0xc8, 0xff, 0xff, //0x00003ffc .long L0_4_set_93
	0xe9, 0xcb, 0xff, 0xff, //0x00004000 .long L0_4_set_143
	0x57, 0xc8, 0xff, 0xff, //0x00004004 .long L0_4_set_93
	0x6a, 0xc8, 0xff, 0xff, //0x00004008 .long L0_4_set_95
	0xe9, 0xcb, 0xff, 0xff, //0x0000400c .long L0_4_set_143
	0xe9, 0xcb, 0xff, 0xff, //0x00004010 .long L0_4_set_143
	0xe9, 0xcb, 0xff, 0xff, //0x00004014 .long L0_4_set_143
	0xe9, 0xcb, 0xff, 0xff, //0x00004018 .long L0_4_set_143
	0xe9, 0xcb, 0xff, 0xff, //0x0000401c .long L0_4_set_143
	0xe9, 0xcb, 0xff, 0xff, //0x00004020 .long L0_4_set_143
	0xe9, 0xcb, 0xff, 0xff, //0x00004024 .long L0_4_set_143
	0xe9, 0xcb, 0xff, 0xff, //0x00004028 .long L0_4_set_143
	0xe9, 0xcb, 0xff, 0xff, //0x0000402c .long L0_4_set_143
	0xe9, 0xcb, 0xff, 0xff, //0x00004030 .long L0_4_set_143
	0xe9, 0xcb, 0xff, 0xff, //0x00004034 .long L0_4_set_143
	0xe9, 0xcb, 0xff, 0xff, //0x00004038 .long L0_4_set_143
	0xe9, 0xcb, 0xff, 0xff, //0x0000403c .long L0_4_set_143
	0xe9, 0xcb, 0xff, 0xff, //0x00004040 .long L0_4_set_143
	0xe9, 0xcb, 0xff, 0xff, //0x00004044 .long L0_4_set_143
	0xe9, 0xcb, 0xff, 0xff, //0x00004048 .long L0_4_set_143
	0xe9, 0xcb, 0xff, 0xff, //0x0000404c .long L0_4_set_143
	0xe9, 0xcb, 0xff, 0xff, //0x00004050 .long L0_4_set_143
	0xe9, 0xcb, 0xff, 0xff, //0x00004054 .long L0_4_set_143
	0xe9, 0xcb, 0xff, 0xff, //0x00004058 .long L0_4_set_143
	0xe9, 0xcb, 0xff, 0xff, //0x0000405c .long L0_4_set_143
	0xe9, 0xcb, 0xff, 0xff, //0x00004060 .long L0_4_set_143
	0x0c, 0xc8, 0xff, 0xff, //0x00004064 .long L0_4_set_87
	//0x00004068 .p2align 2, 0x00
	//0x00004068 _MASK_USE_NUMBER
	0x02, 0x00, 0x00, 0x00, //0x00004068 .long 2
	0x00, 0x00, 0x00, 0x00, //0x0000406c .p2align 4, 0x00
	//0x00004070 _P10_TAB
	0x00, 0x00, 0x00, 0x00, 0x00, 0x00, 0xf0, 0x3f, //0x00004070 .quad 0x3ff0000000000000
	0x00, 0x00, 0x00, 0x00, 0x00, 0x00, 0x24, 0x40, //0x00004078 .quad 0x4024000000000000
	0x00, 0x00, 0x00, 0x00, 0x00, 0x00, 0x59, 0x40, //0x00004080 .quad 0x4059000000000000
	0x00, 0x00, 0x00, 0x00, 0x00, 0x40, 0x8f, 0x40, //0x00004088 .quad 0x408f400000000000
	0x00, 0x00, 0x00, 0x00, 0x00, 0x88, 0xc3, 0x40, //0x00004090 .quad 0x40c3880000000000
	0x00, 0x00, 0x00, 0x00, 0x00, 0x6a, 0xf8, 0x40, //0x00004098 .quad 0x40f86a0000000000
	0x00, 0x00, 0x00, 0x00, 0x80, 0x84, 0x2e, 0x41, //0x000040a0 .quad 0x412e848000000000
	0x00, 0x00, 0x00, 0x00, 0xd0, 0x12, 0x63, 0x41, //0x000040a8 .quad 0x416312d000000000
	0x00, 0x00, 0x00, 0x00, 0x84, 0xd7, 0x97, 0x41, //0x000040b0 .quad 0x4197d78400000000
	0x00, 0x00, 0x00, 0x00, 0x65, 0xcd, 0xcd, 0x41, //0x000040b8 .quad 0x41cdcd6500000000
	0x00, 0x00, 0x00, 0x20, 0x5f, 0xa0, 0x02, 0x42, //0x000040c0 .quad 0x4202a05f20000000
	0x00, 0x00, 0x00, 0xe8, 0x76, 0x48, 0x37, 0x42, //0x000040c8 .quad 0x42374876e8000000
	0x00, 0x00, 0x00, 0xa2, 0x94, 0x1a, 0x6d, 0x42, //0x000040d0 .quad 0x426d1a94a2000000
	0x00, 0x00, 0x40, 0xe5, 0x9c, 0x30, 0xa2, 0x42, //0x000040d8 .quad 0x42a2309ce5400000
	0x00, 0x00, 0x90, 0x1e, 0xc4, 0xbc, 0xd6, 0x42, //0x000040e0 .quad 0x42d6bcc41e900000
	0x00, 0x00, 0x34, 0x26, 0xf5, 0x6b, 0x0c, 0x43, //0x000040e8 .quad 0x430c6bf526340000
	0x00, 0x80, 0xe0, 0x37, 0x79, 0xc3, 0x41, 0x43, //0x000040f0 .quad 0x4341c37937e08000
	0x00, 0xa0, 0xd8, 0x85, 0x57, 0x34, 0x76, 0x43, //0x000040f8 .quad 0x4376345785d8a000
	0x00, 0xc8, 0x4e, 0x67, 0x6d, 0xc1, 0xab, 0x43, //0x00004100 .quad 0x43abc16d674ec800
	0x00, 0x3d, 0x91, 0x60, 0xe4, 0x58, 0xe1, 0x43, //0x00004108 .quad 0x43e158e460913d00
	0x40, 0x8c, 0xb5, 0x78, 0x1d, 0xaf, 0x15, 0x44, //0x00004110 .quad 0x4415af1d78b58c40
	0x50, 0xef, 0xe2, 0xd6, 0xe4, 0x1a, 0x4b, 0x44, //0x00004118 .quad 0x444b1ae4d6e2ef50
	0x92, 0xd5, 0x4d, 0x06, 0xcf, 0xf0, 0x80, 0x44, //0x00004120 .quad 0x4480f0cf064dd592
	0x00, 0x00, 0x00, 0x00, 0x00, 0x00, 0x00, 0x00, //0x00004128 .p2align 4, 0x00
	//0x00004130 _POW10_M128_TAB
	0x53, 0xe4, 0x60, 0xcd, 0x69, 0xc8, 0x32, 0x17, //0x00004130 .quad 1671618768450675795
	0x88, 0x02, 0x1c, 0x08, 0xa0, 0xd5, 0x8f, 0xfa, //0x00004138 .quad -391859759250406776
	0xb4, 0x8e, 0x5c, 0x20, 0x42, 0xbd, 0x7f, 0x0e, //0x00004140 .quad 1044761730281672372
	0x95, 0x81, 0x11, 0x05, 0x84, 0xe5, 0x99, 0x9c, //0x00004148 .quad -7162441377172586091
	0x61, 0xb2, 0x73, 0xa8, 0x92, 0xac, 0x1f, 0x52, //0x00004150 .quad 5917638181279478369
	0xfa, 0xe1, 0x55, 0x06, 0xe5, 0x5e, 0xc0, 0xc3, //0x00004158 .quad -4341365703038344710
	0xf9, 0x9e, 0x90, 0x52, 0xb7, 0x97, 0xa7, 0xe6, //0x00004160 .quad -1826324310255427847
	0x78, 0x5a, 0xeb, 0x47, 0x9e, 0x76, 0xb0, 0xf4, //0x00004168 .quad -815021110370542984
	0x5c, 0x63, 0x9a, 0x93, 0xd2, 0xbe, 0x28, 0x90, //0x00004170 .quad -8058981721550724260
	0x8b, 0x18, 0xf3, 0xec, 0x22, 0x4a, 0xee, 0x98, //0x00004178 .quad -7426917221622671221
	0x33, 0xfc, 0x80, 0x38, 0x87, 0xee, 0x32, 0x74, //0x00004180 .quad 8373016921771146291
	0xae, 0xde, 0x2f, 0xa8, 0xab, 0xdc, 0x29, 0xbf, //0x00004188 .quad -4671960508600951122
	0x3f, 0x3b, 0xa1, 0x06, 0x29, 0xaa, 0x3f, 0x11, //0x00004190 .quad 1242899115359157055
	0x5a, 0xd6, 0x3b, 0x92, 0xd6, 0x53, 0xf4, 0xee, //0x00004198 .quad -1228264617323800998
	0x07, 0xc5, 0x24, 0xa4, 0x59, 0xca, 0xc7, 0x4a, //0x000041a0 .quad 5388497965526861063
	0xf8, 0x65, 0x65, 0x1b, 0x66, 0xb4, 0x58, 0x95, //0x000041a8 .quad -7685194413468457480
	0x49, 0xf6, 0x2d, 0x0d, 0xf0, 0xbc, 0x79, 0x5d, //0x000041b0 .quad 6735622456908576329
	0x76, 0xbf, 0x3e, 0xa2, 0x7f, 0xe1, 0xae, 0xba, //0x000041b8 .quad -4994806998408183946
	0xdc, 0x73, 0x79, 0x10, 0x2c, 0x2c, 0xd8, 0xf4, //0x000041c0 .quad -803843965719055396
	0x53, 0x6f, 0xce, 0x8a, 0xdf, 0x99, 0x5a, 0xe9, //0x000041c8 .quad -1631822729582842029
	0x69, 0xe8, 0x4b, 0x8a, 0x9b, 0x1b, 0x07, 0x79, //0x000041d0 .quad 8720969558280366185
	0x94, 0x05, 0xc1, 0xb6, 0x2b, 0xa0, 0xd8, 0x91, //0x000041d8 .quad -7937418233630358124
	0x84, 0xe2, 0xde, 0x6c, 0x82, 0xe2, 0x48, 0x97, //0x000041e0 .quad -7545532125859093884
	0xf9, 0x46, 0x71, 0xa4, 0x36, 0xc8, 0x4e, 0xb6, //0x000041e8 .quad -5310086773610559751
	0x25, 0x9b, 0x16, 0x08, 0x23, 0x1b, 0x1b, 0xfd, //0x000041f0 .quad -208543120469091547
	0xb7, 0x98, 0x8d, 0x4d, 0x44, 0x7a, 0xe2, 0xe3, //0x000041f8 .quad -2025922448585811785
	0xf7, 0x20, 0x0e, 0xe5, 0xf5, 0xf0, 0x30, 0xfe, //0x00004200 .quad -130339450293182217
	0x72, 0x7f, 0x78, 0xb0, 0x6a, 0x8c, 0x6d, 0x8e, //0x00004208 .quad -8183730558007214222
	0x35, 0xa9, 0x51, 0x5e, 0x33, 0x2d, 0xbd, 0xbd, //0x00004210 .quad -4774610331293865675
	0x4f, 0x9f, 0x96, 0x5c, 0x85, 0xef, 0x08, 0xb2, //0x00004218 .quad -5617977179081629873
	0x82, 0x13, 0xe6, 0x35, 0x80, 0x78, 0x2c, 0xad, //0x00004220 .quad -5968262914117332094
	0x23, 0x47, 0xbc, 0xb3, 0x66, 0x2b, 0x8b, 0xde, //0x00004228 .quad -2410785455424649437
	0x31, 0xcc, 0xaf, 0x21, 0x50, 0xcb, 0x3b, 0x4c, //0x00004230 .quad 5493207715531443249
	0x76, 0xac, 0x55, 0x30, 0x20, 0xfb, 0x16, 0x8b, //0x00004238 .quad -8424269937281487754
	0x3d, 0xbf, 0x1b, 0x2a, 0x24, 0xbe, 0x4a, 0xdf, //0x00004240 .quad -2356862392440471747
	0x93, 0x17, 0x6b, 0x3c, 0xe8, 0xb9, 0xdc, 0xad, //0x00004248 .quad -5918651403174471789
	0x0d, 0xaf, 0xa2, 0x34, 0xad, 0x6d, 0x1d, 0xd7, //0x00004250 .quad -2946077990550589683
	0x78, 0xdd, 0x85, 0x4b, 0x62, 0xe8, 0x53, 0xd9, //0x00004258 .quad -2786628235540701832
	0x68, 0xad, 0xe5, 0x40, 0x8c, 0x64, 0x72, 0x86, //0x00004260 .quad -8758827771735200408
	0x6b, 0xaa, 0x33, 0x6f, 0x3d, 0x71, 0xd4, 0x87, //0x00004268 .quad -8659171674854020501
	0xc2, 0x18, 0x1f, 0x51, 0xaf, 0xfd, 0x0e, 0x68, //0x00004270 .quad 7498209359040551106
	0x06, 0x95, 0x00, 0xcb, 0x8c, 0x8d, 0xc9, 0xa9, //0x00004278 .quad -6212278575140137722
	0xf2, 0xde, 0x66, 0x25, 0x1b, 0xbd, 0x12, 0x02, //0x00004280 .quad 149389661945913074
	0x48, 0xba, 0xc0, 0xfd, 0xef, 0xf0, 0x3b, 0xd4, //0x00004288 .quad -3153662200497784248
	0x57, 0x4b, 0x60, 0xf7, 0x30, 0xb6, 0x4b, 0x01, //0x00004290 .quad 93368538716195671
	0x6d, 0x74, 0x98, 0xfe, 0x95, 0x76, 0xa5, 0x84, //0x00004298 .quad -8888567902952197011
	0x2d, 0x5e, 0x38, 0x35, 0xbd, 0xa3, 0x9e, 0x41, //0x000042a0 .quad 4728396691822632493
	0x88, 0x91, 0x3e, 0x7e, 0x3b, 0xd4, 0xce, 0xa5, //0x000042a8 .quad -6499023860262858360
	0xb9, 0x75, 0x86, 0x82, 0xac, 0x4c, 0x06, 0x52, //0x000042b0 .quad 5910495864778290617
	0xea, 0x35, 0xce, 0x5d, 0x4a, 0x89, 0x42, 0xcf, //0x000042b8 .quad -3512093806901185046
	0x93, 0x09, 0x94, 0xd1, 0xeb, 0xef, 0x43, 0x73, //0x000042c0 .quad 8305745933913819539
	0xb2, 0xe1, 0xa0, 0x7a, 0xce, 0x95, 0x89, 0x81, //0x000042c8 .quad -9112587656954322510
	0xf8, 0x0b, 0xf9, 0xc5, 0xe6, 0xeb, 0x14, 0x10, //0x000042d0 .quad 1158810380537498616
	0x1f, 0x1a, 0x49, 0x19, 0x42, 0xfb, 0xeb, 0xa1, //0x000042d8 .quad -6779048552765515233
	0xf6, 0x4e, 0x77, 0x77, 0xe0, 0x26, 0x1a, 0xd4, //0x000042e0 .quad -3163173042755514634
	0xa6, 0x60, 0x9b, 0x9f, 0x12, 0xfa, 0x66, 0xca, //0x000042e8 .quad -3862124672529506138
	0xb4, 0x22, 0x55, 0x95, 0x98, 0xb0, 0x20, 0x89, //0x000042f0 .quad -8565652321871781196
	0xd0, 0x38, 0x82, 0x47, 0x97, 0xb8, 0x00, 0xfd, //0x000042f8 .quad -215969822234494768
	0xb0, 0x35, 0x55, 0x5d, 0x5f, 0x6e, 0xb4, 0x55, //0x00004300 .quad 6175682344898606512
	0x82, 0x63, 0xb1, 0x8c, 0x5e, 0x73, 0x20, 0x9e, //0x00004308 .quad -7052510166537641086
	0x1d, 0x83, 0xaa, 0x34, 0xf7, 0x89, 0x21, 0xeb, //0x00004310 .quad -1503769105731517667
	0x62, 0xbc, 0xdd, 0x2f, 0x36, 0x90, 0xa8, 0xc5, //0x00004318 .quad -4203951689744663454
	0xe4, 0x23, 0xd5, 0x01, 0x75, 0xec, 0xe9, 0xa5, //0x00004320 .quad -6491397400591784988
	0x7b, 0x2b, 0xd5, 0xbb, 0x43, 0xb4, 0x12, 0xf7, //0x00004328 .quad -643253593753441413
	0x6e, 0x36, 0x25, 0x21, 0xc9, 0x33, 0xb2, 0x47, //0x00004330 .quad 5166248661484910190
	0x2d, 0x3b, 0x65, 0x55, 0xaa, 0xb0, 0x6b, 0x9a, //0x00004338 .quad -7319562523736982739
	0x0a, 0x84, 0x6e, 0x69, 0xbb, 0xc0, 0x9e, 0x99, //0x00004340 .quad -7377247228426025974
	0xf8, 0x89, 0xbe, 0xea, 0xd4, 0x9c, 0x06, 0xc1, //0x00004348 .quad -4537767136243840520
	0x0d, 0x25, 0xca, 0x43, 0xea, 0x70, 0x06, 0xc0, //0x00004350 .quad -4609873017105144563
	0x76, 0x2c, 0x6e, 0x25, 0x0a, 0x44, 0x48, 0xf1, //0x00004358 .quad -1060522901877412746
	0x28, 0x57, 0x5e, 0x6a, 0x92, 0x06, 0x04, 0x38, //0x00004360 .quad 4036358391950366504
	0xca, 0xdb, 0x64, 0x57, 0x86, 0x2a, 0xcd, 0x96, //0x00004368 .quad -7580355841314464822
	0xf2, 0xec, 0xf5, 0x04, 0x37, 0x08, 0x05, 0xc6, //0x00004370 .quad -4177924046916817678
	0xbc, 0x12, 0x3e, 0xed, 0x27, 0x75, 0x80, 0xbc, //0x00004378 .quad -4863758783215693124
	0x2e, 0x68, 0x33, 0xc6, 0x44, 0x4a, 0x86, 0xf7, //0x00004380 .quad -610719040218634194
	0x6b, 0x97, 0x8d, 0xe8, 0x71, 0x92, 0xa0, 0xeb, //0x00004388 .quad -1468012460592228501
	0x1d, 0x21, 0xe0, 0xfb, 0x6a, 0xee, 0xb3, 0x7a, //0x00004390 .quad 8841672636718129437
	0xa3, 0x7e, 0x58, 0x31, 0x87, 0x5b, 0x44, 0x93, //0x00004398 .quad -7835036815511224669
	0x64, 0x29, 0xd8, 0xba, 0x05, 0xea, 0x60, 0x59, //0x000043a0 .quad 6440404777470273892
	0x4c, 0x9e, 0xae, 0xfd, 0x68, 0x72, 0x15, 0xb8, //0x000043a8 .quad -5182110000961642932
	0xbd, 0x33, 0x8e, 0x29, 0x87, 0x24, 0xb9, 0x6f, //0x000043b0 .quad 8050505971837842365
	0xdf, 0x45, 0x1a, 0x3d, 0x03, 0xcf, 0x1a, 0xe6, //0x000043b8 .quad -1865951482774665761
	0x56, 0xe0, 0xf8, 0x79, 0xd4, 0xb6, 0xd3, 0xa5, //0x000043c0 .quad -6497648813669818282
	0xab, 0x6b, 0x30, 0x06, 0x62, 0xc1, 0xd0, 0x8f, //0x000043c8 .quad -8083748704375247957
	0x6c, 0x18, 0x77, 0x98, 0x89, 0xa4, 0x48, 0x8f, //0x000043d0 .quad -8122061017087272852
	0x96, 0x86, 0xbc, 0x87, 0xba, 0xf1, 0xc4, 0xb3, //0x000043d8 .quad -5492999862041672042
	0x87, 0xde, 0x94, 0xfe, 0xab, 0xcd, 0x1a, 0x33, //0x000043e0 .quad 3682481783923072647
	0x3c, 0xa8, 0xab, 0x29, 0x29, 0x2e, 0xb6, 0xe0, //0x000043e8 .quad -2254563809124702148
	0x14, 0x0b, 0x1d, 0x7f, 0x8b, 0xc0, 0xf0, 0x9f, //0x000043f0 .quad -6921820921902855404
	0x25, 0x49, 0x0b, 0xba, 0xd9, 0xdc, 0x71, 0x8c, //0x000043f8 .quad -8326631408344020699
	0xd9, 0x4d, 0xe4, 0x5e, 0xae, 0xf0, 0xec, 0x07, //0x00004400 .quad 571095884476206553
	0x6f, 0x1b, 0x8e, 0x28, 0x10, 0x54, 0x8e, 0xaf, //0x00004408 .quad -5796603242002637969
	0x50, 0x61, 0x9d, 0xf6, 0xd9, 0x2c, 0xe8, 0xc9, //0x00004410 .quad -3897816162832129712
	0x4a, 0xa2, 0xb1, 0x32, 0x14, 0xe9, 0x71, 0xdb, //0x00004418 .quad -2634068034075909558
	0xd2, 0x5c, 0x22, 0x3a, 0x08, 0x1c, 0x31, 0xbe, //0x00004420 .quad -4741978110983775022
	0x6e, 0x05, 0xaf, 0x9f, 0xac, 0x31, 0x27, 0x89, //0x00004428 .quad -8563821548938525330
	0x06, 0xf4, 0xaa, 0x48, 0x0a, 0x63, 0xbd, 0x6d, //0x00004430 .quad 7907585416552444934
	0xca, 0xc6, 0x9a, 0xc7, 0x17, 0xfe, 0x70, 0xab, //0x00004438 .quad -6093090917745768758
	0x08, 0xb1, 0xd5, 0xda, 0xcc, 0xbb, 0x2c, 0x09, //0x00004440 .quad 661109733835780360
	0x7d, 0x78, 0x81, 0xb9, 0x9d, 0x3d, 0x4d, 0xd6, //0x00004448 .quad -3004677628754823043
	0xa5, 0x8e, 0xc5, 0x08, 0x60, 0xf5, 0xbb, 0x25, //0x00004450 .quad 2719036592861056677
	0x4e, 0xeb, 0xf0, 0x93, 0x82, 0x46, 0xf0, 0x85, //0x00004458 .quad -8795452545612846258
	0x4e, 0xf2, 0xf6, 0x0a, 0xb8, 0xf2, 0x2a, 0xaf, //0x00004460 .quad -5824576295778454962
	0x21, 0x26, 0xed, 0x38, 0x23, 0x58, 0x6c, 0xa7, //0x00004468 .quad -6382629663588669919
	0xe1, 0xae, 0xb4, 0x0d, 0x66, 0xaf, 0xf5, 0x1a, //0x00004470 .quad 1942651667131707105
	0xaa, 0x6f, 0x28, 0x07, 0x2c, 0x6e, 0x47, 0xd1, //0x00004478 .quad -3366601061058449494
	0x4d, 0xed, 0x90, 0xc8, 0x9f, 0x8d, 0xd9, 0x50, //0x00004480 .quad 5825843310384704845
	0xca, 0x45, 0x79, 0x84, 0xdb, 0xa4, 0xcc, 0x82, //0x00004488 .quad -9021654690802612790
	0xa0, 0x28, 0xb5, 0xba, 0x07, 0xf1, 0x0f, 0xe5, //0x00004490 .quad -1941067898873894752
	0x3c, 0x97, 0x97, 0x65, 0x12, 0xce, 0x7f, 0xa3, //0x00004498 .quad -6665382345075878084
	0xc8, 0x72, 0x62, 0xa9, 0x49, 0xed, 0x53, 0x1e, //0x000044a0 .quad 2185351144835019464
	0x0c, 0x7d, 0xfd, 0xfe, 0x96, 0xc1, 0x5f, 0xcc, //0x000044a8 .quad -3720041912917459700
	0x7a, 0x0f, 0xbb, 0x13, 0x9c, 0xe8, 0xe8, 0x25, //0x000044b0 .quad 2731688931043774330
	0x4f, 0xdc, 0xbc, 0xbe, 0xfc, 0xb1, 0x77, 0xff, //0x000044b8 .quad -38366372719436721
	0xac, 0xe9, 0x54, 0x8c, 0x61, 0x91, 0xb1, 0x77, //0x000044c0 .quad 8624834609543440812
	0xb1, 0x09, 0x36, 0xf7, 0x3d, 0xcf, 0xaa, 0x9f, //0x000044c8 .quad -6941508010590729807
	0x17, 0x24, 0x6a, 0xef, 0xb9, 0xf5, 0x9d, 0xd5, //0x000044d0 .quad -3054014793352862697
	0x1d, 0x8c, 0x03, 0x75, 0x0d, 0x83, 0x95, 0xc7, //0x000044d8 .quad -4065198994811024355
	0x1d, 0xad, 0x44, 0x6b, 0x28, 0x73, 0x05, 0x4b, //0x000044e0 .quad 5405853545163697437
	0x25, 0x6f, 0x44, 0xd2, 0xd0, 0xe3, 0x7a, 0xf9, //0x000044e8 .quad -469812725086392539
	0x32, 0xec, 0x0a, 0x43, 0xf9, 0x67, 0xe3, 0x4e, //0x000044f0 .quad 5684501474941004850
	0x77, 0xc5, 0x6a, 0x83, 0x62, 0xce, 0xec, 0x9b, //0x000044f8 .quad -7211161980820077193
	0x3f, 0xa7, 0xcd, 0x93, 0xf7, 0x41, 0x9c, 0x22, //0x00004500 .quad 2493940825248868159
	0xd5, 0x76, 0x45, 0x24, 0xfb, 0x01, 0xe8, 0xc2, //0x00004508 .quad -4402266457597708587
	0x0f, 0x11, 0xc1, 0x78, 0x75, 0x52, 0x43, 0x6b, //0x00004510 .quad 7729112049988473103
	0x8a, 0xd4, 0x56, 0xed, 0x79, 0x02, 0xa2, 0xf3, //0x00004518 .quad -891147053569747830
	0xa9, 0xaa, 0x78, 0x6b, 0x89, 0x13, 0x0a, 0x83, //0x00004520 .quad -9004363024039368023
	0xd6, 0x44, 0x56, 0x34, 0x8c, 0x41, 0x45, 0x98, //0x00004528 .quad -7474495936122174250
	0x53, 0xd5, 0x56, 0xc6, 0x6b, 0x98, 0xcc, 0x23, //0x00004530 .quad 2579604275232953683
	0x0c, 0xd6, 0x6b, 0x41, 0xef, 0x91, 0x56, 0xbe, //0x00004538 .quad -4731433901725329908
	0xa8, 0x8a, 0xec, 0xb7, 0x86, 0xbe, 0xbf, 0x2c, //0x00004540 .quad 3224505344041192104
	0x8f, 0xcb, 0xc6, 0x11, 0x6b, 0x36, 0xec, 0xed, //0x00004548 .quad -1302606358729274481
	0xa9, 0xd6, 0xf3, 0x32, 0x14, 0xd7, 0xf7, 0x7b, //0x00004550 .quad 8932844867666826921
	0x39, 0x3f, 0x1c, 0xeb, 0x02, 0xa2, 0xb3, 0x94, //0x00004558 .quad -7731658001846878407
	0x53, 0xcc, 0xb0, 0x3f, 0xd9, 0xcc, 0xf5, 0xda, //0x00004560 .quad -2669001970698630061
	0x07, 0x4f, 0xe3, 0xa5, 0x83, 0x8a, 0xe0, 0xb9, //0x00004568 .quad -5052886483881210105
	0x68, 0xff, 0x9c, 0x8f, 0x0f, 0x40, 0xb3, 0xd1, //0x00004570 .quad -3336252463373287576
	0xc9, 0x22, 0x5c, 0x8f, 0x24, 0xad, 0x58, 0xe8, //0x00004578 .quad -1704422086424124727
	0xa1, 0x1f, 0xc2, 0xb9, 0x09, 0x08, 0x10, 0x23, //0x00004580 .quad 2526528228819083169
	0xbe, 0x95, 0x99, 0xd9, 0x36, 0x6c, 0x37, 0x91, //0x00004588 .quad -7982792831656159810
	0x8a, 0xa7, 0x32, 0x28, 0x0c, 0x0a, 0xd4, 0xab, //0x00004590 .quad -6065211750830921846
	0x2d, 0xfb, 0xff, 0x8f, 0x44, 0x47, 0x85, 0xb5, //0x00004598 .quad -5366805021142811859
	0x6c, 0x51, 0x3f, 0x32, 0x8f, 0x0c, 0xc9, 0x16, //0x000045a0 .quad 1641857348316123500
	0xf9, 0xf9, 0xff, 0xb3, 0x15, 0x99, 0xe6, 0xe2, //0x000045a8 .quad -2096820258001126919
	0xe3, 0x92, 0x67, 0x7f, 0xd9, 0xa7, 0x3d, 0xae, //0x000045b0 .quad -5891368184943504669
	0x3b, 0xfc, 0x7f, 0x90, 0xad, 0x1f, 0xd0, 0x8d, //0x000045b8 .quad -8228041688891786181
	0x9c, 0x77, 0x41, 0xdf, 0xcf, 0x11, 0xcd, 0x99, //0x000045c0 .quad -7364210231179380836
	0x4a, 0xfb, 0x9f, 0xf4, 0x98, 0x27, 0x44, 0xb1, //0x000045c8 .quad -5673366092687344822
	0x83, 0xd5, 0x11, 0xd7, 0x43, 0x56, 0x40, 0x40, //0x000045d0 .quad 4629795266307937667
	0x1d, 0xfa, 0xc7, 0x31, 0x7f, 0x31, 0x95, 0xdd, //0x000045d8 .quad -2480021597431793123
	0x72, 0x25, 0x6b, 0x66, 0xea, 0x35, 0x28, 0x48, //0x000045e0 .quad 5199465050656154994
	0x52, 0xfc, 0x1c, 0x7f, 0xef, 0x3e, 0x7d, 0x8a, //0x000045e8 .quad -8467542526035952558
	0xcf, 0xee, 0x05, 0x00, 0x65, 0x43, 0x32, 0xda, //0x000045f0 .quad -2724040723534582065
	0x66, 0x3b, 0xe4, 0x5e, 0xab, 0x8e, 0x1c, 0xad, //0x000045f8 .quad -5972742139117552794
	0x82, 0x6a, 0x07, 0x40, 0x3e, 0xd4, 0xbe, 0x90, //0x00004600 .quad -8016736922845615486
	0x40, 0x4a, 0x9d, 0x36, 0x56, 0xb2, 0x63, 0xd8, //0x00004608 .quad -2854241655469553088
	0x91, 0xa2, 0x04, 0xe8, 0xa6, 0x44, 0x77, 0x5a, //0x00004610 .quad 6518754469289960081
	0x68, 0x4e, 0x22, 0xe2, 0x75, 0x4f, 0x3e, 0x87, //0x00004618 .quad -8701430062309552536
	0x36, 0xcb, 0x05, 0xa2, 0xd0, 0x15, 0x15, 0x71, //0x00004620 .quad 8148443086612450102
	0x02, 0xe2, 0xaa, 0x5a, 0x53, 0xe3, 0x0d, 0xa9, //0x00004628 .quad -6265101559459552766
	0x03, 0x3e, 0x87, 0xca, 0x44, 0x5b, 0x5a, 0x0d, //0x00004630 .quad 962181821410786819
	0x83, 0x9a, 0x55, 0x31, 0x28, 0x5c, 0x51, 0xd3, //0x00004638 .quad -3219690930897053053
	0xc2, 0x86, 0x94, 0xfe, 0x0a, 0x79, 0x58, 0xe8, //0x00004640 .quad -1704479370831952190
	0x91, 0x80, 0xd5, 0x1e, 0x99, 0xd9, 0x12, 0x84, //0x00004648 .quad -8929835859451740015
	0x72, 0xa8, 0x39, 0xbe, 0x4d, 0x97, 0x6e, 0x62, //0x00004650 .quad 7092772823314835570
	0xb6, 0xe0, 0x8a, 0x66, 0xff, 0x8f, 0x17, 0xa5, //0x00004658 .quad -6550608805887287114
	0x8f, 0x12, 0xc8, 0x2d, 0x21, 0x3d, 0x0a, 0xfb, //0x00004660 .quad -357406007711231345
	0xe3, 0x98, 0x2d, 0x40, 0xff, 0x73, 0x5d, 0xce, //0x00004668 .quad -3576574988931720989
	0x99, 0x0b, 0x9d, 0xbc, 0x34, 0x66, 0xe6, 0x7c, //0x00004670 .quad 8999993282035256217
	0x8e, 0x7f, 0x1c, 0x88, 0x7f, 0x68, 0xfa, 0x80, //0x00004678 .quad -9152888395723407474
	0x80, 0x4e, 0xc4, 0xeb, 0xc1, 0xff, 0x1f, 0x1c, //0x00004680 .quad 2026619565689294464
	0x72, 0x9f, 0x23, 0x6a, 0x9f, 0x02, 0x39, 0xa1, //0x00004688 .quad -6829424476226871438
	0x20, 0x62, 0xb5, 0x66, 0xb2, 0xff, 0x27, 0xa3, //0x00004690 .quad -6690097579743157728
	0x4e, 0x87, 0xac, 0x44, 0x47, 0x43, 0x87, 0xc9, //0x00004698 .quad -3925094576856201394
	0xa8, 0xba, 0x62, 0x00, 0x9f, 0xff, 0xf1, 0x4b, //0x000046a0 .quad 5472436080603216552
	0x22, 0xa9, 0xd7, 0x15, 0x19, 0x14, 0xe9, 0xfb, //0x000046a8 .quad -294682202642863838
	0xa9, 0xb4, 0x3d, 0x60, 0xc3, 0x3f, 0x77, 0x6f, //0x000046b0 .quad 8031958568804398249
	0xb5, 0xc9, 0xa6, 0xad, 0x8f, 0xac, 0x71, 0x9d, //0x000046b8 .quad -7101705404292871755
	0xd3, 0x21, 0x4d, 0x38, 0xb4, 0x0f, 0x55, 0xcb, //0x000046c0 .quad -3795109844276665901
	0x22, 0x7c, 0x10, 0x99, 0xb3, 0x17, 0xce, 0xc4, //0x000046c8 .quad -4265445736938701790
	0x48, 0x6a, 0x60, 0x46, 0xa1, 0x53, 0x2a, 0x7e, //0x000046d0 .quad 9091170749936331336
	0x2b, 0x9b, 0x54, 0x7f, 0xa0, 0x9d, 0x01, 0xf6, //0x000046d8 .quad -720121152745989333
	0x6d, 0x42, 0xfc, 0xcb, 0x44, 0x74, 0xda, 0x2e, //0x000046e0 .quad 3376138709496513133
	0xfb, 0xe0, 0x94, 0x4f, 0x84, 0x02, 0xc1, 0x99, //0x000046e8 .quad -7367604748107325189
	0x08, 0x53, 0xfb, 0xfe, 0x55, 0x11, 0x91, 0xfa, //0x000046f0 .quad -391512631556746488
	0x39, 0x19, 0x7a, 0x63, 0x25, 0x43, 0x31, 0xc0, //0x000046f8 .quad -4597819916706768583
	0xca, 0x27, 0xba, 0x7e, 0xab, 0x55, 0x35, 0x79, //0x00004700 .quad 8733981247408842698
	0x88, 0x9f, 0x58, 0xbc, 0xee, 0x93, 0x3d, 0xf0, //0x00004708 .quad -1135588877456072824
	0xde, 0x58, 0x34, 0x2f, 0x8b, 0x55, 0xc1, 0x4b, //0x00004710 .quad 5458738279630526686
	0xb5, 0x63, 0xb7, 0x35, 0x75, 0x7c, 0x26, 0x96, //0x00004718 .quad -7627272076051127371
	0x16, 0x6f, 0x01, 0xfb, 0xed, 0xaa, 0xb1, 0x9e, //0x00004720 .quad -7011635205744005354
	0xa2, 0x3c, 0x25, 0x83, 0x92, 0x1b, 0xb0, 0xbb, //0x00004728 .quad -4922404076636521310
	0xdc, 0xca, 0xc1, 0x79, 0xa9, 0x15, 0x5e, 0x46, //0x00004730 .quad 5070514048102157020
	0xcb, 0x8b, 0xee, 0x23, 0x77, 0x22, 0x9c, 0xea, //0x00004738 .quad -1541319077368263733
	0xc9, 0x1e, 0x19, 0xec, 0x89, 0xcd, 0xfa, 0x0b, //0x00004740 .quad 863228270850154185
	0x5f, 0x17, 0x75, 0x76, 0x8a, 0x95, 0xa1, 0x92, //0x00004748 .quad -7880853450996246689
	0x7b, 0x66, 0x1f, 0x67, 0xec, 0x80, 0xf9, 0xce, //0x00004750 .quad -3532650679864695173
	0x36, 0x5d, 0x12, 0x14, 0xed, 0xfa, 0x49, 0xb7, //0x00004758 .quad -5239380795317920458
	0x1a, 0x40, 0xe7, 0x80, 0x27, 0xe1, 0xb7, 0x82, //0x00004760 .quad -9027499368258256870
	0x84, 0xf4, 0x16, 0x59, 0xa8, 0x79, 0x1c, 0xe5, //0x00004768 .quad -1937539975720012668
	0x10, 0x88, 0x90, 0xb0, 0xb8, 0xec, 0xb2, 0xd1, //0x00004770 .quad -3336344095947716592
	0xd2, 0x58, 0xae, 0x37, 0x09, 0xcc, 0x31, 0x8f, //0x00004778 .quad -8128491512466089774
	0x15, 0xaa, 0xb4, 0xdc, 0xe6, 0xa7, 0x1f, 0x86, //0x00004780 .quad -8782116138362033643
	0x07, 0xef, 0x99, 0x85, 0x0b, 0x3f, 0xfe, 0xb2, //0x00004788 .quad -5548928372155224313
	0x9a, 0xd4, 0xe1, 0x93, 0xe0, 0x91, 0xa7, 0x67, //0x00004790 .quad 7469098900757009562
	0xc9, 0x6a, 0x00, 0x67, 0xce, 0xce, 0xbd, 0xdf, //0x00004798 .quad -2324474446766642487
	0xe0, 0x24, 0x6d, 0x5c, 0x2c, 0xbb, 0xc8, 0xe0, //0x000047a0 .quad -2249342214667950880
	0xbd, 0x42, 0x60, 0x00, 0x41, 0xa1, 0xd6, 0x8b, //0x000047a8 .quad -8370325556870233411
	0x18, 0x6e, 0x88, 0x73, 0xf7, 0xe9, 0xfa, 0x58, //0x000047b0 .quad 6411694268519837208
	0x6d, 0x53, 0x78, 0x40, 0x91, 0x49, 0xcc, 0xae, //0x000047b8 .quad -5851220927660403859
	0x9e, 0x89, 0x6a, 0x50, 0x75, 0xa4, 0x39, 0xaf, //0x000047c0 .quad -5820440219632367202
	0x48, 0x68, 0x96, 0x90, 0xf5, 0x5b, 0x7f, 0xda, //0x000047c8 .quad -2702340141148116920
	0x03, 0x96, 0x42, 0x52, 0xc9, 0x06, 0x84, 0x6d, //0x000047d0 .quad 7891439908798240259
	0x2d, 0x01, 0x5e, 0x7a, 0x79, 0x99, 0x8f, 0x88, //0x000047d8 .quad -8606491615858654931
	0x83, 0x3b, 0xd3, 0xa6, 0x7b, 0x08, 0xe5, 0xc8, //0x000047e0 .quad -3970758169284363389
	0x78, 0x81, 0xf5, 0xd8, 0xd7, 0x7f, 0xb3, 0xaa, //0x000047e8 .quad -6146428501395930760
	0x64, 0x0a, 0x88, 0x90, 0x9a, 0x4a, 0x1e, 0xfb, //0x000047f0 .quad -351761693178066332
	0xd6, 0xe1, 0x32, 0xcf, 0xcd, 0x5f, 0x60, 0xd5, //0x000047f8 .quad -3071349608317525546
	0x7f, 0x06, 0x55, 0x9a, 0xa0, 0xee, 0xf2, 0x5c, //0x00004800 .quad 6697677969404790399
	0x26, 0xcd, 0x7f, 0xa1, 0xe0, 0x3b, 0x5c, 0x85, //0x00004808 .quad -8837122532839535322
	0x1e, 0x48, 0xea, 0xc0, 0x48, 0xaa, 0x2f, 0xf4, //0x00004810 .quad -851274575098787810
	0x6f, 0xc0, 0xdf, 0xc9, 0xd8, 0x4a, 0xb3, 0xa6, //0x00004818 .quad -6434717147622031249
	0x26, 0xda, 0x24, 0xf1, 0xda, 0x94, 0x3b, 0xf1, //0x00004820 .quad -1064093218873484762
	0x8b, 0xb0, 0x57, 0xfc, 0x8e, 0x1d, 0x60, 0xd0, //0x00004828 .quad -3431710416100151157
	0x58, 0x08, 0xb7, 0xd6, 0x08, 0x3d, 0xc5, 0x76, //0x00004830 .quad 8558313775058847832
	0x57, 0xce, 0xb6, 0x5d, 0x79, 0x12, 0x3c, 0x82, //0x00004838 .quad -9062348037703676329
	0x6e, 0xca, 0x64, 0x0c, 0x4b, 0x8c, 0x76, 0x54, //0x00004840 .quad 6086206200396171886
	0xed, 0x81, 0x24, 0xb5, 0x17, 0x17, 0xcb, 0xa2, //0x00004848 .quad -6716249028702207507
	0x09, 0xfd, 0x7d, 0xcf, 0x5d, 0x2f, 0x94, 0xa9, //0x00004850 .quad -6227300304786948855
	0x68, 0xa2, 0x6d, 0xa2, 0xdd, 0xdc, 0x7d, 0xcb, //0x00004858 .quad -3783625267450371480
	0x4c, 0x7c, 0x5d, 0x43, 0x35, 0x3b, 0xf9, 0xd3, //0x00004860 .quad -3172439362556298164
	0x02, 0x0b, 0x09, 0x0b, 0x15, 0x54, 0x5d, 0xfe, //0x00004868 .quad -117845565885576446
	0xaf, 0x6d, 0x1a, 0x4a, 0x01, 0xc5, 0x7b, 0xc4, //0x00004870 .quad -4288617610811380305
	0xe1, 0xa6, 0xe5, 0x26, 0x8d, 0x54, 0xfa, 0x9e, //0x00004878 .quad -6991182506319567135
	0x1b, 0x09, 0xa1, 0x9c, 0x41, 0xb6, 0x9a, 0x35, //0x00004880 .quad 3862600023340550427
	0x9a, 0x10, 0x9f, 0x70, 0xb0, 0xe9, 0xb8, 0xc6, //0x00004888 .quad -4127292114472071014
	0x62, 0x4b, 0xc9, 0x03, 0xd2, 0x63, 0x01, 0xc3, //0x00004890 .quad -4395122007679087774
	0xc0, 0xd4, 0xc6, 0x8c, 0x1c, 0x24, 0x67, 0xf8, //0x00004898 .quad -547429124662700864
	0x1d, 0xcf, 0x5d, 0x42, 0x63, 0xde, 0xe0, 0x79, //0x000048a0 .quad 8782263791269039901
	0xf8, 0x44, 0xfc, 0xd7, 0x91, 0x76, 0x40, 0x9b, //0x000048a8 .quad -7259672230555269896
	0xe4, 0x42, 0xf5, 0x12, 0xfc, 0x15, 0x59, 0x98, //0x000048b0 .quad -7468914334623251740
	0x36, 0x56, 0xfb, 0x4d, 0x36, 0x94, 0x10, 0xc2, //0x000048b8 .quad -4462904269766699466
	0x9d, 0x93, 0xb2, 0x17, 0x7b, 0x5b, 0x6f, 0x3e, //0x000048c0 .quad 4498915137003099037
	0xc4, 0x2b, 0x7a, 0xe1, 0x43, 0xb9, 0x94, 0xf2, //0x000048c8 .quad -966944318780986428
	0x42, 0x9c, 0xcf, 0xee, 0x2c, 0x99, 0x05, 0xa7, //0x000048d0 .quad -6411550076227838910
	0x5a, 0x5b, 0xec, 0x6c, 0xca, 0xf3, 0x9c, 0x97, //0x000048d8 .quad -7521869226879198374
	0x53, 0x83, 0x83, 0x2a, 0x78, 0xff, 0xc6, 0x50, //0x000048e0 .quad 5820620459997365075
	0x31, 0x72, 0x27, 0x08, 0xbd, 0x30, 0x84, 0xbd, //0x000048e8 .quad -4790650515171610063
	0x28, 0x64, 0x24, 0x35, 0x56, 0xbf, 0xf8, 0xa4, //0x000048f0 .quad -6559282480285457368
	0xbd, 0x4e, 0x31, 0x4a, 0xec, 0x3c, 0xe5, 0xec, //0x000048f8 .quad -1376627125537124675
	0x99, 0xbe, 0x36, 0xe1, 0x95, 0x77, 0x1b, 0x87, //0x00004900 .quad -8711237568605798759
	0x36, 0xd1, 0x5e, 0xae, 0x13, 0x46, 0x0f, 0x94, //0x00004908 .quad -7777920981101784778
	0x3f, 0x6e, 0x84, 0x59, 0x7b, 0x55, 0xe2, 0x28, //0x00004910 .quad 2946011094524915263
	0x84, 0x85, 0xf6, 0x99, 0x98, 0x17, 0x13, 0xb9, //0x00004918 .quad -5110715207949843068
	0xcf, 0x89, 0xe5, 0x2f, 0xda, 0xea, 0x1a, 0x33, //0x00004920 .quad 3682513868156144079
	0xe5, 0x26, 0x74, 0xc0, 0x7e, 0xdd, 0x57, 0xe7, //0x00004928 .quad -1776707991509915931
	0x21, 0x76, 0xef, 0x5d, 0xc8, 0xd2, 0xf0, 0x3f, //0x00004930 .quad 4607414176811284001
	0x4f, 0x98, 0x48, 0x38, 0x6f, 0xea, 0x96, 0x90, //0x00004938 .quad -8027971522334779313
	0xa9, 0x53, 0x6b, 0x75, 0x7a, 0x07, 0xed, 0x0f, //0x00004940 .quad 1147581702586717097
	0x63, 0xbe, 0x5a, 0x06, 0x0b, 0xa5, 0xbc, 0xb4, //0x00004948 .quad -5423278384491086237
	0x94, 0x28, 0xc6, 0x12, 0x59, 0x49, 0xe8, 0xd3, //0x00004950 .quad -3177208890193991532
	0xfb, 0x6d, 0xf1, 0xc7, 0x4d, 0xce, 0xeb, 0xe1, //0x00004958 .quad -2167411962186469893
	0x5c, 0xd9, 0xbb, 0xab, 0xd7, 0x2d, 0x71, 0x64, //0x00004960 .quad 7237616480483531100
	0xbd, 0xe4, 0xf6, 0x9c, 0xf0, 0x60, 0x33, 0x8d, //0x00004968 .quad -8272161504007625539
	0xb3, 0xcf, 0xaa, 0x96, 0x4d, 0x79, 0x8d, 0xbd, //0x00004970 .quad -4788037454677749837
	0xec, 0x9d, 0x34, 0xc4, 0x2c, 0x39, 0x80, 0xb0, //0x00004978 .quad -5728515861582144020
	0xa0, 0x83, 0x55, 0xfc, 0xa0, 0xd7, 0xf0, 0xec, //0x00004980 .quad -1373360799919799392
	0x67, 0xc5, 0x41, 0xf5, 0x77, 0x47, 0xa0, 0xdc, //0x00004988 .quad -2548958808550292121
	0x44, 0x72, 0xb5, 0x9d, 0xc4, 0x86, 0x16, 0xf4, //0x00004990 .quad -858350499949874620
	0x60, 0x1b, 0x49, 0xf9, 0xaa, 0x2c, 0xe4, 0x89, //0x00004998 .quad -8510628282985014432
	0xd5, 0xce, 0x22, 0xc5, 0x75, 0x28, 0x1c, 0x31, //0x000049a0 .quad 3538747893490044629
	0x39, 0x62, 0x9b, 0xb7, 0xd5, 0x37, 0x5d, 0xac, //0x000049a8 .quad -6026599335303880135
	0x8b, 0x82, 0x6b, 0x36, 0x93, 0x32, 0x63, 0x7d, //0x000049b0 .quad 9035120885289943691
	0xc7, 0x3a, 0x82, 0x25, 0xcb, 0x85, 0x74, 0xd7, //0x000049b8 .quad -2921563150702462265
	0x97, 0x31, 0x03, 0x02, 0x9c, 0xff, 0x5d, 0xae, //0x000049c0 .quad -5882264492762254953
	0xbc, 0x64, 0x71, 0xf7, 0x9e, 0xd3, 0xa8, 0x86, //0x000049c8 .quad -8743505996830120772
	0xfc, 0xfd, 0x83, 0x02, 0x83, 0x7f, 0xf5, 0xd9, //0x000049d0 .quad -2741144597525430788
	0xeb, 0xbd, 0x4d, 0xb5, 0x86, 0x08, 0x53, 0xa8, //0x000049d8 .quad -6317696477610263061
	0x7b, 0xfd, 0x24, 0xc3, 0x63, 0xdf, 0x72, 0xd0, //0x000049e0 .quad -3426430746906788485
	0x66, 0x2d, 0xa1, 0x62, 0xa8, 0xca, 0x67, 0xd2, //0x000049e8 .quad -3285434578585440922
	0x6d, 0x1e, 0xf7, 0x59, 0x9e, 0xcb, 0x47, 0x42, //0x000049f0 .quad 4776009810824339053
	0x60, 0xbc, 0xa4, 0x3d, 0xa9, 0xde, 0x80, 0x83, //0x000049f8 .quad -8970925639256982432
	0x08, 0xe6, 0x74, 0xf0, 0x85, 0xbe, 0xd9, 0x52, //0x00004a00 .quad 5970012263530423816
	0x78, 0xeb, 0x0d, 0x8d, 0x53, 0x16, 0x61, 0xa4, //0x00004a08 .quad -6601971030643840136
	0x8b, 0x1f, 0x92, 0x6c, 0x27, 0x2e, 0x90, 0x67, //0x00004a10 .quad 7462515329413029771
	0x56, 0x66, 0x51, 0x70, 0xe8, 0x5b, 0x79, 0xcd, //0x00004a18 .quad -3640777769877412266
	0xb6, 0x53, 0xdb, 0xa3, 0xd8, 0x1c, 0xba, 0x00, //0x00004a20 .quad 52386062455755702
	0xf6, 0xdf, 0x32, 0x46, 0x71, 0xd9, 0x6b, 0x80, //0x00004a28 .quad -9193015133814464522
	0xa4, 0x28, 0xd2, 0xcc, 0x0e, 0xa4, 0xe8, 0x80, //0x00004a30 .quad -9157889458785081180
	0xf3, 0x97, 0xbf, 0x97, 0xcd, 0xcf, 0x86, 0xa0, //0x00004a38 .quad -6879582898840692749
	0xcd, 0xb2, 0x06, 0x80, 0x12, 0xcd, 0x22, 0x61, //0x00004a40 .quad 6999382250228200141
	0xf0, 0x7d, 0xaf, 0xfd, 0xc0, 0x83, 0xa8, 0xc8, //0x00004a48 .quad -3987792605123478032
	0x81, 0x5f, 0x08, 0x20, 0x57, 0x80, 0x6b, 0x79, //0x00004a50 .quad 8749227812785250177
	0x6c, 0x5d, 0x1b, 0x3d, 0xb1, 0xa4, 0xd2, 0xfa, //0x00004a58 .quad -373054737976959636
	0xb0, 0x3b, 0x05, 0x74, 0x36, 0x30, 0xe3, 0xcb, //0x00004a60 .quad -3755104653863994448
	0x63, 0x1a, 0x31, 0xc6, 0xee, 0xa6, 0xc3, 0x9c, //0x00004a68 .quad -7150688238876681629
	0x9c, 0x8a, 0x06, 0x11, 0x44, 0xfc, 0xdb, 0xbe, //0x00004a70 .quad -4693880817329993060
	0xfc, 0x60, 0xbd, 0x77, 0xaa, 0x90, 0xf4, 0xc3, //0x00004a78 .quad -4326674280168464132
	0x44, 0x2d, 0x48, 0x15, 0x55, 0xfb, 0x92, 0xee, //0x00004a80 .quad -1255665003235103420
	0x3b, 0xb9, 0xac, 0x15, 0xd5, 0xb4, 0xf1, 0xf4, //0x00004a88 .quad -796656831783192261
	0x4a, 0x1c, 0x4d, 0x2d, 0x15, 0xdd, 0x1b, 0x75, //0x00004a90 .quad 8438581409832836170
	0xc5, 0xf3, 0x8b, 0x2d, 0x05, 0x11, 0x17, 0x99, //0x00004a98 .quad -7415439547505577019
	0x5d, 0x63, 0xa0, 0x78, 0x5a, 0xd4, 0x62, 0xd2, //0x00004aa0 .quad -3286831292991118499
	0xb6, 0xf0, 0xee, 0x78, 0x46, 0xd5, 0x5c, 0xbf, //0x00004aa8 .quad -4657613415954583370
	0x34, 0x7c, 0xc8, 0x16, 0x71, 0x89, 0xfb, 0x86, //0x00004ab0 .quad -8720225134666286028
	0xe4, 0xac, 0x2a, 0x17, 0x98, 0x0a, 0x34, 0xef, //0x00004ab8 .quad -1210330751515841308
	0xa0, 0x4d, 0x3d, 0xae, 0xe6, 0x35, 0x5d, 0xd4, //0x00004ac0 .quad -3144297699952734816
	0x0e, 0xac, 0x7a, 0x0e, 0x9f, 0x86, 0x80, 0x95, //0x00004ac8 .quad -7673985747338482674
	0x09, 0xa1, 0xcc, 0x59, 0x60, 0x83, 0x74, 0x89, //0x00004ad0 .quad -8542058143368306423
	0x12, 0x57, 0x19, 0xd2, 0x46, 0xa8, 0xe0, 0xba, //0x00004ad8 .quad -4980796165745715438
	0x4b, 0xc9, 0x3f, 0x70, 0x38, 0xa4, 0xd1, 0x2b, //0x00004ae0 .quad 3157485376071780683
	0xd7, 0xac, 0x9f, 0x86, 0x58, 0xd2, 0x98, 0xe9, //0x00004ae8 .quad -1614309188754756393
	0xcf, 0xdd, 0x27, 0x46, 0xa3, 0x06, 0x63, 0x7b, //0x00004af0 .quad 8890957387685944783
	0x06, 0xcc, 0x23, 0x54, 0x77, 0x83, 0xff, 0x91, //0x00004af8 .quad -7926472270612804602
	0x42, 0xd5, 0xb1, 0x17, 0x4c, 0xc8, 0x3b, 0x1a, //0x00004b00 .quad 1890324697752655170
	0x08, 0xbf, 0x2c, 0x29, 0x55, 0x64, 0x7f, 0xb6, //0x00004b08 .quad -5296404319838617848
	0x93, 0x4a, 0x9e, 0x1d, 0x5f, 0xba, 0xca, 0x20, //0x00004b10 .quad 2362905872190818963
	0xca, 0xee, 0x77, 0x73, 0x6a, 0x3d, 0x1f, 0xe4, //0x00004b18 .quad -2008819381370884406
	0x9c, 0xee, 0x82, 0x72, 0x7b, 0xb4, 0x7e, 0x54, //0x00004b20 .quad 6088502188546649756
	0x3e, 0xf5, 0x2a, 0x88, 0x62, 0x86, 0x93, 0x8e, //0x00004b28 .quad -8173041140997884610
	0x43, 0xaa, 0x23, 0x4f, 0x9a, 0x61, 0x9e, 0xe9, //0x00004b30 .quad -1612744301171463613
	0x8d, 0xb2, 0x35, 0x2a, 0xfb, 0x67, 0x38, 0xb2, //0x00004b38 .quad -5604615407819967859
	0xd4, 0x94, 0xec, 0xe2, 0x00, 0xfa, 0x05, 0x64, //0x00004b40 .quad 7207441660390446292
	0x31, 0x1f, 0xc3, 0xf4, 0xf9, 0x81, 0xc6, 0xde, //0x00004b48 .quad -2394083241347571919
	0x04, 0xdd, 0xd3, 0x8d, 0x40, 0xbc, 0x83, 0xde, //0x00004b50 .quad -2412877989897052924
	0x7e, 0xf3, 0xf9, 0x38, 0x3c, 0x11, 0x3c, 0x8b, //0x00004b58 .quad -8413831053483314306
	0x45, 0xd4, 0x48, 0xb1, 0x50, 0xab, 0x24, 0x96, //0x00004b60 .quad -7627783505798704059
	0x5e, 0x70, 0x38, 0x47, 0x8b, 0x15, 0x0b, 0xae, //0x00004b68 .quad -5905602798426754978
	0x57, 0x09, 0x9b, 0xdd, 0x24, 0xd6, 0xad, 0x3b, //0x00004b70 .quad 4300328673033783639
	0x76, 0x8c, 0x06, 0x19, 0xee, 0xda, 0x8d, 0xd9, //0x00004b78 .quad -2770317479606055818
	0xd6, 0xe5, 0x80, 0x0a, 0xd7, 0xa5, 0x4c, 0xe5, //0x00004b80 .quad -1923980597781273130
	0xc9, 0x17, 0xa4, 0xcf, 0xd4, 0xa8, 0xf8, 0x87, //0x00004b88 .quad -8648977452394866743
	0x4c, 0x1f, 0x21, 0xcd, 0x4c, 0xcf, 0x9f, 0x5e, //0x00004b90 .quad 6818396289628184396
	0xbc, 0x1d, 0x8d, 0x03, 0x0a, 0xd3, 0xf6, 0xa9, //0x00004b98 .quad -6199535797066195524
	0x1f, 0x67, 0x69, 0x00, 0x20, 0xc3, 0x47, 0x76, //0x00004ba0 .quad 8522995362035230495
	0x2b, 0x65, 0x70, 0x84, 0xcc, 0x87, 0x74, 0xd4, //0x00004ba8 .quad -3137733727905356501
	0x73, 0xe0, 0x41, 0x00, 0xf4, 0xd9, 0xec, 0x29, //0x00004bb0 .quad 3021029092058325107
	0x3b, 0x3f, 0xc6, 0xd2, 0xdf, 0xd4, 0xc8, 0x84, //0x00004bb8 .quad -8878612607581929669
	0x90, 0x58, 0x52, 0x00, 0x71, 0x10, 0x68, 0xf4, //0x00004bc0 .quad -835399653354481520
	0x09, 0xcf, 0x77, 0xc7, 0x17, 0x0a, 0xfb, 0xa5, //0x00004bc8 .quad -6486579741050024183
	0xb4, 0xee, 0x66, 0x40, 0x8d, 0x14, 0x82, 0x71, //0x00004bd0 .quad 8179122470161673908
	0xcc, 0xc2, 0x55, 0xb9, 0x9d, 0xcc, 0x79, 0xcf, //0x00004bd8 .quad -3496538657885142324
	0x30, 0x55, 0x40, 0x48, 0xd8, 0x4c, 0xf1, 0xc6, //0x00004be0 .quad -4111420493003729616
	0xbf, 0x99, 0xd5, 0x93, 0xe2, 0x1f, 0xac, 0x81, //0x00004be8 .quad -9102865688819295809
	0x7c, 0x6a, 0x50, 0x5a, 0x0e, 0xa0, 0xad, 0xb8, //0x00004bf0 .quad -5139275616254662020
	0x2f, 0x00, 0xcb, 0x38, 0xdb, 0x27, 0x17, 0xa2, //0x00004bf8 .quad -6766896092596731857
	0x1c, 0x85, 0xe4, 0xf0, 0x11, 0x08, 0xd9, 0xa6, //0x00004c00 .quad -6424094520318327524
	0x3b, 0xc0, 0xfd, 0x06, 0xd2, 0xf1, 0x9c, 0xca, //0x00004c08 .quad -3846934097318526917
	0x63, 0xa6, 0x1d, 0x6d, 0x16, 0x4a, 0x8f, 0x90, //0x00004c10 .quad -8030118150397909405
	0x4a, 0x30, 0xbd, 0x88, 0x46, 0x2e, 0x44, 0xfd, //0x00004c18 .quad -196981603220770742
	0xfe, 0x87, 0x32, 0x04, 0x4e, 0x8e, 0x59, 0x9a, //0x00004c20 .quad -7324666853212387330
	0x2e, 0x3e, 0x76, 0x15, 0xec, 0x9c, 0x4a, 0x9e, //0x00004c28 .quad -7040642529654063570
	0xfd, 0x29, 0x3f, 0x85, 0xe1, 0xf1, 0xef, 0x40, //0x00004c30 .quad 4679224488766679549
	0xba, 0xcd, 0xd3, 0x1a, 0x27, 0x44, 0xdd, 0xc5, //0x00004c38 .quad -4189117143640191558
	0x7c, 0xf4, 0x8e, 0xe6, 0x59, 0xee, 0x2b, 0xd1, //0x00004c40 .quad -3374341425896426372
	0x28, 0xc1, 0x88, 0xe1, 0x30, 0x95, 0x54, 0xf7, //0x00004c48 .quad -624710411122851544
	0xce, 0x58, 0x19, 0x30, 0xf8, 0x74, 0xbb, 0x82, //0x00004c50 .quad -9026492418826348338
	0xb9, 0x78, 0xf5, 0x8c, 0x3e, 0xdd, 0x94, 0x9a, //0x00004c58 .quad -7307973034592864071
	0x01, 0xaf, 0x1f, 0x3c, 0x36, 0x52, 0x6a, 0xe3, //0x00004c60 .quad -2059743486678159615
	0xe7, 0xd6, 0x32, 0x30, 0x8e, 0x14, 0x3a, 0xc1, //0x00004c68 .quad -4523280274813692185
	0xc1, 0x9a, 0x27, 0xcb, 0xc3, 0xe6, 0x44, 0xdc, //0x00004c70 .quad -2574679358347699519
	0xa1, 0x8c, 0x3f, 0xbc, 0xb1, 0x99, 0x88, 0xf1, //0x00004c78 .quad -1042414325089727327
	0xb9, 0xc0, 0xf8, 0x5e, 0x3a, 0x10, 0xab, 0x29, //0x00004c80 .quad 3002511419460075705
	0xe5, 0xb7, 0xa7, 0x15, 0x0f, 0x60, 0xf5, 0x96, //0x00004c88 .quad -7569037980822161435
	0xe7, 0xf0, 0xb6, 0xf6, 0x48, 0xd4, 0x15, 0x74, //0x00004c90 .quad 8364825292752482535
	0xde, 0xa5, 0x11, 0xdb, 0x12, 0xb8, 0xb2, 0xbc, //0x00004c98 .quad -4849611457600313890
	0x21, 0xad, 0x64, 0x34, 0x5b, 0x49, 0x1b, 0x11, //0x00004ca0 .quad 1232659579085827361
	0x56, 0x0f, 0xd6, 0x91, 0x17, 0x66, 0xdf, 0xeb, //0x00004ca8 .quad -1450328303573004458
	0x34, 0xec, 0xbe, 0x00, 0xd9, 0x0d, 0xb1, 0xca, //0x00004cb0 .quad -3841273781498745804
	0x95, 0xc9, 0x25, 0xbb, 0xce, 0x9f, 0x6b, 0x93, //0x00004cb8 .quad -7823984217374209643
	0x42, 0xa7, 0xee, 0x40, 0x4f, 0x51, 0x5d, 0x3d, //0x00004cc0 .quad 4421779809981343554
	0xfb, 0x3b, 0xef, 0x69, 0xc2, 0x87, 0x46, 0xb8, //0x00004cc8 .quad -5168294253290374149
	0x12, 0x51, 0x2a, 0x11, 0xa3, 0xa5, 0xb4, 0x0c, //0x00004cd0 .quad 915538744049291538
	0xfa, 0x0a, 0x6b, 0x04, 0xb3, 0x29, 0x58, 0xe6, //0x00004cd8 .quad -1848681798185579782
	0xab, 0x72, 0xba, 0xea, 0x85, 0xe7, 0xf0, 0x47, //0x00004ce0 .quad 5183897733458195115
	0xdc, 0xe6, 0xc2, 0xe2, 0x0f, 0x1a, 0xf7, 0x8f, //0x00004ce8 .quad -8072955151507069220
	0x56, 0x0f, 0x69, 0x65, 0x67, 0x21, 0xed, 0x59, //0x00004cf0 .quad 6479872166822743894
	0x93, 0xa0, 0x73, 0xdb, 0x93, 0xe0, 0xf4, 0xb3, //0x00004cf8 .quad -5479507920956448621
	0x2c, 0x53, 0xc3, 0x3e, 0xc1, 0x69, 0x68, 0x30, //0x00004d00 .quad 3488154190101041964
	0xb8, 0x88, 0x50, 0xd2, 0xb8, 0x18, 0xf2, 0xe0, //0x00004d08 .quad -2237698882768172872
	0xfb, 0x13, 0x3a, 0xc7, 0x18, 0x42, 0x41, 0x1e, //0x00004d10 .quad 2180096368813151227
	0x73, 0x55, 0x72, 0x83, 0x73, 0x4f, 0x97, 0x8c, //0x00004d18 .quad -8316090829371189901
	0xfa, 0x98, 0x08, 0xf9, 0x9e, 0x92, 0xd1, 0xe5, //0x00004d20 .quad -1886565557410948870
	0xcf, 0xea, 0x4e, 0x64, 0x50, 0x23, 0xbd, 0xaf, //0x00004d28 .quad -5783427518286599473
	0x39, 0xbf, 0x4a, 0xb7, 0x46, 0xf7, 0x45, 0xdf, //0x00004d30 .quad -2358206946763686087
	0x83, 0xa5, 0x62, 0x7d, 0x24, 0x6c, 0xac, 0xdb, //0x00004d38 .quad -2617598379430861437
	0x83, 0xb7, 0x8e, 0x32, 0x8c, 0xba, 0x8b, 0x6b, //0x00004d40 .quad 7749492695127472003
	0x72, 0xa7, 0x5d, 0xce, 0x96, 0xc3, 0x4b, 0x89, //0x00004d48 .quad -8553528014785370254
	0x64, 0x65, 0x32, 0x3f, 0x2f, 0xa9, 0x6e, 0x06, //0x00004d50 .quad 463493832054564196
	0x4f, 0x11, 0xf5, 0x81, 0x7c, 0xb4, 0x9e, 0xab, //0x00004d58 .quad -6080224000054324913
	0xbd, 0xfe, 0xfe, 0x0e, 0x7b, 0x53, 0x0a, 0xc8, //0x00004d60 .quad -4032318728359182659
	0xa2, 0x55, 0x72, 0xa2, 0x9b, 0x61, 0x86, 0xd6, //0x00004d68 .quad -2988593981640518238
	0x36, 0x5f, 0x5f, 0xe9, 0x2c, 0x74, 0x06, 0xbd, //0x00004d70 .quad -4826042214438183114
	0x85, 0x75, 0x87, 0x45, 0x01, 0xfd, 0x13, 0x86, //0x00004d78 .quad -8785400266166405755
	0x04, 0x37, 0xb7, 0x23, 0x38, 0x11, 0x48, 0x2c, //0x00004d80 .quad 3190819268807046916
	0xe7, 0x52, 0xe9, 0x96, 0x41, 0xfc, 0x98, 0xa7, //0x00004d88 .quad -6370064314280619289
	0xc5, 0x04, 0xa5, 0x2c, 0x86, 0x15, 0x5a, 0xf7, //0x00004d90 .quad -623161932418579259
	0xa0, 0xa7, 0xa3, 0xfc, 0x51, 0x3b, 0x7f, 0xd1, //0x00004d98 .quad -3350894374423386208
	0xfb, 0x22, 0xe7, 0xdb, 0x73, 0x4d, 0x98, 0x9a, //0x00004da0 .quad -7307005235402693893
	0xc4, 0x48, 0xe6, 0x3d, 0x13, 0x85, 0xef, 0x82, //0x00004da8 .quad -9011838011655698236
	0xba, 0xeb, 0xe0, 0xd2, 0xd0, 0x60, 0x3e, 0xc1, //0x00004db0 .quad -4522070525825979462
	0xf5, 0xda, 0x5f, 0x0d, 0x58, 0x66, 0xab, 0xa3, //0x00004db8 .quad -6653111496142234891
	0xa8, 0x26, 0x99, 0x07, 0x05, 0xf9, 0x8d, 0x31, //0x00004dc0 .quad 3570783879572301480
	0xb3, 0xd1, 0xb7, 0x10, 0xee, 0x3f, 0x96, 0xcc, //0x00004dc8 .quad -3704703351750405709
	0x52, 0x70, 0x7f, 0x49, 0x46, 0x77, 0xf1, 0xfd, //0x00004dd0 .quad -148206168962011054
	0x1f, 0xc6, 0xe5, 0x94, 0xe9, 0xcf, 0xbb, 0xff, //0x00004dd8 .quad -19193171260619233
	0x33, 0xa6, 0xef, 0xed, 0x8b, 0xea, 0xb6, 0xfe, //0x00004de0 .quad -92628855601256909
	0xd3, 0x9b, 0x0f, 0xfd, 0xf1, 0x61, 0xd5, 0x9f, //0x00004de8 .quad -6929524759678968877
	0xc0, 0x8f, 0x6b, 0xe9, 0x2e, 0xa5, 0x64, 0xfe, //0x00004df0 .quad -115786069501571136
	0xc8, 0x82, 0x53, 0x7c, 0x6e, 0xba, 0xca, 0xc7, //0x00004df8 .quad -4050219931171323192
	0xb0, 0x73, 0xc6, 0xa3, 0x7a, 0xce, 0xfd, 0x3d, //0x00004e00 .quad 4466953431550423984
	0x7b, 0x63, 0x68, 0x1b, 0x0a, 0x69, 0xbd, 0xf9, //0x00004e08 .quad -451088895536766085
	0x4e, 0x08, 0x5c, 0xa6, 0x0c, 0xa1, 0xbe, 0x06, //0x00004e10 .quad 486002885505321038
	0x2d, 0x3e, 0x21, 0x51, 0xa6, 0x61, 0x16, 0x9c, //0x00004e18 .quad -7199459587351560659
	0x62, 0x0a, 0xf3, 0xcf, 0x4f, 0x49, 0x6e, 0x48, //0x00004e20 .quad 5219189625309039202
	0xb8, 0x8d, 0x69, 0xe5, 0x0f, 0xfa, 0x1b, 0xc3, //0x00004e28 .quad -4387638465762062920
	0xfa, 0xcc, 0xef, 0xc3, 0xa3, 0xdb, 0x89, 0x5a, //0x00004e30 .quad 6523987031636299002
	0x26, 0xf1, 0xc3, 0xde, 0x93, 0xf8, 0xe2, 0xf3, //0x00004e38 .quad -872862063775190746
	0x1c, 0xe0, 0x75, 0x5a, 0x46, 0x29, 0x96, 0xf8, //0x00004e40 .quad -534194123654701028
	0xb7, 0x76, 0x3a, 0x6b, 0x5c, 0xdb, 0x6d, 0x98, //0x00004e48 .quad -7463067817500576073
	0x23, 0x58, 0x13, 0xf1, 0x97, 0xb3, 0xbb, 0xf6, //0x00004e50 .quad -667742654568376285
	0x65, 0x14, 0x09, 0x86, 0x33, 0x52, 0x89, 0xbe, //0x00004e58 .quad -4717148753448332187
	0x2c, 0x2e, 0x58, 0xed, 0x7d, 0xa0, 0x6a, 0x74, //0x00004e60 .quad 8388693718644305452
	0x7f, 0x59, 0x8b, 0x67, 0xc0, 0xa6, 0x2b, 0xee, //0x00004e68 .quad -1284749923383027329
	0xdc, 0x1c, 0x57, 0xb4, 0x4e, 0xa4, 0xc2, 0xa8, //0x00004e70 .quad -6286281471915778852
	0xef, 0x17, 0xb7, 0x40, 0x38, 0x48, 0xdb, 0x94, //0x00004e78 .quad -7720497729755473937
	0x13, 0xe4, 0x6c, 0x61, 0x62, 0x4d, 0xf3, 0x92, //0x00004e80 .quad -7857851839894723565
	0xeb, 0xdd, 0xe4, 0x50, 0x46, 0x1a, 0x12, 0xba, //0x00004e88 .quad -5038936143766954517
	0x17, 0x1d, 0xc8, 0xf9, 0xba, 0x20, 0xb0, 0x77, //0x00004e90 .quad 8624429273841147159
	0x66, 0x15, 0x1e, 0xe5, 0xd7, 0xa0, 0x96, 0xe8, //0x00004e98 .quad -1686984161281305242
	0x2e, 0x12, 0x1d, 0xdc, 0x74, 0x14, 0xce, 0x0a, //0x00004ea0 .quad 778582277723329070
	0x60, 0xcd, 0x32, 0xef, 0x86, 0x24, 0x5e, 0x91, //0x00004ea8 .quad -7971894128441897632
	0xba, 0x56, 0x24, 0x13, 0x92, 0x99, 0x81, 0x0d, //0x00004eb0 .quad 973227847154161338
	0xb8, 0x80, 0xff, 0xaa, 0xa8, 0xad, 0xb5, 0xb5, //0x00004eb8 .quad -5353181642124984136
	0x69, 0x6c, 0xed, 0x97, 0xf6, 0xff, 0xe1, 0x10, //0x00004ec0 .quad 1216534808942701673
	0xe6, 0x60, 0xbf, 0xd5, 0x12, 0x19, 0x23, 0xe3, //0x00004ec8 .quad -2079791034228842266
	0xc1, 0x63, 0xf4, 0x1e, 0xfa, 0x3f, 0x8d, 0xca, //0x00004ed0 .quad -3851351762838199359
	0x8f, 0x9c, 0x97, 0xc5, 0xab, 0xef, 0xf5, 0x8d, //0x00004ed8 .quad -8217398424034108273
	0xb2, 0x7c, 0xb1, 0xa6, 0xf8, 0x8f, 0x30, 0xbd, //0x00004ee0 .quad -4814189703547749198
	0xb3, 0x83, 0xfd, 0xb6, 0x96, 0x6b, 0x73, 0xb1, //0x00004ee8 .quad -5660062011615247437
	0xde, 0xdb, 0x5d, 0xd0, 0xf6, 0xb3, 0x7c, 0xac, //0x00004ef0 .quad -6017737129434686498
	0xa0, 0xe4, 0xbc, 0x64, 0x7c, 0x46, 0xd0, 0xdd, //0x00004ef8 .quad -2463391496091671392
	0x6b, 0xa9, 0x3a, 0x42, 0x7a, 0xf0, 0xcd, 0x6b, //0x00004f00 .quad 7768129340171790699
	0xe4, 0x0e, 0xf6, 0xbe, 0x0d, 0x2c, 0xa2, 0x8a, //0x00004f08 .quad -8457148712698376476
	0xc6, 0x53, 0xc9, 0xd2, 0x98, 0x6c, 0xc1, 0x86, //0x00004f10 .quad -8736582398494813242
	0x9d, 0x92, 0xb3, 0x2e, 0x11, 0xb7, 0x4a, 0xad, //0x00004f18 .quad -5959749872445582691
	0xb7, 0xa8, 0x7b, 0x07, 0xbf, 0xc7, 0x71, 0xe8, //0x00004f20 .quad -1697355961263740745
	0x44, 0x77, 0x60, 0x7a, 0xd5, 0x64, 0x9d, 0xd8, //0x00004f28 .quad -2838001322129590460
	0x72, 0x49, 0xad, 0x64, 0xd7, 0x1c, 0x47, 0x11, //0x00004f30 .quad 1244995533423855986
	0x8b, 0x4a, 0x7c, 0x6c, 0x05, 0x5f, 0x62, 0x87, //0x00004f38 .quad -8691279853972075893
	0xcf, 0x9b, 0xd8, 0x3d, 0x0d, 0xe4, 0x98, 0xd5, //0x00004f40 .quad -3055441601647567921
	0x2d, 0x5d, 0x9b, 0xc7, 0xc6, 0xf6, 0x3a, 0xa9, //0x00004f48 .quad -6252413799037706963
	0xc3, 0xc2, 0x4e, 0x8d, 0x10, 0x1d, 0xff, 0x4a, //0x00004f50 .quad 5404070034795315907
	0x79, 0x34, 0x82, 0x79, 0x78, 0xb4, 0x89, 0xd3, //0x00004f58 .quad -3203831230369745799
	0xba, 0x39, 0x51, 0x58, 0x2a, 0x72, 0xdf, 0xce, //0x00004f60 .quad -3539985255894009414
	0xcb, 0x60, 0xf1, 0x4b, 0xcb, 0x10, 0x36, 0x84, //0x00004f68 .quad -8919923546622172981
	0x28, 0x88, 0x65, 0xee, 0xb4, 0x4e, 0x97, 0xc2, //0x00004f70 .quad -4424981569867511768
	0xfe, 0xb8, 0xed, 0x1e, 0xfe, 0x94, 0x43, 0xa5, //0x00004f78 .quad -6538218414850328322
	0x32, 0xea, 0xfe, 0x29, 0x62, 0x22, 0x3d, 0x73, //0x00004f80 .quad 8303831092947774002
	0x3e, 0x27, 0xa9, 0xa6, 0x3d, 0x7a, 0x94, 0xce, //0x00004f88 .quad -3561087000135522498
	0x5f, 0x52, 0x3f, 0x5a, 0x7d, 0x35, 0x06, 0x08, //0x00004f90 .quad 578208414664970847
	0x87, 0xb8, 0x29, 0x88, 0x66, 0xcc, 0x1c, 0x81, //0x00004f98 .quad -9143208402725783417
	0xf7, 0x26, 0xcf, 0xb0, 0xdc, 0xc2, 0x07, 0xca, //0x00004fa0 .quad -3888925500096174345
	0xa8, 0x26, 0x34, 0x2a, 0x80, 0xff, 0x63, 0xa1, //0x00004fa8 .quad -6817324484979841368
	0xb5, 0xf0, 0x02, 0xdd, 0x93, 0xb3, 0x89, 0xfc, //0x00004fb0 .quad -249470856692830027
	0x52, 0x30, 0xc1, 0x34, 0x60, 0xff, 0xbc, 0xc9, //0x00004fb8 .quad -3909969587797413806
	0xe2, 0xac, 0x43, 0xd4, 0x78, 0x20, 0xac, 0xbb, //0x00004fc0 .quad -4923524589293425438
	0x67, 0x7c, 0xf1, 0x41, 0x38, 0x3f, 0x2c, 0xfc, //0x00004fc8 .quad -275775966319379353
	0x0d, 0x4c, 0xaa, 0x84, 0x4b, 0x94, 0x4b, 0xd5, //0x00004fd0 .quad -3077202868308390899
	0xc0, 0xed, 0x36, 0x29, 0x83, 0xa7, 0x9b, 0x9d, //0x00004fd8 .quad -7089889006590693952
	0x11, 0xdf, 0xd4, 0x65, 0x5e, 0x79, 0x9e, 0x0a, //0x00004fe0 .quad 765182433041899281
	0x31, 0xa9, 0x84, 0xf3, 0x63, 0x91, 0x02, 0xc5, //0x00004fe8 .quad -4250675239810979535
	0xd5, 0x16, 0x4a, 0xff, 0xb5, 0x17, 0x46, 0x4d, //0x00004ff0 .quad 5568164059729762005
	0x7d, 0xd3, 0x65, 0xf0, 0xbc, 0x35, 0x43, 0xf6, //0x00004ff8 .quad -701658031336336515
	0x45, 0x4e, 0x8e, 0xbf, 0xd1, 0xce, 0x4b, 0x50, //0x00005000 .quad 5785945546544795205
	0x2e, 0xa4, 0x3f, 0x16, 0x96, 0x01, 0xea, 0x99, //0x00005008 .quad -7356065297226292178
	0xd6, 0xe1, 0x71, 0x2f, 0x86, 0xc2, 0x5e, 0xe4, //0x00005010 .quad -1990940103673781802
	0x39, 0x8d, 0xcf, 0x9b, 0xfb, 0x81, 0x64, 0xc0, //0x00005018 .quad -4583395603105477319
	0x4c, 0x5a, 0x4e, 0xbb, 0x27, 0x73, 0x76, 0x5d, //0x00005020 .quad 6734696907262548556
	0x88, 0x70, 0xc3, 0x82, 0x7a, 0xa2, 0x7d, 0xf0, //0x00005028 .quad -1117558485454458744
	0x6f, 0xf8, 0x10, 0xd5, 0xf8, 0x07, 0x6a, 0x3a, //0x00005030 .quad 4209185567039092847
	0x55, 0x26, 0xba, 0x91, 0x8c, 0x85, 0x4e, 0x96, //0x00005038 .quad -7616003081050118571
	0x8b, 0x36, 0x55, 0x0a, 0xf7, 0x89, 0x04, 0x89, //0x00005040 .quad -8573576096483297653
	0xea, 0xaf, 0x28, 0xb6, 0xef, 0x26, 0xe2, 0xbb, //0x00005048 .quad -4908317832885260310
	0x2e, 0x84, 0xea, 0xcc, 0x74, 0xac, 0x45, 0x2b, //0x00005050 .quad 3118087934678041646
	0xe5, 0xdb, 0xb2, 0xa3, 0xab, 0xb0, 0xda, 0xea, //0x00005058 .quad -1523711272679187483
	0x9d, 0x92, 0x12, 0x00, 0xc9, 0x8b, 0x0b, 0x3b, //0x00005060 .quad 4254647968387469981
	0x6f, 0xc9, 0x4f, 0x46, 0x6b, 0xae, 0xc8, 0x92, //0x00005068 .quad -7869848573065574033
	0x44, 0x37, 0x17, 0x40, 0xbb, 0x6e, 0xce, 0x09, //0x00005070 .quad 706623942056949572
	0xcb, 0xbb, 0xe3, 0x17, 0x06, 0xda, 0x7a, 0xb7, //0x00005078 .quad -5225624697904579637
	0x15, 0x05, 0x1d, 0x10, 0x6a, 0x0a, 0x42, 0xcc, //0x00005080 .quad -3728406090856200939
	0xbd, 0xaa, 0xdc, 0x9d, 0x87, 0x90, 0x59, 0xe5, //0x00005088 .quad -1920344853953336643
	0x2d, 0x23, 0x12, 0x4a, 0x82, 0x46, 0xa9, 0x9f, //0x00005090 .quad -6941939825212513491
	0xb6, 0xea, 0xa9, 0xc2, 0x54, 0xfa, 0x57, 0x8f, //0x00005098 .quad -8117744561361917258
	0xf9, 0xab, 0x96, 0xdc, 0x22, 0x98, 0x93, 0x47, //0x000050a0 .quad 5157633273766521849
	0x64, 0x65, 0x54, 0xf3, 0xe9, 0xf8, 0x2d, 0xb3, //0x000050a8 .quad -5535494683275008668
	0xf7, 0x56, 0xbc, 0x93, 0x2b, 0x7e, 0x78, 0x59, //0x000050b0 .quad 6447041592208152311
	0xbd, 0x7e, 0x29, 0x70, 0x24, 0x77, 0xf9, 0xdf, //0x000050b8 .quad -2307682335666372931
	0x5a, 0xb6, 0x55, 0x3c, 0xdb, 0x4e, 0xeb, 0x57, //0x000050c0 .quad 6335244004343789146
	0x36, 0xef, 0x19, 0xc6, 0x76, 0xea, 0xfb, 0x8b, //0x000050c8 .quad -8359830487432564938
	0xf1, 0x23, 0x6b, 0x0b, 0x92, 0x22, 0xe6, 0xed, //0x000050d0 .quad -1304317031425039375
	0x03, 0x6b, 0xa0, 0x77, 0x14, 0xe5, 0xfa, 0xae, //0x000050d8 .quad -5838102090863318269
	0xed, 0xec, 0x45, 0x8e, 0x36, 0xab, 0x5f, 0xe9, //0x000050e0 .quad -1630396289281299219
	0xc4, 0x85, 0x88, 0x95, 0x59, 0x9e, 0xb9, 0xda, //0x000050e8 .quad -2685941595151759932
	0x14, 0xb4, 0xeb, 0x18, 0x02, 0xcb, 0xdb, 0x11, //0x000050f0 .quad 1286845328412881940
	0x9b, 0x53, 0x75, 0xfd, 0xf7, 0x02, 0xb4, 0x88, //0x000050f8 .quad -8596242524610931813
	0x19, 0xa1, 0x26, 0x9f, 0xc2, 0xbd, 0x52, 0xd6, //0x00005100 .quad -3003129357911285479
	0x81, 0xa8, 0xd2, 0xfc, 0xb5, 0x03, 0xe1, 0xaa, //0x00005108 .quad -6133617137336276863
	0x5f, 0x49, 0xf0, 0x46, 0x33, 0x6d, 0xe7, 0x4b, //0x00005110 .quad 5469460339465668959
	0xa2, 0x52, 0x07, 0x7c, 0xa3, 0x44, 0x99, 0xd5, //0x00005118 .quad -3055335403242958174
	0xdb, 0x2d, 0x56, 0x0c, 0x40, 0xa4, 0x70, 0x6f, //0x00005120 .quad 8030098730593431003
	0xa5, 0x93, 0x84, 0x2d, 0xe6, 0xca, 0x7f, 0x85, //0x00005128 .quad -8827113654667930715
	0x52, 0xb9, 0x6b, 0x0f, 0x50, 0xcd, 0x4c, 0xcb, //0x00005130 .quad -3797434642040374958
	0x8e, 0xb8, 0xe5, 0xb8, 0x9f, 0xbd, 0xdf, 0xa6, //0x00005138 .quad -6422206049907525490
	0xa7, 0xa7, 0x46, 0x13, 0xa4, 0x00, 0x20, 0x7e, //0x00005140 .quad 9088264752731695015
	0xb2, 0x26, 0x1f, 0xa7, 0x07, 0xad, 0x97, 0xd0, //0x00005148 .quad -3416071543957018958
	0xc8, 0x28, 0x0c, 0x8c, 0x66, 0x00, 0xd4, 0x8e, //0x00005150 .quad -8154892584824854328
	0x2f, 0x78, 0x73, 0xc8, 0x24, 0xcc, 0x5e, 0x82, //0x00005158 .quad -9052573742614218705
	0xfa, 0x32, 0x0f, 0x2f, 0x80, 0x00, 0x89, 0x72, //0x00005160 .quad 8253128342678483706
	0x3b, 0x56, 0x90, 0xfa, 0x2d, 0x7f, 0xf6, 0xa2, //0x00005168 .quad -6704031159840385477
	0xb9, 0xff, 0xd2, 0x3a, 0xa0, 0x40, 0x2b, 0x4f, //0x00005170 .quad 5704724409920716729
	0xca, 0x6b, 0x34, 0x79, 0xf9, 0x1e, 0xb4, 0xcb, //0x00005178 .quad -3768352931373093942
	0xa8, 0xbf, 0x87, 0x49, 0xc8, 0x10, 0xf6, 0xe2, //0x00005180 .quad -2092466524453879896
	0xbc, 0x86, 0x81, 0xd7, 0xb7, 0x26, 0xa1, 0xfe, //0x00005188 .quad -98755145788979524
	0xc9, 0xd7, 0xf4, 0x2d, 0x7d, 0xca, 0xd9, 0x0d, //0x00005190 .quad 998051431430019017
	0x36, 0xf4, 0xb0, 0xe6, 0x32, 0xb8, 0x24, 0x9f, //0x00005198 .quad -6979250993759194058
	0xbb, 0x0d, 0x72, 0x79, 0x1c, 0x3d, 0x50, 0x91, //0x000051a0 .quad -7975807747567252037
	0x43, 0x31, 0x5d, 0xa0, 0x3f, 0xe6, 0xed, 0xc6, //0x000051a8 .quad -4112377723771604669
	0x2a, 0x91, 0xce, 0x97, 0x63, 0x4c, 0xa4, 0x75, //0x000051b0 .quad 8476984389250486570
	0x94, 0x7d, 0x74, 0x88, 0xcf, 0x5f, 0xa9, 0xf8, //0x000051b8 .quad -528786136287117932
	0xba, 0x1a, 0xe1, 0x3e, 0xbe, 0xaf, 0x86, 0xc9, //0x000051c0 .quad -3925256793573221702
	0x7c, 0xce, 0x48, 0xb5, 0xe1, 0xdb, 0x69, 0x9b, //0x000051c8 .quad -7248020362820530564
	0x68, 0x61, 0x99, 0xce, 0xad, 0x5b, 0xe8, 0xfb, //0x000051d0 .quad -294884973539139224
	0x1b, 0x02, 0x9b, 0x22, 0xda, 0x52, 0x44, 0xc2, //0x000051d8 .quad -4448339435098275301
	0xc3, 0xb9, 0x3f, 0x42, 0x99, 0x72, 0xe2, 0xfa, //0x000051e0 .quad -368606216923924029
	0xa2, 0xc2, 0x41, 0xab, 0x90, 0x67, 0xd5, 0xf2, //0x000051e8 .quad -948738275445456222
	0x1a, 0xd4, 0x67, 0xc9, 0x9f, 0x87, 0xcd, 0xdc, //0x000051f0 .quad -2536221894791146470
	0xa5, 0x19, 0x09, 0x6b, 0xba, 0x60, 0xc5, 0x97, //0x000051f8 .quad -7510490449794491995
	0x20, 0xc9, 0xc1, 0xbb, 0x87, 0xe9, 0x00, 0x54, //0x00005200 .quad 6053094668365842720
	0x0f, 0x60, 0xcb, 0x05, 0xe9, 0xb8, 0xb6, 0xbd, //0x00005208 .quad -4776427043815727089
	0x68, 0x3b, 0xb2, 0xaa, 0xe9, 0x23, 0x01, 0x29, //0x00005210 .quad 2954682317029915496
	0x13, 0x38, 0x3e, 0x47, 0x23, 0x67, 0x24, 0xed, //0x00005218 .quad -1358847786342270957
	0x21, 0x65, 0xaf, 0x0a, 0x72, 0xb6, 0xa0, 0xf9, //0x00005220 .quad -459166561069996767
	0x0b, 0xe3, 0x86, 0x0c, 0x76, 0xc0, 0x36, 0x94, //0x00005228 .quad -7766808894105001205
	0x69, 0x3e, 0x5b, 0x8d, 0x0e, 0xe4, 0x08, 0xf8, //0x00005230 .quad -573958201337495959
	0xce, 0x9b, 0xa8, 0x8f, 0x93, 0x70, 0x44, 0xb9, //0x00005238 .quad -5096825099203863602
	0x04, 0x0e, 0xb2, 0x30, 0x12, 0x1d, 0x0b, 0xb6, //0x00005240 .quad -5329133770099257852
	0xc2, 0xc2, 0x92, 0x73, 0xb8, 0x8c, 0x95, 0xe7, //0x00005248 .quad -1759345355577441598
	0xc2, 0x48, 0x6f, 0x5e, 0x2b, 0xf2, 0xc6, 0xb1, //0x00005250 .quad -5636551615525730110
	0xb9, 0xb9, 0x3b, 0x48, 0xf3, 0x77, 0xbd, 0x90, //0x00005258 .quad -8017119874876982855
	0xf3, 0x1a, 0x0b, 0x36, 0xb6, 0xae, 0x38, 0x1e, //0x00005260 .quad 2177682517447613171
	0x28, 0xa8, 0x4a, 0x1a, 0xf0, 0xd5, 0xec, 0xb4, //0x00005268 .quad -5409713825168840664
	0xb0, 0xe1, 0x8d, 0xc3, 0x63, 0xda, 0xc6, 0x25, //0x00005270 .quad 2722103146809516464
	0x32, 0x52, 0xdd, 0x20, 0x6c, 0x0b, 0x28, 0xe2, //0x00005278 .quad -2150456263033662926
	0x0e, 0xad, 0x38, 0x5a, 0x7e, 0x48, 0x9c, 0x57, //0x00005280 .quad 6313000485183335694
	0x5f, 0x53, 0x8a, 0x94, 0x23, 0x07, 0x59, 0x8d, //0x00005288 .quad -8261564192037121185
	0x51, 0xd8, 0xc6, 0xf0, 0x9d, 0x5a, 0x83, 0x2d, //0x00005290 .quad 3279564588051781713
	0x37, 0xe8, 0xac, 0x79, 0xec, 0x48, 0xaf, 0xb0, //0x00005298 .quad -5715269221619013577
	0x65, 0x8e, 0xf8, 0x6c, 0x45, 0x31, 0xe4, 0xf8, //0x000052a0 .quad -512230283362660763
	0x44, 0x22, 0x18, 0x98, 0x27, 0x1b, 0xdb, 0xdc, //0x000052a8 .quad -2532400508596379068
	0xff, 0x58, 0x1b, 0x64, 0xcb, 0x9e, 0x8e, 0x1b, //0x000052b0 .quad 1985699082112030975
	0x6b, 0x15, 0x0f, 0xbf, 0xf8, 0xf0, 0x08, 0x8a, //0x000052b8 .quad -8500279345513818773
	0x3f, 0x2f, 0x22, 0x3d, 0x7e, 0x46, 0x72, 0xe2, //0x000052c0 .quad -2129562165787349185
	0xc5, 0xda, 0xd2, 0xee, 0x36, 0x2d, 0x8b, 0xac, //0x000052c8 .quad -6013663163464885563
	0x0f, 0xbb, 0x6a, 0xcc, 0x1d, 0xd8, 0x0e, 0x5b, //0x000052d0 .quad 6561419329620589327
	0x77, 0x91, 0x87, 0xaa, 0x84, 0xf8, 0xad, 0xd7, //0x000052d8 .quad -2905392935903719049
	0xe9, 0xb4, 0xc2, 0x9f, 0x12, 0x47, 0xe9, 0x98, //0x000052e0 .quad -7428327965055601431
	0xea, 0xba, 0x94, 0xea, 0x52, 0xbb, 0xcc, 0x86, //0x000052e8 .quad -8733399612580906262
	0x24, 0x62, 0xb3, 0x47, 0xd7, 0x98, 0x23, 0x3f, //0x000052f0 .quad 4549648098962661924
	0xa5, 0xe9, 0x39, 0xa5, 0x27, 0xea, 0x7f, 0xa8, //0x000052f8 .quad -6305063497298744923
	0xad, 0x3a, 0xa0, 0x19, 0x0d, 0x7f, 0xec, 0x8e, //0x00005300 .quad -8147997931578836307
	0x0e, 0x64, 0x88, 0x8e, 0xb1, 0xe4, 0x9f, 0xd2, //0x00005308 .quad -3269643353196043250
	0xac, 0x24, 0x04, 0x30, 0x68, 0xcf, 0x53, 0x19, //0x00005310 .quad 1825030320404309164
	0x89, 0x3e, 0x15, 0xf9, 0xee, 0xee, 0xa3, 0x83, //0x00005318 .quad -8961056123388608887
	0xd7, 0x2d, 0x05, 0x3c, 0x42, 0xc3, 0xa8, 0x5f, //0x00005320 .quad 6892973918932774359
	0x2b, 0x8e, 0x5a, 0xb7, 0xaa, 0xea, 0x8c, 0xa4, //0x00005328 .quad -6589634135808373205
	0x4d, 0x79, 0x06, 0xcb, 0x12, 0xf4, 0x92, 0x37, //0x00005330 .quad 4004531380238580045
	0xb6, 0x31, 0x31, 0x65, 0x55, 0x25, 0xb0, 0xcd, //0x00005338 .quad -3625356651333078602
	0xd0, 0x0b, 0xe4, 0xbe, 0x8b, 0xd8, 0xbb, 0xe2, //0x00005340 .quad -2108853905778275376
	0x11, 0xbf, 0x3e, 0x5f, 0x55, 0x17, 0x8e, 0x80, //0x00005348 .quad -9183376934724255983
	0xc4, 0x0e, 0x9d, 0xae, 0xae, 0xce, 0x6a, 0x5b, //0x00005350 .quad 6587304654631931588
	0xd6, 0x6e, 0x0e, 0xb7, 0x2a, 0x9d, 0xb1, 0xa0, //0x00005358 .quad -6867535149977932074
	0x75, 0x52, 0x44, 0x5a, 0x5a, 0x82, 0x45, 0xf2, //0x00005360 .quad -989241218564861323
	0x8b, 0x0a, 0xd2, 0x64, 0x75, 0x04, 0xde, 0xc8, //0x00005368 .quad -3972732919045027189
	0x12, 0x67, 0xd5, 0xf0, 0xf0, 0xe2, 0xd6, 0xee, //0x00005370 .quad -1236551523206076654
	0x2e, 0x8d, 0x06, 0xbe, 0x92, 0x85, 0x15, 0xfb, //0x00005378 .quad -354230130378896082
	0x6b, 0x60, 0x85, 0x96, 0xd6, 0x4d, 0x46, 0x55, //0x00005380 .quad 6144684325637283947
	0x3d, 0x18, 0xc4, 0xb6, 0x7b, 0x73, 0xed, 0x9c, //0x00005388 .quad -7138922859127891907
	0x86, 0xb8, 0x26, 0x3c, 0x4c, 0xe1, 0x97, 0xaa, //0x00005390 .quad -6154202648235558778
	0x4c, 0x1e, 0x75, 0xa4, 0x5a, 0xd0, 0x28, 0xc4, //0x00005398 .quad -4311967555482476980
	0xa8, 0x66, 0x30, 0x4b, 0x9f, 0xd9, 0x3d, 0xd5, //0x000053a0 .quad -3081067291867060568
	0xdf, 0x65, 0x92, 0x4d, 0x71, 0x04, 0x33, 0xf5, //0x000053a8 .quad -778273425925708321
	0x29, 0x40, 0xfe, 0x8e, 0x03, 0xa8, 0x46, 0xe5, //0x000053b0 .quad -1925667057416912855
	0xab, 0x7f, 0x7b, 0xd0, 0xc6, 0xe2, 0x3f, 0x99, //0x000053b8 .quad -7403949918844649557
	0x33, 0xd0, 0xbd, 0x72, 0x04, 0x52, 0x98, 0xde, //0x000053c0 .quad -2407083821771141069
	0x96, 0x5f, 0x9a, 0x84, 0x78, 0xdb, 0x8f, 0xbf, //0x000053c8 .quad -4643251380128424042
	0x40, 0x44, 0x6d, 0x8f, 0x85, 0x66, 0x3e, 0x96, //0x000053d0 .quad -7620540795641314240
	0x7c, 0xf7, 0xc0, 0xa5, 0x56, 0xd2, 0x73, 0xef, //0x000053d8 .quad -1192378206733142148
	0xa8, 0x4a, 0xa4, 0x79, 0x13, 0x00, 0xe7, 0xdd, //0x000053e0 .quad -2456994988062127448
	0xad, 0x9a, 0x98, 0x27, 0x76, 0x63, 0xa8, 0x95, //0x000053e8 .quad -7662765406849295699
	0x52, 0x5d, 0x0d, 0x58, 0x18, 0xc0, 0x60, 0x55, //0x000053f0 .quad 6152128301777116498
	0x59, 0xc1, 0x7e, 0xb1, 0x53, 0x7c, 0x12, 0xbb, //0x000053f8 .quad -4966770740134231719
	0xa6, 0xb4, 0x10, 0x6e, 0x1e, 0xf0, 0xb8, 0xaa, //0x00005400 .quad -6144897678060768090
	0xaf, 0x71, 0xde, 0x9d, 0x68, 0x1b, 0xd7, 0xe9, //0x00005408 .quad -1596777406740401745
	0xe8, 0x70, 0xca, 0x04, 0x13, 0x96, 0xb3, 0xca, //0x00005410 .quad -3840561048787980056
	0x0d, 0x07, 0xab, 0x62, 0x21, 0x71, 0x26, 0x92, //0x00005418 .quad -7915514906853832947
	0x22, 0x0d, 0xfd, 0xc5, 0x97, 0x7b, 0x60, 0x3d, //0x00005420 .quad 4422670725869800738
	0xd1, 0xc8, 0x55, 0xbb, 0x69, 0x0d, 0xb0, 0xb6, //0x00005428 .quad -5282707615139903279
	0x6a, 0x50, 0x7c, 0xb7, 0x7d, 0x9a, 0xb8, 0x8c, //0x00005430 .quad -8306719647944912790
	0x05, 0x3b, 0x2b, 0x2a, 0xc4, 0x10, 0x5c, 0xe4, //0x00005438 .quad -1991698500497491195
	0x42, 0xb2, 0xad, 0x92, 0x8e, 0x60, 0xf3, 0x77, //0x00005440 .quad 8643358275316593218
	0xe3, 0x04, 0x5b, 0x9a, 0x7a, 0x8a, 0xb9, 0x8e, //0x00005448 .quad -8162340590452013853
	0xd3, 0x1e, 0x59, 0x37, 0xb2, 0x38, 0xf0, 0x55, //0x00005450 .quad 6192511825718353619
	0x1c, 0xc6, 0xf1, 0x40, 0x19, 0xed, 0x67, 0xb2, //0x00005458 .quad -5591239719637629412
	0x88, 0x66, 0x2f, 0xc5, 0xde, 0x46, 0x6c, 0x6b, //0x00005460 .quad 7740639782147942024
	0xa3, 0x37, 0x2e, 0x91, 0x5f, 0xe8, 0x01, 0xdf, //0x00005468 .quad -2377363631119648861
	0x15, 0xa0, 0x3d, 0x3b, 0x4b, 0xac, 0x23, 0x23, //0x00005470 .quad 2532056854628769813
	0xc6, 0xe2, 0xbc, 0xba, 0x3b, 0x31, 0x61, 0x8b, //0x00005478 .quad -8403381297090862394
	0x1a, 0x08, 0x0d, 0x0a, 0x5e, 0x97, 0xec, 0xab, //0x00005480 .quad -6058300968568813542
	0x77, 0x1b, 0x6c, 0xa9, 0x8a, 0x7d, 0x39, 0xae, //0x00005488 .quad -5892540602936190089
	0x21, 0x4a, 0x90, 0x8c, 0x35, 0xbd, 0xe7, 0x96, //0x00005490 .quad -7572876210711016927
	0x55, 0x22, 0xc7, 0x53, 0xed, 0xdc, 0xc7, 0xd9, //0x00005498 .quad -2753989735242849707
	0x54, 0x2e, 0xda, 0x77, 0x41, 0xd6, 0x50, 0x7e, //0x000054a0 .quad 9102010423587778132
	0x75, 0x75, 0x5c, 0x54, 0x14, 0xea, 0x1c, 0x88, //0x000054a8 .quad -8638772612167862923
	0xe9, 0xb9, 0xd0, 0xd5, 0xd1, 0x0b, 0xe5, 0xdd, //0x000054b0 .quad -2457545025797441047
	0xd2, 0x92, 0x73, 0x69, 0x99, 0x24, 0x24, 0xaa, //0x000054b8 .quad -6186779746782440750
	0x64, 0xe8, 0x44, 0x4b, 0xc6, 0x4e, 0x5e, 0x95, //0x000054c0 .quad -7683617300674189212
	0x87, 0x77, 0xd0, 0xc3, 0xbf, 0x2d, 0xad, 0xd4, //0x000054c8 .quad -3121788665050663033
	0x3e, 0x11, 0x0b, 0xef, 0x3b, 0xf1, 0x5a, 0xbd, //0x000054d0 .quad -4802260812921368258
	0xb4, 0x4a, 0x62, 0xda, 0x97, 0x3c, 0xec, 0x84, //0x000054d8 .quad -8868646943297746252
	0x8e, 0xd5, 0xcd, 0xea, 0x8a, 0xad, 0xb1, 0xec, //0x000054e0 .quad -1391139997724322418
	0x61, 0xdd, 0xfa, 0xd0, 0xbd, 0x4b, 0x27, 0xa6, //0x000054e8 .quad -6474122660694794911
	0xf2, 0x4a, 0x81, 0xa5, 0xed, 0x18, 0xde, 0x67, //0x000054f0 .quad 7484447039699372786
	0xba, 0x94, 0x39, 0x45, 0xad, 0x1e, 0xb1, 0xcf, //0x000054f8 .quad -3480967307441105734
	0xd7, 0xce, 0x70, 0x87, 0x94, 0xcf, 0xea, 0x80, //0x00005500 .quad -9157278655470055721
	0xf4, 0xfc, 0x43, 0x4b, 0x2c, 0xb3, 0xce, 0x81, //0x00005508 .quad -9093133594791772940
	0x8d, 0x02, 0x4d, 0xa9, 0x79, 0x83, 0x25, 0xa1, //0x00005510 .quad -6834912300910181747
	0x31, 0xfc, 0x14, 0x5e, 0xf7, 0x5f, 0x42, 0xa2, //0x00005518 .quad -6754730975062328271
	0x30, 0x43, 0xa0, 0x13, 0x58, 0xe4, 0x6e, 0x09, //0x00005520 .quad 679731660717048624
	0x3e, 0x3b, 0x9a, 0x35, 0xf5, 0xf7, 0xd2, 0xca, //0x00005528 .quad -3831727700400522434
	0xfc, 0x53, 0x88, 0x18, 0x6e, 0x9d, 0xca, 0x8b, //0x00005530 .quad -8373707460958465028
	0x0d, 0xca, 0x00, 0x83, 0xf2, 0xb5, 0x87, 0xfd, //0x00005538 .quad -177973607073265139
	0x7d, 0x34, 0x55, 0xcf, 0x64, 0xa2, 0x5e, 0x77, //0x00005540 .quad 8601490892183123069
	0x48, 0x7e, 0xe0, 0x91, 0xb7, 0xd1, 0x74, 0x9e, //0x00005548 .quad -7028762532061872568
	0x9d, 0x81, 0x2a, 0x03, 0xfe, 0x4a, 0x36, 0x95, //0x00005550 .quad -7694880458480647779
	0xda, 0x9d, 0x58, 0x76, 0x25, 0x06, 0x12, 0xc6, //0x00005558 .quad -4174267146649952806
	0x04, 0x22, 0xf5, 0x83, 0xbd, 0xdd, 0x83, 0x3a, //0x00005560 .quad 4216457482181353988
	0x51, 0xc5, 0xee, 0xd3, 0xae, 0x87, 0x96, 0xf7, //0x00005568 .quad -606147914885053103
	0x42, 0x35, 0x79, 0x72, 0x96, 0x6a, 0x92, 0xc4, //0x00005570 .quad -4282243101277735614
	0x52, 0x3b, 0x75, 0x44, 0xcd, 0x14, 0xbe, 0x9a, //0x00005578 .quad -7296371474444240046
	0x93, 0x82, 0x17, 0x0f, 0x3c, 0x05, 0xb7, 0x75, //0x00005580 .quad 8482254178684994195
	0x27, 0x8a, 0x92, 0x95, 0x00, 0x9a, 0x6d, 0xc1, //0x00005588 .quad -4508778324627912153
	0x38, 0x63, 0xdd, 0x12, 0x8b, 0xc6, 0x24, 0x53, //0x00005590 .quad 5991131704928854840
	0xb1, 0x2c, 0xf7, 0xba, 0x80, 0x00, 0xc9, 0xf1, //0x00005598 .quad -1024286887357502287
	0x03, 0x5e, 0xca, 0xeb, 0x16, 0xfc, 0xf6, 0xd3, //0x000055a0 .quad -3173071712060547581
	0xee, 0x7b, 0xda, 0x74, 0x50, 0xa0, 0x1d, 0x97, //0x000055a8 .quad -7557708332239520786
	0x84, 0xf5, 0xbc, 0xa6, 0x1c, 0xbb, 0xf4, 0x88, //0x000055b0 .quad -8578025658503072380
	0xea, 0x1a, 0x11, 0x92, 0x64, 0x08, 0xe5, 0xbc, //0x000055b8 .quad -4835449396872013078
	0xe5, 0x32, 0x6c, 0xd0, 0xe3, 0xe9, 0x31, 0x2b, //0x000055c0 .quad 3112525982153323237
	0xa5, 0x61, 0x95, 0xb6, 0x7d, 0x4a, 0x1e, 0xec, //0x000055c8 .quad -1432625727662628443
	0xcf, 0x9f, 0x43, 0x62, 0x2e, 0x32, 0xff, 0x3a, //0x000055d0 .quad 4251171748059520975
	0x07, 0x5d, 0x1d, 0x92, 0x8e, 0xee, 0x92, 0x93, //0x000055d8 .quad -7812920107430224633
	0xc2, 0x87, 0xd4, 0xfa, 0xb9, 0xfe, 0xbe, 0x09, //0x000055e0 .quad 702278666647013314
	0x49, 0xb4, 0xa4, 0x36, 0x32, 0xaa, 0x77, 0xb8, //0x000055e8 .quad -5154464115860392887
	0xb3, 0xa9, 0x89, 0x79, 0x68, 0xbe, 0x2e, 0x4c, //0x000055f0 .quad 5489534351736154547
	0x5b, 0xe1, 0x4d, 0xc4, 0xbe, 0x94, 0x95, 0xe6, //0x000055f8 .quad -1831394126398103205
	0x10, 0x0a, 0xf6, 0x4b, 0x01, 0x37, 0x9d, 0x0f, //0x00005600 .quad 1125115960621402640
	0xd9, 0xac, 0xb0, 0x3a, 0xf7, 0x7c, 0x1d, 0x90, //0x00005608 .quad -8062150356639896359
	0x94, 0x8c, 0xf3, 0x9e, 0xc1, 0x84, 0x84, 0x53, //0x00005610 .quad 6018080969204141204
	0x0f, 0xd8, 0x5c, 0x09, 0x35, 0xdc, 0x24, 0xb4, //0x00005618 .quad -5466001927372482545
	0xb9, 0x6f, 0xb0, 0x06, 0xf2, 0xa5, 0x65, 0x28, //0x00005620 .quad 2910915193077788601
	0x13, 0x0e, 0xb4, 0x4b, 0x42, 0x13, 0x2e, 0xe1, //0x00005628 .quad -2220816390788215277
	0xd3, 0x45, 0x2e, 0x44, 0xb7, 0x87, 0x3f, 0xf9, //0x00005630 .quad -486521013540076077
	0xcb, 0x88, 0x50, 0x6f, 0x09, 0xcc, 0xbc, 0x8c, //0x00005638 .quad -8305539271883716405
	0x48, 0xd7, 0x39, 0x15, 0xa5, 0x69, 0x8f, 0xf7, //0x00005640 .quad -608151266925095096
	0xfe, 0xaa, 0x24, 0xcb, 0x0b, 0xff, 0xeb, 0xaf, //0x00005648 .quad -5770238071427257602
	0x1b, 0x4d, 0x88, 0x5a, 0x0e, 0x44, 0x73, 0xb5, //0x00005650 .quad -5371875102083756773
	0xbe, 0xd5, 0xed, 0xbd, 0xce, 0xfe, 0xe6, 0xdb, //0x00005658 .quad -2601111570856684098
	0x30, 0x30, 0x95, 0xf8, 0x88, 0x0a, 0x68, 0x31, //0x00005660 .quad 3560107088838733872
	0x97, 0xa5, 0xb4, 0x36, 0x41, 0x5f, 0x70, 0x89, //0x00005668 .quad -8543223759426509417
	0x3d, 0x7c, 0xba, 0x36, 0x2b, 0x0d, 0xc2, 0xfd, //0x00005670 .quad -161552157378970563
	0xfc, 0xce, 0x61, 0x84, 0x11, 0x77, 0xcc, 0xab, //0x00005678 .quad -6067343680855748868
	0x4c, 0x1b, 0x69, 0x04, 0x76, 0x90, 0x32, 0x3d, //0x00005680 .quad 4409745821703674700
	0xbc, 0x42, 0x7a, 0xe5, 0xd5, 0x94, 0xbf, 0xd6, //0x00005688 .quad -2972493582642298180
	0x0f, 0xb1, 0xc1, 0xc2, 0x49, 0x9a, 0x3f, 0xa6, //0x00005690 .quad -6467280898289979121
	0xb5, 0x69, 0x6c, 0xaf, 0x05, 0xbd, 0x37, 0x86, //0x00005698 .quad -8775337516792518219
	0x53, 0x1d, 0x72, 0x33, 0xdc, 0x80, 0xcf, 0x0f, //0x000056a0 .quad 1139270913992301907
	0x23, 0x84, 0x47, 0x1b, 0x47, 0xac, 0xc5, 0xa7, //0x000056a8 .quad -6357485877563259869
	0xa8, 0xa4, 0x4e, 0x40, 0x13, 0x61, 0xc3, 0xd3, //0x000056b0 .quad -3187597375937010520
	0x2b, 0x65, 0x19, 0xe2, 0x58, 0x17, 0xb7, 0xd1, //0x000056b8 .quad -3335171328526686933
	0xe9, 0x26, 0x31, 0x08, 0xac, 0x1c, 0x5a, 0x64, //0x000056c0 .quad 7231123676894144233
	0x3b, 0xdf, 0x4f, 0x8d, 0x97, 0x6e, 0x12, 0x83, //0x000056c8 .quad -9002011107970261189
	0xa3, 0x70, 0x3d, 0x0a, 0xd7, 0xa3, 0x70, 0x3d, //0x000056d0 .quad 4427218577690292387
	0x0a, 0xd7, 0xa3, 0x70, 0x3d, 0x0a, 0xd7, 0xa3, //0x000056d8 .quad -6640827866535438582
	0xcc, 0xcc, 0xcc, 0xcc, 0xcc, 0xcc, 0xcc, 0xcc, 0xcc, 0xcc, 0xcc, 0xcc, 0xcc, 0xcc, 0xcc, 0xcc, //0x000056e0 QUAD $0xcccccccccccccccc; QUAD $0xcccccccccccccccc  // .space 16, '\xcc\xcc\xcc\xcc\xcc\xcc\xcc\xcc\xcc\xcc\xcc\xcc\xcc\xcc\xcc\xcc'
	0x00, 0x00, 0x00, 0x00, 0x00, 0x00, 0x00, 0x00, //0x000056f0 .quad 0
	0x00, 0x00, 0x00, 0x00, 0x00, 0x00, 0x00, 0x80, //0x000056f8 .quad -9223372036854775808
	0x00, 0x00, 0x00, 0x00, 0x00, 0x00, 0x00, 0x00, //0x00005700 .quad 0
	0x00, 0x00, 0x00, 0x00, 0x00, 0x00, 0x00, 0xa0, //0x00005708 .quad -6917529027641081856
	0x00, 0x00, 0x00, 0x00, 0x00, 0x00, 0x00, 0x00, //0x00005710 .quad 0
	0x00, 0x00, 0x00, 0x00, 0x00, 0x00, 0x00, 0xc8, //0x00005718 .quad -4035225266123964416
	0x00, 0x00, 0x00, 0x00, 0x00, 0x00, 0x00, 0x00, //0x00005720 .quad 0
	0x00, 0x00, 0x00, 0x00, 0x00, 0x00, 0x00, 0xfa, //0x00005728 .quad -432345564227567616
	0x00, 0x00, 0x00, 0x00, 0x00, 0x00, 0x00, 0x00, //0x00005730 .quad 0
	0x00, 0x00, 0x00, 0x00, 0x00, 0x00, 0x40, 0x9c, //0x00005738 .quad -7187745005283311616
	0x00, 0x00, 0x00, 0x00, 0x00, 0x00, 0x00, 0x00, //0x00005740 .quad 0
	0x00, 0x00, 0x00, 0x00, 0x00, 0x00, 0x50, 0xc3, //0x00005748 .quad -4372995238176751616
	0x00, 0x00, 0x00, 0x00, 0x00, 0x00, 0x00, 0x00, //0x00005750 .quad 0
	0x00, 0x00, 0x00, 0x00, 0x00, 0x00, 0x24, 0xf4, //0x00005758 .quad -854558029293551616
	0x00, 0x00, 0x00, 0x00, 0x00, 0x00, 0x00, 0x00, //0x00005760 .quad 0
	0x00, 0x00, 0x00, 0x00, 0x00, 0x80, 0x96, 0x98, //0x00005768 .quad -7451627795949551616
	0x00, 0x00, 0x00, 0x00, 0x00, 0x00, 0x00, 0x00, //0x00005770 .quad 0
	0x00, 0x00, 0x00, 0x00, 0x00, 0x20, 0xbc, 0xbe, //0x00005778 .quad -4702848726509551616
	0x00, 0x00, 0x00, 0x00, 0x00, 0x00, 0x00, 0x00, //0x00005780 .quad 0
	0x00, 0x00, 0x00, 0x00, 0x00, 0x28, 0x6b, 0xee, //0x00005788 .quad -1266874889709551616
	0x00, 0x00, 0x00, 0x00, 0x00, 0x00, 0x00, 0x00, //0x00005790 .quad 0
	0x00, 0x00, 0x00, 0x00, 0x00, 0xf9, 0x02, 0x95, //0x00005798 .quad -7709325833709551616
	0x00, 0x00, 0x00, 0x00, 0x00, 0x00, 0x00, 0x00, //0x000057a0 .quad 0
	0x00, 0x00, 0x00, 0x00, 0x40, 0xb7, 0x43, 0xba, //0x000057a8 .quad -5024971273709551616
	0x00, 0x00, 0x00, 0x00, 0x00, 0x00, 0x00, 0x00, //0x000057b0 .quad 0
	0x00, 0x00, 0x00, 0x00, 0x10, 0xa5, 0xd4, 0xe8, //0x000057b8 .quad -1669528073709551616
	0x00, 0x00, 0x00, 0x00, 0x00, 0x00, 0x00, 0x00, //0x000057c0 .quad 0
	0x00, 0x00, 0x00, 0x00, 0x2a, 0xe7, 0x84, 0x91, //0x000057c8 .quad -7960984073709551616
	0x00, 0x00, 0x00, 0x00, 0x00, 0x00, 0x00, 0x00, //0x000057d0 .quad 0
	0x00, 0x00, 0x00, 0x80, 0xf4, 0x20, 0xe6, 0xb5, //0x000057d8 .quad -5339544073709551616
	0x00, 0x00, 0x00, 0x00, 0x00, 0x00, 0x00, 0x00, //0x000057e0 .quad 0
	0x00, 0x00, 0x00, 0xa0, 0x31, 0xa9, 0x5f, 0xe3, //0x000057e8 .quad -2062744073709551616
	0x00, 0x00, 0x00, 0x00, 0x00, 0x00, 0x00, 0x00, //0x000057f0 .quad 0
	0x00, 0x00, 0x00, 0x04, 0xbf, 0xc9, 0x1b, 0x8e, //0x000057f8 .quad -8206744073709551616
	0x00, 0x00, 0x00, 0x00, 0x00, 0x00, 0x00, 0x00, //0x00005800 .quad 0
	0x00, 0x00, 0x00, 0xc5, 0x2e, 0xbc, 0xa2, 0xb1, //0x00005808 .quad -5646744073709551616
	0x00, 0x00, 0x00, 0x00, 0x00, 0x00, 0x00, 0x00, //0x00005810 .quad 0
	0x00, 0x00, 0x40, 0x76, 0x3a, 0x6b, 0x0b, 0xde, //0x00005818 .quad -2446744073709551616
	0x00, 0x00, 0x00, 0x00, 0x00, 0x00, 0x00, 0x00, //0x00005820 .quad 0
	0x00, 0x00, 0xe8, 0x89, 0x04, 0x23, 0xc7, 0x8a, //0x00005828 .quad -8446744073709551616
	0x00, 0x00, 0x00, 0x00, 0x00, 0x00, 0x00, 0x00, //0x00005830 .quad 0
	0x00, 0x00, 0x62, 0xac, 0xc5, 0xeb, 0x78, 0xad, //0x00005838 .quad -5946744073709551616
	0x00, 0x00, 0x00, 0x00, 0x00, 0x00, 0x00, 0x00, //0x00005840 .quad 0
	0x00, 0x80, 0x7a, 0x17, 0xb7, 0x26, 0xd7, 0xd8, //0x00005848 .quad -2821744073709551616
	0x00, 0x00, 0x00, 0x00, 0x00, 0x00, 0x00, 0x00, //0x00005850 .quad 0
	0x00, 0x90, 0xac, 0x6e, 0x32, 0x78, 0x86, 0x87, //0x00005858 .quad -8681119073709551616
	0x00, 0x00, 0x00, 0x00, 0x00, 0x00, 0x00, 0x00, //0x00005860 .quad 0
	0x00, 0xb4, 0x57, 0x0a, 0x3f, 0x16, 0x68, 0xa9, //0x00005868 .quad -6239712823709551616
	0x00, 0x00, 0x00, 0x00, 0x00, 0x00, 0x00, 0x00, //0x00005870 .quad 0
	0x00, 0xa1, 0xed, 0xcc, 0xce, 0x1b, 0xc2, 0xd3, //0x00005878 .quad -3187955011209551616
	0x00, 0x00, 0x00, 0x00, 0x00, 0x00, 0x00, 0x00, //0x00005880 .quad 0
	0xa0, 0x84, 0x14, 0x40, 0x61, 0x51, 0x59, 0x84, //0x00005888 .quad -8910000909647051616
	0x00, 0x00, 0x00, 0x00, 0x00, 0x00, 0x00, 0x00, //0x00005890 .quad 0
	0xc8, 0xa5, 0x19, 0x90, 0xb9, 0xa5, 0x6f, 0xa5, //0x00005898 .quad -6525815118631426616
	0x00, 0x00, 0x00, 0x00, 0x00, 0x00, 0x00, 0x00, //0x000058a0 .quad 0
	0x3a, 0x0f, 0x20, 0xf4, 0x27, 0x8f, 0xcb, 0xce, //0x000058a8 .quad -3545582879861895366
	0x00, 0x00, 0x00, 0x00, 0x00, 0x00, 0x00, 0x40, //0x000058b0 .quad 4611686018427387904
	0x84, 0x09, 0x94, 0xf8, 0x78, 0x39, 0x3f, 0x81, //0x000058b8 .quad -9133518327554766460
	0x00, 0x00, 0x00, 0x00, 0x00, 0x00, 0x00, 0x50, //0x000058c0 .quad 5764607523034234880
	0xe5, 0x0b, 0xb9, 0x36, 0xd7, 0x07, 0x8f, 0xa1, //0x000058c8 .quad -6805211891016070171
	0x00, 0x00, 0x00, 0x00, 0x00, 0x00, 0x00, 0xa4, //0x000058d0 .quad -6629298651489370112
	0xde, 0x4e, 0x67, 0x04, 0xcd, 0xc9, 0xf2, 0xc9, //0x000058d8 .quad -3894828845342699810
	0x00, 0x00, 0x00, 0x00, 0x00, 0x00, 0x00, 0x4d, //0x000058e0 .quad 5548434740920451072
	0x96, 0x22, 0x81, 0x45, 0x40, 0x7c, 0x6f, 0xfc, //0x000058e8 .quad -256850038250986858
	0x00, 0x00, 0x00, 0x00, 0x00, 0x00, 0x20, 0xf0, //0x000058f0 .quad -1143914305352105984
	0x9d, 0xb5, 0x70, 0x2b, 0xa8, 0xad, 0xc5, 0x9d, //0x000058f8 .quad -7078060301547948643
	0x00, 0x00, 0x00, 0x00, 0x00, 0x00, 0x28, 0x6c, //0x00005900 .quad 7793479155164643328
	0x05, 0xe3, 0x4c, 0x36, 0x12, 0x19, 0x37, 0xc5, //0x00005908 .quad -4235889358507547899
	0x00, 0x00, 0x00, 0x00, 0x00, 0x00, 0x32, 0xc7, //0x00005910 .quad -4093209111326359552
	0xc6, 0x1b, 0xe0, 0xc3, 0x56, 0xdf, 0x84, 0xf6, //0x00005918 .quad -683175679707046970
	0x00, 0x00, 0x00, 0x00, 0x00, 0x40, 0x7f, 0x3c, //0x00005920 .quad 4359273333062107136
	0x5c, 0x11, 0x6c, 0x3a, 0x96, 0x0b, 0x13, 0x9a, //0x00005928 .quad -7344513827457986212
	0x00, 0x00, 0x00, 0x00, 0x00, 0x10, 0x9f, 0x4b, //0x00005930 .quad 5449091666327633920
	0xb3, 0x15, 0x07, 0xc9, 0x7b, 0xce, 0x97, 0xc0, //0x00005938 .quad -4568956265895094861
	0x00, 0x00, 0x00, 0x00, 0x00, 0xd4, 0x86, 0x1e, //0x00005940 .quad 2199678564482154496
	0x20, 0xdb, 0x48, 0xbb, 0x1a, 0xc2, 0xbd, 0xf0, //0x00005948 .quad -1099509313941480672
	0x00, 0x00, 0x00, 0x00, 0x80, 0x44, 0x14, 0x13, //0x00005950 .quad 1374799102801346560
	0xf4, 0x88, 0x0d, 0xb5, 0x50, 0x99, 0x76, 0x96, //0x00005958 .quad -7604722348854507276
	0x00, 0x00, 0x00, 0x00, 0xa0, 0x55, 0xd9, 0x17, //0x00005960 .quad 1718498878501683200
	0x31, 0xeb, 0x50, 0xe2, 0xa4, 0x3f, 0x14, 0xbc, //0x00005968 .quad -4894216917640746191
	0x00, 0x00, 0x00, 0x00, 0x08, 0xab, 0xcf, 0x5d, //0x00005970 .quad 6759809616554491904
	0xfd, 0x25, 0xe5, 0x1a, 0x8e, 0x4f, 0x19, 0xeb, //0x00005978 .quad -1506085128623544835
	0x00, 0x00, 0x00, 0x00, 0xe5, 0xca, 0xa1, 0x5a, //0x00005980 .quad 6530724019560251392
	0xbe, 0x37, 0xcf, 0xd0, 0xb8, 0xd1, 0xef, 0x92, //0x00005988 .quad -7858832233030797378
	0x00, 0x00, 0x00, 0x40, 0x9e, 0x3d, 0x4a, 0xf1, //0x00005990 .quad -1059967012404461568
	0xad, 0x05, 0x03, 0x05, 0x27, 0xc6, 0xab, 0xb7, //0x00005998 .quad -5211854272861108819
	0x00, 0x00, 0x00, 0xd0, 0x05, 0xcd, 0x9c, 0x6d, //0x000059a0 .quad 7898413271349198848
	0x19, 0xc7, 0x43, 0xc6, 0xb0, 0xb7, 0x96, 0xe5, //0x000059a8 .quad -1903131822648998119
	0x00, 0x00, 0x00, 0xa2, 0x23, 0x00, 0x82, 0xe4, //0x000059b0 .quad -1981020733047832576
	0x6f, 0x5c, 0xea, 0x7b, 0xce, 0x32, 0x7e, 0x8f, //0x000059b8 .quad -8106986416796705681
	0x00, 0x00, 0x80, 0x8a, 0x2c, 0x80, 0xa2, 0xdd, //0x000059c0 .quad -2476275916309790720
	0x8b, 0xf3, 0xe4, 0x1a, 0x82, 0xbf, 0x5d, 0xb3, //0x000059c8 .quad -5522047002568494197
	0x00, 0x00, 0x20, 0xad, 0x37, 0x20, 0x0b, 0xd5, //0x000059d0 .quad -3095344895387238400
	0x6e, 0x30, 0x9e, 0xa1, 0x62, 0x2f, 0x35, 0xe0, //0x000059d8 .quad -2290872734783229842
	0x00, 0x00, 0x34, 0xcc, 0x22, 0xf4, 0x26, 0x45, //0x000059e0 .quad 4982938468024057856
	0x45, 0xde, 0x02, 0xa5, 0x9d, 0x3d, 0x21, 0x8c, //0x000059e8 .quad -8349324486880600507
	0x00, 0x00, 0x41, 0x7f, 0x2b, 0xb1, 0x70, 0x96, //0x000059f0 .quad -7606384970252091392
	0xd6, 0x95, 0x43, 0x0e, 0x05, 0x8d, 0x29, 0xaf, //0x000059f8 .quad -5824969590173362730
	0x00, 0x40, 0x11, 0x5f, 0x76, 0xdd, 0x0c, 0x3c, //0x00005a00 .quad 4327076842467049472
	0x4c, 0x7b, 0xd4, 0x51, 0x46, 0xf0, 0xf3, 0xda, //0x00005a08 .quad -2669525969289315508
	0x00, 0xc8, 0x6a, 0xfb, 0x69, 0x0a, 0x88, 0xa5, //0x00005a10 .quad -6518949010312869888
	0x0f, 0xcd, 0x24, 0xf3, 0x2b, 0x76, 0xd8, 0x88, //0x00005a18 .quad -8585982758446904049
	0x00, 0x7a, 0x45, 0x7a, 0x04, 0x0d, 0xea, 0x8e, //0x00005a20 .quad -8148686262891087360
	0x53, 0x00, 0xee, 0xef, 0xb6, 0x93, 0x0e, 0xab, //0x00005a28 .quad -6120792429631242157
	0x80, 0xd8, 0xd6, 0x98, 0x45, 0x90, 0xa4, 0x72, //0x00005a30 .quad 8260886245095692416
	0x68, 0x80, 0xe9, 0xab, 0xa4, 0x38, 0xd2, 0xd5, //0x00005a38 .quad -3039304518611664792
	0x50, 0x47, 0x86, 0x7f, 0x2b, 0xda, 0xa6, 0x47, //0x00005a40 .quad 5163053903184807760
	0x41, 0xf0, 0x71, 0xeb, 0x66, 0x63, 0xa3, 0x85, //0x00005a48 .quad -8817094351773372351
	0x24, 0xd9, 0x67, 0x5f, 0xb6, 0x90, 0x90, 0x99, //0x00005a50 .quad -7381240676301154012
	0x51, 0x6c, 0x4e, 0xa6, 0x40, 0x3c, 0x0c, 0xa7, //0x00005a58 .quad -6409681921289327535
	0x6d, 0xcf, 0x41, 0xf7, 0xe3, 0xb4, 0xf4, 0xff, //0x00005a60 .quad -3178808521666707
	0x65, 0x07, 0xe2, 0xcf, 0x50, 0x4b, 0xcf, 0xd0, //0x00005a68 .quad -3400416383184271515
	0xa4, 0x21, 0x89, 0x7a, 0x0e, 0xf1, 0xf8, 0xbf, //0x00005a70 .quad -4613672773753429596
	0x9f, 0x44, 0xed, 0x81, 0x12, 0x8f, 0x81, 0x82, //0x00005a78 .quad -9042789267131251553
	0x0d, 0x6a, 0x2b, 0x19, 0x52, 0x2d, 0xf7, 0xaf, //0x00005a80 .quad -5767090967191786995
	0xc7, 0x95, 0x68, 0x22, 0xd7, 0xf2, 0x21, 0xa3, //0x00005a88 .quad -6691800565486676537
	0x90, 0x44, 0x76, 0x9f, 0xa6, 0xf8, 0xf4, 0x9b, //0x00005a90 .quad -7208863708989733744
	0x39, 0xbb, 0x02, 0xeb, 0x8c, 0x6f, 0xea, 0xcb, //0x00005a98 .quad -3753064688430957767
	0xb4, 0xd5, 0x53, 0x47, 0xd0, 0x36, 0xf2, 0x02, //0x00005aa0 .quad 212292400617608628
	0x08, 0x6a, 0xc3, 0x25, 0x70, 0x0b, 0xe5, 0xfe, //0x00005aa8 .quad -79644842111309304
	0x90, 0x65, 0x94, 0x2c, 0x42, 0x62, 0xd7, 0x01, //0x00005ab0 .quad 132682750386005392
	0x45, 0x22, 0x9a, 0x17, 0x26, 0x27, 0x4f, 0x9f, //0x00005ab8 .quad -6967307053960650171
	0xf5, 0x7e, 0xb9, 0xb7, 0xd2, 0x3a, 0x4d, 0x42, //0x00005ac0 .quad 4777539456409894645
	0xd6, 0xaa, 0x80, 0x9d, 0xef, 0xf0, 0x22, 0xc7, //0x00005ac8 .quad -4097447799023424810
	0xb2, 0xde, 0xa7, 0x65, 0x87, 0x89, 0xe0, 0xd2, //0x00005ad0 .quad -3251447716342407502
	0x8b, 0xd5, 0xe0, 0x84, 0x2b, 0xad, 0xeb, 0xf8, //0x00005ad8 .quad -510123730351893109
	0x2f, 0xeb, 0x88, 0x9f, 0xf4, 0x55, 0xcc, 0x63, //0x00005ae0 .quad 7191217214140771119
	0x77, 0x85, 0x0c, 0x33, 0x3b, 0x4c, 0x93, 0x9b, //0x00005ae8 .quad -7236356359111015049
	0xfb, 0x25, 0x6b, 0xc7, 0x71, 0x6b, 0xbf, 0x3c, //0x00005af0 .quad 4377335499248575995
	0xd5, 0xa6, 0xcf, 0xff, 0x49, 0x1f, 0x78, 0xc2, //0x00005af8 .quad -4433759430461380907
	0x7a, 0xef, 0x45, 0x39, 0x4e, 0x46, 0xef, 0x8b, //0x00005b00 .quad -8363388681221443718
	0x8a, 0x90, 0xc3, 0x7f, 0x1c, 0x27, 0x16, 0xf3, //0x00005b08 .quad -930513269649338230
	0xac, 0xb5, 0xcb, 0xe3, 0xf0, 0x8b, 0x75, 0x97, //0x00005b10 .quad -7532960934977096276
	0x56, 0x3a, 0xda, 0xcf, 0x71, 0xd8, 0xed, 0x97, //0x00005b18 .quad -7499099821171918250
	0x17, 0xa3, 0xbe, 0x1c, 0xed, 0xee, 0x52, 0x3d, //0x00005b20 .quad 4418856886560793367
	0xec, 0xc8, 0xd0, 0x43, 0x8e, 0x4e, 0xe9, 0xbd, //0x00005b28 .quad -4762188758037509908
	0xdd, 0x4b, 0xee, 0x63, 0xa8, 0xaa, 0xa7, 0x4c, //0x00005b30 .quad 5523571108200991709
	0x27, 0xfb, 0xc4, 0xd4, 0x31, 0xa2, 0x63, 0xed, //0x00005b38 .quad -1341049929119499481
	0x6a, 0xef, 0x74, 0x3e, 0xa9, 0xca, 0xe8, 0x8f, //0x00005b40 .quad -8076983103442849942
	0xf8, 0x1c, 0xfb, 0x24, 0x5f, 0x45, 0x5e, 0x94, //0x00005b48 .quad -7755685233340769032
	0x44, 0x2b, 0x12, 0x8e, 0x53, 0xfd, 0xe2, 0xb3, //0x00005b50 .quad -5484542860876174524
	0x36, 0xe4, 0x39, 0xee, 0xb6, 0xd6, 0x75, 0xb9, //0x00005b58 .quad -5082920523248573386
	0x16, 0xb6, 0x96, 0x71, 0xa8, 0xbc, 0xdb, 0x60, //0x00005b60 .quad 6979379479186945558
	0x44, 0x5d, 0xc8, 0xa9, 0x64, 0x4c, 0xd3, 0xe7, //0x00005b68 .quad -1741964635633328828
	0xcd, 0x31, 0xfe, 0x46, 0xe9, 0x55, 0x89, 0xbc, //0x00005b70 .quad -4861259862362934835
	0x4a, 0x3a, 0x1d, 0xea, 0xbe, 0x0f, 0xe4, 0x90, //0x00005b78 .quad -8006256924911912374
	0x41, 0xbe, 0xbd, 0x98, 0x63, 0xab, 0xab, 0x6b, //0x00005b80 .quad 7758483227328495169
	0xdd, 0x88, 0xa4, 0xa4, 0xae, 0x13, 0x1d, 0xb5, //0x00005b88 .quad -5396135137712502563
	0xd1, 0x2d, 0xed, 0x7e, 0x3c, 0x96, 0x96, 0xc6, //0x00005b90 .quad -4136954021121544751
	0x14, 0xab, 0xcd, 0x4d, 0x9a, 0x58, 0x64, 0xe2, //0x00005b98 .quad -2133482903713240300
	0xa2, 0x3c, 0x54, 0xcf, 0xe5, 0x1d, 0x1e, 0xfc, //0x00005ba0 .quad -279753253987271518
	0xec, 0x8a, 0xa0, 0x70, 0x60, 0xb7, 0x7e, 0x8d, //0x00005ba8 .quad -8250955842461857044
	0xcb, 0x4b, 0x29, 0x43, 0x5f, 0xa5, 0x25, 0x3b, //0x00005bb0 .quad 4261994450943298507
	0xa8, 0xad, 0xc8, 0x8c, 0x38, 0x65, 0xde, 0xb0, //0x00005bb8 .quad -5702008784649933400
	0xbe, 0x9e, 0xf3, 0x13, 0xb7, 0x0e, 0xef, 0x49, //0x00005bc0 .quad 5327493063679123134
	0x12, 0xd9, 0xfa, 0xaf, 0x86, 0xfe, 0x15, 0xdd, //0x00005bc8 .quad -2515824962385028846
	0x37, 0x43, 0x78, 0x6c, 0x32, 0x69, 0x35, 0x6e, //0x00005bd0 .quad 7941369183226839863
	0xab, 0xc7, 0xfc, 0x2d, 0x14, 0xbf, 0x2d, 0x8a, //0x00005bd8 .quad -8489919629131724885
	0x04, 0x54, 0x96, 0x07, 0x7f, 0xc3, 0xc2, 0x49, //0x00005be0 .quad 5315025460606161924
	0x96, 0xf9, 0x7b, 0x39, 0xd9, 0x2e, 0xb9, 0xac, //0x00005be8 .quad -6000713517987268202
	0x06, 0xe9, 0x7b, 0xc9, 0x5e, 0x74, 0x33, 0xdc, //0x00005bf0 .quad -2579590211097073402
	0xfb, 0xf7, 0xda, 0x87, 0x8f, 0x7a, 0xe7, 0xd7, //0x00005bf8 .quad -2889205879056697349
	0xa3, 0x71, 0xed, 0x3d, 0xbb, 0x28, 0xa0, 0x69, //0x00005c00 .quad 7611128154919104931
	0xfd, 0xda, 0xe8, 0xb4, 0x99, 0xac, 0xf0, 0x86, //0x00005c08 .quad -8723282702051517699
	0x0c, 0xce, 0x68, 0x0d, 0xea, 0x32, 0x08, 0xc4, //0x00005c10 .quad -4321147861633282548
	0xbc, 0x11, 0x23, 0x22, 0xc0, 0xd7, 0xac, 0xa8, //0x00005c18 .quad -6292417359137009220
	0x90, 0x01, 0xc3, 0x90, 0xa4, 0x3f, 0x0a, 0xf5, //0x00005c20 .quad -789748808614215280
	0x2b, 0xd6, 0xab, 0x2a, 0xb0, 0x0d, 0xd8, 0xd2, //0x00005c28 .quad -3253835680493873621
	0xfa, 0xe0, 0x79, 0xda, 0xc6, 0x67, 0x26, 0x79, //0x00005c30 .quad 8729779031470891258
	0xdb, 0x65, 0xab, 0x1a, 0x8e, 0x08, 0xc7, 0x83, //0x00005c38 .quad -8951176327949752869
	0x38, 0x59, 0x18, 0x91, 0xb8, 0x01, 0x70, 0x57, //0x00005c40 .quad 6300537770911226168
	0x52, 0x3f, 0x56, 0xa1, 0xb1, 0xca, 0xb8, 0xa4, //0x00005c48 .quad -6577284391509803182
	0x86, 0x6f, 0x5e, 0xb5, 0x26, 0x02, 0x4c, 0xed, //0x00005c50 .quad -1347699823215743098
	0x26, 0xcf, 0xab, 0x09, 0x5e, 0xfd, 0xe6, 0xcd, //0x00005c58 .quad -3609919470959866074
	0xb4, 0x05, 0x5b, 0x31, 0x58, 0x81, 0x4f, 0x54, //0x00005c60 .quad 6075216638131242420
	0x78, 0x61, 0x0b, 0xc6, 0x5a, 0x5e, 0xb0, 0x80, //0x00005c68 .quad -9173728696990998152
	0x21, 0xc7, 0xb1, 0x3d, 0xae, 0x61, 0x63, 0x69, //0x00005c70 .quad 7594020797664053025
	0xd6, 0x39, 0x8e, 0x77, 0xf1, 0x75, 0xdc, 0xa0, //0x00005c78 .quad -6855474852811359786
	0xe9, 0x38, 0x1e, 0xcd, 0x19, 0x3a, 0xbc, 0x03, //0x00005c80 .quad 269153960225290473
	0x4c, 0xc8, 0x71, 0xd5, 0x6d, 0x93, 0x13, 0xc9, //0x00005c88 .quad -3957657547586811828
	0x23, 0xc7, 0x65, 0x40, 0xa0, 0x48, 0xab, 0x04, //0x00005c90 .quad 336442450281613091
	0x5f, 0x3a, 0xce, 0x4a, 0x49, 0x78, 0x58, 0xfb, //0x00005c98 .quad -335385916056126881
	0x76, 0x9c, 0x3f, 0x28, 0x64, 0x0d, 0xeb, 0x62, //0x00005ca0 .quad 7127805559067090038
	0x7b, 0xe4, 0xc0, 0xce, 0x2d, 0x4b, 0x17, 0x9d, //0x00005ca8 .quad -7127145225176161157
	0x94, 0x83, 0x4f, 0x32, 0xbd, 0xd0, 0xa5, 0x3b, //0x00005cb0 .quad 4298070930406474644
	0x9a, 0x1d, 0x71, 0x42, 0xf9, 0x1d, 0x5d, 0xc4, //0x00005cb8 .quad -4297245513042813542
	0x79, 0x64, 0xe3, 0x7e, 0xec, 0x44, 0x8f, 0xca, //0x00005cc0 .quad -3850783373846682503
	0x00, 0x65, 0x0d, 0x93, 0x77, 0x65, 0x74, 0xf5, //0x00005cc8 .quad -759870872876129024
	0xcb, 0x1e, 0x4e, 0xcf, 0x13, 0x8b, 0x99, 0x7e, //0x00005cd0 .quad 9122475437414293195
	0x20, 0x5f, 0xe8, 0xbb, 0x6a, 0xbf, 0x68, 0x99, //0x00005cd8 .quad -7392448323188662496
	0x7e, 0xa6, 0x21, 0xc3, 0xd8, 0xed, 0x3f, 0x9e, //0x00005ce0 .quad -7043649776941685122
	0xe8, 0x76, 0xe2, 0x6a, 0x45, 0xef, 0xc2, 0xbf, //0x00005ce8 .quad -4628874385558440216
	0x1e, 0x10, 0xea, 0xf3, 0x4e, 0xe9, 0xcf, 0xc5, //0x00005cf0 .quad -4192876202749718498
	0xa2, 0x14, 0x9b, 0xc5, 0x16, 0xab, 0xb3, 0xef, //0x00005cf8 .quad -1174406963520662366
	0x12, 0x4a, 0x72, 0x58, 0xd1, 0xf1, 0xa1, 0xbb, //0x00005d00 .quad -4926390635932268014
	0xe5, 0xec, 0x80, 0x3b, 0xee, 0x4a, 0xd0, 0x95, //0x00005d08 .quad -7651533379841495835
	0x97, 0xdc, 0x8e, 0xae, 0x45, 0x6e, 0x8a, 0x2a, //0x00005d10 .quad 3065383741939440791
	0x1f, 0x28, 0x61, 0xca, 0xa9, 0x5d, 0x44, 0xbb, //0x00005d18 .quad -4952730706374481889
	0xbd, 0x93, 0x32, 0x1a, 0xd7, 0x09, 0x2d, 0xf5, //0x00005d20 .quad -779956341003086915
	0x26, 0x72, 0xf9, 0x3c, 0x14, 0x75, 0x15, 0xea, //0x00005d28 .quad -1579227364540714458
	0x56, 0x9c, 0x5f, 0x70, 0x26, 0x26, 0x3c, 0x59, //0x00005d30 .quad 6430056314514152534
	0x58, 0xe7, 0x1b, 0xa6, 0x2c, 0x69, 0x4d, 0x92, //0x00005d38 .quad -7904546130479028392
	0x6c, 0x83, 0x77, 0x0c, 0xb0, 0x2f, 0x8b, 0x6f, //0x00005d40 .quad 8037570393142690668
	0x2e, 0xe1, 0xa2, 0xcf, 0x77, 0xc3, 0xe0, 0xb6, //0x00005d48 .quad -5268996644671397586
	0x47, 0x64, 0x95, 0x0f, 0x9c, 0xfb, 0x6d, 0x0b, //0x00005d50 .quad 823590954573587527
	0x7a, 0x99, 0x8b, 0xc3, 0x55, 0xf4, 0x98, 0xe4, //0x00005d58 .quad -1974559787411859078
	0xac, 0x5e, 0xbd, 0x89, 0x41, 0xbd, 0x24, 0x47, //0x00005d60 .quad 5126430365035880108
	0xec, 0x3f, 0x37, 0x9a, 0xb5, 0x98, 0xdf, 0x8e, //0x00005d68 .quad -8151628894773493780
	0x57, 0xb6, 0x2c, 0xec, 0x91, 0xec, 0xed, 0x58, //0x00005d70 .quad 6408037956294850135
	0xe7, 0x0f, 0xc5, 0x00, 0xe3, 0x7e, 0x97, 0xb2, //0x00005d78 .quad -5577850100039479321
	0xed, 0xe3, 0x37, 0x67, 0xb6, 0x67, 0x29, 0x2f, //0x00005d80 .quad 3398361426941174765
	0xe1, 0x53, 0xf6, 0xc0, 0x9b, 0x5e, 0x3d, 0xdf, //0x00005d88 .quad -2360626606621961247
	0x74, 0xee, 0x82, 0x00, 0xd2, 0xe0, 0x79, 0xbd, //0x00005d90 .quad -4793553135802847628
	0x6c, 0xf4, 0x99, 0x58, 0x21, 0x5b, 0x86, 0x8b, //0x00005d98 .quad -8392920656779807636
	0x11, 0xaa, 0xa3, 0x80, 0x06, 0x59, 0xd8, 0xec, //0x00005da0 .quad -1380255401326171631
	0x87, 0x71, 0xc0, 0xae, 0xe9, 0xf1, 0x67, 0xae, //0x00005da8 .quad -5879464802547371641
	0x95, 0x94, 0xcc, 0x20, 0x48, 0x6f, 0x0e, 0xe8, //0x00005db0 .quad -1725319251657714539
	0xe9, 0x8d, 0x70, 0x1a, 0x64, 0xee, 0x01, 0xda, //0x00005db8 .quad -2737644984756826647
	0xdd, 0xdc, 0x7f, 0x14, 0x8d, 0x05, 0x09, 0x31, //0x00005dc0 .quad 3533361486141316317
	0xb2, 0x58, 0x86, 0x90, 0xfe, 0x34, 0x41, 0x88, //0x00005dc8 .quad -8628557143114098510
	0x15, 0xd4, 0x9f, 0x59, 0xf0, 0x46, 0x4b, 0xbd, //0x00005dd0 .quad -4806670179178130411
	0xde, 0xee, 0xa7, 0x34, 0x3e, 0x82, 0x51, 0xaa, //0x00005dd8 .quad -6174010410465235234
	0x1a, 0xc9, 0x07, 0x70, 0xac, 0x18, 0x9e, 0x6c, //0x00005de0 .quad 7826720331309500698
	0x96, 0xea, 0xd1, 0xc1, 0xcd, 0xe2, 0xe5, 0xd4, //0x00005de8 .quad -3105826994654156138
	0xb0, 0xdd, 0x04, 0xc6, 0x6b, 0xcf, 0xe2, 0x03, //0x00005df0 .quad 280014188641050032
	0x9e, 0x32, 0x23, 0x99, 0xc0, 0xad, 0x0f, 0x85, //0x00005df8 .quad -8858670899299929442
	0x1c, 0x15, 0x86, 0xb7, 0x46, 0x83, 0xdb, 0x84, //0x00005e00 .quad -8873354301053463268
	0x45, 0xff, 0x6b, 0xbf, 0x30, 0x99, 0x53, 0xa6, //0x00005e08 .quad -6461652605697523899
	0x63, 0x9a, 0x67, 0x65, 0x18, 0x64, 0x12, 0xe6, //0x00005e10 .quad -1868320839462053277
	0x16, 0xff, 0x46, 0xef, 0x7c, 0x7f, 0xe8, 0xcf, //0x00005e18 .quad -3465379738694516970
	0x7e, 0xc0, 0x60, 0x3f, 0x8f, 0x7e, 0xcb, 0x4f, //0x00005e20 .quad 5749828502977298558
	0x6e, 0x5f, 0x8c, 0x15, 0xae, 0x4f, 0xf1, 0x81, //0x00005e28 .quad -9083391364325154962
	0x9d, 0xf0, 0x38, 0x0f, 0x33, 0x5e, 0xbe, 0xe3, //0x00005e30 .quad -2036086408133152611
	0x49, 0x77, 0xef, 0x9a, 0x99, 0xa3, 0x6d, 0xa2, //0x00005e38 .quad -6742553186979055799
	0xc5, 0x2c, 0x07, 0xd3, 0xbf, 0xf5, 0xad, 0x5c, //0x00005e40 .quad 6678264026688335045
	0x1c, 0x55, 0xab, 0x01, 0x80, 0x0c, 0x09, 0xcb, //0x00005e48 .quad -3816505465296431844
	0xf6, 0xf7, 0xc8, 0xc7, 0x2f, 0x73, 0xd9, 0x73, //0x00005e50 .quad 8347830033360418806
	0x63, 0x2a, 0x16, 0x02, 0xa0, 0x4f, 0xcb, 0xfd, //0x00005e58 .quad -158945813193151901
	0xfa, 0x9a, 0xdd, 0xdc, 0xfd, 0xe7, 0x67, 0x28, //0x00005e60 .quad 2911550761636567802
	0x7e, 0xda, 0x4d, 0x01, 0xc4, 0x11, 0x9f, 0x9e, //0x00005e68 .quad -7016870160886801794
	0xb8, 0x01, 0x15, 0x54, 0xfd, 0xe1, 0x81, 0xb2, //0x00005e70 .quad -5583933584809066056
	0x1d, 0x51, 0xa1, 0x01, 0x35, 0xd6, 0x46, 0xc6, //0x00005e78 .quad -4159401682681114339
	0x26, 0x42, 0x1a, 0xa9, 0x7c, 0x5a, 0x22, 0x1f, //0x00005e80 .quad 2243455055843443238
	0x65, 0xa5, 0x09, 0x42, 0xc2, 0x8b, 0xd8, 0xf7, //0x00005e88 .quad -587566084924005019
	0x58, 0x69, 0xb0, 0xe9, 0x8d, 0x78, 0x75, 0x33, //0x00005e90 .quad 3708002419115845976
	0x5f, 0x07, 0x46, 0x69, 0x59, 0x57, 0xe7, 0x9a, //0x00005e98 .quad -7284757830718584993
	0xae, 0x83, 0x1c, 0x64, 0xb1, 0xd6, 0x52, 0x00, //0x00005ea0 .quad 23317005467419566
	0x37, 0x89, 0x97, 0xc3, 0x2f, 0x2d, 0xa1, 0xc1, //0x00005ea8 .quad -4494261269970843337
	0x9a, 0xa4, 0x23, 0xbd, 0x5d, 0x8c, 0x67, 0xc0, //0x00005eb0 .quad -4582539761593113446
	0x84, 0x6b, 0x7d, 0xb4, 0x7b, 0x78, 0x09, 0xf2, //0x00005eb8 .quad -1006140569036166268
	0xe0, 0x46, 0x36, 0x96, 0xba, 0xb7, 0x40, 0xf8, //0x00005ec0 .quad -558244341782001952
	0x32, 0x63, 0xce, 0x50, 0x4d, 0xeb, 0x45, 0x97, //0x00005ec8 .quad -7546366883288685774
	0x98, 0xd8, 0xc3, 0x3b, 0xa9, 0xe5, 0x50, 0xb6, //0x00005ed0 .quad -5309491445654890344
	0xff, 0xfb, 0x01, 0xa5, 0x20, 0x66, 0x17, 0xbd, //0x00005ed8 .quad -4821272585683469313
	0xbe, 0xce, 0xb4, 0x8a, 0x13, 0x1f, 0xe5, 0xa3, //0x00005ee0 .quad -6636864307068612930
	0xff, 0x7a, 0x42, 0xce, 0xa8, 0x3f, 0x5d, 0xec, //0x00005ee8 .quad -1414904713676948737
	0x37, 0x01, 0xb1, 0x36, 0x6c, 0x33, 0x6f, 0xc6, //0x00005ef0 .quad -4148040191917883081
	0xdf, 0x8c, 0xe9, 0x80, 0xc9, 0x47, 0xba, 0x93, //0x00005ef8 .quad -7801844473689174817
	0x84, 0x41, 0x5d, 0x44, 0x47, 0x00, 0x0b, 0xb8, //0x00005f00 .quad -5185050239897353852
	0x17, 0xf0, 0x23, 0xe1, 0xbb, 0xd9, 0xa8, 0xb8, //0x00005f08 .quad -5140619573684080617
	0xe5, 0x91, 0x74, 0x15, 0x59, 0xc0, 0x0d, 0xa6, //0x00005f10 .quad -6481312799871692315
	0x1d, 0xec, 0x6c, 0xd9, 0x2a, 0x10, 0xd3, 0xe6, //0x00005f18 .quad -1814088448677712867
	0x2f, 0xdb, 0x68, 0xad, 0x37, 0x98, 0xc8, 0x87, //0x00005f20 .quad -8662506518347195601
	0x92, 0x13, 0xe4, 0xc7, 0x1a, 0xea, 0x43, 0x90, //0x00005f28 .quad -8051334308064652398
	0xfb, 0x11, 0xc3, 0x98, 0x45, 0xbe, 0xba, 0x29, //0x00005f30 .quad 3006924907348169211
	0x77, 0x18, 0xdd, 0x79, 0xa1, 0xe4, 0x54, 0xb4, //0x00005f38 .quad -5452481866653427593
	0x7a, 0xd6, 0xf3, 0xfe, 0xd6, 0x6d, 0x29, 0xf4, //0x00005f40 .quad -853029884242176390
	0x94, 0x5e, 0x54, 0xd8, 0xc9, 0x1d, 0x6a, 0xe1, //0x00005f48 .quad -2203916314889396588
	0x0c, 0x66, 0x58, 0x5f, 0xa6, 0xe4, 0x99, 0x18, //0x00005f50 .quad 1772699331562333708
	0x1d, 0xbb, 0x34, 0x27, 0x9e, 0x52, 0xe2, 0x8c, //0x00005f58 .quad -8294976724446954723
	0x8f, 0x7f, 0x2e, 0xf7, 0xcf, 0x5d, 0xc0, 0x5e, //0x00005f60 .quad 6827560182880305039
	0xe4, 0xe9, 0x01, 0xb1, 0x45, 0xe7, 0x1a, 0xb0, //0x00005f68 .quad -5757034887131305500
	0x73, 0x1f, 0xfa, 0xf4, 0x43, 0x75, 0x70, 0x76, //0x00005f70 .quad 8534450228600381299
	0x5d, 0x64, 0x42, 0x1d, 0x17, 0xa1, 0x21, 0xdc, //0x00005f78 .quad -2584607590486743971
	0xa8, 0x53, 0x1c, 0x79, 0x4a, 0x49, 0x06, 0x6a, //0x00005f80 .quad 7639874402088932264
	0xba, 0x7e, 0x49, 0x72, 0xae, 0x04, 0x95, 0x89, //0x00005f88 .quad -8532908771695296838
	0x92, 0x68, 0x63, 0x17, 0x9d, 0xdb, 0x87, 0x04, //0x00005f90 .quad 326470965756389522
	0x69, 0xde, 0xdb, 0x0e, 0xda, 0x45, 0xfa, 0xab, //0x00005f98 .quad -6054449946191733143
	0xb6, 0x42, 0x3c, 0x5d, 0x84, 0xd2, 0xa9, 0x45, //0x00005fa0 .quad 5019774725622874806
	0x03, 0xd6, 0x92, 0x92, 0x50, 0xd7, 0xf8, 0xd6, //0x00005fa8 .quad -2956376414312278525
	0xb2, 0xa9, 0x45, 0xba, 0x92, 0x23, 0x8a, 0x0b, //0x00005fb0 .quad 831516194300602802
	0xc2, 0xc5, 0x9b, 0x5b, 0x92, 0x86, 0x5b, 0x86, //0x00005fb8 .quad -8765264286586255934
	0x1e, 0x14, 0xd7, 0x68, 0x77, 0xac, 0x6c, 0x8e, //0x00005fc0 .quad -8183976793979022306
	0x32, 0xb7, 0x82, 0xf2, 0x36, 0x68, 0xf2, 0xa7, //0x00005fc8 .quad -6344894339805432014
	0x26, 0xd9, 0x0c, 0x43, 0x95, 0xd7, 0x07, 0x32, //0x00005fd0 .quad 3605087062808385830
	0xff, 0x64, 0x23, 0xaf, 0x44, 0x02, 0xef, 0xd1, //0x00005fd8 .quad -3319431906329402113
	0xb8, 0x07, 0xe8, 0x49, 0xbd, 0xe6, 0x44, 0x7f, //0x00005fe0 .quad 9170708441896323000
	0x1f, 0x1f, 0x76, 0xed, 0x6a, 0x61, 0x35, 0x83, //0x00005fe8 .quad -8992173969096958177
	0xa6, 0x09, 0x62, 0x9c, 0x6c, 0x20, 0x16, 0x5f, //0x00005ff0 .quad 6851699533943015846
	0xe7, 0xa6, 0xd3, 0xa8, 0xc5, 0xb9, 0x02, 0xa4, //0x00005ff8 .quad -6628531442943809817
	0x0f, 0x8c, 0x7a, 0xc3, 0x87, 0xa8, 0xdb, 0x36, //0x00006000 .quad 3952938399001381903
	0xa1, 0x90, 0x08, 0x13, 0x37, 0x68, 0x03, 0xcd, //0x00006008 .quad -3673978285252374367
	0x89, 0x97, 0x2c, 0xda, 0x54, 0x49, 0x49, 0xc2, //0x00006010 .quad -4446942528265218167
	0x64, 0x5a, 0xe5, 0x6b, 0x22, 0x21, 0x22, 0x80, //0x00006018 .quad -9213765455923815836
	0x6c, 0xbd, 0xb7, 0x10, 0xaa, 0x9b, 0xdb, 0xf2, //0x00006020 .quad -946992141904134804
	0xfd, 0xb0, 0xde, 0x06, 0x6b, 0xa9, 0x2a, 0xa0, //0x00006028 .quad -6905520801477381891
	0xc7, 0xac, 0xe5, 0x94, 0x94, 0x82, 0x92, 0x6f, //0x00006030 .quad 8039631859474607303
	0x3d, 0x5d, 0x96, 0xc8, 0xc5, 0x53, 0x35, 0xc8, //0x00006038 .quad -4020214983419339459
	0xf9, 0x17, 0x1f, 0xba, 0x39, 0x23, 0x77, 0xcb, //0x00006040 .quad -3785518230938904583
	0x8c, 0xf4, 0xbb, 0x3a, 0xb7, 0xa8, 0x42, 0xfa, //0x00006048 .quad -413582710846786420
	0xfb, 0x6e, 0x53, 0x14, 0x04, 0x76, 0x2a, 0xff, //0x00006050 .quad -60105885123121413
	0xd7, 0x78, 0xb5, 0x84, 0x72, 0xa9, 0x69, 0x9c, //0x00006058 .quad -7176018221920323369
	0xba, 0x4a, 0x68, 0x19, 0x85, 0x13, 0xf5, 0xfe, //0x00006060 .quad -75132356403901766
	0x0d, 0xd7, 0xe2, 0x25, 0xcf, 0x13, 0x84, 0xc3, //0x00006068 .quad -4358336758973016307
	0x69, 0x5d, 0xc2, 0x5f, 0x66, 0x58, 0xb2, 0x7e, //0x00006070 .quad 9129456591349898601
	0xd1, 0x8c, 0x5b, 0xef, 0xc2, 0x18, 0x65, 0xf4, //0x00006078 .quad -836234930288882479
	0x61, 0x7a, 0xd9, 0xfb, 0x3f, 0x77, 0x2f, 0xef, //0x00006080 .quad -1211618658047395231
	0x02, 0x38, 0x99, 0xd5, 0x79, 0x2f, 0xbf, 0x98, //0x00006088 .quad -7440175859071633406
	0xfa, 0xd8, 0xcf, 0xfa, 0x0f, 0x55, 0xfb, 0xaa, //0x00006090 .quad -6126209340986631942
	0x03, 0x86, 0xff, 0x4a, 0x58, 0xfb, 0xee, 0xbe, //0x00006098 .quad -4688533805412153853
	0x38, 0xcf, 0x83, 0xf9, 0x53, 0x2a, 0xba, 0x95, //0x000060a0 .quad -7657761676233289928
	0x84, 0x67, 0xbf, 0x5d, 0x2e, 0xba, 0xaa, 0xee, //0x000060a8 .quad -1248981238337804412
	0x83, 0x61, 0xf2, 0x7b, 0x74, 0x5a, 0x94, 0xdd, //0x000060b0 .quad -2480258038432112253
	0xb2, 0xa0, 0x97, 0xfa, 0x5c, 0xb4, 0x2a, 0x95, //0x000060b8 .quad -7698142301602209614
	0xe4, 0xf9, 0xee, 0x9a, 0x11, 0x71, 0xf9, 0x94, //0x000060c0 .quad -7712008566467528220
	0xdf, 0x88, 0x3d, 0x39, 0x74, 0x61, 0x75, 0xba, //0x000060c8 .quad -5010991858575374113
	0x5d, 0xb8, 0xaa, 0x01, 0x56, 0xcd, 0x37, 0x7a, //0x000060d0 .quad 8806733365625141341
	0x17, 0xeb, 0x8c, 0x47, 0xd1, 0xb9, 0x12, 0xe9, //0x000060d8 .quad -1652053804791829737
	0x3a, 0xb3, 0x0a, 0xc1, 0x55, 0xe0, 0x62, 0xac, //0x000060e0 .quad -6025006692552756422
	0xee, 0x12, 0xb8, 0xcc, 0x22, 0xb4, 0xab, 0x91, //0x000060e8 .quad -7950062655635975442
	0x09, 0x60, 0x4d, 0x31, 0x6b, 0x98, 0x7b, 0x57, //0x000060f0 .quad 6303799689591218185
	0xaa, 0x17, 0xe6, 0x7f, 0x2b, 0xa1, 0x16, 0xb6, //0x000060f8 .quad -5325892301117581398
	0x0b, 0xb8, 0xa0, 0xfd, 0x85, 0x7e, 0x5a, 0xed, //0x00006100 .quad -1343622424865753077
	0x94, 0x9d, 0xdf, 0x5f, 0x76, 0x49, 0x9c, 0xe3, //0x00006108 .quad -2045679357969588844
	0x07, 0x73, 0x84, 0xbe, 0x13, 0x8f, 0x58, 0x14, //0x00006110 .quad 1466078993672598279
	0x7d, 0xc2, 0xeb, 0xfb, 0xe9, 0xad, 0x41, 0x8e, //0x00006118 .quad -8196078626372074883
	0xc8, 0x8f, 0x25, 0xae, 0xd8, 0xb2, 0x6e, 0x59, //0x00006120 .quad 6444284760518135752
	0x1c, 0xb3, 0xe6, 0x7a, 0x64, 0x19, 0xd2, 0xb1, //0x00006128 .quad -5633412264537705700
	0xbb, 0xf3, 0xae, 0xd9, 0x8e, 0x5f, 0xca, 0x6f, //0x00006130 .quad 8055355950647669691
	0xe3, 0x5f, 0xa0, 0x99, 0xbd, 0x9f, 0x46, 0xde, //0x00006138 .quad -2430079312244744221
	0x54, 0x58, 0x0d, 0x48, 0xb9, 0x7b, 0xde, 0x25, //0x00006140 .quad 2728754459941099604
	0xee, 0x3b, 0x04, 0x80, 0xd6, 0x23, 0xec, 0x8a, //0x00006148 .quad -8436328597794046994
	0x6a, 0xae, 0x10, 0x9a, 0xa7, 0x1a, 0x56, 0xaf, //0x00006150 .quad -5812428961928401302
	0xe9, 0x4a, 0x05, 0x20, 0xcc, 0x2c, 0xa7, 0xad, //0x00006158 .quad -5933724728815170839
	0x04, 0xda, 0x94, 0x80, 0x51, 0xa1, 0x2b, 0x1b, //0x00006160 .quad 1957835834444274180
	0xa4, 0x9d, 0x06, 0x28, 0xff, 0xf7, 0x10, 0xd9, //0x00006168 .quad -2805469892591575644
	0x42, 0x08, 0x5d, 0xf0, 0xd2, 0x44, 0xfb, 0x90, //0x00006170 .quad -7999724640327104446
	0x86, 0x22, 0x04, 0x79, 0xff, 0x9a, 0xaa, 0x87, //0x00006178 .quad -8670947710510816634
	0x53, 0x4a, 0x74, 0xac, 0x07, 0x16, 0x3a, 0x35, //0x00006180 .quad 3835402254873283155
	0x28, 0x2b, 0x45, 0x57, 0xbf, 0x41, 0x95, 0xa9, //0x00006188 .quad -6226998619711132888
	0xe8, 0x5c, 0x91, 0x97, 0x89, 0x9b, 0x88, 0x42, //0x00006190 .quad 4794252818591603944
	0xf2, 0x75, 0x16, 0x2d, 0x2f, 0x92, 0xfa, 0xd3, //0x00006198 .quad -3172062256211528206
	0x11, 0xda, 0xba, 0xfe, 0x35, 0x61, 0x95, 0x69, //0x000061a0 .quad 7608094030047140369
	0xb7, 0x09, 0x2e, 0x7c, 0x5d, 0x9b, 0x7c, 0x84, //0x000061a8 .quad -8900067937773286985
	0x95, 0x90, 0x69, 0x7e, 0x83, 0xb9, 0xfa, 0x43, //0x000061b0 .quad 4898431519131537557
	0x25, 0x8c, 0x39, 0xdb, 0x34, 0xc2, 0x9b, 0xa5, //0x000061b8 .quad -6513398903789220827
	0xbb, 0xf4, 0x03, 0x5e, 0xe4, 0x67, 0xf9, 0x94, //0x000061c0 .quad -7712018656367741765
	0x2e, 0xef, 0x07, 0x12, 0xc2, 0xb2, 0x02, 0xcf, //0x000061c8 .quad -3530062611309138130
	0xf5, 0x78, 0xc2, 0xba, 0xee, 0xe0, 0x1b, 0x1d, //0x000061d0 .quad 2097517367411243253
	0x7d, 0xf5, 0x44, 0x4b, 0xb9, 0xaf, 0x61, 0x81, //0x000061d8 .quad -9123818159709293187
	0x32, 0x17, 0x73, 0x69, 0x2a, 0xd9, 0x62, 0x64, //0x000061e0 .quad 7233582727691441970
	0xdc, 0x32, 0x16, 0x9e, 0xa7, 0x1b, 0xba, 0xa1, //0x000061e8 .quad -6793086681209228580
	0xfe, 0xdc, 0xcf, 0x03, 0x75, 0x8f, 0x7b, 0x7d, //0x000061f0 .quad 9041978409614302462
	0x93, 0xbf, 0x9b, 0x85, 0x91, 0xa2, 0x28, 0xca, //0x000061f8 .quad -3879672333084147821
	0x3e, 0xd4, 0xc3, 0x44, 0x52, 0x73, 0xda, 0x5c, //0x00006200 .quad 6690786993590490174
	0x78, 0xaf, 0x02, 0xe7, 0x35, 0xcb, 0xb2, 0xfc, //0x00006208 .quad -237904397927796872
	0xa7, 0x64, 0xfa, 0x6a, 0x13, 0x88, 0x08, 0x3a, //0x00006210 .quad 4181741870994056359
	0xab, 0xad, 0x61, 0xb0, 0x01, 0xbf, 0xef, 0x9d, //0x00006218 .quad -7066219276345954901
	0xd0, 0xfd, 0xb8, 0x45, 0x18, 0xaa, 0x8a, 0x08, //0x00006220 .quad 615491320315182544
	0x16, 0x19, 0x7a, 0x1c, 0xc2, 0xae, 0x6b, 0xc5, //0x00006228 .quad -4221088077005055722
	0x45, 0x3d, 0x27, 0x57, 0x9e, 0x54, 0xad, 0x8a, //0x00006230 .quad -8454007886460797627
	0x5b, 0x9f, 0x98, 0xa3, 0x72, 0x9a, 0xc6, 0xf6, //0x00006238 .quad -664674077828931749
	0x4b, 0x86, 0x78, 0xf6, 0xe2, 0x54, 0xac, 0x36, //0x00006240 .quad 3939617107816777291
	0x99, 0x63, 0x3f, 0xa6, 0x87, 0x20, 0x3c, 0x9a, //0x00006248 .quad -7332950326284164199
	0xdd, 0xa7, 0x16, 0xb4, 0x1b, 0x6a, 0x57, 0x84, //0x00006250 .quad -8910536670511192099
	0x7f, 0x3c, 0xcf, 0x8f, 0xa9, 0x28, 0xcb, 0xc0, //0x00006258 .quad -4554501889427817345
	0xd5, 0x51, 0x1c, 0xa1, 0xa2, 0x44, 0x6d, 0x65, //0x00006260 .quad 7308573235570561493
	0x9f, 0x0b, 0xc3, 0xf3, 0xd3, 0xf2, 0xfd, 0xf0, //0x00006268 .quad -1081441343357383777
	0x25, 0xb3, 0xb1, 0xa4, 0xe5, 0x4a, 0x64, 0x9f, //0x00006270 .quad -6961356773836868827
	0x43, 0xe7, 0x59, 0x78, 0xc4, 0xb7, 0x9e, 0x96, //0x00006278 .quad -7593429867239446717
	0xee, 0x1f, 0xde, 0x0d, 0x9f, 0x5d, 0x3d, 0x87, //0x00006280 .quad -8701695967296086034
	0x14, 0x61, 0x70, 0x96, 0xb5, 0x65, 0x46, 0xbc, //0x00006288 .quad -4880101315621920492
	0xea, 0xa7, 0x55, 0xd1, 0x06, 0xb5, 0x0c, 0xa9, //0x00006290 .quad -6265433940692719638
	0x59, 0x79, 0x0c, 0xfc, 0x22, 0xff, 0x57, 0xeb, //0x00006298 .quad -1488440626100012711
	0xf2, 0x88, 0xd5, 0x42, 0x24, 0xf1, 0xa7, 0x09, //0x000062a0 .quad 695789805494438130
	0xd8, 0xcb, 0x87, 0xdd, 0x75, 0xff, 0x16, 0x93, //0x000062a8 .quad -7847804418953589800
	0x2f, 0xeb, 0x8a, 0x53, 0x6d, 0xed, 0x11, 0x0c, //0x000062b0 .quad 869737256868047663
	0xce, 0xbe, 0xe9, 0x54, 0x53, 0xbf, 0xdc, 0xb7, //0x000062b8 .quad -5198069505264599346
	0xfa, 0xa5, 0x6d, 0xa8, 0xc8, 0x68, 0x16, 0x8f, //0x000062c0 .quad -8136200465769716230
	0x81, 0x2e, 0x24, 0x2a, 0x28, 0xef, 0xd3, 0xe5, //0x000062c8 .quad -1885900863153361279
	0xbc, 0x87, 0x44, 0x69, 0x7d, 0x01, 0x6e, 0xf9, //0x000062d0 .quad -473439272678684740
	0x10, 0x9d, 0x56, 0x1a, 0x79, 0x75, 0xa4, 0x8f, //0x000062d8 .quad -8096217067111932656
	0xac, 0xa9, 0x95, 0xc3, 0xdc, 0x81, 0xc9, 0x37, //0x000062e0 .quad 4019886927579031980
	0x55, 0x44, 0xec, 0x60, 0xd7, 0x92, 0x8d, 0xb3, //0x000062e8 .quad -5508585315462527915
	0x17, 0x14, 0x7b, 0xf4, 0x53, 0xe2, 0xbb, 0x85, //0x000062f0 .quad -8810199395808373737
	0x6a, 0x55, 0x27, 0x39, 0x8d, 0xf7, 0x70, 0xe0, //0x000062f8 .quad -2274045625900771990
	0x8e, 0xec, 0xcc, 0x78, 0x74, 0x6d, 0x95, 0x93, //0x00006300 .quad -7812217631593927538
	0x62, 0x95, 0xb8, 0x43, 0xb8, 0x9a, 0x46, 0x8c, //0x00006308 .quad -8338807543829064350
	0xb2, 0x27, 0x00, 0x97, 0xd1, 0xc8, 0x7a, 0x38, //0x00006310 .quad 4069786015789754290
	0xbb, 0xba, 0xa6, 0x54, 0x66, 0x41, 0x58, 0xaf, //0x00006318 .quad -5811823411358942533
	0x9e, 0x31, 0xc0, 0xfc, 0x05, 0x7b, 0x99, 0x06, //0x00006320 .quad 475546501309804958
	0x6a, 0x69, 0xd0, 0xe9, 0xbf, 0x51, 0x2e, 0xdb, //0x00006328 .quad -2653093245771290262
	0x03, 0x1f, 0xf8, 0xbd, 0xe3, 0xec, 0x1f, 0x44, //0x00006330 .quad 4908902581746016003
	0xe2, 0x41, 0x22, 0xf2, 0x17, 0xf3, 0xfc, 0x88, //0x00006338 .quad -8575712306248138270
	0xc3, 0x26, 0x76, 0xad, 0x1c, 0xe8, 0x27, 0xd5, //0x00006340 .quad -3087243809672255805
	0x5a, 0xd2, 0xaa, 0xee, 0xdd, 0x2f, 0x3c, 0xab, //0x00006348 .quad -6107954364382784934
	0x74, 0xb0, 0xd3, 0xd8, 0x23, 0xe2, 0x71, 0x8a, //0x00006350 .quad -8470740780517707660
	0xf1, 0x86, 0x55, 0x6a, 0xd5, 0x3b, 0x0b, 0xd6, //0x00006358 .quad -3023256937051093263
	0x49, 0x4e, 0x84, 0x67, 0x56, 0x2d, 0x87, 0xf6, //0x00006360 .quad -682526969396179383
	0x56, 0x74, 0x75, 0x62, 0x65, 0x05, 0xc7, 0x85, //0x00006368 .quad -8807064613298015146
	0xdb, 0x61, 0x65, 0x01, 0xac, 0xf8, 0x28, 0xb4, //0x00006370 .quad -5464844730172612133
	0x6c, 0xd1, 0x12, 0xbb, 0xbe, 0xc6, 0x38, 0xa7, //0x00006378 .quad -6397144748195131028
	0x52, 0xba, 0xbe, 0x01, 0xd7, 0x36, 0x33, 0xe1, //0x00006380 .quad -2219369894288377262
	0xc7, 0x85, 0xd7, 0x69, 0x6e, 0xf8, 0x06, 0xd1, //0x00006388 .quad -3384744916816525881
	0x73, 0x34, 0x17, 0x61, 0x46, 0x02, 0xc0, 0xec, //0x00006390 .quad -1387106183930235789
	0x9c, 0xb3, 0x26, 0x02, 0x45, 0x5b, 0xa4, 0x82, //0x00006398 .quad -9032994600651410532
	0x90, 0x01, 0x5d, 0xf9, 0xd7, 0x02, 0xf0, 0x27, //0x000063a0 .quad 2877803288514593168
	0x84, 0x60, 0xb0, 0x42, 0x16, 0x72, 0x4d, 0xa3, //0x000063a8 .quad -6679557232386875260
	0xf4, 0x41, 0xb4, 0xf7, 0x8d, 0x03, 0xec, 0x31, //0x000063b0 .quad 3597254110643241460
	0xa5, 0x78, 0x5c, 0xd3, 0x9b, 0xce, 0x20, 0xcc, //0x000063b8 .quad -3737760522056206171
	0x71, 0x52, 0xa1, 0x75, 0x71, 0x04, 0x67, 0x7e, //0x000063c0 .quad 9108253656731439729
	0xce, 0x96, 0x33, 0xc8, 0x42, 0x02, 0x29, 0xff, //0x000063c8 .quad -60514634142869810
	0x86, 0xd3, 0x84, 0xe9, 0xc6, 0x62, 0x00, 0x0f, //0x000063d0 .quad 1080972517029761926
	0x41, 0x3e, 0x20, 0xbd, 0x69, 0xa1, 0x79, 0x9f, //0x000063d8 .quad -6955350673980375487
	0x68, 0x08, 0xe6, 0xa3, 0x78, 0x7b, 0xc0, 0x52, //0x000063e0 .quad 5962901664714590312
	0xd1, 0x4d, 0x68, 0x2c, 0xc4, 0x09, 0x58, 0xc7, //0x000063e8 .quad -4082502324048081455
	0x82, 0x8a, 0xdf, 0xcc, 0x56, 0x9a, 0x70, 0xa7, //0x000063f0 .quad -6381430974388925822
	0x45, 0x61, 0x82, 0x37, 0x35, 0x0c, 0x2e, 0xf9, //0x000063f8 .quad -491441886632713915
	0x91, 0xb6, 0x0b, 0x40, 0x76, 0x60, 0xa6, 0x88, //0x00006400 .quad -8600080377420466543
	0xcb, 0x7c, 0xb1, 0x42, 0xa1, 0xc7, 0xbc, 0x9b, //0x00006408 .quad -7224680206786528053
	0x35, 0xa4, 0x0e, 0xd0, 0x93, 0xf8, 0xcf, 0x6a, //0x00006410 .quad 7696643601933968437
	0xfe, 0xdb, 0x5d, 0x93, 0x89, 0xf9, 0xab, 0xc2, //0x00006418 .quad -4419164240055772162
	0x43, 0x4d, 0x12, 0xc4, 0xb8, 0xf6, 0x83, 0x05, //0x00006420 .quad 397432465562684739
	0xfe, 0x52, 0x35, 0xf8, 0xeb, 0xf7, 0x56, 0xf3, //0x00006428 .quad -912269281642327298
	0x4a, 0x70, 0x8b, 0x7a, 0x33, 0x7a, 0x72, 0xc3, //0x00006430 .quad -4363290727450709942
	0xde, 0x53, 0x21, 0x7b, 0xf3, 0x5a, 0x16, 0x98, //0x00006438 .quad -7487697328667536418
	0x5c, 0x4c, 0x2e, 0x59, 0xc0, 0x18, 0x4f, 0x74, //0x00006440 .quad 8380944645968776284
	0xd6, 0xa8, 0xe9, 0x59, 0xb0, 0xf1, 0x1b, 0xbe, //0x00006448 .quad -4747935642407032618
	0x73, 0xdf, 0x79, 0x6f, 0xf0, 0xde, 0x62, 0x11, //0x00006450 .quad 1252808770606194547
	0x0c, 0x13, 0x64, 0x70, 0x1c, 0xee, 0xa2, 0xed, //0x00006458 .quad -1323233534581402868
	0xa8, 0x2b, 0xac, 0x45, 0x56, 0xcb, 0xdd, 0x8a, //0x00006460 .quad -8440366555225904216
	0xe7, 0x8b, 0x3e, 0xc6, 0xd1, 0xd4, 0x85, 0x94, //0x00006468 .quad -7744549986754458649
	0x92, 0x36, 0x17, 0xd7, 0x2b, 0x3e, 0x95, 0x6d, //0x00006470 .quad 7896285879677171346
	0xe1, 0x2e, 0xce, 0x37, 0x06, 0x4a, 0xa7, 0xb9, //0x00006478 .quad -5069001465015685407
	0x37, 0x04, 0xdd, 0xcc, 0xb6, 0x8d, 0xfa, 0xc8, //0x00006480 .quad -3964700705685699529
	0x99, 0xba, 0xc1, 0xc5, 0x87, 0x1c, 0x11, 0xe8, //0x00006488 .quad -1724565812842218855
	0xa2, 0x22, 0x0a, 0x40, 0x92, 0x98, 0x9c, 0x1d, //0x00006490 .quad 2133748077373825698
	0xa0, 0x14, 0x99, 0xdb, 0xd4, 0xb1, 0x0a, 0x91, //0x00006498 .quad -7995382660667468640
	0x4b, 0xab, 0x0c, 0xd0, 0xb6, 0xbe, 0x03, 0x25, //0x000064a0 .quad 2667185096717282123
	0xc8, 0x59, 0x7f, 0x12, 0x4a, 0x5e, 0x4d, 0xb5, //0x000064a8 .quad -5382542307406947896
	0x1d, 0xd6, 0x0f, 0x84, 0x64, 0xae, 0x44, 0x2e, //0x000064b0 .quad 3333981370896602653
	0x3a, 0x30, 0x1f, 0x97, 0xdc, 0xb5, 0xa0, 0xe2, //0x000064b8 .quad -2116491865831296966
	0xd2, 0xe5, 0x89, 0xd2, 0xfe, 0xec, 0xea, 0x5c, //0x000064c0 .quad 6695424375237764562
	0x24, 0x7e, 0x73, 0xde, 0xa9, 0x71, 0xa4, 0x8d, //0x000064c8 .quad -8240336443785642460
	0x47, 0x5f, 0x2c, 0x87, 0x3e, 0xa8, 0x25, 0x74, //0x000064d0 .quad 8369280469047205703
	0xad, 0x5d, 0x10, 0x56, 0x14, 0x8e, 0x0d, 0xb1, //0x000064d8 .quad -5688734536304665171
	0x19, 0x77, 0xf7, 0x28, 0x4e, 0x12, 0x2f, 0xd1, //0x000064e0 .quad -3373457468973156583
	0x18, 0x75, 0x94, 0x6b, 0x99, 0xf1, 0x50, 0xdd, //0x000064e8 .quad -2499232151953443560
	0x6f, 0xaa, 0x9a, 0xd9, 0x70, 0x6b, 0xbd, 0x82, //0x000064f0 .quad -9025939945749304721
	0x2f, 0xc9, 0x3c, 0xe3, 0xff, 0x96, 0x52, 0x8a, //0x000064f8 .quad -8479549122611984081
	0x0b, 0x55, 0x01, 0x10, 0x4d, 0xc6, 0x6c, 0x63, //0x00006500 .quad 7164319141522920715
	0x7b, 0xfb, 0x0b, 0xdc, 0xbf, 0x3c, 0xe7, 0xac, //0x00006508 .quad -5987750384837592197
	0x4e, 0xaa, 0x01, 0x54, 0xe0, 0xf7, 0x47, 0x3c, //0x00006510 .quad 4343712908476262990
	0x5a, 0xfa, 0x0e, 0xd3, 0xef, 0x0b, 0x21, 0xd8, //0x00006518 .quad -2873001962619602342
	0x71, 0x0a, 0x81, 0x34, 0xec, 0xfa, 0xac, 0x65, //0x00006520 .quad 7326506586225052273
	0x78, 0x5c, 0xe9, 0xe3, 0x75, 0xa7, 0x14, 0x87, //0x00006528 .quad -8713155254278333320
	0x0d, 0x4d, 0xa1, 0x41, 0xa7, 0x39, 0x18, 0x7f, //0x00006530 .quad 9158133232781315341
	0x96, 0xb3, 0xe3, 0x5c, 0x53, 0xd1, 0xd9, 0xa8, //0x00006538 .quad -6279758049420528746
	0x50, 0xa0, 0x09, 0x12, 0x11, 0x48, 0xde, 0x1e, //0x00006540 .quad 2224294504121868368
	0x7c, 0xa0, 0x1c, 0x34, 0xa8, 0x45, 0x10, 0xd3, //0x00006548 .quad -3238011543348273028
	0x32, 0x04, 0x46, 0xab, 0x0a, 0xed, 0x4a, 0x93, //0x00006550 .quad -7833187971778608078
	0x4d, 0xe4, 0x91, 0x20, 0x89, 0x2b, 0xea, 0x83, //0x00006558 .quad -8941286242233752499
	0x3f, 0x85, 0x17, 0x56, 0x4d, 0xa8, 0x1d, 0xf8, //0x00006560 .quad -568112927868484289
	0x60, 0x5d, 0xb6, 0x68, 0x6b, 0xb6, 0xe4, 0xa4, //0x00006568 .quad -6564921784364802720
	0x8e, 0x66, 0x9d, 0xab, 0x60, 0x12, 0x25, 0x36, //0x00006570 .quad 3901544858591782542
	0xb9, 0xf4, 0xe3, 0x42, 0x06, 0xe4, 0x1d, 0xce, //0x00006578 .quad -3594466212028615495
	0x19, 0x60, 0x42, 0x6b, 0x7c, 0x2b, 0xd7, 0xc1, //0x00006580 .quad -4479063491021217767
	0xf3, 0x78, 0xce, 0xe9, 0x83, 0xae, 0xd2, 0x80, //0x00006588 .quad -9164070410158966541
	0x1f, 0xf8, 0x12, 0x86, 0x5b, 0xf6, 0x4c, 0xb2, //0x00006590 .quad -5598829363776522209
	0x30, 0x17, 0x42, 0xe4, 0x24, 0x5a, 0x07, 0xa1, //0x00006598 .quad -6843401994271320272
	0x27, 0xb6, 0x97, 0x67, 0xf2, 0x33, 0xe0, 0xde, //0x000065a0 .quad -2386850686293264857
	0xfc, 0x9c, 0x52, 0x1d, 0xae, 0x30, 0x49, 0xc9, //0x000065a8 .quad -3942566474411762436
	0xb1, 0xa3, 0x7d, 0x01, 0xef, 0x40, 0x98, 0x16, //0x000065b0 .quad 1628122660560806833
	0x3c, 0x44, 0xa7, 0xa4, 0xd9, 0x7c, 0x9b, 0xfb, //0x000065b8 .quad -316522074587315140
	0x4e, 0x86, 0xee, 0x60, 0x95, 0x28, 0x1f, 0x8e, //0x000065c0 .quad -8205795374004271538
	0xa5, 0x8a, 0xe8, 0x06, 0x08, 0x2e, 0x41, 0x9d, //0x000065c8 .quad -7115355324258153819
	0xe2, 0x27, 0x2a, 0xb9, 0xba, 0xf2, 0xa6, 0xf1, //0x000065d0 .quad -1033872180650563614
	0x4e, 0xad, 0xa2, 0x08, 0x8a, 0x79, 0x91, 0xc4, //0x000065d8 .quad -4282508136895304370
	0xdb, 0xb1, 0x74, 0x67, 0x69, 0xaf, 0x10, 0xae, //0x000065e0 .quad -5904026244240592421
	0xa2, 0x58, 0xcb, 0x8a, 0xec, 0xd7, 0xb5, 0xf5, //0x000065e8 .quad -741449152691742558
	0x29, 0xef, 0xa8, 0xe0, 0xa1, 0x6d, 0xca, 0xac, //0x000065f0 .quad -5995859411864064215
	0x65, 0x17, 0xbf, 0xd6, 0xf3, 0xa6, 0x91, 0x99, //0x000065f8 .quad -7380934748073420955
	0xf3, 0x2a, 0xd3, 0x58, 0x0a, 0x09, 0xfd, 0x17, //0x00006600 .quad 1728547772024695539
	0x3f, 0xdd, 0x6e, 0xcc, 0xb0, 0x10, 0xf6, 0xbf, //0x00006608 .quad -4614482416664388289
	0xb0, 0xf5, 0x07, 0xef, 0x4c, 0x4b, 0xfc, 0xdd, //0x00006610 .quad -2451001303396518480
	0x8e, 0x94, 0x8a, 0xff, 0xdc, 0x94, 0xf3, 0xef, //0x00006618 .quad -1156417002403097458
	0x8e, 0xf9, 0x64, 0x15, 0x10, 0xaf, 0xbd, 0x4a, //0x00006620 .quad 5385653213018257806
	0xd9, 0x9c, 0xb6, 0x1f, 0x0a, 0x3d, 0xf8, 0x95, //0x00006628 .quad -7640289654143017767
	0xf1, 0x37, 0xbe, 0x1a, 0xd4, 0x1a, 0x6d, 0x9d, //0x00006630 .quad -7102991539009341455
	0x0f, 0x44, 0xa4, 0xa7, 0x4c, 0x4c, 0x76, 0xbb, //0x00006638 .quad -4938676049251384305
	0xed, 0xc5, 0x6d, 0x21, 0x89, 0x61, 0xc8, 0x84, //0x00006640 .quad -8878739423761676819
	0x13, 0x55, 0x8d, 0xd1, 0x5f, 0xdf, 0x53, 0xea, //0x00006648 .quad -1561659043136842477
	0xb4, 0x9b, 0xe4, 0xb4, 0xf5, 0x3c, 0xfd, 0x32, //0x00006650 .quad 3674159897003727796
	0x2c, 0x55, 0xf8, 0xe2, 0x9b, 0x6b, 0x74, 0x92, //0x00006658 .quad -7893565929601608404
	0xa1, 0xc2, 0x1d, 0x22, 0x33, 0x8c, 0xbc, 0x3f, //0x00006660 .quad 4592699871254659745
	0x77, 0x6a, 0xb6, 0xdb, 0x82, 0x86, 0x11, 0xb7, //0x00006668 .quad -5255271393574622601
	0x4a, 0x33, 0xa5, 0xea, 0x3f, 0xaf, 0xab, 0x0f, //0x00006670 .quad 1129188820640936778
	0x15, 0x05, 0xa4, 0x92, 0x23, 0xe8, 0xd5, 0xe4, //0x00006678 .quad -1957403223540890347
	0x0e, 0x40, 0xa7, 0xf2, 0x87, 0x4d, 0xcb, 0x29, //0x00006680 .quad 3011586022114279438
	0x2d, 0x83, 0xa6, 0x3b, 0x16, 0xb1, 0x05, 0x8f, //0x00006688 .quad -8140906042354138323
	0x12, 0x10, 0x51, 0xef, 0xe9, 0x20, 0x3e, 0x74, //0x00006690 .quad 8376168546070237202
	0xf8, 0x23, 0x90, 0xca, 0x5b, 0x1d, 0xc7, 0xb2, //0x00006698 .quad -5564446534515285000
	0x16, 0x54, 0x25, 0x6b, 0x24, 0xa9, 0x4d, 0x91, //0x000066a0 .quad -7976533391121755114
	0xf6, 0x2c, 0x34, 0xbd, 0xb2, 0xe4, 0x78, 0xdf, //0x000066a8 .quad -2343872149716718346
	0x8e, 0x54, 0xf7, 0xc2, 0xb6, 0x89, 0xd0, 0x1a, //0x000066b0 .quad 1932195658189984910
	0x1a, 0x9c, 0x40, 0xb6, 0xef, 0x8e, 0xab, 0x8b, //0x000066b8 .quad -8382449121214030822
	0xb1, 0x29, 0xb5, 0x73, 0x24, 0xac, 0x84, 0xa1, //0x000066c0 .quad -6808127464117294671
	0x20, 0xc3, 0xd0, 0xa3, 0xab, 0x72, 0x96, 0xae, //0x000066c8 .quad -5866375383090150624
	0x1e, 0x74, 0xa2, 0x90, 0x2d, 0xd7, 0xe5, 0xc9, //0x000066d0 .quad -3898473311719230434
	0xe8, 0xf3, 0xc4, 0x8c, 0x56, 0x0f, 0x3c, 0xda, //0x000066d8 .quad -2721283210435300376
	0x92, 0x88, 0x65, 0x7a, 0x7c, 0xa6, 0x2f, 0x7e, //0x000066e0 .quad 9092669226243950738
	0x71, 0x18, 0xfb, 0x17, 0x96, 0x89, 0x65, 0x88, //0x000066e8 .quad -8618331034163144591
	0xb7, 0xea, 0xfe, 0x98, 0x1b, 0x90, 0xbb, 0xdd, //0x000066f0 .quad -2469221522477225289
	0x8d, 0xde, 0xf9, 0x9d, 0xfb, 0xeb, 0x7e, 0xaa, //0x000066f8 .quad -6161227774276542835
	0x65, 0xa5, 0x3e, 0x7f, 0x22, 0x74, 0x2a, 0x55, //0x00006700 .quad 6136845133758244197
	0x31, 0x56, 0x78, 0x85, 0xfa, 0xa6, 0x1e, 0xd5, //0x00006708 .quad -3089848699418290639
	0x5f, 0x27, 0x87, 0x8f, 0x95, 0x88, 0x3a, 0xd5, //0x00006710 .quad -3082000819042179233
	0xde, 0x35, 0x6b, 0x93, 0x5c, 0x28, 0x33, 0x85, //0x00006718 .quad -8848684464777513506
	0x37, 0xf1, 0x68, 0xf3, 0xba, 0x2a, 0x89, 0x8a, //0x00006720 .quad -8464187042230111945
	0x56, 0x03, 0x46, 0xb8, 0x73, 0xf2, 0x7f, 0xa6, //0x00006728 .quad -6449169562544503978
	0x85, 0x2d, 0x43, 0xb0, 0x69, 0x75, 0x2b, 0x2d, //0x00006730 .quad 3254824252494523781
	0x2c, 0x84, 0x57, 0xa6, 0x10, 0xef, 0x1f, 0xd0, //0x00006738 .quad -3449775934753242068
	0x73, 0xfc, 0x29, 0x0e, 0x62, 0x29, 0x3b, 0x9c, //0x00006740 .quad -7189106879045698445
	0x9b, 0xb2, 0xf6, 0x67, 0x6a, 0xf5, 0x13, 0x82, //0x00006748 .quad -9073638986861858149
	0x8f, 0x7b, 0xb4, 0x91, 0xba, 0xf3, 0x49, 0x83, //0x00006750 .quad -8986383598807123057
	0x42, 0x5f, 0xf4, 0x01, 0xc5, 0xf2, 0x98, 0xa2, //0x00006758 .quad -6730362715149934782
	0x73, 0x9a, 0x21, 0x36, 0xa9, 0x70, 0x1c, 0x24, //0x00006760 .quad 2602078556773259891
	0x13, 0x77, 0x71, 0x42, 0x76, 0x2f, 0x3f, 0xcb, //0x00006768 .quad -3801267375510030573
	0x10, 0x01, 0xaa, 0x83, 0xd3, 0x8c, 0x23, 0xed, //0x00006770 .quad -1359087822460813040
	0xd7, 0xd4, 0x0d, 0xd3, 0x53, 0xfb, 0x0e, 0xfe, //0x00006778 .quad -139898200960150313
	0xaa, 0x40, 0x4a, 0x32, 0x04, 0x38, 0x36, 0xf4, //0x00006780 .quad -849429889038008150
	0x06, 0xa5, 0xe8, 0x63, 0x14, 0x5d, 0xc9, 0x9e, //0x00006788 .quad -7004965403241175802
	0xd5, 0xd0, 0xdc, 0x3e, 0x05, 0xc6, 0x43, 0xb1, //0x00006790 .quad -5673473379724898091
	0x48, 0xce, 0xe2, 0x7c, 0x59, 0xb4, 0x7b, 0xc6, //0x00006798 .quad -4144520735624081848
	0x0a, 0x05, 0x94, 0x8e, 0x86, 0xb7, 0x94, 0xdd, //0x000067a0 .quad -2480155706228734710
	0xda, 0x81, 0x1b, 0xdc, 0x6f, 0xa1, 0x1a, 0xf8, //0x000067a8 .quad -568964901102714406
	0x26, 0x83, 0x1c, 0x19, 0xb4, 0xf2, 0x7c, 0xca, //0x000067b0 .quad -3855940325606653146
	0x28, 0x31, 0x91, 0xe9, 0xe5, 0xa4, 0x10, 0x9b, //0x000067b8 .quad -7273132090830278360
	0xf0, 0xa3, 0x63, 0x1f, 0x61, 0x2f, 0x1c, 0xfd, //0x000067c0 .quad -208239388580928528
	0x72, 0x7d, 0xf5, 0x63, 0x1f, 0xce, 0xd4, 0xc1, //0x000067c8 .quad -4479729095110460046
	0xec, 0x8c, 0x3c, 0x67, 0x39, 0x3b, 0x63, 0xbc, //0x000067d0 .quad -4871985254153548564
	0xcf, 0xdc, 0xf2, 0x3c, 0xa7, 0x01, 0x4a, 0xf2, //0x000067d8 .quad -987975350460687153
	0x13, 0xd8, 0x85, 0xe0, 0x03, 0x05, 0xbe, 0xd5, //0x000067e0 .quad -3044990783845967853
	0x01, 0xca, 0x17, 0x86, 0x08, 0x41, 0x6e, 0x97, //0x000067e8 .quad -7535013621679011327
	0x18, 0x4e, 0xa7, 0xd8, 0x44, 0x86, 0x2d, 0x4b, //0x000067f0 .quad 5417133557047315992
	0x82, 0xbc, 0x9d, 0xa7, 0x4a, 0xd1, 0x49, 0xbd, //0x000067f8 .quad -4807081008671376254
	0x9e, 0x21, 0xd1, 0x0e, 0xd6, 0xe7, 0xf8, 0xdd, //0x00006800 .quad -2451955090545630818
	0xa2, 0x2b, 0x85, 0x51, 0x9d, 0x45, 0x9c, 0xec, //0x00006808 .quad -1397165242411832414
	0x03, 0xb5, 0x42, 0xc9, 0xe5, 0x90, 0xbb, 0xca, //0x00006810 .quad -3838314940804713213
	0x45, 0x3b, 0xf3, 0x52, 0x82, 0xab, 0xe1, 0x93, //0x00006818 .quad -7790757304148477115
	0x43, 0x62, 0x93, 0x3b, 0x1f, 0x75, 0x6a, 0x3d, //0x00006820 .quad 4425478360848884291
	0x17, 0x0a, 0xb0, 0xe7, 0x62, 0x16, 0xda, 0xb8, //0x00006828 .quad -5126760611758208489
	0xd4, 0x3a, 0x78, 0x0a, 0x67, 0x12, 0xc5, 0x0c, //0x00006830 .quad 920161932633717460
	0x9d, 0x0c, 0x9c, 0xa1, 0xfb, 0x9b, 0x10, 0xe7, //0x00006838 .quad -1796764746270372707
	0xc5, 0x24, 0x8b, 0x66, 0x80, 0x2b, 0xfb, 0x27, //0x00006840 .quad 2880944217109767365
	0xe2, 0x87, 0x01, 0x45, 0x7d, 0x61, 0x6a, 0x90, //0x00006848 .quad -8040506994060064798
	0xf6, 0xed, 0x2d, 0x80, 0x60, 0xf6, 0xf9, 0xb1, //0x00006850 .quad -5622191765467566602
	0xda, 0xe9, 0x41, 0x96, 0xdc, 0xf9, 0x84, 0xb4, //0x00006858 .quad -5438947724147693094
	0x73, 0x69, 0x39, 0xa0, 0xf8, 0x73, 0x78, 0x5e, //0x00006860 .quad 6807318348447705459
	0x51, 0x64, 0xd2, 0xbb, 0x53, 0x38, 0xa6, 0xe1, //0x00006868 .quad -2186998636757228463
	0xe8, 0xe1, 0x23, 0x64, 0x7b, 0x48, 0x0b, 0xdb, //0x00006870 .quad -2662955059861265944
	0xb2, 0x7e, 0x63, 0x55, 0x34, 0xe3, 0x07, 0x8d, //0x00006878 .quad -8284403175614349646
	0x62, 0xda, 0x2c, 0x3d, 0x9a, 0x1a, 0xce, 0x91, //0x00006880 .quad -7940379843253970334
	0x5f, 0x5e, 0xbc, 0x6a, 0x01, 0xdc, 0x49, 0xb0, //0x00006888 .quad -5743817951090549153
	0xfb, 0x10, 0x78, 0xcc, 0x40, 0xa1, 0x41, 0x76, //0x00006890 .quad 8521269269642088699
	0xf7, 0x75, 0x6b, 0xc5, 0x01, 0x53, 0x5c, 0xdc, //0x00006898 .quad -2568086420435798537
	0x9d, 0x0a, 0xcb, 0x7f, 0xc8, 0x04, 0xe9, 0xa9, //0x000068a0 .quad -6203421752542164323
	0xba, 0x29, 0x63, 0x1b, 0xe1, 0xb3, 0xb9, 0x89, //0x000068a8 .quad -8522583040413455942
	0x44, 0xcd, 0xbd, 0x9f, 0xfa, 0x45, 0x63, 0x54, //0x000068b0 .quad 6080780864604458308
	0x29, 0xf4, 0x3b, 0x62, 0xd9, 0x20, 0x28, 0xac, //0x000068b8 .quad -6041542782089432023
	0x95, 0x40, 0xad, 0x47, 0x79, 0x17, 0x7c, 0xa9, //0x000068c0 .quad -6234081974526590827
	0x33, 0xf1, 0xca, 0xba, 0x0f, 0x29, 0x32, 0xd7, //0x000068c8 .quad -2940242459184402125
	0x5d, 0x48, 0xcc, 0xcc, 0xab, 0x8e, 0xed, 0x49, //0x000068d0 .quad 5327070802775656541
	0xc0, 0xd6, 0xbe, 0xd4, 0xa9, 0x59, 0x7f, 0x86, //0x000068d8 .quad -8755180564631333184
	0x74, 0x5a, 0xff, 0xbf, 0x56, 0xf2, 0x68, 0x5c, //0x000068e0 .quad 6658838503469570676
	0x70, 0x8c, 0xee, 0x49, 0x14, 0x30, 0x1f, 0xa8, //0x000068e8 .quad -6332289687361778576
	0x11, 0x31, 0xff, 0x6f, 0xec, 0x2e, 0x83, 0x73, //0x000068f0 .quad 8323548129336963345
	0x8c, 0x2f, 0x6a, 0x5c, 0x19, 0xfc, 0x26, 0xd2, //0x000068f8 .quad -3303676090774835316
	0xab, 0x7e, 0xff, 0xc5, 0x53, 0xfd, 0x31, 0xc8, //0x00006900 .quad -4021154456019173717
	0xb7, 0x5d, 0xc2, 0xd9, 0x8f, 0x5d, 0x58, 0x83, //0x00006908 .quad -8982326584375353929
	0x55, 0x5e, 0x7f, 0xb7, 0xa8, 0x7c, 0x3e, 0xba, //0x00006910 .quad -5026443070023967147
	0x25, 0xf5, 0x32, 0xd0, 0xf3, 0x74, 0x2e, 0xa4, //0x00006918 .quad -6616222212041804507
	0xeb, 0x35, 0x5f, 0xe5, 0xd2, 0x1b, 0xce, 0x28, //0x00006920 .quad 2940318199324816875
	0x6f, 0xb2, 0x3f, 0xc4, 0x30, 0x12, 0x3a, 0xcd, //0x00006928 .quad -3658591746624867729
	0xb3, 0x81, 0x5b, 0xcf, 0x63, 0xd1, 0x80, 0x79, //0x00006930 .quad 8755227902219092403
	0x85, 0xcf, 0xa7, 0x7a, 0x5e, 0x4b, 0x44, 0x80, //0x00006938 .quad -9204148869281624187
	0x1f, 0x62, 0x32, 0xc3, 0xbc, 0x05, 0xe1, 0xd7, //0x00006940 .quad -2891023177508298209
	0x66, 0xc3, 0x51, 0x19, 0x36, 0x5e, 0x55, 0xa0, //0x00006948 .quad -6893500068174642330
	0xa7, 0xfa, 0xfe, 0xf3, 0x2b, 0x47, 0xd9, 0x8d, //0x00006950 .quad -8225464990312760665
	0x40, 0x34, 0xa6, 0x9f, 0xc3, 0xb5, 0x6a, 0xc8, //0x00006958 .quad -4005189066790915008
	0x51, 0xb9, 0xfe, 0xf0, 0xf6, 0x98, 0x4f, 0xb1, //0x00006960 .quad -5670145219463562927
	0x50, 0xc1, 0x8f, 0x87, 0x34, 0x63, 0x85, 0xfa, //0x00006968 .quad -394800315061255856
	0xd3, 0x33, 0x9f, 0x56, 0x9a, 0xbf, 0xd1, 0x6e, //0x00006970 .quad 7985374283903742931
	0xd2, 0xd8, 0xb9, 0xd4, 0x00, 0x5e, 0x93, 0x9c, //0x00006978 .quad -7164279224554366766
	0xc8, 0x00, 0x47, 0xec, 0x80, 0x2f, 0x86, 0x0a, //0x00006980 .quad 758345818024902856
	0x07, 0x4f, 0xe8, 0x09, 0x81, 0x35, 0xb8, 0xc3, //0x00006988 .quad -4343663012265570553
	0xfa, 0xc0, 0x58, 0x27, 0x61, 0xbb, 0x27, 0xcd, //0x00006990 .quad -3663753745896259334
	0xc8, 0x62, 0x62, 0x4c, 0xe1, 0x42, 0xa6, 0xf4, //0x00006998 .quad -817892746904575288
	0x9c, 0x78, 0x97, 0xb8, 0x1c, 0xd5, 0x38, 0x80, //0x000069a0 .quad -9207375118826243940
	0xbd, 0x7d, 0xbd, 0xcf, 0xcc, 0xe9, 0xe7, 0x98, //0x000069a8 .quad -7428711994456441411
	0xc3, 0x56, 0xbd, 0xe6, 0x63, 0x0a, 0x47, 0xe0, //0x000069b0 .quad -2285846861678029117
	0x2c, 0xdd, 0xac, 0x03, 0x40, 0xe4, 0x21, 0xbf, //0x000069b8 .quad -4674203974643163860
	0x74, 0xac, 0x6c, 0xe0, 0xfc, 0xcc, 0x58, 0x18, //0x000069c0 .quad 1754377441329851508
	0x78, 0x14, 0x98, 0x04, 0x50, 0x5d, 0xea, 0xee, //0x000069c8 .quad -1231068949876566920
	0xc8, 0xeb, 0x43, 0x0c, 0x1e, 0x80, 0x37, 0x0f, //0x000069d0 .quad 1096485900831157192
	0xcb, 0x0c, 0xdf, 0x02, 0x52, 0x7a, 0x52, 0x95, //0x000069d8 .quad -7686947121313936181
	0xba, 0xe6, 0x54, 0x8f, 0x25, 0x60, 0x05, 0xd3, //0x000069e0 .quad -3241078642388441414
	0xfd, 0xcf, 0x96, 0x83, 0xe6, 0x18, 0xa7, 0xba, //0x000069e8 .quad -4996997883215032323
	0x69, 0x20, 0x2a, 0xf3, 0x2e, 0xb8, 0xc6, 0x47, //0x000069f0 .quad 5172023733869224041
	0xfd, 0x83, 0x7c, 0x24, 0x20, 0xdf, 0x50, 0xe9, //0x000069f8 .quad -1634561335591402499
	0x41, 0x54, 0xfa, 0x57, 0x1d, 0x33, 0xdc, 0x4c, //0x00006a00 .quad 5538357842881958977
	0x7e, 0xd2, 0xcd, 0x16, 0x74, 0x8b, 0xd2, 0x91, //0x00006a08 .quad -7939129862385708418
	0x52, 0xe9, 0xf8, 0xad, 0xe4, 0x3f, 0x13, 0xe0, //0x00006a10 .quad -2300424733252327086
	0x1d, 0x47, 0x81, 0x1c, 0x51, 0x2e, 0x47, 0xb6, //0x00006a18 .quad -5312226309554747619
	0xa6, 0x23, 0x77, 0xd9, 0xdd, 0x0f, 0x18, 0x58, //0x00006a20 .quad 6347841120289366950
	0xe5, 0x98, 0xa1, 0x63, 0xe5, 0xf9, 0xd8, 0xe3, //0x00006a28 .quad -2028596868516046619
	0x48, 0x76, 0xea, 0xa7, 0xea, 0x09, 0x0f, 0x57, //0x00006a30 .quad 6273243709394548296
	0x8f, 0xff, 0x44, 0x5e, 0x2f, 0x9c, 0x67, 0x8e, //0x00006a38 .quad -8185402070463610993
	0xda, 0x13, 0xe5, 0x51, 0x65, 0xcc, 0xd2, 0x2c, //0x00006a40 .quad 3229868618315797466
	0x73, 0x3f, 0xd6, 0x35, 0x3b, 0x83, 0x01, 0xb2, //0x00006a48 .quad -5620066569652125837
	0xd1, 0x58, 0x5e, 0xa6, 0x7e, 0x7f, 0x07, 0xf8, //0x00006a50 .quad -574350245532641071
	0x4f, 0xcf, 0x4b, 0x03, 0x0a, 0xe4, 0x81, 0xde, //0x00006a58 .quad -2413397193637769393
	0x82, 0xf7, 0xfa, 0x27, 0xaf, 0xaf, 0x04, 0xfb, //0x00006a60 .quad -358968903457900670
	0x91, 0x61, 0x0f, 0x42, 0x86, 0x2e, 0x11, 0x8b, //0x00006a68 .quad -8425902273664687727
	0x63, 0xb5, 0xf9, 0xf1, 0x9a, 0xdb, 0xc5, 0x79, //0x00006a70 .quad 8774660907532399971
	0xf6, 0x39, 0x93, 0xd2, 0x27, 0x7a, 0xd5, 0xad, //0x00006a78 .quad -5920691823653471754
	0xbc, 0x22, 0x78, 0xae, 0x81, 0x52, 0x37, 0x18, //0x00006a80 .quad 1744954097560724156
	0x74, 0x08, 0x38, 0xc7, 0xb1, 0xd8, 0x4a, 0xd9, //0x00006a88 .quad -2789178761139451788
	0xb5, 0x15, 0x0b, 0x0d, 0x91, 0x93, 0x22, 0x8f, //0x00006a90 .quad -8132775725879323211
	0x48, 0x05, 0x83, 0x1c, 0x6f, 0xc7, 0xce, 0x87, //0x00006a98 .quad -8660765753353239224
	0x22, 0xdb, 0x4d, 0x50, 0x75, 0x38, 0xeb, 0xb2, //0x00006aa0 .quad -5554283638921766110
	0x9a, 0xc6, 0xa3, 0xe3, 0x4a, 0x79, 0xc2, 0xa9, //0x00006aa8 .quad -6214271173264161126
	0xeb, 0x51, 0x61, 0xa4, 0x92, 0x06, 0xa6, 0x5f, //0x00006ab0 .quad 6892203506629956075
	0x41, 0xb8, 0x8c, 0x9c, 0x9d, 0x17, 0x33, 0xd4, //0x00006ab8 .quad -3156152948152813503
	0x33, 0xd3, 0xbc, 0xa6, 0x1b, 0xc4, 0xc7, 0xdb, //0x00006ac0 .quad -2609901835997359309
	0x28, 0xf3, 0xd7, 0x81, 0xc2, 0xee, 0x9f, 0x84, //0x00006ac8 .quad -8890124620236590296
	0x00, 0x08, 0x6c, 0x90, 0x22, 0xb5, 0xb9, 0x12, //0x00006ad0 .quad 1349308723430688768
	0xf3, 0xef, 0x4d, 0x22, 0x73, 0xea, 0xc7, 0xa5, //0x00006ad8 .quad -6500969756868349965
	0x00, 0x0a, 0x87, 0x34, 0x6b, 0x22, 0x68, 0xd7, //0x00006ae0 .quad -2925050114139026944
	0xef, 0x6b, 0xe1, 0xea, 0x0f, 0xe5, 0x39, 0xcf, //0x00006ae8 .quad -3514526177658049553
	0x40, 0x66, 0xd4, 0x00, 0x83, 0x15, 0xa1, 0xe6, //0x00006af0 .quad -1828156321336891840
	0x75, 0xe3, 0xcc, 0xf2, 0x29, 0x2f, 0x84, 0x81, //0x00006af8 .quad -9114107888677362827
	0xd0, 0x7f, 0x09, 0xc1, 0xe3, 0x5a, 0x49, 0x60, //0x00006b00 .quad 6938176635183661008
	0x53, 0x1c, 0x80, 0x6f, 0xf4, 0x3a, 0xe5, 0xa1, //0x00006b08 .quad -6780948842419315629
	0xc4, 0xdf, 0x4b, 0xb1, 0x9c, 0xb1, 0x5b, 0x38, //0x00006b10 .quad 4061034775552188356
	0x68, 0x23, 0x60, 0x8b, 0xb1, 0x89, 0x5e, 0xca, //0x00006b18 .quad -3864500034596756632
	0xb5, 0xd7, 0x9e, 0xdd, 0x03, 0x9e, 0x72, 0x46, //0x00006b20 .quad 5076293469440235445
	0x42, 0x2c, 0x38, 0xee, 0x1d, 0x2c, 0xf6, 0xfc, //0x00006b28 .quad -218939024818557886
	0xd1, 0x46, 0x83, 0x6a, 0xc2, 0xa2, 0x07, 0x6c, //0x00006b30 .quad 7784369436827535057
	0xa9, 0x1b, 0xe3, 0xb4, 0x92, 0xdb, 0x19, 0x9e, //0x00006b38 .quad -7054365918152680535
	0x85, 0x18, 0x24, 0x05, 0x73, 0x8b, 0x09, 0xc7, //0x00006b40 .quad -4104596259247744891
	0x93, 0xe2, 0x1b, 0x62, 0x77, 0x52, 0xa0, 0xc5, //0x00006b48 .quad -4206271379263462765
	0xa7, 0x1e, 0x6d, 0xc6, 0x4f, 0xee, 0xcb, 0xb8, //0x00006b50 .quad -5130745324059681113
	0x38, 0xdb, 0xa2, 0x3a, 0x15, 0x67, 0x08, 0xf7, //0x00006b58 .quad -646153205651940552
	0x28, 0x33, 0x04, 0xdc, 0xf1, 0x74, 0x7f, 0x73, //0x00006b60 .quad 8322499218531169064
	0x03, 0xc9, 0xa5, 0x44, 0x6d, 0x40, 0x65, 0x9a, //0x00006b68 .quad -7321374781173544701
	0xf2, 0x3f, 0x05, 0x53, 0x2e, 0x52, 0x5f, 0x50, //0x00006b70 .quad 5791438004736573426
	0x44, 0x3b, 0xcf, 0x95, 0x88, 0x90, 0xfe, 0xc0, //0x00006b78 .quad -4540032458039542972
	0xef, 0x8f, 0xc6, 0xe7, 0xb9, 0x26, 0x77, 0x64, //0x00006b80 .quad 7239297505920716783
	0x15, 0x0a, 0x43, 0xbb, 0xaa, 0x34, 0x3e, 0xf1, //0x00006b88 .quad -1063354554122040811
	0xf5, 0x19, 0xdc, 0x30, 0x34, 0x78, 0xca, 0x5e, //0x00006b90 .quad 6830403950414141941
	0x4d, 0xe6, 0x09, 0xb5, 0xea, 0xe0, 0xc6, 0x96, //0x00006b98 .quad -7582125623967357363
	0x72, 0x20, 0x13, 0x3d, 0x41, 0x16, 0x7d, 0xb6, //0x00006ba0 .quad -5297053117264486286
	0xe0, 0x5f, 0x4c, 0x62, 0x25, 0x99, 0x78, 0xbc, //0x00006ba8 .quad -4865971011531808800
	0x8f, 0xe8, 0x57, 0x8c, 0xd1, 0x5b, 0x1c, 0xe4, //0x00006bb0 .quad -2009630378153219953
	0xd8, 0x77, 0xdf, 0xba, 0x6e, 0xbf, 0x96, 0xeb, //0x00006bb8 .quad -1470777745987373096
	0x59, 0xf1, 0xb6, 0xf7, 0x62, 0xb9, 0x91, 0x8e, //0x00006bc0 .quad -8173548013986844327
	0xe7, 0xaa, 0xcb, 0x34, 0xa5, 0x37, 0x3e, 0x93, //0x00006bc8 .quad -7836765118883190041
	0xb0, 0xad, 0xa4, 0xb5, 0xbb, 0x27, 0x36, 0x72, //0x00006bd0 .quad 8229809056225996208
	0xa1, 0x95, 0xfe, 0x81, 0x8e, 0xc5, 0x0d, 0xb8, //0x00006bd8 .quad -5184270380176599647
	0x1c, 0xd9, 0x0d, 0xa3, 0xaa, 0xb1, 0xc3, 0xce, //0x00006be0 .quad -3547796734999668452
	0x09, 0x3b, 0x7e, 0x22, 0xf2, 0x36, 0x11, 0xe6, //0x00006be8 .quad -1868651956793361655
	0xb1, 0xa7, 0xe8, 0xa5, 0x0a, 0x4f, 0x3a, 0x21, //0x00006bf0 .quad 2394313059052595121
	0xe6, 0xe4, 0x8e, 0x55, 0x57, 0xc2, 0xca, 0x8f, //0x00006bf8 .quad -8085436500636932890
	0x9d, 0xd1, 0x62, 0x4f, 0xcd, 0xe2, 0x88, 0xa9, //0x00006c00 .quad -6230480713039031907
	0x1f, 0x9e, 0xf2, 0x2a, 0xed, 0x72, 0xbd, 0xb3, //0x00006c08 .quad -5495109607368778209
	0x05, 0x86, 0x3b, 0xa3, 0x80, 0x1b, 0xeb, 0x93, //0x00006c10 .quad -7788100891298789883
	0xa7, 0x45, 0xaf, 0x75, 0xa8, 0xcf, 0xac, 0xe0, //0x00006c18 .quad -2257200990783584857
	0xc3, 0x33, 0x05, 0x66, 0x30, 0xf1, 0x72, 0xbc, //0x00006c20 .quad -4867563057061743677
	0x88, 0x8b, 0x8d, 0x49, 0xc9, 0x01, 0x6c, 0x8c, //0x00006c28 .quad -8328279646880822392
	0xb4, 0x80, 0x86, 0x7f, 0x7c, 0xad, 0x8f, 0xeb, //0x00006c30 .quad -1472767802899791692
	0x6a, 0xee, 0xf0, 0x9b, 0x3b, 0x02, 0x87, 0xaf, //0x00006c38 .quad -5798663540173640086
	0xe1, 0x20, 0x68, 0x9f, 0xdb, 0x98, 0x73, 0xa6, //0x00006c40 .quad -6452645772052127519
	0x05, 0x2a, 0xed, 0x82, 0xca, 0xc2, 0x68, 0xdb, //0x00006c48 .quad -2636643406789662203
	0x8c, 0x14, 0xa1, 0x43, 0x89, 0x3f, 0x08, 0x88, //0x00006c50 .quad -8644589625959967604
	0x43, 0x3a, 0xd4, 0x91, 0xbe, 0x79, 0x21, 0x89, //0x00006c58 .quad -8565431156884620733
	0xb0, 0x59, 0x89, 0x94, 0x6b, 0x4f, 0x0a, 0x6a, //0x00006c60 .quad 7641007041259592112
	0xd4, 0x48, 0x49, 0x36, 0x2e, 0xd8, 0x69, 0xab, //0x00006c68 .quad -6095102927678388012
	0x1c, 0xb0, 0xab, 0x79, 0x46, 0xe3, 0x8c, 0x84, //0x00006c70 .quad -8895485272135061476
	0x09, 0x9b, 0xdb, 0xc3, 0x39, 0x4e, 0x44, 0xd6, //0x00006c78 .quad -3007192641170597111
	0x11, 0x4e, 0x0b, 0x0c, 0x0c, 0x0e, 0xd8, 0xf2, //0x00006c80 .quad -947992276657025519
	0xe5, 0x40, 0x69, 0x1a, 0xe4, 0xb0, 0xea, 0x85, //0x00006c88 .quad -8797024428372705051
	0x95, 0x21, 0x0e, 0x0f, 0x8f, 0x11, 0x8e, 0x6f, //0x00006c90 .quad 8038381691033493909
	0x1f, 0x91, 0x03, 0x21, 0x1d, 0x5d, 0x65, 0xa7, //0x00006c98 .quad -6384594517038493409
	0xfb, 0xa9, 0xd1, 0xd2, 0xf2, 0x95, 0x71, 0x4b, //0x00006ca0 .quad 5436291095364479483
	0x67, 0x75, 0x44, 0x69, 0x64, 0xb4, 0x3e, 0xd1, //0x00006ca8 .quad -3369057127870728857
	0x00, 0x00, 0x00, 0x00, 0x00, 0x00, 0x00, 0x00, 0x00, 0x00, 0x00, 0x00, 0x00, 0x00, 0x00, 0x00, //0x00006cb0 QUAD $0x0000000000000000; QUAD $0x0000000000000000  // .space 16, '\x00\x00\x00\x00\x00\x00\x00\x00\x00\x00\x00\x00\x00\x00\x00\x00'
	//0x00006cc0 .p2align 4, 0x00
	//0x00006cc0 _POW_TAB
	0x01, 0x00, 0x00, 0x00, //0x00006cc0 .long 1
	0x03, 0x00, 0x00, 0x00, //0x00006cc4 .long 3
	0x06, 0x00, 0x00, 0x00, //0x00006cc8 .long 6
	0x09, 0x00, 0x00, 0x00, //0x00006ccc .long 9
	0x0d, 0x00, 0x00, 0x00, //0x00006cd0 .long 13
	0x10, 0x00, 0x00, 0x00, //0x00006cd4 .long 16
	0x13, 0x00, 0x00, 0x00, //0x00006cd8 .long 19
	0x17, 0x00, 0x00, 0x00, //0x00006cdc .long 23
	0x1a, 0x00, 0x00, 0x00, //0x00006ce0 .long 26
	0x00, 0x00, 0x00, 0x00, 0x00, 0x00, 0x00, 0x00, 0x00, 0x00, 0x00, 0x00, //0x00006ce4 .p2align 4, 0x00
	//0x00006cf0 _LSHIFT_TAB
	0x00, 0x00, 0x00, 0x00, 0x00, 0x00, 0x00, 0x00, 0x00, 0x00, 0x00, 0x00, 0x00, 0x00, 0x00, 0x00, //0x00006cf0 QUAD $0x0000000000000000; QUAD $0x0000000000000000  // .space 16, '\x00\x00\x00\x00\x00\x00\x00\x00\x00\x00\x00\x00\x00\x00\x00\x00'
	0x00, 0x00, 0x00, 0x00, 0x00, 0x00, 0x00, 0x00, 0x00, 0x00, 0x00, 0x00, 0x00, 0x00, 0x00, 0x00, //0x00006d00 QUAD $0x0000000000000000; QUAD $0x0000000000000000  // .space 16, '\x00\x00\x00\x00\x00\x00\x00\x00\x00\x00\x00\x00\x00\x00\x00\x00'
	0x00, 0x00, 0x00, 0x00, 0x00, 0x00, 0x00, 0x00, 0x00, 0x00, 0x00, 0x00, 0x00, 0x00, 0x00, 0x00, //0x00006d10 QUAD $0x0000000000000000; QUAD $0x0000000000000000  // .space 16, '\x00\x00\x00\x00\x00\x00\x00\x00\x00\x00\x00\x00\x00\x00\x00\x00'
	0x00, 0x00, 0x00, 0x00, 0x00, 0x00, 0x00, 0x00, 0x00, 0x00, 0x00, 0x00, 0x00, 0x00, 0x00, 0x00, //0x00006d20 QUAD $0x0000000000000000; QUAD $0x0000000000000000  // .space 16, '\x00\x00\x00\x00\x00\x00\x00\x00\x00\x00\x00\x00\x00\x00\x00\x00'
	0x00, 0x00, 0x00, 0x00, 0x00, 0x00, 0x00, 0x00, 0x00, 0x00, 0x00, 0x00, 0x00, 0x00, 0x00, 0x00, //0x00006d30 QUAD $0x0000000000000000; QUAD $0x0000000000000000  // .space 16, '\x00\x00\x00\x00\x00\x00\x00\x00\x00\x00\x00\x00\x00\x00\x00\x00'
	0x00, 0x00, 0x00, 0x00, 0x00, 0x00, 0x00, 0x00, 0x00, 0x00, 0x00, 0x00, 0x00, 0x00, 0x00, 0x00, //0x00006d40 QUAD $0x0000000000000000; QUAD $0x0000000000000000  // .space 16, '\x00\x00\x00\x00\x00\x00\x00\x00\x00\x00\x00\x00\x00\x00\x00\x00'
	0x00, 0x00, 0x00, 0x00, 0x00, 0x00, 0x00, 0x00, //0x00006d50 QUAD $0x0000000000000000  // .space 8, '\x00\x00\x00\x00\x00\x00\x00\x00'
	0x01, 0x00, 0x00, 0x00, //0x00006d58 .long 1
	0x35, 0x00, 0x00, 0x00, 0x00, 0x00, 0x00, 0x00, 0x00, 0x00, 0x00, 0x00, 0x00, 0x00, 0x00, 0x00, //0x00006d5c QUAD $0x0000000000000035; QUAD $0x0000000000000000  // .asciz 16, '5\x00\x00\x00\x00\x00\x00\x00\x00\x00\x00\x00\x00\x00\x00\x00'
	0x00, 0x00, 0x00, 0x00, 0x00, 0x00, 0x00, 0x00, 0x00, 0x00, 0x00, 0x00, 0x00, 0x00, 0x00, 0x00, //0x00006d6c QUAD $0x0000000000000000; QUAD $0x0000000000000000  // .asciz 16, '\x00\x00\x00\x00\x00\x00\x00\x00\x00\x00\x00\x00\x00\x00\x00\x00'
	0x00, 0x00, 0x00, 0x00, 0x00, 0x00, 0x00, 0x00, 0x00, 0x00, 0x00, 0x00, 0x00, 0x00, 0x00, 0x00, //0x00006d7c QUAD $0x0000000000000000; QUAD $0x0000000000000000  // .asciz 16, '\x00\x00\x00\x00\x00\x00\x00\x00\x00\x00\x00\x00\x00\x00\x00\x00'
	0x00, 0x00, 0x00, 0x00, 0x00, 0x00, 0x00, 0x00, 0x00, 0x00, 0x00, 0x00, 0x00, 0x00, 0x00, 0x00, //0x00006d8c QUAD $0x0000000000000000; QUAD $0x0000000000000000  // .asciz 16, '\x00\x00\x00\x00\x00\x00\x00\x00\x00\x00\x00\x00\x00\x00\x00\x00'
	0x00, 0x00, 0x00, 0x00, 0x00, 0x00, 0x00, 0x00, 0x00, 0x00, 0x00, 0x00, 0x00, 0x00, 0x00, 0x00, //0x00006d9c QUAD $0x0000000000000000; QUAD $0x0000000000000000  // .asciz 16, '\x00\x00\x00\x00\x00\x00\x00\x00\x00\x00\x00\x00\x00\x00\x00\x00'
	0x00, 0x00, 0x00, 0x00, 0x00, 0x00, 0x00, 0x00, 0x00, 0x00, 0x00, 0x00, 0x00, 0x00, 0x00, 0x00, //0x00006dac QUAD $0x0000000000000000; QUAD $0x0000000000000000  // .asciz 16, '\x00\x00\x00\x00\x00\x00\x00\x00\x00\x00\x00\x00\x00\x00\x00\x00'
	0x00, 0x00, 0x00, 0x00, //0x00006dbc LONG $0x00000000  // .asciz 4, '\x00\x00\x00\x00'
	0x01, 0x00, 0x00, 0x00, //0x00006dc0 .long 1
	0x32, 0x35, 0x00, 0x00, 0x00, 0x00, 0x00, 0x00, 0x00, 0x00, 0x00, 0x00, 0x00, 0x00, 0x00, 0x00, //0x00006dc4 QUAD $0x0000000000003532; QUAD $0x0000000000000000  // .asciz 16, '25\x00\x00\x00\x00\x00\x00\x00\x00\x00\x00\x00\x00\x00\x00'
	0x00, 0x00, 0x00, 0x00, 0x00, 0x00, 0x00, 0x00, 0x00, 0x00, 0x00, 0x00, 0x00, 0x00, 0x00, 0x00, //0x00006dd4 QUAD $0x0000000000000000; QUAD $0x0000000000000000  // .asciz 16, '\x00\x00\x00\x00\x00\x00\x00\x00\x00\x00\x00\x00\x00\x00\x00\x00'
	0x00, 0x00, 0x00, 0x00, 0x00, 0x00, 0x00, 0x00, 0x00, 0x00, 0x00, 0x00, 0x00, 0x00, 0x00, 0x00, //0x00006de4 QUAD $0x0000000000000000; QUAD $0x0000000000000000  // .asciz 16, '\x00\x00\x00\x00\x00\x00\x00\x00\x00\x00\x00\x00\x00\x00\x00\x00'
	0x00, 0x00, 0x00, 0x00, 0x00, 0x00, 0x00, 0x00, 0x00, 0x00, 0x00, 0x00, 0x00, 0x00, 0x00, 0x00, //0x00006df4 QUAD $0x0000000000000000; QUAD $0x0000000000000000  // .asciz 16, '\x00\x00\x00\x00\x00\x00\x00\x00\x00\x00\x00\x00\x00\x00\x00\x00'
	0x00, 0x00, 0x00, 0x00, 0x00, 0x00, 0x00, 0x00, 0x00, 0x00, 0x00, 0x00, 0x00, 0x00, 0x00, 0x00, //0x00006e04 QUAD $0x0000000000000000; QUAD $0x0000000000000000  // .asciz 16, '\x00\x00\x00\x00\x00\x00\x00\x00\x00\x00\x00\x00\x00\x00\x00\x00'
	0x00, 0x00, 0x00, 0x00, 0x00, 0x00, 0x00, 0x00, 0x00, 0x00, 0x00, 0x00, 0x00, 0x00, 0x00, 0x00, //0x00006e14 QUAD $0x0000000000000000; QUAD $0x0000000000000000  // .asciz 16, '\x00\x00\x00\x00\x00\x00\x00\x00\x00\x00\x00\x00\x00\x00\x00\x00'
	0x00, 0x00, 0x00, 0x00, //0x00006e24 LONG $0x00000000  // .asciz 4, '\x00\x00\x00\x00'
	0x01, 0x00, 0x00, 0x00, //0x00006e28 .long 1
	0x31, 0x32, 0x35, 0x00, 0x00, 0x00, 0x00, 0x00, 0x00, 0x00, 0x00, 0x00, 0x00, 0x00, 0x00, 0x00, //0x00006e2c QUAD $0x0000000000353231; QUAD $0x0000000000000000  // .asciz 16, '125\x00\x00\x00\x00\x00\x00\x00\x00\x00\x00\x00\x00\x00'
	0x00, 0x00, 0x00, 0x00, 0x00, 0x00, 0x00, 0x00, 0x00, 0x00, 0x00, 0x00, 0x00, 0x00, 0x00, 0x00, //0x00006e3c QUAD $0x0000000000000000; QUAD $0x0000000000000000  // .asciz 16, '\x00\x00\x00\x00\x00\x00\x00\x00\x00\x00\x00\x00\x00\x00\x00\x00'
	0x00, 0x00, 0x00, 0x00, 0x00, 0x00, 0x00, 0x00, 0x00, 0x00, 0x00, 0x00, 0x00, 0x00, 0x00, 0x00, //0x00006e4c QUAD $0x0000000000000000; QUAD $0x0000000000000000  // .asciz 16, '\x00\x00\x00\x00\x00\x00\x00\x00\x00\x00\x00\x00\x00\x00\x00\x00'
	0x00, 0x00, 0x00, 0x00, 0x00, 0x00, 0x00, 0x00, 0x00, 0x00, 0x00, 0x00, 0x00, 0x00, 0x00, 0x00, //0x00006e5c QUAD $0x0000000000000000; QUAD $0x0000000000000000  // .asciz 16, '\x00\x00\x00\x00\x00\x00\x00\x00\x00\x00\x00\x00\x00\x00\x00\x00'
	0x00, 0x00, 0x00, 0x00, 0x00, 0x00, 0x00, 0x00, 0x00, 0x00, 0x00, 0x00, 0x00, 0x00, 0x00, 0x00, //0x00006e6c QUAD $0x0000000000000000; QUAD $0x0000000000000000  // .asciz 16, '\x00\x00\x00\x00\x00\x00\x00\x00\x00\x00\x00\x00\x00\x00\x00\x00'
	0x00, 0x00, 0x00, 0x00, 0x00, 0x00, 0x00, 0x00, 0x00, 0x00, 0x00, 0x00, 0x00, 0x00, 0x00, 0x00, //0x00006e7c QUAD $0x0000000000000000; QUAD $0x0000000000000000  // .asciz 16, '\x00\x00\x00\x00\x00\x00\x00\x00\x00\x00\x00\x00\x00\x00\x00\x00'
	0x00, 0x00, 0x00, 0x00, //0x00006e8c LONG $0x00000000  // .asciz 4, '\x00\x00\x00\x00'
	0x02, 0x00, 0x00, 0x00, //0x00006e90 .long 2
	0x36, 0x32, 0x35, 0x00, 0x00, 0x00, 0x00, 0x00, 0x00, 0x00, 0x00, 0x00, 0x00, 0x00, 0x00, 0x00, //0x00006e94 QUAD $0x0000000000353236; QUAD $0x0000000000000000  // .asciz 16, '625\x00\x00\x00\x00\x00\x00\x00\x00\x00\x00\x00\x00\x00'
	0x00, 0x00, 0x00, 0x00, 0x00, 0x00, 0x00, 0x00, 0x00, 0x00, 0x00, 0x00, 0x00, 0x00, 0x00, 0x00, //0x00006ea4 QUAD $0x0000000000000000; QUAD $0x0000000000000000  // .asciz 16, '\x00\x00\x00\x00\x00\x00\x00\x00\x00\x00\x00\x00\x00\x00\x00\x00'
	0x00, 0x00, 0x00, 0x00, 0x00, 0x00, 0x00, 0x00, 0x00, 0x00, 0x00, 0x00, 0x00, 0x00, 0x00, 0x00, //0x00006eb4 QUAD $0x0000000000000000; QUAD $0x0000000000000000  // .asciz 16, '\x00\x00\x00\x00\x00\x00\x00\x00\x00\x00\x00\x00\x00\x00\x00\x00'
	0x00, 0x00, 0x00, 0x00, 0x00, 0x00, 0x00, 0x00, 0x00, 0x00, 0x00, 0x00, 0x00, 0x00, 0x00, 0x00, //0x00006ec4 QUAD $0x0000000000000000; QUAD $0x0000000000000000  // .asciz 16, '\x00\x00\x00\x00\x00\x00\x00\x00\x00\x00\x00\x00\x00\x00\x00\x00'
	0x00, 0x00, 0x00, 0x00, 0x00, 0x00, 0x00, 0x00, 0x00, 0x00, 0x00, 0x00, 0x00, 0x00, 0x00, 0x00, //0x00006ed4 QUAD $0x0000000000000000; QUAD $0x0000000000000000  // .asciz 16, '\x00\x00\x00\x00\x00\x00\x00\x00\x00\x00\x00\x00\x00\x00\x00\x00'
	0x00, 0x00, 0x00, 0x00, 0x00, 0x00, 0x00, 0x00, 0x00, 0x00, 0x00, 0x00, 0x00, 0x00, 0x00, 0x00, //0x00006ee4 QUAD $0x0000000000000000; QUAD $0x0000000000000000  // .asciz 16, '\x00\x00\x00\x00\x00\x00\x00\x00\x00\x00\x00\x00\x00\x00\x00\x00'
	0x00, 0x00, 0x00, 0x00, //0x00006ef4 LONG $0x00000000  // .asciz 4, '\x00\x00\x00\x00'
	0x02, 0x00, 0x00, 0x00, //0x00006ef8 .long 2
	0x33, 0x31, 0x32, 0x35, 0x00, 0x00, 0x00, 0x00, 0x00, 0x00, 0x00, 0x00, 0x00, 0x00, 0x00, 0x00, //0x00006efc QUAD $0x0000000035323133; QUAD $0x0000000000000000  // .asciz 16, '3125\x00\x00\x00\x00\x00\x00\x00\x00\x00\x00\x00\x00'
	0x00, 0x00, 0x00, 0x00, 0x00, 0x00, 0x00, 0x00, 0x00, 0x00, 0x00, 0x00, 0x00, 0x00, 0x00, 0x00, //0x00006f0c QUAD $0x0000000000000000; QUAD $0x0000000000000000  // .asciz 16, '\x00\x00\x00\x00\x00\x00\x00\x00\x00\x00\x00\x00\x00\x00\x00\x00'
	0x00, 0x00, 0x00, 0x00, 0x00, 0x00, 0x00, 0x00, 0x00, 0x00, 0x00, 0x00, 0x00, 0x00, 0x00, 0x00, //0x00006f1c QUAD $0x0000000000000000; QUAD $0x0000000000000000  // .asciz 16, '\x00\x00\x00\x00\x00\x00\x00\x00\x00\x00\x00\x00\x00\x00\x00\x00'
	0x00, 0x00, 0x00, 0x00, 0x00, 0x00, 0x00, 0x00, 0x00, 0x00, 0x00, 0x00, 0x00, 0x00, 0x00, 0x00, //0x00006f2c QUAD $0x0000000000000000; QUAD $0x0000000000000000  // .asciz 16, '\x00\x00\x00\x00\x00\x00\x00\x00\x00\x00\x00\x00\x00\x00\x00\x00'
	0x00, 0x00, 0x00, 0x00, 0x00, 0x00, 0x00, 0x00, 0x00, 0x00, 0x00, 0x00, 0x00, 0x00, 0x00, 0x00, //0x00006f3c QUAD $0x0000000000000000; QUAD $0x0000000000000000  // .asciz 16, '\x00\x00\x00\x00\x00\x00\x00\x00\x00\x00\x00\x00\x00\x00\x00\x00'
	0x00, 0x00, 0x00, 0x00, 0x00, 0x00, 0x00, 0x00, 0x00, 0x00, 0x00, 0x00, 0x00, 0x00, 0x00, 0x00, //0x00006f4c QUAD $0x0000000000000000; QUAD $0x0000000000000000  // .asciz 16, '\x00\x00\x00\x00\x00\x00\x00\x00\x00\x00\x00\x00\x00\x00\x00\x00'
	0x00, 0x00, 0x00, 0x00, //0x00006f5c LONG $0x00000000  // .asciz 4, '\x00\x00\x00\x00'
	0x02, 0x00, 0x00, 0x00, //0x00006f60 .long 2
	0x31, 0x35, 0x36, 0x32, 0x35, 0x00, 0x00, 0x00, 0x00, 0x00, 0x00, 0x00, 0x00, 0x00, 0x00, 0x00, //0x00006f64 QUAD $0x0000003532363531; QUAD $0x0000000000000000  // .asciz 16, '15625\x00\x00\x00\x00\x00\x00\x00\x00\x00\x00\x00'
	0x00, 0x00, 0x00, 0x00, 0x00, 0x00, 0x00, 0x00, 0x00, 0x00, 0x00, 0x00, 0x00, 0x00, 0x00, 0x00, //0x00006f74 QUAD $0x0000000000000000; QUAD $0x0000000000000000  // .asciz 16, '\x00\x00\x00\x00\x00\x00\x00\x00\x00\x00\x00\x00\x00\x00\x00\x00'
	0x00, 0x00, 0x00, 0x00, 0x00, 0x00, 0x00, 0x00, 0x00, 0x00, 0x00, 0x00, 0x00, 0x00, 0x00, 0x00, //0x00006f84 QUAD $0x0000000000000000; QUAD $0x0000000000000000  // .asciz 16, '\x00\x00\x00\x00\x00\x00\x00\x00\x00\x00\x00\x00\x00\x00\x00\x00'
	0x00, 0x00, 0x00, 0x00, 0x00, 0x00, 0x00, 0x00, 0x00, 0x00, 0x00, 0x00, 0x00, 0x00, 0x00, 0x00, //0x00006f94 QUAD $0x0000000000000000; QUAD $0x0000000000000000  // .asciz 16, '\x00\x00\x00\x00\x00\x00\x00\x00\x00\x00\x00\x00\x00\x00\x00\x00'
	0x00, 0x00, 0x00, 0x00, 0x00, 0x00, 0x00, 0x00, 0x00, 0x00, 0x00, 0x00, 0x00, 0x00, 0x00, 0x00, //0x00006fa4 QUAD $0x0000000000000000; QUAD $0x0000000000000000  // .asciz 16, '\x00\x00\x00\x00\x00\x00\x00\x00\x00\x00\x00\x00\x00\x00\x00\x00'
	0x00, 0x00, 0x00, 0x00, 0x00, 0x00, 0x00, 0x00, 0x00, 0x00, 0x00, 0x00, 0x00, 0x00, 0x00, 0x00, //0x00006fb4 QUAD $0x0000000000000000; QUAD $0x0000000000000000  // .asciz 16, '\x00\x00\x00\x00\x00\x00\x00\x00\x00\x00\x00\x00\x00\x00\x00\x00'
	0x00, 0x00, 0x00, 0x00, //0x00006fc4 LONG $0x00000000  // .asciz 4, '\x00\x00\x00\x00'
	0x03, 0x00, 0x00, 0x00, //0x00006fc8 .long 3
	0x37, 0x38, 0x31, 0x32, 0x35, 0x00, 0x00, 0x00, 0x00, 0x00, 0x00, 0x00, 0x00, 0x00, 0x00, 0x00, //0x00006fcc QUAD $0x0000003532313837; QUAD $0x0000000000000000  // .asciz 16, '78125\x00\x00\x00\x00\x00\x00\x00\x00\x00\x00\x00'
	0x00, 0x00, 0x00, 0x00, 0x00, 0x00, 0x00, 0x00, 0x00, 0x00, 0x00, 0x00, 0x00, 0x00, 0x00, 0x00, //0x00006fdc QUAD $0x0000000000000000; QUAD $0x0000000000000000  // .asciz 16, '\x00\x00\x00\x00\x00\x00\x00\x00\x00\x00\x00\x00\x00\x00\x00\x00'
	0x00, 0x00, 0x00, 0x00, 0x00, 0x00, 0x00, 0x00, 0x00, 0x00, 0x00, 0x00, 0x00, 0x00, 0x00, 0x00, //0x00006fec QUAD $0x0000000000000000; QUAD $0x0000000000000000  // .asciz 16, '\x00\x00\x00\x00\x00\x00\x00\x00\x00\x00\x00\x00\x00\x00\x00\x00'
	0x00, 0x00, 0x00, 0x00, 0x00, 0x00, 0x00, 0x00, 0x00, 0x00, 0x00, 0x00, 0x00, 0x00, 0x00, 0x00, //0x00006ffc QUAD $0x0000000000000000; QUAD $0x0000000000000000  // .asciz 16, '\x00\x00\x00\x00\x00\x00\x00\x00\x00\x00\x00\x00\x00\x00\x00\x00'
	0x00, 0x00, 0x00, 0x00, 0x00, 0x00, 0x00, 0x00, 0x00, 0x00, 0x00, 0x00, 0x00, 0x00, 0x00, 0x00, //0x0000700c QUAD $0x0000000000000000; QUAD $0x0000000000000000  // .asciz 16, '\x00\x00\x00\x00\x00\x00\x00\x00\x00\x00\x00\x00\x00\x00\x00\x00'
	0x00, 0x00, 0x00, 0x00, 0x00, 0x00, 0x00, 0x00, 0x00, 0x00, 0x00, 0x00, 0x00, 0x00, 0x00, 0x00, //0x0000701c QUAD $0x0000000000000000; QUAD $0x0000000000000000  // .asciz 16, '\x00\x00\x00\x00\x00\x00\x00\x00\x00\x00\x00\x00\x00\x00\x00\x00'
	0x00, 0x00, 0x00, 0x00, //0x0000702c LONG $0x00000000  // .asciz 4, '\x00\x00\x00\x00'
	0x03, 0x00, 0x00, 0x00, //0x00007030 .long 3
	0x33, 0x39, 0x30, 0x36, 0x32, 0x35, 0x00, 0x00, 0x00, 0x00, 0x00, 0x00, 0x00, 0x00, 0x00, 0x00, //0x00007034 QUAD $0x0000353236303933; QUAD $0x0000000000000000  // .asciz 16, '390625\x00\x00\x00\x00\x00\x00\x00\x00\x00\x00'
	0x00, 0x00, 0x00, 0x00, 0x00, 0x00, 0x00, 0x00, 0x00, 0x00, 0x00, 0x00, 0x00, 0x00, 0x00, 0x00, //0x00007044 QUAD $0x0000000000000000; QUAD $0x0000000000000000  // .asciz 16, '\x00\x00\x00\x00\x00\x00\x00\x00\x00\x00\x00\x00\x00\x00\x00\x00'
	0x00, 0x00, 0x00, 0x00, 0x00, 0x00, 0x00, 0x00, 0x00, 0x00, 0x00, 0x00, 0x00, 0x00, 0x00, 0x00, //0x00007054 QUAD $0x0000000000000000; QUAD $0x0000000000000000  // .asciz 16, '\x00\x00\x00\x00\x00\x00\x00\x00\x00\x00\x00\x00\x00\x00\x00\x00'
	0x00, 0x00, 0x00, 0x00, 0x00, 0x00, 0x00, 0x00, 0x00, 0x00, 0x00, 0x00, 0x00, 0x00, 0x00, 0x00, //0x00007064 QUAD $0x0000000000000000; QUAD $0x0000000000000000  // .asciz 16, '\x00\x00\x00\x00\x00\x00\x00\x00\x00\x00\x00\x00\x00\x00\x00\x00'
	0x00, 0x00, 0x00, 0x00, 0x00, 0x00, 0x00, 0x00, 0x00, 0x00, 0x00, 0x00, 0x00, 0x00, 0x00, 0x00, //0x00007074 QUAD $0x0000000000000000; QUAD $0x0000000000000000  // .asciz 16, '\x00\x00\x00\x00\x00\x00\x00\x00\x00\x00\x00\x00\x00\x00\x00\x00'
	0x00, 0x00, 0x00, 0x00, 0x00, 0x00, 0x00, 0x00, 0x00, 0x00, 0x00, 0x00, 0x00, 0x00, 0x00, 0x00, //0x00007084 QUAD $0x0000000000000000; QUAD $0x0000000000000000  // .asciz 16, '\x00\x00\x00\x00\x00\x00\x00\x00\x00\x00\x00\x00\x00\x00\x00\x00'
	0x00, 0x00, 0x00, 0x00, //0x00007094 LONG $0x00000000  // .asciz 4, '\x00\x00\x00\x00'
	0x03, 0x00, 0x00, 0x00, //0x00007098 .long 3
	0x31, 0x39, 0x35, 0x33, 0x31, 0x32, 0x35, 0x00, 0x00, 0x00, 0x00, 0x00, 0x00, 0x00, 0x00, 0x00, //0x0000709c QUAD $0x0035323133353931; QUAD $0x0000000000000000  // .asciz 16, '1953125\x00\x00\x00\x00\x00\x00\x00\x00\x00'
	0x00, 0x00, 0x00, 0x00, 0x00, 0x00, 0x00, 0x00, 0x00, 0x00, 0x00, 0x00, 0x00, 0x00, 0x00, 0x00, //0x000070ac QUAD $0x0000000000000000; QUAD $0x0000000000000000  // .asciz 16, '\x00\x00\x00\x00\x00\x00\x00\x00\x00\x00\x00\x00\x00\x00\x00\x00'
	0x00, 0x00, 0x00, 0x00, 0x00, 0x00, 0x00, 0x00, 0x00, 0x00, 0x00, 0x00, 0x00, 0x00, 0x00, 0x00, //0x000070bc QUAD $0x0000000000000000; QUAD $0x0000000000000000  // .asciz 16, '\x00\x00\x00\x00\x00\x00\x00\x00\x00\x00\x00\x00\x00\x00\x00\x00'
	0x00, 0x00, 0x00, 0x00, 0x00, 0x00, 0x00, 0x00, 0x00, 0x00, 0x00, 0x00, 0x00, 0x00, 0x00, 0x00, //0x000070cc QUAD $0x0000000000000000; QUAD $0x0000000000000000  // .asciz 16, '\x00\x00\x00\x00\x00\x00\x00\x00\x00\x00\x00\x00\x00\x00\x00\x00'
	0x00, 0x00, 0x00, 0x00, 0x00, 0x00, 0x00, 0x00, 0x00, 0x00, 0x00, 0x00, 0x00, 0x00, 0x00, 0x00, //0x000070dc QUAD $0x0000000000000000; QUAD $0x0000000000000000  // .asciz 16, '\x00\x00\x00\x00\x00\x00\x00\x00\x00\x00\x00\x00\x00\x00\x00\x00'
	0x00, 0x00, 0x00, 0x00, 0x00, 0x00, 0x00, 0x00, 0x00, 0x00, 0x00, 0x00, 0x00, 0x00, 0x00, 0x00, //0x000070ec QUAD $0x0000000000000000; QUAD $0x0000000000000000  // .asciz 16, '\x00\x00\x00\x00\x00\x00\x00\x00\x00\x00\x00\x00\x00\x00\x00\x00'
	0x00, 0x00, 0x00, 0x00, //0x000070fc LONG $0x00000000  // .asciz 4, '\x00\x00\x00\x00'
	0x04, 0x00, 0x00, 0x00, //0x00007100 .long 4
	0x39, 0x37, 0x36, 0x35, 0x36, 0x32, 0x35, 0x00, 0x00, 0x00, 0x00, 0x00, 0x00, 0x00, 0x00, 0x00, //0x00007104 QUAD $0x0035323635363739; QUAD $0x0000000000000000  // .asciz 16, '9765625\x00\x00\x00\x00\x00\x00\x00\x00\x00'
	0x00, 0x00, 0x00, 0x00, 0x00, 0x00, 0x00, 0x00, 0x00, 0x00, 0x00, 0x00, 0x00, 0x00, 0x00, 0x00, //0x00007114 QUAD $0x0000000000000000; QUAD $0x0000000000000000  // .asciz 16, '\x00\x00\x00\x00\x00\x00\x00\x00\x00\x00\x00\x00\x00\x00\x00\x00'
	0x00, 0x00, 0x00, 0x00, 0x00, 0x00, 0x00, 0x00, 0x00, 0x00, 0x00, 0x00, 0x00, 0x00, 0x00, 0x00, //0x00007124 QUAD $0x0000000000000000; QUAD $0x0000000000000000  // .asciz 16, '\x00\x00\x00\x00\x00\x00\x00\x00\x00\x00\x00\x00\x00\x00\x00\x00'
	0x00, 0x00, 0x00, 0x00, 0x00, 0x00, 0x00, 0x00, 0x00, 0x00, 0x00, 0x00, 0x00, 0x00, 0x00, 0x00, //0x00007134 QUAD $0x0000000000000000; QUAD $0x0000000000000000  // .asciz 16, '\x00\x00\x00\x00\x00\x00\x00\x00\x00\x00\x00\x00\x00\x00\x00\x00'
	0x00, 0x00, 0x00, 0x00, 0x00, 0x00, 0x00, 0x00, 0x00, 0x00, 0x00, 0x00, 0x00, 0x00, 0x00, 0x00, //0x00007144 QUAD $0x0000000000000000; QUAD $0x0000000000000000  // .asciz 16, '\x00\x00\x00\x00\x00\x00\x00\x00\x00\x00\x00\x00\x00\x00\x00\x00'
	0x00, 0x00, 0x00, 0x00, 0x00, 0x00, 0x00, 0x00, 0x00, 0x00, 0x00, 0x00, 0x00, 0x00, 0x00, 0x00, //0x00007154 QUAD $0x0000000000000000; QUAD $0x0000000000000000  // .asciz 16, '\x00\x00\x00\x00\x00\x00\x00\x00\x00\x00\x00\x00\x00\x00\x00\x00'
	0x00, 0x00, 0x00, 0x00, //0x00007164 LONG $0x00000000  // .asciz 4, '\x00\x00\x00\x00'
	0x04, 0x00, 0x00, 0x00, //0x00007168 .long 4
	0x34, 0x38, 0x38, 0x32, 0x38, 0x31, 0x32, 0x35, 0x00, 0x00, 0x00, 0x00, 0x00, 0x00, 0x00, 0x00, //0x0000716c QUAD $0x3532313832383834; QUAD $0x0000000000000000  // .asciz 16, '48828125\x00\x00\x00\x00\x00\x00\x00\x00'
	0x00, 0x00, 0x00, 0x00, 0x00, 0x00, 0x00, 0x00, 0x00, 0x00, 0x00, 0x00, 0x00, 0x00, 0x00, 0x00, //0x0000717c QUAD $0x0000000000000000; QUAD $0x0000000000000000  // .asciz 16, '\x00\x00\x00\x00\x00\x00\x00\x00\x00\x00\x00\x00\x00\x00\x00\x00'
	0x00, 0x00, 0x00, 0x00, 0x00, 0x00, 0x00, 0x00, 0x00, 0x00, 0x00, 0x00, 0x00, 0x00, 0x00, 0x00, //0x0000718c QUAD $0x0000000000000000; QUAD $0x0000000000000000  // .asciz 16, '\x00\x00\x00\x00\x00\x00\x00\x00\x00\x00\x00\x00\x00\x00\x00\x00'
	0x00, 0x00, 0x00, 0x00, 0x00, 0x00, 0x00, 0x00, 0x00, 0x00, 0x00, 0x00, 0x00, 0x00, 0x00, 0x00, //0x0000719c QUAD $0x0000000000000000; QUAD $0x0000000000000000  // .asciz 16, '\x00\x00\x00\x00\x00\x00\x00\x00\x00\x00\x00\x00\x00\x00\x00\x00'
	0x00, 0x00, 0x00, 0x00, 0x00, 0x00, 0x00, 0x00, 0x00, 0x00, 0x00, 0x00, 0x00, 0x00, 0x00, 0x00, //0x000071ac QUAD $0x0000000000000000; QUAD $0x0000000000000000  // .asciz 16, '\x00\x00\x00\x00\x00\x00\x00\x00\x00\x00\x00\x00\x00\x00\x00\x00'
	0x00, 0x00, 0x00, 0x00, 0x00, 0x00, 0x00, 0x00, 0x00, 0x00, 0x00, 0x00, 0x00, 0x00, 0x00, 0x00, //0x000071bc QUAD $0x0000000000000000; QUAD $0x0000000000000000  // .asciz 16, '\x00\x00\x00\x00\x00\x00\x00\x00\x00\x00\x00\x00\x00\x00\x00\x00'
	0x00, 0x00, 0x00, 0x00, //0x000071cc LONG $0x00000000  // .asciz 4, '\x00\x00\x00\x00'
	0x04, 0x00, 0x00, 0x00, //0x000071d0 .long 4
	0x32, 0x34, 0x34, 0x31, 0x34, 0x30, 0x36, 0x32, 0x35, 0x00, 0x00, 0x00, 0x00, 0x00, 0x00, 0x00, //0x000071d4 QUAD $0x3236303431343432; QUAD $0x0000000000000035  // .asciz 16, '244140625\x00\x00\x00\x00\x00\x00\x00'
	0x00, 0x00, 0x00, 0x00, 0x00, 0x00, 0x00, 0x00, 0x00, 0x00, 0x00, 0x00, 0x00, 0x00, 0x00, 0x00, //0x000071e4 QUAD $0x0000000000000000; QUAD $0x0000000000000000  // .asciz 16, '\x00\x00\x00\x00\x00\x00\x00\x00\x00\x00\x00\x00\x00\x00\x00\x00'
	0x00, 0x00, 0x00, 0x00, 0x00, 0x00, 0x00, 0x00, 0x00, 0x00, 0x00, 0x00, 0x00, 0x00, 0x00, 0x00, //0x000071f4 QUAD $0x0000000000000000; QUAD $0x0000000000000000  // .asciz 16, '\x00\x00\x00\x00\x00\x00\x00\x00\x00\x00\x00\x00\x00\x00\x00\x00'
	0x00, 0x00, 0x00, 0x00, 0x00, 0x00, 0x00, 0x00, 0x00, 0x00, 0x00, 0x00, 0x00, 0x00, 0x00, 0x00, //0x00007204 QUAD $0x0000000000000000; QUAD $0x0000000000000000  // .asciz 16, '\x00\x00\x00\x00\x00\x00\x00\x00\x00\x00\x00\x00\x00\x00\x00\x00'
	0x00, 0x00, 0x00, 0x00, 0x00, 0x00, 0x00, 0x00, 0x00, 0x00, 0x00, 0x00, 0x00, 0x00, 0x00, 0x00, //0x00007214 QUAD $0x0000000000000000; QUAD $0x0000000000000000  // .asciz 16, '\x00\x00\x00\x00\x00\x00\x00\x00\x00\x00\x00\x00\x00\x00\x00\x00'
	0x00, 0x00, 0x00, 0x00, 0x00, 0x00, 0x00, 0x00, 0x00, 0x00, 0x00, 0x00, 0x00, 0x00, 0x00, 0x00, //0x00007224 QUAD $0x0000000000000000; QUAD $0x0000000000000000  // .asciz 16, '\x00\x00\x00\x00\x00\x00\x00\x00\x00\x00\x00\x00\x00\x00\x00\x00'
	0x00, 0x00, 0x00, 0x00, //0x00007234 LONG $0x00000000  // .asciz 4, '\x00\x00\x00\x00'
	0x04, 0x00, 0x00, 0x00, //0x00007238 .long 4
	0x31, 0x32, 0x32, 0x30, 0x37, 0x30, 0x33, 0x31, 0x32, 0x35, 0x00, 0x00, 0x00, 0x00, 0x00, 0x00, //0x0000723c QUAD $0x3133303730323231; QUAD $0x0000000000003532  // .asciz 16, '1220703125\x00\x00\x00\x00\x00\x00'
	0x00, 0x00, 0x00, 0x00, 0x00, 0x00, 0x00, 0x00, 0x00, 0x00, 0x00, 0x00, 0x00, 0x00, 0x00, 0x00, //0x0000724c QUAD $0x0000000000000000; QUAD $0x0000000000000000  // .asciz 16, '\x00\x00\x00\x00\x00\x00\x00\x00\x00\x00\x00\x00\x00\x00\x00\x00'
	0x00, 0x00, 0x00, 0x00, 0x00, 0x00, 0x00, 0x00, 0x00, 0x00, 0x00, 0x00, 0x00, 0x00, 0x00, 0x00, //0x0000725c QUAD $0x0000000000000000; QUAD $0x0000000000000000  // .asciz 16, '\x00\x00\x00\x00\x00\x00\x00\x00\x00\x00\x00\x00\x00\x00\x00\x00'
	0x00, 0x00, 0x00, 0x00, 0x00, 0x00, 0x00, 0x00, 0x00, 0x00, 0x00, 0x00, 0x00, 0x00, 0x00, 0x00, //0x0000726c QUAD $0x0000000000000000; QUAD $0x0000000000000000  // .asciz 16, '\x00\x00\x00\x00\x00\x00\x00\x00\x00\x00\x00\x00\x00\x00\x00\x00'
	0x00, 0x00, 0x00, 0x00, 0x00, 0x00, 0x00, 0x00, 0x00, 0x00, 0x00, 0x00, 0x00, 0x00, 0x00, 0x00, //0x0000727c QUAD $0x0000000000000000; QUAD $0x0000000000000000  // .asciz 16, '\x00\x00\x00\x00\x00\x00\x00\x00\x00\x00\x00\x00\x00\x00\x00\x00'
	0x00, 0x00, 0x00, 0x00, 0x00, 0x00, 0x00, 0x00, 0x00, 0x00, 0x00, 0x00, 0x00, 0x00, 0x00, 0x00, //0x0000728c QUAD $0x0000000000000000; QUAD $0x0000000000000000  // .asciz 16, '\x00\x00\x00\x00\x00\x00\x00\x00\x00\x00\x00\x00\x00\x00\x00\x00'
	0x00, 0x00, 0x00, 0x00, //0x0000729c LONG $0x00000000  // .asciz 4, '\x00\x00\x00\x00'
	0x05, 0x00, 0x00, 0x00, //0x000072a0 .long 5
	0x36, 0x31, 0x30, 0x33, 0x35, 0x31, 0x35, 0x36, 0x32, 0x35, 0x00, 0x00, 0x00, 0x00, 0x00, 0x00, //0x000072a4 QUAD $0x3635313533303136; QUAD $0x0000000000003532  // .asciz 16, '6103515625\x00\x00\x00\x00\x00\x00'
	0x00, 0x00, 0x00, 0x00, 0x00, 0x00, 0x00, 0x00, 0x00, 0x00, 0x00, 0x00, 0x00, 0x00, 0x00, 0x00, //0x000072b4 QUAD $0x0000000000000000; QUAD $0x0000000000000000  // .asciz 16, '\x00\x00\x00\x00\x00\x00\x00\x00\x00\x00\x00\x00\x00\x00\x00\x00'
	0x00, 0x00, 0x00, 0x00, 0x00, 0x00, 0x00, 0x00, 0x00, 0x00, 0x00, 0x00, 0x00, 0x00, 0x00, 0x00, //0x000072c4 QUAD $0x0000000000000000; QUAD $0x0000000000000000  // .asciz 16, '\x00\x00\x00\x00\x00\x00\x00\x00\x00\x00\x00\x00\x00\x00\x00\x00'
	0x00, 0x00, 0x00, 0x00, 0x00, 0x00, 0x00, 0x00, 0x00, 0x00, 0x00, 0x00, 0x00, 0x00, 0x00, 0x00, //0x000072d4 QUAD $0x0000000000000000; QUAD $0x0000000000000000  // .asciz 16, '\x00\x00\x00\x00\x00\x00\x00\x00\x00\x00\x00\x00\x00\x00\x00\x00'
	0x00, 0x00, 0x00, 0x00, 0x00, 0x00, 0x00, 0x00, 0x00, 0x00, 0x00, 0x00, 0x00, 0x00, 0x00, 0x00, //0x000072e4 QUAD $0x0000000000000000; QUAD $0x0000000000000000  // .asciz 16, '\x00\x00\x00\x00\x00\x00\x00\x00\x00\x00\x00\x00\x00\x00\x00\x00'
	0x00, 0x00, 0x00, 0x00, 0x00, 0x00, 0x00, 0x00, 0x00, 0x00, 0x00, 0x00, 0x00, 0x00, 0x00, 0x00, //0x000072f4 QUAD $0x0000000000000000; QUAD $0x0000000000000000  // .asciz 16, '\x00\x00\x00\x00\x00\x00\x00\x00\x00\x00\x00\x00\x00\x00\x00\x00'
	0x00, 0x00, 0x00, 0x00, //0x00007304 LONG $0x00000000  // .asciz 4, '\x00\x00\x00\x00'
	0x05, 0x00, 0x00, 0x00, //0x00007308 .long 5
	0x33, 0x30, 0x35, 0x31, 0x37, 0x35, 0x37, 0x38, 0x31, 0x32, 0x35, 0x00, 0x00, 0x00, 0x00, 0x00, //0x0000730c QUAD $0x3837353731353033; QUAD $0x0000000000353231  // .asciz 16, '30517578125\x00\x00\x00\x00\x00'
	0x00, 0x00, 0x00, 0x00, 0x00, 0x00, 0x00, 0x00, 0x00, 0x00, 0x00, 0x00, 0x00, 0x00, 0x00, 0x00, //0x0000731c QUAD $0x0000000000000000; QUAD $0x0000000000000000  // .asciz 16, '\x00\x00\x00\x00\x00\x00\x00\x00\x00\x00\x00\x00\x00\x00\x00\x00'
	0x00, 0x00, 0x00, 0x00, 0x00, 0x00, 0x00, 0x00, 0x00, 0x00, 0x00, 0x00, 0x00, 0x00, 0x00, 0x00, //0x0000732c QUAD $0x0000000000000000; QUAD $0x0000000000000000  // .asciz 16, '\x00\x00\x00\x00\x00\x00\x00\x00\x00\x00\x00\x00\x00\x00\x00\x00'
	0x00, 0x00, 0x00, 0x00, 0x00, 0x00, 0x00, 0x00, 0x00, 0x00, 0x00, 0x00, 0x00, 0x00, 0x00, 0x00, //0x0000733c QUAD $0x0000000000000000; QUAD $0x0000000000000000  // .asciz 16, '\x00\x00\x00\x00\x00\x00\x00\x00\x00\x00\x00\x00\x00\x00\x00\x00'
	0x00, 0x00, 0x00, 0x00, 0x00, 0x00, 0x00, 0x00, 0x00, 0x00, 0x00, 0x00, 0x00, 0x00, 0x00, 0x00, //0x0000734c QUAD $0x0000000000000000; QUAD $0x0000000000000000  // .asciz 16, '\x00\x00\x00\x00\x00\x00\x00\x00\x00\x00\x00\x00\x00\x00\x00\x00'
	0x00, 0x00, 0x00, 0x00, 0x00, 0x00, 0x00, 0x00, 0x00, 0x00, 0x00, 0x00, 0x00, 0x00, 0x00, 0x00, //0x0000735c QUAD $0x0000000000000000; QUAD $0x0000000000000000  // .asciz 16, '\x00\x00\x00\x00\x00\x00\x00\x00\x00\x00\x00\x00\x00\x00\x00\x00'
	0x00, 0x00, 0x00, 0x00, //0x0000736c LONG $0x00000000  // .asciz 4, '\x00\x00\x00\x00'
	0x05, 0x00, 0x00, 0x00, //0x00007370 .long 5
	0x31, 0x35, 0x32, 0x35, 0x38, 0x37, 0x38, 0x39, 0x30, 0x36, 0x32, 0x35, 0x00, 0x00, 0x00, 0x00, //0x00007374 QUAD $0x3938373835323531; QUAD $0x0000000035323630  // .asciz 16, '152587890625\x00\x00\x00\x00'
	0x00, 0x00, 0x00, 0x00, 0x00, 0x00, 0x00, 0x00, 0x00, 0x00, 0x00, 0x00, 0x00, 0x00, 0x00, 0x00, //0x00007384 QUAD $0x0000000000000000; QUAD $0x0000000000000000  // .asciz 16, '\x00\x00\x00\x00\x00\x00\x00\x00\x00\x00\x00\x00\x00\x00\x00\x00'
	0x00, 0x00, 0x00, 0x00, 0x00, 0x00, 0x00, 0x00, 0x00, 0x00, 0x00, 0x00, 0x00, 0x00, 0x00, 0x00, //0x00007394 QUAD $0x0000000000000000; QUAD $0x0000000000000000  // .asciz 16, '\x00\x00\x00\x00\x00\x00\x00\x00\x00\x00\x00\x00\x00\x00\x00\x00'
	0x00, 0x00, 0x00, 0x00, 0x00, 0x00, 0x00, 0x00, 0x00, 0x00, 0x00, 0x00, 0x00, 0x00, 0x00, 0x00, //0x000073a4 QUAD $0x0000000000000000; QUAD $0x0000000000000000  // .asciz 16, '\x00\x00\x00\x00\x00\x00\x00\x00\x00\x00\x00\x00\x00\x00\x00\x00'
	0x00, 0x00, 0x00, 0x00, 0x00, 0x00, 0x00, 0x00, 0x00, 0x00, 0x00, 0x00, 0x00, 0x00, 0x00, 0x00, //0x000073b4 QUAD $0x0000000000000000; QUAD $0x0000000000000000  // .asciz 16, '\x00\x00\x00\x00\x00\x00\x00\x00\x00\x00\x00\x00\x00\x00\x00\x00'
	0x00, 0x00, 0x00, 0x00, 0x00, 0x00, 0x00, 0x00, 0x00, 0x00, 0x00, 0x00, 0x00, 0x00, 0x00, 0x00, //0x000073c4 QUAD $0x0000000000000000; QUAD $0x0000000000000000  // .asciz 16, '\x00\x00\x00\x00\x00\x00\x00\x00\x00\x00\x00\x00\x00\x00\x00\x00'
	0x00, 0x00, 0x00, 0x00, //0x000073d4 LONG $0x00000000  // .asciz 4, '\x00\x00\x00\x00'
	0x06, 0x00, 0x00, 0x00, //0x000073d8 .long 6
	0x37, 0x36, 0x32, 0x39, 0x33, 0x39, 0x34, 0x35, 0x33, 0x31, 0x32, 0x35, 0x00, 0x00, 0x00, 0x00, //0x000073dc QUAD $0x3534393339323637; QUAD $0x0000000035323133  // .asciz 16, '762939453125\x00\x00\x00\x00'
	0x00, 0x00, 0x00, 0x00, 0x00, 0x00, 0x00, 0x00, 0x00, 0x00, 0x00, 0x00, 0x00, 0x00, 0x00, 0x00, //0x000073ec QUAD $0x0000000000000000; QUAD $0x0000000000000000  // .asciz 16, '\x00\x00\x00\x00\x00\x00\x00\x00\x00\x00\x00\x00\x00\x00\x00\x00'
	0x00, 0x00, 0x00, 0x00, 0x00, 0x00, 0x00, 0x00, 0x00, 0x00, 0x00, 0x00, 0x00, 0x00, 0x00, 0x00, //0x000073fc QUAD $0x0000000000000000; QUAD $0x0000000000000000  // .asciz 16, '\x00\x00\x00\x00\x00\x00\x00\x00\x00\x00\x00\x00\x00\x00\x00\x00'
	0x00, 0x00, 0x00, 0x00, 0x00, 0x00, 0x00, 0x00, 0x00, 0x00, 0x00, 0x00, 0x00, 0x00, 0x00, 0x00, //0x0000740c QUAD $0x0000000000000000; QUAD $0x0000000000000000  // .asciz 16, '\x00\x00\x00\x00\x00\x00\x00\x00\x00\x00\x00\x00\x00\x00\x00\x00'
	0x00, 0x00, 0x00, 0x00, 0x00, 0x00, 0x00, 0x00, 0x00, 0x00, 0x00, 0x00, 0x00, 0x00, 0x00, 0x00, //0x0000741c QUAD $0x0000000000000000; QUAD $0x0000000000000000  // .asciz 16, '\x00\x00\x00\x00\x00\x00\x00\x00\x00\x00\x00\x00\x00\x00\x00\x00'
	0x00, 0x00, 0x00, 0x00, 0x00, 0x00, 0x00, 0x00, 0x00, 0x00, 0x00, 0x00, 0x00, 0x00, 0x00, 0x00, //0x0000742c QUAD $0x0000000000000000; QUAD $0x0000000000000000  // .asciz 16, '\x00\x00\x00\x00\x00\x00\x00\x00\x00\x00\x00\x00\x00\x00\x00\x00'
	0x00, 0x00, 0x00, 0x00, //0x0000743c LONG $0x00000000  // .asciz 4, '\x00\x00\x00\x00'
	0x06, 0x00, 0x00, 0x00, //0x00007440 .long 6
	0x33, 0x38, 0x31, 0x34, 0x36, 0x39, 0x37, 0x32, 0x36, 0x35, 0x36, 0x32, 0x35, 0x00, 0x00, 0x00, //0x00007444 QUAD $0x3237393634313833; QUAD $0x0000003532363536  // .asciz 16, '3814697265625\x00\x00\x00'
	0x00, 0x00, 0x00, 0x00, 0x00, 0x00, 0x00, 0x00, 0x00, 0x00, 0x00, 0x00, 0x00, 0x00, 0x00, 0x00, //0x00007454 QUAD $0x0000000000000000; QUAD $0x0000000000000000  // .asciz 16, '\x00\x00\x00\x00\x00\x00\x00\x00\x00\x00\x00\x00\x00\x00\x00\x00'
	0x00, 0x00, 0x00, 0x00, 0x00, 0x00, 0x00, 0x00, 0x00, 0x00, 0x00, 0x00, 0x00, 0x00, 0x00, 0x00, //0x00007464 QUAD $0x0000000000000000; QUAD $0x0000000000000000  // .asciz 16, '\x00\x00\x00\x00\x00\x00\x00\x00\x00\x00\x00\x00\x00\x00\x00\x00'
	0x00, 0x00, 0x00, 0x00, 0x00, 0x00, 0x00, 0x00, 0x00, 0x00, 0x00, 0x00, 0x00, 0x00, 0x00, 0x00, //0x00007474 QUAD $0x0000000000000000; QUAD $0x0000000000000000  // .asciz 16, '\x00\x00\x00\x00\x00\x00\x00\x00\x00\x00\x00\x00\x00\x00\x00\x00'
	0x00, 0x00, 0x00, 0x00, 0x00, 0x00, 0x00, 0x00, 0x00, 0x00, 0x00, 0x00, 0x00, 0x00, 0x00, 0x00, //0x00007484 QUAD $0x0000000000000000; QUAD $0x0000000000000000  // .asciz 16, '\x00\x00\x00\x00\x00\x00\x00\x00\x00\x00\x00\x00\x00\x00\x00\x00'
	0x00, 0x00, 0x00, 0x00, 0x00, 0x00, 0x00, 0x00, 0x00, 0x00, 0x00, 0x00, 0x00, 0x00, 0x00, 0x00, //0x00007494 QUAD $0x0000000000000000; QUAD $0x0000000000000000  // .asciz 16, '\x00\x00\x00\x00\x00\x00\x00\x00\x00\x00\x00\x00\x00\x00\x00\x00'
	0x00, 0x00, 0x00, 0x00, //0x000074a4 LONG $0x00000000  // .asciz 4, '\x00\x00\x00\x00'
	0x06, 0x00, 0x00, 0x00, //0x000074a8 .long 6
	0x31, 0x39, 0x30, 0x37, 0x33, 0x34, 0x38, 0x36, 0x33, 0x32, 0x38, 0x31, 0x32, 0x35, 0x00, 0x00, //0x000074ac QUAD $0x3638343337303931; QUAD $0x0000353231383233  // .asciz 16, '19073486328125\x00\x00'
	0x00, 0x00, 0x00, 0x00, 0x00, 0x00, 0x00, 0x00, 0x00, 0x00, 0x00, 0x00, 0x00, 0x00, 0x00, 0x00, //0x000074bc QUAD $0x0000000000000000; QUAD $0x0000000000000000  // .asciz 16, '\x00\x00\x00\x00\x00\x00\x00\x00\x00\x00\x00\x00\x00\x00\x00\x00'
	0x00, 0x00, 0x00, 0x00, 0x00, 0x00, 0x00, 0x00, 0x00, 0x00, 0x00, 0x00, 0x00, 0x00, 0x00, 0x00, //0x000074cc QUAD $0x0000000000000000; QUAD $0x0000000000000000  // .asciz 16, '\x00\x00\x00\x00\x00\x00\x00\x00\x00\x00\x00\x00\x00\x00\x00\x00'
	0x00, 0x00, 0x00, 0x00, 0x00, 0x00, 0x00, 0x00, 0x00, 0x00, 0x00, 0x00, 0x00, 0x00, 0x00, 0x00, //0x000074dc QUAD $0x0000000000000000; QUAD $0x0000000000000000  // .asciz 16, '\x00\x00\x00\x00\x00\x00\x00\x00\x00\x00\x00\x00\x00\x00\x00\x00'
	0x00, 0x00, 0x00, 0x00, 0x00, 0x00, 0x00, 0x00, 0x00, 0x00, 0x00, 0x00, 0x00, 0x00, 0x00, 0x00, //0x000074ec QUAD $0x0000000000000000; QUAD $0x0000000000000000  // .asciz 16, '\x00\x00\x00\x00\x00\x00\x00\x00\x00\x00\x00\x00\x00\x00\x00\x00'
	0x00, 0x00, 0x00, 0x00, 0x00, 0x00, 0x00, 0x00, 0x00, 0x00, 0x00, 0x00, 0x00, 0x00, 0x00, 0x00, //0x000074fc QUAD $0x0000000000000000; QUAD $0x0000000000000000  // .asciz 16, '\x00\x00\x00\x00\x00\x00\x00\x00\x00\x00\x00\x00\x00\x00\x00\x00'
	0x00, 0x00, 0x00, 0x00, //0x0000750c LONG $0x00000000  // .asciz 4, '\x00\x00\x00\x00'
	0x07, 0x00, 0x00, 0x00, //0x00007510 .long 7
	0x39, 0x35, 0x33, 0x36, 0x37, 0x34, 0x33, 0x31, 0x36, 0x34, 0x30, 0x36, 0x32, 0x35, 0x00, 0x00, //0x00007514 QUAD $0x3133343736333539; QUAD $0x0000353236303436  // .asciz 16, '95367431640625\x00\x00'
	0x00, 0x00, 0x00, 0x00, 0x00, 0x00, 0x00, 0x00, 0x00, 0x00, 0x00, 0x00, 0x00, 0x00, 0x00, 0x00, //0x00007524 QUAD $0x0000000000000000; QUAD $0x0000000000000000  // .asciz 16, '\x00\x00\x00\x00\x00\x00\x00\x00\x00\x00\x00\x00\x00\x00\x00\x00'
	0x00, 0x00, 0x00, 0x00, 0x00, 0x00, 0x00, 0x00, 0x00, 0x00, 0x00, 0x00, 0x00, 0x00, 0x00, 0x00, //0x00007534 QUAD $0x0000000000000000; QUAD $0x0000000000000000  // .asciz 16, '\x00\x00\x00\x00\x00\x00\x00\x00\x00\x00\x00\x00\x00\x00\x00\x00'
	0x00, 0x00, 0x00, 0x00, 0x00, 0x00, 0x00, 0x00, 0x00, 0x00, 0x00, 0x00, 0x00, 0x00, 0x00, 0x00, //0x00007544 QUAD $0x0000000000000000; QUAD $0x0000000000000000  // .asciz 16, '\x00\x00\x00\x00\x00\x00\x00\x00\x00\x00\x00\x00\x00\x00\x00\x00'
	0x00, 0x00, 0x00, 0x00, 0x00, 0x00, 0x00, 0x00, 0x00, 0x00, 0x00, 0x00, 0x00, 0x00, 0x00, 0x00, //0x00007554 QUAD $0x0000000000000000; QUAD $0x0000000000000000  // .asciz 16, '\x00\x00\x00\x00\x00\x00\x00\x00\x00\x00\x00\x00\x00\x00\x00\x00'
	0x00, 0x00, 0x00, 0x00, 0x00, 0x00, 0x00, 0x00, 0x00, 0x00, 0x00, 0x00, 0x00, 0x00, 0x00, 0x00, //0x00007564 QUAD $0x0000000000000000; QUAD $0x0000000000000000  // .asciz 16, '\x00\x00\x00\x00\x00\x00\x00\x00\x00\x00\x00\x00\x00\x00\x00\x00'
	0x00, 0x00, 0x00, 0x00, //0x00007574 LONG $0x00000000  // .asciz 4, '\x00\x00\x00\x00'
	0x07, 0x00, 0x00, 0x00, //0x00007578 .long 7
	0x34, 0x37, 0x36, 0x38, 0x33, 0x37, 0x31, 0x35, 0x38, 0x32, 0x30, 0x33, 0x31, 0x32, 0x35, 0x00, //0x0000757c QUAD $0x3531373338363734; QUAD $0x0035323133303238  // .asciz 16, '476837158203125\x00'
	0x00, 0x00, 0x00, 0x00, 0x00, 0x00, 0x00, 0x00, 0x00, 0x00, 0x00, 0x00, 0x00, 0x00, 0x00, 0x00, //0x0000758c QUAD $0x0000000000000000; QUAD $0x0000000000000000  // .asciz 16, '\x00\x00\x00\x00\x00\x00\x00\x00\x00\x00\x00\x00\x00\x00\x00\x00'
	0x00, 0x00, 0x00, 0x00, 0x00, 0x00, 0x00, 0x00, 0x00, 0x00, 0x00, 0x00, 0x00, 0x00, 0x00, 0x00, //0x0000759c QUAD $0x0000000000000000; QUAD $0x0000000000000000  // .asciz 16, '\x00\x00\x00\x00\x00\x00\x00\x00\x00\x00\x00\x00\x00\x00\x00\x00'
	0x00, 0x00, 0x00, 0x00, 0x00, 0x00, 0x00, 0x00, 0x00, 0x00, 0x00, 0x00, 0x00, 0x00, 0x00, 0x00, //0x000075ac QUAD $0x0000000000000000; QUAD $0x0000000000000000  // .asciz 16, '\x00\x00\x00\x00\x00\x00\x00\x00\x00\x00\x00\x00\x00\x00\x00\x00'
	0x00, 0x00, 0x00, 0x00, 0x00, 0x00, 0x00, 0x00, 0x00, 0x00, 0x00, 0x00, 0x00, 0x00, 0x00, 0x00, //0x000075bc QUAD $0x0000000000000000; QUAD $0x0000000000000000  // .asciz 16, '\x00\x00\x00\x00\x00\x00\x00\x00\x00\x00\x00\x00\x00\x00\x00\x00'
	0x00, 0x00, 0x00, 0x00, 0x00, 0x00, 0x00, 0x00, 0x00, 0x00, 0x00, 0x00, 0x00, 0x00, 0x00, 0x00, //0x000075cc QUAD $0x0000000000000000; QUAD $0x0000000000000000  // .asciz 16, '\x00\x00\x00\x00\x00\x00\x00\x00\x00\x00\x00\x00\x00\x00\x00\x00'
	0x00, 0x00, 0x00, 0x00, //0x000075dc LONG $0x00000000  // .asciz 4, '\x00\x00\x00\x00'
	0x07, 0x00, 0x00, 0x00, //0x000075e0 .long 7
	0x32, 0x33, 0x38, 0x34, 0x31, 0x38, 0x35, 0x37, 0x39, 0x31, 0x30, 0x31, 0x35, 0x36, 0x32, 0x35, //0x000075e4 QUAD $0x3735383134383332; QUAD $0x3532363531303139  // .asciz 16, '2384185791015625'
	0x00, 0x00, 0x00, 0x00, 0x00, 0x00, 0x00, 0x00, 0x00, 0x00, 0x00, 0x00, 0x00, 0x00, 0x00, 0x00, //0x000075f4 QUAD $0x0000000000000000; QUAD $0x0000000000000000  // .asciz 16, '\x00\x00\x00\x00\x00\x00\x00\x00\x00\x00\x00\x00\x00\x00\x00\x00'
	0x00, 0x00, 0x00, 0x00, 0x00, 0x00, 0x00, 0x00, 0x00, 0x00, 0x00, 0x00, 0x00, 0x00, 0x00, 0x00, //0x00007604 QUAD $0x0000000000000000; QUAD $0x0000000000000000  // .asciz 16, '\x00\x00\x00\x00\x00\x00\x00\x00\x00\x00\x00\x00\x00\x00\x00\x00'
	0x00, 0x00, 0x00, 0x00, 0x00, 0x00, 0x00, 0x00, 0x00, 0x00, 0x00, 0x00, 0x00, 0x00, 0x00, 0x00, //0x00007614 QUAD $0x0000000000000000; QUAD $0x0000000000000000  // .asciz 16, '\x00\x00\x00\x00\x00\x00\x00\x00\x00\x00\x00\x00\x00\x00\x00\x00'
	0x00, 0x00, 0x00, 0x00, 0x00, 0x00, 0x00, 0x00, 0x00, 0x00, 0x00, 0x00, 0x00, 0x00, 0x00, 0x00, //0x00007624 QUAD $0x0000000000000000; QUAD $0x0000000000000000  // .asciz 16, '\x00\x00\x00\x00\x00\x00\x00\x00\x00\x00\x00\x00\x00\x00\x00\x00'
	0x00, 0x00, 0x00, 0x00, 0x00, 0x00, 0x00, 0x00, 0x00, 0x00, 0x00, 0x00, 0x00, 0x00, 0x00, 0x00, //0x00007634 QUAD $0x0000000000000000; QUAD $0x0000000000000000  // .asciz 16, '\x00\x00\x00\x00\x00\x00\x00\x00\x00\x00\x00\x00\x00\x00\x00\x00'
	0x00, 0x00, 0x00, 0x00, //0x00007644 LONG $0x00000000  // .asciz 4, '\x00\x00\x00\x00'
	0x07, 0x00, 0x00, 0x00, //0x00007648 .long 7
	0x31, 0x31, 0x39, 0x32, 0x30, 0x39, 0x32, 0x38, 0x39, 0x35, 0x35, 0x30, 0x37, 0x38, 0x31, 0x32, //0x0000764c QUAD $0x3832393032393131; QUAD $0x3231383730353539  // .asciz 16, '1192092895507812'
	0x35, 0x00, 0x00, 0x00, 0x00, 0x00, 0x00, 0x00, 0x00, 0x00, 0x00, 0x00, 0x00, 0x00, 0x00, 0x00, //0x0000765c QUAD $0x0000000000000035; QUAD $0x0000000000000000  // .asciz 16, '5\x00\x00\x00\x00\x00\x00\x00\x00\x00\x00\x00\x00\x00\x00\x00'
	0x00, 0x00, 0x00, 0x00, 0x00, 0x00, 0x00, 0x00, 0x00, 0x00, 0x00, 0x00, 0x00, 0x00, 0x00, 0x00, //0x0000766c QUAD $0x0000000000000000; QUAD $0x0000000000000000  // .asciz 16, '\x00\x00\x00\x00\x00\x00\x00\x00\x00\x00\x00\x00\x00\x00\x00\x00'
	0x00, 0x00, 0x00, 0x00, 0x00, 0x00, 0x00, 0x00, 0x00, 0x00, 0x00, 0x00, 0x00, 0x00, 0x00, 0x00, //0x0000767c QUAD $0x0000000000000000; QUAD $0x0000000000000000  // .asciz 16, '\x00\x00\x00\x00\x00\x00\x00\x00\x00\x00\x00\x00\x00\x00\x00\x00'
	0x00, 0x00, 0x00, 0x00, 0x00, 0x00, 0x00, 0x00, 0x00, 0x00, 0x00, 0x00, 0x00, 0x00, 0x00, 0x00, //0x0000768c QUAD $0x0000000000000000; QUAD $0x0000000000000000  // .asciz 16, '\x00\x00\x00\x00\x00\x00\x00\x00\x00\x00\x00\x00\x00\x00\x00\x00'
	0x00, 0x00, 0x00, 0x00, 0x00, 0x00, 0x00, 0x00, 0x00, 0x00, 0x00, 0x00, 0x00, 0x00, 0x00, 0x00, //0x0000769c QUAD $0x0000000000000000; QUAD $0x0000000000000000  // .asciz 16, '\x00\x00\x00\x00\x00\x00\x00\x00\x00\x00\x00\x00\x00\x00\x00\x00'
	0x00, 0x00, 0x00, 0x00, //0x000076ac LONG $0x00000000  // .asciz 4, '\x00\x00\x00\x00'
	0x08, 0x00, 0x00, 0x00, //0x000076b0 .long 8
	0x35, 0x39, 0x36, 0x30, 0x34, 0x36, 0x34, 0x34, 0x37, 0x37, 0x35, 0x33, 0x39, 0x30, 0x36, 0x32, //0x000076b4 QUAD $0x3434363430363935; QUAD $0x3236303933353737  // .asciz 16, '5960464477539062'
	0x35, 0x00, 0x00, 0x00, 0x00, 0x00, 0x00, 0x00, 0x00, 0x00, 0x00, 0x00, 0x00, 0x00, 0x00, 0x00, //0x000076c4 QUAD $0x0000000000000035; QUAD $0x0000000000000000  // .asciz 16, '5\x00\x00\x00\x00\x00\x00\x00\x00\x00\x00\x00\x00\x00\x00\x00'
	0x00, 0x00, 0x00, 0x00, 0x00, 0x00, 0x00, 0x00, 0x00, 0x00, 0x00, 0x00, 0x00, 0x00, 0x00, 0x00, //0x000076d4 QUAD $0x0000000000000000; QUAD $0x0000000000000000  // .asciz 16, '\x00\x00\x00\x00\x00\x00\x00\x00\x00\x00\x00\x00\x00\x00\x00\x00'
	0x00, 0x00, 0x00, 0x00, 0x00, 0x00, 0x00, 0x00, 0x00, 0x00, 0x00, 0x00, 0x00, 0x00, 0x00, 0x00, //0x000076e4 QUAD $0x0000000000000000; QUAD $0x0000000000000000  // .asciz 16, '\x00\x00\x00\x00\x00\x00\x00\x00\x00\x00\x00\x00\x00\x00\x00\x00'
	0x00, 0x00, 0x00, 0x00, 0x00, 0x00, 0x00, 0x00, 0x00, 0x00, 0x00, 0x00, 0x00, 0x00, 0x00, 0x00, //0x000076f4 QUAD $0x0000000000000000; QUAD $0x0000000000000000  // .asciz 16, '\x00\x00\x00\x00\x00\x00\x00\x00\x00\x00\x00\x00\x00\x00\x00\x00'
	0x00, 0x00, 0x00, 0x00, 0x00, 0x00, 0x00, 0x00, 0x00, 0x00, 0x00, 0x00, 0x00, 0x00, 0x00, 0x00, //0x00007704 QUAD $0x0000000000000000; QUAD $0x0000000000000000  // .asciz 16, '\x00\x00\x00\x00\x00\x00\x00\x00\x00\x00\x00\x00\x00\x00\x00\x00'
	0x00, 0x00, 0x00, 0x00, //0x00007714 LONG $0x00000000  // .asciz 4, '\x00\x00\x00\x00'
	0x08, 0x00, 0x00, 0x00, //0x00007718 .long 8
	0x32, 0x39, 0x38, 0x30, 0x32, 0x33, 0x32, 0x32, 0x33, 0x38, 0x37, 0x36, 0x39, 0x35, 0x33, 0x31, //0x0000771c QUAD $0x3232333230383932; QUAD $0x3133353936373833  // .asciz 16, '2980232238769531'
	0x32, 0x35, 0x00, 0x00, 0x00, 0x00, 0x00, 0x00, 0x00, 0x00, 0x00, 0x00, 0x00, 0x00, 0x00, 0x00, //0x0000772c QUAD $0x0000000000003532; QUAD $0x0000000000000000  // .asciz 16, '25\x00\x00\x00\x00\x00\x00\x00\x00\x00\x00\x00\x00\x00\x00'
	0x00, 0x00, 0x00, 0x00, 0x00, 0x00, 0x00, 0x00, 0x00, 0x00, 0x00, 0x00, 0x00, 0x00, 0x00, 0x00, //0x0000773c QUAD $0x0000000000000000; QUAD $0x0000000000000000  // .asciz 16, '\x00\x00\x00\x00\x00\x00\x00\x00\x00\x00\x00\x00\x00\x00\x00\x00'
	0x00, 0x00, 0x00, 0x00, 0x00, 0x00, 0x00, 0x00, 0x00, 0x00, 0x00, 0x00, 0x00, 0x00, 0x00, 0x00, //0x0000774c QUAD $0x0000000000000000; QUAD $0x0000000000000000  // .asciz 16, '\x00\x00\x00\x00\x00\x00\x00\x00\x00\x00\x00\x00\x00\x00\x00\x00'
	0x00, 0x00, 0x00, 0x00, 0x00, 0x00, 0x00, 0x00, 0x00, 0x00, 0x00, 0x00, 0x00, 0x00, 0x00, 0x00, //0x0000775c QUAD $0x0000000000000000; QUAD $0x0000000000000000  // .asciz 16, '\x00\x00\x00\x00\x00\x00\x00\x00\x00\x00\x00\x00\x00\x00\x00\x00'
	0x00, 0x00, 0x00, 0x00, 0x00, 0x00, 0x00, 0x00, 0x00, 0x00, 0x00, 0x00, 0x00, 0x00, 0x00, 0x00, //0x0000776c QUAD $0x0000000000000000; QUAD $0x0000000000000000  // .asciz 16, '\x00\x00\x00\x00\x00\x00\x00\x00\x00\x00\x00\x00\x00\x00\x00\x00'
	0x00, 0x00, 0x00, 0x00, //0x0000777c LONG $0x00000000  // .asciz 4, '\x00\x00\x00\x00'
	0x08, 0x00, 0x00, 0x00, //0x00007780 .long 8
	0x31, 0x34, 0x39, 0x30, 0x31, 0x31, 0x36, 0x31, 0x31, 0x39, 0x33, 0x38, 0x34, 0x37, 0x36, 0x35, //0x00007784 QUAD $0x3136313130393431; QUAD $0x3536373438333931  // .asciz 16, '1490116119384765'
	0x36, 0x32, 0x35, 0x00, 0x00, 0x00, 0x00, 0x00, 0x00, 0x00, 0x00, 0x00, 0x00, 0x00, 0x00, 0x00, //0x00007794 QUAD $0x0000000000353236; QUAD $0x0000000000000000  // .asciz 16, '625\x00\x00\x00\x00\x00\x00\x00\x00\x00\x00\x00\x00\x00'
	0x00, 0x00, 0x00, 0x00, 0x00, 0x00, 0x00, 0x00, 0x00, 0x00, 0x00, 0x00, 0x00, 0x00, 0x00, 0x00, //0x000077a4 QUAD $0x0000000000000000; QUAD $0x0000000000000000  // .asciz 16, '\x00\x00\x00\x00\x00\x00\x00\x00\x00\x00\x00\x00\x00\x00\x00\x00'
	0x00, 0x00, 0x00, 0x00, 0x00, 0x00, 0x00, 0x00, 0x00, 0x00, 0x00, 0x00, 0x00, 0x00, 0x00, 0x00, //0x000077b4 QUAD $0x0000000000000000; QUAD $0x0000000000000000  // .asciz 16, '\x00\x00\x00\x00\x00\x00\x00\x00\x00\x00\x00\x00\x00\x00\x00\x00'
	0x00, 0x00, 0x00, 0x00, 0x00, 0x00, 0x00, 0x00, 0x00, 0x00, 0x00, 0x00, 0x00, 0x00, 0x00, 0x00, //0x000077c4 QUAD $0x0000000000000000; QUAD $0x0000000000000000  // .asciz 16, '\x00\x00\x00\x00\x00\x00\x00\x00\x00\x00\x00\x00\x00\x00\x00\x00'
	0x00, 0x00, 0x00, 0x00, 0x00, 0x00, 0x00, 0x00, 0x00, 0x00, 0x00, 0x00, 0x00, 0x00, 0x00, 0x00, //0x000077d4 QUAD $0x0000000000000000; QUAD $0x0000000000000000  // .asciz 16, '\x00\x00\x00\x00\x00\x00\x00\x00\x00\x00\x00\x00\x00\x00\x00\x00'
	0x00, 0x00, 0x00, 0x00, //0x000077e4 LONG $0x00000000  // .asciz 4, '\x00\x00\x00\x00'
	0x09, 0x00, 0x00, 0x00, //0x000077e8 .long 9
	0x37, 0x34, 0x35, 0x30, 0x35, 0x38, 0x30, 0x35, 0x39, 0x36, 0x39, 0x32, 0x33, 0x38, 0x32, 0x38, //0x000077ec QUAD $0x3530383530353437; QUAD $0x3832383332393639  // .asciz 16, '7450580596923828'
	0x31, 0x32, 0x35, 0x00, 0x00, 0x00, 0x00, 0x00, 0x00, 0x00, 0x00, 0x00, 0x00, 0x00, 0x00, 0x00, //0x000077fc QUAD $0x0000000000353231; QUAD $0x0000000000000000  // .asciz 16, '125\x00\x00\x00\x00\x00\x00\x00\x00\x00\x00\x00\x00\x00'
	0x00, 0x00, 0x00, 0x00, 0x00, 0x00, 0x00, 0x00, 0x00, 0x00, 0x00, 0x00, 0x00, 0x00, 0x00, 0x00, //0x0000780c QUAD $0x0000000000000000; QUAD $0x0000000000000000  // .asciz 16, '\x00\x00\x00\x00\x00\x00\x00\x00\x00\x00\x00\x00\x00\x00\x00\x00'
	0x00, 0x00, 0x00, 0x00, 0x00, 0x00, 0x00, 0x00, 0x00, 0x00, 0x00, 0x00, 0x00, 0x00, 0x00, 0x00, //0x0000781c QUAD $0x0000000000000000; QUAD $0x0000000000000000  // .asciz 16, '\x00\x00\x00\x00\x00\x00\x00\x00\x00\x00\x00\x00\x00\x00\x00\x00'
	0x00, 0x00, 0x00, 0x00, 0x00, 0x00, 0x00, 0x00, 0x00, 0x00, 0x00, 0x00, 0x00, 0x00, 0x00, 0x00, //0x0000782c QUAD $0x0000000000000000; QUAD $0x0000000000000000  // .asciz 16, '\x00\x00\x00\x00\x00\x00\x00\x00\x00\x00\x00\x00\x00\x00\x00\x00'
	0x00, 0x00, 0x00, 0x00, 0x00, 0x00, 0x00, 0x00, 0x00, 0x00, 0x00, 0x00, 0x00, 0x00, 0x00, 0x00, //0x0000783c QUAD $0x0000000000000000; QUAD $0x0000000000000000  // .asciz 16, '\x00\x00\x00\x00\x00\x00\x00\x00\x00\x00\x00\x00\x00\x00\x00\x00'
	0x00, 0x00, 0x00, 0x00, //0x0000784c LONG $0x00000000  // .asciz 4, '\x00\x00\x00\x00'
	0x09, 0x00, 0x00, 0x00, //0x00007850 .long 9
	0x33, 0x37, 0x32, 0x35, 0x32, 0x39, 0x30, 0x32, 0x39, 0x38, 0x34, 0x36, 0x31, 0x39, 0x31, 0x34, //0x00007854 QUAD $0x3230393235323733; QUAD $0x3431393136343839  // .asciz 16, '3725290298461914'
	0x30, 0x36, 0x32, 0x35, 0x00, 0x00, 0x00, 0x00, 0x00, 0x00, 0x00, 0x00, 0x00, 0x00, 0x00, 0x00, //0x00007864 QUAD $0x0000000035323630; QUAD $0x0000000000000000  // .asciz 16, '0625\x00\x00\x00\x00\x00\x00\x00\x00\x00\x00\x00\x00'
	0x00, 0x00, 0x00, 0x00, 0x00, 0x00, 0x00, 0x00, 0x00, 0x00, 0x00, 0x00, 0x00, 0x00, 0x00, 0x00, //0x00007874 QUAD $0x0000000000000000; QUAD $0x0000000000000000  // .asciz 16, '\x00\x00\x00\x00\x00\x00\x00\x00\x00\x00\x00\x00\x00\x00\x00\x00'
	0x00, 0x00, 0x00, 0x00, 0x00, 0x00, 0x00, 0x00, 0x00, 0x00, 0x00, 0x00, 0x00, 0x00, 0x00, 0x00, //0x00007884 QUAD $0x0000000000000000; QUAD $0x0000000000000000  // .asciz 16, '\x00\x00\x00\x00\x00\x00\x00\x00\x00\x00\x00\x00\x00\x00\x00\x00'
	0x00, 0x00, 0x00, 0x00, 0x00, 0x00, 0x00, 0x00, 0x00, 0x00, 0x00, 0x00, 0x00, 0x00, 0x00, 0x00, //0x00007894 QUAD $0x0000000000000000; QUAD $0x0000000000000000  // .asciz 16, '\x00\x00\x00\x00\x00\x00\x00\x00\x00\x00\x00\x00\x00\x00\x00\x00'
	0x00, 0x00, 0x00, 0x00, 0x00, 0x00, 0x00, 0x00, 0x00, 0x00, 0x00, 0x00, 0x00, 0x00, 0x00, 0x00, //0x000078a4 QUAD $0x0000000000000000; QUAD $0x0000000000000000  // .asciz 16, '\x00\x00\x00\x00\x00\x00\x00\x00\x00\x00\x00\x00\x00\x00\x00\x00'
	0x00, 0x00, 0x00, 0x00, //0x000078b4 LONG $0x00000000  // .asciz 4, '\x00\x00\x00\x00'
	0x09, 0x00, 0x00, 0x00, //0x000078b8 .long 9
	0x31, 0x38, 0x36, 0x32, 0x36, 0x34, 0x35, 0x31, 0x34, 0x39, 0x32, 0x33, 0x30, 0x39, 0x35, 0x37, //0x000078bc QUAD $0x3135343632363831; QUAD $0x3735393033323934  // .asciz 16, '1862645149230957'
	0x30, 0x33, 0x31, 0x32, 0x35, 0x00, 0x00, 0x00, 0x00, 0x00, 0x00, 0x00, 0x00, 0x00, 0x00, 0x00, //0x000078cc QUAD $0x0000003532313330; QUAD $0x0000000000000000  // .asciz 16, '03125\x00\x00\x00\x00\x00\x00\x00\x00\x00\x00\x00'
	0x00, 0x00, 0x00, 0x00, 0x00, 0x00, 0x00, 0x00, 0x00, 0x00, 0x00, 0x00, 0x00, 0x00, 0x00, 0x00, //0x000078dc QUAD $0x0000000000000000; QUAD $0x0000000000000000  // .asciz 16, '\x00\x00\x00\x00\x00\x00\x00\x00\x00\x00\x00\x00\x00\x00\x00\x00'
	0x00, 0x00, 0x00, 0x00, 0x00, 0x00, 0x00, 0x00, 0x00, 0x00, 0x00, 0x00, 0x00, 0x00, 0x00, 0x00, //0x000078ec QUAD $0x0000000000000000; QUAD $0x0000000000000000  // .asciz 16, '\x00\x00\x00\x00\x00\x00\x00\x00\x00\x00\x00\x00\x00\x00\x00\x00'
	0x00, 0x00, 0x00, 0x00, 0x00, 0x00, 0x00, 0x00, 0x00, 0x00, 0x00, 0x00, 0x00, 0x00, 0x00, 0x00, //0x000078fc QUAD $0x0000000000000000; QUAD $0x0000000000000000  // .asciz 16, '\x00\x00\x00\x00\x00\x00\x00\x00\x00\x00\x00\x00\x00\x00\x00\x00'
	0x00, 0x00, 0x00, 0x00, 0x00, 0x00, 0x00, 0x00, 0x00, 0x00, 0x00, 0x00, 0x00, 0x00, 0x00, 0x00, //0x0000790c QUAD $0x0000000000000000; QUAD $0x0000000000000000  // .asciz 16, '\x00\x00\x00\x00\x00\x00\x00\x00\x00\x00\x00\x00\x00\x00\x00\x00'
	0x00, 0x00, 0x00, 0x00, //0x0000791c LONG $0x00000000  // .asciz 4, '\x00\x00\x00\x00'
	0x0a, 0x00, 0x00, 0x00, //0x00007920 .long 10
	0x39, 0x33, 0x31, 0x33, 0x32, 0x32, 0x35, 0x37, 0x34, 0x36, 0x31, 0x35, 0x34, 0x37, 0x38, 0x35, //0x00007924 QUAD $0x3735323233313339; QUAD $0x3538373435313634  // .asciz 16, '9313225746154785'
	0x31, 0x35, 0x36, 0x32, 0x35, 0x00, 0x00, 0x00, 0x00, 0x00, 0x00, 0x00, 0x00, 0x00, 0x00, 0x00, //0x00007934 QUAD $0x0000003532363531; QUAD $0x0000000000000000  // .asciz 16, '15625\x00\x00\x00\x00\x00\x00\x00\x00\x00\x00\x00'
	0x00, 0x00, 0x00, 0x00, 0x00, 0x00, 0x00, 0x00, 0x00, 0x00, 0x00, 0x00, 0x00, 0x00, 0x00, 0x00, //0x00007944 QUAD $0x0000000000000000; QUAD $0x0000000000000000  // .asciz 16, '\x00\x00\x00\x00\x00\x00\x00\x00\x00\x00\x00\x00\x00\x00\x00\x00'
	0x00, 0x00, 0x00, 0x00, 0x00, 0x00, 0x00, 0x00, 0x00, 0x00, 0x00, 0x00, 0x00, 0x00, 0x00, 0x00, //0x00007954 QUAD $0x0000000000000000; QUAD $0x0000000000000000  // .asciz 16, '\x00\x00\x00\x00\x00\x00\x00\x00\x00\x00\x00\x00\x00\x00\x00\x00'
	0x00, 0x00, 0x00, 0x00, 0x00, 0x00, 0x00, 0x00, 0x00, 0x00, 0x00, 0x00, 0x00, 0x00, 0x00, 0x00, //0x00007964 QUAD $0x0000000000000000; QUAD $0x0000000000000000  // .asciz 16, '\x00\x00\x00\x00\x00\x00\x00\x00\x00\x00\x00\x00\x00\x00\x00\x00'
	0x00, 0x00, 0x00, 0x00, 0x00, 0x00, 0x00, 0x00, 0x00, 0x00, 0x00, 0x00, 0x00, 0x00, 0x00, 0x00, //0x00007974 QUAD $0x0000000000000000; QUAD $0x0000000000000000  // .asciz 16, '\x00\x00\x00\x00\x00\x00\x00\x00\x00\x00\x00\x00\x00\x00\x00\x00'
	0x00, 0x00, 0x00, 0x00, //0x00007984 LONG $0x00000000  // .asciz 4, '\x00\x00\x00\x00'
	0x0a, 0x00, 0x00, 0x00, //0x00007988 .long 10
	0x34, 0x36, 0x35, 0x36, 0x36, 0x31, 0x32, 0x38, 0x37, 0x33, 0x30, 0x37, 0x37, 0x33, 0x39, 0x32, //0x0000798c QUAD $0x3832313636353634; QUAD $0x3239333737303337  // .asciz 16, '4656612873077392'
	0x35, 0x37, 0x38, 0x31, 0x32, 0x35, 0x00, 0x00, 0x00, 0x00, 0x00, 0x00, 0x00, 0x00, 0x00, 0x00, //0x0000799c QUAD $0x0000353231383735; QUAD $0x0000000000000000  // .asciz 16, '578125\x00\x00\x00\x00\x00\x00\x00\x00\x00\x00'
	0x00, 0x00, 0x00, 0x00, 0x00, 0x00, 0x00, 0x00, 0x00, 0x00, 0x00, 0x00, 0x00, 0x00, 0x00, 0x00, //0x000079ac QUAD $0x0000000000000000; QUAD $0x0000000000000000  // .asciz 16, '\x00\x00\x00\x00\x00\x00\x00\x00\x00\x00\x00\x00\x00\x00\x00\x00'
	0x00, 0x00, 0x00, 0x00, 0x00, 0x00, 0x00, 0x00, 0x00, 0x00, 0x00, 0x00, 0x00, 0x00, 0x00, 0x00, //0x000079bc QUAD $0x0000000000000000; QUAD $0x0000000000000000  // .asciz 16, '\x00\x00\x00\x00\x00\x00\x00\x00\x00\x00\x00\x00\x00\x00\x00\x00'
	0x00, 0x00, 0x00, 0x00, 0x00, 0x00, 0x00, 0x00, 0x00, 0x00, 0x00, 0x00, 0x00, 0x00, 0x00, 0x00, //0x000079cc QUAD $0x0000000000000000; QUAD $0x0000000000000000  // .asciz 16, '\x00\x00\x00\x00\x00\x00\x00\x00\x00\x00\x00\x00\x00\x00\x00\x00'
	0x00, 0x00, 0x00, 0x00, 0x00, 0x00, 0x00, 0x00, 0x00, 0x00, 0x00, 0x00, 0x00, 0x00, 0x00, 0x00, //0x000079dc QUAD $0x0000000000000000; QUAD $0x0000000000000000  // .asciz 16, '\x00\x00\x00\x00\x00\x00\x00\x00\x00\x00\x00\x00\x00\x00\x00\x00'
	0x00, 0x00, 0x00, 0x00, //0x000079ec LONG $0x00000000  // .asciz 4, '\x00\x00\x00\x00'
	0x0a, 0x00, 0x00, 0x00, //0x000079f0 .long 10
	0x32, 0x33, 0x32, 0x38, 0x33, 0x30, 0x36, 0x34, 0x33, 0x36, 0x35, 0x33, 0x38, 0x36, 0x39, 0x36, //0x000079f4 QUAD $0x3436303338323332; QUAD $0x3639363833353633  // .asciz 16, '2328306436538696'
	0x32, 0x38, 0x39, 0x30, 0x36, 0x32, 0x35, 0x00, 0x00, 0x00, 0x00, 0x00, 0x00, 0x00, 0x00, 0x00, //0x00007a04 QUAD $0x0035323630393832; QUAD $0x0000000000000000  // .asciz 16, '2890625\x00\x00\x00\x00\x00\x00\x00\x00\x00'
	0x00, 0x00, 0x00, 0x00, 0x00, 0x00, 0x00, 0x00, 0x00, 0x00, 0x00, 0x00, 0x00, 0x00, 0x00, 0x00, //0x00007a14 QUAD $0x0000000000000000; QUAD $0x0000000000000000  // .asciz 16, '\x00\x00\x00\x00\x00\x00\x00\x00\x00\x00\x00\x00\x00\x00\x00\x00'
	0x00, 0x00, 0x00, 0x00, 0x00, 0x00, 0x00, 0x00, 0x00, 0x00, 0x00, 0x00, 0x00, 0x00, 0x00, 0x00, //0x00007a24 QUAD $0x0000000000000000; QUAD $0x0000000000000000  // .asciz 16, '\x00\x00\x00\x00\x00\x00\x00\x00\x00\x00\x00\x00\x00\x00\x00\x00'
	0x00, 0x00, 0x00, 0x00, 0x00, 0x00, 0x00, 0x00, 0x00, 0x00, 0x00, 0x00, 0x00, 0x00, 0x00, 0x00, //0x00007a34 QUAD $0x0000000000000000; QUAD $0x0000000000000000  // .asciz 16, '\x00\x00\x00\x00\x00\x00\x00\x00\x00\x00\x00\x00\x00\x00\x00\x00'
	0x00, 0x00, 0x00, 0x00, 0x00, 0x00, 0x00, 0x00, 0x00, 0x00, 0x00, 0x00, 0x00, 0x00, 0x00, 0x00, //0x00007a44 QUAD $0x0000000000000000; QUAD $0x0000000000000000  // .asciz 16, '\x00\x00\x00\x00\x00\x00\x00\x00\x00\x00\x00\x00\x00\x00\x00\x00'
	0x00, 0x00, 0x00, 0x00, //0x00007a54 LONG $0x00000000  // .asciz 4, '\x00\x00\x00\x00'
	0x0a, 0x00, 0x00, 0x00, //0x00007a58 .long 10
	0x31, 0x31, 0x36, 0x34, 0x31, 0x35, 0x33, 0x32, 0x31, 0x38, 0x32, 0x36, 0x39, 0x33, 0x34, 0x38, //0x00007a5c QUAD $0x3233353134363131; QUAD $0x3834333936323831  // .asciz 16, '1164153218269348'
	0x31, 0x34, 0x34, 0x35, 0x33, 0x31, 0x32, 0x35, 0x00, 0x00, 0x00, 0x00, 0x00, 0x00, 0x00, 0x00, //0x00007a6c QUAD $0x3532313335343431; QUAD $0x0000000000000000  // .asciz 16, '14453125\x00\x00\x00\x00\x00\x00\x00\x00'
	0x00, 0x00, 0x00, 0x00, 0x00, 0x00, 0x00, 0x00, 0x00, 0x00, 0x00, 0x00, 0x00, 0x00, 0x00, 0x00, //0x00007a7c QUAD $0x0000000000000000; QUAD $0x0000000000000000  // .asciz 16, '\x00\x00\x00\x00\x00\x00\x00\x00\x00\x00\x00\x00\x00\x00\x00\x00'
	0x00, 0x00, 0x00, 0x00, 0x00, 0x00, 0x00, 0x00, 0x00, 0x00, 0x00, 0x00, 0x00, 0x00, 0x00, 0x00, //0x00007a8c QUAD $0x0000000000000000; QUAD $0x0000000000000000  // .asciz 16, '\x00\x00\x00\x00\x00\x00\x00\x00\x00\x00\x00\x00\x00\x00\x00\x00'
	0x00, 0x00, 0x00, 0x00, 0x00, 0x00, 0x00, 0x00, 0x00, 0x00, 0x00, 0x00, 0x00, 0x00, 0x00, 0x00, //0x00007a9c QUAD $0x0000000000000000; QUAD $0x0000000000000000  // .asciz 16, '\x00\x00\x00\x00\x00\x00\x00\x00\x00\x00\x00\x00\x00\x00\x00\x00'
	0x00, 0x00, 0x00, 0x00, 0x00, 0x00, 0x00, 0x00, 0x00, 0x00, 0x00, 0x00, 0x00, 0x00, 0x00, 0x00, //0x00007aac QUAD $0x0000000000000000; QUAD $0x0000000000000000  // .asciz 16, '\x00\x00\x00\x00\x00\x00\x00\x00\x00\x00\x00\x00\x00\x00\x00\x00'
	0x00, 0x00, 0x00, 0x00, //0x00007abc LONG $0x00000000  // .asciz 4, '\x00\x00\x00\x00'
	0x0b, 0x00, 0x00, 0x00, //0x00007ac0 .long 11
	0x35, 0x38, 0x32, 0x30, 0x37, 0x36, 0x36, 0x30, 0x39, 0x31, 0x33, 0x34, 0x36, 0x37, 0x34, 0x30, //0x00007ac4 QUAD $0x3036363730323835; QUAD $0x3034373634333139  // .asciz 16, '5820766091346740'
	0x37, 0x32, 0x32, 0x36, 0x35, 0x36, 0x32, 0x35, 0x00, 0x00, 0x00, 0x00, 0x00, 0x00, 0x00, 0x00, //0x00007ad4 QUAD $0x3532363536323237; QUAD $0x0000000000000000  // .asciz 16, '72265625\x00\x00\x00\x00\x00\x00\x00\x00'
	0x00, 0x00, 0x00, 0x00, 0x00, 0x00, 0x00, 0x00, 0x00, 0x00, 0x00, 0x00, 0x00, 0x00, 0x00, 0x00, //0x00007ae4 QUAD $0x0000000000000000; QUAD $0x0000000000000000  // .asciz 16, '\x00\x00\x00\x00\x00\x00\x00\x00\x00\x00\x00\x00\x00\x00\x00\x00'
	0x00, 0x00, 0x00, 0x00, 0x00, 0x00, 0x00, 0x00, 0x00, 0x00, 0x00, 0x00, 0x00, 0x00, 0x00, 0x00, //0x00007af4 QUAD $0x0000000000000000; QUAD $0x0000000000000000  // .asciz 16, '\x00\x00\x00\x00\x00\x00\x00\x00\x00\x00\x00\x00\x00\x00\x00\x00'
	0x00, 0x00, 0x00, 0x00, 0x00, 0x00, 0x00, 0x00, 0x00, 0x00, 0x00, 0x00, 0x00, 0x00, 0x00, 0x00, //0x00007b04 QUAD $0x0000000000000000; QUAD $0x0000000000000000  // .asciz 16, '\x00\x00\x00\x00\x00\x00\x00\x00\x00\x00\x00\x00\x00\x00\x00\x00'
	0x00, 0x00, 0x00, 0x00, 0x00, 0x00, 0x00, 0x00, 0x00, 0x00, 0x00, 0x00, 0x00, 0x00, 0x00, 0x00, //0x00007b14 QUAD $0x0000000000000000; QUAD $0x0000000000000000  // .asciz 16, '\x00\x00\x00\x00\x00\x00\x00\x00\x00\x00\x00\x00\x00\x00\x00\x00'
	0x00, 0x00, 0x00, 0x00, //0x00007b24 LONG $0x00000000  // .asciz 4, '\x00\x00\x00\x00'
	0x0b, 0x00, 0x00, 0x00, //0x00007b28 .long 11
	0x32, 0x39, 0x31, 0x30, 0x33, 0x38, 0x33, 0x30, 0x34, 0x35, 0x36, 0x37, 0x33, 0x33, 0x37, 0x30, //0x00007b2c QUAD $0x3033383330313932; QUAD $0x3037333337363534  // .asciz 16, '2910383045673370'
	0x33, 0x36, 0x31, 0x33, 0x32, 0x38, 0x31, 0x32, 0x35, 0x00, 0x00, 0x00, 0x00, 0x00, 0x00, 0x00, //0x00007b3c QUAD $0x3231383233313633; QUAD $0x0000000000000035  // .asciz 16, '361328125\x00\x00\x00\x00\x00\x00\x00'
	0x00, 0x00, 0x00, 0x00, 0x00, 0x00, 0x00, 0x00, 0x00, 0x00, 0x00, 0x00, 0x00, 0x00, 0x00, 0x00, //0x00007b4c QUAD $0x0000000000000000; QUAD $0x0000000000000000  // .asciz 16, '\x00\x00\x00\x00\x00\x00\x00\x00\x00\x00\x00\x00\x00\x00\x00\x00'
	0x00, 0x00, 0x00, 0x00, 0x00, 0x00, 0x00, 0x00, 0x00, 0x00, 0x00, 0x00, 0x00, 0x00, 0x00, 0x00, //0x00007b5c QUAD $0x0000000000000000; QUAD $0x0000000000000000  // .asciz 16, '\x00\x00\x00\x00\x00\x00\x00\x00\x00\x00\x00\x00\x00\x00\x00\x00'
	0x00, 0x00, 0x00, 0x00, 0x00, 0x00, 0x00, 0x00, 0x00, 0x00, 0x00, 0x00, 0x00, 0x00, 0x00, 0x00, //0x00007b6c QUAD $0x0000000000000000; QUAD $0x0000000000000000  // .asciz 16, '\x00\x00\x00\x00\x00\x00\x00\x00\x00\x00\x00\x00\x00\x00\x00\x00'
	0x00, 0x00, 0x00, 0x00, 0x00, 0x00, 0x00, 0x00, 0x00, 0x00, 0x00, 0x00, 0x00, 0x00, 0x00, 0x00, //0x00007b7c QUAD $0x0000000000000000; QUAD $0x0000000000000000  // .asciz 16, '\x00\x00\x00\x00\x00\x00\x00\x00\x00\x00\x00\x00\x00\x00\x00\x00'
	0x00, 0x00, 0x00, 0x00, //0x00007b8c LONG $0x00000000  // .asciz 4, '\x00\x00\x00\x00'
	0x0b, 0x00, 0x00, 0x00, //0x00007b90 .long 11
	0x31, 0x34, 0x35, 0x35, 0x31, 0x39, 0x31, 0x35, 0x32, 0x32, 0x38, 0x33, 0x36, 0x36, 0x38, 0x35, //0x00007b94 QUAD $0x3531393135353431; QUAD $0x3538363633383232  // .asciz 16, '1455191522836685'
	0x31, 0x38, 0x30, 0x36, 0x36, 0x34, 0x30, 0x36, 0x32, 0x35, 0x00, 0x00, 0x00, 0x00, 0x00, 0x00, //0x00007ba4 QUAD $0x3630343636303831; QUAD $0x0000000000003532  // .asciz 16, '1806640625\x00\x00\x00\x00\x00\x00'
	0x00, 0x00, 0x00, 0x00, 0x00, 0x00, 0x00, 0x00, 0x00, 0x00, 0x00, 0x00, 0x00, 0x00, 0x00, 0x00, //0x00007bb4 QUAD $0x0000000000000000; QUAD $0x0000000000000000  // .asciz 16, '\x00\x00\x00\x00\x00\x00\x00\x00\x00\x00\x00\x00\x00\x00\x00\x00'
	0x00, 0x00, 0x00, 0x00, 0x00, 0x00, 0x00, 0x00, 0x00, 0x00, 0x00, 0x00, 0x00, 0x00, 0x00, 0x00, //0x00007bc4 QUAD $0x0000000000000000; QUAD $0x0000000000000000  // .asciz 16, '\x00\x00\x00\x00\x00\x00\x00\x00\x00\x00\x00\x00\x00\x00\x00\x00'
	0x00, 0x00, 0x00, 0x00, 0x00, 0x00, 0x00, 0x00, 0x00, 0x00, 0x00, 0x00, 0x00, 0x00, 0x00, 0x00, //0x00007bd4 QUAD $0x0000000000000000; QUAD $0x0000000000000000  // .asciz 16, '\x00\x00\x00\x00\x00\x00\x00\x00\x00\x00\x00\x00\x00\x00\x00\x00'
	0x00, 0x00, 0x00, 0x00, 0x00, 0x00, 0x00, 0x00, 0x00, 0x00, 0x00, 0x00, 0x00, 0x00, 0x00, 0x00, //0x00007be4 QUAD $0x0000000000000000; QUAD $0x0000000000000000  // .asciz 16, '\x00\x00\x00\x00\x00\x00\x00\x00\x00\x00\x00\x00\x00\x00\x00\x00'
	0x00, 0x00, 0x00, 0x00, //0x00007bf4 LONG $0x00000000  // .asciz 4, '\x00\x00\x00\x00'
	0x0c, 0x00, 0x00, 0x00, //0x00007bf8 .long 12
	0x37, 0x32, 0x37, 0x35, 0x39, 0x35, 0x37, 0x36, 0x31, 0x34, 0x31, 0x38, 0x33, 0x34, 0x32, 0x35, //0x00007bfc QUAD $0x3637353935373237; QUAD $0x3532343338313431  // .asciz 16, '7275957614183425'
	0x39, 0x30, 0x33, 0x33, 0x32, 0x30, 0x33, 0x31, 0x32, 0x35, 0x00, 0x00, 0x00, 0x00, 0x00, 0x00, //0x00007c0c QUAD $0x3133303233333039; QUAD $0x0000000000003532  // .asciz 16, '9033203125\x00\x00\x00\x00\x00\x00'
	0x00, 0x00, 0x00, 0x00, 0x00, 0x00, 0x00, 0x00, 0x00, 0x00, 0x00, 0x00, 0x00, 0x00, 0x00, 0x00, //0x00007c1c QUAD $0x0000000000000000; QUAD $0x0000000000000000  // .asciz 16, '\x00\x00\x00\x00\x00\x00\x00\x00\x00\x00\x00\x00\x00\x00\x00\x00'
	0x00, 0x00, 0x00, 0x00, 0x00, 0x00, 0x00, 0x00, 0x00, 0x00, 0x00, 0x00, 0x00, 0x00, 0x00, 0x00, //0x00007c2c QUAD $0x0000000000000000; QUAD $0x0000000000000000  // .asciz 16, '\x00\x00\x00\x00\x00\x00\x00\x00\x00\x00\x00\x00\x00\x00\x00\x00'
	0x00, 0x00, 0x00, 0x00, 0x00, 0x00, 0x00, 0x00, 0x00, 0x00, 0x00, 0x00, 0x00, 0x00, 0x00, 0x00, //0x00007c3c QUAD $0x0000000000000000; QUAD $0x0000000000000000  // .asciz 16, '\x00\x00\x00\x00\x00\x00\x00\x00\x00\x00\x00\x00\x00\x00\x00\x00'
	0x00, 0x00, 0x00, 0x00, 0x00, 0x00, 0x00, 0x00, 0x00, 0x00, 0x00, 0x00, 0x00, 0x00, 0x00, 0x00, //0x00007c4c QUAD $0x0000000000000000; QUAD $0x0000000000000000  // .asciz 16, '\x00\x00\x00\x00\x00\x00\x00\x00\x00\x00\x00\x00\x00\x00\x00\x00'
	0x00, 0x00, 0x00, 0x00, //0x00007c5c LONG $0x00000000  // .asciz 4, '\x00\x00\x00\x00'
	0x0c, 0x00, 0x00, 0x00, //0x00007c60 .long 12
	0x33, 0x36, 0x33, 0x37, 0x39, 0x37, 0x38, 0x38, 0x30, 0x37, 0x30, 0x39, 0x31, 0x37, 0x31, 0x32, //0x00007c64 QUAD $0x3838373937333633; QUAD $0x3231373139303730  // .asciz 16, '3637978807091712'
	0x39, 0x35, 0x31, 0x36, 0x36, 0x30, 0x31, 0x35, 0x36, 0x32, 0x35, 0x00, 0x00, 0x00, 0x00, 0x00, //0x00007c74 QUAD $0x3531303636313539; QUAD $0x0000000000353236  // .asciz 16, '95166015625\x00\x00\x00\x00\x00'
	0x00, 0x00, 0x00, 0x00, 0x00, 0x00, 0x00, 0x00, 0x00, 0x00, 0x00, 0x00, 0x00, 0x00, 0x00, 0x00, //0x00007c84 QUAD $0x0000000000000000; QUAD $0x0000000000000000  // .asciz 16, '\x00\x00\x00\x00\x00\x00\x00\x00\x00\x00\x00\x00\x00\x00\x00\x00'
	0x00, 0x00, 0x00, 0x00, 0x00, 0x00, 0x00, 0x00, 0x00, 0x00, 0x00, 0x00, 0x00, 0x00, 0x00, 0x00, //0x00007c94 QUAD $0x0000000000000000; QUAD $0x0000000000000000  // .asciz 16, '\x00\x00\x00\x00\x00\x00\x00\x00\x00\x00\x00\x00\x00\x00\x00\x00'
	0x00, 0x00, 0x00, 0x00, 0x00, 0x00, 0x00, 0x00, 0x00, 0x00, 0x00, 0x00, 0x00, 0x00, 0x00, 0x00, //0x00007ca4 QUAD $0x0000000000000000; QUAD $0x0000000000000000  // .asciz 16, '\x00\x00\x00\x00\x00\x00\x00\x00\x00\x00\x00\x00\x00\x00\x00\x00'
	0x00, 0x00, 0x00, 0x00, 0x00, 0x00, 0x00, 0x00, 0x00, 0x00, 0x00, 0x00, 0x00, 0x00, 0x00, 0x00, //0x00007cb4 QUAD $0x0000000000000000; QUAD $0x0000000000000000  // .asciz 16, '\x00\x00\x00\x00\x00\x00\x00\x00\x00\x00\x00\x00\x00\x00\x00\x00'
	0x00, 0x00, 0x00, 0x00, //0x00007cc4 LONG $0x00000000  // .asciz 4, '\x00\x00\x00\x00'
	0x0c, 0x00, 0x00, 0x00, //0x00007cc8 .long 12
	0x31, 0x38, 0x31, 0x38, 0x39, 0x38, 0x39, 0x34, 0x30, 0x33, 0x35, 0x34, 0x35, 0x38, 0x35, 0x36, //0x00007ccc QUAD $0x3439383938313831; QUAD $0x3635383534353330  // .asciz 16, '1818989403545856'
	0x34, 0x37, 0x35, 0x38, 0x33, 0x30, 0x30, 0x37, 0x38, 0x31, 0x32, 0x35, 0x00, 0x00, 0x00, 0x00, //0x00007cdc QUAD $0x3730303338353734; QUAD $0x0000000035323138  // .asciz 16, '475830078125\x00\x00\x00\x00'
	0x00, 0x00, 0x00, 0x00, 0x00, 0x00, 0x00, 0x00, 0x00, 0x00, 0x00, 0x00, 0x00, 0x00, 0x00, 0x00, //0x00007cec QUAD $0x0000000000000000; QUAD $0x0000000000000000  // .asciz 16, '\x00\x00\x00\x00\x00\x00\x00\x00\x00\x00\x00\x00\x00\x00\x00\x00'
	0x00, 0x00, 0x00, 0x00, 0x00, 0x00, 0x00, 0x00, 0x00, 0x00, 0x00, 0x00, 0x00, 0x00, 0x00, 0x00, //0x00007cfc QUAD $0x0000000000000000; QUAD $0x0000000000000000  // .asciz 16, '\x00\x00\x00\x00\x00\x00\x00\x00\x00\x00\x00\x00\x00\x00\x00\x00'
	0x00, 0x00, 0x00, 0x00, 0x00, 0x00, 0x00, 0x00, 0x00, 0x00, 0x00, 0x00, 0x00, 0x00, 0x00, 0x00, //0x00007d0c QUAD $0x0000000000000000; QUAD $0x0000000000000000  // .asciz 16, '\x00\x00\x00\x00\x00\x00\x00\x00\x00\x00\x00\x00\x00\x00\x00\x00'
	0x00, 0x00, 0x00, 0x00, 0x00, 0x00, 0x00, 0x00, 0x00, 0x00, 0x00, 0x00, 0x00, 0x00, 0x00, 0x00, //0x00007d1c QUAD $0x0000000000000000; QUAD $0x0000000000000000  // .asciz 16, '\x00\x00\x00\x00\x00\x00\x00\x00\x00\x00\x00\x00\x00\x00\x00\x00'
	0x00, 0x00, 0x00, 0x00, //0x00007d2c LONG $0x00000000  // .asciz 4, '\x00\x00\x00\x00'
	0x0d, 0x00, 0x00, 0x00, //0x00007d30 .long 13
	0x39, 0x30, 0x39, 0x34, 0x39, 0x34, 0x37, 0x30, 0x31, 0x37, 0x37, 0x32, 0x39, 0x32, 0x38, 0x32, //0x00007d34 QUAD $0x3037343934393039; QUAD $0x3238323932373731  // .asciz 16, '9094947017729282'
	0x33, 0x37, 0x39, 0x31, 0x35, 0x30, 0x33, 0x39, 0x30, 0x36, 0x32, 0x35, 0x00, 0x00, 0x00, 0x00, //0x00007d44 QUAD $0x3933303531393733; QUAD $0x0000000035323630  // .asciz 16, '379150390625\x00\x00\x00\x00'
	0x00, 0x00, 0x00, 0x00, 0x00, 0x00, 0x00, 0x00, 0x00, 0x00, 0x00, 0x00, 0x00, 0x00, 0x00, 0x00, //0x00007d54 QUAD $0x0000000000000000; QUAD $0x0000000000000000  // .asciz 16, '\x00\x00\x00\x00\x00\x00\x00\x00\x00\x00\x00\x00\x00\x00\x00\x00'
	0x00, 0x00, 0x00, 0x00, 0x00, 0x00, 0x00, 0x00, 0x00, 0x00, 0x00, 0x00, 0x00, 0x00, 0x00, 0x00, //0x00007d64 QUAD $0x0000000000000000; QUAD $0x0000000000000000  // .asciz 16, '\x00\x00\x00\x00\x00\x00\x00\x00\x00\x00\x00\x00\x00\x00\x00\x00'
	0x00, 0x00, 0x00, 0x00, 0x00, 0x00, 0x00, 0x00, 0x00, 0x00, 0x00, 0x00, 0x00, 0x00, 0x00, 0x00, //0x00007d74 QUAD $0x0000000000000000; QUAD $0x0000000000000000  // .asciz 16, '\x00\x00\x00\x00\x00\x00\x00\x00\x00\x00\x00\x00\x00\x00\x00\x00'
	0x00, 0x00, 0x00, 0x00, 0x00, 0x00, 0x00, 0x00, 0x00, 0x00, 0x00, 0x00, 0x00, 0x00, 0x00, 0x00, //0x00007d84 QUAD $0x0000000000000000; QUAD $0x0000000000000000  // .asciz 16, '\x00\x00\x00\x00\x00\x00\x00\x00\x00\x00\x00\x00\x00\x00\x00\x00'
	0x00, 0x00, 0x00, 0x00, //0x00007d94 LONG $0x00000000  // .asciz 4, '\x00\x00\x00\x00'
	0x0d, 0x00, 0x00, 0x00, //0x00007d98 .long 13
	0x34, 0x35, 0x34, 0x37, 0x34, 0x37, 0x33, 0x35, 0x30, 0x38, 0x38, 0x36, 0x34, 0x36, 0x34, 0x31, //0x00007d9c QUAD $0x3533373437343534; QUAD $0x3134363436383830  // .asciz 16, '4547473508864641'
	0x31, 0x38, 0x39, 0x35, 0x37, 0x35, 0x31, 0x39, 0x35, 0x33, 0x31, 0x32, 0x35, 0x00, 0x00, 0x00, //0x00007dac QUAD $0x3931353735393831; QUAD $0x0000003532313335  // .asciz 16, '1895751953125\x00\x00\x00'
	0x00, 0x00, 0x00, 0x00, 0x00, 0x00, 0x00, 0x00, 0x00, 0x00, 0x00, 0x00, 0x00, 0x00, 0x00, 0x00, //0x00007dbc QUAD $0x0000000000000000; QUAD $0x0000000000000000  // .asciz 16, '\x00\x00\x00\x00\x00\x00\x00\x00\x00\x00\x00\x00\x00\x00\x00\x00'
	0x00, 0x00, 0x00, 0x00, 0x00, 0x00, 0x00, 0x00, 0x00, 0x00, 0x00, 0x00, 0x00, 0x00, 0x00, 0x00, //0x00007dcc QUAD $0x0000000000000000; QUAD $0x0000000000000000  // .asciz 16, '\x00\x00\x00\x00\x00\x00\x00\x00\x00\x00\x00\x00\x00\x00\x00\x00'
	0x00, 0x00, 0x00, 0x00, 0x00, 0x00, 0x00, 0x00, 0x00, 0x00, 0x00, 0x00, 0x00, 0x00, 0x00, 0x00, //0x00007ddc QUAD $0x0000000000000000; QUAD $0x0000000000000000  // .asciz 16, '\x00\x00\x00\x00\x00\x00\x00\x00\x00\x00\x00\x00\x00\x00\x00\x00'
	0x00, 0x00, 0x00, 0x00, 0x00, 0x00, 0x00, 0x00, 0x00, 0x00, 0x00, 0x00, 0x00, 0x00, 0x00, 0x00, //0x00007dec QUAD $0x0000000000000000; QUAD $0x0000000000000000  // .asciz 16, '\x00\x00\x00\x00\x00\x00\x00\x00\x00\x00\x00\x00\x00\x00\x00\x00'
	0x00, 0x00, 0x00, 0x00, //0x00007dfc LONG $0x00000000  // .asciz 4, '\x00\x00\x00\x00'
	0x0d, 0x00, 0x00, 0x00, //0x00007e00 .long 13
	0x32, 0x32, 0x37, 0x33, 0x37, 0x33, 0x36, 0x37, 0x35, 0x34, 0x34, 0x33, 0x32, 0x33, 0x32, 0x30, //0x00007e04 QUAD $0x3736333733373232; QUAD $0x3032333233343435  // .asciz 16, '2273736754432320'
	0x35, 0x39, 0x34, 0x37, 0x38, 0x37, 0x35, 0x39, 0x37, 0x36, 0x35, 0x36, 0x32, 0x35, 0x00, 0x00, //0x00007e14 QUAD $0x3935373837343935; QUAD $0x0000353236353637  // .asciz 16, '59478759765625\x00\x00'
	0x00, 0x00, 0x00, 0x00, 0x00, 0x00, 0x00, 0x00, 0x00, 0x00, 0x00, 0x00, 0x00, 0x00, 0x00, 0x00, //0x00007e24 QUAD $0x0000000000000000; QUAD $0x0000000000000000  // .asciz 16, '\x00\x00\x00\x00\x00\x00\x00\x00\x00\x00\x00\x00\x00\x00\x00\x00'
	0x00, 0x00, 0x00, 0x00, 0x00, 0x00, 0x00, 0x00, 0x00, 0x00, 0x00, 0x00, 0x00, 0x00, 0x00, 0x00, //0x00007e34 QUAD $0x0000000000000000; QUAD $0x0000000000000000  // .asciz 16, '\x00\x00\x00\x00\x00\x00\x00\x00\x00\x00\x00\x00\x00\x00\x00\x00'
	0x00, 0x00, 0x00, 0x00, 0x00, 0x00, 0x00, 0x00, 0x00, 0x00, 0x00, 0x00, 0x00, 0x00, 0x00, 0x00, //0x00007e44 QUAD $0x0000000000000000; QUAD $0x0000000000000000  // .asciz 16, '\x00\x00\x00\x00\x00\x00\x00\x00\x00\x00\x00\x00\x00\x00\x00\x00'
	0x00, 0x00, 0x00, 0x00, 0x00, 0x00, 0x00, 0x00, 0x00, 0x00, 0x00, 0x00, 0x00, 0x00, 0x00, 0x00, //0x00007e54 QUAD $0x0000000000000000; QUAD $0x0000000000000000  // .asciz 16, '\x00\x00\x00\x00\x00\x00\x00\x00\x00\x00\x00\x00\x00\x00\x00\x00'
	0x00, 0x00, 0x00, 0x00, //0x00007e64 LONG $0x00000000  // .asciz 4, '\x00\x00\x00\x00'
	0x0d, 0x00, 0x00, 0x00, //0x00007e68 .long 13
	0x31, 0x31, 0x33, 0x36, 0x38, 0x36, 0x38, 0x33, 0x37, 0x37, 0x32, 0x31, 0x36, 0x31, 0x36, 0x30, //0x00007e6c QUAD $0x3338363836333131; QUAD $0x3036313631323737  // .asciz 16, '1136868377216160'
	0x32, 0x39, 0x37, 0x33, 0x39, 0x33, 0x37, 0x39, 0x38, 0x38, 0x32, 0x38, 0x31, 0x32, 0x35, 0x00, //0x00007e7c QUAD $0x3937333933373932; QUAD $0x0035323138323838  // .asciz 16, '297393798828125\x00'
	0x00, 0x00, 0x00, 0x00, 0x00, 0x00, 0x00, 0x00, 0x00, 0x00, 0x00, 0x00, 0x00, 0x00, 0x00, 0x00, //0x00007e8c QUAD $0x0000000000000000; QUAD $0x0000000000000000  // .asciz 16, '\x00\x00\x00\x00\x00\x00\x00\x00\x00\x00\x00\x00\x00\x00\x00\x00'
	0x00, 0x00, 0x00, 0x00, 0x00, 0x00, 0x00, 0x00, 0x00, 0x00, 0x00, 0x00, 0x00, 0x00, 0x00, 0x00, //0x00007e9c QUAD $0x0000000000000000; QUAD $0x0000000000000000  // .asciz 16, '\x00\x00\x00\x00\x00\x00\x00\x00\x00\x00\x00\x00\x00\x00\x00\x00'
	0x00, 0x00, 0x00, 0x00, 0x00, 0x00, 0x00, 0x00, 0x00, 0x00, 0x00, 0x00, 0x00, 0x00, 0x00, 0x00, //0x00007eac QUAD $0x0000000000000000; QUAD $0x0000000000000000  // .asciz 16, '\x00\x00\x00\x00\x00\x00\x00\x00\x00\x00\x00\x00\x00\x00\x00\x00'
	0x00, 0x00, 0x00, 0x00, 0x00, 0x00, 0x00, 0x00, 0x00, 0x00, 0x00, 0x00, 0x00, 0x00, 0x00, 0x00, //0x00007ebc QUAD $0x0000000000000000; QUAD $0x0000000000000000  // .asciz 16, '\x00\x00\x00\x00\x00\x00\x00\x00\x00\x00\x00\x00\x00\x00\x00\x00'
	0x00, 0x00, 0x00, 0x00, //0x00007ecc LONG $0x00000000  // .asciz 4, '\x00\x00\x00\x00'
	0x0e, 0x00, 0x00, 0x00, //0x00007ed0 .long 14
	0x35, 0x36, 0x38, 0x34, 0x33, 0x34, 0x31, 0x38, 0x38, 0x36, 0x30, 0x38, 0x30, 0x38, 0x30, 0x31, //0x00007ed4 QUAD $0x3831343334383635; QUAD $0x3130383038303638  // .asciz 16, '5684341886080801'
	0x34, 0x38, 0x36, 0x39, 0x36, 0x38, 0x39, 0x39, 0x34, 0x31, 0x34, 0x30, 0x36, 0x32, 0x35, 0x00, //0x00007ee4 QUAD $0x3939383639363834; QUAD $0x0035323630343134  // .asciz 16, '486968994140625\x00'
	0x00, 0x00, 0x00, 0x00, 0x00, 0x00, 0x00, 0x00, 0x00, 0x00, 0x00, 0x00, 0x00, 0x00, 0x00, 0x00, //0x00007ef4 QUAD $0x0000000000000000; QUAD $0x0000000000000000  // .asciz 16, '\x00\x00\x00\x00\x00\x00\x00\x00\x00\x00\x00\x00\x00\x00\x00\x00'
	0x00, 0x00, 0x00, 0x00, 0x00, 0x00, 0x00, 0x00, 0x00, 0x00, 0x00, 0x00, 0x00, 0x00, 0x00, 0x00, //0x00007f04 QUAD $0x0000000000000000; QUAD $0x0000000000000000  // .asciz 16, '\x00\x00\x00\x00\x00\x00\x00\x00\x00\x00\x00\x00\x00\x00\x00\x00'
	0x00, 0x00, 0x00, 0x00, 0x00, 0x00, 0x00, 0x00, 0x00, 0x00, 0x00, 0x00, 0x00, 0x00, 0x00, 0x00, //0x00007f14 QUAD $0x0000000000000000; QUAD $0x0000000000000000  // .asciz 16, '\x00\x00\x00\x00\x00\x00\x00\x00\x00\x00\x00\x00\x00\x00\x00\x00'
	0x00, 0x00, 0x00, 0x00, 0x00, 0x00, 0x00, 0x00, 0x00, 0x00, 0x00, 0x00, 0x00, 0x00, 0x00, 0x00, //0x00007f24 QUAD $0x0000000000000000; QUAD $0x0000000000000000  // .asciz 16, '\x00\x00\x00\x00\x00\x00\x00\x00\x00\x00\x00\x00\x00\x00\x00\x00'
	0x00, 0x00, 0x00, 0x00, //0x00007f34 LONG $0x00000000  // .asciz 4, '\x00\x00\x00\x00'
	0x0e, 0x00, 0x00, 0x00, //0x00007f38 .long 14
	0x32, 0x38, 0x34, 0x32, 0x31, 0x37, 0x30, 0x39, 0x34, 0x33, 0x30, 0x34, 0x30, 0x34, 0x30, 0x30, //0x00007f3c QUAD $0x3930373132343832; QUAD $0x3030343034303334  // .asciz 16, '2842170943040400'
	0x37, 0x34, 0x33, 0x34, 0x38, 0x34, 0x34, 0x39, 0x37, 0x30, 0x37, 0x30, 0x33, 0x31, 0x32, 0x35, //0x00007f4c QUAD $0x3934343834333437; QUAD $0x3532313330373037  // .asciz 16, '7434844970703125'
	0x00, 0x00, 0x00, 0x00, 0x00, 0x00, 0x00, 0x00, 0x00, 0x00, 0x00, 0x00, 0x00, 0x00, 0x00, 0x00, //0x00007f5c QUAD $0x0000000000000000; QUAD $0x0000000000000000  // .asciz 16, '\x00\x00\x00\x00\x00\x00\x00\x00\x00\x00\x00\x00\x00\x00\x00\x00'
	0x00, 0x00, 0x00, 0x00, 0x00, 0x00, 0x00, 0x00, 0x00, 0x00, 0x00, 0x00, 0x00, 0x00, 0x00, 0x00, //0x00007f6c QUAD $0x0000000000000000; QUAD $0x0000000000000000  // .asciz 16, '\x00\x00\x00\x00\x00\x00\x00\x00\x00\x00\x00\x00\x00\x00\x00\x00'
	0x00, 0x00, 0x00, 0x00, 0x00, 0x00, 0x00, 0x00, 0x00, 0x00, 0x00, 0x00, 0x00, 0x00, 0x00, 0x00, //0x00007f7c QUAD $0x0000000000000000; QUAD $0x0000000000000000  // .asciz 16, '\x00\x00\x00\x00\x00\x00\x00\x00\x00\x00\x00\x00\x00\x00\x00\x00'
	0x00, 0x00, 0x00, 0x00, 0x00, 0x00, 0x00, 0x00, 0x00, 0x00, 0x00, 0x00, 0x00, 0x00, 0x00, 0x00, //0x00007f8c QUAD $0x0000000000000000; QUAD $0x0000000000000000  // .asciz 16, '\x00\x00\x00\x00\x00\x00\x00\x00\x00\x00\x00\x00\x00\x00\x00\x00'
	0x00, 0x00, 0x00, 0x00, //0x00007f9c LONG $0x00000000  // .asciz 4, '\x00\x00\x00\x00'
	0x0e, 0x00, 0x00, 0x00, //0x00007fa0 .long 14
	0x31, 0x34, 0x32, 0x31, 0x30, 0x38, 0x35, 0x34, 0x37, 0x31, 0x35, 0x32, 0x30, 0x32, 0x30, 0x30, //0x00007fa4 QUAD $0x3435383031323431; QUAD $0x3030323032353137  // .asciz 16, '1421085471520200'
	0x33, 0x37, 0x31, 0x37, 0x34, 0x32, 0x32, 0x34, 0x38, 0x35, 0x33, 0x35, 0x31, 0x35, 0x36, 0x32, //0x00007fb4 QUAD $0x3432323437313733; QUAD $0x3236353135333538  // .asciz 16, '3717422485351562'
	0x35, 0x00, 0x00, 0x00, 0x00, 0x00, 0x00, 0x00, 0x00, 0x00, 0x00, 0x00, 0x00, 0x00, 0x00, 0x00, //0x00007fc4 QUAD $0x0000000000000035; QUAD $0x0000000000000000  // .asciz 16, '5\x00\x00\x00\x00\x00\x00\x00\x00\x00\x00\x00\x00\x00\x00\x00'
	0x00, 0x00, 0x00, 0x00, 0x00, 0x00, 0x00, 0x00, 0x00, 0x00, 0x00, 0x00, 0x00, 0x00, 0x00, 0x00, //0x00007fd4 QUAD $0x0000000000000000; QUAD $0x0000000000000000  // .asciz 16, '\x00\x00\x00\x00\x00\x00\x00\x00\x00\x00\x00\x00\x00\x00\x00\x00'
	0x00, 0x00, 0x00, 0x00, 0x00, 0x00, 0x00, 0x00, 0x00, 0x00, 0x00, 0x00, 0x00, 0x00, 0x00, 0x00, //0x00007fe4 QUAD $0x0000000000000000; QUAD $0x0000000000000000  // .asciz 16, '\x00\x00\x00\x00\x00\x00\x00\x00\x00\x00\x00\x00\x00\x00\x00\x00'
	0x00, 0x00, 0x00, 0x00, 0x00, 0x00, 0x00, 0x00, 0x00, 0x00, 0x00, 0x00, 0x00, 0x00, 0x00, 0x00, //0x00007ff4 QUAD $0x0000000000000000; QUAD $0x0000000000000000  // .asciz 16, '\x00\x00\x00\x00\x00\x00\x00\x00\x00\x00\x00\x00\x00\x00\x00\x00'
	0x00, 0x00, 0x00, 0x00, //0x00008004 LONG $0x00000000  // .asciz 4, '\x00\x00\x00\x00'
	0x0f, 0x00, 0x00, 0x00, //0x00008008 .long 15
	0x37, 0x31, 0x30, 0x35, 0x34, 0x32, 0x37, 0x33, 0x35, 0x37, 0x36, 0x30, 0x31, 0x30, 0x30, 0x31, //0x0000800c QUAD $0x3337323435303137; QUAD $0x3130303130363735  // .asciz 16, '7105427357601001'
	0x38, 0x35, 0x38, 0x37, 0x31, 0x31, 0x32, 0x34, 0x32, 0x36, 0x37, 0x35, 0x37, 0x38, 0x31, 0x32, //0x0000801c QUAD $0x3432313137383538; QUAD $0x3231383735373632  // .asciz 16, '8587112426757812'
	0x35, 0x00, 0x00, 0x00, 0x00, 0x00, 0x00, 0x00, 0x00, 0x00, 0x00, 0x00, 0x00, 0x00, 0x00, 0x00, //0x0000802c QUAD $0x0000000000000035; QUAD $0x0000000000000000  // .asciz 16, '5\x00\x00\x00\x00\x00\x00\x00\x00\x00\x00\x00\x00\x00\x00\x00'
	0x00, 0x00, 0x00, 0x00, 0x00, 0x00, 0x00, 0x00, 0x00, 0x00, 0x00, 0x00, 0x00, 0x00, 0x00, 0x00, //0x0000803c QUAD $0x0000000000000000; QUAD $0x0000000000000000  // .asciz 16, '\x00\x00\x00\x00\x00\x00\x00\x00\x00\x00\x00\x00\x00\x00\x00\x00'
	0x00, 0x00, 0x00, 0x00, 0x00, 0x00, 0x00, 0x00, 0x00, 0x00, 0x00, 0x00, 0x00, 0x00, 0x00, 0x00, //0x0000804c QUAD $0x0000000000000000; QUAD $0x0000000000000000  // .asciz 16, '\x00\x00\x00\x00\x00\x00\x00\x00\x00\x00\x00\x00\x00\x00\x00\x00'
	0x00, 0x00, 0x00, 0x00, 0x00, 0x00, 0x00, 0x00, 0x00, 0x00, 0x00, 0x00, 0x00, 0x00, 0x00, 0x00, //0x0000805c QUAD $0x0000000000000000; QUAD $0x0000000000000000  // .asciz 16, '\x00\x00\x00\x00\x00\x00\x00\x00\x00\x00\x00\x00\x00\x00\x00\x00'
	0x00, 0x00, 0x00, 0x00, //0x0000806c LONG $0x00000000  // .asciz 4, '\x00\x00\x00\x00'
	0x0f, 0x00, 0x00, 0x00, //0x00008070 .long 15
	0x33, 0x35, 0x35, 0x32, 0x37, 0x31, 0x33, 0x36, 0x37, 0x38, 0x38, 0x30, 0x30, 0x35, 0x30, 0x30, //0x00008074 QUAD $0x3633313732353533; QUAD $0x3030353030383837  // .asciz 16, '3552713678800500'
	0x39, 0x32, 0x39, 0x33, 0x35, 0x35, 0x36, 0x32, 0x31, 0x33, 0x33, 0x37, 0x38, 0x39, 0x30, 0x36, //0x00008084 QUAD $0x3236353533393239; QUAD $0x3630393837333331  // .asciz 16, '9293556213378906'
	0x32, 0x35, 0x00, 0x00, 0x00, 0x00, 0x00, 0x00, 0x00, 0x00, 0x00, 0x00, 0x00, 0x00, 0x00, 0x00, //0x00008094 QUAD $0x0000000000003532; QUAD $0x0000000000000000  // .asciz 16, '25\x00\x00\x00\x00\x00\x00\x00\x00\x00\x00\x00\x00\x00\x00'
	0x00, 0x00, 0x00, 0x00, 0x00, 0x00, 0x00, 0x00, 0x00, 0x00, 0x00, 0x00, 0x00, 0x00, 0x00, 0x00, //0x000080a4 QUAD $0x0000000000000000; QUAD $0x0000000000000000  // .asciz 16, '\x00\x00\x00\x00\x00\x00\x00\x00\x00\x00\x00\x00\x00\x00\x00\x00'
	0x00, 0x00, 0x00, 0x00, 0x00, 0x00, 0x00, 0x00, 0x00, 0x00, 0x00, 0x00, 0x00, 0x00, 0x00, 0x00, //0x000080b4 QUAD $0x0000000000000000; QUAD $0x0000000000000000  // .asciz 16, '\x00\x00\x00\x00\x00\x00\x00\x00\x00\x00\x00\x00\x00\x00\x00\x00'
	0x00, 0x00, 0x00, 0x00, 0x00, 0x00, 0x00, 0x00, 0x00, 0x00, 0x00, 0x00, 0x00, 0x00, 0x00, 0x00, //0x000080c4 QUAD $0x0000000000000000; QUAD $0x0000000000000000  // .asciz 16, '\x00\x00\x00\x00\x00\x00\x00\x00\x00\x00\x00\x00\x00\x00\x00\x00'
	0x00, 0x00, 0x00, 0x00, //0x000080d4 LONG $0x00000000  // .asciz 4, '\x00\x00\x00\x00'
	0x0f, 0x00, 0x00, 0x00, //0x000080d8 .long 15
	0x31, 0x37, 0x37, 0x36, 0x33, 0x35, 0x36, 0x38, 0x33, 0x39, 0x34, 0x30, 0x30, 0x32, 0x35, 0x30, //0x000080dc QUAD $0x3836353336373731; QUAD $0x3035323030343933  // .asciz 16, '1776356839400250'
	0x34, 0x36, 0x34, 0x36, 0x37, 0x37, 0x38, 0x31, 0x30, 0x36, 0x36, 0x38, 0x39, 0x34, 0x35, 0x33, //0x000080ec QUAD $0x3138373736343634; QUAD $0x3335343938363630  // .asciz 16, '4646778106689453'
	0x31, 0x32, 0x35, 0x00, 0x00, 0x00, 0x00, 0x00, 0x00, 0x00, 0x00, 0x00, 0x00, 0x00, 0x00, 0x00, //0x000080fc QUAD $0x0000000000353231; QUAD $0x0000000000000000  // .asciz 16, '125\x00\x00\x00\x00\x00\x00\x00\x00\x00\x00\x00\x00\x00'
	0x00, 0x00, 0x00, 0x00, 0x00, 0x00, 0x00, 0x00, 0x00, 0x00, 0x00, 0x00, 0x00, 0x00, 0x00, 0x00, //0x0000810c QUAD $0x0000000000000000; QUAD $0x0000000000000000  // .asciz 16, '\x00\x00\x00\x00\x00\x00\x00\x00\x00\x00\x00\x00\x00\x00\x00\x00'
	0x00, 0x00, 0x00, 0x00, 0x00, 0x00, 0x00, 0x00, 0x00, 0x00, 0x00, 0x00, 0x00, 0x00, 0x00, 0x00, //0x0000811c QUAD $0x0000000000000000; QUAD $0x0000000000000000  // .asciz 16, '\x00\x00\x00\x00\x00\x00\x00\x00\x00\x00\x00\x00\x00\x00\x00\x00'
	0x00, 0x00, 0x00, 0x00, 0x00, 0x00, 0x00, 0x00, 0x00, 0x00, 0x00, 0x00, 0x00, 0x00, 0x00, 0x00, //0x0000812c QUAD $0x0000000000000000; QUAD $0x0000000000000000  // .asciz 16, '\x00\x00\x00\x00\x00\x00\x00\x00\x00\x00\x00\x00\x00\x00\x00\x00'
	0x00, 0x00, 0x00, 0x00, //0x0000813c LONG $0x00000000  // .asciz 4, '\x00\x00\x00\x00'
	0x10, 0x00, 0x00, 0x00, //0x00008140 .long 16
	0x38, 0x38, 0x38, 0x31, 0x37, 0x38, 0x34, 0x31, 0x39, 0x37, 0x30, 0x30, 0x31, 0x32, 0x35, 0x32, //0x00008144 QUAD $0x3134383731383838; QUAD $0x3235323130303739  // .asciz 16, '8881784197001252'
	0x33, 0x32, 0x33, 0x33, 0x38, 0x39, 0x30, 0x35, 0x33, 0x33, 0x34, 0x34, 0x37, 0x32, 0x36, 0x35, //0x00008154 QUAD $0x3530393833333233; QUAD $0x3536323734343333  // .asciz 16, '3233890533447265'
	0x36, 0x32, 0x35, 0x00, 0x00, 0x00, 0x00, 0x00, 0x00, 0x00, 0x00, 0x00, 0x00, 0x00, 0x00, 0x00, //0x00008164 QUAD $0x0000000000353236; QUAD $0x0000000000000000  // .asciz 16, '625\x00\x00\x00\x00\x00\x00\x00\x00\x00\x00\x00\x00\x00'
	0x00, 0x00, 0x00, 0x00, 0x00, 0x00, 0x00, 0x00, 0x00, 0x00, 0x00, 0x00, 0x00, 0x00, 0x00, 0x00, //0x00008174 QUAD $0x0000000000000000; QUAD $0x0000000000000000  // .asciz 16, '\x00\x00\x00\x00\x00\x00\x00\x00\x00\x00\x00\x00\x00\x00\x00\x00'
	0x00, 0x00, 0x00, 0x00, 0x00, 0x00, 0x00, 0x00, 0x00, 0x00, 0x00, 0x00, 0x00, 0x00, 0x00, 0x00, //0x00008184 QUAD $0x0000000000000000; QUAD $0x0000000000000000  // .asciz 16, '\x00\x00\x00\x00\x00\x00\x00\x00\x00\x00\x00\x00\x00\x00\x00\x00'
	0x00, 0x00, 0x00, 0x00, 0x00, 0x00, 0x00, 0x00, 0x00, 0x00, 0x00, 0x00, 0x00, 0x00, 0x00, 0x00, //0x00008194 QUAD $0x0000000000000000; QUAD $0x0000000000000000  // .asciz 16, '\x00\x00\x00\x00\x00\x00\x00\x00\x00\x00\x00\x00\x00\x00\x00\x00'
	0x00, 0x00, 0x00, 0x00, //0x000081a4 LONG $0x00000000  // .asciz 4, '\x00\x00\x00\x00'
	0x10, 0x00, 0x00, 0x00, //0x000081a8 .long 16
	0x34, 0x34, 0x34, 0x30, 0x38, 0x39, 0x32, 0x30, 0x39, 0x38, 0x35, 0x30, 0x30, 0x36, 0x32, 0x36, //0x000081ac QUAD $0x3032393830343434; QUAD $0x3632363030353839  // .asciz 16, '4440892098500626'
	0x31, 0x36, 0x31, 0x36, 0x39, 0x34, 0x35, 0x32, 0x36, 0x36, 0x37, 0x32, 0x33, 0x36, 0x33, 0x32, //0x000081bc QUAD $0x3235343936313631; QUAD $0x3233363332373636  // .asciz 16, '1616945266723632'
	0x38, 0x31, 0x32, 0x35, 0x00, 0x00, 0x00, 0x00, 0x00, 0x00, 0x00, 0x00, 0x00, 0x00, 0x00, 0x00, //0x000081cc QUAD $0x0000000035323138; QUAD $0x0000000000000000  // .asciz 16, '8125\x00\x00\x00\x00\x00\x00\x00\x00\x00\x00\x00\x00'
	0x00, 0x00, 0x00, 0x00, 0x00, 0x00, 0x00, 0x00, 0x00, 0x00, 0x00, 0x00, 0x00, 0x00, 0x00, 0x00, //0x000081dc QUAD $0x0000000000000000; QUAD $0x0000000000000000  // .asciz 16, '\x00\x00\x00\x00\x00\x00\x00\x00\x00\x00\x00\x00\x00\x00\x00\x00'
	0x00, 0x00, 0x00, 0x00, 0x00, 0x00, 0x00, 0x00, 0x00, 0x00, 0x00, 0x00, 0x00, 0x00, 0x00, 0x00, //0x000081ec QUAD $0x0000000000000000; QUAD $0x0000000000000000  // .asciz 16, '\x00\x00\x00\x00\x00\x00\x00\x00\x00\x00\x00\x00\x00\x00\x00\x00'
	0x00, 0x00, 0x00, 0x00, 0x00, 0x00, 0x00, 0x00, 0x00, 0x00, 0x00, 0x00, 0x00, 0x00, 0x00, 0x00, //0x000081fc QUAD $0x0000000000000000; QUAD $0x0000000000000000  // .asciz 16, '\x00\x00\x00\x00\x00\x00\x00\x00\x00\x00\x00\x00\x00\x00\x00\x00'
	0x00, 0x00, 0x00, 0x00, //0x0000820c LONG $0x00000000  // .asciz 4, '\x00\x00\x00\x00'
	0x10, 0x00, 0x00, 0x00, //0x00008210 .long 16
	0x32, 0x32, 0x32, 0x30, 0x34, 0x34, 0x36, 0x30, 0x34, 0x39, 0x32, 0x35, 0x30, 0x33, 0x31, 0x33, //0x00008214 QUAD $0x3036343430323232; QUAD $0x3331333035323934  // .asciz 16, '2220446049250313'
	0x30, 0x38, 0x30, 0x38, 0x34, 0x37, 0x32, 0x36, 0x33, 0x33, 0x33, 0x36, 0x31, 0x38, 0x31, 0x36, //0x00008224 QUAD $0x3632373438303830; QUAD $0x3631383136333333  // .asciz 16, '0808472633361816'
	0x34, 0x30, 0x36, 0x32, 0x35, 0x00, 0x00, 0x00, 0x00, 0x00, 0x00, 0x00, 0x00, 0x00, 0x00, 0x00, //0x00008234 QUAD $0x0000003532363034; QUAD $0x0000000000000000  // .asciz 16, '40625\x00\x00\x00\x00\x00\x00\x00\x00\x00\x00\x00'
	0x00, 0x00, 0x00, 0x00, 0x00, 0x00, 0x00, 0x00, 0x00, 0x00, 0x00, 0x00, 0x00, 0x00, 0x00, 0x00, //0x00008244 QUAD $0x0000000000000000; QUAD $0x0000000000000000  // .asciz 16, '\x00\x00\x00\x00\x00\x00\x00\x00\x00\x00\x00\x00\x00\x00\x00\x00'
	0x00, 0x00, 0x00, 0x00, 0x00, 0x00, 0x00, 0x00, 0x00, 0x00, 0x00, 0x00, 0x00, 0x00, 0x00, 0x00, //0x00008254 QUAD $0x0000000000000000; QUAD $0x0000000000000000  // .asciz 16, '\x00\x00\x00\x00\x00\x00\x00\x00\x00\x00\x00\x00\x00\x00\x00\x00'
	0x00, 0x00, 0x00, 0x00, 0x00, 0x00, 0x00, 0x00, 0x00, 0x00, 0x00, 0x00, 0x00, 0x00, 0x00, 0x00, //0x00008264 QUAD $0x0000000000000000; QUAD $0x0000000000000000  // .asciz 16, '\x00\x00\x00\x00\x00\x00\x00\x00\x00\x00\x00\x00\x00\x00\x00\x00'
	0x00, 0x00, 0x00, 0x00, //0x00008274 LONG $0x00000000  // .asciz 4, '\x00\x00\x00\x00'
	0x10, 0x00, 0x00, 0x00, //0x00008278 .long 16
	0x31, 0x31, 0x31, 0x30, 0x32, 0x32, 0x33, 0x30, 0x32, 0x34, 0x36, 0x32, 0x35, 0x31, 0x35, 0x36, //0x0000827c QUAD $0x3033323230313131; QUAD $0x3635313532363432  // .asciz 16, '1110223024625156'
	0x35, 0x34, 0x30, 0x34, 0x32, 0x33, 0x36, 0x33, 0x31, 0x36, 0x36, 0x38, 0x30, 0x39, 0x30, 0x38, //0x0000828c QUAD $0x3336333234303435; QUAD $0x3830393038363631  // .asciz 16, '5404236316680908'
	0x32, 0x30, 0x33, 0x31, 0x32, 0x35, 0x00, 0x00, 0x00, 0x00, 0x00, 0x00, 0x00, 0x00, 0x00, 0x00, //0x0000829c QUAD $0x0000353231333032; QUAD $0x0000000000000000  // .asciz 16, '203125\x00\x00\x00\x00\x00\x00\x00\x00\x00\x00'
	0x00, 0x00, 0x00, 0x00, 0x00, 0x00, 0x00, 0x00, 0x00, 0x00, 0x00, 0x00, 0x00, 0x00, 0x00, 0x00, //0x000082ac QUAD $0x0000000000000000; QUAD $0x0000000000000000  // .asciz 16, '\x00\x00\x00\x00\x00\x00\x00\x00\x00\x00\x00\x00\x00\x00\x00\x00'
	0x00, 0x00, 0x00, 0x00, 0x00, 0x00, 0x00, 0x00, 0x00, 0x00, 0x00, 0x00, 0x00, 0x00, 0x00, 0x00, //0x000082bc QUAD $0x0000000000000000; QUAD $0x0000000000000000  // .asciz 16, '\x00\x00\x00\x00\x00\x00\x00\x00\x00\x00\x00\x00\x00\x00\x00\x00'
	0x00, 0x00, 0x00, 0x00, 0x00, 0x00, 0x00, 0x00, 0x00, 0x00, 0x00, 0x00, 0x00, 0x00, 0x00, 0x00, //0x000082cc QUAD $0x0000000000000000; QUAD $0x0000000000000000  // .asciz 16, '\x00\x00\x00\x00\x00\x00\x00\x00\x00\x00\x00\x00\x00\x00\x00\x00'
	0x00, 0x00, 0x00, 0x00, //0x000082dc LONG $0x00000000  // .asciz 4, '\x00\x00\x00\x00'
	0x11, 0x00, 0x00, 0x00, //0x000082e0 .long 17
	0x35, 0x35, 0x35, 0x31, 0x31, 0x31, 0x35, 0x31, 0x32, 0x33, 0x31, 0x32, 0x35, 0x37, 0x38, 0x32, //0x000082e4 QUAD $0x3135313131353535; QUAD $0x3238373532313332  // .asciz 16, '5551115123125782'
	0x37, 0x30, 0x32, 0x31, 0x31, 0x38, 0x31, 0x35, 0x38, 0x33, 0x34, 0x30, 0x34, 0x35, 0x34, 0x31, //0x000082f4 QUAD $0x3531383131323037; QUAD $0x3134353430343338  // .asciz 16, '7021181583404541'
	0x30, 0x31, 0x35, 0x36, 0x32, 0x35, 0x00, 0x00, 0x00, 0x00, 0x00, 0x00, 0x00, 0x00, 0x00, 0x00, //0x00008304 QUAD $0x0000353236353130; QUAD $0x0000000000000000  // .asciz 16, '015625\x00\x00\x00\x00\x00\x00\x00\x00\x00\x00'
	0x00, 0x00, 0x00, 0x00, 0x00, 0x00, 0x00, 0x00, 0x00, 0x00, 0x00, 0x00, 0x00, 0x00, 0x00, 0x00, //0x00008314 QUAD $0x0000000000000000; QUAD $0x0000000000000000  // .asciz 16, '\x00\x00\x00\x00\x00\x00\x00\x00\x00\x00\x00\x00\x00\x00\x00\x00'
	0x00, 0x00, 0x00, 0x00, 0x00, 0x00, 0x00, 0x00, 0x00, 0x00, 0x00, 0x00, 0x00, 0x00, 0x00, 0x00, //0x00008324 QUAD $0x0000000000000000; QUAD $0x0000000000000000  // .asciz 16, '\x00\x00\x00\x00\x00\x00\x00\x00\x00\x00\x00\x00\x00\x00\x00\x00'
	0x00, 0x00, 0x00, 0x00, 0x00, 0x00, 0x00, 0x00, 0x00, 0x00, 0x00, 0x00, 0x00, 0x00, 0x00, 0x00, //0x00008334 QUAD $0x0000000000000000; QUAD $0x0000000000000000  // .asciz 16, '\x00\x00\x00\x00\x00\x00\x00\x00\x00\x00\x00\x00\x00\x00\x00\x00'
	0x00, 0x00, 0x00, 0x00, //0x00008344 LONG $0x00000000  // .asciz 4, '\x00\x00\x00\x00'
	0x11, 0x00, 0x00, 0x00, //0x00008348 .long 17
	0x32, 0x37, 0x37, 0x35, 0x35, 0x35, 0x37, 0x35, 0x36, 0x31, 0x35, 0x36, 0x32, 0x38, 0x39, 0x31, //0x0000834c QUAD $0x3537353535373732; QUAD $0x3139383236353136  // .asciz 16, '2775557561562891'
	0x33, 0x35, 0x31, 0x30, 0x35, 0x39, 0x30, 0x37, 0x39, 0x31, 0x37, 0x30, 0x32, 0x32, 0x37, 0x30, //0x0000835c QUAD $0x3730393530313533; QUAD $0x3037323230373139  // .asciz 16, '3510590791702270'
	0x35, 0x30, 0x37, 0x38, 0x31, 0x32, 0x35, 0x00, 0x00, 0x00, 0x00, 0x00, 0x00, 0x00, 0x00, 0x00, //0x0000836c QUAD $0x0035323138373035; QUAD $0x0000000000000000  // .asciz 16, '5078125\x00\x00\x00\x00\x00\x00\x00\x00\x00'
	0x00, 0x00, 0x00, 0x00, 0x00, 0x00, 0x00, 0x00, 0x00, 0x00, 0x00, 0x00, 0x00, 0x00, 0x00, 0x00, //0x0000837c QUAD $0x0000000000000000; QUAD $0x0000000000000000  // .asciz 16, '\x00\x00\x00\x00\x00\x00\x00\x00\x00\x00\x00\x00\x00\x00\x00\x00'
	0x00, 0x00, 0x00, 0x00, 0x00, 0x00, 0x00, 0x00, 0x00, 0x00, 0x00, 0x00, 0x00, 0x00, 0x00, 0x00, //0x0000838c QUAD $0x0000000000000000; QUAD $0x0000000000000000  // .asciz 16, '\x00\x00\x00\x00\x00\x00\x00\x00\x00\x00\x00\x00\x00\x00\x00\x00'
	0x00, 0x00, 0x00, 0x00, 0x00, 0x00, 0x00, 0x00, 0x00, 0x00, 0x00, 0x00, 0x00, 0x00, 0x00, 0x00, //0x0000839c QUAD $0x0000000000000000; QUAD $0x0000000000000000  // .asciz 16, '\x00\x00\x00\x00\x00\x00\x00\x00\x00\x00\x00\x00\x00\x00\x00\x00'
	0x00, 0x00, 0x00, 0x00, //0x000083ac LONG $0x00000000  // .asciz 4, '\x00\x00\x00\x00'
	0x11, 0x00, 0x00, 0x00, //0x000083b0 .long 17
	0x31, 0x33, 0x38, 0x37, 0x37, 0x37, 0x38, 0x37, 0x38, 0x30, 0x37, 0x38, 0x31, 0x34, 0x34, 0x35, //0x000083b4 QUAD $0x3738373737383331; QUAD $0x3534343138373038  // .asciz 16, '1387778780781445'
	0x36, 0x37, 0x35, 0x35, 0x32, 0x39, 0x35, 0x33, 0x39, 0x35, 0x38, 0x35, 0x31, 0x31, 0x33, 0x35, //0x000083c4 QUAD $0x3335393235353736; QUAD $0x3533313135383539  // .asciz 16, '6755295395851135'
	0x32, 0x35, 0x33, 0x39, 0x30, 0x36, 0x32, 0x35, 0x00, 0x00, 0x00, 0x00, 0x00, 0x00, 0x00, 0x00, //0x000083d4 QUAD $0x3532363039333532; QUAD $0x0000000000000000  // .asciz 16, '25390625\x00\x00\x00\x00\x00\x00\x00\x00'
	0x00, 0x00, 0x00, 0x00, 0x00, 0x00, 0x00, 0x00, 0x00, 0x00, 0x00, 0x00, 0x00, 0x00, 0x00, 0x00, //0x000083e4 QUAD $0x0000000000000000; QUAD $0x0000000000000000  // .asciz 16, '\x00\x00\x00\x00\x00\x00\x00\x00\x00\x00\x00\x00\x00\x00\x00\x00'
	0x00, 0x00, 0x00, 0x00, 0x00, 0x00, 0x00, 0x00, 0x00, 0x00, 0x00, 0x00, 0x00, 0x00, 0x00, 0x00, //0x000083f4 QUAD $0x0000000000000000; QUAD $0x0000000000000000  // .asciz 16, '\x00\x00\x00\x00\x00\x00\x00\x00\x00\x00\x00\x00\x00\x00\x00\x00'
	0x00, 0x00, 0x00, 0x00, 0x00, 0x00, 0x00, 0x00, 0x00, 0x00, 0x00, 0x00, 0x00, 0x00, 0x00, 0x00, //0x00008404 QUAD $0x0000000000000000; QUAD $0x0000000000000000  // .asciz 16, '\x00\x00\x00\x00\x00\x00\x00\x00\x00\x00\x00\x00\x00\x00\x00\x00'
	0x00, 0x00, 0x00, 0x00, //0x00008414 LONG $0x00000000  // .asciz 4, '\x00\x00\x00\x00'
	0x12, 0x00, 0x00, 0x00, //0x00008418 .long 18
	0x36, 0x39, 0x33, 0x38, 0x38, 0x39, 0x33, 0x39, 0x30, 0x33, 0x39, 0x30, 0x37, 0x32, 0x32, 0x38, //0x0000841c QUAD $0x3933393838333936; QUAD $0x3832323730393330  // .asciz 16, '6938893903907228'
	0x33, 0x37, 0x37, 0x36, 0x34, 0x37, 0x36, 0x39, 0x37, 0x39, 0x32, 0x35, 0x35, 0x36, 0x37, 0x36, //0x0000842c QUAD $0x3936373436373733; QUAD $0x3637363535323937  // .asciz 16, '3776476979255676'
	0x32, 0x36, 0x39, 0x35, 0x33, 0x31, 0x32, 0x35, 0x00, 0x00, 0x00, 0x00, 0x00, 0x00, 0x00, 0x00, //0x0000843c QUAD $0x3532313335393632; QUAD $0x0000000000000000  // .asciz 16, '26953125\x00\x00\x00\x00\x00\x00\x00\x00'
	0x00, 0x00, 0x00, 0x00, 0x00, 0x00, 0x00, 0x00, 0x00, 0x00, 0x00, 0x00, 0x00, 0x00, 0x00, 0x00, //0x0000844c QUAD $0x0000000000000000; QUAD $0x0000000000000000  // .asciz 16, '\x00\x00\x00\x00\x00\x00\x00\x00\x00\x00\x00\x00\x00\x00\x00\x00'
	0x00, 0x00, 0x00, 0x00, 0x00, 0x00, 0x00, 0x00, 0x00, 0x00, 0x00, 0x00, 0x00, 0x00, 0x00, 0x00, //0x0000845c QUAD $0x0000000000000000; QUAD $0x0000000000000000  // .asciz 16, '\x00\x00\x00\x00\x00\x00\x00\x00\x00\x00\x00\x00\x00\x00\x00\x00'
	0x00, 0x00, 0x00, 0x00, 0x00, 0x00, 0x00, 0x00, 0x00, 0x00, 0x00, 0x00, 0x00, 0x00, 0x00, 0x00, //0x0000846c QUAD $0x0000000000000000; QUAD $0x0000000000000000  // .asciz 16, '\x00\x00\x00\x00\x00\x00\x00\x00\x00\x00\x00\x00\x00\x00\x00\x00'
	0x00, 0x00, 0x00, 0x00, //0x0000847c LONG $0x00000000  // .asciz 4, '\x00\x00\x00\x00'
	0x12, 0x00, 0x00, 0x00, //0x00008480 .long 18
	0x33, 0x34, 0x36, 0x39, 0x34, 0x34, 0x36, 0x39, 0x35, 0x31, 0x39, 0x35, 0x33, 0x36, 0x31, 0x34, //0x00008484 QUAD $0x3936343439363433; QUAD $0x3431363335393135  // .asciz 16, '3469446951953614'
	0x31, 0x38, 0x38, 0x38, 0x32, 0x33, 0x38, 0x34, 0x38, 0x39, 0x36, 0x32, 0x37, 0x38, 0x33, 0x38, //0x00008494 QUAD $0x3438333238383831; QUAD $0x3833383732363938  // .asciz 16, '1888238489627838'
	0x31, 0x33, 0x34, 0x37, 0x36, 0x35, 0x36, 0x32, 0x35, 0x00, 0x00, 0x00, 0x00, 0x00, 0x00, 0x00, //0x000084a4 QUAD $0x3236353637343331; QUAD $0x0000000000000035  // .asciz 16, '134765625\x00\x00\x00\x00\x00\x00\x00'
	0x00, 0x00, 0x00, 0x00, 0x00, 0x00, 0x00, 0x00, 0x00, 0x00, 0x00, 0x00, 0x00, 0x00, 0x00, 0x00, //0x000084b4 QUAD $0x0000000000000000; QUAD $0x0000000000000000  // .asciz 16, '\x00\x00\x00\x00\x00\x00\x00\x00\x00\x00\x00\x00\x00\x00\x00\x00'
	0x00, 0x00, 0x00, 0x00, 0x00, 0x00, 0x00, 0x00, 0x00, 0x00, 0x00, 0x00, 0x00, 0x00, 0x00, 0x00, //0x000084c4 QUAD $0x0000000000000000; QUAD $0x0000000000000000  // .asciz 16, '\x00\x00\x00\x00\x00\x00\x00\x00\x00\x00\x00\x00\x00\x00\x00\x00'
	0x00, 0x00, 0x00, 0x00, 0x00, 0x00, 0x00, 0x00, 0x00, 0x00, 0x00, 0x00, 0x00, 0x00, 0x00, 0x00, //0x000084d4 QUAD $0x0000000000000000; QUAD $0x0000000000000000  // .asciz 16, '\x00\x00\x00\x00\x00\x00\x00\x00\x00\x00\x00\x00\x00\x00\x00\x00'
	0x00, 0x00, 0x00, 0x00, //0x000084e4 LONG $0x00000000  // .asciz 4, '\x00\x00\x00\x00'
	0x12, 0x00, 0x00, 0x00, //0x000084e8 .long 18
	0x31, 0x37, 0x33, 0x34, 0x37, 0x32, 0x33, 0x34, 0x37, 0x35, 0x39, 0x37, 0x36, 0x38, 0x30, 0x37, //0x000084ec QUAD $0x3433323734333731; QUAD $0x3730383637393537  // .asciz 16, '1734723475976807'
	0x30, 0x39, 0x34, 0x34, 0x31, 0x31, 0x39, 0x32, 0x34, 0x34, 0x38, 0x31, 0x33, 0x39, 0x31, 0x39, //0x000084fc QUAD $0x3239313134343930; QUAD $0x3931393331383434  // .asciz 16, '0944119244813919'
	0x30, 0x36, 0x37, 0x33, 0x38, 0x32, 0x38, 0x31, 0x32, 0x35, 0x00, 0x00, 0x00, 0x00, 0x00, 0x00, //0x0000850c QUAD $0x3138323833373630; QUAD $0x0000000000003532  // .asciz 16, '0673828125\x00\x00\x00\x00\x00\x00'
	0x00, 0x00, 0x00, 0x00, 0x00, 0x00, 0x00, 0x00, 0x00, 0x00, 0x00, 0x00, 0x00, 0x00, 0x00, 0x00, //0x0000851c QUAD $0x0000000000000000; QUAD $0x0000000000000000  // .asciz 16, '\x00\x00\x00\x00\x00\x00\x00\x00\x00\x00\x00\x00\x00\x00\x00\x00'
	0x00, 0x00, 0x00, 0x00, 0x00, 0x00, 0x00, 0x00, 0x00, 0x00, 0x00, 0x00, 0x00, 0x00, 0x00, 0x00, //0x0000852c QUAD $0x0000000000000000; QUAD $0x0000000000000000  // .asciz 16, '\x00\x00\x00\x00\x00\x00\x00\x00\x00\x00\x00\x00\x00\x00\x00\x00'
	0x00, 0x00, 0x00, 0x00, 0x00, 0x00, 0x00, 0x00, 0x00, 0x00, 0x00, 0x00, 0x00, 0x00, 0x00, 0x00, //0x0000853c QUAD $0x0000000000000000; QUAD $0x0000000000000000  // .asciz 16, '\x00\x00\x00\x00\x00\x00\x00\x00\x00\x00\x00\x00\x00\x00\x00\x00'
	0x00, 0x00, 0x00, 0x00, //0x0000854c LONG $0x00000000  // .asciz 4, '\x00\x00\x00\x00'
	0x13, 0x00, 0x00, 0x00, //0x00008550 .long 19
	0x38, 0x36, 0x37, 0x33, 0x36, 0x31, 0x37, 0x33, 0x37, 0x39, 0x38, 0x38, 0x34, 0x30, 0x33, 0x35, //0x00008554 QUAD $0x3337313633373638; QUAD $0x3533303438383937  // .asciz 16, '8673617379884035'
	0x34, 0x37, 0x32, 0x30, 0x35, 0x39, 0x36, 0x32, 0x32, 0x34, 0x30, 0x36, 0x39, 0x35, 0x39, 0x35, //0x00008564 QUAD $0x3236393530323734; QUAD $0x3539353936303432  // .asciz 16, '4720596224069595'
	0x33, 0x33, 0x36, 0x39, 0x31, 0x34, 0x30, 0x36, 0x32, 0x35, 0x00, 0x00, 0x00, 0x00, 0x00, 0x00, //0x00008574 QUAD $0x3630343139363333; QUAD $0x0000000000003532  // .asciz 16, '3369140625\x00\x00\x00\x00\x00\x00'
	0x00, 0x00, 0x00, 0x00, 0x00, 0x00, 0x00, 0x00, 0x00, 0x00, 0x00, 0x00, 0x00, 0x00, 0x00, 0x00, //0x00008584 QUAD $0x0000000000000000; QUAD $0x0000000000000000  // .asciz 16, '\x00\x00\x00\x00\x00\x00\x00\x00\x00\x00\x00\x00\x00\x00\x00\x00'
	0x00, 0x00, 0x00, 0x00, 0x00, 0x00, 0x00, 0x00, 0x00, 0x00, 0x00, 0x00, 0x00, 0x00, 0x00, 0x00, //0x00008594 QUAD $0x0000000000000000; QUAD $0x0000000000000000  // .asciz 16, '\x00\x00\x00\x00\x00\x00\x00\x00\x00\x00\x00\x00\x00\x00\x00\x00'
	0x00, 0x00, 0x00, 0x00, 0x00, 0x00, 0x00, 0x00, 0x00, 0x00, 0x00, 0x00, 0x00, 0x00, 0x00, 0x00, //0x000085a4 QUAD $0x0000000000000000; QUAD $0x0000000000000000  // .asciz 16, '\x00\x00\x00\x00\x00\x00\x00\x00\x00\x00\x00\x00\x00\x00\x00\x00'
	0x00, 0x00, 0x00, 0x00, //0x000085b4 LONG $0x00000000  // .asciz 4, '\x00\x00\x00\x00'
}
