//go:build amd64
// +build amd64

// Code generated by asm2asm, DO NOT EDIT.

package sse

var _text_skip_array = []byte{
	// .p2align 4, 0x00
	// LCPI0_0
	0x01, 0x00, 0x00, 0x00, 0x00, 0x00, 0x00, 0x00, // .quad 1
	0x05, 0x00, 0x00, 0x00, 0x00, 0x00, 0x00, 0x00, //0x00000008 .quad 5
	//0x00000010 LCPI0_1
	0x22, 0x22, 0x22, 0x22, 0x22, 0x22, 0x22, 0x22, 0x22, 0x22, 0x22, 0x22, 0x22, 0x22, 0x22, 0x22, //0x00000010 QUAD $0x2222222222222222; QUAD $0x2222222222222222  // .space 16, '""""""""""""""""'
	//0x00000020 LCPI0_2
	0x5c, 0x5c, 0x5c, 0x5c, 0x5c, 0x5c, 0x5c, 0x5c, 0x5c, 0x5c, 0x5c, 0x5c, 0x5c, 0x5c, 0x5c, 0x5c, //0x00000020 QUAD $0x5c5c5c5c5c5c5c5c; QUAD $0x5c5c5c5c5c5c5c5c  // .space 16, '\\\\\\\\\\\\\\\\\\\\\\\\\\\\\\\\'
	//0x00000030 LCPI0_3
	0x20, 0x20, 0x20, 0x20, 0x20, 0x20, 0x20, 0x20, 0x20, 0x20, 0x20, 0x20, 0x20, 0x20, 0x20, 0x20, //0x00000030 QUAD $0x2020202020202020; QUAD $0x2020202020202020  // .space 16, '                '
	//0x00000040 LCPI0_4
	0x7b, 0x7b, 0x7b, 0x7b, 0x7b, 0x7b, 0x7b, 0x7b, 0x7b, 0x7b, 0x7b, 0x7b, 0x7b, 0x7b, 0x7b, 0x7b, //0x00000040 QUAD $0x7b7b7b7b7b7b7b7b; QUAD $0x7b7b7b7b7b7b7b7b  // .space 16, '{{{{{{{{{{{{{{{{'
	//0x00000050 LCPI0_5
	0x7d, 0x7d, 0x7d, 0x7d, 0x7d, 0x7d, 0x7d, 0x7d, 0x7d, 0x7d, 0x7d, 0x7d, 0x7d, 0x7d, 0x7d, 0x7d, //0x00000050 QUAD $0x7d7d7d7d7d7d7d7d; QUAD $0x7d7d7d7d7d7d7d7d  // .space 16, '}}}}}}}}}}}}}}}}'
	//0x00000060 LCPI0_6
	0x5b, 0x5b, 0x5b, 0x5b, 0x5b, 0x5b, 0x5b, 0x5b, 0x5b, 0x5b, 0x5b, 0x5b, 0x5b, 0x5b, 0x5b, 0x5b, //0x00000060 QUAD $0x5b5b5b5b5b5b5b5b; QUAD $0x5b5b5b5b5b5b5b5b  // .space 16, '[[[[[[[[[[[[[[[['
	//0x00000070 LCPI0_7
	0x5d, 0x5d, 0x5d, 0x5d, 0x5d, 0x5d, 0x5d, 0x5d, 0x5d, 0x5d, 0x5d, 0x5d, 0x5d, 0x5d, 0x5d, 0x5d, //0x00000070 QUAD $0x5d5d5d5d5d5d5d5d; QUAD $0x5d5d5d5d5d5d5d5d  // .space 16, ']]]]]]]]]]]]]]]]'
	//0x00000080 LCPI0_8
	0x2c, 0x2c, 0x2c, 0x2c, 0x2c, 0x2c, 0x2c, 0x2c, 0x2c, 0x2c, 0x2c, 0x2c, 0x2c, 0x2c, 0x2c, 0x2c, //0x00000080 QUAD $0x2c2c2c2c2c2c2c2c; QUAD $0x2c2c2c2c2c2c2c2c  // .space 16, ',,,,,,,,,,,,,,,,'
	//0x00000090 LCPI0_9
	0xdf, 0xdf, 0xdf, 0xdf, 0xdf, 0xdf, 0xdf, 0xdf, 0xdf, 0xdf, 0xdf, 0xdf, 0xdf, 0xdf, 0xdf, 0xdf, //0x00000090 QUAD $0xdfdfdfdfdfdfdfdf; QUAD $0xdfdfdfdfdfdfdfdf  // .space 16, '\xdf\xdf\xdf\xdf\xdf\xdf\xdf\xdf\xdf\xdf\xdf\xdf\xdf\xdf\xdf\xdf'
	//0x000000a0 LCPI0_10
	0x2f, 0x2f, 0x2f, 0x2f, 0x2f, 0x2f, 0x2f, 0x2f, 0x2f, 0x2f, 0x2f, 0x2f, 0x2f, 0x2f, 0x2f, 0x2f, //0x000000a0 QUAD $0x2f2f2f2f2f2f2f2f; QUAD $0x2f2f2f2f2f2f2f2f  // .space 16, '////////////////'
	//0x000000b0 LCPI0_11
	0x3a, 0x3a, 0x3a, 0x3a, 0x3a, 0x3a, 0x3a, 0x3a, 0x3a, 0x3a, 0x3a, 0x3a, 0x3a, 0x3a, 0x3a, 0x3a, //0x000000b0 QUAD $0x3a3a3a3a3a3a3a3a; QUAD $0x3a3a3a3a3a3a3a3a  // .space 16, '::::::::::::::::'
	//0x000000c0 LCPI0_12
	0x2b, 0x2b, 0x2b, 0x2b, 0x2b, 0x2b, 0x2b, 0x2b, 0x2b, 0x2b, 0x2b, 0x2b, 0x2b, 0x2b, 0x2b, 0x2b, //0x000000c0 QUAD $0x2b2b2b2b2b2b2b2b; QUAD $0x2b2b2b2b2b2b2b2b  // .space 16, '++++++++++++++++'
	//0x000000d0 LCPI0_13
	0x2d, 0x2d, 0x2d, 0x2d, 0x2d, 0x2d, 0x2d, 0x2d, 0x2d, 0x2d, 0x2d, 0x2d, 0x2d, 0x2d, 0x2d, 0x2d, //0x000000d0 QUAD $0x2d2d2d2d2d2d2d2d; QUAD $0x2d2d2d2d2d2d2d2d  // .space 16, '----------------'
	//0x000000e0 LCPI0_14
	0x2e, 0x2e, 0x2e, 0x2e, 0x2e, 0x2e, 0x2e, 0x2e, 0x2e, 0x2e, 0x2e, 0x2e, 0x2e, 0x2e, 0x2e, 0x2e, //0x000000e0 QUAD $0x2e2e2e2e2e2e2e2e; QUAD $0x2e2e2e2e2e2e2e2e  // .space 16, '................'
	//0x000000f0 LCPI0_15
	0x45, 0x45, 0x45, 0x45, 0x45, 0x45, 0x45, 0x45, 0x45, 0x45, 0x45, 0x45, 0x45, 0x45, 0x45, 0x45, //0x000000f0 QUAD $0x4545454545454545; QUAD $0x4545454545454545  // .space 16, 'EEEEEEEEEEEEEEEE'
	//0x00000100 .p2align 4, 0x90
	//0x00000100 _skip_array
	0x55,             //0x00000100 pushq        %rbp
	0x48, 0x89, 0xe5, //0x00000101 movq         %rsp, %rbp
	0x41, 0x57, //0x00000104 pushq        %r15
	0x41, 0x56, //0x00000106 pushq        %r14
	0x41, 0x55, //0x00000108 pushq        %r13
	0x41, 0x54, //0x0000010a pushq        %r12
	0x53,                                     //0x0000010c pushq        %rbx
	0x48, 0x81, 0xec, 0xb8, 0x00, 0x00, 0x00, //0x0000010d subq         $184, %rsp
	0x49, 0x89, 0xca, //0x00000114 movq         %rcx, %r10
	0x49, 0x89, 0xd7, //0x00000117 movq         %rdx, %r15
	0x49, 0x89, 0xf4, //0x0000011a movq         %rsi, %r12
	0x49, 0x89, 0xfd, //0x0000011d movq         %rdi, %r13
	0x0f, 0x10, 0x05, 0xd9, 0xfe, 0xff, 0xff, //0x00000120 movups       $-295(%rip), %xmm0  /* LCPI0_0+0(%rip) */
	0x0f, 0x11, 0x02, //0x00000127 movups       %xmm0, (%rdx)
	0x4c, 0x8b, 0x1e, //0x0000012a movq         (%rsi), %r11
	0x48, 0xc7, 0x85, 0x68, 0xff, 0xff, 0xff, 0xff, 0xff, 0xff, 0xff, //0x0000012d movq         $-1, $-152(%rbp)
	0x41, 0xb8, 0x01, 0x00, 0x00, 0x00, //0x00000138 movl         $1, %r8d
	0xf3, 0x0f, 0x6f, 0x05, 0xca, 0xfe, 0xff, 0xff, //0x0000013e movdqu       $-310(%rip), %xmm0  /* LCPI0_1+0(%rip) */
	0xf3, 0x0f, 0x6f, 0x0d, 0xd2, 0xfe, 0xff, 0xff, //0x00000146 movdqu       $-302(%rip), %xmm1  /* LCPI0_2+0(%rip) */
	0xf3, 0x44, 0x0f, 0x6f, 0x1d, 0xd9, 0xfe, 0xff, 0xff, //0x0000014e movdqu       $-295(%rip), %xmm11  /* LCPI0_3+0(%rip) */
	0x66, 0x45, 0x0f, 0x76, 0xd2, //0x00000157 pcmpeqd      %xmm10, %xmm10
	0xf3, 0x44, 0x0f, 0x6f, 0x3d, 0x4b, 0xff, 0xff, 0xff, //0x0000015c movdqu       $-181(%rip), %xmm15  /* LCPI0_11+0(%rip) */
	0xf3, 0x44, 0x0f, 0x6f, 0x0d, 0x22, 0xff, 0xff, 0xff, //0x00000165 movdqu       $-222(%rip), %xmm9  /* LCPI0_9+0(%rip) */
	0xf3, 0x44, 0x0f, 0x6f, 0x25, 0x69, 0xff, 0xff, 0xff, //0x0000016e movdqu       $-151(%rip), %xmm12  /* LCPI0_14+0(%rip) */
	0xf3, 0x0f, 0x6f, 0x15, 0x71, 0xff, 0xff, 0xff, //0x00000177 movdqu       $-143(%rip), %xmm2  /* LCPI0_15+0(%rip) */
	0xf3, 0x44, 0x0f, 0x6f, 0x35, 0xf8, 0xfe, 0xff, 0xff, //0x0000017f movdqu       $-264(%rip), %xmm14  /* LCPI0_8+0(%rip) */
	0xf3, 0x44, 0x0f, 0x6f, 0x05, 0xdf, 0xfe, 0xff, 0xff, //0x00000188 movdqu       $-289(%rip), %xmm8  /* LCPI0_7+0(%rip) */
	0x48, 0x89, 0x75, 0xb8, //0x00000191 movq         %rsi, $-72(%rbp)
	0x48, 0x89, 0x4d, 0xb0, //0x00000195 movq         %rcx, $-80(%rbp)
	0x48, 0x89, 0x55, 0xa8, //0x00000199 movq         %rdx, $-88(%rbp)
	0x48, 0x89, 0x7d, 0xa0, //0x0000019d movq         %rdi, $-96(%rbp)
	0xe9, 0x50, 0x00, 0x00, 0x00, //0x000001a1 jmp          LBB0_6
	//0x000001a6 LBB0_1
	0x0f, 0xbc, 0xc3, //0x000001a6 bsfl         %ebx, %eax
	0x48, 0x8b, 0x55, 0xc8, //0x000001a9 movq         $-56(%rbp), %rdx
	0x48, 0x01, 0xd0, //0x000001ad addq         %rdx, %rax
	0x4d, 0x8d, 0x1c, 0x06, //0x000001b0 leaq         (%r14,%rax), %r11
	0x49, 0x83, 0xc3, 0x02, //0x000001b4 addq         $2, %r11
	0x4c, 0x8b, 0x55, 0xb0, //0x000001b8 movq         $-80(%rbp), %r10
	0x4c, 0x8b, 0x7d, 0xa8, //0x000001bc movq         $-88(%rbp), %r15
	//0x000001c0 LBB0_2
	0x4d, 0x89, 0x1c, 0x24, //0x000001c0 movq         %r11, (%r12)
	0x48, 0x89, 0xd0, //0x000001c4 movq         %rdx, %rax
	0x48, 0xb9, 0xfe, 0xff, 0xff, 0xff, 0xff, 0xff, 0xff, 0x7f, //0x000001c7 movabsq      $9223372036854775806, %rcx
	0x48, 0x39, 0xca, //0x000001d1 cmpq         %rcx, %rdx
	0x0f, 0x87, 0x72, 0x4c, 0x00, 0x00, //0x000001d4 ja           LBB0_887
	0x90, 0x90, 0x90, 0x90, 0x90, 0x90, //0x000001da .p2align 4, 0x90
	//0x000001e0 LBB0_4
	0x49, 0x8b, 0x17, //0x000001e0 movq         (%r15), %rdx
	0x49, 0x89, 0xd0, //0x000001e3 movq         %rdx, %r8
	0x48, 0x8b, 0x85, 0x68, 0xff, 0xff, 0xff, //0x000001e6 movq         $-152(%rbp), %rax
	0x48, 0x85, 0xd2, //0x000001ed testq        %rdx, %rdx
	0x0f, 0x84, 0x56, 0x4c, 0x00, 0x00, //0x000001f0 je           LBB0_887
	//0x000001f6 LBB0_6
	0x4d, 0x8b, 0x4d, 0x00, //0x000001f6 movq         (%r13), %r9
	0x49, 0x8b, 0x45, 0x08, //0x000001fa movq         $8(%r13), %rax
	0x49, 0x39, 0xc3, //0x000001fe cmpq         %rax, %r11
	0x0f, 0x83, 0x39, 0x00, 0x00, 0x00, //0x00000201 jae          LBB0_11
	0x43, 0x8a, 0x14, 0x19, //0x00000207 movb         (%r9,%r11), %dl
	0x80, 0xfa, 0x0d, //0x0000020b cmpb         $13, %dl
	0x0f, 0x84, 0x2c, 0x00, 0x00, 0x00, //0x0000020e je           LBB0_11
	0x80, 0xfa, 0x20, //0x00000214 cmpb         $32, %dl
	0x0f, 0x84, 0x23, 0x00, 0x00, 0x00, //0x00000217 je           LBB0_11
	0x80, 0xc2, 0xf7, //0x0000021d addb         $-9, %dl
	0x80, 0xfa, 0x01, //0x00000220 cmpb         $1, %dl
	0x0f, 0x86, 0x17, 0x00, 0x00, 0x00, //0x00000223 jbe          LBB0_11
	0x4c, 0x89, 0xd9, //0x00000229 movq         %r11, %rcx
	0xe9, 0x17, 0x01, 0x00, 0x00, //0x0000022c jmp          LBB0_32
	0x90, 0x90, 0x90, 0x90, 0x90, 0x90, 0x90, 0x90, 0x90, 0x90, 0x90, 0x90, 0x90, 0x90, 0x90, //0x00000231 .p2align 4, 0x90
	//0x00000240 LBB0_11
	0x49, 0x8d, 0x4b, 0x01, //0x00000240 leaq         $1(%r11), %rcx
	0x48, 0x39, 0xc1, //0x00000244 cmpq         %rax, %rcx
	0x0f, 0x83, 0x23, 0x00, 0x00, 0x00, //0x00000247 jae          LBB0_15
	0x41, 0x8a, 0x14, 0x09, //0x0000024d movb         (%r9,%rcx), %dl
	0x80, 0xfa, 0x0d, //0x00000251 cmpb         $13, %dl
	0x0f, 0x84, 0x16, 0x00, 0x00, 0x00, //0x00000254 je           LBB0_15
	0x80, 0xfa, 0x20, //0x0000025a cmpb         $32, %dl
	0x0f, 0x84, 0x0d, 0x00, 0x00, 0x00, //0x0000025d je           LBB0_15
	0x80, 0xc2, 0xf7, //0x00000263 addb         $-9, %dl
	0x80, 0xfa, 0x01, //0x00000266 cmpb         $1, %dl
	0x0f, 0x87, 0xd9, 0x00, 0x00, 0x00, //0x00000269 ja           LBB0_32
	0x90, //0x0000026f .p2align 4, 0x90
	//0x00000270 LBB0_15
	0x49, 0x8d, 0x4b, 0x02, //0x00000270 leaq         $2(%r11), %rcx
	0x48, 0x39, 0xc1, //0x00000274 cmpq         %rax, %rcx
	0x0f, 0x83, 0x23, 0x00, 0x00, 0x00, //0x00000277 jae          LBB0_19
	0x41, 0x8a, 0x14, 0x09, //0x0000027d movb         (%r9,%rcx), %dl
	0x80, 0xfa, 0x0d, //0x00000281 cmpb         $13, %dl
	0x0f, 0x84, 0x16, 0x00, 0x00, 0x00, //0x00000284 je           LBB0_19
	0x80, 0xfa, 0x20, //0x0000028a cmpb         $32, %dl
	0x0f, 0x84, 0x0d, 0x00, 0x00, 0x00, //0x0000028d je           LBB0_19
	0x80, 0xc2, 0xf7, //0x00000293 addb         $-9, %dl
	0x80, 0xfa, 0x01, //0x00000296 cmpb         $1, %dl
	0x0f, 0x87, 0xa9, 0x00, 0x00, 0x00, //0x00000299 ja           LBB0_32
	0x90, //0x0000029f .p2align 4, 0x90
	//0x000002a0 LBB0_19
	0x49, 0x8d, 0x4b, 0x03, //0x000002a0 leaq         $3(%r11), %rcx
	0x48, 0x39, 0xc1, //0x000002a4 cmpq         %rax, %rcx
	0x0f, 0x83, 0x23, 0x00, 0x00, 0x00, //0x000002a7 jae          LBB0_23
	0x41, 0x8a, 0x14, 0x09, //0x000002ad movb         (%r9,%rcx), %dl
	0x80, 0xfa, 0x0d, //0x000002b1 cmpb         $13, %dl
	0x0f, 0x84, 0x16, 0x00, 0x00, 0x00, //0x000002b4 je           LBB0_23
	0x80, 0xfa, 0x20, //0x000002ba cmpb         $32, %dl
	0x0f, 0x84, 0x0d, 0x00, 0x00, 0x00, //0x000002bd je           LBB0_23
	0x80, 0xc2, 0xf7, //0x000002c3 addb         $-9, %dl
	0x80, 0xfa, 0x01, //0x000002c6 cmpb         $1, %dl
	0x0f, 0x87, 0x79, 0x00, 0x00, 0x00, //0x000002c9 ja           LBB0_32
	0x90, //0x000002cf .p2align 4, 0x90
	//0x000002d0 LBB0_23
	0x49, 0x83, 0xc3, 0x04, //0x000002d0 addq         $4, %r11
	0x4c, 0x39, 0xd8, //0x000002d4 cmpq         %r11, %rax
	0x0f, 0x86, 0xec, 0x4a, 0x00, 0x00, //0x000002d7 jbe          LBB0_850
	0x4c, 0x39, 0xd8, //0x000002dd cmpq         %r11, %rax
	0x0f, 0x84, 0x4a, 0x00, 0x00, 0x00, //0x000002e0 je           LBB0_29
	0x49, 0x8d, 0x14, 0x01, //0x000002e6 leaq         (%r9,%rax), %rdx
	0x48, 0xbf, 0x00, 0x26, 0x00, 0x00, 0x01, 0x00, 0x00, 0x00, //0x000002ea movabsq      $4294977024, %rdi
	0x90, 0x90, 0x90, 0x90, 0x90, 0x90, 0x90, 0x90, 0x90, 0x90, 0x90, 0x90, //0x000002f4 .p2align 4, 0x90
	//0x00000300 LBB0_26
	0x43, 0x0f, 0xbe, 0x34, 0x19, //0x00000300 movsbl       (%r9,%r11), %esi
	0x83, 0xfe, 0x20, //0x00000305 cmpl         $32, %esi
	0x0f, 0x87, 0x2e, 0x00, 0x00, 0x00, //0x00000308 ja           LBB0_31
	0x48, 0x0f, 0xa3, 0xf7, //0x0000030e btq          %rsi, %rdi
	0x0f, 0x83, 0x24, 0x00, 0x00, 0x00, //0x00000312 jae          LBB0_31
	0x49, 0x83, 0xc3, 0x01, //0x00000318 addq         $1, %r11
	0x4c, 0x39, 0xd8, //0x0000031c cmpq         %r11, %rax
	0x0f, 0x85, 0xdb, 0xff, 0xff, 0xff, //0x0000031f jne          LBB0_26
	0xe9, 0x0c, 0x00, 0x00, 0x00, //0x00000325 jmp          LBB0_30
	0x90, 0x90, 0x90, 0x90, 0x90, 0x90, //0x0000032a .p2align 4, 0x90
	//0x00000330 LBB0_29
	0x4d, 0x01, 0xcb, //0x00000330 addq         %r9, %r11
	0x4c, 0x89, 0xda, //0x00000333 movq         %r11, %rdx
	//0x00000336 LBB0_30
	0x4c, 0x29, 0xca, //0x00000336 subq         %r9, %rdx
	0x49, 0x89, 0xd3, //0x00000339 movq         %rdx, %r11
	//0x0000033c LBB0_31
	0x4c, 0x89, 0xd9, //0x0000033c movq         %r11, %rcx
	0x49, 0x39, 0xc3, //0x0000033f cmpq         %rax, %r11
	0x0f, 0x83, 0x85, 0x4a, 0x00, 0x00, //0x00000342 jae          LBB0_851
	//0x00000348 LBB0_32
	0x4c, 0x8d, 0x59, 0x01, //0x00000348 leaq         $1(%rcx), %r11
	0x4d, 0x89, 0x1c, 0x24, //0x0000034c movq         %r11, (%r12)
	0x41, 0x0f, 0xbe, 0x34, 0x09, //0x00000350 movsbl       (%r9,%rcx), %esi
	0x48, 0xc7, 0xc0, 0xff, 0xff, 0xff, 0xff, //0x00000355 movq         $-1, %rax
	0x85, 0xf6, //0x0000035c testl        %esi, %esi
	0x0f, 0x84, 0xe8, 0x4a, 0x00, 0x00, //0x0000035e je           LBB0_887
	0x49, 0x8d, 0x50, 0xff, //0x00000364 leaq         $-1(%r8), %rdx
	0x43, 0x8b, 0x3c, 0xc7, //0x00000368 movl         (%r15,%r8,8), %edi
	0x48, 0x8b, 0x9d, 0x68, 0xff, 0xff, 0xff, //0x0000036c movq         $-152(%rbp), %rbx
	0x48, 0x83, 0xfb, 0xff, //0x00000373 cmpq         $-1, %rbx
	0x48, 0x0f, 0x44, 0xd9, //0x00000377 cmoveq       %rcx, %rbx
	0x48, 0x89, 0x9d, 0x68, 0xff, 0xff, 0xff, //0x0000037b movq         %rbx, $-152(%rbp)
	0x83, 0xc7, 0xff, //0x00000382 addl         $-1, %edi
	0x83, 0xff, 0x05, //0x00000385 cmpl         $5, %edi
	0x0f, 0x87, 0x72, 0x02, 0x00, 0x00, //0x00000388 ja           LBB0_66
	0x48, 0x8d, 0x1d, 0x3b, 0x4d, 0x00, 0x00, //0x0000038e leaq         $19771(%rip), %rbx  /* LJTI0_0+0(%rip) */
	0x48, 0x63, 0x3c, 0xbb, //0x00000395 movslq       (%rbx,%rdi,4), %rdi
	0x48, 0x01, 0xdf, //0x00000399 addq         %rbx, %rdi
	0xff, 0xe7, //0x0000039c jmpq         *%rdi
	//0x0000039e LBB0_35
	0x83, 0xfe, 0x2c, //0x0000039e cmpl         $44, %esi
	0x0f, 0x84, 0xba, 0x04, 0x00, 0x00, //0x000003a1 je           LBB0_105
	0x83, 0xfe, 0x5d, //0x000003a7 cmpl         $93, %esi
	0x0f, 0x84, 0x35, 0x02, 0x00, 0x00, //0x000003aa je           LBB0_37
	0xe9, 0x90, 0x4a, 0x00, 0x00, //0x000003b0 jmp          LBB0_886
	//0x000003b5 LBB0_38
	0x40, 0x80, 0xfe, 0x5d, //0x000003b5 cmpb         $93, %sil
	0x0f, 0x84, 0x26, 0x02, 0x00, 0x00, //0x000003b9 je           LBB0_37
	0x48, 0x89, 0x4d, 0xc8, //0x000003bf movq         %rcx, $-56(%rbp)
	0x4b, 0xc7, 0x04, 0xc7, 0x01, 0x00, 0x00, 0x00, //0x000003c3 movq         $1, (%r15,%r8,8)
	0x83, 0xfe, 0x7b, //0x000003cb cmpl         $123, %esi
	0x0f, 0x86, 0x3c, 0x02, 0x00, 0x00, //0x000003ce jbe          LBB0_67
	0xe9, 0x6c, 0x4a, 0x00, 0x00, //0x000003d4 jmp          LBB0_886
	//0x000003d9 LBB0_40
	0x40, 0x80, 0xfe, 0x22, //0x000003d9 cmpb         $34, %sil
	0x0f, 0x85, 0x62, 0x4a, 0x00, 0x00, //0x000003dd jne          LBB0_886
	0x48, 0x89, 0x4d, 0xc8, //0x000003e3 movq         %rcx, $-56(%rbp)
	0x4b, 0xc7, 0x04, 0xc7, 0x04, 0x00, 0x00, 0x00, //0x000003e7 movq         $4, (%r15,%r8,8)
	0x4d, 0x8b, 0x45, 0x08, //0x000003ef movq         $8(%r13), %r8
	0x41, 0xf6, 0xc2, 0x40, //0x000003f3 testb        $64, %r10b
	0x0f, 0x85, 0x38, 0x06, 0x00, 0x00, //0x000003f7 jne          LBB0_127
	0x41, 0xf6, 0xc2, 0x20, //0x000003fd testb        $32, %r10b
	0x0f, 0x85, 0x87, 0x09, 0x00, 0x00, //0x00000401 jne          LBB0_166
	0x4d, 0x89, 0xc6, //0x00000407 movq         %r8, %r14
	0x4d, 0x29, 0xde, //0x0000040a subq         %r11, %r14
	0x0f, 0x84, 0xe3, 0x4b, 0x00, 0x00, //0x0000040d je           LBB0_880
	0x49, 0x83, 0xfe, 0x40, //0x00000413 cmpq         $64, %r14
	0x0f, 0x82, 0xe9, 0x2e, 0x00, 0x00, //0x00000417 jb           LBB0_544
	0x49, 0xc7, 0xc5, 0xfe, 0xff, 0xff, 0xff, //0x0000041d movq         $-2, %r13
	0x48, 0x8b, 0x45, 0xc8, //0x00000424 movq         $-56(%rbp), %rax
	0x49, 0x29, 0xc5, //0x00000428 subq         %rax, %r13
	0x4c, 0x8d, 0x58, 0x01, //0x0000042b leaq         $1(%rax), %r11
	0x48, 0xc7, 0x45, 0xd0, 0xff, 0xff, 0xff, 0xff, //0x0000042f movq         $-1, $-48(%rbp)
	0x45, 0x31, 0xd2, //0x00000437 xorl         %r10d, %r10d
	0x90, 0x90, 0x90, 0x90, 0x90, 0x90, //0x0000043a .p2align 4, 0x90
	//0x00000440 LBB0_46
	0xf3, 0x43, 0x0f, 0x6f, 0x1c, 0x19, //0x00000440 movdqu       (%r9,%r11), %xmm3
	0xf3, 0x43, 0x0f, 0x6f, 0x64, 0x19, 0x10, //0x00000446 movdqu       $16(%r9,%r11), %xmm4
	0xf3, 0x43, 0x0f, 0x6f, 0x6c, 0x19, 0x20, //0x0000044d movdqu       $32(%r9,%r11), %xmm5
	0xf3, 0x43, 0x0f, 0x6f, 0x74, 0x19, 0x30, //0x00000454 movdqu       $48(%r9,%r11), %xmm6
	0x66, 0x0f, 0x6f, 0xfb, //0x0000045b movdqa       %xmm3, %xmm7
	0x66, 0x0f, 0x74, 0xf8, //0x0000045f pcmpeqb      %xmm0, %xmm7
	0x66, 0x44, 0x0f, 0xd7, 0xff, //0x00000463 pmovmskb     %xmm7, %r15d
	0x66, 0x0f, 0x6f, 0xfc, //0x00000468 movdqa       %xmm4, %xmm7
	0x66, 0x0f, 0x74, 0xf8, //0x0000046c pcmpeqb      %xmm0, %xmm7
	0x66, 0x0f, 0xd7, 0xcf, //0x00000470 pmovmskb     %xmm7, %ecx
	0x66, 0x0f, 0x6f, 0xfd, //0x00000474 movdqa       %xmm5, %xmm7
	0x66, 0x0f, 0x74, 0xf8, //0x00000478 pcmpeqb      %xmm0, %xmm7
	0x66, 0x0f, 0xd7, 0xc7, //0x0000047c pmovmskb     %xmm7, %eax
	0x66, 0x0f, 0x6f, 0xfe, //0x00000480 movdqa       %xmm6, %xmm7
	0x66, 0x0f, 0x74, 0xf8, //0x00000484 pcmpeqb      %xmm0, %xmm7
	0x66, 0x0f, 0xd7, 0xf7, //0x00000488 pmovmskb     %xmm7, %esi
	0x66, 0x0f, 0x74, 0xd9, //0x0000048c pcmpeqb      %xmm1, %xmm3
	0x66, 0x44, 0x0f, 0xd7, 0xe3, //0x00000490 pmovmskb     %xmm3, %r12d
	0x66, 0x0f, 0x74, 0xe1, //0x00000495 pcmpeqb      %xmm1, %xmm4
	0x66, 0x0f, 0xd7, 0xdc, //0x00000499 pmovmskb     %xmm4, %ebx
	0x66, 0x0f, 0x74, 0xe9, //0x0000049d pcmpeqb      %xmm1, %xmm5
	0x66, 0x0f, 0xd7, 0xfd, //0x000004a1 pmovmskb     %xmm5, %edi
	0x66, 0x0f, 0x74, 0xf1, //0x000004a5 pcmpeqb      %xmm1, %xmm6
	0x66, 0x0f, 0xd7, 0xd6, //0x000004a9 pmovmskb     %xmm6, %edx
	0x48, 0xc1, 0xe6, 0x30, //0x000004ad shlq         $48, %rsi
	0x48, 0xc1, 0xe0, 0x20, //0x000004b1 shlq         $32, %rax
	0x48, 0x09, 0xf0, //0x000004b5 orq          %rsi, %rax
	0x48, 0xc1, 0xe1, 0x10, //0x000004b8 shlq         $16, %rcx
	0x48, 0x09, 0xc1, //0x000004bc orq          %rax, %rcx
	0x49, 0x09, 0xcf, //0x000004bf orq          %rcx, %r15
	0x48, 0xc1, 0xe2, 0x30, //0x000004c2 shlq         $48, %rdx
	0x48, 0xc1, 0xe7, 0x20, //0x000004c6 shlq         $32, %rdi
	0x48, 0x09, 0xd7, //0x000004ca orq          %rdx, %rdi
	0x48, 0xc1, 0xe3, 0x10, //0x000004cd shlq         $16, %rbx
	0x48, 0x09, 0xfb, //0x000004d1 orq          %rdi, %rbx
	0x49, 0x09, 0xdc, //0x000004d4 orq          %rbx, %r12
	0x0f, 0x85, 0x30, 0x00, 0x00, 0x00, //0x000004d7 jne          LBB0_55
	0x4d, 0x85, 0xd2, //0x000004dd testq        %r10, %r10
	0x0f, 0x85, 0x3d, 0x00, 0x00, 0x00, //0x000004e0 jne          LBB0_57
	0x45, 0x31, 0xd2, //0x000004e6 xorl         %r10d, %r10d
	0x4d, 0x85, 0xff, //0x000004e9 testq        %r15, %r15
	0x0f, 0x85, 0x83, 0x00, 0x00, 0x00, //0x000004ec jne          LBB0_58
	//0x000004f2 LBB0_49
	0x49, 0x83, 0xc6, 0xc0, //0x000004f2 addq         $-64, %r14
	0x49, 0x83, 0xc5, 0xc0, //0x000004f6 addq         $-64, %r13
	0x49, 0x83, 0xc3, 0x40, //0x000004fa addq         $64, %r11
	0x49, 0x83, 0xfe, 0x3f, //0x000004fe cmpq         $63, %r14
	0x0f, 0x87, 0x38, 0xff, 0xff, 0xff, //0x00000502 ja           LBB0_46
	0xe9, 0xeb, 0x2a, 0x00, 0x00, //0x00000508 jmp          LBB0_50
	//0x0000050d LBB0_55
	0x48, 0x83, 0x7d, 0xd0, 0xff, //0x0000050d cmpq         $-1, $-48(%rbp)
	0x0f, 0x85, 0x0b, 0x00, 0x00, 0x00, //0x00000512 jne          LBB0_57
	0x49, 0x0f, 0xbc, 0xc4, //0x00000518 bsfq         %r12, %rax
	0x4c, 0x01, 0xd8, //0x0000051c addq         %r11, %rax
	0x48, 0x89, 0x45, 0xd0, //0x0000051f movq         %rax, $-48(%rbp)
	//0x00000523 LBB0_57
	0x4c, 0x89, 0xd0, //0x00000523 movq         %r10, %rax
	0x48, 0xf7, 0xd0, //0x00000526 notq         %rax
	0x4c, 0x21, 0xe0, //0x00000529 andq         %r12, %rax
	0x48, 0x8d, 0x0c, 0x00, //0x0000052c leaq         (%rax,%rax), %rcx
	0x4c, 0x09, 0xd1, //0x00000530 orq          %r10, %rcx
	0x48, 0x89, 0xca, //0x00000533 movq         %rcx, %rdx
	0x48, 0xf7, 0xd2, //0x00000536 notq         %rdx
	0x4c, 0x21, 0xe2, //0x00000539 andq         %r12, %rdx
	0x48, 0xbe, 0xaa, 0xaa, 0xaa, 0xaa, 0xaa, 0xaa, 0xaa, 0xaa, //0x0000053c movabsq      $-6148914691236517206, %rsi
	0x48, 0x21, 0xf2, //0x00000546 andq         %rsi, %rdx
	0x45, 0x31, 0xd2, //0x00000549 xorl         %r10d, %r10d
	0x48, 0x01, 0xc2, //0x0000054c addq         %rax, %rdx
	0x41, 0x0f, 0x92, 0xc2, //0x0000054f setb         %r10b
	0x48, 0x01, 0xd2, //0x00000553 addq         %rdx, %rdx
	0x48, 0xb8, 0x55, 0x55, 0x55, 0x55, 0x55, 0x55, 0x55, 0x55, //0x00000556 movabsq      $6148914691236517205, %rax
	0x48, 0x31, 0xc2, //0x00000560 xorq         %rax, %rdx
	0x48, 0x21, 0xca, //0x00000563 andq         %rcx, %rdx
	0x48, 0xf7, 0xd2, //0x00000566 notq         %rdx
	0x49, 0x21, 0xd7, //0x00000569 andq         %rdx, %r15
	0x4d, 0x85, 0xff, //0x0000056c testq        %r15, %r15
	0x0f, 0x84, 0x7d, 0xff, 0xff, 0xff, //0x0000056f je           LBB0_49
	//0x00000575 LBB0_58
	0x4d, 0x0f, 0xbc, 0xdf, //0x00000575 bsfq         %r15, %r11
	0x4d, 0x29, 0xeb, //0x00000579 subq         %r13, %r11
	0x4c, 0x8b, 0x65, 0xb8, //0x0000057c movq         $-72(%rbp), %r12
	//0x00000580 LBB0_59
	0x4c, 0x8b, 0x55, 0xb0, //0x00000580 movq         $-80(%rbp), %r10
	0x4c, 0x8b, 0x6d, 0xa0, //0x00000584 movq         $-96(%rbp), %r13
	0x4c, 0x8b, 0x7d, 0xa8, //0x00000588 movq         $-88(%rbp), %r15
	0xe9, 0xfb, 0x11, 0x00, 0x00, //0x0000058c jmp          LBB0_277
	//0x00000591 LBB0_60
	0x40, 0x80, 0xfe, 0x3a, //0x00000591 cmpb         $58, %sil
	0x0f, 0x85, 0xaa, 0x48, 0x00, 0x00, //0x00000595 jne          LBB0_886
	0x4b, 0xc7, 0x04, 0xc7, 0x00, 0x00, 0x00, 0x00, //0x0000059b movq         $0, (%r15,%r8,8)
	0xe9, 0x38, 0xfc, 0xff, 0xff, //0x000005a3 jmp          LBB0_4
	//0x000005a8 LBB0_62
	0x83, 0xfe, 0x2c, //0x000005a8 cmpl         $44, %esi
	0x0f, 0x85, 0x2b, 0x00, 0x00, 0x00, //0x000005ab jne          LBB0_63
	0x49, 0x81, 0xf8, 0xff, 0x0f, 0x00, 0x00, //0x000005b1 cmpq         $4095, %r8
	0x0f, 0x8f, 0x1b, 0x48, 0x00, 0x00, //0x000005b8 jg           LBB0_875
	0x49, 0x8d, 0x40, 0x01, //0x000005be leaq         $1(%r8), %rax
	0x49, 0x89, 0x07, //0x000005c2 movq         %rax, (%r15)
	0x4b, 0xc7, 0x44, 0xc7, 0x08, 0x03, 0x00, 0x00, 0x00, //0x000005c5 movq         $3, $8(%r15,%r8,8)
	0xe9, 0x0d, 0xfc, 0xff, 0xff, //0x000005ce jmp          LBB0_4
	//0x000005d3 LBB0_64
	0x83, 0xfe, 0x22, //0x000005d3 cmpl         $34, %esi
	0x0f, 0x84, 0xa7, 0x02, 0x00, 0x00, //0x000005d6 je           LBB0_109
	//0x000005dc LBB0_63
	0x83, 0xfe, 0x7d, //0x000005dc cmpl         $125, %esi
	0x0f, 0x85, 0x60, 0x48, 0x00, 0x00, //0x000005df jne          LBB0_886
	//0x000005e5 LBB0_37
	0x49, 0x89, 0x17, //0x000005e5 movq         %rdx, (%r15)
	0x49, 0x89, 0xd0, //0x000005e8 movq         %rdx, %r8
	0x48, 0x8b, 0x85, 0x68, 0xff, 0xff, 0xff, //0x000005eb movq         $-152(%rbp), %rax
	0x48, 0x85, 0xd2, //0x000005f2 testq        %rdx, %rdx
	0x0f, 0x85, 0xfb, 0xfb, 0xff, 0xff, //0x000005f5 jne          LBB0_6
	0xe9, 0x4c, 0x48, 0x00, 0x00, //0x000005fb jmp          LBB0_887
	//0x00000600 LBB0_66
	0x48, 0x89, 0x4d, 0xc8, //0x00000600 movq         %rcx, $-56(%rbp)
	0x49, 0x89, 0x17, //0x00000604 movq         %rdx, (%r15)
	0x83, 0xfe, 0x7b, //0x00000607 cmpl         $123, %esi
	0x0f, 0x87, 0x35, 0x48, 0x00, 0x00, //0x0000060a ja           LBB0_886
	//0x00000610 LBB0_67
	0x48, 0x8b, 0x4d, 0xc8, //0x00000610 movq         $-56(%rbp), %rcx
	0x4d, 0x8d, 0x04, 0x09, //0x00000614 leaq         (%r9,%rcx), %r8
	0x89, 0xf1, //0x00000618 movl         %esi, %ecx
	0x48, 0x8d, 0x15, 0xa7, 0x52, 0x00, 0x00, //0x0000061a leaq         $21159(%rip), %rdx  /* LJTI0_7+0(%rip) */
	0x48, 0x63, 0x0c, 0x8a, //0x00000621 movslq       (%rdx,%rcx,4), %rcx
	0x48, 0x01, 0xd1, //0x00000625 addq         %rdx, %rcx
	0xff, 0xe1, //0x00000628 jmpq         *%rcx
	//0x0000062a LBB0_68
	0x4d, 0x8b, 0x6d, 0x08, //0x0000062a movq         $8(%r13), %r13
	0x41, 0xf6, 0xc2, 0x40, //0x0000062e testb        $64, %r10b
	0x0f, 0x85, 0xec, 0x04, 0x00, 0x00, //0x00000632 jne          LBB0_137
	0x4c, 0x2b, 0x6d, 0xc8, //0x00000638 subq         $-56(%rbp), %r13
	0x0f, 0x84, 0xc3, 0x47, 0x00, 0x00, //0x0000063c je           LBB0_854
	0x41, 0x80, 0x38, 0x30, //0x00000642 cmpb         $48, (%r8)
	0x0f, 0x85, 0x2f, 0x00, 0x00, 0x00, //0x00000646 jne          LBB0_74
	0x49, 0x83, 0xfd, 0x01, //0x0000064c cmpq         $1, %r13
	0x0f, 0x84, 0xe3, 0x22, 0x00, 0x00, //0x00000650 je           LBB0_453
	0x43, 0x8a, 0x04, 0x19, //0x00000656 movb         (%r9,%r11), %al
	0x04, 0xd2, //0x0000065a addb         $-46, %al
	0x3c, 0x37, //0x0000065c cmpb         $55, %al
	0x0f, 0x87, 0xd5, 0x22, 0x00, 0x00, //0x0000065e ja           LBB0_453
	0x0f, 0xb6, 0xc0, //0x00000664 movzbl       %al, %eax
	0x48, 0xb9, 0x01, 0x00, 0x80, 0x00, 0x00, 0x00, 0x80, 0x00, //0x00000667 movabsq      $36028797027352577, %rcx
	0x48, 0x0f, 0xa3, 0xc1, //0x00000671 btq          %rax, %rcx
	0x0f, 0x83, 0xbe, 0x22, 0x00, 0x00, //0x00000675 jae          LBB0_453
	//0x0000067b LBB0_74
	0x49, 0x83, 0xfd, 0x10, //0x0000067b cmpq         $16, %r13
	0x0f, 0x82, 0x52, 0x2c, 0x00, 0x00, //0x0000067f jb           LBB0_542
	0x49, 0xc7, 0xc4, 0xff, 0xff, 0xff, 0xff, //0x00000685 movq         $-1, %r12
	0x45, 0x31, 0xdb, //0x0000068c xorl         %r11d, %r11d
	0x49, 0xc7, 0xc6, 0xff, 0xff, 0xff, 0xff, //0x0000068f movq         $-1, %r14
	0x49, 0xc7, 0xc2, 0xff, 0xff, 0xff, 0xff, //0x00000696 movq         $-1, %r10
	0x4c, 0x89, 0xea, //0x0000069d movq         %r13, %rdx
	//0x000006a0 .p2align 4, 0x90
	//0x000006a0 LBB0_76
	0xf3, 0x43, 0x0f, 0x6f, 0x1c, 0x18, //0x000006a0 movdqu       (%r8,%r11), %xmm3
	0x66, 0x0f, 0x6f, 0xe3, //0x000006a6 movdqa       %xmm3, %xmm4
	0x66, 0x0f, 0x64, 0x25, 0xee, 0xf9, 0xff, 0xff, //0x000006aa pcmpgtb      $-1554(%rip), %xmm4  /* LCPI0_10+0(%rip) */
	0x66, 0x41, 0x0f, 0x6f, 0xef, //0x000006b2 movdqa       %xmm15, %xmm5
	0x66, 0x0f, 0x64, 0xeb, //0x000006b7 pcmpgtb      %xmm3, %xmm5
	0x66, 0x0f, 0xdb, 0xec, //0x000006bb pand         %xmm4, %xmm5
	0x66, 0x0f, 0x6f, 0xe3, //0x000006bf movdqa       %xmm3, %xmm4
	0x66, 0x0f, 0x74, 0x25, 0xf5, 0xf9, 0xff, 0xff, //0x000006c3 pcmpeqb      $-1547(%rip), %xmm4  /* LCPI0_12+0(%rip) */
	0x66, 0x0f, 0x6f, 0xf3, //0x000006cb movdqa       %xmm3, %xmm6
	0x66, 0x0f, 0x74, 0x35, 0xf9, 0xf9, 0xff, 0xff, //0x000006cf pcmpeqb      $-1543(%rip), %xmm6  /* LCPI0_13+0(%rip) */
	0x66, 0x0f, 0xeb, 0xf4, //0x000006d7 por          %xmm4, %xmm6
	0x66, 0x0f, 0x6f, 0xe3, //0x000006db movdqa       %xmm3, %xmm4
	0x66, 0x41, 0x0f, 0xdb, 0xe1, //0x000006df pand         %xmm9, %xmm4
	0x66, 0x41, 0x0f, 0x74, 0xdc, //0x000006e4 pcmpeqb      %xmm12, %xmm3
	0x66, 0x0f, 0x74, 0xe2, //0x000006e9 pcmpeqb      %xmm2, %xmm4
	0x66, 0x0f, 0xd7, 0xc4, //0x000006ed pmovmskb     %xmm4, %eax
	0x66, 0x0f, 0xeb, 0xe3, //0x000006f1 por          %xmm3, %xmm4
	0x66, 0x0f, 0xeb, 0xee, //0x000006f5 por          %xmm6, %xmm5
	0x66, 0x0f, 0xeb, 0xec, //0x000006f9 por          %xmm4, %xmm5
	0x66, 0x0f, 0xd7, 0xdb, //0x000006fd pmovmskb     %xmm3, %ebx
	0x66, 0x0f, 0xd7, 0xfe, //0x00000701 pmovmskb     %xmm6, %edi
	0x66, 0x0f, 0xd7, 0xcd, //0x00000705 pmovmskb     %xmm5, %ecx
	0xf7, 0xd1, //0x00000709 notl         %ecx
	0x0f, 0xbc, 0xc9, //0x0000070b bsfl         %ecx, %ecx
	0x83, 0xf9, 0x10, //0x0000070e cmpl         $16, %ecx
	0x0f, 0x84, 0x11, 0x00, 0x00, 0x00, //0x00000711 je           LBB0_78
	0xbe, 0xff, 0xff, 0xff, 0xff, //0x00000717 movl         $-1, %esi
	0xd3, 0xe6, //0x0000071c shll         %cl, %esi
	0xf7, 0xd6, //0x0000071e notl         %esi
	0x21, 0xf3, //0x00000720 andl         %esi, %ebx
	0x21, 0xf0, //0x00000722 andl         %esi, %eax
	0x21, 0xfe, //0x00000724 andl         %edi, %esi
	0x89, 0xf7, //0x00000726 movl         %esi, %edi
	//0x00000728 LBB0_78
	0x44, 0x8d, 0x7b, 0xff, //0x00000728 leal         $-1(%rbx), %r15d
	0x41, 0x21, 0xdf, //0x0000072c andl         %ebx, %r15d
	0x0f, 0x85, 0x72, 0x29, 0x00, 0x00, //0x0000072f jne          LBB0_527
	0x8d, 0x70, 0xff, //0x00000735 leal         $-1(%rax), %esi
	0x21, 0xc6, //0x00000738 andl         %eax, %esi
	0x0f, 0x85, 0x70, 0x29, 0x00, 0x00, //0x0000073a jne          LBB0_528
	0x8d, 0x77, 0xff, //0x00000740 leal         $-1(%rdi), %esi
	0x21, 0xfe, //0x00000743 andl         %edi, %esi
	0x4c, 0x8b, 0x7d, 0xa8, //0x00000745 movq         $-88(%rbp), %r15
	0x0f, 0x85, 0x77, 0x29, 0x00, 0x00, //0x00000749 jne          LBB0_530
	0x85, 0xdb, //0x0000074f testl        %ebx, %ebx
	0x0f, 0x84, 0x13, 0x00, 0x00, 0x00, //0x00000751 je           LBB0_84
	0x0f, 0xbc, 0xdb, //0x00000757 bsfl         %ebx, %ebx
	0x49, 0x83, 0xfa, 0xff, //0x0000075a cmpq         $-1, %r10
	0x0f, 0x85, 0x13, 0x2a, 0x00, 0x00, //0x0000075e jne          LBB0_532
	0x4c, 0x01, 0xdb, //0x00000764 addq         %r11, %rbx
	0x49, 0x89, 0xda, //0x00000767 movq         %rbx, %r10
	//0x0000076a LBB0_84
	0x85, 0xc0, //0x0000076a testl        %eax, %eax
	0x0f, 0x84, 0x13, 0x00, 0x00, 0x00, //0x0000076c je           LBB0_87
	0x0f, 0xbc, 0xc0, //0x00000772 bsfl         %eax, %eax
	0x49, 0x83, 0xfe, 0xff, //0x00000775 cmpq         $-1, %r14
	0x0f, 0x85, 0x21, 0x29, 0x00, 0x00, //0x00000779 jne          LBB0_526
	0x4c, 0x01, 0xd8, //0x0000077f addq         %r11, %rax
	0x49, 0x89, 0xc6, //0x00000782 movq         %rax, %r14
	//0x00000785 LBB0_87
	0x85, 0xff, //0x00000785 testl        %edi, %edi
	0x0f, 0x84, 0x13, 0x00, 0x00, 0x00, //0x00000787 je           LBB0_90
	0x0f, 0xbc, 0xc7, //0x0000078d bsfl         %edi, %eax
	0x49, 0x83, 0xfc, 0xff, //0x00000790 cmpq         $-1, %r12
	0x0f, 0x85, 0x06, 0x29, 0x00, 0x00, //0x00000794 jne          LBB0_526
	0x4c, 0x01, 0xd8, //0x0000079a addq         %r11, %rax
	0x49, 0x89, 0xc4, //0x0000079d movq         %rax, %r12
	//0x000007a0 LBB0_90
	0x83, 0xf9, 0x10, //0x000007a0 cmpl         $16, %ecx
	0x0f, 0x85, 0x7e, 0x0a, 0x00, 0x00, //0x000007a3 jne          LBB0_214
	0x48, 0x83, 0xc2, 0xf0, //0x000007a9 addq         $-16, %rdx
	0x49, 0x83, 0xc3, 0x10, //0x000007ad addq         $16, %r11
	0x48, 0x83, 0xfa, 0x0f, //0x000007b1 cmpq         $15, %rdx
	0x0f, 0x87, 0xe5, 0xfe, 0xff, 0xff, //0x000007b5 ja           LBB0_76
	0x4b, 0x8d, 0x0c, 0x18, //0x000007bb leaq         (%r8,%r11), %rcx
	0x4d, 0x39, 0xdd, //0x000007bf cmpq         %r11, %r13
	0x49, 0x89, 0xcb, //0x000007c2 movq         %rcx, %r11
	0x48, 0x8d, 0x05, 0x48, 0x57, 0x00, 0x00, //0x000007c5 leaq         $22344(%rip), %rax  /* LJTI0_12+0(%rip) */
	0x0f, 0x84, 0x5d, 0x0a, 0x00, 0x00, //0x000007cc je           LBB0_215
	//0x000007d2 LBB0_93
	0x4c, 0x8d, 0x1c, 0x11, //0x000007d2 leaq         (%rcx,%rdx), %r11
	0x49, 0x89, 0xcd, //0x000007d6 movq         %rcx, %r13
	0x4d, 0x29, 0xc5, //0x000007d9 subq         %r8, %r13
	0x31, 0xf6, //0x000007dc xorl         %esi, %esi
	0xe9, 0x2a, 0x00, 0x00, 0x00, //0x000007de jmp          LBB0_97
	//0x000007e3 LBB0_94
	0x49, 0x83, 0xfa, 0xff, //0x000007e3 cmpq         $-1, %r10
	0x0f, 0x85, 0x5f, 0x27, 0x00, 0x00, //0x000007e7 jne          LBB0_523
	0x4e, 0x8d, 0x14, 0x2e, //0x000007ed leaq         (%rsi,%r13), %r10
	0x90, 0x90, 0x90, 0x90, 0x90, 0x90, 0x90, 0x90, 0x90, 0x90, 0x90, 0x90, 0x90, 0x90, 0x90, //0x000007f1 .p2align 4, 0x90
	//0x00000800 LBB0_96
	0x48, 0x83, 0xc6, 0x01, //0x00000800 addq         $1, %rsi
	0x48, 0x39, 0xf2, //0x00000804 cmpq         %rsi, %rdx
	0x0f, 0x84, 0x22, 0x0a, 0x00, 0x00, //0x00000807 je           LBB0_215
	//0x0000080d LBB0_97
	0x0f, 0xbe, 0x3c, 0x31, //0x0000080d movsbl       (%rcx,%rsi), %edi
	0x8d, 0x5f, 0xd0, //0x00000811 leal         $-48(%rdi), %ebx
	0x83, 0xfb, 0x0a, //0x00000814 cmpl         $10, %ebx
	0x0f, 0x82, 0xe3, 0xff, 0xff, 0xff, //0x00000817 jb           LBB0_96
	0x8d, 0x5f, 0xd5, //0x0000081d leal         $-43(%rdi), %ebx
	0x83, 0xfb, 0x1a, //0x00000820 cmpl         $26, %ebx
	0x0f, 0x87, 0x1c, 0x00, 0x00, 0x00, //0x00000823 ja           LBB0_102
	0x48, 0x63, 0x3c, 0x98, //0x00000829 movslq       (%rax,%rbx,4), %rdi
	0x48, 0x01, 0xc7, //0x0000082d addq         %rax, %rdi
	0xff, 0xe7, //0x00000830 jmpq         *%rdi
	//0x00000832 LBB0_100
	0x49, 0x83, 0xfc, 0xff, //0x00000832 cmpq         $-1, %r12
	0x0f, 0x85, 0x10, 0x27, 0x00, 0x00, //0x00000836 jne          LBB0_523
	0x4e, 0x8d, 0x24, 0x2e, //0x0000083c leaq         (%rsi,%r13), %r12
	0xe9, 0xbb, 0xff, 0xff, 0xff, //0x00000840 jmp          LBB0_96
	//0x00000845 LBB0_102
	0x83, 0xff, 0x65, //0x00000845 cmpl         $101, %edi
	0x0f, 0x85, 0x87, 0x0e, 0x00, 0x00, //0x00000848 jne          LBB0_261
	//0x0000084e LBB0_103
	0x49, 0x83, 0xfe, 0xff, //0x0000084e cmpq         $-1, %r14
	0x0f, 0x85, 0xf4, 0x26, 0x00, 0x00, //0x00000852 jne          LBB0_523
	0x4e, 0x8d, 0x34, 0x2e, //0x00000858 leaq         (%rsi,%r13), %r14
	0xe9, 0x9f, 0xff, 0xff, 0xff, //0x0000085c jmp          LBB0_96
	//0x00000861 LBB0_105
	0x49, 0x81, 0xf8, 0xff, 0x0f, 0x00, 0x00, //0x00000861 cmpq         $4095, %r8
	0x0f, 0x8f, 0x6b, 0x45, 0x00, 0x00, //0x00000868 jg           LBB0_875
	0x49, 0x8d, 0x40, 0x01, //0x0000086e leaq         $1(%r8), %rax
	0x49, 0x89, 0x07, //0x00000872 movq         %rax, (%r15)
	0x4b, 0xc7, 0x44, 0xc7, 0x08, 0x00, 0x00, 0x00, 0x00, //0x00000875 movq         $0, $8(%r15,%r8,8)
	0xe9, 0x5d, 0xf9, 0xff, 0xff, //0x0000087e jmp          LBB0_4
	//0x00000883 LBB0_109
	0x4b, 0xc7, 0x04, 0xc7, 0x02, 0x00, 0x00, 0x00, //0x00000883 movq         $2, (%r15,%r8,8)
	0x4d, 0x8b, 0x65, 0x08, //0x0000088b movq         $8(%r13), %r12
	0x41, 0xf6, 0xc2, 0x40, //0x0000088f testb        $64, %r10b
	0x48, 0x89, 0x4d, 0xc8, //0x00000893 movq         %rcx, $-56(%rbp)
	0x0f, 0x85, 0xf0, 0x03, 0x00, 0x00, //0x00000897 jne          LBB0_156
	0x41, 0xf6, 0xc2, 0x20, //0x0000089d testb        $32, %r10b
	0x0f, 0x85, 0x9d, 0x09, 0x00, 0x00, //0x000008a1 jne          LBB0_216
	0x4d, 0x89, 0xe2, //0x000008a7 movq         %r12, %r10
	0x4d, 0x29, 0xda, //0x000008aa subq         %r11, %r10
	0x0f, 0x84, 0x4b, 0x47, 0x00, 0x00, //0x000008ad je           LBB0_888
	0x49, 0x83, 0xfa, 0x40, //0x000008b3 cmpq         $64, %r10
	0x0f, 0x82, 0x05, 0x2e, 0x00, 0x00, //0x000008b7 jb           LBB0_591
	0x49, 0xc7, 0xc5, 0xfe, 0xff, 0xff, 0xff, //0x000008bd movq         $-2, %r13
	0x49, 0x29, 0xcd, //0x000008c4 subq         %rcx, %r13
	0x4c, 0x8d, 0x59, 0x01, //0x000008c7 leaq         $1(%rcx), %r11
	0x48, 0xc7, 0x45, 0xd0, 0xff, 0xff, 0xff, 0xff, //0x000008cb movq         $-1, $-48(%rbp)
	0x45, 0x31, 0xc0, //0x000008d3 xorl         %r8d, %r8d
	0x90, 0x90, 0x90, 0x90, 0x90, 0x90, 0x90, 0x90, 0x90, 0x90, //0x000008d6 .p2align 4, 0x90
	//0x000008e0 LBB0_114
	0xf3, 0x43, 0x0f, 0x6f, 0x1c, 0x19, //0x000008e0 movdqu       (%r9,%r11), %xmm3
	0xf3, 0x43, 0x0f, 0x6f, 0x64, 0x19, 0x10, //0x000008e6 movdqu       $16(%r9,%r11), %xmm4
	0xf3, 0x43, 0x0f, 0x6f, 0x6c, 0x19, 0x20, //0x000008ed movdqu       $32(%r9,%r11), %xmm5
	0xf3, 0x43, 0x0f, 0x6f, 0x74, 0x19, 0x30, //0x000008f4 movdqu       $48(%r9,%r11), %xmm6
	0x66, 0x0f, 0x6f, 0xfb, //0x000008fb movdqa       %xmm3, %xmm7
	0x66, 0x0f, 0x74, 0xf8, //0x000008ff pcmpeqb      %xmm0, %xmm7
	0x66, 0x44, 0x0f, 0xd7, 0xf7, //0x00000903 pmovmskb     %xmm7, %r14d
	0x66, 0x0f, 0x6f, 0xfc, //0x00000908 movdqa       %xmm4, %xmm7
	0x66, 0x0f, 0x74, 0xf8, //0x0000090c pcmpeqb      %xmm0, %xmm7
	0x66, 0x0f, 0xd7, 0xcf, //0x00000910 pmovmskb     %xmm7, %ecx
	0x66, 0x0f, 0x6f, 0xfd, //0x00000914 movdqa       %xmm5, %xmm7
	0x66, 0x0f, 0x74, 0xf8, //0x00000918 pcmpeqb      %xmm0, %xmm7
	0x66, 0x0f, 0xd7, 0xc7, //0x0000091c pmovmskb     %xmm7, %eax
	0x66, 0x0f, 0x6f, 0xfe, //0x00000920 movdqa       %xmm6, %xmm7
	0x66, 0x0f, 0x74, 0xf8, //0x00000924 pcmpeqb      %xmm0, %xmm7
	0x66, 0x0f, 0xd7, 0xf7, //0x00000928 pmovmskb     %xmm7, %esi
	0x66, 0x0f, 0x74, 0xd9, //0x0000092c pcmpeqb      %xmm1, %xmm3
	0x66, 0x44, 0x0f, 0xd7, 0xfb, //0x00000930 pmovmskb     %xmm3, %r15d
	0x66, 0x0f, 0x74, 0xe1, //0x00000935 pcmpeqb      %xmm1, %xmm4
	0x66, 0x0f, 0xd7, 0xdc, //0x00000939 pmovmskb     %xmm4, %ebx
	0x66, 0x0f, 0x74, 0xe9, //0x0000093d pcmpeqb      %xmm1, %xmm5
	0x66, 0x0f, 0xd7, 0xfd, //0x00000941 pmovmskb     %xmm5, %edi
	0x66, 0x0f, 0x74, 0xf1, //0x00000945 pcmpeqb      %xmm1, %xmm6
	0x66, 0x0f, 0xd7, 0xd6, //0x00000949 pmovmskb     %xmm6, %edx
	0x48, 0xc1, 0xe6, 0x30, //0x0000094d shlq         $48, %rsi
	0x48, 0xc1, 0xe0, 0x20, //0x00000951 shlq         $32, %rax
	0x48, 0x09, 0xf0, //0x00000955 orq          %rsi, %rax
	0x48, 0xc1, 0xe1, 0x10, //0x00000958 shlq         $16, %rcx
	0x48, 0x09, 0xc1, //0x0000095c orq          %rax, %rcx
	0x49, 0x09, 0xce, //0x0000095f orq          %rcx, %r14
	0x48, 0xc1, 0xe2, 0x30, //0x00000962 shlq         $48, %rdx
	0x48, 0xc1, 0xe7, 0x20, //0x00000966 shlq         $32, %rdi
	0x48, 0x09, 0xd7, //0x0000096a orq          %rdx, %rdi
	0x48, 0xc1, 0xe3, 0x10, //0x0000096d shlq         $16, %rbx
	0x48, 0x09, 0xfb, //0x00000971 orq          %rdi, %rbx
	0x49, 0x09, 0xdf, //0x00000974 orq          %rbx, %r15
	0x0f, 0x85, 0x34, 0x00, 0x00, 0x00, //0x00000977 jne          LBB0_123
	0x4d, 0x85, 0xc0, //0x0000097d testq        %r8, %r8
	0x0f, 0x85, 0x41, 0x00, 0x00, 0x00, //0x00000980 jne          LBB0_125
	0x45, 0x31, 0xc0, //0x00000986 xorl         %r8d, %r8d
	0x4d, 0x85, 0xf6, //0x00000989 testq        %r14, %r14
	0x4c, 0x8b, 0x7d, 0xa8, //0x0000098c movq         $-88(%rbp), %r15
	0x0f, 0x85, 0x87, 0x00, 0x00, 0x00, //0x00000990 jne          LBB0_126
	//0x00000996 LBB0_117
	0x49, 0x83, 0xc2, 0xc0, //0x00000996 addq         $-64, %r10
	0x49, 0x83, 0xc5, 0xc0, //0x0000099a addq         $-64, %r13
	0x49, 0x83, 0xc3, 0x40, //0x0000099e addq         $64, %r11
	0x49, 0x83, 0xfa, 0x3f, //0x000009a2 cmpq         $63, %r10
	0x0f, 0x87, 0x34, 0xff, 0xff, 0xff, //0x000009a6 ja           LBB0_114
	0xe9, 0x3e, 0x27, 0x00, 0x00, //0x000009ac jmp          LBB0_118
	//0x000009b1 LBB0_123
	0x48, 0x83, 0x7d, 0xd0, 0xff, //0x000009b1 cmpq         $-1, $-48(%rbp)
	0x0f, 0x85, 0x0b, 0x00, 0x00, 0x00, //0x000009b6 jne          LBB0_125
	0x49, 0x0f, 0xbc, 0xc7, //0x000009bc bsfq         %r15, %rax
	0x4c, 0x01, 0xd8, //0x000009c0 addq         %r11, %rax
	0x48, 0x89, 0x45, 0xd0, //0x000009c3 movq         %rax, $-48(%rbp)
	//0x000009c7 LBB0_125
	0x4c, 0x89, 0xc0, //0x000009c7 movq         %r8, %rax
	0x48, 0xf7, 0xd0, //0x000009ca notq         %rax
	0x4c, 0x21, 0xf8, //0x000009cd andq         %r15, %rax
	0x48, 0x8d, 0x0c, 0x00, //0x000009d0 leaq         (%rax,%rax), %rcx
	0x4c, 0x09, 0xc1, //0x000009d4 orq          %r8, %rcx
	0x48, 0x89, 0xca, //0x000009d7 movq         %rcx, %rdx
	0x48, 0xf7, 0xd2, //0x000009da notq         %rdx
	0x4c, 0x21, 0xfa, //0x000009dd andq         %r15, %rdx
	0x48, 0xbe, 0xaa, 0xaa, 0xaa, 0xaa, 0xaa, 0xaa, 0xaa, 0xaa, //0x000009e0 movabsq      $-6148914691236517206, %rsi
	0x48, 0x21, 0xf2, //0x000009ea andq         %rsi, %rdx
	0x45, 0x31, 0xc0, //0x000009ed xorl         %r8d, %r8d
	0x48, 0x01, 0xc2, //0x000009f0 addq         %rax, %rdx
	0x41, 0x0f, 0x92, 0xc0, //0x000009f3 setb         %r8b
	0x48, 0x01, 0xd2, //0x000009f7 addq         %rdx, %rdx
	0x48, 0xb8, 0x55, 0x55, 0x55, 0x55, 0x55, 0x55, 0x55, 0x55, //0x000009fa movabsq      $6148914691236517205, %rax
	0x48, 0x31, 0xc2, //0x00000a04 xorq         %rax, %rdx
	0x48, 0x21, 0xca, //0x00000a07 andq         %rcx, %rdx
	0x48, 0xf7, 0xd2, //0x00000a0a notq         %rdx
	0x49, 0x21, 0xd6, //0x00000a0d andq         %rdx, %r14
	0x4d, 0x85, 0xf6, //0x00000a10 testq        %r14, %r14
	0x4c, 0x8b, 0x7d, 0xa8, //0x00000a13 movq         $-88(%rbp), %r15
	0x0f, 0x84, 0x79, 0xff, 0xff, 0xff, //0x00000a17 je           LBB0_117
	//0x00000a1d LBB0_126
	0x4d, 0x0f, 0xbc, 0xde, //0x00000a1d bsfq         %r14, %r11
	0x4d, 0x29, 0xeb, //0x00000a21 subq         %r13, %r11
	0x4c, 0x8b, 0x55, 0xb0, //0x00000a24 movq         $-80(%rbp), %r10
	0x4c, 0x8b, 0x6d, 0xa0, //0x00000a28 movq         $-96(%rbp), %r13
	0x48, 0x8b, 0x55, 0xc8, //0x00000a2c movq         $-56(%rbp), %rdx
	0xe9, 0x09, 0x13, 0x00, 0x00, //0x00000a30 jmp          LBB0_360
	//0x00000a35 LBB0_127
	0x4d, 0x89, 0xc6, //0x00000a35 movq         %r8, %r14
	0x4d, 0x29, 0xde, //0x00000a38 subq         %r11, %r14
	0x49, 0x83, 0xfe, 0x20, //0x00000a3b cmpq         $32, %r14
	0x0f, 0x8c, 0xf1, 0x27, 0x00, 0x00, //0x00000a3f jl           LBB0_538
	0x48, 0x8b, 0x4d, 0xc8, //0x00000a45 movq         $-56(%rbp), %rcx
	0x4d, 0x8d, 0x14, 0x09, //0x00000a49 leaq         (%r9,%rcx), %r10
	0x49, 0x29, 0xc8, //0x00000a4d subq         %rcx, %r8
	0x41, 0xbf, 0x1f, 0x00, 0x00, 0x00, //0x00000a50 movl         $31, %r15d
	0x45, 0x31, 0xf6, //0x00000a56 xorl         %r14d, %r14d
	0x45, 0x31, 0xdb, //0x00000a59 xorl         %r11d, %r11d
	0xe9, 0x35, 0x00, 0x00, 0x00, //0x00000a5c jmp          LBB0_129
	0x90, 0x90, 0x90, 0x90, 0x90, 0x90, 0x90, 0x90, 0x90, 0x90, 0x90, 0x90, 0x90, 0x90, 0x90, //0x00000a61 .p2align 4, 0x90
	//0x00000a70 LBB0_131
	0x45, 0x31, 0xdb, //0x00000a70 xorl         %r11d, %r11d
	0x48, 0x85, 0xdb, //0x00000a73 testq        %rbx, %rbx
	0x0f, 0x85, 0x2a, 0xf7, 0xff, 0xff, //0x00000a76 jne          LBB0_1
	//0x00000a7c LBB0_132
	0x49, 0x83, 0xc6, 0x20, //0x00000a7c addq         $32, %r14
	0x4b, 0x8d, 0x0c, 0x38, //0x00000a80 leaq         (%r8,%r15), %rcx
	0x48, 0x83, 0xc1, 0xe0, //0x00000a84 addq         $-32, %rcx
	0x49, 0x83, 0xc7, 0xe0, //0x00000a88 addq         $-32, %r15
	0x48, 0x83, 0xf9, 0x3f, //0x00000a8c cmpq         $63, %rcx
	0x0f, 0x8e, 0x66, 0x24, 0x00, 0x00, //0x00000a90 jle          LBB0_133
	//0x00000a96 LBB0_129
	0xf3, 0x43, 0x0f, 0x6f, 0x64, 0x32, 0x01, //0x00000a96 movdqu       $1(%r10,%r14), %xmm4
	0xf3, 0x43, 0x0f, 0x6f, 0x6c, 0x32, 0x11, //0x00000a9d movdqu       $17(%r10,%r14), %xmm5
	0x66, 0x0f, 0x6f, 0xf4, //0x00000aa4 movdqa       %xmm4, %xmm6
	0x66, 0x0f, 0x74, 0xf0, //0x00000aa8 pcmpeqb      %xmm0, %xmm6
	0x66, 0x0f, 0xd7, 0xd6, //0x00000aac pmovmskb     %xmm6, %edx
	0x66, 0x0f, 0x6f, 0xf5, //0x00000ab0 movdqa       %xmm5, %xmm6
	0x66, 0x0f, 0x74, 0xf0, //0x00000ab4 pcmpeqb      %xmm0, %xmm6
	0x66, 0x0f, 0xd7, 0xde, //0x00000ab8 pmovmskb     %xmm6, %ebx
	0x48, 0xc1, 0xe3, 0x10, //0x00000abc shlq         $16, %rbx
	0x48, 0x09, 0xd3, //0x00000ac0 orq          %rdx, %rbx
	0x66, 0x0f, 0x74, 0xe1, //0x00000ac3 pcmpeqb      %xmm1, %xmm4
	0x66, 0x0f, 0xd7, 0xfc, //0x00000ac7 pmovmskb     %xmm4, %edi
	0x66, 0x0f, 0x74, 0xe9, //0x00000acb pcmpeqb      %xmm1, %xmm5
	0x66, 0x0f, 0xd7, 0xd5, //0x00000acf pmovmskb     %xmm5, %edx
	0x48, 0xc1, 0xe2, 0x10, //0x00000ad3 shlq         $16, %rdx
	0x48, 0x09, 0xfa, //0x00000ad7 orq          %rdi, %rdx
	0x48, 0x89, 0xd7, //0x00000ada movq         %rdx, %rdi
	0x4c, 0x09, 0xdf, //0x00000add orq          %r11, %rdi
	0x0f, 0x84, 0x8a, 0xff, 0xff, 0xff, //0x00000ae0 je           LBB0_131
	0x44, 0x89, 0xdf, //0x00000ae6 movl         %r11d, %edi
	0xf7, 0xd7, //0x00000ae9 notl         %edi
	0x21, 0xd7, //0x00000aeb andl         %edx, %edi
	0x8d, 0x34, 0x3f, //0x00000aed leal         (%rdi,%rdi), %esi
	0x44, 0x09, 0xde, //0x00000af0 orl          %r11d, %esi
	0x89, 0xf1, //0x00000af3 movl         %esi, %ecx
	0xf7, 0xd1, //0x00000af5 notl         %ecx
	0x21, 0xd1, //0x00000af7 andl         %edx, %ecx
	0x81, 0xe1, 0xaa, 0xaa, 0xaa, 0xaa, //0x00000af9 andl         $-1431655766, %ecx
	0x45, 0x31, 0xdb, //0x00000aff xorl         %r11d, %r11d
	0x01, 0xf9, //0x00000b02 addl         %edi, %ecx
	0x41, 0x0f, 0x92, 0xc3, //0x00000b04 setb         %r11b
	0x01, 0xc9, //0x00000b08 addl         %ecx, %ecx
	0x81, 0xf1, 0x55, 0x55, 0x55, 0x55, //0x00000b0a xorl         $1431655765, %ecx
	0x21, 0xf1, //0x00000b10 andl         %esi, %ecx
	0xf7, 0xd1, //0x00000b12 notl         %ecx
	0x21, 0xcb, //0x00000b14 andl         %ecx, %ebx
	0x48, 0x85, 0xdb, //0x00000b16 testq        %rbx, %rbx
	0x0f, 0x84, 0x5d, 0xff, 0xff, 0xff, //0x00000b19 je           LBB0_132
	0xe9, 0x82, 0xf6, 0xff, 0xff, //0x00000b1f jmp          LBB0_1
	//0x00000b24 LBB0_137
	0x4c, 0x89, 0xe8, //0x00000b24 movq         %r13, %rax
	0x4c, 0x29, 0xd8, //0x00000b27 subq         %r11, %rax
	0x48, 0x83, 0xf8, 0x10, //0x00000b2a cmpq         $16, %rax
	0x0f, 0x82, 0x73, 0x27, 0x00, 0x00, //0x00000b2e jb           LBB0_539
	0x48, 0x8b, 0x55, 0xc8, //0x00000b34 movq         $-56(%rbp), %rdx
	0x48, 0x89, 0xd7, //0x00000b38 movq         %rdx, %rdi
	0x48, 0xf7, 0xd7, //0x00000b3b notq         %rdi
	0x48, 0x8d, 0x5a, 0x01, //0x00000b3e leaq         $1(%rdx), %rbx
	0x48, 0x8d, 0x42, 0x02, //0x00000b42 leaq         $2(%rdx), %rax
	0x49, 0x8d, 0x0c, 0x11, //0x00000b46 leaq         (%r9,%rdx), %rcx
	0x49, 0xb8, 0x00, 0x26, 0x00, 0x00, 0x01, 0x00, 0x00, 0x00, //0x00000b4a movabsq      $4294977024, %r8
	0x90, 0x90, 0x90, 0x90, 0x90, 0x90, 0x90, 0x90, 0x90, 0x90, 0x90, 0x90, //0x00000b54 .p2align 4, 0x90
	//0x00000b60 LBB0_139
	0xf3, 0x41, 0x0f, 0x6f, 0x1c, 0x19, //0x00000b60 movdqu       (%r9,%rbx), %xmm3
	0x66, 0x0f, 0x6f, 0xe3, //0x00000b66 movdqa       %xmm3, %xmm4
	0x66, 0x41, 0x0f, 0x74, 0xe6, //0x00000b6a pcmpeqb      %xmm14, %xmm4
	0x66, 0x41, 0x0f, 0xdb, 0xd9, //0x00000b6f pand         %xmm9, %xmm3
	0x66, 0x41, 0x0f, 0x74, 0xd8, //0x00000b74 pcmpeqb      %xmm8, %xmm3
	0x66, 0x0f, 0xeb, 0xdc, //0x00000b79 por          %xmm4, %xmm3
	0x66, 0x0f, 0xd7, 0xf3, //0x00000b7d pmovmskb     %xmm3, %esi
	0x85, 0xf6, //0x00000b81 testl        %esi, %esi
	0x0f, 0x85, 0x98, 0x00, 0x00, 0x00, //0x00000b83 jne          LBB0_150
	0x48, 0x83, 0xc3, 0x10, //0x00000b89 addq         $16, %rbx
	0x4a, 0x8d, 0x34, 0x2f, //0x00000b8d leaq         (%rdi,%r13), %rsi
	0x48, 0x83, 0xc6, 0xf0, //0x00000b91 addq         $-16, %rsi
	0x48, 0x83, 0xc7, 0xf0, //0x00000b95 addq         $-16, %rdi
	0x48, 0x83, 0xc0, 0x10, //0x00000b99 addq         $16, %rax
	0x48, 0x83, 0xc2, 0x10, //0x00000b9d addq         $16, %rdx
	0x48, 0x83, 0xc1, 0x10, //0x00000ba1 addq         $16, %rcx
	0x48, 0x83, 0xfe, 0x0f, //0x00000ba5 cmpq         $15, %rsi
	0x0f, 0x87, 0xb1, 0xff, 0xff, 0xff, //0x00000ba9 ja           LBB0_139
	0x4d, 0x89, 0xcb, //0x00000baf movq         %r9, %r11
	0x49, 0x29, 0xfb, //0x00000bb2 subq         %rdi, %r11
	0x49, 0x01, 0xfd, //0x00000bb5 addq         %rdi, %r13
	0x4c, 0x89, 0xe8, //0x00000bb8 movq         %r13, %rax
	0x48, 0x85, 0xc0, //0x00000bbb testq        %rax, %rax
	0x4c, 0x8b, 0x6d, 0xa0, //0x00000bbe movq         $-96(%rbp), %r13
	0x48, 0xbe, 0x00, 0x26, 0x00, 0x00, 0x01, 0x10, 0x00, 0x00, //0x00000bc2 movabsq      $17596481021440, %rsi
	0x0f, 0x84, 0xef, 0x26, 0x00, 0x00, //0x00000bcc je           LBB0_540
	//0x00000bd2 LBB0_142
	0x49, 0x8d, 0x0c, 0x03, //0x00000bd2 leaq         (%r11,%rax), %rcx
	0x48, 0x8b, 0x7d, 0xc8, //0x00000bd6 movq         $-56(%rbp), %rdi
	//0x00000bda LBB0_143
	0x41, 0x0f, 0xb6, 0x13, //0x00000bda movzbl       (%r11), %edx
	0x48, 0x83, 0xfa, 0x2c, //0x00000bde cmpq         $44, %rdx
	0x0f, 0x87, 0x0a, 0x00, 0x00, 0x00, //0x00000be2 ja           LBB0_145
	0x48, 0x0f, 0xa3, 0xd6, //0x00000be8 btq          %rdx, %rsi
	0x0f, 0x82, 0x23, 0x00, 0x00, 0x00, //0x00000bec jb           LBB0_149
	//0x00000bf2 LBB0_145
	0x80, 0xfa, 0x5d, //0x00000bf2 cmpb         $93, %dl
	0x0f, 0x84, 0x1a, 0x00, 0x00, 0x00, //0x00000bf5 je           LBB0_149
	0x80, 0xfa, 0x7d, //0x00000bfb cmpb         $125, %dl
	0x0f, 0x84, 0x11, 0x00, 0x00, 0x00, //0x00000bfe je           LBB0_149
	0x49, 0x83, 0xc3, 0x01, //0x00000c04 addq         $1, %r11
	0x48, 0x83, 0xc0, 0xff, //0x00000c08 addq         $-1, %rax
	0x0f, 0x85, 0xc8, 0xff, 0xff, 0xff, //0x00000c0c jne          LBB0_143
	0x49, 0x89, 0xcb, //0x00000c12 movq         %rcx, %r11
	//0x00000c15 LBB0_149
	0x4d, 0x29, 0xcb, //0x00000c15 subq         %r9, %r11
	0x4d, 0x89, 0x1c, 0x24, //0x00000c18 movq         %r11, (%r12)
	0xe9, 0xeb, 0x05, 0x00, 0x00, //0x00000c1c jmp          LBB0_213
	//0x00000c21 LBB0_150
	0x66, 0x0f, 0xbc, 0xf6, //0x00000c21 bsfw         %si, %si
	0x0f, 0xb7, 0xf6, //0x00000c25 movzwl       %si, %esi
	0x49, 0x89, 0xf3, //0x00000c28 movq         %rsi, %r11
	0x49, 0x29, 0xfb, //0x00000c2b subq         %rdi, %r11
	0x4d, 0x89, 0x1c, 0x24, //0x00000c2e movq         %r11, (%r12)
	0x4d, 0x85, 0xdb, //0x00000c32 testq        %r11, %r11
	0x0f, 0x8e, 0xc9, 0x05, 0x00, 0x00, //0x00000c35 jle          LBB0_211
	0x48, 0x01, 0xf0, //0x00000c3b addq         %rsi, %rax
	0x48, 0x01, 0xf2, //0x00000c3e addq         %rsi, %rdx
	0x48, 0x01, 0xf1, //0x00000c41 addq         %rsi, %rcx
	0x4c, 0x8b, 0x6d, 0xa0, //0x00000c44 movq         $-96(%rbp), %r13
	0x90, 0x90, 0x90, 0x90, 0x90, 0x90, 0x90, 0x90, //0x00000c48 .p2align 4, 0x90
	//0x00000c50 LBB0_152
	0x0f, 0xb6, 0x31, //0x00000c50 movzbl       (%rcx), %esi
	0x48, 0x83, 0xfe, 0x20, //0x00000c53 cmpq         $32, %rsi
	0x0f, 0x87, 0xab, 0x05, 0x00, 0x00, //0x00000c57 ja           LBB0_212
	0x49, 0x0f, 0xa3, 0xf0, //0x00000c5d btq          %rsi, %r8
	0x0f, 0x83, 0xa1, 0x05, 0x00, 0x00, //0x00000c61 jae          LBB0_212
	0x49, 0x89, 0x14, 0x24, //0x00000c67 movq         %rdx, (%r12)
	0x48, 0x83, 0xc0, 0xff, //0x00000c6b addq         $-1, %rax
	0x48, 0x83, 0xc2, 0xff, //0x00000c6f addq         $-1, %rdx
	0x48, 0x83, 0xc1, 0xff, //0x00000c73 addq         $-1, %rcx
	0x49, 0x83, 0xc3, 0xff, //0x00000c77 addq         $-1, %r11
	0x48, 0x83, 0xf8, 0x01, //0x00000c7b cmpq         $1, %rax
	0x0f, 0x8f, 0xcb, 0xff, 0xff, 0xff, //0x00000c7f jg           LBB0_152
	0x45, 0x31, 0xdb, //0x00000c85 xorl         %r11d, %r11d
	0xe9, 0x7b, 0x05, 0x00, 0x00, //0x00000c88 jmp          LBB0_212
	//0x00000c8d LBB0_156
	0x4d, 0x89, 0xe6, //0x00000c8d movq         %r12, %r14
	0x4d, 0x29, 0xde, //0x00000c90 subq         %r11, %r14
	0x49, 0x83, 0xfe, 0x20, //0x00000c93 cmpq         $32, %r14
	0x0f, 0x8c, 0x61, 0x26, 0x00, 0x00, //0x00000c97 jl           LBB0_543
	0x4d, 0x8d, 0x04, 0x09, //0x00000c9d leaq         (%r9,%rcx), %r8
	0x49, 0x29, 0xcc, //0x00000ca1 subq         %rcx, %r12
	0x41, 0xbb, 0x1f, 0x00, 0x00, 0x00, //0x00000ca4 movl         $31, %r11d
	0x45, 0x31, 0xf6, //0x00000caa xorl         %r14d, %r14d
	0x45, 0x31, 0xd2, //0x00000cad xorl         %r10d, %r10d
	0xe9, 0x31, 0x00, 0x00, 0x00, //0x00000cb0 jmp          LBB0_158
	0x90, 0x90, 0x90, 0x90, 0x90, 0x90, 0x90, 0x90, 0x90, 0x90, 0x90, //0x00000cb5 .p2align 4, 0x90
	//0x00000cc0 LBB0_161
	0x45, 0x31, 0xd2, //0x00000cc0 xorl         %r10d, %r10d
	0x48, 0x85, 0xdb, //0x00000cc3 testq        %rbx, %rbx
	0x0f, 0x85, 0xa3, 0x00, 0x00, 0x00, //0x00000cc6 jne          LBB0_160
	//0x00000ccc LBB0_162
	0x49, 0x83, 0xc6, 0x20, //0x00000ccc addq         $32, %r14
	0x4b, 0x8d, 0x0c, 0x1c, //0x00000cd0 leaq         (%r12,%r11), %rcx
	0x48, 0x83, 0xc1, 0xe0, //0x00000cd4 addq         $-32, %rcx
	0x49, 0x83, 0xc3, 0xe0, //0x00000cd8 addq         $-32, %r11
	0x48, 0x83, 0xf9, 0x3f, //0x00000cdc cmpq         $63, %rcx
	0x0f, 0x8e, 0x7e, 0x22, 0x00, 0x00, //0x00000ce0 jle          LBB0_163
	//0x00000ce6 LBB0_158
	0xf3, 0x43, 0x0f, 0x6f, 0x5c, 0x30, 0x01, //0x00000ce6 movdqu       $1(%r8,%r14), %xmm3
	0xf3, 0x43, 0x0f, 0x6f, 0x64, 0x30, 0x11, //0x00000ced movdqu       $17(%r8,%r14), %xmm4
	0x66, 0x0f, 0x6f, 0xeb, //0x00000cf4 movdqa       %xmm3, %xmm5
	0x66, 0x0f, 0x74, 0xe8, //0x00000cf8 pcmpeqb      %xmm0, %xmm5
	0x66, 0x0f, 0xd7, 0xd5, //0x00000cfc pmovmskb     %xmm5, %edx
	0x66, 0x0f, 0x6f, 0xec, //0x00000d00 movdqa       %xmm4, %xmm5
	0x66, 0x0f, 0x74, 0xe8, //0x00000d04 pcmpeqb      %xmm0, %xmm5
	0x66, 0x0f, 0xd7, 0xdd, //0x00000d08 pmovmskb     %xmm5, %ebx
	0x48, 0xc1, 0xe3, 0x10, //0x00000d0c shlq         $16, %rbx
	0x48, 0x09, 0xd3, //0x00000d10 orq          %rdx, %rbx
	0x66, 0x0f, 0x74, 0xd9, //0x00000d13 pcmpeqb      %xmm1, %xmm3
	0x66, 0x0f, 0xd7, 0xfb, //0x00000d17 pmovmskb     %xmm3, %edi
	0x66, 0x0f, 0x74, 0xe1, //0x00000d1b pcmpeqb      %xmm1, %xmm4
	0x66, 0x0f, 0xd7, 0xd4, //0x00000d1f pmovmskb     %xmm4, %edx
	0x48, 0xc1, 0xe2, 0x10, //0x00000d23 shlq         $16, %rdx
	0x48, 0x09, 0xfa, //0x00000d27 orq          %rdi, %rdx
	0x48, 0x89, 0xd7, //0x00000d2a movq         %rdx, %rdi
	0x4c, 0x09, 0xd7, //0x00000d2d orq          %r10, %rdi
	0x0f, 0x84, 0x8a, 0xff, 0xff, 0xff, //0x00000d30 je           LBB0_161
	0x44, 0x89, 0xd7, //0x00000d36 movl         %r10d, %edi
	0xf7, 0xd7, //0x00000d39 notl         %edi
	0x21, 0xd7, //0x00000d3b andl         %edx, %edi
	0x8d, 0x34, 0x3f, //0x00000d3d leal         (%rdi,%rdi), %esi
	0x44, 0x09, 0xd6, //0x00000d40 orl          %r10d, %esi
	0x89, 0xf1, //0x00000d43 movl         %esi, %ecx
	0xf7, 0xd1, //0x00000d45 notl         %ecx
	0x21, 0xd1, //0x00000d47 andl         %edx, %ecx
	0x81, 0xe1, 0xaa, 0xaa, 0xaa, 0xaa, //0x00000d49 andl         $-1431655766, %ecx
	0x45, 0x31, 0xd2, //0x00000d4f xorl         %r10d, %r10d
	0x01, 0xf9, //0x00000d52 addl         %edi, %ecx
	0x41, 0x0f, 0x92, 0xc2, //0x00000d54 setb         %r10b
	0x01, 0xc9, //0x00000d58 addl         %ecx, %ecx
	0x81, 0xf1, 0x55, 0x55, 0x55, 0x55, //0x00000d5a xorl         $1431655765, %ecx
	0x21, 0xf1, //0x00000d60 andl         %esi, %ecx
	0xf7, 0xd1, //0x00000d62 notl         %ecx
	0x21, 0xcb, //0x00000d64 andl         %ecx, %ebx
	0x48, 0x85, 0xdb, //0x00000d66 testq        %rbx, %rbx
	0x0f, 0x84, 0x5d, 0xff, 0xff, 0xff, //0x00000d69 je           LBB0_162
	//0x00000d6f LBB0_160
	0x0f, 0xbc, 0xc3, //0x00000d6f bsfl         %ebx, %eax
	0x48, 0x8b, 0x55, 0xc8, //0x00000d72 movq         $-56(%rbp), %rdx
	0x48, 0x01, 0xd0, //0x00000d76 addq         %rdx, %rax
	0x4d, 0x8d, 0x1c, 0x06, //0x00000d79 leaq         (%r14,%rax), %r11
	0x49, 0x83, 0xc3, 0x02, //0x00000d7d addq         $2, %r11
	0x4c, 0x8b, 0x65, 0xb8, //0x00000d81 movq         $-72(%rbp), %r12
	0x4c, 0x8b, 0x55, 0xb0, //0x00000d85 movq         $-80(%rbp), %r10
	0xe9, 0xbd, 0x0f, 0x00, 0x00, //0x00000d89 jmp          LBB0_362
	//0x00000d8e LBB0_166
	0x4d, 0x89, 0xc5, //0x00000d8e movq         %r8, %r13
	0x4d, 0x29, 0xdd, //0x00000d91 subq         %r11, %r13
	0x0f, 0x84, 0x5c, 0x42, 0x00, 0x00, //0x00000d94 je           LBB0_880
	0x4f, 0x8d, 0x34, 0x19, //0x00000d9a leaq         (%r9,%r11), %r14
	0x49, 0x83, 0xfd, 0x40, //0x00000d9e cmpq         $64, %r13
	0x0f, 0x82, 0x83, 0x25, 0x00, 0x00, //0x00000da2 jb           LBB0_546
	0x48, 0xc7, 0x45, 0xd0, 0xff, 0xff, 0xff, 0xff, //0x00000da8 movq         $-1, $-48(%rbp)
	0x45, 0x31, 0xff, //0x00000db0 xorl         %r15d, %r15d
	0x90, 0x90, 0x90, 0x90, 0x90, 0x90, 0x90, 0x90, 0x90, 0x90, 0x90, 0x90, 0x90, //0x00000db3 .p2align 4, 0x90
	//0x00000dc0 LBB0_169
	0xf3, 0x41, 0x0f, 0x6f, 0x1e, //0x00000dc0 movdqu       (%r14), %xmm3
	0xf3, 0x41, 0x0f, 0x6f, 0x76, 0x10, //0x00000dc5 movdqu       $16(%r14), %xmm6
	0xf3, 0x41, 0x0f, 0x6f, 0x66, 0x20, //0x00000dcb movdqu       $32(%r14), %xmm4
	0xf3, 0x41, 0x0f, 0x6f, 0x7e, 0x30, //0x00000dd1 movdqu       $48(%r14), %xmm7
	0x66, 0x0f, 0x6f, 0xeb, //0x00000dd7 movdqa       %xmm3, %xmm5
	0x66, 0x0f, 0x74, 0xe8, //0x00000ddb pcmpeqb      %xmm0, %xmm5
	0x66, 0x44, 0x0f, 0xd7, 0xd5, //0x00000ddf pmovmskb     %xmm5, %r10d
	0x66, 0x0f, 0x6f, 0xee, //0x00000de4 movdqa       %xmm6, %xmm5
	0x66, 0x0f, 0x74, 0xe8, //0x00000de8 pcmpeqb      %xmm0, %xmm5
	0x66, 0x0f, 0xd7, 0xf5, //0x00000dec pmovmskb     %xmm5, %esi
	0x66, 0x0f, 0x6f, 0xec, //0x00000df0 movdqa       %xmm4, %xmm5
	0x66, 0x0f, 0x74, 0xe8, //0x00000df4 pcmpeqb      %xmm0, %xmm5
	0x66, 0x0f, 0xd7, 0xfd, //0x00000df8 pmovmskb     %xmm5, %edi
	0x66, 0x0f, 0x6f, 0xef, //0x00000dfc movdqa       %xmm7, %xmm5
	0x66, 0x0f, 0x74, 0xe8, //0x00000e00 pcmpeqb      %xmm0, %xmm5
	0x66, 0x0f, 0xd7, 0xdd, //0x00000e04 pmovmskb     %xmm5, %ebx
	0x66, 0x0f, 0x6f, 0xeb, //0x00000e08 movdqa       %xmm3, %xmm5
	0x66, 0x0f, 0x74, 0xe9, //0x00000e0c pcmpeqb      %xmm1, %xmm5
	0x66, 0x44, 0x0f, 0xd7, 0xe5, //0x00000e10 pmovmskb     %xmm5, %r12d
	0x66, 0x0f, 0x6f, 0xee, //0x00000e15 movdqa       %xmm6, %xmm5
	0x66, 0x0f, 0x74, 0xe9, //0x00000e19 pcmpeqb      %xmm1, %xmm5
	0x66, 0x0f, 0xd7, 0xd5, //0x00000e1d pmovmskb     %xmm5, %edx
	0x66, 0x0f, 0x6f, 0xec, //0x00000e21 movdqa       %xmm4, %xmm5
	0x66, 0x0f, 0x74, 0xe9, //0x00000e25 pcmpeqb      %xmm1, %xmm5
	0x66, 0x0f, 0xd7, 0xcd, //0x00000e29 pmovmskb     %xmm5, %ecx
	0x66, 0x0f, 0x6f, 0xef, //0x00000e2d movdqa       %xmm7, %xmm5
	0x66, 0x0f, 0x74, 0xe9, //0x00000e31 pcmpeqb      %xmm1, %xmm5
	0x66, 0x0f, 0xd7, 0xc5, //0x00000e35 pmovmskb     %xmm5, %eax
	0x48, 0xc1, 0xe3, 0x30, //0x00000e39 shlq         $48, %rbx
	0x48, 0xc1, 0xe7, 0x20, //0x00000e3d shlq         $32, %rdi
	0x48, 0x09, 0xdf, //0x00000e41 orq          %rbx, %rdi
	0x48, 0xc1, 0xe6, 0x10, //0x00000e44 shlq         $16, %rsi
	0x48, 0x09, 0xfe, //0x00000e48 orq          %rdi, %rsi
	0x49, 0x09, 0xf2, //0x00000e4b orq          %rsi, %r10
	0x48, 0xc1, 0xe0, 0x30, //0x00000e4e shlq         $48, %rax
	0x48, 0xc1, 0xe1, 0x20, //0x00000e52 shlq         $32, %rcx
	0x48, 0x09, 0xc1, //0x00000e56 orq          %rax, %rcx
	0x48, 0xc1, 0xe2, 0x10, //0x00000e59 shlq         $16, %rdx
	0x48, 0x09, 0xca, //0x00000e5d orq          %rcx, %rdx
	0x49, 0x09, 0xd4, //0x00000e60 orq          %rdx, %r12
	0x0f, 0x85, 0x2f, 0x00, 0x00, 0x00, //0x00000e63 jne          LBB0_178
	0x4d, 0x85, 0xff, //0x00000e69 testq        %r15, %r15
	0x0f, 0x85, 0x42, 0x00, 0x00, 0x00, //0x00000e6c jne          LBB0_180
	0x45, 0x31, 0xff, //0x00000e72 xorl         %r15d, %r15d
	0x31, 0xff, //0x00000e75 xorl         %edi, %edi
	0x4d, 0x85, 0xd2, //0x00000e77 testq        %r10, %r10
	0x0f, 0x84, 0x90, 0x00, 0x00, 0x00, //0x00000e7a je           LBB0_181
	//0x00000e80 LBB0_172
	0x49, 0x0f, 0xbc, 0xf2, //0x00000e80 bsfq         %r10, %rsi
	0x4d, 0x89, 0xf4, //0x00000e84 movq         %r14, %r12
	0x4d, 0x29, 0xcc, //0x00000e87 subq         %r9, %r12
	0x48, 0x85, 0xff, //0x00000e8a testq        %rdi, %rdi
	0x0f, 0x84, 0x91, 0x00, 0x00, 0x00, //0x00000e8d je           LBB0_182
	0xe9, 0xd9, 0x02, 0x00, 0x00, //0x00000e93 jmp          LBB0_173
	//0x00000e98 LBB0_178
	0x48, 0x83, 0x7d, 0xd0, 0xff, //0x00000e98 cmpq         $-1, $-48(%rbp)
	0x0f, 0x85, 0x11, 0x00, 0x00, 0x00, //0x00000e9d jne          LBB0_180
	0x4c, 0x89, 0xf0, //0x00000ea3 movq         %r14, %rax
	0x4c, 0x29, 0xc8, //0x00000ea6 subq         %r9, %rax
	0x49, 0x0f, 0xbc, 0xcc, //0x00000ea9 bsfq         %r12, %rcx
	0x48, 0x01, 0xc1, //0x00000ead addq         %rax, %rcx
	0x48, 0x89, 0x4d, 0xd0, //0x00000eb0 movq         %rcx, $-48(%rbp)
	//0x00000eb4 LBB0_180
	0x4c, 0x89, 0xff, //0x00000eb4 movq         %r15, %rdi
	0x48, 0xf7, 0xd7, //0x00000eb7 notq         %rdi
	0x4c, 0x21, 0xe7, //0x00000eba andq         %r12, %rdi
	0x48, 0x8d, 0x04, 0x3f, //0x00000ebd leaq         (%rdi,%rdi), %rax
	0x4c, 0x09, 0xf8, //0x00000ec1 orq          %r15, %rax
	0x48, 0x89, 0xc1, //0x00000ec4 movq         %rax, %rcx
	0x48, 0xf7, 0xd1, //0x00000ec7 notq         %rcx
	0x4c, 0x21, 0xe1, //0x00000eca andq         %r12, %rcx
	0x48, 0xba, 0xaa, 0xaa, 0xaa, 0xaa, 0xaa, 0xaa, 0xaa, 0xaa, //0x00000ecd movabsq      $-6148914691236517206, %rdx
	0x48, 0x21, 0xd1, //0x00000ed7 andq         %rdx, %rcx
	0x45, 0x31, 0xff, //0x00000eda xorl         %r15d, %r15d
	0x48, 0x01, 0xf9, //0x00000edd addq         %rdi, %rcx
	0x41, 0x0f, 0x92, 0xc7, //0x00000ee0 setb         %r15b
	0x48, 0x01, 0xc9, //0x00000ee4 addq         %rcx, %rcx
	0x48, 0xba, 0x55, 0x55, 0x55, 0x55, 0x55, 0x55, 0x55, 0x55, //0x00000ee7 movabsq      $6148914691236517205, %rdx
	0x48, 0x31, 0xd1, //0x00000ef1 xorq         %rdx, %rcx
	0x48, 0x21, 0xc1, //0x00000ef4 andq         %rax, %rcx
	0x48, 0xf7, 0xd1, //0x00000ef7 notq         %rcx
	0x49, 0x21, 0xca, //0x00000efa andq         %rcx, %r10
	0x4d, 0x85, 0xd2, //0x00000efd testq        %r10, %r10
	0x0f, 0x85, 0x7a, 0xff, 0xff, 0xff, //0x00000f00 jne          LBB0_172
	0x90, 0x90, 0x90, 0x90, 0x90, 0x90, 0x90, 0x90, 0x90, 0x90, //0x00000f06 .p2align 4, 0x90
	//0x00000f10 LBB0_181
	0xbe, 0x40, 0x00, 0x00, 0x00, //0x00000f10 movl         $64, %esi
	0x4d, 0x89, 0xf4, //0x00000f15 movq         %r14, %r12
	0x4d, 0x29, 0xcc, //0x00000f18 subq         %r9, %r12
	0x48, 0x85, 0xff, //0x00000f1b testq        %rdi, %rdi
	0x0f, 0x85, 0x4d, 0x02, 0x00, 0x00, //0x00000f1e jne          LBB0_173
	//0x00000f24 LBB0_182
	0x66, 0x41, 0x0f, 0x6f, 0xeb, //0x00000f24 movdqa       %xmm11, %xmm5
	0x66, 0x0f, 0x64, 0xec, //0x00000f29 pcmpgtb      %xmm4, %xmm5
	0x66, 0x41, 0x0f, 0x64, 0xe2, //0x00000f2d pcmpgtb      %xmm10, %xmm4
	0x66, 0x0f, 0xdb, 0xe5, //0x00000f32 pand         %xmm5, %xmm4
	0x66, 0x0f, 0xd7, 0xc4, //0x00000f36 pmovmskb     %xmm4, %eax
	0x66, 0x41, 0x0f, 0x6f, 0xe3, //0x00000f3a movdqa       %xmm11, %xmm4
	0x66, 0x0f, 0x64, 0xe7, //0x00000f3f pcmpgtb      %xmm7, %xmm4
	0x66, 0x41, 0x0f, 0x64, 0xfa, //0x00000f43 pcmpgtb      %xmm10, %xmm7
	0x66, 0x0f, 0xdb, 0xfc, //0x00000f48 pand         %xmm4, %xmm7
	0x66, 0x0f, 0xd7, 0xcf, //0x00000f4c pmovmskb     %xmm7, %ecx
	0x48, 0xc1, 0xe1, 0x30, //0x00000f50 shlq         $48, %rcx
	0x48, 0xc1, 0xe0, 0x20, //0x00000f54 shlq         $32, %rax
	0x48, 0x09, 0xc8, //0x00000f58 orq          %rcx, %rax
	0x66, 0x41, 0x0f, 0x6f, 0xe3, //0x00000f5b movdqa       %xmm11, %xmm4
	0x66, 0x0f, 0x64, 0xe6, //0x00000f60 pcmpgtb      %xmm6, %xmm4
	0x66, 0x41, 0x0f, 0x64, 0xf2, //0x00000f64 pcmpgtb      %xmm10, %xmm6
	0x66, 0x0f, 0xdb, 0xf4, //0x00000f69 pand         %xmm4, %xmm6
	0x66, 0x0f, 0xd7, 0xce, //0x00000f6d pmovmskb     %xmm6, %ecx
	0x48, 0xc1, 0xe1, 0x10, //0x00000f71 shlq         $16, %rcx
	0x48, 0x09, 0xc1, //0x00000f75 orq          %rax, %rcx
	0x66, 0x41, 0x0f, 0x6f, 0xe3, //0x00000f78 movdqa       %xmm11, %xmm4
	0x66, 0x0f, 0x64, 0xe3, //0x00000f7d pcmpgtb      %xmm3, %xmm4
	0x66, 0x41, 0x0f, 0x64, 0xda, //0x00000f81 pcmpgtb      %xmm10, %xmm3
	0x66, 0x0f, 0xdb, 0xdc, //0x00000f86 pand         %xmm4, %xmm3
	0x66, 0x0f, 0xd7, 0xd3, //0x00000f8a pmovmskb     %xmm3, %edx
	0x48, 0x09, 0xca, //0x00000f8e orq          %rcx, %rdx
	0x4d, 0x85, 0xd2, //0x00000f91 testq        %r10, %r10
	0x0f, 0x85, 0x58, 0x02, 0x00, 0x00, //0x00000f94 jne          LBB0_204
	0x48, 0x85, 0xd2, //0x00000f9a testq        %rdx, %rdx
	0x0f, 0x85, 0xc4, 0x3e, 0x00, 0x00, //0x00000f9d jne          LBB0_858
	0x49, 0x83, 0xc6, 0x40, //0x00000fa3 addq         $64, %r14
	0x49, 0x83, 0xc5, 0xc0, //0x00000fa7 addq         $-64, %r13
	0x49, 0x83, 0xfd, 0x3f, //0x00000fab cmpq         $63, %r13
	0x0f, 0x87, 0x0b, 0xfe, 0xff, 0xff, //0x00000faf ja           LBB0_169
	0xe9, 0x7c, 0x23, 0x00, 0x00, //0x00000fb5 jmp          LBB0_547
	//0x00000fba LBB0_185
	0x48, 0x83, 0xfa, 0x05, //0x00000fba cmpq         $5, %rdx
	0x0f, 0x82, 0x32, 0x3e, 0x00, 0x00, //0x00000fbe jb           LBB0_853
	0x48, 0x8b, 0x4d, 0x88, //0x00000fc4 movq         $-120(%rbp), %rcx
	0x45, 0x8b, 0x5c, 0x09, 0x01, //0x00000fc8 movl         $1(%r9,%rcx), %r11d
	0x44, 0x89, 0xd9, //0x00000fcd movl         %r11d, %ecx
	0xf7, 0xd1, //0x00000fd0 notl         %ecx
	0x4c, 0x89, 0x5d, 0x98, //0x00000fd2 movq         %r11, $-104(%rbp)
	0x41, 0x81, 0xc3, 0xd0, 0xcf, 0xcf, 0xcf, //0x00000fd6 addl         $-808464432, %r11d
	0x44, 0x89, 0x5d, 0x80, //0x00000fdd movl         %r11d, $-128(%rbp)
	0x81, 0xe1, 0x80, 0x80, 0x80, 0x80, //0x00000fe1 andl         $-2139062144, %ecx
	0x89, 0x4d, 0x94, //0x00000fe7 movl         %ecx, $-108(%rbp)
	0x85, 0x4d, 0x80, //0x00000fea testl        %ecx, $-128(%rbp)
	0x0f, 0x85, 0xd6, 0x3f, 0x00, 0x00, //0x00000fed jne          LBB0_877
	0x48, 0x8b, 0x5d, 0x98, //0x00000ff3 movq         $-104(%rbp), %rbx
	0x8d, 0x8b, 0x19, 0x19, 0x19, 0x19, //0x00000ff7 leal         $421075225(%rbx), %ecx
	0x09, 0xd9, //0x00000ffd orl          %ebx, %ecx
	0xf7, 0xc1, 0x80, 0x80, 0x80, 0x80, //0x00000fff testl        $-2139062144, %ecx
	0x0f, 0x85, 0x2c, 0x40, 0x00, 0x00, //0x00001005 jne          LBB0_899
	0x48, 0x89, 0xd9, //0x0000100b movq         %rbx, %rcx
	0x81, 0xe3, 0x7f, 0x7f, 0x7f, 0x7f, //0x0000100e andl         $2139062143, %ebx
	0xb9, 0xc0, 0xc0, 0xc0, 0xc0, //0x00001014 movl         $-1061109568, %ecx
	0x29, 0xd9, //0x00001019 subl         %ebx, %ecx
	0x49, 0x89, 0xdb, //0x0000101b movq         %rbx, %r11
	0x81, 0xc3, 0x46, 0x46, 0x46, 0x46, //0x0000101e addl         $1179010630, %ebx
	0x89, 0x5d, 0x80, //0x00001024 movl         %ebx, $-128(%rbp)
	0x8b, 0x5d, 0x94, //0x00001027 movl         $-108(%rbp), %ebx
	0x21, 0xd9, //0x0000102a andl         %ebx, %ecx
	0x85, 0x4d, 0x80, //0x0000102c testl        %ecx, $-128(%rbp)
	0x0f, 0x85, 0x02, 0x40, 0x00, 0x00, //0x0000102f jne          LBB0_899
	0xb9, 0xe0, 0xe0, 0xe0, 0xe0, //0x00001035 movl         $-522133280, %ecx
	0x44, 0x29, 0xd9, //0x0000103a subl         %r11d, %ecx
	0x41, 0x81, 0xc3, 0x39, 0x39, 0x39, 0x39, //0x0000103d addl         $960051513, %r11d
	0x21, 0xcb, //0x00001044 andl         %ecx, %ebx
	0x44, 0x85, 0xdb, //0x00001046 testl        %r11d, %ebx
	0x0f, 0x85, 0xe8, 0x3f, 0x00, 0x00, //0x00001049 jne          LBB0_899
	0x48, 0x8b, 0x4d, 0x98, //0x0000104f movq         $-104(%rbp), %rcx
	0x0f, 0xc9, //0x00001053 bswapl       %ecx
	0x89, 0xc8, //0x00001055 movl         %ecx, %eax
	0xc1, 0xe8, 0x04, //0x00001057 shrl         $4, %eax
	0xf7, 0xd0, //0x0000105a notl         %eax
	0x25, 0x01, 0x01, 0x01, 0x01, //0x0000105c andl         $16843009, %eax
	0x8d, 0x04, 0xc0, //0x00001061 leal         (%rax,%rax,8), %eax
	0x81, 0xe1, 0x0f, 0x0f, 0x0f, 0x0f, //0x00001064 andl         $252645135, %ecx
	0x01, 0xc1, //0x0000106a addl         %eax, %ecx
	0x89, 0xc8, //0x0000106c movl         %ecx, %eax
	0xc1, 0xe8, 0x0c, //0x0000106e shrl         $12, %eax
	0xc1, 0xe9, 0x08, //0x00001071 shrl         $8, %ecx
	0x09, 0xc1, //0x00001074 orl          %eax, %ecx
	0x81, 0xe1, 0x00, 0xfc, 0x00, 0x00, //0x00001076 andl         $64512, %ecx
	0x81, 0xf9, 0x00, 0xd8, 0x00, 0x00, //0x0000107c cmpl         $55296, %ecx
	0x0f, 0x85, 0xdc, 0x00, 0x00, 0x00, //0x00001082 jne          LBB0_200
	0x48, 0x83, 0xfa, 0x0b, //0x00001088 cmpq         $11, %rdx
	0x0f, 0x82, 0xd2, 0x00, 0x00, 0x00, //0x0000108c jb           LBB0_200
	0x48, 0x8b, 0x45, 0x88, //0x00001092 movq         $-120(%rbp), %rax
	0x41, 0x80, 0x7c, 0x01, 0x05, 0x5c, //0x00001096 cmpb         $92, $5(%r9,%rax)
	0x0f, 0x85, 0xc2, 0x00, 0x00, 0x00, //0x0000109c jne          LBB0_200
	0x48, 0x8b, 0x45, 0x88, //0x000010a2 movq         $-120(%rbp), %rax
	0x41, 0x80, 0x7c, 0x01, 0x06, 0x75, //0x000010a6 cmpb         $117, $6(%r9,%rax)
	0x0f, 0x85, 0xb2, 0x00, 0x00, 0x00, //0x000010ac jne          LBB0_200
	0x48, 0x8b, 0x45, 0x88, //0x000010b2 movq         $-120(%rbp), %rax
	0x41, 0x8b, 0x44, 0x01, 0x07, //0x000010b6 movl         $7(%r9,%rax), %eax
	0x89, 0xc2, //0x000010bb movl         %eax, %edx
	0xf7, 0xd2, //0x000010bd notl         %edx
	0x8d, 0x88, 0xd0, 0xcf, 0xcf, 0xcf, //0x000010bf leal         $-808464432(%rax), %ecx
	0x81, 0xe2, 0x80, 0x80, 0x80, 0x80, //0x000010c5 andl         $-2139062144, %edx
	0x85, 0xca, //0x000010cb testl        %ecx, %edx
	0x0f, 0x85, 0x91, 0x00, 0x00, 0x00, //0x000010cd jne          LBB0_200
	0x8d, 0x88, 0x19, 0x19, 0x19, 0x19, //0x000010d3 leal         $421075225(%rax), %ecx
	0x09, 0xc1, //0x000010d9 orl          %eax, %ecx
	0xf7, 0xc1, 0x80, 0x80, 0x80, 0x80, //0x000010db testl        $-2139062144, %ecx
	0x0f, 0x85, 0x7d, 0x00, 0x00, 0x00, //0x000010e1 jne          LBB0_200
	0x41, 0x89, 0xc3, //0x000010e7 movl         %eax, %r11d
	0x41, 0x81, 0xe3, 0x7f, 0x7f, 0x7f, 0x7f, //0x000010ea andl         $2139062143, %r11d
	0xb9, 0xc0, 0xc0, 0xc0, 0xc0, //0x000010f1 movl         $-1061109568, %ecx
	0x44, 0x29, 0xd9, //0x000010f6 subl         %r11d, %ecx
	0x41, 0x8d, 0x9b, 0x46, 0x46, 0x46, 0x46, //0x000010f9 leal         $1179010630(%r11), %ebx
	0x21, 0xd1, //0x00001100 andl         %edx, %ecx
	0x85, 0xd9, //0x00001102 testl        %ebx, %ecx
	0x0f, 0x85, 0x5a, 0x00, 0x00, 0x00, //0x00001104 jne          LBB0_200
	0xb9, 0xe0, 0xe0, 0xe0, 0xe0, //0x0000110a movl         $-522133280, %ecx
	0x44, 0x29, 0xd9, //0x0000110f subl         %r11d, %ecx
	0x41, 0x81, 0xc3, 0x39, 0x39, 0x39, 0x39, //0x00001112 addl         $960051513, %r11d
	0x21, 0xca, //0x00001119 andl         %ecx, %edx
	0x44, 0x85, 0xda, //0x0000111b testl        %r11d, %edx
	0x0f, 0x85, 0x40, 0x00, 0x00, 0x00, //0x0000111e jne          LBB0_200
	0x0f, 0xc8, //0x00001124 bswapl       %eax
	0x89, 0xc1, //0x00001126 movl         %eax, %ecx
	0xc1, 0xe9, 0x04, //0x00001128 shrl         $4, %ecx
	0xf7, 0xd1, //0x0000112b notl         %ecx
	0x81, 0xe1, 0x01, 0x01, 0x01, 0x01, //0x0000112d andl         $16843009, %ecx
	0x8d, 0x0c, 0xc9, //0x00001133 leal         (%rcx,%rcx,8), %ecx
	0x25, 0x0f, 0x0f, 0x0f, 0x0f, //0x00001136 andl         $252645135, %eax
	0x01, 0xc8, //0x0000113b addl         %ecx, %eax
	0x89, 0xc1, //0x0000113d movl         %eax, %ecx
	0xc1, 0xe9, 0x0c, //0x0000113f shrl         $12, %ecx
	0xc1, 0xe8, 0x08, //0x00001142 shrl         $8, %eax
	0x09, 0xc8, //0x00001145 orl          %ecx, %eax
	0x25, 0x00, 0xfc, 0x00, 0x00, //0x00001147 andl         $64512, %eax
	0x3d, 0x00, 0xdc, 0x00, 0x00, //0x0000114c cmpl         $56320, %eax
	0x0f, 0x85, 0x0d, 0x00, 0x00, 0x00, //0x00001151 jne          LBB0_200
	0x4c, 0x8b, 0x5d, 0xc0, //0x00001157 movq         $-64(%rbp), %r11
	0x49, 0x83, 0xc3, 0x0c, //0x0000115b addq         $12, %r11
	0xe9, 0x73, 0x00, 0x00, 0x00, //0x0000115f jmp          LBB0_202
	//0x00001164 LBB0_200
	0x4c, 0x8b, 0x5d, 0xc0, //0x00001164 movq         $-64(%rbp), %r11
	0x49, 0x83, 0xc3, 0x06, //0x00001168 addq         $6, %r11
	0xe9, 0x66, 0x00, 0x00, 0x00, //0x0000116c jmp          LBB0_202
	//0x00001171 LBB0_173
	0x48, 0x0f, 0xbc, 0xc7, //0x00001171 bsfq         %rdi, %rax
	0x48, 0x39, 0xf0, //0x00001175 cmpq         %rsi, %rax
	0x0f, 0x83, 0xa6, 0xfd, 0xff, 0xff, //0x00001178 jae          LBB0_182
	0x4c, 0x01, 0xe0, //0x0000117e addq         %r12, %rax
	0x4c, 0x39, 0xd8, //0x00001181 cmpq         %r11, %rax
	0x0f, 0x8c, 0x56, 0x00, 0x00, 0x00, //0x00001184 jl           LBB0_203
	0x48, 0x8d, 0x48, 0x01, //0x0000118a leaq         $1(%rax), %rcx
	0x4c, 0x89, 0xc2, //0x0000118e movq         %r8, %rdx
	0x48, 0x29, 0xca, //0x00001191 subq         %rcx, %rdx
	0x0f, 0x84, 0x5c, 0x3c, 0x00, 0x00, //0x00001194 je           LBB0_853
	0x48, 0x89, 0x45, 0xc0, //0x0000119a movq         %rax, $-64(%rbp)
	0x48, 0x89, 0x4d, 0x88, //0x0000119e movq         %rcx, $-120(%rbp)
	0x45, 0x0f, 0xbe, 0x1c, 0x09, //0x000011a2 movsbl       (%r9,%rcx), %r11d
	0x48, 0xc7, 0xc0, 0xfe, 0xff, 0xff, 0xff, //0x000011a7 movq         $-2, %rax
	0x41, 0x83, 0xc3, 0xde, //0x000011ae addl         $-34, %r11d
	0x41, 0x83, 0xfb, 0x53, //0x000011b2 cmpl         $83, %r11d
	0x0f, 0x87, 0x7b, 0x3e, 0x00, 0x00, //0x000011b6 ja           LBB0_899
	0x48, 0x8d, 0x1d, 0x15, 0x43, 0x00, 0x00, //0x000011bc leaq         $17173(%rip), %rbx  /* LJTI0_4+0(%rip) */
	0x4a, 0x63, 0x0c, 0x9b, //0x000011c3 movslq       (%rbx,%r11,4), %rcx
	0x48, 0x01, 0xd9, //0x000011c7 addq         %rbx, %rcx
	0x48, 0x8b, 0x5d, 0xc0, //0x000011ca movq         $-64(%rbp), %rbx
	0xff, 0xe1, //0x000011ce jmpq         *%rcx
	//0x000011d0 LBB0_201
	0x48, 0x83, 0xc3, 0x02, //0x000011d0 addq         $2, %rbx
	0x49, 0x89, 0xdb, //0x000011d4 movq         %rbx, %r11
	//0x000011d7 LBB0_202
	0x4d, 0x85, 0xdb, //0x000011d7 testq        %r11, %r11
	0x0f, 0x88, 0x05, 0x3c, 0x00, 0x00, //0x000011da js           LBB0_852
	//0x000011e0 LBB0_203
	0x48, 0x8d, 0x47, 0xff, //0x000011e0 leaq         $-1(%rdi), %rax
	0x48, 0x21, 0xc7, //0x000011e4 andq         %rax, %rdi
	0x0f, 0x84, 0x37, 0xfd, 0xff, 0xff, //0x000011e7 je           LBB0_182
	0xe9, 0x7f, 0xff, 0xff, 0xff, //0x000011ed jmp          LBB0_173
	//0x000011f2 LBB0_204
	0x48, 0x85, 0xd2, //0x000011f2 testq        %rdx, %rdx
	0x0f, 0x84, 0x6b, 0x05, 0x00, 0x00, //0x000011f5 je           LBB0_274
	0x48, 0x0f, 0xbc, 0xda, //0x000011fb bsfq         %rdx, %rbx
	0xe9, 0x67, 0x05, 0x00, 0x00, //0x000011ff jmp          LBB0_275
	//0x00001204 LBB0_211
	0x4c, 0x8b, 0x6d, 0xa0, //0x00001204 movq         $-96(%rbp), %r13
	//0x00001208 LBB0_212
	0x48, 0x8b, 0x7d, 0xc8, //0x00001208 movq         $-56(%rbp), %rdi
	//0x0000120c LBB0_213
	0x48, 0x89, 0xf8, //0x0000120c movq         %rdi, %rax
	0x48, 0xb9, 0xfe, 0xff, 0xff, 0xff, 0xff, 0xff, 0xff, 0x7f, //0x0000120f movabsq      $9223372036854775806, %rcx
	0x48, 0x39, 0xcf, //0x00001219 cmpq         %rcx, %rdi
	0x0f, 0x86, 0xbe, 0xef, 0xff, 0xff, //0x0000121c jbe          LBB0_4
	0xe9, 0x25, 0x3c, 0x00, 0x00, //0x00001222 jmp          LBB0_887
	//0x00001227 LBB0_214
	0x89, 0xc8, //0x00001227 movl         %ecx, %eax
	0x4c, 0x01, 0xc0, //0x00001229 addq         %r8, %rax
	0x49, 0x01, 0xc3, //0x0000122c addq         %rax, %r11
	//0x0000122f LBB0_215
	0x48, 0xc7, 0xc0, 0xff, 0xff, 0xff, 0xff, //0x0000122f movq         $-1, %rax
	0x4d, 0x85, 0xd2, //0x00001236 testq        %r10, %r10
	0x0f, 0x85, 0xac, 0x04, 0x00, 0x00, //0x00001239 jne          LBB0_262
	0xe9, 0xf0, 0x3b, 0x00, 0x00, //0x0000123f jmp          LBB0_855
	//0x00001244 LBB0_216
	0x4d, 0x89, 0xe2, //0x00001244 movq         %r12, %r10
	0x4d, 0x29, 0xda, //0x00001247 subq         %r11, %r10
	0x0f, 0x84, 0xae, 0x3d, 0x00, 0x00, //0x0000124a je           LBB0_888
	0x4f, 0x8d, 0x3c, 0x19, //0x00001250 leaq         (%r9,%r11), %r15
	0x49, 0x83, 0xfa, 0x40, //0x00001254 cmpq         $64, %r10
	0x0f, 0x82, 0x85, 0x24, 0x00, 0x00, //0x00001258 jb           LBB0_592
	0x48, 0xc7, 0x45, 0xd0, 0xff, 0xff, 0xff, 0xff, //0x0000125e movq         $-1, $-48(%rbp)
	0x45, 0x31, 0xc0, //0x00001266 xorl         %r8d, %r8d
	0x90, 0x90, 0x90, 0x90, 0x90, 0x90, 0x90, //0x00001269 .p2align 4, 0x90
	//0x00001270 LBB0_219
	0xf3, 0x45, 0x0f, 0x6f, 0x2f, //0x00001270 movdqu       (%r15), %xmm13
	0xf3, 0x41, 0x0f, 0x6f, 0x6f, 0x10, //0x00001275 movdqu       $16(%r15), %xmm5
	0xf3, 0x41, 0x0f, 0x6f, 0x7f, 0x20, //0x0000127b movdqu       $32(%r15), %xmm7
	0xf3, 0x41, 0x0f, 0x6f, 0x77, 0x30, //0x00001281 movdqu       $48(%r15), %xmm6
	0x66, 0x41, 0x0f, 0x6f, 0xdd, //0x00001287 movdqa       %xmm13, %xmm3
	0x66, 0x0f, 0x74, 0xd8, //0x0000128c pcmpeqb      %xmm0, %xmm3
	0x66, 0x44, 0x0f, 0xd7, 0xeb, //0x00001290 pmovmskb     %xmm3, %r13d
	0x66, 0x0f, 0x6f, 0xdd, //0x00001295 movdqa       %xmm5, %xmm3
	0x66, 0x0f, 0x74, 0xd8, //0x00001299 pcmpeqb      %xmm0, %xmm3
	0x66, 0x0f, 0xd7, 0xd3, //0x0000129d pmovmskb     %xmm3, %edx
	0x66, 0x0f, 0x6f, 0xdf, //0x000012a1 movdqa       %xmm7, %xmm3
	0x66, 0x0f, 0x74, 0xd8, //0x000012a5 pcmpeqb      %xmm0, %xmm3
	0x66, 0x0f, 0xd7, 0xfb, //0x000012a9 pmovmskb     %xmm3, %edi
	0x66, 0x0f, 0x6f, 0xde, //0x000012ad movdqa       %xmm6, %xmm3
	0x66, 0x0f, 0x74, 0xd8, //0x000012b1 pcmpeqb      %xmm0, %xmm3
	0x66, 0x0f, 0xd7, 0xf3, //0x000012b5 pmovmskb     %xmm3, %esi
	0x66, 0x41, 0x0f, 0x6f, 0xdd, //0x000012b9 movdqa       %xmm13, %xmm3
	0x66, 0x0f, 0x74, 0xd9, //0x000012be pcmpeqb      %xmm1, %xmm3
	0x66, 0x44, 0x0f, 0xd7, 0xf3, //0x000012c2 pmovmskb     %xmm3, %r14d
	0x66, 0x0f, 0x6f, 0xdd, //0x000012c7 movdqa       %xmm5, %xmm3
	0x66, 0x0f, 0x74, 0xd9, //0x000012cb pcmpeqb      %xmm1, %xmm3
	0x66, 0x0f, 0xd7, 0xcb, //0x000012cf pmovmskb     %xmm3, %ecx
	0x66, 0x0f, 0x6f, 0xdf, //0x000012d3 movdqa       %xmm7, %xmm3
	0x66, 0x0f, 0x74, 0xd9, //0x000012d7 pcmpeqb      %xmm1, %xmm3
	0x66, 0x0f, 0xd7, 0xdb, //0x000012db pmovmskb     %xmm3, %ebx
	0x66, 0x0f, 0x6f, 0xde, //0x000012df movdqa       %xmm6, %xmm3
	0x66, 0x0f, 0x74, 0xd9, //0x000012e3 pcmpeqb      %xmm1, %xmm3
	0x66, 0x0f, 0xd7, 0xc3, //0x000012e7 pmovmskb     %xmm3, %eax
	0x48, 0xc1, 0xe6, 0x30, //0x000012eb shlq         $48, %rsi
	0x48, 0xc1, 0xe7, 0x20, //0x000012ef shlq         $32, %rdi
	0x48, 0x09, 0xf7, //0x000012f3 orq          %rsi, %rdi
	0x48, 0xc1, 0xe2, 0x10, //0x000012f6 shlq         $16, %rdx
	0x48, 0x09, 0xfa, //0x000012fa orq          %rdi, %rdx
	0x49, 0x09, 0xd5, //0x000012fd orq          %rdx, %r13
	0x48, 0xc1, 0xe0, 0x30, //0x00001300 shlq         $48, %rax
	0x48, 0xc1, 0xe3, 0x20, //0x00001304 shlq         $32, %rbx
	0x48, 0x09, 0xc3, //0x00001308 orq          %rax, %rbx
	0x48, 0xc1, 0xe1, 0x10, //0x0000130b shlq         $16, %rcx
	0x48, 0x09, 0xd9, //0x0000130f orq          %rbx, %rcx
	0x49, 0x09, 0xce, //0x00001312 orq          %rcx, %r14
	0x0f, 0x85, 0x2f, 0x00, 0x00, 0x00, //0x00001315 jne          LBB0_228
	0x4d, 0x85, 0xc0, //0x0000131b testq        %r8, %r8
	0x0f, 0x85, 0x42, 0x00, 0x00, 0x00, //0x0000131e jne          LBB0_230
	0x45, 0x31, 0xc0, //0x00001324 xorl         %r8d, %r8d
	0x31, 0xd2, //0x00001327 xorl         %edx, %edx
	0x4d, 0x85, 0xed, //0x00001329 testq        %r13, %r13
	0x0f, 0x84, 0x8e, 0x00, 0x00, 0x00, //0x0000132c je           LBB0_231
	//0x00001332 LBB0_222
	0x49, 0x0f, 0xbc, 0xfd, //0x00001332 bsfq         %r13, %rdi
	0x4c, 0x89, 0xf9, //0x00001336 movq         %r15, %rcx
	0x4c, 0x29, 0xc9, //0x00001339 subq         %r9, %rcx
	0x48, 0x85, 0xd2, //0x0000133c testq        %rdx, %rdx
	0x0f, 0x84, 0x8f, 0x00, 0x00, 0x00, //0x0000133f je           LBB0_232
	0xe9, 0xf3, 0x02, 0x00, 0x00, //0x00001345 jmp          LBB0_223
	//0x0000134a LBB0_228
	0x48, 0x83, 0x7d, 0xd0, 0xff, //0x0000134a cmpq         $-1, $-48(%rbp)
	0x0f, 0x85, 0x11, 0x00, 0x00, 0x00, //0x0000134f jne          LBB0_230
	0x4c, 0x89, 0xf8, //0x00001355 movq         %r15, %rax
	0x4c, 0x29, 0xc8, //0x00001358 subq         %r9, %rax
	0x49, 0x0f, 0xbc, 0xce, //0x0000135b bsfq         %r14, %rcx
	0x48, 0x01, 0xc1, //0x0000135f addq         %rax, %rcx
	0x48, 0x89, 0x4d, 0xd0, //0x00001362 movq         %rcx, $-48(%rbp)
	//0x00001366 LBB0_230
	0x4c, 0x89, 0xc2, //0x00001366 movq         %r8, %rdx
	0x48, 0xf7, 0xd2, //0x00001369 notq         %rdx
	0x4c, 0x21, 0xf2, //0x0000136c andq         %r14, %rdx
	0x48, 0x8d, 0x04, 0x12, //0x0000136f leaq         (%rdx,%rdx), %rax
	0x4c, 0x09, 0xc0, //0x00001373 orq          %r8, %rax
	0x48, 0x89, 0xc1, //0x00001376 movq         %rax, %rcx
	0x48, 0xf7, 0xd1, //0x00001379 notq         %rcx
	0x4c, 0x21, 0xf1, //0x0000137c andq         %r14, %rcx
	0x48, 0xbe, 0xaa, 0xaa, 0xaa, 0xaa, 0xaa, 0xaa, 0xaa, 0xaa, //0x0000137f movabsq      $-6148914691236517206, %rsi
	0x48, 0x21, 0xf1, //0x00001389 andq         %rsi, %rcx
	0x45, 0x31, 0xc0, //0x0000138c xorl         %r8d, %r8d
	0x48, 0x01, 0xd1, //0x0000138f addq         %rdx, %rcx
	0x41, 0x0f, 0x92, 0xc0, //0x00001392 setb         %r8b
	0x48, 0x01, 0xc9, //0x00001396 addq         %rcx, %rcx
	0x48, 0xbe, 0x55, 0x55, 0x55, 0x55, 0x55, 0x55, 0x55, 0x55, //0x00001399 movabsq      $6148914691236517205, %rsi
	0x48, 0x31, 0xf1, //0x000013a3 xorq         %rsi, %rcx
	0x48, 0x21, 0xc1, //0x000013a6 andq         %rax, %rcx
	0x48, 0xf7, 0xd1, //0x000013a9 notq         %rcx
	0x49, 0x21, 0xcd, //0x000013ac andq         %rcx, %r13
	0x4d, 0x85, 0xed, //0x000013af testq        %r13, %r13
	0x0f, 0x85, 0x7a, 0xff, 0xff, 0xff, //0x000013b2 jne          LBB0_222
	0x90, 0x90, 0x90, 0x90, 0x90, 0x90, 0x90, 0x90, //0x000013b8 .p2align 4, 0x90
	//0x000013c0 LBB0_231
	0xbf, 0x40, 0x00, 0x00, 0x00, //0x000013c0 movl         $64, %edi
	0x4c, 0x89, 0xf9, //0x000013c5 movq         %r15, %rcx
	0x4c, 0x29, 0xc9, //0x000013c8 subq         %r9, %rcx
	0x48, 0x85, 0xd2, //0x000013cb testq        %rdx, %rdx
	0x0f, 0x85, 0x69, 0x02, 0x00, 0x00, //0x000013ce jne          LBB0_223
	//0x000013d4 LBB0_232
	0x66, 0x41, 0x0f, 0x6f, 0xdb, //0x000013d4 movdqa       %xmm11, %xmm3
	0x66, 0x0f, 0x64, 0xdf, //0x000013d9 pcmpgtb      %xmm7, %xmm3
	0x66, 0x41, 0x0f, 0x64, 0xfa, //0x000013dd pcmpgtb      %xmm10, %xmm7
	0x66, 0x0f, 0xdb, 0xfb, //0x000013e2 pand         %xmm3, %xmm7
	0x66, 0x0f, 0xd7, 0xc7, //0x000013e6 pmovmskb     %xmm7, %eax
	0x66, 0x41, 0x0f, 0x6f, 0xdb, //0x000013ea movdqa       %xmm11, %xmm3
	0x66, 0x0f, 0x64, 0xde, //0x000013ef pcmpgtb      %xmm6, %xmm3
	0x66, 0x41, 0x0f, 0x64, 0xf2, //0x000013f3 pcmpgtb      %xmm10, %xmm6
	0x66, 0x0f, 0xdb, 0xf3, //0x000013f8 pand         %xmm3, %xmm6
	0x66, 0x0f, 0xd7, 0xd6, //0x000013fc pmovmskb     %xmm6, %edx
	0x48, 0xc1, 0xe2, 0x30, //0x00001400 shlq         $48, %rdx
	0x48, 0xc1, 0xe0, 0x20, //0x00001404 shlq         $32, %rax
	0x48, 0x09, 0xd0, //0x00001408 orq          %rdx, %rax
	0x66, 0x41, 0x0f, 0x6f, 0xdb, //0x0000140b movdqa       %xmm11, %xmm3
	0x66, 0x0f, 0x64, 0xdd, //0x00001410 pcmpgtb      %xmm5, %xmm3
	0x66, 0x41, 0x0f, 0x64, 0xea, //0x00001414 pcmpgtb      %xmm10, %xmm5
	0x66, 0x0f, 0xdb, 0xeb, //0x00001419 pand         %xmm3, %xmm5
	0x66, 0x0f, 0xd7, 0xf5, //0x0000141d pmovmskb     %xmm5, %esi
	0x48, 0xc1, 0xe6, 0x10, //0x00001421 shlq         $16, %rsi
	0x48, 0x09, 0xc6, //0x00001425 orq          %rax, %rsi
	0x66, 0x41, 0x0f, 0x6f, 0xdb, //0x00001428 movdqa       %xmm11, %xmm3
	0x66, 0x41, 0x0f, 0x64, 0xdd, //0x0000142d pcmpgtb      %xmm13, %xmm3
	0x66, 0x45, 0x0f, 0x64, 0xea, //0x00001432 pcmpgtb      %xmm10, %xmm13
	0x66, 0x44, 0x0f, 0xdb, 0xeb, //0x00001437 pand         %xmm3, %xmm13
	0x66, 0x41, 0x0f, 0xd7, 0xd5, //0x0000143c pmovmskb     %xmm13, %edx
	0x48, 0x09, 0xf2, //0x00001441 orq          %rsi, %rdx
	0x4d, 0x85, 0xed, //0x00001444 testq        %r13, %r13
	0x0f, 0x85, 0x76, 0x02, 0x00, 0x00, //0x00001447 jne          LBB0_254
	0x48, 0x85, 0xd2, //0x0000144d testq        %rdx, %rdx
	0x0f, 0x85, 0x43, 0x3b, 0x00, 0x00, //0x00001450 jne          LBB0_871
	0x49, 0x83, 0xc7, 0x40, //0x00001456 addq         $64, %r15
	0x49, 0x83, 0xc2, 0xc0, //0x0000145a addq         $-64, %r10
	0x49, 0x83, 0xfa, 0x3f, //0x0000145e cmpq         $63, %r10
	0x0f, 0x87, 0x08, 0xfe, 0xff, 0xff, //0x00001462 ja           LBB0_219
	0xe9, 0x81, 0x22, 0x00, 0x00, //0x00001468 jmp          LBB0_593
	//0x0000146d LBB0_235
	0x49, 0x83, 0xfe, 0x05, //0x0000146d cmpq         $5, %r14
	0x0f, 0x82, 0xab, 0x39, 0x00, 0x00, //0x00001471 jb           LBB0_857
	0x48, 0x8b, 0x75, 0x88, //0x00001477 movq         $-120(%rbp), %rsi
	0x41, 0x8b, 0x5c, 0x31, 0x01, //0x0000147b movl         $1(%r9,%rsi), %ebx
	0x41, 0x89, 0xdb, //0x00001480 movl         %ebx, %r11d
	0x41, 0xf7, 0xd3, //0x00001483 notl         %r11d
	0x8d, 0xb3, 0xd0, 0xcf, 0xcf, 0xcf, //0x00001486 leal         $-808464432(%rbx), %esi
	0x41, 0x81, 0xe3, 0x80, 0x80, 0x80, 0x80, //0x0000148c andl         $-2139062144, %r11d
	0x44, 0x89, 0x5d, 0x80, //0x00001493 movl         %r11d, $-128(%rbp)
	0x41, 0x85, 0xf3, //0x00001497 testl        %esi, %r11d
	0x0f, 0x85, 0xa0, 0x3b, 0x00, 0x00, //0x0000149a jne          LBB0_900
	0x8d, 0xb3, 0x19, 0x19, 0x19, 0x19, //0x000014a0 leal         $421075225(%rbx), %esi
	0x09, 0xde, //0x000014a6 orl          %ebx, %esi
	0xf7, 0xc6, 0x80, 0x80, 0x80, 0x80, //0x000014a8 testl        $-2139062144, %esi
	0x0f, 0x85, 0x8c, 0x3b, 0x00, 0x00, //0x000014ae jne          LBB0_900
	0x41, 0x89, 0xdb, //0x000014b4 movl         %ebx, %r11d
	0x41, 0x81, 0xe3, 0x7f, 0x7f, 0x7f, 0x7f, //0x000014b7 andl         $2139062143, %r11d
	0xbe, 0xc0, 0xc0, 0xc0, 0xc0, //0x000014be movl         $-1061109568, %esi
	0x44, 0x29, 0xde, //0x000014c3 subl         %r11d, %esi
	0x89, 0x75, 0x94, //0x000014c6 movl         %esi, $-108(%rbp)
	0x4c, 0x89, 0x9d, 0x70, 0xff, 0xff, 0xff, //0x000014c9 movq         %r11, $-144(%rbp)
	0x41, 0x8d, 0xb3, 0x46, 0x46, 0x46, 0x46, //0x000014d0 leal         $1179010630(%r11), %esi
	0x89, 0x75, 0x98, //0x000014d7 movl         %esi, $-104(%rbp)
	0x44, 0x8b, 0x5d, 0x80, //0x000014da movl         $-128(%rbp), %r11d
	0x8b, 0x75, 0x94, //0x000014de movl         $-108(%rbp), %esi
	0x44, 0x21, 0xde, //0x000014e1 andl         %r11d, %esi
	0x85, 0x75, 0x98, //0x000014e4 testl        %esi, $-104(%rbp)
	0x0f, 0x85, 0x53, 0x3b, 0x00, 0x00, //0x000014e7 jne          LBB0_900
	0xc7, 0x45, 0x98, 0xe0, 0xe0, 0xe0, 0xe0, //0x000014ed movl         $-522133280, $-104(%rbp)
	0x48, 0x8b, 0xb5, 0x70, 0xff, 0xff, 0xff, //0x000014f4 movq         $-144(%rbp), %rsi
	0x29, 0x75, 0x98, //0x000014fb subl         %esi, $-104(%rbp)
	0x81, 0xc6, 0x39, 0x39, 0x39, 0x39, //0x000014fe addl         $960051513, %esi
	0x44, 0x23, 0x5d, 0x98, //0x00001504 andl         $-104(%rbp), %r11d
	0x41, 0x85, 0xf3, //0x00001508 testl        %esi, %r11d
	0x0f, 0x85, 0x2f, 0x3b, 0x00, 0x00, //0x0000150b jne          LBB0_900
	0x0f, 0xcb, //0x00001511 bswapl       %ebx
	0x89, 0xd8, //0x00001513 movl         %ebx, %eax
	0xc1, 0xe8, 0x04, //0x00001515 shrl         $4, %eax
	0xf7, 0xd0, //0x00001518 notl         %eax
	0x25, 0x01, 0x01, 0x01, 0x01, //0x0000151a andl         $16843009, %eax
	0x8d, 0x04, 0xc0, //0x0000151f leal         (%rax,%rax,8), %eax
	0x81, 0xe3, 0x0f, 0x0f, 0x0f, 0x0f, //0x00001522 andl         $252645135, %ebx
	0x01, 0xc3, //0x00001528 addl         %eax, %ebx
	0x89, 0xd8, //0x0000152a movl         %ebx, %eax
	0xc1, 0xe8, 0x0c, //0x0000152c shrl         $12, %eax
	0xc1, 0xeb, 0x08, //0x0000152f shrl         $8, %ebx
	0x09, 0xc3, //0x00001532 orl          %eax, %ebx
	0x81, 0xe3, 0x00, 0xfc, 0x00, 0x00, //0x00001534 andl         $64512, %ebx
	0x81, 0xfb, 0x00, 0xd8, 0x00, 0x00, //0x0000153a cmpl         $55296, %ebx
	0x0f, 0x85, 0xea, 0x00, 0x00, 0x00, //0x00001540 jne          LBB0_250
	0x49, 0x83, 0xfe, 0x0b, //0x00001546 cmpq         $11, %r14
	0x0f, 0x82, 0xe0, 0x00, 0x00, 0x00, //0x0000154a jb           LBB0_250
	0x48, 0x8b, 0x45, 0x88, //0x00001550 movq         $-120(%rbp), %rax
	0x41, 0x80, 0x7c, 0x01, 0x05, 0x5c, //0x00001554 cmpb         $92, $5(%r9,%rax)
	0x0f, 0x85, 0xd0, 0x00, 0x00, 0x00, //0x0000155a jne          LBB0_250
	0x48, 0x8b, 0x45, 0x88, //0x00001560 movq         $-120(%rbp), %rax
	0x41, 0x80, 0x7c, 0x01, 0x06, 0x75, //0x00001564 cmpb         $117, $6(%r9,%rax)
	0x0f, 0x85, 0xc0, 0x00, 0x00, 0x00, //0x0000156a jne          LBB0_250
	0x48, 0x8b, 0x45, 0x88, //0x00001570 movq         $-120(%rbp), %rax
	0x45, 0x8b, 0x5c, 0x01, 0x07, //0x00001574 movl         $7(%r9,%rax), %r11d
	0x44, 0x89, 0xd8, //0x00001579 movl         %r11d, %eax
	0xf7, 0xd0, //0x0000157c notl         %eax
	0x41, 0x8d, 0xb3, 0xd0, 0xcf, 0xcf, 0xcf, //0x0000157e leal         $-808464432(%r11), %esi
	0x25, 0x80, 0x80, 0x80, 0x80, //0x00001585 andl         $-2139062144, %eax
	0x85, 0xf0, //0x0000158a testl        %esi, %eax
	0x0f, 0x85, 0x9e, 0x00, 0x00, 0x00, //0x0000158c jne          LBB0_250
	0x41, 0x8d, 0xb3, 0x19, 0x19, 0x19, 0x19, //0x00001592 leal         $421075225(%r11), %esi
	0x44, 0x09, 0xde, //0x00001599 orl          %r11d, %esi
	0xf7, 0xc6, 0x80, 0x80, 0x80, 0x80, //0x0000159c testl        $-2139062144, %esi
	0x0f, 0x85, 0x88, 0x00, 0x00, 0x00, //0x000015a2 jne          LBB0_250
	0x45, 0x89, 0xde, //0x000015a8 movl         %r11d, %r14d
	0x41, 0x81, 0xe6, 0x7f, 0x7f, 0x7f, 0x7f, //0x000015ab andl         $2139062143, %r14d
	0xbe, 0xc0, 0xc0, 0xc0, 0xc0, //0x000015b2 movl         $-1061109568, %esi
	0x44, 0x29, 0xf6, //0x000015b7 subl         %r14d, %esi
	0x41, 0x8d, 0x9e, 0x46, 0x46, 0x46, 0x46, //0x000015ba leal         $1179010630(%r14), %ebx
	0x21, 0xc6, //0x000015c1 andl         %eax, %esi
	0x85, 0xde, //0x000015c3 testl        %ebx, %esi
	0x0f, 0x85, 0x65, 0x00, 0x00, 0x00, //0x000015c5 jne          LBB0_250
	0xbe, 0xe0, 0xe0, 0xe0, 0xe0, //0x000015cb movl         $-522133280, %esi
	0x44, 0x29, 0xf6, //0x000015d0 subl         %r14d, %esi
	0x41, 0x81, 0xc6, 0x39, 0x39, 0x39, 0x39, //0x000015d3 addl         $960051513, %r14d
	0x21, 0xf0, //0x000015da andl         %esi, %eax
	0x44, 0x85, 0xf0, //0x000015dc testl        %r14d, %eax
	0x0f, 0x85, 0x4b, 0x00, 0x00, 0x00, //0x000015df jne          LBB0_250
	0x41, 0x0f, 0xcb, //0x000015e5 bswapl       %r11d
	0x44, 0x89, 0xd8, //0x000015e8 movl         %r11d, %eax
	0xc1, 0xe8, 0x04, //0x000015eb shrl         $4, %eax
	0xf7, 0xd0, //0x000015ee notl         %eax
	0x25, 0x01, 0x01, 0x01, 0x01, //0x000015f0 andl         $16843009, %eax
	0x8d, 0x04, 0xc0, //0x000015f5 leal         (%rax,%rax,8), %eax
	0x41, 0x81, 0xe3, 0x0f, 0x0f, 0x0f, 0x0f, //0x000015f8 andl         $252645135, %r11d
	0x41, 0x01, 0xc3, //0x000015ff addl         %eax, %r11d
	0x44, 0x89, 0xd8, //0x00001602 movl         %r11d, %eax
	0xc1, 0xe8, 0x0c, //0x00001605 shrl         $12, %eax
	0x41, 0xc1, 0xeb, 0x08, //0x00001608 shrl         $8, %r11d
	0x41, 0x09, 0xc3, //0x0000160c orl          %eax, %r11d
	0x41, 0x81, 0xe3, 0x00, 0xfc, 0x00, 0x00, //0x0000160f andl         $64512, %r11d
	0x41, 0x81, 0xfb, 0x00, 0xdc, 0x00, 0x00, //0x00001616 cmpl         $56320, %r11d
	0x0f, 0x85, 0x0d, 0x00, 0x00, 0x00, //0x0000161d jne          LBB0_250
	0x4c, 0x8b, 0x5d, 0xc0, //0x00001623 movq         $-64(%rbp), %r11
	0x49, 0x83, 0xc3, 0x0c, //0x00001627 addq         $12, %r11
	0xe9, 0x74, 0x00, 0x00, 0x00, //0x0000162b jmp          LBB0_252
	//0x00001630 LBB0_250
	0x4c, 0x8b, 0x5d, 0xc0, //0x00001630 movq         $-64(%rbp), %r11
	0x49, 0x83, 0xc3, 0x06, //0x00001634 addq         $6, %r11
	0xe9, 0x67, 0x00, 0x00, 0x00, //0x00001638 jmp          LBB0_252
	//0x0000163d LBB0_223
	0x48, 0x0f, 0xbc, 0xc2, //0x0000163d bsfq         %rdx, %rax
	0x48, 0x39, 0xf8, //0x00001641 cmpq         %rdi, %rax
	0x0f, 0x83, 0x8a, 0xfd, 0xff, 0xff, //0x00001644 jae          LBB0_232
	0x48, 0x01, 0xc8, //0x0000164a addq         %rcx, %rax
	0x4c, 0x39, 0xd8, //0x0000164d cmpq         %r11, %rax
	0x0f, 0x8c, 0x5b, 0x00, 0x00, 0x00, //0x00001650 jl           LBB0_253
	0x48, 0x89, 0x45, 0xc0, //0x00001656 movq         %rax, $-64(%rbp)
	0x48, 0x83, 0xc0, 0x01, //0x0000165a addq         $1, %rax
	0x4d, 0x89, 0xe6, //0x0000165e movq         %r12, %r14
	0x49, 0x29, 0xc6, //0x00001661 subq         %rax, %r14
	0x0f, 0x84, 0xb8, 0x37, 0x00, 0x00, //0x00001664 je           LBB0_857
	0x48, 0x89, 0x45, 0x88, //0x0000166a movq         %rax, $-120(%rbp)
	0x45, 0x0f, 0xbe, 0x1c, 0x01, //0x0000166e movsbl       (%r9,%rax), %r11d
	0x48, 0xc7, 0xc0, 0xfe, 0xff, 0xff, 0xff, //0x00001673 movq         $-2, %rax
	0x41, 0x83, 0xc3, 0xde, //0x0000167a addl         $-34, %r11d
	0x41, 0x83, 0xfb, 0x53, //0x0000167e cmpl         $83, %r11d
	0x0f, 0x87, 0xb8, 0x39, 0x00, 0x00, //0x00001682 ja           LBB0_900
	0x66, 0x0f, 0x6f, 0xda, //0x00001688 movdqa       %xmm2, %xmm3
	0x48, 0x8d, 0x1d, 0x55, 0x3a, 0x00, 0x00, //0x0000168c leaq         $14933(%rip), %rbx  /* LJTI0_1+0(%rip) */
	0x4a, 0x63, 0x34, 0x9b, //0x00001693 movslq       (%rbx,%r11,4), %rsi
	0x48, 0x01, 0xde, //0x00001697 addq         %rbx, %rsi
	0x4c, 0x8b, 0x5d, 0xc0, //0x0000169a movq         $-64(%rbp), %r11
	0xff, 0xe6, //0x0000169e jmpq         *%rsi
	//0x000016a0 LBB0_251
	0x49, 0x83, 0xc3, 0x02, //0x000016a0 addq         $2, %r11
	//0x000016a4 LBB0_252
	0x4d, 0x85, 0xdb, //0x000016a4 testq        %r11, %r11
	0x66, 0x0f, 0x6f, 0xd3, //0x000016a7 movdqa       %xmm3, %xmm2
	0x0f, 0x88, 0x60, 0x37, 0x00, 0x00, //0x000016ab js           LBB0_856
	//0x000016b1 LBB0_253
	0x48, 0x8d, 0x42, 0xff, //0x000016b1 leaq         $-1(%rdx), %rax
	0x48, 0x21, 0xc2, //0x000016b5 andq         %rax, %rdx
	0x0f, 0x84, 0x16, 0xfd, 0xff, 0xff, //0x000016b8 je           LBB0_232
	0xe9, 0x7a, 0xff, 0xff, 0xff, //0x000016be jmp          LBB0_223
	//0x000016c3 LBB0_254
	0x48, 0x85, 0xd2, //0x000016c3 testq        %rdx, %rdx
	0x0f, 0x84, 0x4b, 0x06, 0x00, 0x00, //0x000016c6 je           LBB0_357
	0x4c, 0x0f, 0xbc, 0xda, //0x000016cc bsfq         %rdx, %r11
	0xe9, 0x48, 0x06, 0x00, 0x00, //0x000016d0 jmp          LBB0_358
	//0x000016d5 LBB0_261
	0x48, 0x01, 0xf1, //0x000016d5 addq         %rsi, %rcx
	0x49, 0x89, 0xcb, //0x000016d8 movq         %rcx, %r11
	0x48, 0xc7, 0xc0, 0xff, 0xff, 0xff, 0xff, //0x000016db movq         $-1, %rax
	0x4d, 0x85, 0xd2, //0x000016e2 testq        %r10, %r10
	0x0f, 0x84, 0x49, 0x37, 0x00, 0x00, //0x000016e5 je           LBB0_855
	//0x000016eb LBB0_262
	0x4d, 0x85, 0xe4, //0x000016eb testq        %r12, %r12
	0x0f, 0x84, 0x40, 0x37, 0x00, 0x00, //0x000016ee je           LBB0_855
	0x4d, 0x85, 0xf6, //0x000016f4 testq        %r14, %r14
	0x0f, 0x84, 0x37, 0x37, 0x00, 0x00, //0x000016f7 je           LBB0_855
	0x4d, 0x29, 0xc3, //0x000016fd subq         %r8, %r11
	0x49, 0x8d, 0x43, 0xff, //0x00001700 leaq         $-1(%r11), %rax
	0x49, 0x39, 0xc2, //0x00001704 cmpq         %rax, %r10
	0x0f, 0x84, 0x38, 0x00, 0x00, 0x00, //0x00001707 je           LBB0_270
	0x49, 0x39, 0xc4, //0x0000170d cmpq         %rax, %r12
	0x0f, 0x84, 0x2f, 0x00, 0x00, 0x00, //0x00001710 je           LBB0_270
	0x49, 0x39, 0xc6, //0x00001716 cmpq         %rax, %r14
	0x0f, 0x84, 0x26, 0x00, 0x00, 0x00, //0x00001719 je           LBB0_270
	0x4d, 0x85, 0xe4, //0x0000171f testq        %r12, %r12
	0x48, 0x8b, 0x55, 0xc8, //0x00001722 movq         $-56(%rbp), %rdx
	0x0f, 0x8e, 0xc8, 0x05, 0x00, 0x00, //0x00001726 jle          LBB0_354
	0x49, 0x8d, 0x44, 0x24, 0xff, //0x0000172c leaq         $-1(%r12), %rax
	0x49, 0x39, 0xc6, //0x00001731 cmpq         %rax, %r14
	0x0f, 0x84, 0xba, 0x05, 0x00, 0x00, //0x00001734 je           LBB0_354
	0x49, 0xf7, 0xd4, //0x0000173a notq         %r12
	0x4d, 0x89, 0xe3, //0x0000173d movq         %r12, %r11
	0xe9, 0xdc, 0x11, 0x00, 0x00, //0x00001740 jmp          LBB0_451
	//0x00001745 LBB0_270
	0x49, 0xf7, 0xdb, //0x00001745 negq         %r11
	//0x00001748 LBB0_271
	0x4c, 0x8b, 0x65, 0xb8, //0x00001748 movq         $-72(%rbp), %r12
	//0x0000174c LBB0_272
	0x48, 0x8b, 0x55, 0xc8, //0x0000174c movq         $-56(%rbp), %rdx
	0x4d, 0x85, 0xdb, //0x00001750 testq        %r11, %r11
	0x4c, 0x8b, 0x55, 0xb0, //0x00001753 movq         $-80(%rbp), %r10
	0x48, 0x89, 0x55, 0xc8, //0x00001757 movq         %rdx, $-56(%rbp)
	0x0f, 0x89, 0xd5, 0x11, 0x00, 0x00, //0x0000175b jns          LBB0_452
	0xe9, 0xcb, 0x36, 0x00, 0x00, //0x00001761 jmp          LBB0_273
	//0x00001766 LBB0_274
	0xbb, 0x40, 0x00, 0x00, 0x00, //0x00001766 movl         $64, %ebx
	//0x0000176b LBB0_275
	0x4c, 0x8b, 0x55, 0xb0, //0x0000176b movq         $-80(%rbp), %r10
	0x4c, 0x8b, 0x6d, 0xa0, //0x0000176f movq         $-96(%rbp), %r13
	0x4c, 0x8b, 0x7d, 0xa8, //0x00001773 movq         $-88(%rbp), %r15
	0x48, 0x39, 0xf3, //0x00001777 cmpq         %rsi, %rbx
	0x0f, 0x82, 0x86, 0x38, 0x00, 0x00, //0x0000177a jb           LBB0_881
	0x4d, 0x8d, 0x1c, 0x34, //0x00001780 leaq         (%r12,%rsi), %r11
	0x49, 0x83, 0xc3, 0x01, //0x00001784 addq         $1, %r11
	0x4c, 0x8b, 0x65, 0xb8, //0x00001788 movq         $-72(%rbp), %r12
	//0x0000178c LBB0_277
	0x4d, 0x85, 0xdb, //0x0000178c testq        %r11, %r11
	0x0f, 0x88, 0x50, 0x36, 0x00, 0x00, //0x0000178f js           LBB0_852
	0x4d, 0x89, 0x1c, 0x24, //0x00001795 movq         %r11, (%r12)
	0x48, 0x8b, 0x55, 0xc8, //0x00001799 movq         $-56(%rbp), %rdx
	0x48, 0x89, 0xd0, //0x0000179d movq         %rdx, %rax
	0x48, 0xb9, 0xfe, 0xff, 0xff, 0xff, 0xff, 0xff, 0xff, 0x7f, //0x000017a0 movabsq      $9223372036854775806, %rcx
	0x48, 0x39, 0xca, //0x000017aa cmpq         %rcx, %rdx
	0x0f, 0x86, 0x2d, 0xea, 0xff, 0xff, //0x000017ad jbe          LBB0_4
	0xe9, 0x94, 0x36, 0x00, 0x00, //0x000017b3 jmp          LBB0_887
	//0x000017b8 LBB0_279
	0x49, 0x8b, 0x4d, 0x08, //0x000017b8 movq         $8(%r13), %rcx
	0x48, 0x8d, 0x51, 0xfc, //0x000017bc leaq         $-4(%rcx), %rdx
	0x48, 0x8b, 0x75, 0xc8, //0x000017c0 movq         $-56(%rbp), %rsi
	0x48, 0x39, 0xd6, //0x000017c4 cmpq         %rdx, %rsi
	0x0f, 0x83, 0x91, 0x36, 0x00, 0x00, //0x000017c7 jae          LBB0_860
	0x43, 0x8b, 0x0c, 0x19, //0x000017cd movl         (%r9,%r11), %ecx
	0x81, 0xf9, 0x61, 0x6c, 0x73, 0x65, //0x000017d1 cmpl         $1702063201, %ecx
	0x0f, 0x85, 0x01, 0x37, 0x00, 0x00, //0x000017d7 jne          LBB0_866
	0x4c, 0x8d, 0x5e, 0x05, //0x000017dd leaq         $5(%rsi), %r11
	0x4d, 0x89, 0x1c, 0x24, //0x000017e1 movq         %r11, (%r12)
	0x48, 0x89, 0xf0, //0x000017e5 movq         %rsi, %rax
	0x48, 0xb9, 0xfe, 0xff, 0xff, 0xff, 0xff, 0xff, 0xff, 0x7f, //0x000017e8 movabsq      $9223372036854775806, %rcx
	0x48, 0x39, 0xce, //0x000017f2 cmpq         %rcx, %rsi
	0x0f, 0x86, 0xe5, 0xe9, 0xff, 0xff, //0x000017f5 jbe          LBB0_4
	0xe9, 0x4c, 0x36, 0x00, 0x00, //0x000017fb jmp          LBB0_887
	//0x00001800 LBB0_282
	0x41, 0xf6, 0xc2, 0x40, //0x00001800 testb        $64, %r10b
	0x0f, 0x85, 0x7f, 0x05, 0x00, 0x00, //0x00001804 jne          LBB0_365
	0x49, 0x8b, 0x07, //0x0000180a movq         (%r15), %rax
	0x48, 0x3d, 0xff, 0x0f, 0x00, 0x00, //0x0000180d cmpq         $4095, %rax
	0x0f, 0x8f, 0xc0, 0x35, 0x00, 0x00, //0x00001813 jg           LBB0_875
	0x48, 0x8d, 0x48, 0x01, //0x00001819 leaq         $1(%rax), %rcx
	0x49, 0x89, 0x0f, //0x0000181d movq         %rcx, (%r15)
	0x49, 0xc7, 0x44, 0xc7, 0x08, 0x05, 0x00, 0x00, 0x00, //0x00001820 movq         $5, $8(%r15,%rax,8)
	0xe9, 0xb2, 0xe9, 0xff, 0xff, //0x00001829 jmp          LBB0_4
	//0x0000182e LBB0_285
	0x4d, 0x8b, 0x65, 0x08, //0x0000182e movq         $8(%r13), %r12
	0x41, 0xf6, 0xc2, 0x40, //0x00001832 testb        $64, %r10b
	0x0f, 0x85, 0xab, 0x09, 0x00, 0x00, //0x00001836 jne          LBB0_391
	0x41, 0xf6, 0xc2, 0x20, //0x0000183c testb        $32, %r10b
	0x0f, 0x85, 0x10, 0x11, 0x00, 0x00, //0x00001840 jne          LBB0_454
	0x4d, 0x89, 0xe2, //0x00001846 movq         %r12, %r10
	0x4d, 0x29, 0xda, //0x00001849 subq         %r11, %r10
	0x48, 0x8b, 0x45, 0xc8, //0x0000184c movq         $-56(%rbp), %rax
	0x0f, 0x84, 0xa8, 0x37, 0x00, 0x00, //0x00001850 je           LBB0_888
	0x49, 0x83, 0xfa, 0x40, //0x00001856 cmpq         $64, %r10
	0x48, 0x89, 0x45, 0xc8, //0x0000185a movq         %rax, $-56(%rbp)
	0x0f, 0x82, 0x5e, 0x22, 0x00, 0x00, //0x0000185e jb           LBB0_641
	0x49, 0xc7, 0xc5, 0xfe, 0xff, 0xff, 0xff, //0x00001864 movq         $-2, %r13
	0x49, 0x29, 0xc5, //0x0000186b subq         %rax, %r13
	0x4c, 0x8d, 0x58, 0x01, //0x0000186e leaq         $1(%rax), %r11
	0x48, 0xc7, 0x45, 0xd0, 0xff, 0xff, 0xff, 0xff, //0x00001872 movq         $-1, $-48(%rbp)
	0x45, 0x31, 0xc0, //0x0000187a xorl         %r8d, %r8d
	0x90, 0x90, 0x90, //0x0000187d .p2align 4, 0x90
	//0x00001880 LBB0_290
	0xf3, 0x43, 0x0f, 0x6f, 0x1c, 0x19, //0x00001880 movdqu       (%r9,%r11), %xmm3
	0xf3, 0x43, 0x0f, 0x6f, 0x64, 0x19, 0x10, //0x00001886 movdqu       $16(%r9,%r11), %xmm4
	0xf3, 0x43, 0x0f, 0x6f, 0x6c, 0x19, 0x20, //0x0000188d movdqu       $32(%r9,%r11), %xmm5
	0xf3, 0x43, 0x0f, 0x6f, 0x74, 0x19, 0x30, //0x00001894 movdqu       $48(%r9,%r11), %xmm6
	0x66, 0x0f, 0x6f, 0xfb, //0x0000189b movdqa       %xmm3, %xmm7
	0x66, 0x0f, 0x74, 0xf8, //0x0000189f pcmpeqb      %xmm0, %xmm7
	0x66, 0x44, 0x0f, 0xd7, 0xf7, //0x000018a3 pmovmskb     %xmm7, %r14d
	0x66, 0x0f, 0x6f, 0xfc, //0x000018a8 movdqa       %xmm4, %xmm7
	0x66, 0x0f, 0x74, 0xf8, //0x000018ac pcmpeqb      %xmm0, %xmm7
	0x66, 0x0f, 0xd7, 0xcf, //0x000018b0 pmovmskb     %xmm7, %ecx
	0x66, 0x0f, 0x6f, 0xfd, //0x000018b4 movdqa       %xmm5, %xmm7
	0x66, 0x0f, 0x74, 0xf8, //0x000018b8 pcmpeqb      %xmm0, %xmm7
	0x66, 0x0f, 0xd7, 0xc7, //0x000018bc pmovmskb     %xmm7, %eax
	0x66, 0x0f, 0x6f, 0xfe, //0x000018c0 movdqa       %xmm6, %xmm7
	0x66, 0x0f, 0x74, 0xf8, //0x000018c4 pcmpeqb      %xmm0, %xmm7
	0x66, 0x0f, 0xd7, 0xf7, //0x000018c8 pmovmskb     %xmm7, %esi
	0x66, 0x0f, 0x74, 0xd9, //0x000018cc pcmpeqb      %xmm1, %xmm3
	0x66, 0x44, 0x0f, 0xd7, 0xfb, //0x000018d0 pmovmskb     %xmm3, %r15d
	0x66, 0x0f, 0x74, 0xe1, //0x000018d5 pcmpeqb      %xmm1, %xmm4
	0x66, 0x0f, 0xd7, 0xdc, //0x000018d9 pmovmskb     %xmm4, %ebx
	0x66, 0x0f, 0x74, 0xe9, //0x000018dd pcmpeqb      %xmm1, %xmm5
	0x66, 0x0f, 0xd7, 0xfd, //0x000018e1 pmovmskb     %xmm5, %edi
	0x66, 0x0f, 0x74, 0xf1, //0x000018e5 pcmpeqb      %xmm1, %xmm6
	0x66, 0x0f, 0xd7, 0xd6, //0x000018e9 pmovmskb     %xmm6, %edx
	0x48, 0xc1, 0xe6, 0x30, //0x000018ed shlq         $48, %rsi
	0x48, 0xc1, 0xe0, 0x20, //0x000018f1 shlq         $32, %rax
	0x48, 0x09, 0xf0, //0x000018f5 orq          %rsi, %rax
	0x48, 0xc1, 0xe1, 0x10, //0x000018f8 shlq         $16, %rcx
	0x48, 0x09, 0xc1, //0x000018fc orq          %rax, %rcx
	0x49, 0x09, 0xce, //0x000018ff orq          %rcx, %r14
	0x48, 0xc1, 0xe2, 0x30, //0x00001902 shlq         $48, %rdx
	0x48, 0xc1, 0xe7, 0x20, //0x00001906 shlq         $32, %rdi
	0x48, 0x09, 0xd7, //0x0000190a orq          %rdx, %rdi
	0x48, 0xc1, 0xe3, 0x10, //0x0000190d shlq         $16, %rbx
	0x48, 0x09, 0xfb, //0x00001911 orq          %rdi, %rbx
	0x49, 0x09, 0xdf, //0x00001914 orq          %rbx, %r15
	0x0f, 0x85, 0x34, 0x00, 0x00, 0x00, //0x00001917 jne          LBB0_299
	0x4d, 0x85, 0xc0, //0x0000191d testq        %r8, %r8
	0x0f, 0x85, 0x41, 0x00, 0x00, 0x00, //0x00001920 jne          LBB0_301
	0x45, 0x31, 0xc0, //0x00001926 xorl         %r8d, %r8d
	0x4d, 0x85, 0xf6, //0x00001929 testq        %r14, %r14
	0x4c, 0x8b, 0x7d, 0xa8, //0x0000192c movq         $-88(%rbp), %r15
	0x0f, 0x85, 0x87, 0x00, 0x00, 0x00, //0x00001930 jne          LBB0_302
	//0x00001936 LBB0_293
	0x49, 0x83, 0xc2, 0xc0, //0x00001936 addq         $-64, %r10
	0x49, 0x83, 0xc5, 0xc0, //0x0000193a addq         $-64, %r13
	0x49, 0x83, 0xc3, 0x40, //0x0000193e addq         $64, %r11
	0x49, 0x83, 0xfa, 0x3f, //0x00001942 cmpq         $63, %r10
	0x0f, 0x87, 0x34, 0xff, 0xff, 0xff, //0x00001946 ja           LBB0_290
	0xe9, 0x50, 0x18, 0x00, 0x00, //0x0000194c jmp          LBB0_294
	//0x00001951 LBB0_299
	0x48, 0x83, 0x7d, 0xd0, 0xff, //0x00001951 cmpq         $-1, $-48(%rbp)
	0x0f, 0x85, 0x0b, 0x00, 0x00, 0x00, //0x00001956 jne          LBB0_301
	0x49, 0x0f, 0xbc, 0xc7, //0x0000195c bsfq         %r15, %rax
	0x4c, 0x01, 0xd8, //0x00001960 addq         %r11, %rax
	0x48, 0x89, 0x45, 0xd0, //0x00001963 movq         %rax, $-48(%rbp)
	//0x00001967 LBB0_301
	0x4c, 0x89, 0xc0, //0x00001967 movq         %r8, %rax
	0x48, 0xf7, 0xd0, //0x0000196a notq         %rax
	0x4c, 0x21, 0xf8, //0x0000196d andq         %r15, %rax
	0x48, 0x8d, 0x0c, 0x00, //0x00001970 leaq         (%rax,%rax), %rcx
	0x4c, 0x09, 0xc1, //0x00001974 orq          %r8, %rcx
	0x48, 0x89, 0xca, //0x00001977 movq         %rcx, %rdx
	0x48, 0xf7, 0xd2, //0x0000197a notq         %rdx
	0x4c, 0x21, 0xfa, //0x0000197d andq         %r15, %rdx
	0x48, 0xbe, 0xaa, 0xaa, 0xaa, 0xaa, 0xaa, 0xaa, 0xaa, 0xaa, //0x00001980 movabsq      $-6148914691236517206, %rsi
	0x48, 0x21, 0xf2, //0x0000198a andq         %rsi, %rdx
	0x45, 0x31, 0xc0, //0x0000198d xorl         %r8d, %r8d
	0x48, 0x01, 0xc2, //0x00001990 addq         %rax, %rdx
	0x41, 0x0f, 0x92, 0xc0, //0x00001993 setb         %r8b
	0x48, 0x01, 0xd2, //0x00001997 addq         %rdx, %rdx
	0x48, 0xb8, 0x55, 0x55, 0x55, 0x55, 0x55, 0x55, 0x55, 0x55, //0x0000199a movabsq      $6148914691236517205, %rax
	0x48, 0x31, 0xc2, //0x000019a4 xorq         %rax, %rdx
	0x48, 0x21, 0xca, //0x000019a7 andq         %rcx, %rdx
	0x48, 0xf7, 0xd2, //0x000019aa notq         %rdx
	0x49, 0x21, 0xd6, //0x000019ad andq         %rdx, %r14
	0x4d, 0x85, 0xf6, //0x000019b0 testq        %r14, %r14
	0x4c, 0x8b, 0x7d, 0xa8, //0x000019b3 movq         $-88(%rbp), %r15
	0x0f, 0x84, 0x79, 0xff, 0xff, 0xff, //0x000019b7 je           LBB0_293
	//0x000019bd LBB0_302
	0x4d, 0x0f, 0xbc, 0xde, //0x000019bd bsfq         %r14, %r11
	0x4d, 0x29, 0xeb, //0x000019c1 subq         %r13, %r11
	0x4c, 0x8b, 0x55, 0xb0, //0x000019c4 movq         $-80(%rbp), %r10
	0x4c, 0x8b, 0x6d, 0xa0, //0x000019c8 movq         $-96(%rbp), %r13
	//0x000019cc LBB0_303
	0x48, 0x8b, 0x55, 0xc8, //0x000019cc movq         $-56(%rbp), %rdx
	0xe9, 0x15, 0x15, 0x00, 0x00, //0x000019d0 jmp          LBB0_518
	//0x000019d5 LBB0_304
	0x4d, 0x8b, 0x45, 0x08, //0x000019d5 movq         $8(%r13), %r8
	0x4c, 0x89, 0xc7, //0x000019d9 movq         %r8, %rdi
	0x4c, 0x29, 0xdf, //0x000019dc subq         %r11, %rdi
	0x41, 0xf6, 0xc2, 0x40, //0x000019df testb        $64, %r10b
	0x0f, 0x85, 0x0a, 0x09, 0x00, 0x00, //0x000019e3 jne          LBB0_402
	0x48, 0x85, 0xff, //0x000019e9 testq        %rdi, %rdi
	0x0f, 0x8e, 0x39, 0x36, 0x00, 0x00, //0x000019ec jle          LBB0_885
	0x43, 0x8a, 0x0c, 0x19, //0x000019f2 movb         (%r9,%r11), %cl
	0x8d, 0x51, 0xd0, //0x000019f6 leal         $-48(%rcx), %edx
	0x48, 0xc7, 0xc0, 0xfe, 0xff, 0xff, 0xff, //0x000019f9 movq         $-2, %rax
	0x80, 0xfa, 0x09, //0x00001a00 cmpb         $9, %dl
	0x0f, 0x87, 0x43, 0x34, 0x00, 0x00, //0x00001a03 ja           LBB0_887
	0x4b, 0x8d, 0x14, 0x19, //0x00001a09 leaq         (%r9,%r11), %rdx
	0x48, 0x89, 0x55, 0xc0, //0x00001a0d movq         %rdx, $-64(%rbp)
	0x80, 0xf9, 0x30, //0x00001a11 cmpb         $48, %cl
	0x48, 0x8b, 0x5d, 0xc8, //0x00001a14 movq         $-56(%rbp), %rbx
	0x0f, 0x85, 0x39, 0x00, 0x00, 0x00, //0x00001a18 jne          LBB0_311
	0xbe, 0x01, 0x00, 0x00, 0x00, //0x00001a1e movl         $1, %esi
	0x48, 0x83, 0xff, 0x01, //0x00001a23 cmpq         $1, %rdi
	0x0f, 0x84, 0x6c, 0x14, 0x00, 0x00, //0x00001a27 je           LBB0_513
	0x48, 0x8b, 0x4d, 0xc0, //0x00001a2d movq         $-64(%rbp), %rcx
	0x8a, 0x49, 0x01, //0x00001a31 movb         $1(%rcx), %cl
	0x80, 0xc1, 0xd2, //0x00001a34 addb         $-46, %cl
	0x80, 0xf9, 0x37, //0x00001a37 cmpb         $55, %cl
	0x0f, 0x87, 0x59, 0x14, 0x00, 0x00, //0x00001a3a ja           LBB0_513
	0x0f, 0xb6, 0xc9, //0x00001a40 movzbl       %cl, %ecx
	0x48, 0xba, 0x01, 0x00, 0x80, 0x00, 0x00, 0x00, 0x80, 0x00, //0x00001a43 movabsq      $36028797027352577, %rdx
	0x48, 0x0f, 0xa3, 0xca, //0x00001a4d btq          %rcx, %rdx
	0x0f, 0x83, 0x42, 0x14, 0x00, 0x00, //0x00001a51 jae          LBB0_513
	//0x00001a57 LBB0_311
	0x48, 0x83, 0xff, 0x10, //0x00001a57 cmpq         $16, %rdi
	0x48, 0x89, 0x5d, 0xc8, //0x00001a5b movq         %rbx, $-56(%rbp)
	0x0f, 0x82, 0x37, 0x20, 0x00, 0x00, //0x00001a5f jb           LBB0_640
	0x49, 0xc7, 0xc4, 0xff, 0xff, 0xff, 0xff, //0x00001a65 movq         $-1, %r12
	0x31, 0xf6, //0x00001a6c xorl         %esi, %esi
	0x49, 0xc7, 0xc2, 0xff, 0xff, 0xff, 0xff, //0x00001a6e movq         $-1, %r10
	0x48, 0xc7, 0x45, 0xd0, 0xff, 0xff, 0xff, 0xff, //0x00001a75 movq         $-1, $-48(%rbp)
	0x48, 0x89, 0x7d, 0x88, //0x00001a7d movq         %rdi, $-120(%rbp)
	0x90, 0x90, 0x90, 0x90, 0x90, 0x90, 0x90, 0x90, 0x90, 0x90, 0x90, 0x90, 0x90, 0x90, 0x90, //0x00001a81 .p2align 4, 0x90
	//0x00001a90 LBB0_313
	0x48, 0x8b, 0x4d, 0xc0, //0x00001a90 movq         $-64(%rbp), %rcx
	0xf3, 0x0f, 0x6f, 0x1c, 0x31, //0x00001a94 movdqu       (%rcx,%rsi), %xmm3
	0x66, 0x0f, 0x6f, 0xe3, //0x00001a99 movdqa       %xmm3, %xmm4
	0x66, 0x0f, 0x64, 0x25, 0xfb, 0xe5, 0xff, 0xff, //0x00001a9d pcmpgtb      $-6661(%rip), %xmm4  /* LCPI0_10+0(%rip) */
	0x66, 0x41, 0x0f, 0x6f, 0xef, //0x00001aa5 movdqa       %xmm15, %xmm5
	0x66, 0x0f, 0x64, 0xeb, //0x00001aaa pcmpgtb      %xmm3, %xmm5
	0x66, 0x0f, 0xdb, 0xec, //0x00001aae pand         %xmm4, %xmm5
	0x66, 0x0f, 0x6f, 0xe3, //0x00001ab2 movdqa       %xmm3, %xmm4
	0x66, 0x0f, 0x74, 0x25, 0x02, 0xe6, 0xff, 0xff, //0x00001ab6 pcmpeqb      $-6654(%rip), %xmm4  /* LCPI0_12+0(%rip) */
	0x66, 0x0f, 0x6f, 0xf3, //0x00001abe movdqa       %xmm3, %xmm6
	0x66, 0x0f, 0x74, 0x35, 0x06, 0xe6, 0xff, 0xff, //0x00001ac2 pcmpeqb      $-6650(%rip), %xmm6  /* LCPI0_13+0(%rip) */
	0x66, 0x0f, 0xeb, 0xf4, //0x00001aca por          %xmm4, %xmm6
	0x66, 0x0f, 0x6f, 0xe3, //0x00001ace movdqa       %xmm3, %xmm4
	0x66, 0x41, 0x0f, 0xdb, 0xe1, //0x00001ad2 pand         %xmm9, %xmm4
	0x66, 0x41, 0x0f, 0x74, 0xdc, //0x00001ad7 pcmpeqb      %xmm12, %xmm3
	0x66, 0x0f, 0x74, 0xe2, //0x00001adc pcmpeqb      %xmm2, %xmm4
	0x66, 0x44, 0x0f, 0xd7, 0xc4, //0x00001ae0 pmovmskb     %xmm4, %r8d
	0x66, 0x0f, 0xeb, 0xe3, //0x00001ae5 por          %xmm3, %xmm4
	0x66, 0x0f, 0xeb, 0xee, //0x00001ae9 por          %xmm6, %xmm5
	0x66, 0x0f, 0xeb, 0xec, //0x00001aed por          %xmm4, %xmm5
	0x66, 0x44, 0x0f, 0xd7, 0xf3, //0x00001af1 pmovmskb     %xmm3, %r14d
	0x66, 0x0f, 0xd7, 0xd6, //0x00001af6 pmovmskb     %xmm6, %edx
	0x66, 0x0f, 0xd7, 0xcd, //0x00001afa pmovmskb     %xmm5, %ecx
	0xf7, 0xd1, //0x00001afe notl         %ecx
	0x0f, 0xbc, 0xc9, //0x00001b00 bsfl         %ecx, %ecx
	0x83, 0xf9, 0x10, //0x00001b03 cmpl         $16, %ecx
	0x0f, 0x84, 0x13, 0x00, 0x00, 0x00, //0x00001b06 je           LBB0_315
	0xbb, 0xff, 0xff, 0xff, 0xff, //0x00001b0c movl         $-1, %ebx
	0xd3, 0xe3, //0x00001b11 shll         %cl, %ebx
	0xf7, 0xd3, //0x00001b13 notl         %ebx
	0x41, 0x21, 0xde, //0x00001b15 andl         %ebx, %r14d
	0x41, 0x21, 0xd8, //0x00001b18 andl         %ebx, %r8d
	0x21, 0xd3, //0x00001b1b andl         %edx, %ebx
	0x89, 0xda, //0x00001b1d movl         %ebx, %edx
	//0x00001b1f LBB0_315
	0x41, 0x8d, 0x5e, 0xff, //0x00001b1f leal         $-1(%r14), %ebx
	0x44, 0x21, 0xf3, //0x00001b23 andl         %r14d, %ebx
	0x0f, 0x85, 0x58, 0x16, 0x00, 0x00, //0x00001b26 jne          LBB0_534
	0x41, 0x8d, 0x58, 0xff, //0x00001b2c leal         $-1(%r8), %ebx
	0x44, 0x21, 0xc3, //0x00001b30 andl         %r8d, %ebx
	0x0f, 0x85, 0x4b, 0x16, 0x00, 0x00, //0x00001b33 jne          LBB0_534
	0x8d, 0x5a, 0xff, //0x00001b39 leal         $-1(%rdx), %ebx
	0x21, 0xd3, //0x00001b3c andl         %edx, %ebx
	0x0f, 0x85, 0x40, 0x16, 0x00, 0x00, //0x00001b3e jne          LBB0_534
	0x45, 0x85, 0xf6, //0x00001b44 testl        %r14d, %r14d
	0x0f, 0x84, 0x16, 0x00, 0x00, 0x00, //0x00001b47 je           LBB0_321
	0x41, 0x0f, 0xbc, 0xde, //0x00001b4d bsfl         %r14d, %ebx
	0x48, 0x83, 0x7d, 0xd0, 0xff, //0x00001b51 cmpq         $-1, $-48(%rbp)
	0x0f, 0x85, 0xc9, 0x16, 0x00, 0x00, //0x00001b56 jne          LBB0_536
	0x48, 0x01, 0xf3, //0x00001b5c addq         %rsi, %rbx
	0x48, 0x89, 0x5d, 0xd0, //0x00001b5f movq         %rbx, $-48(%rbp)
	//0x00001b63 LBB0_321
	0x45, 0x85, 0xc0, //0x00001b63 testl        %r8d, %r8d
	0x0f, 0x84, 0x14, 0x00, 0x00, 0x00, //0x00001b66 je           LBB0_324
	0x41, 0x0f, 0xbc, 0xd8, //0x00001b6c bsfl         %r8d, %ebx
	0x49, 0x83, 0xfa, 0xff, //0x00001b70 cmpq         $-1, %r10
	0x0f, 0x85, 0xab, 0x16, 0x00, 0x00, //0x00001b74 jne          LBB0_536
	0x48, 0x01, 0xf3, //0x00001b7a addq         %rsi, %rbx
	0x49, 0x89, 0xda, //0x00001b7d movq         %rbx, %r10
	//0x00001b80 LBB0_324
	0x48, 0x8b, 0x5d, 0xc8, //0x00001b80 movq         $-56(%rbp), %rbx
	0x85, 0xd2, //0x00001b84 testl        %edx, %edx
	0x0f, 0x84, 0x13, 0x00, 0x00, 0x00, //0x00001b86 je           LBB0_327
	0x0f, 0xbc, 0xd2, //0x00001b8c bsfl         %edx, %edx
	0x49, 0x83, 0xfc, 0xff, //0x00001b8f cmpq         $-1, %r12
	0x0f, 0x85, 0x31, 0x17, 0x00, 0x00, //0x00001b93 jne          LBB0_541
	0x48, 0x01, 0xf2, //0x00001b99 addq         %rsi, %rdx
	0x49, 0x89, 0xd4, //0x00001b9c movq         %rdx, %r12
	//0x00001b9f LBB0_327
	0x83, 0xf9, 0x10, //0x00001b9f cmpl         $16, %ecx
	0x0f, 0x85, 0x4a, 0x12, 0x00, 0x00, //0x00001ba2 jne          LBB0_873
	0x48, 0x83, 0xc7, 0xf0, //0x00001ba8 addq         $-16, %rdi
	0x48, 0x83, 0xc6, 0x10, //0x00001bac addq         $16, %rsi
	0x48, 0x83, 0xff, 0x0f, //0x00001bb0 cmpq         $15, %rdi
	0x0f, 0x87, 0xd6, 0xfe, 0xff, 0xff, //0x00001bb4 ja           LBB0_313
	0x48, 0x8b, 0x4d, 0xc0, //0x00001bba movq         $-64(%rbp), %rcx
	0x48, 0x01, 0xf1, //0x00001bbe addq         %rsi, %rcx
	0x49, 0x89, 0xc8, //0x00001bc1 movq         %rcx, %r8
	0x48, 0x39, 0x75, 0x88, //0x00001bc4 cmpq         %rsi, $-120(%rbp)
	0x4c, 0x8d, 0x35, 0xd9, 0x42, 0x00, 0x00, //0x00001bc8 leaq         $17113(%rip), %r14  /* LJTI0_11+0(%rip) */
	0x0f, 0x84, 0x4a, 0x12, 0x00, 0x00, //0x00001bcf je           LBB0_502
	//0x00001bd5 LBB0_330
	0x48, 0x8d, 0x14, 0x39, //0x00001bd5 leaq         (%rcx,%rdi), %rdx
	0x48, 0x89, 0x55, 0x88, //0x00001bd9 movq         %rdx, $-120(%rbp)
	0x48, 0x89, 0xca, //0x00001bdd movq         %rcx, %rdx
	0x48, 0x29, 0xda, //0x00001be0 subq         %rbx, %rdx
	0x4d, 0x89, 0xc8, //0x00001be3 movq         %r9, %r8
	0x49, 0xf7, 0xd0, //0x00001be6 notq         %r8
	0x49, 0x01, 0xd0, //0x00001be9 addq         %rdx, %r8
	0x31, 0xd2, //0x00001bec xorl         %edx, %edx
	0xe9, 0x2a, 0x00, 0x00, 0x00, //0x00001bee jmp          LBB0_334
	//0x00001bf3 LBB0_331
	0x49, 0x83, 0xfc, 0xff, //0x00001bf3 cmpq         $-1, %r12
	0x0f, 0x85, 0x8f, 0x15, 0x00, 0x00, //0x00001bf7 jne          LBB0_535
	0x4d, 0x8d, 0x24, 0x10, //0x00001bfd leaq         (%r8,%rdx), %r12
	0x90, 0x90, 0x90, 0x90, 0x90, 0x90, 0x90, 0x90, 0x90, 0x90, 0x90, 0x90, 0x90, 0x90, 0x90, //0x00001c01 .p2align 4, 0x90
	//0x00001c10 LBB0_333
	0x48, 0x83, 0xc2, 0x01, //0x00001c10 addq         $1, %rdx
	0x48, 0x39, 0xd7, //0x00001c14 cmpq         %rdx, %rdi
	0x0f, 0x84, 0xb1, 0x14, 0x00, 0x00, //0x00001c17 je           LBB0_531
	//0x00001c1d LBB0_334
	0x0f, 0xbe, 0x1c, 0x11, //0x00001c1d movsbl       (%rcx,%rdx), %ebx
	0x8d, 0x73, 0xd0, //0x00001c21 leal         $-48(%rbx), %esi
	0x83, 0xfe, 0x0a, //0x00001c24 cmpl         $10, %esi
	0x0f, 0x82, 0xe3, 0xff, 0xff, 0xff, //0x00001c27 jb           LBB0_333
	0x8d, 0x73, 0xd5, //0x00001c2d leal         $-43(%rbx), %esi
	0x83, 0xfe, 0x1a, //0x00001c30 cmpl         $26, %esi
	0x0f, 0x87, 0x21, 0x00, 0x00, 0x00, //0x00001c33 ja           LBB0_339
	0x49, 0x63, 0x34, 0xb6, //0x00001c39 movslq       (%r14,%rsi,4), %rsi
	0x4c, 0x01, 0xf6, //0x00001c3d addq         %r14, %rsi
	0xff, 0xe6, //0x00001c40 jmpq         *%rsi
	//0x00001c42 LBB0_337
	0x48, 0x83, 0x7d, 0xd0, 0xff, //0x00001c42 cmpq         $-1, $-48(%rbp)
	0x0f, 0x85, 0x3f, 0x15, 0x00, 0x00, //0x00001c47 jne          LBB0_535
	0x49, 0x8d, 0x34, 0x10, //0x00001c4d leaq         (%r8,%rdx), %rsi
	0x48, 0x89, 0x75, 0xd0, //0x00001c51 movq         %rsi, $-48(%rbp)
	0xe9, 0xb6, 0xff, 0xff, 0xff, //0x00001c55 jmp          LBB0_333
	//0x00001c5a LBB0_339
	0x83, 0xfb, 0x65, //0x00001c5a cmpl         $101, %ebx
	0x0f, 0x85, 0xb2, 0x11, 0x00, 0x00, //0x00001c5d jne          LBB0_501
	//0x00001c63 LBB0_340
	0x49, 0x83, 0xfa, 0xff, //0x00001c63 cmpq         $-1, %r10
	0x0f, 0x85, 0x1f, 0x15, 0x00, 0x00, //0x00001c67 jne          LBB0_535
	0x4d, 0x8d, 0x14, 0x10, //0x00001c6d leaq         (%r8,%rdx), %r10
	0xe9, 0x9a, 0xff, 0xff, 0xff, //0x00001c71 jmp          LBB0_333
	//0x00001c76 LBB0_342
	0x49, 0x8b, 0x4d, 0x08, //0x00001c76 movq         $8(%r13), %rcx
	0x48, 0x8d, 0x51, 0xfd, //0x00001c7a leaq         $-3(%rcx), %rdx
	0x48, 0x39, 0x55, 0xc8, //0x00001c7e cmpq         %rdx, $-56(%rbp)
	0x0f, 0x83, 0xd6, 0x31, 0x00, 0x00, //0x00001c82 jae          LBB0_860
	0x41, 0x81, 0x38, 0x6e, 0x75, 0x6c, 0x6c, //0x00001c88 cmpl         $1819047278, (%r8)
	0x0f, 0x84, 0x52, 0x00, 0x00, 0x00, //0x00001c8f je           LBB0_353
	0xe9, 0x9d, 0x32, 0x00, 0x00, //0x00001c95 jmp          LBB0_344
	//0x00001c9a LBB0_348
	0x41, 0xf6, 0xc2, 0x40, //0x00001c9a testb        $64, %r10b
	0x0f, 0x85, 0x39, 0x07, 0x00, 0x00, //0x00001c9e jne          LBB0_415
	0x49, 0x8b, 0x07, //0x00001ca4 movq         (%r15), %rax
	0x48, 0x3d, 0xff, 0x0f, 0x00, 0x00, //0x00001ca7 cmpq         $4095, %rax
	0x0f, 0x8f, 0x26, 0x31, 0x00, 0x00, //0x00001cad jg           LBB0_875
	0x48, 0x8d, 0x48, 0x01, //0x00001cb3 leaq         $1(%rax), %rcx
	0x49, 0x89, 0x0f, //0x00001cb7 movq         %rcx, (%r15)
	0x49, 0xc7, 0x44, 0xc7, 0x08, 0x06, 0x00, 0x00, 0x00, //0x00001cba movq         $6, $8(%r15,%rax,8)
	0xe9, 0x18, 0xe5, 0xff, 0xff, //0x00001cc3 jmp          LBB0_4
	//0x00001cc8 LBB0_351
	0x49, 0x8b, 0x4d, 0x08, //0x00001cc8 movq         $8(%r13), %rcx
	0x48, 0x8d, 0x51, 0xfd, //0x00001ccc leaq         $-3(%rcx), %rdx
	0x48, 0x39, 0x55, 0xc8, //0x00001cd0 cmpq         %rdx, $-56(%rbp)
	0x0f, 0x83, 0x84, 0x31, 0x00, 0x00, //0x00001cd4 jae          LBB0_860
	0x41, 0x81, 0x38, 0x74, 0x72, 0x75, 0x65, //0x00001cda cmpl         $1702195828, (%r8)
	0x0f, 0x85, 0x9d, 0x31, 0x00, 0x00, //0x00001ce1 jne          LBB0_861
	//0x00001ce7 LBB0_353
	0x48, 0x8b, 0x55, 0xc8, //0x00001ce7 movq         $-56(%rbp), %rdx
	0x4c, 0x8d, 0x5a, 0x04, //0x00001ceb leaq         $4(%rdx), %r11
	0xe9, 0xcc, 0xe4, 0xff, 0xff, //0x00001cef jmp          LBB0_2
	//0x00001cf4 LBB0_354
	0x4c, 0x89, 0xd0, //0x00001cf4 movq         %r10, %rax
	0x4c, 0x09, 0xf0, //0x00001cf7 orq          %r14, %rax
	0x0f, 0x99, 0xc0, //0x00001cfa setns        %al
	0x0f, 0x88, 0x0a, 0x0c, 0x00, 0x00, //0x00001cfd js           LBB0_450
	0x4d, 0x39, 0xf2, //0x00001d03 cmpq         %r14, %r10
	0x0f, 0x8c, 0x01, 0x0c, 0x00, 0x00, //0x00001d06 jl           LBB0_450
	0x49, 0xf7, 0xd2, //0x00001d0c notq         %r10
	0x4d, 0x89, 0xd3, //0x00001d0f movq         %r10, %r11
	0xe9, 0x0a, 0x0c, 0x00, 0x00, //0x00001d12 jmp          LBB0_451
	//0x00001d17 LBB0_357
	0x41, 0xbb, 0x40, 0x00, 0x00, 0x00, //0x00001d17 movl         $64, %r11d
	//0x00001d1d LBB0_358
	0x4c, 0x8b, 0x55, 0xb0, //0x00001d1d movq         $-80(%rbp), %r10
	0x4c, 0x8b, 0x6d, 0xa0, //0x00001d21 movq         $-96(%rbp), %r13
	0x4c, 0x8b, 0x7d, 0xa8, //0x00001d25 movq         $-88(%rbp), %r15
	0x48, 0x8b, 0x55, 0xc8, //0x00001d29 movq         $-56(%rbp), %rdx
	0x49, 0x39, 0xfb, //0x00001d2d cmpq         %rdi, %r11
	0x0f, 0x82, 0xdf, 0x32, 0x00, 0x00, //0x00001d30 jb           LBB0_882
	0x4c, 0x8d, 0x1c, 0x39, //0x00001d36 leaq         (%rcx,%rdi), %r11
	0x49, 0x83, 0xc3, 0x01, //0x00001d3a addq         $1, %r11
	//0x00001d3e LBB0_360
	0x4d, 0x85, 0xdb, //0x00001d3e testq        %r11, %r11
	0x0f, 0x88, 0xca, 0x30, 0x00, 0x00, //0x00001d41 js           LBB0_856
	0x4c, 0x8b, 0x65, 0xb8, //0x00001d47 movq         $-72(%rbp), %r12
	//0x00001d4b LBB0_362
	0x4d, 0x89, 0x1c, 0x24, //0x00001d4b movq         %r11, (%r12)
	0x48, 0x89, 0xd0, //0x00001d4f movq         %rdx, %rax
	0x48, 0xb9, 0xfe, 0xff, 0xff, 0xff, 0xff, 0xff, 0xff, 0x7f, //0x00001d52 movabsq      $9223372036854775806, %rcx
	0x48, 0x39, 0xca, //0x00001d5c cmpq         %rcx, %rdx
	0x0f, 0x87, 0xe7, 0x30, 0x00, 0x00, //0x00001d5f ja           LBB0_887
	0x49, 0x8b, 0x07, //0x00001d65 movq         (%r15), %rax
	0x48, 0x3d, 0xff, 0x0f, 0x00, 0x00, //0x00001d68 cmpq         $4095, %rax
	0x0f, 0x8f, 0x65, 0x30, 0x00, 0x00, //0x00001d6e jg           LBB0_875
	0x48, 0x8d, 0x48, 0x01, //0x00001d74 leaq         $1(%rax), %rcx
	0x49, 0x89, 0x0f, //0x00001d78 movq         %rcx, (%r15)
	0x49, 0xc7, 0x44, 0xc7, 0x08, 0x04, 0x00, 0x00, 0x00, //0x00001d7b movq         $4, $8(%r15,%rax,8)
	0xe9, 0x57, 0xe4, 0xff, 0xff, //0x00001d84 jmp          LBB0_4
	//0x00001d89 LBB0_365
	0x49, 0x8b, 0x4d, 0x08, //0x00001d89 movq         $8(%r13), %rcx
	0x4c, 0x29, 0xd9, //0x00001d8d subq         %r11, %rcx
	0x4d, 0x01, 0xd9, //0x00001d90 addq         %r11, %r9
	0x45, 0x31, 0xf6, //0x00001d93 xorl         %r14d, %r14d
	0x45, 0x31, 0xdb, //0x00001d96 xorl         %r11d, %r11d
	0x45, 0x31, 0xd2, //0x00001d99 xorl         %r10d, %r10d
	0x45, 0x31, 0xc0, //0x00001d9c xorl         %r8d, %r8d
	0x48, 0x83, 0xf9, 0x40, //0x00001d9f cmpq         $64, %rcx
	0x48, 0x89, 0x4d, 0xd0, //0x00001da3 movq         %rcx, $-48(%rbp)
	0x0f, 0x8d, 0x4e, 0x01, 0x00, 0x00, //0x00001da7 jge          LBB0_366
	//0x00001dad LBB0_375
	0x48, 0x85, 0xc9, //0x00001dad testq        %rcx, %rcx
	0x0f, 0x8e, 0x9b, 0x32, 0x00, 0x00, //0x00001db0 jle          LBB0_890
	0x66, 0x0f, 0x6f, 0xe2, //0x00001db6 movdqa       %xmm2, %xmm4
	0x66, 0x0f, 0xef, 0xdb, //0x00001dba pxor         %xmm3, %xmm3
	0xf3, 0x0f, 0x7f, 0x9d, 0x50, 0xff, 0xff, 0xff, //0x00001dbe movdqu       %xmm3, $-176(%rbp)
	0xf3, 0x0f, 0x7f, 0x9d, 0x40, 0xff, 0xff, 0xff, //0x00001dc6 movdqu       %xmm3, $-192(%rbp)
	0xf3, 0x0f, 0x7f, 0x9d, 0x30, 0xff, 0xff, 0xff, //0x00001dce movdqu       %xmm3, $-208(%rbp)
	0xf3, 0x0f, 0x7f, 0x9d, 0x20, 0xff, 0xff, 0xff, //0x00001dd6 movdqu       %xmm3, $-224(%rbp)
	0x44, 0x89, 0xca, //0x00001dde movl         %r9d, %edx
	0x81, 0xe2, 0xff, 0x0f, 0x00, 0x00, //0x00001de1 andl         $4095, %edx
	0x81, 0xfa, 0xc1, 0x0f, 0x00, 0x00, //0x00001de7 cmpl         $4033, %edx
	0x0f, 0x82, 0x3c, 0x00, 0x00, 0x00, //0x00001ded jb           LBB0_379
	0x48, 0x83, 0x7d, 0xd0, 0x20, //0x00001df3 cmpq         $32, $-48(%rbp)
	0x0f, 0x82, 0x3a, 0x00, 0x00, 0x00, //0x00001df8 jb           LBB0_380
	0x41, 0x0f, 0x10, 0x19, //0x00001dfe movups       (%r9), %xmm3
	0x0f, 0x11, 0x9d, 0x20, 0xff, 0xff, 0xff, //0x00001e02 movups       %xmm3, $-224(%rbp)
	0xf3, 0x41, 0x0f, 0x6f, 0x59, 0x10, //0x00001e09 movdqu       $16(%r9), %xmm3
	0xf3, 0x0f, 0x7f, 0x9d, 0x30, 0xff, 0xff, 0xff, //0x00001e0f movdqu       %xmm3, $-208(%rbp)
	0x49, 0x83, 0xc1, 0x20, //0x00001e17 addq         $32, %r9
	0x48, 0x8b, 0x4d, 0xd0, //0x00001e1b movq         $-48(%rbp), %rcx
	0x48, 0x8d, 0x79, 0xe0, //0x00001e1f leaq         $-32(%rcx), %rdi
	0x48, 0x8d, 0x95, 0x40, 0xff, 0xff, 0xff, //0x00001e23 leaq         $-192(%rbp), %rdx
	0xe9, 0x14, 0x00, 0x00, 0x00, //0x00001e2a jmp          LBB0_381
	//0x00001e2f LBB0_379
	0x66, 0x0f, 0x6f, 0xd4, //0x00001e2f movdqa       %xmm4, %xmm2
	0xe9, 0xc3, 0x00, 0x00, 0x00, //0x00001e33 jmp          LBB0_366
	//0x00001e38 LBB0_380
	0x48, 0x8d, 0x95, 0x20, 0xff, 0xff, 0xff, //0x00001e38 leaq         $-224(%rbp), %rdx
	0x48, 0x8b, 0x7d, 0xd0, //0x00001e3f movq         $-48(%rbp), %rdi
	//0x00001e43 LBB0_381
	0x48, 0x83, 0xff, 0x10, //0x00001e43 cmpq         $16, %rdi
	0x0f, 0x82, 0x49, 0x00, 0x00, 0x00, //0x00001e47 jb           LBB0_382
	0xf3, 0x41, 0x0f, 0x6f, 0x19, //0x00001e4d movdqu       (%r9), %xmm3
	0xf3, 0x0f, 0x7f, 0x1a, //0x00001e52 movdqu       %xmm3, (%rdx)
	0x49, 0x83, 0xc1, 0x10, //0x00001e56 addq         $16, %r9
	0x48, 0x83, 0xc2, 0x10, //0x00001e5a addq         $16, %rdx
	0x48, 0x83, 0xc7, 0xf0, //0x00001e5e addq         $-16, %rdi
	0x48, 0x83, 0xff, 0x08, //0x00001e62 cmpq         $8, %rdi
	0x0f, 0x83, 0x34, 0x00, 0x00, 0x00, //0x00001e66 jae          LBB0_389
	//0x00001e6c LBB0_383
	0x48, 0x83, 0xff, 0x04, //0x00001e6c cmpq         $4, %rdi
	0x0f, 0x8c, 0x46, 0x00, 0x00, 0x00, //0x00001e70 jl           LBB0_384
	//0x00001e76 LBB0_390
	0x41, 0x8b, 0x31, //0x00001e76 movl         (%r9), %esi
	0x89, 0x32, //0x00001e79 movl         %esi, (%rdx)
	0x49, 0x83, 0xc1, 0x04, //0x00001e7b addq         $4, %r9
	0x48, 0x83, 0xc2, 0x04, //0x00001e7f addq         $4, %rdx
	0x48, 0x83, 0xc7, 0xfc, //0x00001e83 addq         $-4, %rdi
	0x48, 0x83, 0xff, 0x02, //0x00001e87 cmpq         $2, %rdi
	0x0f, 0x83, 0x35, 0x00, 0x00, 0x00, //0x00001e8b jae          LBB0_385
	0xe9, 0x43, 0x00, 0x00, 0x00, //0x00001e91 jmp          LBB0_386
	//0x00001e96 LBB0_382
	0x48, 0x83, 0xff, 0x08, //0x00001e96 cmpq         $8, %rdi
	0x0f, 0x82, 0xcc, 0xff, 0xff, 0xff, //0x00001e9a jb           LBB0_383
	//0x00001ea0 LBB0_389
	0x49, 0x8b, 0x31, //0x00001ea0 movq         (%r9), %rsi
	0x48, 0x89, 0x32, //0x00001ea3 movq         %rsi, (%rdx)
	0x49, 0x83, 0xc1, 0x08, //0x00001ea6 addq         $8, %r9
	0x48, 0x83, 0xc2, 0x08, //0x00001eaa addq         $8, %rdx
	0x48, 0x83, 0xc7, 0xf8, //0x00001eae addq         $-8, %rdi
	0x48, 0x83, 0xff, 0x04, //0x00001eb2 cmpq         $4, %rdi
	0x0f, 0x8d, 0xba, 0xff, 0xff, 0xff, //0x00001eb6 jge          LBB0_390
	//0x00001ebc LBB0_384
	0x48, 0x83, 0xff, 0x02, //0x00001ebc cmpq         $2, %rdi
	0x0f, 0x82, 0x13, 0x00, 0x00, 0x00, //0x00001ec0 jb           LBB0_386
	//0x00001ec6 LBB0_385
	0x41, 0x0f, 0xb7, 0x31, //0x00001ec6 movzwl       (%r9), %esi
	0x66, 0x89, 0x32, //0x00001eca movw         %si, (%rdx)
	0x49, 0x83, 0xc1, 0x02, //0x00001ecd addq         $2, %r9
	0x48, 0x83, 0xc2, 0x02, //0x00001ed1 addq         $2, %rdx
	0x48, 0x83, 0xc7, 0xfe, //0x00001ed5 addq         $-2, %rdi
	//0x00001ed9 LBB0_386
	0x4c, 0x89, 0xcb, //0x00001ed9 movq         %r9, %rbx
	0x4c, 0x8d, 0x8d, 0x20, 0xff, 0xff, 0xff, //0x00001edc leaq         $-224(%rbp), %r9
	0x48, 0x85, 0xff, //0x00001ee3 testq        %rdi, %rdi
	0x66, 0x0f, 0x6f, 0xd4, //0x00001ee6 movdqa       %xmm4, %xmm2
	0x0f, 0x84, 0x0b, 0x00, 0x00, 0x00, //0x00001eea je           LBB0_366
	0x8a, 0x1b, //0x00001ef0 movb         (%rbx), %bl
	0x88, 0x1a, //0x00001ef2 movb         %bl, (%rdx)
	0x4c, 0x8d, 0x8d, 0x20, 0xff, 0xff, 0xff, //0x00001ef4 leaq         $-224(%rbp), %r9
	//0x00001efb LBB0_366
	0x66, 0x45, 0x0f, 0x6f, 0xf7, //0x00001efb movdqa       %xmm15, %xmm14
	0xf3, 0x41, 0x0f, 0x6f, 0x39, //0x00001f00 movdqu       (%r9), %xmm7
	0xf3, 0x41, 0x0f, 0x6f, 0x71, 0x10, //0x00001f05 movdqu       $16(%r9), %xmm6
	0xf3, 0x41, 0x0f, 0x6f, 0x69, 0x20, //0x00001f0b movdqu       $32(%r9), %xmm5
	0xf3, 0x41, 0x0f, 0x6f, 0x61, 0x30, //0x00001f11 movdqu       $48(%r9), %xmm4
	0x66, 0x0f, 0x6f, 0xdf, //0x00001f17 movdqa       %xmm7, %xmm3
	0x66, 0x0f, 0x74, 0xd9, //0x00001f1b pcmpeqb      %xmm1, %xmm3
	0x66, 0x0f, 0xd7, 0xd3, //0x00001f1f pmovmskb     %xmm3, %edx
	0x66, 0x0f, 0x6f, 0xde, //0x00001f23 movdqa       %xmm6, %xmm3
	0x66, 0x0f, 0x74, 0xd9, //0x00001f27 pcmpeqb      %xmm1, %xmm3
	0x66, 0x0f, 0xd7, 0xfb, //0x00001f2b pmovmskb     %xmm3, %edi
	0x66, 0x0f, 0x6f, 0xdd, //0x00001f2f movdqa       %xmm5, %xmm3
	0x66, 0x0f, 0x74, 0xd9, //0x00001f33 pcmpeqb      %xmm1, %xmm3
	0x66, 0x0f, 0xd7, 0xdb, //0x00001f37 pmovmskb     %xmm3, %ebx
	0x66, 0x0f, 0x6f, 0xdc, //0x00001f3b movdqa       %xmm4, %xmm3
	0x66, 0x0f, 0x74, 0xd9, //0x00001f3f pcmpeqb      %xmm1, %xmm3
	0x66, 0x0f, 0xd7, 0xf3, //0x00001f43 pmovmskb     %xmm3, %esi
	0x48, 0xc1, 0xe6, 0x30, //0x00001f47 shlq         $48, %rsi
	0x48, 0xc1, 0xe3, 0x20, //0x00001f4b shlq         $32, %rbx
	0x48, 0x09, 0xf3, //0x00001f4f orq          %rsi, %rbx
	0x48, 0xc1, 0xe7, 0x10, //0x00001f52 shlq         $16, %rdi
	0x48, 0x09, 0xdf, //0x00001f56 orq          %rbx, %rdi
	0x48, 0x09, 0xfa, //0x00001f59 orq          %rdi, %rdx
	0x48, 0x89, 0xd6, //0x00001f5c movq         %rdx, %rsi
	0x66, 0x44, 0x0f, 0x6f, 0xfa, //0x00001f5f movdqa       %xmm2, %xmm15
	0x4c, 0x09, 0xde, //0x00001f64 orq          %r11, %rsi
	0x0f, 0x85, 0x0f, 0x00, 0x00, 0x00, //0x00001f67 jne          LBB0_368
	0x48, 0xc7, 0xc2, 0xff, 0xff, 0xff, 0xff, //0x00001f6d movq         $-1, %rdx
	0x45, 0x31, 0xdb, //0x00001f74 xorl         %r11d, %r11d
	0xe9, 0x46, 0x00, 0x00, 0x00, //0x00001f77 jmp          LBB0_369
	//0x00001f7c LBB0_368
	0x4c, 0x89, 0xde, //0x00001f7c movq         %r11, %rsi
	0x48, 0xf7, 0xd6, //0x00001f7f notq         %rsi
	0x48, 0x21, 0xd6, //0x00001f82 andq         %rdx, %rsi
	0x4c, 0x8d, 0x3c, 0x36, //0x00001f85 leaq         (%rsi,%rsi), %r15
	0x4d, 0x09, 0xdf, //0x00001f89 orq          %r11, %r15
	0x4c, 0x89, 0xff, //0x00001f8c movq         %r15, %rdi
	0x48, 0xf7, 0xd7, //0x00001f8f notq         %rdi
	0x48, 0xbb, 0xaa, 0xaa, 0xaa, 0xaa, 0xaa, 0xaa, 0xaa, 0xaa, //0x00001f92 movabsq      $-6148914691236517206, %rbx
	0x48, 0x21, 0xda, //0x00001f9c andq         %rbx, %rdx
	0x48, 0x21, 0xfa, //0x00001f9f andq         %rdi, %rdx
	0x45, 0x31, 0xdb, //0x00001fa2 xorl         %r11d, %r11d
	0x48, 0x01, 0xf2, //0x00001fa5 addq         %rsi, %rdx
	0x41, 0x0f, 0x92, 0xc3, //0x00001fa8 setb         %r11b
	0x48, 0x01, 0xd2, //0x00001fac addq         %rdx, %rdx
	0x48, 0xbe, 0x55, 0x55, 0x55, 0x55, 0x55, 0x55, 0x55, 0x55, //0x00001faf movabsq      $6148914691236517205, %rsi
	0x48, 0x31, 0xf2, //0x00001fb9 xorq         %rsi, %rdx
	0x4c, 0x21, 0xfa, //0x00001fbc andq         %r15, %rdx
	0x48, 0xf7, 0xd2, //0x00001fbf notq         %rdx
	//0x00001fc2 LBB0_369
	0x66, 0x0f, 0x6f, 0xdc, //0x00001fc2 movdqa       %xmm4, %xmm3
	0x66, 0x0f, 0x74, 0xd8, //0x00001fc6 pcmpeqb      %xmm0, %xmm3
	0x66, 0x0f, 0xd7, 0xf3, //0x00001fca pmovmskb     %xmm3, %esi
	0x48, 0xc1, 0xe6, 0x30, //0x00001fce shlq         $48, %rsi
	0x66, 0x0f, 0x6f, 0xdd, //0x00001fd2 movdqa       %xmm5, %xmm3
	0x66, 0x0f, 0x74, 0xd8, //0x00001fd6 pcmpeqb      %xmm0, %xmm3
	0x66, 0x0f, 0xd7, 0xfb, //0x00001fda pmovmskb     %xmm3, %edi
	0x48, 0xc1, 0xe7, 0x20, //0x00001fde shlq         $32, %rdi
	0x48, 0x09, 0xf7, //0x00001fe2 orq          %rsi, %rdi
	0x66, 0x0f, 0x6f, 0xde, //0x00001fe5 movdqa       %xmm6, %xmm3
	0x66, 0x0f, 0x74, 0xd8, //0x00001fe9 pcmpeqb      %xmm0, %xmm3
	0x66, 0x0f, 0xd7, 0xf3, //0x00001fed pmovmskb     %xmm3, %esi
	0x48, 0xc1, 0xe6, 0x10, //0x00001ff1 shlq         $16, %rsi
	0x48, 0x09, 0xfe, //0x00001ff5 orq          %rdi, %rsi
	0x66, 0x0f, 0x6f, 0xdf, //0x00001ff8 movdqa       %xmm7, %xmm3
	0x66, 0x0f, 0x74, 0xd8, //0x00001ffc pcmpeqb      %xmm0, %xmm3
	0x66, 0x0f, 0xd7, 0xfb, //0x00002000 pmovmskb     %xmm3, %edi
	0x48, 0x09, 0xf7, //0x00002004 orq          %rsi, %rdi
	0x48, 0x21, 0xd7, //0x00002007 andq         %rdx, %rdi
	0x66, 0x48, 0x0f, 0x6e, 0xdf, //0x0000200a movq         %rdi, %xmm3
	0x66, 0x41, 0x0f, 0x3a, 0x44, 0xda, 0x00, //0x0000200f pclmulqdq    $0, %xmm10, %xmm3
	0x66, 0x49, 0x0f, 0x7e, 0xdf, //0x00002016 movq         %xmm3, %r15
	0x4d, 0x31, 0xf7, //0x0000201b xorq         %r14, %r15
	0x66, 0x0f, 0x6f, 0xdf, //0x0000201e movdqa       %xmm7, %xmm3
	0xf3, 0x0f, 0x6f, 0x15, 0x36, 0xe0, 0xff, 0xff, //0x00002022 movdqu       $-8138(%rip), %xmm2  /* LCPI0_6+0(%rip) */
	0x66, 0x0f, 0x74, 0xda, //0x0000202a pcmpeqb      %xmm2, %xmm3
	0x66, 0x44, 0x0f, 0xd7, 0xeb, //0x0000202e pmovmskb     %xmm3, %r13d
	0x66, 0x0f, 0x6f, 0xde, //0x00002033 movdqa       %xmm6, %xmm3
	0x66, 0x0f, 0x74, 0xda, //0x00002037 pcmpeqb      %xmm2, %xmm3
	0x66, 0x0f, 0xd7, 0xfb, //0x0000203b pmovmskb     %xmm3, %edi
	0x66, 0x0f, 0x6f, 0xdd, //0x0000203f movdqa       %xmm5, %xmm3
	0x66, 0x0f, 0x74, 0xda, //0x00002043 pcmpeqb      %xmm2, %xmm3
	0x66, 0x0f, 0xd7, 0xdb, //0x00002047 pmovmskb     %xmm3, %ebx
	0x66, 0x0f, 0x6f, 0xdc, //0x0000204b movdqa       %xmm4, %xmm3
	0x66, 0x0f, 0x74, 0xda, //0x0000204f pcmpeqb      %xmm2, %xmm3
	0x66, 0x0f, 0xd7, 0xd3, //0x00002053 pmovmskb     %xmm3, %edx
	0x48, 0xc1, 0xe2, 0x30, //0x00002057 shlq         $48, %rdx
	0x48, 0xc1, 0xe3, 0x20, //0x0000205b shlq         $32, %rbx
	0x48, 0x09, 0xd3, //0x0000205f orq          %rdx, %rbx
	0x48, 0xc1, 0xe7, 0x10, //0x00002062 shlq         $16, %rdi
	0x48, 0x09, 0xdf, //0x00002066 orq          %rbx, %rdi
	0x49, 0x09, 0xfd, //0x00002069 orq          %rdi, %r13
	0x4d, 0x89, 0xfe, //0x0000206c movq         %r15, %r14
	0x49, 0xf7, 0xd6, //0x0000206f notq         %r14
	0x4d, 0x21, 0xf5, //0x00002072 andq         %r14, %r13
	0x66, 0x41, 0x0f, 0x74, 0xf8, //0x00002075 pcmpeqb      %xmm8, %xmm7
	0x66, 0x0f, 0xd7, 0xff, //0x0000207a pmovmskb     %xmm7, %edi
	0x66, 0x41, 0x0f, 0x74, 0xf0, //0x0000207e pcmpeqb      %xmm8, %xmm6
	0x66, 0x0f, 0xd7, 0xde, //0x00002083 pmovmskb     %xmm6, %ebx
	0x66, 0x41, 0x0f, 0x74, 0xe8, //0x00002087 pcmpeqb      %xmm8, %xmm5
	0x66, 0x0f, 0xd7, 0xd5, //0x0000208c pmovmskb     %xmm5, %edx
	0x66, 0x41, 0x0f, 0x74, 0xe0, //0x00002090 pcmpeqb      %xmm8, %xmm4
	0x66, 0x44, 0x0f, 0xd7, 0xe4, //0x00002095 pmovmskb     %xmm4, %r12d
	0x49, 0xc1, 0xe4, 0x30, //0x0000209a shlq         $48, %r12
	0x48, 0xc1, 0xe2, 0x20, //0x0000209e shlq         $32, %rdx
	0x4c, 0x09, 0xe2, //0x000020a2 orq          %r12, %rdx
	0x48, 0xc1, 0xe3, 0x10, //0x000020a5 shlq         $16, %rbx
	0x48, 0x09, 0xd3, //0x000020a9 orq          %rdx, %rbx
	0x48, 0x09, 0xdf, //0x000020ac orq          %rbx, %rdi
	0x4c, 0x21, 0xf7, //0x000020af andq         %r14, %rdi
	0x0f, 0x84, 0x9f, 0x00, 0x00, 0x00, //0x000020b2 je           LBB0_373
	0x4c, 0x8b, 0x65, 0xb8, //0x000020b8 movq         $-72(%rbp), %r12
	0x66, 0x41, 0x0f, 0x6f, 0xd7, //0x000020bc movdqa       %xmm15, %xmm2
	0x66, 0x45, 0x0f, 0x6f, 0xfe, //0x000020c1 movdqa       %xmm14, %xmm15
	0xf3, 0x44, 0x0f, 0x6f, 0x35, 0xb1, 0xdf, 0xff, 0xff, //0x000020c6 movdqu       $-8271(%rip), %xmm14  /* LCPI0_8+0(%rip) */
	0x49, 0xbe, 0x33, 0x33, 0x33, 0x33, 0x33, 0x33, 0x33, 0x33, //0x000020cf movabsq      $3689348814741910323, %r14
	0x90, 0x90, 0x90, 0x90, 0x90, 0x90, 0x90, //0x000020d9 .p2align 4, 0x90
	//0x000020e0 LBB0_371
	0x48, 0x8d, 0x77, 0xff, //0x000020e0 leaq         $-1(%rdi), %rsi
	0x48, 0x89, 0xf3, //0x000020e4 movq         %rsi, %rbx
	0x4c, 0x21, 0xeb, //0x000020e7 andq         %r13, %rbx
	0x48, 0x89, 0xda, //0x000020ea movq         %rbx, %rdx
	0x48, 0xd1, 0xea, //0x000020ed shrq         %rdx
	0x48, 0xb9, 0x55, 0x55, 0x55, 0x55, 0x55, 0x55, 0x55, 0x55, //0x000020f0 movabsq      $6148914691236517205, %rcx
	0x48, 0x21, 0xca, //0x000020fa andq         %rcx, %rdx
	0x48, 0x29, 0xd3, //0x000020fd subq         %rdx, %rbx
	0x48, 0x89, 0xda, //0x00002100 movq         %rbx, %rdx
	0x4c, 0x21, 0xf2, //0x00002103 andq         %r14, %rdx
	0x48, 0xc1, 0xeb, 0x02, //0x00002106 shrq         $2, %rbx
	0x4c, 0x21, 0xf3, //0x0000210a andq         %r14, %rbx
	0x48, 0x01, 0xd3, //0x0000210d addq         %rdx, %rbx
	0x48, 0x89, 0xda, //0x00002110 movq         %rbx, %rdx
	0x48, 0xc1, 0xea, 0x04, //0x00002113 shrq         $4, %rdx
	0x48, 0x01, 0xda, //0x00002117 addq         %rbx, %rdx
	0x48, 0xb9, 0x0f, 0x0f, 0x0f, 0x0f, 0x0f, 0x0f, 0x0f, 0x0f, //0x0000211a movabsq      $1085102592571150095, %rcx
	0x48, 0x21, 0xca, //0x00002124 andq         %rcx, %rdx
	0x48, 0xb9, 0x01, 0x01, 0x01, 0x01, 0x01, 0x01, 0x01, 0x01, //0x00002127 movabsq      $72340172838076673, %rcx
	0x48, 0x0f, 0xaf, 0xd1, //0x00002131 imulq        %rcx, %rdx
	0x48, 0xc1, 0xea, 0x38, //0x00002135 shrq         $56, %rdx
	0x4c, 0x01, 0xd2, //0x00002139 addq         %r10, %rdx
	0x4c, 0x39, 0xc2, //0x0000213c cmpq         %r8, %rdx
	0x0f, 0x86, 0xdd, 0x06, 0x00, 0x00, //0x0000213f jbe          LBB0_441
	0x49, 0x83, 0xc0, 0x01, //0x00002145 addq         $1, %r8
	0x48, 0x21, 0xf7, //0x00002149 andq         %rsi, %rdi
	0x0f, 0x85, 0x8e, 0xff, 0xff, 0xff, //0x0000214c jne          LBB0_371
	0xe9, 0x14, 0x00, 0x00, 0x00, //0x00002152 jmp          LBB0_374
	//0x00002157 LBB0_373
	0x66, 0x41, 0x0f, 0x6f, 0xd7, //0x00002157 movdqa       %xmm15, %xmm2
	0x66, 0x45, 0x0f, 0x6f, 0xfe, //0x0000215c movdqa       %xmm14, %xmm15
	0x49, 0xbe, 0x33, 0x33, 0x33, 0x33, 0x33, 0x33, 0x33, 0x33, //0x00002161 movabsq      $3689348814741910323, %r14
	//0x0000216b LBB0_374
	0x49, 0xc1, 0xff, 0x3f, //0x0000216b sarq         $63, %r15
	0x4c, 0x89, 0xea, //0x0000216f movq         %r13, %rdx
	0x48, 0xd1, 0xea, //0x00002172 shrq         %rdx
	0x48, 0xb9, 0x55, 0x55, 0x55, 0x55, 0x55, 0x55, 0x55, 0x55, //0x00002175 movabsq      $6148914691236517205, %rcx
	0x48, 0x21, 0xca, //0x0000217f andq         %rcx, %rdx
	0x49, 0x29, 0xd5, //0x00002182 subq         %rdx, %r13
	0x4c, 0x89, 0xea, //0x00002185 movq         %r13, %rdx
	0x4c, 0x21, 0xf2, //0x00002188 andq         %r14, %rdx
	0x49, 0xc1, 0xed, 0x02, //0x0000218b shrq         $2, %r13
	0x4d, 0x21, 0xf5, //0x0000218f andq         %r14, %r13
	0x49, 0x01, 0xd5, //0x00002192 addq         %rdx, %r13
	0x4c, 0x89, 0xea, //0x00002195 movq         %r13, %rdx
	0x48, 0xc1, 0xea, 0x04, //0x00002198 shrq         $4, %rdx
	0x4c, 0x01, 0xea, //0x0000219c addq         %r13, %rdx
	0x48, 0xb9, 0x0f, 0x0f, 0x0f, 0x0f, 0x0f, 0x0f, 0x0f, 0x0f, //0x0000219f movabsq      $1085102592571150095, %rcx
	0x48, 0x21, 0xca, //0x000021a9 andq         %rcx, %rdx
	0x48, 0xb9, 0x01, 0x01, 0x01, 0x01, 0x01, 0x01, 0x01, 0x01, //0x000021ac movabsq      $72340172838076673, %rcx
	0x48, 0x0f, 0xaf, 0xd1, //0x000021b6 imulq        %rcx, %rdx
	0x48, 0xc1, 0xea, 0x38, //0x000021ba shrq         $56, %rdx
	0x49, 0x01, 0xd2, //0x000021be addq         %rdx, %r10
	0x49, 0x83, 0xc1, 0x40, //0x000021c1 addq         $64, %r9
	0x48, 0x8b, 0x4d, 0xd0, //0x000021c5 movq         $-48(%rbp), %rcx
	0x48, 0x83, 0xc1, 0xc0, //0x000021c9 addq         $-64, %rcx
	0x4d, 0x89, 0xfe, //0x000021cd movq         %r15, %r14
	0x4c, 0x8b, 0x6d, 0xa0, //0x000021d0 movq         $-96(%rbp), %r13
	0x48, 0x83, 0xf9, 0x40, //0x000021d4 cmpq         $64, %rcx
	0x48, 0x89, 0x4d, 0xd0, //0x000021d8 movq         %rcx, $-48(%rbp)
	0x0f, 0x8d, 0x19, 0xfd, 0xff, 0xff, //0x000021dc jge          LBB0_366
	0xe9, 0xc6, 0xfb, 0xff, 0xff, //0x000021e2 jmp          LBB0_375
	//0x000021e7 LBB0_391
	0x4d, 0x89, 0xe6, //0x000021e7 movq         %r12, %r14
	0x4d, 0x29, 0xde, //0x000021ea subq         %r11, %r14
	0x49, 0x83, 0xfe, 0x20, //0x000021ed cmpq         $32, %r14
	0x0f, 0x8c, 0x7e, 0x18, 0x00, 0x00, //0x000021f1 jl           LBB0_638
	0x48, 0x8b, 0x4d, 0xc8, //0x000021f7 movq         $-56(%rbp), %rcx
	0x4d, 0x8d, 0x04, 0x09, //0x000021fb leaq         (%r9,%rcx), %r8
	0x49, 0x29, 0xcc, //0x000021ff subq         %rcx, %r12
	0x41, 0xbb, 0x1f, 0x00, 0x00, 0x00, //0x00002202 movl         $31, %r11d
	0x45, 0x31, 0xf6, //0x00002208 xorl         %r14d, %r14d
	0x45, 0x31, 0xd2, //0x0000220b xorl         %r10d, %r10d
	0x90, 0x90, //0x0000220e .p2align 4, 0x90
	//0x00002210 LBB0_393
	0xf3, 0x43, 0x0f, 0x6f, 0x5c, 0x30, 0x01, //0x00002210 movdqu       $1(%r8,%r14), %xmm3
	0xf3, 0x43, 0x0f, 0x6f, 0x64, 0x30, 0x11, //0x00002217 movdqu       $17(%r8,%r14), %xmm4
	0x66, 0x0f, 0x6f, 0xeb, //0x0000221e movdqa       %xmm3, %xmm5
	0x66, 0x0f, 0x74, 0xe8, //0x00002222 pcmpeqb      %xmm0, %xmm5
	0x66, 0x0f, 0xd7, 0xd5, //0x00002226 pmovmskb     %xmm5, %edx
	0x66, 0x0f, 0x6f, 0xec, //0x0000222a movdqa       %xmm4, %xmm5
	0x66, 0x0f, 0x74, 0xe8, //0x0000222e pcmpeqb      %xmm0, %xmm5
	0x66, 0x0f, 0xd7, 0xdd, //0x00002232 pmovmskb     %xmm5, %ebx
	0x48, 0xc1, 0xe3, 0x10, //0x00002236 shlq         $16, %rbx
	0x48, 0x09, 0xd3, //0x0000223a orq          %rdx, %rbx
	0x66, 0x0f, 0x74, 0xd9, //0x0000223d pcmpeqb      %xmm1, %xmm3
	0x66, 0x0f, 0xd7, 0xfb, //0x00002241 pmovmskb     %xmm3, %edi
	0x66, 0x0f, 0x74, 0xe1, //0x00002245 pcmpeqb      %xmm1, %xmm4
	0x66, 0x0f, 0xd7, 0xd4, //0x00002249 pmovmskb     %xmm4, %edx
	0x48, 0xc1, 0xe2, 0x10, //0x0000224d shlq         $16, %rdx
	0x48, 0x09, 0xfa, //0x00002251 orq          %rdi, %rdx
	0x48, 0x89, 0xd7, //0x00002254 movq         %rdx, %rdi
	0x4c, 0x09, 0xd7, //0x00002257 orq          %r10, %rdi
	0x0f, 0x84, 0x40, 0x00, 0x00, 0x00, //0x0000225a je           LBB0_395
	0x44, 0x89, 0xd7, //0x00002260 movl         %r10d, %edi
	0xf7, 0xd7, //0x00002263 notl         %edi
	0x21, 0xd7, //0x00002265 andl         %edx, %edi
	0x8d, 0x34, 0x3f, //0x00002267 leal         (%rdi,%rdi), %esi
	0x44, 0x09, 0xd6, //0x0000226a orl          %r10d, %esi
	0x89, 0xf1, //0x0000226d movl         %esi, %ecx
	0xf7, 0xd1, //0x0000226f notl         %ecx
	0x21, 0xd1, //0x00002271 andl         %edx, %ecx
	0x81, 0xe1, 0xaa, 0xaa, 0xaa, 0xaa, //0x00002273 andl         $-1431655766, %ecx
	0x45, 0x31, 0xd2, //0x00002279 xorl         %r10d, %r10d
	0x01, 0xf9, //0x0000227c addl         %edi, %ecx
	0x41, 0x0f, 0x92, 0xc2, //0x0000227e setb         %r10b
	0x01, 0xc9, //0x00002282 addl         %ecx, %ecx
	0x81, 0xf1, 0x55, 0x55, 0x55, 0x55, //0x00002284 xorl         $1431655765, %ecx
	0x21, 0xf1, //0x0000228a andl         %esi, %ecx
	0xf7, 0xd1, //0x0000228c notl         %ecx
	0x21, 0xcb, //0x0000228e andl         %ecx, %ebx
	0xe9, 0x0e, 0x00, 0x00, 0x00, //0x00002290 jmp          LBB0_396
	0x90, 0x90, 0x90, 0x90, 0x90, 0x90, 0x90, 0x90, 0x90, 0x90, 0x90, //0x00002295 .p2align 4, 0x90
	//0x000022a0 LBB0_395
	0x45, 0x31, 0xd2, //0x000022a0 xorl         %r10d, %r10d
	//0x000022a3 LBB0_396
	0x48, 0x85, 0xdb, //0x000022a3 testq        %rbx, %rbx
	0x0f, 0x85, 0xce, 0x05, 0x00, 0x00, //0x000022a6 jne          LBB0_443
	0x49, 0x83, 0xc6, 0x20, //0x000022ac addq         $32, %r14
	0x4b, 0x8d, 0x0c, 0x1c, //0x000022b0 leaq         (%r12,%r11), %rcx
	0x48, 0x83, 0xc1, 0xe0, //0x000022b4 addq         $-32, %rcx
	0x49, 0x83, 0xc3, 0xe0, //0x000022b8 addq         $-32, %r11
	0x48, 0x83, 0xf9, 0x3f, //0x000022bc cmpq         $63, %rcx
	0x0f, 0x8f, 0x4a, 0xff, 0xff, 0xff, //0x000022c0 jg           LBB0_393
	0x4d, 0x85, 0xd2, //0x000022c6 testq        %r10, %r10
	0x0f, 0x85, 0x1e, 0x23, 0x00, 0x00, //0x000022c9 jne          LBB0_771
	0x4f, 0x8d, 0x1c, 0x06, //0x000022cf leaq         (%r14,%r8), %r11
	0x49, 0x83, 0xc3, 0x01, //0x000022d3 addq         $1, %r11
	0x49, 0xf7, 0xd6, //0x000022d7 notq         %r14
	0x4d, 0x01, 0xe6, //0x000022da addq         %r12, %r14
	//0x000022dd LBB0_400
	0x4c, 0x8b, 0x55, 0xb0, //0x000022dd movq         $-80(%rbp), %r10
	0x4d, 0x85, 0xf6, //0x000022e1 testq        %r14, %r14
	0x4c, 0x8b, 0x65, 0xb8, //0x000022e4 movq         $-72(%rbp), %r12
	0x0f, 0x8f, 0x5c, 0x23, 0x00, 0x00, //0x000022e8 jg           LBB0_496
	0xe9, 0x59, 0x2b, 0x00, 0x00, //0x000022ee jmp          LBB0_887
	//0x000022f3 LBB0_402
	0x48, 0x83, 0xff, 0x10, //0x000022f3 cmpq         $16, %rdi
	0x0f, 0x82, 0x80, 0x17, 0x00, 0x00, //0x000022f7 jb           LBB0_639
	0x48, 0x8b, 0x55, 0xc8, //0x000022fd movq         $-56(%rbp), %rdx
	0x48, 0x89, 0xd7, //0x00002301 movq         %rdx, %rdi
	0x48, 0xf7, 0xd7, //0x00002304 notq         %rdi
	0x48, 0x8d, 0x5a, 0x01, //0x00002307 leaq         $1(%rdx), %rbx
	0x48, 0x8d, 0x42, 0x02, //0x0000230b leaq         $2(%rdx), %rax
	0x49, 0x8d, 0x0c, 0x11, //0x0000230f leaq         (%r9,%rdx), %rcx
	0x90, 0x90, 0x90, 0x90, 0x90, 0x90, 0x90, 0x90, 0x90, 0x90, 0x90, 0x90, 0x90, //0x00002313 .p2align 4, 0x90
	//0x00002320 LBB0_404
	0xf3, 0x41, 0x0f, 0x6f, 0x1c, 0x19, //0x00002320 movdqu       (%r9,%rbx), %xmm3
	0x66, 0x0f, 0x6f, 0xe3, //0x00002326 movdqa       %xmm3, %xmm4
	0x66, 0x41, 0x0f, 0x74, 0xe6, //0x0000232a pcmpeqb      %xmm14, %xmm4
	0x66, 0x41, 0x0f, 0xdb, 0xd9, //0x0000232f pand         %xmm9, %xmm3
	0x66, 0x41, 0x0f, 0x74, 0xd8, //0x00002334 pcmpeqb      %xmm8, %xmm3
	0x66, 0x0f, 0xeb, 0xdc, //0x00002339 por          %xmm4, %xmm3
	0x66, 0x0f, 0xd7, 0xf3, //0x0000233d pmovmskb     %xmm3, %esi
	0x85, 0xf6, //0x00002341 testl        %esi, %esi
	0x0f, 0x85, 0x50, 0x05, 0x00, 0x00, //0x00002343 jne          LBB0_444
	0x48, 0x83, 0xc3, 0x10, //0x00002349 addq         $16, %rbx
	0x49, 0x8d, 0x34, 0x38, //0x0000234d leaq         (%r8,%rdi), %rsi
	0x48, 0x83, 0xc6, 0xf0, //0x00002351 addq         $-16, %rsi
	0x48, 0x83, 0xc7, 0xf0, //0x00002355 addq         $-16, %rdi
	0x48, 0x83, 0xc0, 0x10, //0x00002359 addq         $16, %rax
	0x48, 0x83, 0xc2, 0x10, //0x0000235d addq         $16, %rdx
	0x48, 0x83, 0xc1, 0x10, //0x00002361 addq         $16, %rcx
	0x48, 0x83, 0xfe, 0x0f, //0x00002365 cmpq         $15, %rsi
	0x0f, 0x87, 0xb1, 0xff, 0xff, 0xff, //0x00002369 ja           LBB0_404
	0x4d, 0x89, 0xcb, //0x0000236f movq         %r9, %r11
	0x49, 0x29, 0xfb, //0x00002372 subq         %rdi, %r11
	0x49, 0x01, 0xf8, //0x00002375 addq         %rdi, %r8
	0x4c, 0x89, 0xc7, //0x00002378 movq         %r8, %rdi
	0x48, 0x85, 0xff, //0x0000237b testq        %rdi, %rdi
	0x48, 0xba, 0x00, 0x26, 0x00, 0x00, 0x01, 0x10, 0x00, 0x00, //0x0000237e movabsq      $17596481021440, %rdx
	0x48, 0x8b, 0x5d, 0xc8, //0x00002388 movq         $-56(%rbp), %rbx
	0x0f, 0x84, 0x3f, 0x00, 0x00, 0x00, //0x0000238c je           LBB0_414
	//0x00002392 LBB0_407
	0x49, 0x8d, 0x04, 0x3b, //0x00002392 leaq         (%r11,%rdi), %rax
	//0x00002396 LBB0_408
	0x41, 0x0f, 0xb6, 0x0b, //0x00002396 movzbl       (%r11), %ecx
	0x48, 0x83, 0xf9, 0x2c, //0x0000239a cmpq         $44, %rcx
	0x0f, 0x87, 0x0a, 0x00, 0x00, 0x00, //0x0000239e ja           LBB0_410
	0x48, 0x0f, 0xa3, 0xca, //0x000023a4 btq          %rcx, %rdx
	0x0f, 0x82, 0x23, 0x00, 0x00, 0x00, //0x000023a8 jb           LBB0_414
	//0x000023ae LBB0_410
	0x80, 0xf9, 0x5d, //0x000023ae cmpb         $93, %cl
	0x0f, 0x84, 0x1a, 0x00, 0x00, 0x00, //0x000023b1 je           LBB0_414
	0x80, 0xf9, 0x7d, //0x000023b7 cmpb         $125, %cl
	0x0f, 0x84, 0x11, 0x00, 0x00, 0x00, //0x000023ba je           LBB0_414
	0x49, 0x83, 0xc3, 0x01, //0x000023c0 addq         $1, %r11
	0x48, 0x83, 0xc7, 0xff, //0x000023c4 addq         $-1, %rdi
	0x0f, 0x85, 0xc8, 0xff, 0xff, 0xff, //0x000023c8 jne          LBB0_408
	0x49, 0x89, 0xc3, //0x000023ce movq         %rax, %r11
	//0x000023d1 LBB0_414
	0x4d, 0x29, 0xcb, //0x000023d1 subq         %r9, %r11
	0x4d, 0x89, 0x1c, 0x24, //0x000023d4 movq         %r11, (%r12)
	0xe9, 0xfa, 0x09, 0x00, 0x00, //0x000023d8 jmp          LBB0_500
	//0x000023dd LBB0_415
	0x49, 0x8b, 0x4d, 0x08, //0x000023dd movq         $8(%r13), %rcx
	0x4c, 0x29, 0xd9, //0x000023e1 subq         %r11, %rcx
	0x4d, 0x01, 0xd9, //0x000023e4 addq         %r11, %r9
	0x45, 0x31, 0xf6, //0x000023e7 xorl         %r14d, %r14d
	0x45, 0x31, 0xdb, //0x000023ea xorl         %r11d, %r11d
	0x45, 0x31, 0xd2, //0x000023ed xorl         %r10d, %r10d
	0x45, 0x31, 0xc0, //0x000023f0 xorl         %r8d, %r8d
	0x48, 0x83, 0xf9, 0x40, //0x000023f3 cmpq         $64, %rcx
	0x48, 0x89, 0x4d, 0xd0, //0x000023f7 movq         %rcx, $-48(%rbp)
	0x0f, 0x8d, 0x4e, 0x01, 0x00, 0x00, //0x000023fb jge          LBB0_416
	//0x00002401 LBB0_425
	0x48, 0x85, 0xc9, //0x00002401 testq        %rcx, %rcx
	0x0f, 0x8e, 0x47, 0x2c, 0x00, 0x00, //0x00002404 jle          LBB0_890
	0x66, 0x0f, 0x6f, 0xe2, //0x0000240a movdqa       %xmm2, %xmm4
	0x66, 0x0f, 0xef, 0xdb, //0x0000240e pxor         %xmm3, %xmm3
	0xf3, 0x0f, 0x7f, 0x9d, 0x50, 0xff, 0xff, 0xff, //0x00002412 movdqu       %xmm3, $-176(%rbp)
	0xf3, 0x0f, 0x7f, 0x9d, 0x40, 0xff, 0xff, 0xff, //0x0000241a movdqu       %xmm3, $-192(%rbp)
	0xf3, 0x0f, 0x7f, 0x9d, 0x30, 0xff, 0xff, 0xff, //0x00002422 movdqu       %xmm3, $-208(%rbp)
	0xf3, 0x0f, 0x7f, 0x9d, 0x20, 0xff, 0xff, 0xff, //0x0000242a movdqu       %xmm3, $-224(%rbp)
	0x44, 0x89, 0xca, //0x00002432 movl         %r9d, %edx
	0x81, 0xe2, 0xff, 0x0f, 0x00, 0x00, //0x00002435 andl         $4095, %edx
	0x81, 0xfa, 0xc1, 0x0f, 0x00, 0x00, //0x0000243b cmpl         $4033, %edx
	0x0f, 0x82, 0x3c, 0x00, 0x00, 0x00, //0x00002441 jb           LBB0_429
	0x48, 0x83, 0x7d, 0xd0, 0x20, //0x00002447 cmpq         $32, $-48(%rbp)
	0x0f, 0x82, 0x3a, 0x00, 0x00, 0x00, //0x0000244c jb           LBB0_430
	0x41, 0x0f, 0x10, 0x19, //0x00002452 movups       (%r9), %xmm3
	0x0f, 0x11, 0x9d, 0x20, 0xff, 0xff, 0xff, //0x00002456 movups       %xmm3, $-224(%rbp)
	0xf3, 0x41, 0x0f, 0x6f, 0x59, 0x10, //0x0000245d movdqu       $16(%r9), %xmm3
	0xf3, 0x0f, 0x7f, 0x9d, 0x30, 0xff, 0xff, 0xff, //0x00002463 movdqu       %xmm3, $-208(%rbp)
	0x49, 0x83, 0xc1, 0x20, //0x0000246b addq         $32, %r9
	0x48, 0x8b, 0x4d, 0xd0, //0x0000246f movq         $-48(%rbp), %rcx
	0x48, 0x8d, 0x79, 0xe0, //0x00002473 leaq         $-32(%rcx), %rdi
	0x48, 0x8d, 0x95, 0x40, 0xff, 0xff, 0xff, //0x00002477 leaq         $-192(%rbp), %rdx
	0xe9, 0x14, 0x00, 0x00, 0x00, //0x0000247e jmp          LBB0_431
	//0x00002483 LBB0_429
	0x66, 0x0f, 0x6f, 0xd4, //0x00002483 movdqa       %xmm4, %xmm2
	0xe9, 0xc3, 0x00, 0x00, 0x00, //0x00002487 jmp          LBB0_416
	//0x0000248c LBB0_430
	0x48, 0x8d, 0x95, 0x20, 0xff, 0xff, 0xff, //0x0000248c leaq         $-224(%rbp), %rdx
	0x48, 0x8b, 0x7d, 0xd0, //0x00002493 movq         $-48(%rbp), %rdi
	//0x00002497 LBB0_431
	0x48, 0x83, 0xff, 0x10, //0x00002497 cmpq         $16, %rdi
	0x0f, 0x82, 0x49, 0x00, 0x00, 0x00, //0x0000249b jb           LBB0_432
	0xf3, 0x41, 0x0f, 0x6f, 0x19, //0x000024a1 movdqu       (%r9), %xmm3
	0xf3, 0x0f, 0x7f, 0x1a, //0x000024a6 movdqu       %xmm3, (%rdx)
	0x49, 0x83, 0xc1, 0x10, //0x000024aa addq         $16, %r9
	0x48, 0x83, 0xc2, 0x10, //0x000024ae addq         $16, %rdx
	0x48, 0x83, 0xc7, 0xf0, //0x000024b2 addq         $-16, %rdi
	0x48, 0x83, 0xff, 0x08, //0x000024b6 cmpq         $8, %rdi
	0x0f, 0x83, 0x34, 0x00, 0x00, 0x00, //0x000024ba jae          LBB0_439
	//0x000024c0 LBB0_433
	0x48, 0x83, 0xff, 0x04, //0x000024c0 cmpq         $4, %rdi
	0x0f, 0x8c, 0x46, 0x00, 0x00, 0x00, //0x000024c4 jl           LBB0_434
	//0x000024ca LBB0_440
	0x41, 0x8b, 0x31, //0x000024ca movl         (%r9), %esi
	0x89, 0x32, //0x000024cd movl         %esi, (%rdx)
	0x49, 0x83, 0xc1, 0x04, //0x000024cf addq         $4, %r9
	0x48, 0x83, 0xc2, 0x04, //0x000024d3 addq         $4, %rdx
	0x48, 0x83, 0xc7, 0xfc, //0x000024d7 addq         $-4, %rdi
	0x48, 0x83, 0xff, 0x02, //0x000024db cmpq         $2, %rdi
	0x0f, 0x83, 0x35, 0x00, 0x00, 0x00, //0x000024df jae          LBB0_435
	0xe9, 0x43, 0x00, 0x00, 0x00, //0x000024e5 jmp          LBB0_436
	//0x000024ea LBB0_432
	0x48, 0x83, 0xff, 0x08, //0x000024ea cmpq         $8, %rdi
	0x0f, 0x82, 0xcc, 0xff, 0xff, 0xff, //0x000024ee jb           LBB0_433
	//0x000024f4 LBB0_439
	0x49, 0x8b, 0x31, //0x000024f4 movq         (%r9), %rsi
	0x48, 0x89, 0x32, //0x000024f7 movq         %rsi, (%rdx)
	0x49, 0x83, 0xc1, 0x08, //0x000024fa addq         $8, %r9
	0x48, 0x83, 0xc2, 0x08, //0x000024fe addq         $8, %rdx
	0x48, 0x83, 0xc7, 0xf8, //0x00002502 addq         $-8, %rdi
	0x48, 0x83, 0xff, 0x04, //0x00002506 cmpq         $4, %rdi
	0x0f, 0x8d, 0xba, 0xff, 0xff, 0xff, //0x0000250a jge          LBB0_440
	//0x00002510 LBB0_434
	0x48, 0x83, 0xff, 0x02, //0x00002510 cmpq         $2, %rdi
	0x0f, 0x82, 0x13, 0x00, 0x00, 0x00, //0x00002514 jb           LBB0_436
	//0x0000251a LBB0_435
	0x41, 0x0f, 0xb7, 0x31, //0x0000251a movzwl       (%r9), %esi
	0x66, 0x89, 0x32, //0x0000251e movw         %si, (%rdx)
	0x49, 0x83, 0xc1, 0x02, //0x00002521 addq         $2, %r9
	0x48, 0x83, 0xc2, 0x02, //0x00002525 addq         $2, %rdx
	0x48, 0x83, 0xc7, 0xfe, //0x00002529 addq         $-2, %rdi
	//0x0000252d LBB0_436
	0x4c, 0x89, 0xcb, //0x0000252d movq         %r9, %rbx
	0x4c, 0x8d, 0x8d, 0x20, 0xff, 0xff, 0xff, //0x00002530 leaq         $-224(%rbp), %r9
	0x48, 0x85, 0xff, //0x00002537 testq        %rdi, %rdi
	0x66, 0x0f, 0x6f, 0xd4, //0x0000253a movdqa       %xmm4, %xmm2
	0x0f, 0x84, 0x0b, 0x00, 0x00, 0x00, //0x0000253e je           LBB0_416
	0x8a, 0x1b, //0x00002544 movb         (%rbx), %bl
	0x88, 0x1a, //0x00002546 movb         %bl, (%rdx)
	0x4c, 0x8d, 0x8d, 0x20, 0xff, 0xff, 0xff, //0x00002548 leaq         $-224(%rbp), %r9
	//0x0000254f LBB0_416
	0xf3, 0x41, 0x0f, 0x6f, 0x39, //0x0000254f movdqu       (%r9), %xmm7
	0xf3, 0x41, 0x0f, 0x6f, 0x71, 0x10, //0x00002554 movdqu       $16(%r9), %xmm6
	0xf3, 0x41, 0x0f, 0x6f, 0x69, 0x20, //0x0000255a movdqu       $32(%r9), %xmm5
	0xf3, 0x41, 0x0f, 0x6f, 0x61, 0x30, //0x00002560 movdqu       $48(%r9), %xmm4
	0x66, 0x0f, 0x6f, 0xdf, //0x00002566 movdqa       %xmm7, %xmm3
	0x66, 0x0f, 0x74, 0xd9, //0x0000256a pcmpeqb      %xmm1, %xmm3
	0x66, 0x0f, 0xd7, 0xd3, //0x0000256e pmovmskb     %xmm3, %edx
	0x66, 0x0f, 0x6f, 0xde, //0x00002572 movdqa       %xmm6, %xmm3
	0x66, 0x0f, 0x74, 0xd9, //0x00002576 pcmpeqb      %xmm1, %xmm3
	0x66, 0x0f, 0xd7, 0xfb, //0x0000257a pmovmskb     %xmm3, %edi
	0x66, 0x0f, 0x6f, 0xdd, //0x0000257e movdqa       %xmm5, %xmm3
	0x66, 0x0f, 0x74, 0xd9, //0x00002582 pcmpeqb      %xmm1, %xmm3
	0x66, 0x0f, 0xd7, 0xdb, //0x00002586 pmovmskb     %xmm3, %ebx
	0x66, 0x0f, 0x6f, 0xdc, //0x0000258a movdqa       %xmm4, %xmm3
	0x66, 0x0f, 0x74, 0xd9, //0x0000258e pcmpeqb      %xmm1, %xmm3
	0x66, 0x0f, 0xd7, 0xf3, //0x00002592 pmovmskb     %xmm3, %esi
	0x48, 0xc1, 0xe6, 0x30, //0x00002596 shlq         $48, %rsi
	0x48, 0xc1, 0xe3, 0x20, //0x0000259a shlq         $32, %rbx
	0x48, 0x09, 0xf3, //0x0000259e orq          %rsi, %rbx
	0x48, 0xc1, 0xe7, 0x10, //0x000025a1 shlq         $16, %rdi
	0x48, 0x09, 0xdf, //0x000025a5 orq          %rbx, %rdi
	0x48, 0x09, 0xfa, //0x000025a8 orq          %rdi, %rdx
	0x48, 0x89, 0xd6, //0x000025ab movq         %rdx, %rsi
	0x66, 0x44, 0x0f, 0x6f, 0xea, //0x000025ae movdqa       %xmm2, %xmm13
	0x4c, 0x09, 0xde, //0x000025b3 orq          %r11, %rsi
	0x0f, 0x85, 0x0f, 0x00, 0x00, 0x00, //0x000025b6 jne          LBB0_418
	0x48, 0xc7, 0xc2, 0xff, 0xff, 0xff, 0xff, //0x000025bc movq         $-1, %rdx
	0x45, 0x31, 0xdb, //0x000025c3 xorl         %r11d, %r11d
	0xe9, 0x46, 0x00, 0x00, 0x00, //0x000025c6 jmp          LBB0_419
	//0x000025cb LBB0_418
	0x4c, 0x89, 0xde, //0x000025cb movq         %r11, %rsi
	0x48, 0xf7, 0xd6, //0x000025ce notq         %rsi
	0x48, 0x21, 0xd6, //0x000025d1 andq         %rdx, %rsi
	0x4c, 0x8d, 0x3c, 0x36, //0x000025d4 leaq         (%rsi,%rsi), %r15
	0x4d, 0x09, 0xdf, //0x000025d8 orq          %r11, %r15
	0x4c, 0x89, 0xff, //0x000025db movq         %r15, %rdi
	0x48, 0xf7, 0xd7, //0x000025de notq         %rdi
	0x48, 0xbb, 0xaa, 0xaa, 0xaa, 0xaa, 0xaa, 0xaa, 0xaa, 0xaa, //0x000025e1 movabsq      $-6148914691236517206, %rbx
	0x48, 0x21, 0xda, //0x000025eb andq         %rbx, %rdx
	0x48, 0x21, 0xfa, //0x000025ee andq         %rdi, %rdx
	0x45, 0x31, 0xdb, //0x000025f1 xorl         %r11d, %r11d
	0x48, 0x01, 0xf2, //0x000025f4 addq         %rsi, %rdx
	0x41, 0x0f, 0x92, 0xc3, //0x000025f7 setb         %r11b
	0x48, 0x01, 0xd2, //0x000025fb addq         %rdx, %rdx
	0x48, 0xbe, 0x55, 0x55, 0x55, 0x55, 0x55, 0x55, 0x55, 0x55, //0x000025fe movabsq      $6148914691236517205, %rsi
	0x48, 0x31, 0xf2, //0x00002608 xorq         %rsi, %rdx
	0x4c, 0x21, 0xfa, //0x0000260b andq         %r15, %rdx
	0x48, 0xf7, 0xd2, //0x0000260e notq         %rdx
	//0x00002611 LBB0_419
	0x66, 0x0f, 0x6f, 0xdc, //0x00002611 movdqa       %xmm4, %xmm3
	0x66, 0x0f, 0x74, 0xd8, //0x00002615 pcmpeqb      %xmm0, %xmm3
	0x66, 0x0f, 0xd7, 0xf3, //0x00002619 pmovmskb     %xmm3, %esi
	0x48, 0xc1, 0xe6, 0x30, //0x0000261d shlq         $48, %rsi
	0x66, 0x0f, 0x6f, 0xdd, //0x00002621 movdqa       %xmm5, %xmm3
	0x66, 0x0f, 0x74, 0xd8, //0x00002625 pcmpeqb      %xmm0, %xmm3
	0x66, 0x0f, 0xd7, 0xfb, //0x00002629 pmovmskb     %xmm3, %edi
	0x48, 0xc1, 0xe7, 0x20, //0x0000262d shlq         $32, %rdi
	0x48, 0x09, 0xf7, //0x00002631 orq          %rsi, %rdi
	0x66, 0x0f, 0x6f, 0xde, //0x00002634 movdqa       %xmm6, %xmm3
	0x66, 0x0f, 0x74, 0xd8, //0x00002638 pcmpeqb      %xmm0, %xmm3
	0x66, 0x0f, 0xd7, 0xf3, //0x0000263c pmovmskb     %xmm3, %esi
	0x48, 0xc1, 0xe6, 0x10, //0x00002640 shlq         $16, %rsi
	0x48, 0x09, 0xfe, //0x00002644 orq          %rdi, %rsi
	0x66, 0x0f, 0x6f, 0xdf, //0x00002647 movdqa       %xmm7, %xmm3
	0x66, 0x0f, 0x74, 0xd8, //0x0000264b pcmpeqb      %xmm0, %xmm3
	0x66, 0x0f, 0xd7, 0xfb, //0x0000264f pmovmskb     %xmm3, %edi
	0x48, 0x09, 0xf7, //0x00002653 orq          %rsi, %rdi
	0x48, 0x21, 0xd7, //0x00002656 andq         %rdx, %rdi
	0x66, 0x48, 0x0f, 0x6e, 0xdf, //0x00002659 movq         %rdi, %xmm3
	0x66, 0x41, 0x0f, 0x3a, 0x44, 0xda, 0x00, //0x0000265e pclmulqdq    $0, %xmm10, %xmm3
	0x66, 0x49, 0x0f, 0x7e, 0xdf, //0x00002665 movq         %xmm3, %r15
	0x4d, 0x31, 0xf7, //0x0000266a xorq         %r14, %r15
	0x66, 0x0f, 0x6f, 0xdf, //0x0000266d movdqa       %xmm7, %xmm3
	0xf3, 0x0f, 0x6f, 0x15, 0xc7, 0xd9, 0xff, 0xff, //0x00002671 movdqu       $-9785(%rip), %xmm2  /* LCPI0_4+0(%rip) */
	0x66, 0x0f, 0x74, 0xda, //0x00002679 pcmpeqb      %xmm2, %xmm3
	0x66, 0x44, 0x0f, 0xd7, 0xeb, //0x0000267d pmovmskb     %xmm3, %r13d
	0x66, 0x0f, 0x6f, 0xde, //0x00002682 movdqa       %xmm6, %xmm3
	0x66, 0x0f, 0x74, 0xda, //0x00002686 pcmpeqb      %xmm2, %xmm3
	0x66, 0x0f, 0xd7, 0xfb, //0x0000268a pmovmskb     %xmm3, %edi
	0x66, 0x0f, 0x6f, 0xdd, //0x0000268e movdqa       %xmm5, %xmm3
	0x66, 0x0f, 0x74, 0xda, //0x00002692 pcmpeqb      %xmm2, %xmm3
	0x66, 0x0f, 0xd7, 0xdb, //0x00002696 pmovmskb     %xmm3, %ebx
	0x66, 0x0f, 0x6f, 0xdc, //0x0000269a movdqa       %xmm4, %xmm3
	0x66, 0x0f, 0x74, 0xda, //0x0000269e pcmpeqb      %xmm2, %xmm3
	0x66, 0x0f, 0xd7, 0xd3, //0x000026a2 pmovmskb     %xmm3, %edx
	0x48, 0xc1, 0xe2, 0x30, //0x000026a6 shlq         $48, %rdx
	0x48, 0xc1, 0xe3, 0x20, //0x000026aa shlq         $32, %rbx
	0x48, 0x09, 0xd3, //0x000026ae orq          %rdx, %rbx
	0x48, 0xc1, 0xe7, 0x10, //0x000026b1 shlq         $16, %rdi
	0x48, 0x09, 0xdf, //0x000026b5 orq          %rbx, %rdi
	0x49, 0x09, 0xfd, //0x000026b8 orq          %rdi, %r13
	0x4d, 0x89, 0xfe, //0x000026bb movq         %r15, %r14
	0x49, 0xf7, 0xd6, //0x000026be notq         %r14
	0x4d, 0x21, 0xf5, //0x000026c1 andq         %r14, %r13
	0xf3, 0x0f, 0x6f, 0x15, 0x84, 0xd9, 0xff, 0xff, //0x000026c4 movdqu       $-9852(%rip), %xmm2  /* LCPI0_5+0(%rip) */
	0x66, 0x0f, 0x74, 0xfa, //0x000026cc pcmpeqb      %xmm2, %xmm7
	0x66, 0x0f, 0xd7, 0xff, //0x000026d0 pmovmskb     %xmm7, %edi
	0x66, 0x0f, 0x74, 0xf2, //0x000026d4 pcmpeqb      %xmm2, %xmm6
	0x66, 0x0f, 0xd7, 0xde, //0x000026d8 pmovmskb     %xmm6, %ebx
	0x66, 0x0f, 0x74, 0xea, //0x000026dc pcmpeqb      %xmm2, %xmm5
	0x66, 0x0f, 0xd7, 0xd5, //0x000026e0 pmovmskb     %xmm5, %edx
	0x66, 0x0f, 0x74, 0xe2, //0x000026e4 pcmpeqb      %xmm2, %xmm4
	0x66, 0x44, 0x0f, 0xd7, 0xe4, //0x000026e8 pmovmskb     %xmm4, %r12d
	0x49, 0xc1, 0xe4, 0x30, //0x000026ed shlq         $48, %r12
	0x48, 0xc1, 0xe2, 0x20, //0x000026f1 shlq         $32, %rdx
	0x4c, 0x09, 0xe2, //0x000026f5 orq          %r12, %rdx
	0x48, 0xc1, 0xe3, 0x10, //0x000026f8 shlq         $16, %rbx
	0x48, 0x09, 0xd3, //0x000026fc orq          %rdx, %rbx
	0x48, 0x09, 0xdf, //0x000026ff orq          %rbx, %rdi
	0x4c, 0x21, 0xf7, //0x00002702 andq         %r14, %rdi
	0x0f, 0x84, 0x8c, 0x00, 0x00, 0x00, //0x00002705 je           LBB0_423
	0x4c, 0x8b, 0x65, 0xb8, //0x0000270b movq         $-72(%rbp), %r12
	0x66, 0x41, 0x0f, 0x6f, 0xd5, //0x0000270f movdqa       %xmm13, %xmm2
	0x49, 0xbe, 0x33, 0x33, 0x33, 0x33, 0x33, 0x33, 0x33, 0x33, //0x00002714 movabsq      $3689348814741910323, %r14
	0x90, 0x90, //0x0000271e .p2align 4, 0x90
	//0x00002720 LBB0_421
	0x48, 0x8d, 0x77, 0xff, //0x00002720 leaq         $-1(%rdi), %rsi
	0x48, 0x89, 0xf3, //0x00002724 movq         %rsi, %rbx
	0x4c, 0x21, 0xeb, //0x00002727 andq         %r13, %rbx
	0x48, 0x89, 0xda, //0x0000272a movq         %rbx, %rdx
	0x48, 0xd1, 0xea, //0x0000272d shrq         %rdx
	0x48, 0xb9, 0x55, 0x55, 0x55, 0x55, 0x55, 0x55, 0x55, 0x55, //0x00002730 movabsq      $6148914691236517205, %rcx
	0x48, 0x21, 0xca, //0x0000273a andq         %rcx, %rdx
	0x48, 0x29, 0xd3, //0x0000273d subq         %rdx, %rbx
	0x48, 0x89, 0xda, //0x00002740 movq         %rbx, %rdx
	0x4c, 0x21, 0xf2, //0x00002743 andq         %r14, %rdx
	0x48, 0xc1, 0xeb, 0x02, //0x00002746 shrq         $2, %rbx
	0x4c, 0x21, 0xf3, //0x0000274a andq         %r14, %rbx
	0x48, 0x01, 0xd3, //0x0000274d addq         %rdx, %rbx
	0x48, 0x89, 0xda, //0x00002750 movq         %rbx, %rdx
	0x48, 0xc1, 0xea, 0x04, //0x00002753 shrq         $4, %rdx
	0x48, 0x01, 0xda, //0x00002757 addq         %rbx, %rdx
	0x48, 0xb9, 0x0f, 0x0f, 0x0f, 0x0f, 0x0f, 0x0f, 0x0f, 0x0f, //0x0000275a movabsq      $1085102592571150095, %rcx
	0x48, 0x21, 0xca, //0x00002764 andq         %rcx, %rdx
	0x48, 0xb9, 0x01, 0x01, 0x01, 0x01, 0x01, 0x01, 0x01, 0x01, //0x00002767 movabsq      $72340172838076673, %rcx
	0x48, 0x0f, 0xaf, 0xd1, //0x00002771 imulq        %rcx, %rdx
	0x48, 0xc1, 0xea, 0x38, //0x00002775 shrq         $56, %rdx
	0x4c, 0x01, 0xd2, //0x00002779 addq         %r10, %rdx
	0x4c, 0x39, 0xc2, //0x0000277c cmpq         %r8, %rdx
	0x0f, 0x86, 0x9d, 0x00, 0x00, 0x00, //0x0000277f jbe          LBB0_441
	0x49, 0x83, 0xc0, 0x01, //0x00002785 addq         $1, %r8
	0x48, 0x21, 0xf7, //0x00002789 andq         %rsi, %rdi
	0x0f, 0x85, 0x8e, 0xff, 0xff, 0xff, //0x0000278c jne          LBB0_421
	0xe9, 0x0f, 0x00, 0x00, 0x00, //0x00002792 jmp          LBB0_424
	//0x00002797 LBB0_423
	0x66, 0x41, 0x0f, 0x6f, 0xd5, //0x00002797 movdqa       %xmm13, %xmm2
	0x49, 0xbe, 0x33, 0x33, 0x33, 0x33, 0x33, 0x33, 0x33, 0x33, //0x0000279c movabsq      $3689348814741910323, %r14
	//0x000027a6 LBB0_424
	0x49, 0xc1, 0xff, 0x3f, //0x000027a6 sarq         $63, %r15
	0x4c, 0x89, 0xea, //0x000027aa movq         %r13, %rdx
	0x48, 0xd1, 0xea, //0x000027ad shrq         %rdx
	0x48, 0xb9, 0x55, 0x55, 0x55, 0x55, 0x55, 0x55, 0x55, 0x55, //0x000027b0 movabsq      $6148914691236517205, %rcx
	0x48, 0x21, 0xca, //0x000027ba andq         %rcx, %rdx
	0x49, 0x29, 0xd5, //0x000027bd subq         %rdx, %r13
	0x4c, 0x89, 0xea, //0x000027c0 movq         %r13, %rdx
	0x4c, 0x21, 0xf2, //0x000027c3 andq         %r14, %rdx
	0x49, 0xc1, 0xed, 0x02, //0x000027c6 shrq         $2, %r13
	0x4d, 0x21, 0xf5, //0x000027ca andq         %r14, %r13
	0x49, 0x01, 0xd5, //0x000027cd addq         %rdx, %r13
	0x4c, 0x89, 0xea, //0x000027d0 movq         %r13, %rdx
	0x48, 0xc1, 0xea, 0x04, //0x000027d3 shrq         $4, %rdx
	0x4c, 0x01, 0xea, //0x000027d7 addq         %r13, %rdx
	0x48, 0xb9, 0x0f, 0x0f, 0x0f, 0x0f, 0x0f, 0x0f, 0x0f, 0x0f, //0x000027da movabsq      $1085102592571150095, %rcx
	0x48, 0x21, 0xca, //0x000027e4 andq         %rcx, %rdx
	0x48, 0xb9, 0x01, 0x01, 0x01, 0x01, 0x01, 0x01, 0x01, 0x01, //0x000027e7 movabsq      $72340172838076673, %rcx
	0x48, 0x0f, 0xaf, 0xd1, //0x000027f1 imulq        %rcx, %rdx
	0x48, 0xc1, 0xea, 0x38, //0x000027f5 shrq         $56, %rdx
	0x49, 0x01, 0xd2, //0x000027f9 addq         %rdx, %r10
	0x49, 0x83, 0xc1, 0x40, //0x000027fc addq         $64, %r9
	0x48, 0x8b, 0x4d, 0xd0, //0x00002800 movq         $-48(%rbp), %rcx
	0x48, 0x83, 0xc1, 0xc0, //0x00002804 addq         $-64, %rcx
	0x4d, 0x89, 0xfe, //0x00002808 movq         %r15, %r14
	0x4c, 0x8b, 0x6d, 0xa0, //0x0000280b movq         $-96(%rbp), %r13
	0x48, 0x83, 0xf9, 0x40, //0x0000280f cmpq         $64, %rcx
	0x48, 0x89, 0x4d, 0xd0, //0x00002813 movq         %rcx, $-48(%rbp)
	0x0f, 0x8d, 0x32, 0xfd, 0xff, 0xff, //0x00002817 jge          LBB0_416
	0xe9, 0xdf, 0xfb, 0xff, 0xff, //0x0000281d jmp          LBB0_425
	//0x00002822 LBB0_441
	0x4c, 0x8b, 0x6d, 0xa0, //0x00002822 movq         $-96(%rbp), %r13
	0x49, 0x8b, 0x4d, 0x08, //0x00002826 movq         $8(%r13), %rcx
	0x48, 0x0f, 0xbc, 0xd7, //0x0000282a bsfq         %rdi, %rdx
	0x48, 0x2b, 0x55, 0xd0, //0x0000282e subq         $-48(%rbp), %rdx
	0x4c, 0x8d, 0x1c, 0x0a, //0x00002832 leaq         (%rdx,%rcx), %r11
	0x49, 0x83, 0xc3, 0x01, //0x00002836 addq         $1, %r11
	0x4d, 0x89, 0x1c, 0x24, //0x0000283a movq         %r11, (%r12)
	0x49, 0x8b, 0x4d, 0x08, //0x0000283e movq         $8(%r13), %rcx
	0x49, 0x39, 0xcb, //0x00002842 cmpq         %rcx, %r11
	0x49, 0x0f, 0x46, 0xcb, //0x00002845 cmovbeq      %r11, %rcx
	0x49, 0x89, 0x0c, 0x24, //0x00002849 movq         %rcx, (%r12)
	0x0f, 0x87, 0xf9, 0x25, 0x00, 0x00, //0x0000284d ja           LBB0_887
	0x48, 0x8b, 0x55, 0xc8, //0x00002853 movq         $-56(%rbp), %rdx
	0x48, 0x89, 0xd0, //0x00002857 movq         %rdx, %rax
	0x48, 0xb9, 0xfe, 0xff, 0xff, 0xff, 0xff, 0xff, 0xff, 0x7f, //0x0000285a movabsq      $9223372036854775806, %rcx
	0x48, 0x39, 0xca, //0x00002864 cmpq         %rcx, %rdx
	0x4c, 0x8b, 0x55, 0xb0, //0x00002867 movq         $-80(%rbp), %r10
	0x4c, 0x8b, 0x7d, 0xa8, //0x0000286b movq         $-88(%rbp), %r15
	0x0f, 0x86, 0x6b, 0xd9, 0xff, 0xff, //0x0000286f jbe          LBB0_4
	0xe9, 0xd2, 0x25, 0x00, 0x00, //0x00002875 jmp          LBB0_887
	//0x0000287a LBB0_443
	0x0f, 0xbc, 0xc3, //0x0000287a bsfl         %ebx, %eax
	0x48, 0x8b, 0x55, 0xc8, //0x0000287d movq         $-56(%rbp), %rdx
	0x48, 0x01, 0xd0, //0x00002881 addq         %rdx, %rax
	0x4d, 0x8d, 0x1c, 0x06, //0x00002884 leaq         (%r14,%rax), %r11
	0x49, 0x83, 0xc3, 0x02, //0x00002888 addq         $2, %r11
	0x4c, 0x8b, 0x65, 0xb8, //0x0000288c movq         $-72(%rbp), %r12
	0x4c, 0x8b, 0x55, 0xb0, //0x00002890 movq         $-80(%rbp), %r10
	0xe9, 0x27, 0xd9, 0xff, 0xff, //0x00002894 jmp          LBB0_2
	//0x00002899 LBB0_444
	0x66, 0x0f, 0xbc, 0xf6, //0x00002899 bsfw         %si, %si
	0x0f, 0xb7, 0xf6, //0x0000289d movzwl       %si, %esi
	0x49, 0x89, 0xf3, //0x000028a0 movq         %rsi, %r11
	0x49, 0x29, 0xfb, //0x000028a3 subq         %rdi, %r11
	0x4d, 0x89, 0x1c, 0x24, //0x000028a6 movq         %r11, (%r12)
	0x4d, 0x85, 0xdb, //0x000028aa testq        %r11, %r11
	0x0f, 0x8e, 0x20, 0x05, 0x00, 0x00, //0x000028ad jle          LBB0_499
	0x48, 0x01, 0xf0, //0x000028b3 addq         %rsi, %rax
	0x48, 0x01, 0xf2, //0x000028b6 addq         %rsi, %rdx
	0x48, 0x01, 0xf1, //0x000028b9 addq         %rsi, %rcx
	0x48, 0xbf, 0x00, 0x26, 0x00, 0x00, 0x01, 0x00, 0x00, 0x00, //0x000028bc movabsq      $4294977024, %rdi
	0x48, 0x8b, 0x5d, 0xc8, //0x000028c6 movq         $-56(%rbp), %rbx
	0x90, 0x90, 0x90, 0x90, 0x90, 0x90, //0x000028ca .p2align 4, 0x90
	//0x000028d0 LBB0_446
	0x0f, 0xb6, 0x31, //0x000028d0 movzbl       (%rcx), %esi
	0x48, 0x83, 0xfe, 0x20, //0x000028d3 cmpq         $32, %rsi
	0x0f, 0x87, 0xfa, 0x04, 0x00, 0x00, //0x000028d7 ja           LBB0_500
	0x48, 0x0f, 0xa3, 0xf7, //0x000028dd btq          %rsi, %rdi
	0x0f, 0x83, 0xf0, 0x04, 0x00, 0x00, //0x000028e1 jae          LBB0_500
	0x49, 0x89, 0x14, 0x24, //0x000028e7 movq         %rdx, (%r12)
	0x48, 0x83, 0xc0, 0xff, //0x000028eb addq         $-1, %rax
	0x48, 0x83, 0xc2, 0xff, //0x000028ef addq         $-1, %rdx
	0x48, 0x83, 0xc1, 0xff, //0x000028f3 addq         $-1, %rcx
	0x49, 0x83, 0xc3, 0xff, //0x000028f7 addq         $-1, %r11
	0x48, 0x83, 0xf8, 0x01, //0x000028fb cmpq         $1, %rax
	0x0f, 0x8f, 0xcb, 0xff, 0xff, 0xff, //0x000028ff jg           LBB0_446
	0x45, 0x31, 0xdb, //0x00002905 xorl         %r11d, %r11d
	0xe9, 0xca, 0x04, 0x00, 0x00, //0x00002908 jmp          LBB0_500
	//0x0000290d LBB0_450
	0x49, 0x8d, 0x4e, 0xff, //0x0000290d leaq         $-1(%r14), %rcx
	0x49, 0x39, 0xca, //0x00002911 cmpq         %rcx, %r10
	0x49, 0xf7, 0xd6, //0x00002914 notq         %r14
	0x4d, 0x0f, 0x45, 0xf3, //0x00002917 cmovneq      %r11, %r14
	0x84, 0xc0, //0x0000291b testb        %al, %al
	0x4d, 0x0f, 0x45, 0xde, //0x0000291d cmovneq      %r14, %r11
	//0x00002921 LBB0_451
	0x4c, 0x8b, 0x65, 0xb8, //0x00002921 movq         $-72(%rbp), %r12
	0x4d, 0x85, 0xdb, //0x00002925 testq        %r11, %r11
	0x4c, 0x8b, 0x55, 0xb0, //0x00002928 movq         $-80(%rbp), %r10
	0x48, 0x89, 0x55, 0xc8, //0x0000292c movq         %rdx, $-56(%rbp)
	0x0f, 0x88, 0xfb, 0x24, 0x00, 0x00, //0x00002930 js           LBB0_273
	//0x00002936 LBB0_452
	0x49, 0x01, 0xd3, //0x00002936 addq         %rdx, %r11
	//0x00002939 LBB0_453
	0x4d, 0x89, 0x1c, 0x24, //0x00002939 movq         %r11, (%r12)
	0x48, 0x8b, 0x4d, 0xc8, //0x0000293d movq         $-56(%rbp), %rcx
	0x48, 0x89, 0xc8, //0x00002941 movq         %rcx, %rax
	0x48, 0x85, 0xc9, //0x00002944 testq        %rcx, %rcx
	0x4c, 0x8b, 0x6d, 0xa0, //0x00002947 movq         $-96(%rbp), %r13
	0x0f, 0x89, 0x8f, 0xd8, 0xff, 0xff, //0x0000294b jns          LBB0_4
	0xe9, 0xf6, 0x24, 0x00, 0x00, //0x00002951 jmp          LBB0_887
	//0x00002956 LBB0_454
	0x4d, 0x89, 0xe2, //0x00002956 movq         %r12, %r10
	0x4d, 0x29, 0xda, //0x00002959 subq         %r11, %r10
	0x0f, 0x84, 0x9c, 0x26, 0x00, 0x00, //0x0000295c je           LBB0_888
	0x4f, 0x8d, 0x3c, 0x19, //0x00002962 leaq         (%r9,%r11), %r15
	0x49, 0x83, 0xfa, 0x40, //0x00002966 cmpq         $64, %r10
	0x0f, 0x82, 0x77, 0x11, 0x00, 0x00, //0x0000296a jb           LBB0_643
	0x48, 0xc7, 0x45, 0xd0, 0xff, 0xff, 0xff, 0xff, //0x00002970 movq         $-1, $-48(%rbp)
	0x45, 0x31, 0xc0, //0x00002978 xorl         %r8d, %r8d
	0x90, 0x90, 0x90, 0x90, 0x90, //0x0000297b .p2align 4, 0x90
	//0x00002980 LBB0_457
	0xf3, 0x41, 0x0f, 0x6f, 0x2f, //0x00002980 movdqu       (%r15), %xmm5
	0xf3, 0x41, 0x0f, 0x6f, 0x77, 0x10, //0x00002985 movdqu       $16(%r15), %xmm6
	0xf3, 0x41, 0x0f, 0x6f, 0x67, 0x20, //0x0000298b movdqu       $32(%r15), %xmm4
	0xf3, 0x41, 0x0f, 0x6f, 0x7f, 0x30, //0x00002991 movdqu       $48(%r15), %xmm7
	0x66, 0x0f, 0x6f, 0xdd, //0x00002997 movdqa       %xmm5, %xmm3
	0x66, 0x0f, 0x74, 0xd8, //0x0000299b pcmpeqb      %xmm0, %xmm3
	0x66, 0x44, 0x0f, 0xd7, 0xeb, //0x0000299f pmovmskb     %xmm3, %r13d
	0x66, 0x0f, 0x6f, 0xde, //0x000029a4 movdqa       %xmm6, %xmm3
	0x66, 0x0f, 0x74, 0xd8, //0x000029a8 pcmpeqb      %xmm0, %xmm3
	0x66, 0x0f, 0xd7, 0xf3, //0x000029ac pmovmskb     %xmm3, %esi
	0x66, 0x0f, 0x6f, 0xdc, //0x000029b0 movdqa       %xmm4, %xmm3
	0x66, 0x0f, 0x74, 0xd8, //0x000029b4 pcmpeqb      %xmm0, %xmm3
	0x66, 0x0f, 0xd7, 0xfb, //0x000029b8 pmovmskb     %xmm3, %edi
	0x66, 0x0f, 0x6f, 0xdf, //0x000029bc movdqa       %xmm7, %xmm3
	0x66, 0x0f, 0x74, 0xd8, //0x000029c0 pcmpeqb      %xmm0, %xmm3
	0x66, 0x0f, 0xd7, 0xcb, //0x000029c4 pmovmskb     %xmm3, %ecx
	0x66, 0x0f, 0x6f, 0xdd, //0x000029c8 movdqa       %xmm5, %xmm3
	0x66, 0x0f, 0x74, 0xd9, //0x000029cc pcmpeqb      %xmm1, %xmm3
	0x66, 0x44, 0x0f, 0xd7, 0xf3, //0x000029d0 pmovmskb     %xmm3, %r14d
	0x66, 0x0f, 0x6f, 0xde, //0x000029d5 movdqa       %xmm6, %xmm3
	0x66, 0x0f, 0x74, 0xd9, //0x000029d9 pcmpeqb      %xmm1, %xmm3
	0x66, 0x0f, 0xd7, 0xd3, //0x000029dd pmovmskb     %xmm3, %edx
	0x66, 0x0f, 0x6f, 0xdc, //0x000029e1 movdqa       %xmm4, %xmm3
	0x66, 0x0f, 0x74, 0xd9, //0x000029e5 pcmpeqb      %xmm1, %xmm3
	0x66, 0x0f, 0xd7, 0xdb, //0x000029e9 pmovmskb     %xmm3, %ebx
	0x66, 0x0f, 0x6f, 0xdf, //0x000029ed movdqa       %xmm7, %xmm3
	0x66, 0x0f, 0x74, 0xd9, //0x000029f1 pcmpeqb      %xmm1, %xmm3
	0x66, 0x0f, 0xd7, 0xc3, //0x000029f5 pmovmskb     %xmm3, %eax
	0x48, 0xc1, 0xe1, 0x30, //0x000029f9 shlq         $48, %rcx
	0x48, 0xc1, 0xe7, 0x20, //0x000029fd shlq         $32, %rdi
	0x48, 0x09, 0xcf, //0x00002a01 orq          %rcx, %rdi
	0x48, 0xc1, 0xe6, 0x10, //0x00002a04 shlq         $16, %rsi
	0x48, 0x09, 0xfe, //0x00002a08 orq          %rdi, %rsi
	0x49, 0x09, 0xf5, //0x00002a0b orq          %rsi, %r13
	0x48, 0xc1, 0xe0, 0x30, //0x00002a0e shlq         $48, %rax
	0x48, 0xc1, 0xe3, 0x20, //0x00002a12 shlq         $32, %rbx
	0x48, 0x09, 0xc3, //0x00002a16 orq          %rax, %rbx
	0x48, 0xc1, 0xe2, 0x10, //0x00002a19 shlq         $16, %rdx
	0x48, 0x09, 0xda, //0x00002a1d orq          %rbx, %rdx
	0x49, 0x09, 0xd6, //0x00002a20 orq          %rdx, %r14
	0x0f, 0x85, 0x2f, 0x00, 0x00, 0x00, //0x00002a23 jne          LBB0_466
	0x4d, 0x85, 0xc0, //0x00002a29 testq        %r8, %r8
	0x0f, 0x85, 0x42, 0x00, 0x00, 0x00, //0x00002a2c jne          LBB0_468
	0x45, 0x31, 0xc0, //0x00002a32 xorl         %r8d, %r8d
	0x31, 0xd2, //0x00002a35 xorl         %edx, %edx
	0x4d, 0x85, 0xed, //0x00002a37 testq        %r13, %r13
	0x0f, 0x84, 0x90, 0x00, 0x00, 0x00, //0x00002a3a je           LBB0_469
	//0x00002a40 LBB0_460
	0x49, 0x0f, 0xbc, 0xfd, //0x00002a40 bsfq         %r13, %rdi
	0x4c, 0x89, 0xfe, //0x00002a44 movq         %r15, %rsi
	0x4c, 0x29, 0xce, //0x00002a47 subq         %r9, %rsi
	0x48, 0x85, 0xd2, //0x00002a4a testq        %rdx, %rdx
	0x0f, 0x84, 0x91, 0x00, 0x00, 0x00, //0x00002a4d je           LBB0_470
	0xe9, 0xe3, 0x02, 0x00, 0x00, //0x00002a53 jmp          LBB0_461
	//0x00002a58 LBB0_466
	0x48, 0x83, 0x7d, 0xd0, 0xff, //0x00002a58 cmpq         $-1, $-48(%rbp)
	0x0f, 0x85, 0x11, 0x00, 0x00, 0x00, //0x00002a5d jne          LBB0_468
	0x4c, 0x89, 0xf8, //0x00002a63 movq         %r15, %rax
	0x4c, 0x29, 0xc8, //0x00002a66 subq         %r9, %rax
	0x49, 0x0f, 0xbc, 0xce, //0x00002a69 bsfq         %r14, %rcx
	0x48, 0x01, 0xc1, //0x00002a6d addq         %rax, %rcx
	0x48, 0x89, 0x4d, 0xd0, //0x00002a70 movq         %rcx, $-48(%rbp)
	//0x00002a74 LBB0_468
	0x4c, 0x89, 0xc2, //0x00002a74 movq         %r8, %rdx
	0x48, 0xf7, 0xd2, //0x00002a77 notq         %rdx
	0x4c, 0x21, 0xf2, //0x00002a7a andq         %r14, %rdx
	0x48, 0x8d, 0x04, 0x12, //0x00002a7d leaq         (%rdx,%rdx), %rax
	0x4c, 0x09, 0xc0, //0x00002a81 orq          %r8, %rax
	0x48, 0x89, 0xc1, //0x00002a84 movq         %rax, %rcx
	0x48, 0xf7, 0xd1, //0x00002a87 notq         %rcx
	0x4c, 0x21, 0xf1, //0x00002a8a andq         %r14, %rcx
	0x48, 0xbe, 0xaa, 0xaa, 0xaa, 0xaa, 0xaa, 0xaa, 0xaa, 0xaa, //0x00002a8d movabsq      $-6148914691236517206, %rsi
	0x48, 0x21, 0xf1, //0x00002a97 andq         %rsi, %rcx
	0x45, 0x31, 0xc0, //0x00002a9a xorl         %r8d, %r8d
	0x48, 0x01, 0xd1, //0x00002a9d addq         %rdx, %rcx
	0x41, 0x0f, 0x92, 0xc0, //0x00002aa0 setb         %r8b
	0x48, 0x01, 0xc9, //0x00002aa4 addq         %rcx, %rcx
	0x48, 0xbe, 0x55, 0x55, 0x55, 0x55, 0x55, 0x55, 0x55, 0x55, //0x00002aa7 movabsq      $6148914691236517205, %rsi
	0x48, 0x31, 0xf1, //0x00002ab1 xorq         %rsi, %rcx
	0x48, 0x21, 0xc1, //0x00002ab4 andq         %rax, %rcx
	0x48, 0xf7, 0xd1, //0x00002ab7 notq         %rcx
	0x49, 0x21, 0xcd, //0x00002aba andq         %rcx, %r13
	0x4d, 0x85, 0xed, //0x00002abd testq        %r13, %r13
	0x0f, 0x85, 0x7a, 0xff, 0xff, 0xff, //0x00002ac0 jne          LBB0_460
	0x90, 0x90, 0x90, 0x90, 0x90, 0x90, 0x90, 0x90, 0x90, 0x90, //0x00002ac6 .p2align 4, 0x90
	//0x00002ad0 LBB0_469
	0xbf, 0x40, 0x00, 0x00, 0x00, //0x00002ad0 movl         $64, %edi
	0x4c, 0x89, 0xfe, //0x00002ad5 movq         %r15, %rsi
	0x4c, 0x29, 0xce, //0x00002ad8 subq         %r9, %rsi
	0x48, 0x85, 0xd2, //0x00002adb testq        %rdx, %rdx
	0x0f, 0x85, 0x57, 0x02, 0x00, 0x00, //0x00002ade jne          LBB0_461
	//0x00002ae4 LBB0_470
	0x66, 0x41, 0x0f, 0x6f, 0xdb, //0x00002ae4 movdqa       %xmm11, %xmm3
	0x66, 0x0f, 0x64, 0xdc, //0x00002ae9 pcmpgtb      %xmm4, %xmm3
	0x66, 0x41, 0x0f, 0x64, 0xe2, //0x00002aed pcmpgtb      %xmm10, %xmm4
	0x66, 0x0f, 0xdb, 0xe3, //0x00002af2 pand         %xmm3, %xmm4
	0x66, 0x0f, 0xd7, 0xc4, //0x00002af6 pmovmskb     %xmm4, %eax
	0x66, 0x41, 0x0f, 0x6f, 0xdb, //0x00002afa movdqa       %xmm11, %xmm3
	0x66, 0x0f, 0x64, 0xdf, //0x00002aff pcmpgtb      %xmm7, %xmm3
	0x66, 0x41, 0x0f, 0x64, 0xfa, //0x00002b03 pcmpgtb      %xmm10, %xmm7
	0x66, 0x0f, 0xdb, 0xfb, //0x00002b08 pand         %xmm3, %xmm7
	0x66, 0x0f, 0xd7, 0xcf, //0x00002b0c pmovmskb     %xmm7, %ecx
	0x48, 0xc1, 0xe1, 0x30, //0x00002b10 shlq         $48, %rcx
	0x48, 0xc1, 0xe0, 0x20, //0x00002b14 shlq         $32, %rax
	0x48, 0x09, 0xc8, //0x00002b18 orq          %rcx, %rax
	0x66, 0x41, 0x0f, 0x6f, 0xdb, //0x00002b1b movdqa       %xmm11, %xmm3
	0x66, 0x0f, 0x64, 0xde, //0x00002b20 pcmpgtb      %xmm6, %xmm3
	0x66, 0x41, 0x0f, 0x64, 0xf2, //0x00002b24 pcmpgtb      %xmm10, %xmm6
	0x66, 0x0f, 0xdb, 0xf3, //0x00002b29 pand         %xmm3, %xmm6
	0x66, 0x0f, 0xd7, 0xce, //0x00002b2d pmovmskb     %xmm6, %ecx
	0x48, 0xc1, 0xe1, 0x10, //0x00002b31 shlq         $16, %rcx
	0x48, 0x09, 0xc1, //0x00002b35 orq          %rax, %rcx
	0x66, 0x41, 0x0f, 0x6f, 0xdb, //0x00002b38 movdqa       %xmm11, %xmm3
	0x66, 0x0f, 0x64, 0xdd, //0x00002b3d pcmpgtb      %xmm5, %xmm3
	0x66, 0x41, 0x0f, 0x64, 0xea, //0x00002b41 pcmpgtb      %xmm10, %xmm5
	0x66, 0x0f, 0xdb, 0xeb, //0x00002b46 pand         %xmm3, %xmm5
	0x66, 0x0f, 0xd7, 0xd5, //0x00002b4a pmovmskb     %xmm5, %edx
	0x48, 0x09, 0xca, //0x00002b4e orq          %rcx, %rdx
	0x4d, 0x85, 0xed, //0x00002b51 testq        %r13, %r13
	0x0f, 0x85, 0x67, 0x02, 0x00, 0x00, //0x00002b54 jne          LBB0_492
	0x48, 0x85, 0xd2, //0x00002b5a testq        %rdx, %rdx
	0x0f, 0x85, 0x72, 0x24, 0x00, 0x00, //0x00002b5d jne          LBB0_878
	0x49, 0x83, 0xc7, 0x40, //0x00002b63 addq         $64, %r15
	0x49, 0x83, 0xc2, 0xc0, //0x00002b67 addq         $-64, %r10
	0x49, 0x83, 0xfa, 0x3f, //0x00002b6b cmpq         $63, %r10
	0x0f, 0x87, 0x0b, 0xfe, 0xff, 0xff, //0x00002b6f ja           LBB0_457
	0xe9, 0x78, 0x0f, 0x00, 0x00, //0x00002b75 jmp          LBB0_644
	//0x00002b7a LBB0_473
	0x49, 0x83, 0xfe, 0x05, //0x00002b7a cmpq         $5, %r14
	0x0f, 0x82, 0x9e, 0x22, 0x00, 0x00, //0x00002b7e jb           LBB0_857
	0x48, 0x8b, 0x4d, 0x88, //0x00002b84 movq         $-120(%rbp), %rcx
	0x41, 0x8b, 0x5c, 0x09, 0x01, //0x00002b88 movl         $1(%r9,%rcx), %ebx
	0x41, 0x89, 0xdb, //0x00002b8d movl         %ebx, %r11d
	0x41, 0xf7, 0xd3, //0x00002b90 notl         %r11d
	0x8d, 0x8b, 0xd0, 0xcf, 0xcf, 0xcf, //0x00002b93 leal         $-808464432(%rbx), %ecx
	0x41, 0x81, 0xe3, 0x80, 0x80, 0x80, 0x80, //0x00002b99 andl         $-2139062144, %r11d
	0x44, 0x89, 0x5d, 0x98, //0x00002ba0 movl         %r11d, $-104(%rbp)
	0x41, 0x85, 0xcb, //0x00002ba4 testl        %ecx, %r11d
	0x0f, 0x85, 0x93, 0x24, 0x00, 0x00, //0x00002ba7 jne          LBB0_900
	0x8d, 0x8b, 0x19, 0x19, 0x19, 0x19, //0x00002bad leal         $421075225(%rbx), %ecx
	0x09, 0xd9, //0x00002bb3 orl          %ebx, %ecx
	0xf7, 0xc1, 0x80, 0x80, 0x80, 0x80, //0x00002bb5 testl        $-2139062144, %ecx
	0x0f, 0x85, 0x7f, 0x24, 0x00, 0x00, //0x00002bbb jne          LBB0_900
	0x41, 0x89, 0xdb, //0x00002bc1 movl         %ebx, %r11d
	0x41, 0x81, 0xe3, 0x7f, 0x7f, 0x7f, 0x7f, //0x00002bc4 andl         $2139062143, %r11d
	0xb9, 0xc0, 0xc0, 0xc0, 0xc0, //0x00002bcb movl         $-1061109568, %ecx
	0x44, 0x29, 0xd9, //0x00002bd0 subl         %r11d, %ecx
	0x4c, 0x89, 0x5d, 0x80, //0x00002bd3 movq         %r11, $-128(%rbp)
	0x41, 0x81, 0xc3, 0x46, 0x46, 0x46, 0x46, //0x00002bd7 addl         $1179010630, %r11d
	0x23, 0x4d, 0x98, //0x00002bde andl         $-104(%rbp), %ecx
	0x44, 0x85, 0xd9, //0x00002be1 testl        %r11d, %ecx
	0x0f, 0x85, 0x56, 0x24, 0x00, 0x00, //0x00002be4 jne          LBB0_900
	0xb9, 0xe0, 0xe0, 0xe0, 0xe0, //0x00002bea movl         $-522133280, %ecx
	0x4c, 0x8b, 0x5d, 0x80, //0x00002bef movq         $-128(%rbp), %r11
	0x44, 0x29, 0xd9, //0x00002bf3 subl         %r11d, %ecx
	0x89, 0x4d, 0x94, //0x00002bf6 movl         %ecx, $-108(%rbp)
	0x41, 0x81, 0xc3, 0x39, 0x39, 0x39, 0x39, //0x00002bf9 addl         $960051513, %r11d
	0x8b, 0x4d, 0x98, //0x00002c00 movl         $-104(%rbp), %ecx
	0x23, 0x4d, 0x94, //0x00002c03 andl         $-108(%rbp), %ecx
	0x44, 0x85, 0xd9, //0x00002c06 testl        %r11d, %ecx
	0x0f, 0x85, 0x31, 0x24, 0x00, 0x00, //0x00002c09 jne          LBB0_900
	0x0f, 0xcb, //0x00002c0f bswapl       %ebx
	0x89, 0xd8, //0x00002c11 movl         %ebx, %eax
	0xc1, 0xe8, 0x04, //0x00002c13 shrl         $4, %eax
	0xf7, 0xd0, //0x00002c16 notl         %eax
	0x25, 0x01, 0x01, 0x01, 0x01, //0x00002c18 andl         $16843009, %eax
	0x8d, 0x04, 0xc0, //0x00002c1d leal         (%rax,%rax,8), %eax
	0x81, 0xe3, 0x0f, 0x0f, 0x0f, 0x0f, //0x00002c20 andl         $252645135, %ebx
	0x01, 0xc3, //0x00002c26 addl         %eax, %ebx
	0x89, 0xd8, //0x00002c28 movl         %ebx, %eax
	0xc1, 0xe8, 0x0c, //0x00002c2a shrl         $12, %eax
	0xc1, 0xeb, 0x08, //0x00002c2d shrl         $8, %ebx
	0x09, 0xc3, //0x00002c30 orl          %eax, %ebx
	0x81, 0xe3, 0x00, 0xfc, 0x00, 0x00, //0x00002c32 andl         $64512, %ebx
	0x81, 0xfb, 0x00, 0xd8, 0x00, 0x00, //0x00002c38 cmpl         $55296, %ebx
	0x0f, 0x85, 0xea, 0x00, 0x00, 0x00, //0x00002c3e jne          LBB0_488
	0x49, 0x83, 0xfe, 0x0b, //0x00002c44 cmpq         $11, %r14
	0x0f, 0x82, 0xe0, 0x00, 0x00, 0x00, //0x00002c48 jb           LBB0_488
	0x48, 0x8b, 0x45, 0x88, //0x00002c4e movq         $-120(%rbp), %rax
	0x41, 0x80, 0x7c, 0x01, 0x05, 0x5c, //0x00002c52 cmpb         $92, $5(%r9,%rax)
	0x0f, 0x85, 0xd0, 0x00, 0x00, 0x00, //0x00002c58 jne          LBB0_488
	0x48, 0x8b, 0x45, 0x88, //0x00002c5e movq         $-120(%rbp), %rax
	0x41, 0x80, 0x7c, 0x01, 0x06, 0x75, //0x00002c62 cmpb         $117, $6(%r9,%rax)
	0x0f, 0x85, 0xc0, 0x00, 0x00, 0x00, //0x00002c68 jne          LBB0_488
	0x48, 0x8b, 0x45, 0x88, //0x00002c6e movq         $-120(%rbp), %rax
	0x45, 0x8b, 0x5c, 0x01, 0x07, //0x00002c72 movl         $7(%r9,%rax), %r11d
	0x44, 0x89, 0xd8, //0x00002c77 movl         %r11d, %eax
	0xf7, 0xd0, //0x00002c7a notl         %eax
	0x41, 0x8d, 0x8b, 0xd0, 0xcf, 0xcf, 0xcf, //0x00002c7c leal         $-808464432(%r11), %ecx
	0x25, 0x80, 0x80, 0x80, 0x80, //0x00002c83 andl         $-2139062144, %eax
	0x85, 0xc8, //0x00002c88 testl        %ecx, %eax
	0x0f, 0x85, 0x9e, 0x00, 0x00, 0x00, //0x00002c8a jne          LBB0_488
	0x41, 0x8d, 0x8b, 0x19, 0x19, 0x19, 0x19, //0x00002c90 leal         $421075225(%r11), %ecx
	0x44, 0x09, 0xd9, //0x00002c97 orl          %r11d, %ecx
	0xf7, 0xc1, 0x80, 0x80, 0x80, 0x80, //0x00002c9a testl        $-2139062144, %ecx
	0x0f, 0x85, 0x88, 0x00, 0x00, 0x00, //0x00002ca0 jne          LBB0_488
	0x45, 0x89, 0xde, //0x00002ca6 movl         %r11d, %r14d
	0x41, 0x81, 0xe6, 0x7f, 0x7f, 0x7f, 0x7f, //0x00002ca9 andl         $2139062143, %r14d
	0xb9, 0xc0, 0xc0, 0xc0, 0xc0, //0x00002cb0 movl         $-1061109568, %ecx
	0x44, 0x29, 0xf1, //0x00002cb5 subl         %r14d, %ecx
	0x41, 0x8d, 0x9e, 0x46, 0x46, 0x46, 0x46, //0x00002cb8 leal         $1179010630(%r14), %ebx
	0x21, 0xc1, //0x00002cbf andl         %eax, %ecx
	0x85, 0xd9, //0x00002cc1 testl        %ebx, %ecx
	0x0f, 0x85, 0x65, 0x00, 0x00, 0x00, //0x00002cc3 jne          LBB0_488
	0xb9, 0xe0, 0xe0, 0xe0, 0xe0, //0x00002cc9 movl         $-522133280, %ecx
	0x44, 0x29, 0xf1, //0x00002cce subl         %r14d, %ecx
	0x41, 0x81, 0xc6, 0x39, 0x39, 0x39, 0x39, //0x00002cd1 addl         $960051513, %r14d
	0x21, 0xc8, //0x00002cd8 andl         %ecx, %eax
	0x44, 0x85, 0xf0, //0x00002cda testl        %r14d, %eax
	0x0f, 0x85, 0x4b, 0x00, 0x00, 0x00, //0x00002cdd jne          LBB0_488
	0x41, 0x0f, 0xcb, //0x00002ce3 bswapl       %r11d
	0x44, 0x89, 0xd8, //0x00002ce6 movl         %r11d, %eax
	0xc1, 0xe8, 0x04, //0x00002ce9 shrl         $4, %eax
	0xf7, 0xd0, //0x00002cec notl         %eax
	0x25, 0x01, 0x01, 0x01, 0x01, //0x00002cee andl         $16843009, %eax
	0x8d, 0x04, 0xc0, //0x00002cf3 leal         (%rax,%rax,8), %eax
	0x41, 0x81, 0xe3, 0x0f, 0x0f, 0x0f, 0x0f, //0x00002cf6 andl         $252645135, %r11d
	0x41, 0x01, 0xc3, //0x00002cfd addl         %eax, %r11d
	0x44, 0x89, 0xd8, //0x00002d00 movl         %r11d, %eax
	0xc1, 0xe8, 0x0c, //0x00002d03 shrl         $12, %eax
	0x41, 0xc1, 0xeb, 0x08, //0x00002d06 shrl         $8, %r11d
	0x41, 0x09, 0xc3, //0x00002d0a orl          %eax, %r11d
	0x41, 0x81, 0xe3, 0x00, 0xfc, 0x00, 0x00, //0x00002d0d andl         $64512, %r11d
	0x41, 0x81, 0xfb, 0x00, 0xdc, 0x00, 0x00, //0x00002d14 cmpl         $56320, %r11d
	0x0f, 0x85, 0x0d, 0x00, 0x00, 0x00, //0x00002d1b jne          LBB0_488
	0x4c, 0x8b, 0x5d, 0xc0, //0x00002d21 movq         $-64(%rbp), %r11
	0x49, 0x83, 0xc3, 0x0c, //0x00002d25 addq         $12, %r11
	0xe9, 0x74, 0x00, 0x00, 0x00, //0x00002d29 jmp          LBB0_490
	//0x00002d2e LBB0_488
	0x4c, 0x8b, 0x5d, 0xc0, //0x00002d2e movq         $-64(%rbp), %r11
	0x49, 0x83, 0xc3, 0x06, //0x00002d32 addq         $6, %r11
	0xe9, 0x67, 0x00, 0x00, 0x00, //0x00002d36 jmp          LBB0_490
	//0x00002d3b LBB0_461
	0x48, 0x0f, 0xbc, 0xc2, //0x00002d3b bsfq         %rdx, %rax
	0x48, 0x39, 0xf8, //0x00002d3f cmpq         %rdi, %rax
	0x0f, 0x83, 0x9c, 0xfd, 0xff, 0xff, //0x00002d42 jae          LBB0_470
	0x48, 0x01, 0xf0, //0x00002d48 addq         %rsi, %rax
	0x4c, 0x39, 0xd8, //0x00002d4b cmpq         %r11, %rax
	0x0f, 0x8c, 0x5b, 0x00, 0x00, 0x00, //0x00002d4e jl           LBB0_491
	0x48, 0x89, 0x45, 0xc0, //0x00002d54 movq         %rax, $-64(%rbp)
	0x48, 0x83, 0xc0, 0x01, //0x00002d58 addq         $1, %rax
	0x4d, 0x89, 0xe6, //0x00002d5c movq         %r12, %r14
	0x49, 0x29, 0xc6, //0x00002d5f subq         %rax, %r14
	0x0f, 0x84, 0xba, 0x20, 0x00, 0x00, //0x00002d62 je           LBB0_857
	0x48, 0x89, 0x45, 0x88, //0x00002d68 movq         %rax, $-120(%rbp)
	0x45, 0x0f, 0xbe, 0x1c, 0x01, //0x00002d6c movsbl       (%r9,%rax), %r11d
	0x48, 0xc7, 0xc0, 0xfe, 0xff, 0xff, 0xff, //0x00002d71 movq         $-2, %rax
	0x41, 0x83, 0xc3, 0xde, //0x00002d78 addl         $-34, %r11d
	0x41, 0x83, 0xfb, 0x53, //0x00002d7c cmpl         $83, %r11d
	0x0f, 0x87, 0xba, 0x22, 0x00, 0x00, //0x00002d80 ja           LBB0_900
	0x66, 0x0f, 0x6f, 0xda, //0x00002d86 movdqa       %xmm2, %xmm3
	0x48, 0x8d, 0x1d, 0x27, 0x2d, 0x00, 0x00, //0x00002d8a leaq         $11559(%rip), %rbx  /* LJTI0_8+0(%rip) */
	0x4a, 0x63, 0x0c, 0x9b, //0x00002d91 movslq       (%rbx,%r11,4), %rcx
	0x48, 0x01, 0xd9, //0x00002d95 addq         %rbx, %rcx
	0x4c, 0x8b, 0x5d, 0xc0, //0x00002d98 movq         $-64(%rbp), %r11
	0xff, 0xe1, //0x00002d9c jmpq         *%rcx
	//0x00002d9e LBB0_489
	0x49, 0x83, 0xc3, 0x02, //0x00002d9e addq         $2, %r11
	//0x00002da2 LBB0_490
	0x4d, 0x85, 0xdb, //0x00002da2 testq        %r11, %r11
	0x66, 0x0f, 0x6f, 0xd3, //0x00002da5 movdqa       %xmm3, %xmm2
	0x0f, 0x88, 0x62, 0x20, 0x00, 0x00, //0x00002da9 js           LBB0_856
	//0x00002daf LBB0_491
	0x48, 0x8d, 0x42, 0xff, //0x00002daf leaq         $-1(%rdx), %rax
	0x48, 0x21, 0xc2, //0x00002db3 andq         %rax, %rdx
	0x0f, 0x84, 0x28, 0xfd, 0xff, 0xff, //0x00002db6 je           LBB0_470
	0xe9, 0x7a, 0xff, 0xff, 0xff, //0x00002dbc jmp          LBB0_461
	//0x00002dc1 LBB0_492
	0x48, 0x85, 0xd2, //0x00002dc1 testq        %rdx, %rdx
	0x0f, 0x84, 0xf9, 0x00, 0x00, 0x00, //0x00002dc4 je           LBB0_515
	0x4c, 0x0f, 0xbc, 0xda, //0x00002dca bsfq         %rdx, %r11
	0xe9, 0xf6, 0x00, 0x00, 0x00, //0x00002dce jmp          LBB0_516
	//0x00002dd3 LBB0_499
	0x48, 0x8b, 0x5d, 0xc8, //0x00002dd3 movq         $-56(%rbp), %rbx
	//0x00002dd7 LBB0_500
	0x48, 0x89, 0xd8, //0x00002dd7 movq         %rbx, %rax
	0x48, 0xb9, 0xfe, 0xff, 0xff, 0xff, 0xff, 0xff, 0xff, 0x7f, //0x00002dda movabsq      $9223372036854775806, %rcx
	0x48, 0x39, 0xcb, //0x00002de4 cmpq         %rcx, %rbx
	0x0f, 0x86, 0xf3, 0xd3, 0xff, 0xff, //0x00002de7 jbe          LBB0_4
	0xe9, 0x5a, 0x20, 0x00, 0x00, //0x00002ded jmp          LBB0_887
	//0x00002df2 LBB0_873
	0x41, 0x89, 0xc8, //0x00002df2 movl         %ecx, %r8d
	0x4c, 0x03, 0x45, 0xc0, //0x00002df5 addq         $-64(%rbp), %r8
	0x49, 0x01, 0xf0, //0x00002df9 addq         %rsi, %r8
	0x48, 0xc7, 0xc6, 0xff, 0xff, 0xff, 0xff, //0x00002dfc movq         $-1, %rsi
	0x48, 0x8b, 0x7d, 0xd0, //0x00002e03 movq         $-48(%rbp), %rdi
	0x48, 0x85, 0xff, //0x00002e07 testq        %rdi, %rdi
	0x0f, 0x85, 0x23, 0x00, 0x00, 0x00, //0x00002e0a jne          LBB0_503
	0xe9, 0xa5, 0x21, 0x00, 0x00, //0x00002e10 jmp          LBB0_874
	//0x00002e15 LBB0_501
	0x48, 0x01, 0xd1, //0x00002e15 addq         %rdx, %rcx
	0x49, 0x89, 0xc8, //0x00002e18 movq         %rcx, %r8
	0x48, 0x8b, 0x5d, 0xc8, //0x00002e1b movq         $-56(%rbp), %rbx
	//0x00002e1f LBB0_502
	0x48, 0xc7, 0xc6, 0xff, 0xff, 0xff, 0xff, //0x00002e1f movq         $-1, %rsi
	0x48, 0x8b, 0x7d, 0xd0, //0x00002e26 movq         $-48(%rbp), %rdi
	0x48, 0x85, 0xff, //0x00002e2a testq        %rdi, %rdi
	0x0f, 0x84, 0x87, 0x21, 0x00, 0x00, //0x00002e2d je           LBB0_874
	//0x00002e33 LBB0_503
	0x4d, 0x85, 0xe4, //0x00002e33 testq        %r12, %r12
	0x0f, 0x84, 0x7e, 0x21, 0x00, 0x00, //0x00002e36 je           LBB0_874
	0x4d, 0x85, 0xd2, //0x00002e3c testq        %r10, %r10
	0x0f, 0x84, 0x75, 0x21, 0x00, 0x00, //0x00002e3f je           LBB0_874
	0x4c, 0x2b, 0x45, 0xc0, //0x00002e45 subq         $-64(%rbp), %r8
	0x49, 0x8d, 0x48, 0xff, //0x00002e49 leaq         $-1(%r8), %rcx
	0x48, 0x39, 0xcf, //0x00002e4d cmpq         %rcx, %rdi
	0x0f, 0x84, 0x34, 0x00, 0x00, 0x00, //0x00002e50 je           LBB0_511
	0x49, 0x39, 0xcc, //0x00002e56 cmpq         %rcx, %r12
	0x0f, 0x84, 0x2b, 0x00, 0x00, 0x00, //0x00002e59 je           LBB0_511
	0x49, 0x39, 0xca, //0x00002e5f cmpq         %rcx, %r10
	0x0f, 0x84, 0x22, 0x00, 0x00, 0x00, //0x00002e62 je           LBB0_511
	0x4d, 0x85, 0xe4, //0x00002e68 testq        %r12, %r12
	0x0f, 0x8e, 0xb8, 0x00, 0x00, 0x00, //0x00002e6b jle          LBB0_520
	0x49, 0x8d, 0x4c, 0x24, 0xff, //0x00002e71 leaq         $-1(%r12), %rcx
	0x49, 0x39, 0xca, //0x00002e76 cmpq         %rcx, %r10
	0x0f, 0x84, 0xaa, 0x00, 0x00, 0x00, //0x00002e79 je           LBB0_520
	0x49, 0xf7, 0xd4, //0x00002e7f notq         %r12
	0x4c, 0x89, 0xe6, //0x00002e82 movq         %r12, %rsi
	0xe9, 0x06, 0x00, 0x00, 0x00, //0x00002e85 jmp          LBB0_512
	//0x00002e8a LBB0_511
	0x49, 0xf7, 0xd8, //0x00002e8a negq         %r8
	0x4c, 0x89, 0xc6, //0x00002e8d movq         %r8, %rsi
	//0x00002e90 LBB0_512
	0x48, 0x85, 0xf6, //0x00002e90 testq        %rsi, %rsi
	0x0f, 0x88, 0x21, 0x21, 0x00, 0x00, //0x00002e93 js           LBB0_874
	//0x00002e99 LBB0_513
	0x49, 0x01, 0xf3, //0x00002e99 addq         %rsi, %r11
	0x4c, 0x8b, 0x65, 0xb8, //0x00002e9c movq         $-72(%rbp), %r12
	0x4d, 0x89, 0x1c, 0x24, //0x00002ea0 movq         %r11, (%r12)
	0x48, 0x89, 0xd8, //0x00002ea4 movq         %rbx, %rax
	0x48, 0xb9, 0xfe, 0xff, 0xff, 0xff, 0xff, 0xff, 0xff, 0x7f, //0x00002ea7 movabsq      $9223372036854775806, %rcx
	0x48, 0x39, 0xcb, //0x00002eb1 cmpq         %rcx, %rbx
	0x4c, 0x8b, 0x55, 0xb0, //0x00002eb4 movq         $-80(%rbp), %r10
	0x0f, 0x86, 0x22, 0xd3, 0xff, 0xff, //0x00002eb8 jbe          LBB0_4
	0xe9, 0x89, 0x1f, 0x00, 0x00, //0x00002ebe jmp          LBB0_887
	//0x00002ec3 LBB0_515
	0x41, 0xbb, 0x40, 0x00, 0x00, 0x00, //0x00002ec3 movl         $64, %r11d
	//0x00002ec9 LBB0_516
	0x4c, 0x8b, 0x55, 0xb0, //0x00002ec9 movq         $-80(%rbp), %r10
	0x4c, 0x8b, 0x6d, 0xa0, //0x00002ecd movq         $-96(%rbp), %r13
	0x4c, 0x8b, 0x7d, 0xa8, //0x00002ed1 movq         $-88(%rbp), %r15
	0x48, 0x8b, 0x55, 0xc8, //0x00002ed5 movq         $-56(%rbp), %rdx
	0x49, 0x39, 0xfb, //0x00002ed9 cmpq         %rdi, %r11
	0x0f, 0x82, 0x67, 0x21, 0x00, 0x00, //0x00002edc jb           LBB0_889
	0x4c, 0x8d, 0x1c, 0x3e, //0x00002ee2 leaq         (%rsi,%rdi), %r11
	0x49, 0x83, 0xc3, 0x01, //0x00002ee6 addq         $1, %r11
	//0x00002eea LBB0_518
	0x4d, 0x85, 0xdb, //0x00002eea testq        %r11, %r11
	0x0f, 0x88, 0x1e, 0x1f, 0x00, 0x00, //0x00002eed js           LBB0_856
	0x4c, 0x8b, 0x65, 0xb8, //0x00002ef3 movq         $-72(%rbp), %r12
	0xe9, 0xc4, 0xd2, 0xff, 0xff, //0x00002ef7 jmp          LBB0_2
	//0x00002efc LBB0_133
	0x4d, 0x85, 0xdb, //0x00002efc testq        %r11, %r11
	0x0f, 0x85, 0x54, 0x0f, 0x00, 0x00, //0x00002eff jne          LBB0_688
	0x4f, 0x8d, 0x1c, 0x16, //0x00002f05 leaq         (%r14,%r10), %r11
	0x49, 0x83, 0xc3, 0x01, //0x00002f09 addq         $1, %r11
	0x49, 0xf7, 0xd6, //0x00002f0d notq         %r14
	0x4d, 0x01, 0xc6, //0x00002f10 addq         %r8, %r14
	//0x00002f13 LBB0_135
	0x4c, 0x8b, 0x55, 0xb0, //0x00002f13 movq         $-80(%rbp), %r10
	0x4c, 0x8b, 0x7d, 0xa8, //0x00002f17 movq         $-88(%rbp), %r15
	0x4d, 0x85, 0xf6, //0x00002f1b testq        %r14, %r14
	0x0f, 0x8f, 0x4b, 0x03, 0x00, 0x00, //0x00002f1e jg           LBB0_208
	0xe9, 0x23, 0x1f, 0x00, 0x00, //0x00002f24 jmp          LBB0_887
	//0x00002f29 LBB0_520
	0x48, 0x89, 0xf9, //0x00002f29 movq         %rdi, %rcx
	0x4c, 0x09, 0xd1, //0x00002f2c orq          %r10, %rcx
	0x0f, 0x99, 0xc1, //0x00002f2f setns        %cl
	0x0f, 0x88, 0x4c, 0x01, 0x00, 0x00, //0x00002f32 js           LBB0_525
	0x4c, 0x39, 0xd7, //0x00002f38 cmpq         %r10, %rdi
	0x0f, 0x8c, 0x43, 0x01, 0x00, 0x00, //0x00002f3b jl           LBB0_525
	0x48, 0xf7, 0xd7, //0x00002f41 notq         %rdi
	0x48, 0x89, 0xfe, //0x00002f44 movq         %rdi, %rsi
	0xe9, 0x44, 0xff, 0xff, 0xff, //0x00002f47 jmp          LBB0_512
	//0x00002f4c LBB0_523
	0x48, 0x8b, 0x55, 0xc8, //0x00002f4c movq         $-56(%rbp), %rdx
	0x49, 0x01, 0xd1, //0x00002f50 addq         %rdx, %r9
	0x49, 0x29, 0xc9, //0x00002f53 subq         %rcx, %r9
	0x48, 0xf7, 0xd6, //0x00002f56 notq         %rsi
	0x4c, 0x01, 0xce, //0x00002f59 addq         %r9, %rsi
	0x49, 0x89, 0xf3, //0x00002f5c movq         %rsi, %r11
	0xe9, 0xbd, 0xf9, 0xff, 0xff, //0x00002f5f jmp          LBB0_451
	//0x00002f64 LBB0_163
	0x4d, 0x85, 0xd2, //0x00002f64 testq        %r10, %r10
	0x0f, 0x85, 0xbd, 0x10, 0x00, 0x00, //0x00002f67 jne          LBB0_711
	0x4f, 0x8d, 0x1c, 0x06, //0x00002f6d leaq         (%r14,%r8), %r11
	0x49, 0x83, 0xc3, 0x01, //0x00002f71 addq         $1, %r11
	0x49, 0xf7, 0xd6, //0x00002f75 notq         %r14
	0x4d, 0x01, 0xe6, //0x00002f78 addq         %r12, %r14
	0x4c, 0x8b, 0x55, 0xb0, //0x00002f7b movq         $-80(%rbp), %r10
	//0x00002f7f LBB0_165
	0x4d, 0x85, 0xf6, //0x00002f7f testq        %r14, %r14
	0x4c, 0x8b, 0x65, 0xb8, //0x00002f82 movq         $-72(%rbp), %r12
	0x0f, 0x8f, 0x24, 0x00, 0x00, 0x00, //0x00002f86 jg           LBB0_258
	0xe9, 0xbb, 0x1e, 0x00, 0x00, //0x00002f8c jmp          LBB0_887
	//0x00002f91 LBB0_256
	0x48, 0xc7, 0xc2, 0xfe, 0xff, 0xff, 0xff, //0x00002f91 movq         $-2, %rdx
	0xb8, 0x02, 0x00, 0x00, 0x00, //0x00002f98 movl         $2, %eax
	0x49, 0x01, 0xc3, //0x00002f9d addq         %rax, %r11
	0x48, 0xc7, 0xc0, 0xff, 0xff, 0xff, 0xff, //0x00002fa0 movq         $-1, %rax
	0x49, 0x01, 0xd6, //0x00002fa7 addq         %rdx, %r14
	0x0f, 0x8e, 0x9c, 0x1e, 0x00, 0x00, //0x00002faa jle          LBB0_887
	//0x00002fb0 LBB0_258
	0x41, 0x0f, 0xb6, 0x03, //0x00002fb0 movzbl       (%r11), %eax
	0x3c, 0x5c, //0x00002fb4 cmpb         $92, %al
	0x0f, 0x84, 0xd5, 0xff, 0xff, 0xff, //0x00002fb6 je           LBB0_256
	0x3c, 0x22, //0x00002fbc cmpb         $34, %al
	0x0f, 0x84, 0x24, 0x00, 0x00, 0x00, //0x00002fbe je           LBB0_524
	0x48, 0xc7, 0xc2, 0xff, 0xff, 0xff, 0xff, //0x00002fc4 movq         $-1, %rdx
	0xb8, 0x01, 0x00, 0x00, 0x00, //0x00002fcb movl         $1, %eax
	0x49, 0x01, 0xc3, //0x00002fd0 addq         %rax, %r11
	0x48, 0xc7, 0xc0, 0xff, 0xff, 0xff, 0xff, //0x00002fd3 movq         $-1, %rax
	0x49, 0x01, 0xd6, //0x00002fda addq         %rdx, %r14
	0x0f, 0x8f, 0xcd, 0xff, 0xff, 0xff, //0x00002fdd jg           LBB0_258
	0xe9, 0x64, 0x1e, 0x00, 0x00, //0x00002fe3 jmp          LBB0_887
	//0x00002fe8 LBB0_524
	0x4d, 0x29, 0xcb, //0x00002fe8 subq         %r9, %r11
	0x49, 0x83, 0xc3, 0x01, //0x00002feb addq         $1, %r11
	0x48, 0x8b, 0x55, 0xc8, //0x00002fef movq         $-56(%rbp), %rdx
	0xe9, 0x53, 0xed, 0xff, 0xff, //0x00002ff3 jmp          LBB0_362
	//0x00002ff8 LBB0_50
	0x4d, 0x01, 0xcb, //0x00002ff8 addq         %r9, %r11
	0x4c, 0x8b, 0x6d, 0xa0, //0x00002ffb movq         $-96(%rbp), %r13
	0x49, 0x83, 0xfe, 0x20, //0x00002fff cmpq         $32, %r14
	0x0f, 0x82, 0x15, 0x03, 0x00, 0x00, //0x00003003 jb           LBB0_545
	//0x00003009 LBB0_51
	0xf3, 0x41, 0x0f, 0x6f, 0x1b, //0x00003009 movdqu       (%r11), %xmm3
	0xf3, 0x41, 0x0f, 0x6f, 0x63, 0x10, //0x0000300e movdqu       $16(%r11), %xmm4
	0x66, 0x0f, 0x6f, 0xeb, //0x00003014 movdqa       %xmm3, %xmm5
	0x66, 0x0f, 0x74, 0xe8, //0x00003018 pcmpeqb      %xmm0, %xmm5
	0x66, 0x0f, 0xd7, 0xd5, //0x0000301c pmovmskb     %xmm5, %edx
	0x66, 0x0f, 0x6f, 0xec, //0x00003020 movdqa       %xmm4, %xmm5
	0x66, 0x0f, 0x74, 0xe8, //0x00003024 pcmpeqb      %xmm0, %xmm5
	0x66, 0x0f, 0xd7, 0xc5, //0x00003028 pmovmskb     %xmm5, %eax
	0x66, 0x0f, 0x74, 0xd9, //0x0000302c pcmpeqb      %xmm1, %xmm3
	0x66, 0x0f, 0xd7, 0xf3, //0x00003030 pmovmskb     %xmm3, %esi
	0x66, 0x0f, 0x74, 0xe1, //0x00003034 pcmpeqb      %xmm1, %xmm4
	0x66, 0x0f, 0xd7, 0xcc, //0x00003038 pmovmskb     %xmm4, %ecx
	0x48, 0xc1, 0xe0, 0x10, //0x0000303c shlq         $16, %rax
	0x48, 0x09, 0xc2, //0x00003040 orq          %rax, %rdx
	0x48, 0xc1, 0xe1, 0x10, //0x00003043 shlq         $16, %rcx
	0x48, 0x09, 0xce, //0x00003047 orq          %rcx, %rsi
	0x0f, 0x85, 0x35, 0x0e, 0x00, 0x00, //0x0000304a jne          LBB0_690
	0x4d, 0x85, 0xd2, //0x00003050 testq        %r10, %r10
	0x4c, 0x8b, 0x65, 0xb8, //0x00003053 movq         $-72(%rbp), %r12
	0x4c, 0x8b, 0x7d, 0xa8, //0x00003057 movq         $-88(%rbp), %r15
	0x0f, 0x85, 0x49, 0x0e, 0x00, 0x00, //0x0000305b jne          LBB0_692
	0x45, 0x31, 0xd2, //0x00003061 xorl         %r10d, %r10d
	0x48, 0x85, 0xd2, //0x00003064 testq        %rdx, %rdx
	0x0f, 0x84, 0x85, 0x0e, 0x00, 0x00, //0x00003067 je           LBB0_694
	//0x0000306d LBB0_54
	0x48, 0x0f, 0xbc, 0xc2, //0x0000306d bsfq         %rdx, %rax
	0x4d, 0x29, 0xcb, //0x00003071 subq         %r9, %r11
	0x49, 0x01, 0xc3, //0x00003074 addq         %rax, %r11
	0x49, 0x83, 0xc3, 0x01, //0x00003077 addq         $1, %r11
	0x4c, 0x8b, 0x55, 0xb0, //0x0000307b movq         $-80(%rbp), %r10
	0xe9, 0x08, 0xe7, 0xff, 0xff, //0x0000307f jmp          LBB0_277
	//0x00003084 LBB0_525
	0x49, 0x8d, 0x52, 0xff, //0x00003084 leaq         $-1(%r10), %rdx
	0x48, 0x39, 0xd7, //0x00003088 cmpq         %rdx, %rdi
	0x49, 0xf7, 0xd2, //0x0000308b notq         %r10
	0x4d, 0x0f, 0x45, 0xd0, //0x0000308e cmovneq      %r8, %r10
	0x84, 0xc9, //0x00003092 testb        %cl, %cl
	0x4d, 0x0f, 0x44, 0xd0, //0x00003094 cmoveq       %r8, %r10
	0x4c, 0x89, 0xd6, //0x00003098 movq         %r10, %rsi
	0xe9, 0xf0, 0xfd, 0xff, 0xff, //0x0000309b jmp          LBB0_512
	//0x000030a0 LBB0_526
	0x89, 0xc0, //0x000030a0 movl         %eax, %eax
	0xe9, 0xd2, 0x00, 0x00, 0x00, //0x000030a2 jmp          LBB0_533
	//0x000030a7 LBB0_527
	0x41, 0x0f, 0xbc, 0xc7, //0x000030a7 bsfl         %r15d, %eax
	0xe9, 0x03, 0x00, 0x00, 0x00, //0x000030ab jmp          LBB0_529
	//0x000030b0 LBB0_528
	0x0f, 0xbc, 0xc6, //0x000030b0 bsfl         %esi, %eax
	//0x000030b3 LBB0_529
	0x49, 0xf7, 0xd3, //0x000030b3 notq         %r11
	0x49, 0x29, 0xc3, //0x000030b6 subq         %rax, %r11
	0x4c, 0x8b, 0x65, 0xb8, //0x000030b9 movq         $-72(%rbp), %r12
	0x4c, 0x8b, 0x7d, 0xa8, //0x000030bd movq         $-88(%rbp), %r15
	0xe9, 0x86, 0xe6, 0xff, 0xff, //0x000030c1 jmp          LBB0_272
	//0x000030c6 LBB0_530
	0x0f, 0xbc, 0xc6, //0x000030c6 bsfl         %esi, %eax
	0xe9, 0xab, 0x00, 0x00, 0x00, //0x000030c9 jmp          LBB0_533
	//0x000030ce LBB0_531
	0x48, 0x8b, 0x5d, 0xc8, //0x000030ce movq         $-56(%rbp), %rbx
	0x4c, 0x8b, 0x45, 0x88, //0x000030d2 movq         $-120(%rbp), %r8
	0x48, 0xc7, 0xc6, 0xff, 0xff, 0xff, 0xff, //0x000030d6 movq         $-1, %rsi
	0x48, 0x8b, 0x7d, 0xd0, //0x000030dd movq         $-48(%rbp), %rdi
	0x48, 0x85, 0xff, //0x000030e1 testq        %rdi, %rdi
	0x0f, 0x85, 0x49, 0xfd, 0xff, 0xff, //0x000030e4 jne          LBB0_503
	0xe9, 0xcb, 0x1e, 0x00, 0x00, //0x000030ea jmp          LBB0_874
	//0x000030ef LBB0_118
	0x4d, 0x01, 0xcb, //0x000030ef addq         %r9, %r11
	0x49, 0x83, 0xfa, 0x20, //0x000030f2 cmpq         $32, %r10
	0x4c, 0x8b, 0x6d, 0xa0, //0x000030f6 movq         $-96(%rbp), %r13
	0x0f, 0x82, 0x33, 0x10, 0x00, 0x00, //0x000030fa jb           LBB0_722
	//0x00003100 LBB0_119
	0xf3, 0x41, 0x0f, 0x6f, 0x1b, //0x00003100 movdqu       (%r11), %xmm3
	0xf3, 0x41, 0x0f, 0x6f, 0x63, 0x10, //0x00003105 movdqu       $16(%r11), %xmm4
	0x66, 0x0f, 0x6f, 0xeb, //0x0000310b movdqa       %xmm3, %xmm5
	0x66, 0x0f, 0x74, 0xe8, //0x0000310f pcmpeqb      %xmm0, %xmm5
	0x66, 0x0f, 0xd7, 0xd5, //0x00003113 pmovmskb     %xmm5, %edx
	0x66, 0x0f, 0x6f, 0xec, //0x00003117 movdqa       %xmm4, %xmm5
	0x66, 0x0f, 0x74, 0xe8, //0x0000311b pcmpeqb      %xmm0, %xmm5
	0x66, 0x0f, 0xd7, 0xc5, //0x0000311f pmovmskb     %xmm5, %eax
	0x66, 0x0f, 0x74, 0xd9, //0x00003123 pcmpeqb      %xmm1, %xmm3
	0x66, 0x0f, 0xd7, 0xf3, //0x00003127 pmovmskb     %xmm3, %esi
	0x66, 0x0f, 0x74, 0xe1, //0x0000312b pcmpeqb      %xmm1, %xmm4
	0x66, 0x0f, 0xd7, 0xcc, //0x0000312f pmovmskb     %xmm4, %ecx
	0x48, 0xc1, 0xe0, 0x10, //0x00003133 shlq         $16, %rax
	0x48, 0x09, 0xc2, //0x00003137 orq          %rax, %rdx
	0x48, 0xc1, 0xe1, 0x10, //0x0000313a shlq         $16, %rcx
	0x48, 0x09, 0xce, //0x0000313e orq          %rcx, %rsi
	0x0f, 0x85, 0x77, 0x0f, 0x00, 0x00, //0x00003141 jne          LBB0_717
	0x4d, 0x85, 0xc0, //0x00003147 testq        %r8, %r8
	0x0f, 0x85, 0x93, 0x0f, 0x00, 0x00, //0x0000314a jne          LBB0_719
	0x45, 0x31, 0xc0, //0x00003150 xorl         %r8d, %r8d
	0x48, 0x85, 0xd2, //0x00003153 testq        %rdx, %rdx
	0x0f, 0x84, 0xcf, 0x0f, 0x00, 0x00, //0x00003156 je           LBB0_721
	//0x0000315c LBB0_122
	0x48, 0x0f, 0xbc, 0xc2, //0x0000315c bsfq         %rdx, %rax
	0x4d, 0x29, 0xcb, //0x00003160 subq         %r9, %r11
	0x49, 0x01, 0xc3, //0x00003163 addq         %rax, %r11
	0x49, 0x83, 0xc3, 0x01, //0x00003166 addq         $1, %r11
	0x4c, 0x8b, 0x55, 0xb0, //0x0000316a movq         $-80(%rbp), %r10
	0x48, 0x8b, 0x55, 0xc8, //0x0000316e movq         $-56(%rbp), %rdx
	0xe9, 0xc7, 0xeb, 0xff, 0xff, //0x00003172 jmp          LBB0_360
	//0x00003177 LBB0_532
	0x89, 0xd8, //0x00003177 movl         %ebx, %eax
	//0x00003179 LBB0_533
	0x49, 0xf7, 0xd3, //0x00003179 notq         %r11
	0x49, 0x29, 0xc3, //0x0000317c subq         %rax, %r11
	0xe9, 0xc4, 0xe5, 0xff, 0xff, //0x0000317f jmp          LBB0_271
	//0x00003184 LBB0_534
	0x0f, 0xbc, 0xcb, //0x00003184 bsfl         %ebx, %ecx
	0xe9, 0x9b, 0x00, 0x00, 0x00, //0x00003187 jmp          LBB0_537
	//0x0000318c LBB0_535
	0x48, 0x8b, 0x5d, 0xc8, //0x0000318c movq         $-56(%rbp), %rbx
	0x49, 0x01, 0xd9, //0x00003190 addq         %rbx, %r9
	0x49, 0x29, 0xc9, //0x00003193 subq         %rcx, %r9
	0x49, 0x29, 0xd1, //0x00003196 subq         %rdx, %r9
	0x4c, 0x89, 0xce, //0x00003199 movq         %r9, %rsi
	0xe9, 0xef, 0xfc, 0xff, 0xff, //0x0000319c jmp          LBB0_512
	//0x000031a1 LBB0_294
	0x4d, 0x01, 0xcb, //0x000031a1 addq         %r9, %r11
	0x49, 0x83, 0xfa, 0x20, //0x000031a4 cmpq         $32, %r10
	0x4c, 0x8b, 0x6d, 0xa0, //0x000031a8 movq         $-96(%rbp), %r13
	0x0f, 0x82, 0x2c, 0x09, 0x00, 0x00, //0x000031ac jb           LBB0_642
	//0x000031b2 LBB0_295
	0xf3, 0x41, 0x0f, 0x6f, 0x1b, //0x000031b2 movdqu       (%r11), %xmm3
	0xf3, 0x41, 0x0f, 0x6f, 0x63, 0x10, //0x000031b7 movdqu       $16(%r11), %xmm4
	0x66, 0x0f, 0x6f, 0xeb, //0x000031bd movdqa       %xmm3, %xmm5
	0x66, 0x0f, 0x74, 0xe8, //0x000031c1 pcmpeqb      %xmm0, %xmm5
	0x66, 0x0f, 0xd7, 0xd5, //0x000031c5 pmovmskb     %xmm5, %edx
	0x66, 0x0f, 0x6f, 0xec, //0x000031c9 movdqa       %xmm4, %xmm5
	0x66, 0x0f, 0x74, 0xe8, //0x000031cd pcmpeqb      %xmm0, %xmm5
	0x66, 0x0f, 0xd7, 0xc5, //0x000031d1 pmovmskb     %xmm5, %eax
	0x66, 0x0f, 0x74, 0xd9, //0x000031d5 pcmpeqb      %xmm1, %xmm3
	0x66, 0x0f, 0xd7, 0xf3, //0x000031d9 pmovmskb     %xmm3, %esi
	0x66, 0x0f, 0x74, 0xe1, //0x000031dd pcmpeqb      %xmm1, %xmm4
	0x66, 0x0f, 0xd7, 0xcc, //0x000031e1 pmovmskb     %xmm4, %ecx
	0x48, 0xc1, 0xe0, 0x10, //0x000031e5 shlq         $16, %rax
	0x48, 0x09, 0xc2, //0x000031e9 orq          %rax, %rdx
	0x48, 0xc1, 0xe1, 0x10, //0x000031ec shlq         $16, %rcx
	0x48, 0x09, 0xce, //0x000031f0 orq          %rcx, %rsi
	0x0f, 0x85, 0x99, 0x14, 0x00, 0x00, //0x000031f3 jne          LBB0_773
	0x4d, 0x85, 0xc0, //0x000031f9 testq        %r8, %r8
	0x0f, 0x85, 0xb5, 0x14, 0x00, 0x00, //0x000031fc jne          LBB0_775
	0x45, 0x31, 0xc0, //0x00003202 xorl         %r8d, %r8d
	0x48, 0x85, 0xd2, //0x00003205 testq        %rdx, %rdx
	0x0f, 0x84, 0xf1, 0x14, 0x00, 0x00, //0x00003208 je           LBB0_777
	//0x0000320e LBB0_298
	0x48, 0x0f, 0xbc, 0xc2, //0x0000320e bsfq         %rdx, %rax
	0x4d, 0x29, 0xcb, //0x00003212 subq         %r9, %r11
	0x49, 0x01, 0xc3, //0x00003215 addq         %rax, %r11
	0x49, 0x83, 0xc3, 0x01, //0x00003218 addq         $1, %r11
	0x4c, 0x8b, 0x55, 0xb0, //0x0000321c movq         $-80(%rbp), %r10
	0xe9, 0xa7, 0xe7, 0xff, 0xff, //0x00003220 jmp          LBB0_303
	//0x00003225 LBB0_536
	0x89, 0xd9, //0x00003225 movl         %ebx, %ecx
	//0x00003227 LBB0_537
	0x48, 0xf7, 0xd6, //0x00003227 notq         %rsi
	0x48, 0x29, 0xce, //0x0000322a subq         %rcx, %rsi
	0x48, 0x8b, 0x5d, 0xc8, //0x0000322d movq         $-56(%rbp), %rbx
	0xe9, 0x5a, 0xfc, 0xff, 0xff, //0x00003231 jmp          LBB0_512
	//0x00003236 LBB0_538
	0x4d, 0x01, 0xcb, //0x00003236 addq         %r9, %r11
	0x4d, 0x85, 0xf6, //0x00003239 testq        %r14, %r14
	0x0f, 0x8f, 0x2d, 0x00, 0x00, 0x00, //0x0000323c jg           LBB0_208
	0xe9, 0x05, 0x1c, 0x00, 0x00, //0x00003242 jmp          LBB0_887
	0x90, 0x90, 0x90, 0x90, 0x90, 0x90, 0x90, 0x90, 0x90, //0x00003247 .p2align 4, 0x90
	//0x00003250 LBB0_206
	0x48, 0xc7, 0xc2, 0xfe, 0xff, 0xff, 0xff, //0x00003250 movq         $-2, %rdx
	0xb8, 0x02, 0x00, 0x00, 0x00, //0x00003257 movl         $2, %eax
	0x49, 0x01, 0xc3, //0x0000325c addq         %rax, %r11
	0x48, 0xc7, 0xc0, 0xff, 0xff, 0xff, 0xff, //0x0000325f movq         $-1, %rax
	0x49, 0x01, 0xd6, //0x00003266 addq         %rdx, %r14
	0x0f, 0x8e, 0xdd, 0x1b, 0x00, 0x00, //0x00003269 jle          LBB0_887
	//0x0000326f LBB0_208
	0x41, 0x0f, 0xb6, 0x03, //0x0000326f movzbl       (%r11), %eax
	0x3c, 0x5c, //0x00003273 cmpb         $92, %al
	0x0f, 0x84, 0xd5, 0xff, 0xff, 0xff, //0x00003275 je           LBB0_206
	0x3c, 0x22, //0x0000327b cmpb         $34, %al
	0x0f, 0x84, 0xff, 0x13, 0x00, 0x00, //0x0000327d je           LBB0_514
	0x48, 0xc7, 0xc2, 0xff, 0xff, 0xff, 0xff, //0x00003283 movq         $-1, %rdx
	0xb8, 0x01, 0x00, 0x00, 0x00, //0x0000328a movl         $1, %eax
	0x49, 0x01, 0xc3, //0x0000328f addq         %rax, %r11
	0x48, 0xc7, 0xc0, 0xff, 0xff, 0xff, 0xff, //0x00003292 movq         $-1, %rax
	0x49, 0x01, 0xd6, //0x00003299 addq         %rdx, %r14
	0x0f, 0x8f, 0xcd, 0xff, 0xff, 0xff, //0x0000329c jg           LBB0_208
	0xe9, 0xa5, 0x1b, 0x00, 0x00, //0x000032a2 jmp          LBB0_887
	//0x000032a7 LBB0_539
	0x4d, 0x01, 0xcb, //0x000032a7 addq         %r9, %r11
	0x48, 0x85, 0xc0, //0x000032aa testq        %rax, %rax
	0x4c, 0x8b, 0x6d, 0xa0, //0x000032ad movq         $-96(%rbp), %r13
	0x48, 0xbe, 0x00, 0x26, 0x00, 0x00, 0x01, 0x10, 0x00, 0x00, //0x000032b1 movabsq      $17596481021440, %rsi
	0x0f, 0x85, 0x11, 0xd9, 0xff, 0xff, //0x000032bb jne          LBB0_142
	//0x000032c1 LBB0_540
	0x48, 0x8b, 0x7d, 0xc8, //0x000032c1 movq         $-56(%rbp), %rdi
	0xe9, 0x4b, 0xd9, 0xff, 0xff, //0x000032c5 jmp          LBB0_149
	//0x000032ca LBB0_541
	0x89, 0xd1, //0x000032ca movl         %edx, %ecx
	0x48, 0xf7, 0xd6, //0x000032cc notq         %rsi
	0x48, 0x29, 0xce, //0x000032cf subq         %rcx, %rsi
	0xe9, 0xb9, 0xfb, 0xff, 0xff, //0x000032d2 jmp          LBB0_512
	//0x000032d7 LBB0_542
	0x49, 0xc7, 0xc2, 0xff, 0xff, 0xff, 0xff, //0x000032d7 movq         $-1, %r10
	0x4c, 0x89, 0xc1, //0x000032de movq         %r8, %rcx
	0x4c, 0x89, 0xea, //0x000032e1 movq         %r13, %rdx
	0x49, 0xc7, 0xc6, 0xff, 0xff, 0xff, 0xff, //0x000032e4 movq         $-1, %r14
	0x49, 0xc7, 0xc4, 0xff, 0xff, 0xff, 0xff, //0x000032eb movq         $-1, %r12
	0x48, 0x8d, 0x05, 0x1b, 0x2c, 0x00, 0x00, //0x000032f2 leaq         $11291(%rip), %rax  /* LJTI0_12+0(%rip) */
	0xe9, 0xd4, 0xd4, 0xff, 0xff, //0x000032f9 jmp          LBB0_93
	//0x000032fe LBB0_543
	0x4d, 0x01, 0xcb, //0x000032fe addq         %r9, %r11
	0xe9, 0x79, 0xfc, 0xff, 0xff, //0x00003301 jmp          LBB0_165
	//0x00003306 LBB0_544
	0x4d, 0x01, 0xcb, //0x00003306 addq         %r9, %r11
	0x48, 0xc7, 0x45, 0xd0, 0xff, 0xff, 0xff, 0xff, //0x00003309 movq         $-1, $-48(%rbp)
	0x45, 0x31, 0xd2, //0x00003311 xorl         %r10d, %r10d
	0x49, 0x83, 0xfe, 0x20, //0x00003314 cmpq         $32, %r14
	0x0f, 0x83, 0xeb, 0xfc, 0xff, 0xff, //0x00003318 jae          LBB0_51
	//0x0000331e LBB0_545
	0x4c, 0x8b, 0x65, 0xb8, //0x0000331e movq         $-72(%rbp), %r12
	0x4c, 0x8b, 0x7d, 0xa8, //0x00003322 movq         $-88(%rbp), %r15
	0xe9, 0xcf, 0x0b, 0x00, 0x00, //0x00003326 jmp          LBB0_695
	//0x0000332b LBB0_546
	0x48, 0xc7, 0x45, 0xd0, 0xff, 0xff, 0xff, 0xff, //0x0000332b movq         $-1, $-48(%rbp)
	0x45, 0x31, 0xff, //0x00003333 xorl         %r15d, %r15d
	//0x00003336 LBB0_547
	0x49, 0x83, 0xfd, 0x20, //0x00003336 cmpq         $32, %r13
	0x0f, 0x82, 0x97, 0x0c, 0x00, 0x00, //0x0000333a jb           LBB0_708
	0xf3, 0x41, 0x0f, 0x6f, 0x26, //0x00003340 movdqu       (%r14), %xmm4
	0xf3, 0x41, 0x0f, 0x6f, 0x5e, 0x10, //0x00003345 movdqu       $16(%r14), %xmm3
	0x66, 0x0f, 0x6f, 0xec, //0x0000334b movdqa       %xmm4, %xmm5
	0x66, 0x0f, 0x74, 0xe8, //0x0000334f pcmpeqb      %xmm0, %xmm5
	0x66, 0x0f, 0xd7, 0xdd, //0x00003353 pmovmskb     %xmm5, %ebx
	0x66, 0x0f, 0x6f, 0xeb, //0x00003357 movdqa       %xmm3, %xmm5
	0x66, 0x0f, 0x74, 0xe8, //0x0000335b pcmpeqb      %xmm0, %xmm5
	0x66, 0x0f, 0xd7, 0xcd, //0x0000335f pmovmskb     %xmm5, %ecx
	0x66, 0x0f, 0x6f, 0xec, //0x00003363 movdqa       %xmm4, %xmm5
	0x66, 0x0f, 0x74, 0xe9, //0x00003367 pcmpeqb      %xmm1, %xmm5
	0x66, 0x0f, 0xd7, 0xc5, //0x0000336b pmovmskb     %xmm5, %eax
	0x66, 0x0f, 0x6f, 0xeb, //0x0000336f movdqa       %xmm3, %xmm5
	0x66, 0x0f, 0x74, 0xe9, //0x00003373 pcmpeqb      %xmm1, %xmm5
	0x66, 0x0f, 0xd7, 0xd5, //0x00003377 pmovmskb     %xmm5, %edx
	0x66, 0x41, 0x0f, 0x6f, 0xeb, //0x0000337b movdqa       %xmm11, %xmm5
	0x66, 0x0f, 0x64, 0xeb, //0x00003380 pcmpgtb      %xmm3, %xmm5
	0x66, 0x41, 0x0f, 0x64, 0xda, //0x00003384 pcmpgtb      %xmm10, %xmm3
	0x66, 0x0f, 0xdb, 0xdd, //0x00003389 pand         %xmm5, %xmm3
	0x66, 0x44, 0x0f, 0xd7, 0xd3, //0x0000338d pmovmskb     %xmm3, %r10d
	0x48, 0xc1, 0xe1, 0x10, //0x00003392 shlq         $16, %rcx
	0x48, 0x09, 0xcb, //0x00003396 orq          %rcx, %rbx
	0x48, 0xc1, 0xe2, 0x10, //0x00003399 shlq         $16, %rdx
	0x49, 0xc1, 0xe2, 0x10, //0x0000339d shlq         $16, %r10
	0x48, 0x09, 0xd0, //0x000033a1 orq          %rdx, %rax
	0x0f, 0x85, 0xb1, 0x0c, 0x00, 0x00, //0x000033a4 jne          LBB0_713
	0x4d, 0x85, 0xff, //0x000033aa testq        %r15, %r15
	0x0f, 0x85, 0xcd, 0x0c, 0x00, 0x00, //0x000033ad jne          LBB0_715
	0x45, 0x31, 0xff, //0x000033b3 xorl         %r15d, %r15d
	0x45, 0x31, 0xe4, //0x000033b6 xorl         %r12d, %r12d
	//0x000033b9 LBB0_551
	0x66, 0x41, 0x0f, 0x6f, 0xdb, //0x000033b9 movdqa       %xmm11, %xmm3
	0x66, 0x0f, 0x64, 0xdc, //0x000033be pcmpgtb      %xmm4, %xmm3
	0x66, 0x41, 0x0f, 0x64, 0xe2, //0x000033c2 pcmpgtb      %xmm10, %xmm4
	0x66, 0x0f, 0xdb, 0xe3, //0x000033c7 pand         %xmm3, %xmm4
	0x66, 0x0f, 0xd7, 0xc4, //0x000033cb pmovmskb     %xmm4, %eax
	0x49, 0x09, 0xc2, //0x000033cf orq          %rax, %r10
	0xba, 0x40, 0x00, 0x00, 0x00, //0x000033d2 movl         $64, %edx
	0xbf, 0x40, 0x00, 0x00, 0x00, //0x000033d7 movl         $64, %edi
	0x48, 0x85, 0xdb, //0x000033dc testq        %rbx, %rbx
	0x0f, 0x84, 0x04, 0x00, 0x00, 0x00, //0x000033df je           LBB0_553
	0x48, 0x0f, 0xbc, 0xfb, //0x000033e5 bsfq         %rbx, %rdi
	//0x000033e9 LBB0_553
	0x4d, 0x85, 0xd2, //0x000033e9 testq        %r10, %r10
	0x0f, 0x84, 0x04, 0x00, 0x00, 0x00, //0x000033ec je           LBB0_555
	0x49, 0x0f, 0xbc, 0xd2, //0x000033f2 bsfq         %r10, %rdx
	//0x000033f6 LBB0_555
	0x4c, 0x89, 0xf6, //0x000033f6 movq         %r14, %rsi
	0x4c, 0x29, 0xce, //0x000033f9 subq         %r9, %rsi
	0x4d, 0x85, 0xe4, //0x000033fc testq        %r12, %r12
	0x0f, 0x85, 0xe0, 0x18, 0x00, 0x00, //0x000033ff jne          LBB0_840
	//0x00003405 LBB0_556
	0x48, 0x85, 0xdb, //0x00003405 testq        %rbx, %rbx
	0x0f, 0x84, 0x1a, 0x00, 0x00, 0x00, //0x00003408 je           LBB0_559
	0x48, 0x39, 0xfa, //0x0000340e cmpq         %rdi, %rdx
	0x4c, 0x8b, 0x65, 0xb8, //0x00003411 movq         $-72(%rbp), %r12
	0x0f, 0x82, 0x46, 0x1c, 0x00, 0x00, //0x00003415 jb           LBB0_891
	0x4c, 0x8d, 0x1c, 0x3e, //0x0000341b leaq         (%rsi,%rdi), %r11
	0x49, 0x83, 0xc3, 0x01, //0x0000341f addq         $1, %r11
	0xe9, 0x58, 0xd1, 0xff, 0xff, //0x00003423 jmp          LBB0_59
	//0x00003428 LBB0_559
	0x4d, 0x85, 0xd2, //0x00003428 testq        %r10, %r10
	0x4c, 0x8b, 0x65, 0xb8, //0x0000342b movq         $-72(%rbp), %r12
	0x48, 0x8b, 0x4d, 0xd0, //0x0000342f movq         $-48(%rbp), %rcx
	0x0f, 0x85, 0x28, 0x1c, 0x00, 0x00, //0x00003433 jne          LBB0_891
	0x49, 0x83, 0xc6, 0x20, //0x00003439 addq         $32, %r14
	0x49, 0x83, 0xc5, 0xe0, //0x0000343d addq         $-32, %r13
	0x4d, 0x85, 0xff, //0x00003441 testq        %r15, %r15
	0x4c, 0x8b, 0x55, 0xb0, //0x00003444 movq         $-80(%rbp), %r10
	0x0f, 0x85, 0x9e, 0x0b, 0x00, 0x00, //0x00003448 jne          LBB0_709
	//0x0000344e LBB0_561
	0x48, 0x89, 0xc8, //0x0000344e movq         %rcx, %rax
	0x4c, 0x8b, 0x7d, 0xa8, //0x00003451 movq         $-88(%rbp), %r15
	//0x00003455 LBB0_562
	0x4d, 0x85, 0xed, //0x00003455 testq        %r13, %r13
	0x0f, 0x84, 0x98, 0x19, 0x00, 0x00, //0x00003458 je           LBB0_853
	0x41, 0x0f, 0xb6, 0x16, //0x0000345e movzbl       (%r14), %edx
	0x80, 0xfa, 0x22, //0x00003462 cmpb         $34, %dl
	0x0f, 0x84, 0x40, 0x02, 0x00, 0x00, //0x00003465 je           LBB0_590
	0x80, 0xfa, 0x5c, //0x0000346b cmpb         $92, %dl
	0x0f, 0x84, 0x16, 0x00, 0x00, 0x00, //0x0000346e je           LBB0_567
	0x80, 0xfa, 0x1f, //0x00003474 cmpb         $31, %dl
	0x0f, 0x86, 0x08, 0x1c, 0x00, 0x00, //0x00003477 jbe          LBB0_894
	0x49, 0x83, 0xc6, 0x01, //0x0000347d addq         $1, %r14
	0x49, 0x83, 0xc5, 0xff, //0x00003481 addq         $-1, %r13
	0xe9, 0xcb, 0xff, 0xff, 0xff, //0x00003485 jmp          LBB0_562
	//0x0000348a LBB0_567
	0x48, 0x89, 0x4d, 0xd0, //0x0000348a movq         %rcx, $-48(%rbp)
	0x49, 0x83, 0xfd, 0x01, //0x0000348e cmpq         $1, %r13
	0x0f, 0x84, 0x5e, 0x19, 0x00, 0x00, //0x00003492 je           LBB0_853
	0x4c, 0x89, 0xf6, //0x00003498 movq         %r14, %rsi
	0x4c, 0x29, 0xce, //0x0000349b subq         %r9, %rsi
	0x48, 0x83, 0xf8, 0xff, //0x0000349e cmpq         $-1, %rax
	0x48, 0x8b, 0x4d, 0xd0, //0x000034a2 movq         $-48(%rbp), %rcx
	0x48, 0x0f, 0x44, 0xce, //0x000034a6 cmoveq       %rsi, %rcx
	0x48, 0x89, 0x4d, 0xd0, //0x000034aa movq         %rcx, $-48(%rbp)
	0x48, 0x0f, 0x44, 0xc6, //0x000034ae cmoveq       %rsi, %rax
	0x48, 0x83, 0xc6, 0x01, //0x000034b2 addq         $1, %rsi
	0x4c, 0x89, 0xc2, //0x000034b6 movq         %r8, %rdx
	0x48, 0x29, 0xf2, //0x000034b9 subq         %rsi, %rdx
	0x0f, 0x84, 0x34, 0x19, 0x00, 0x00, //0x000034bc je           LBB0_853
	0x48, 0x89, 0xf3, //0x000034c2 movq         %rsi, %rbx
	0x41, 0x0f, 0xbe, 0x34, 0x31, //0x000034c5 movsbl       (%r9,%rsi), %esi
	0x83, 0xc6, 0xde, //0x000034ca addl         $-34, %esi
	0x83, 0xfe, 0x53, //0x000034cd cmpl         $83, %esi
	0x0f, 0x87, 0xdb, 0x1b, 0x00, 0x00, //0x000034d0 ja           LBB0_897
	0x66, 0x0f, 0x6f, 0xda, //0x000034d6 movdqa       %xmm2, %xmm3
	0x48, 0x8d, 0x3d, 0x97, 0x22, 0x00, 0x00, //0x000034da leaq         $8855(%rip), %rdi  /* LJTI0_6+0(%rip) */
	0x48, 0x63, 0x0c, 0xb7, //0x000034e1 movslq       (%rdi,%rsi,4), %rcx
	0x48, 0x01, 0xf9, //0x000034e5 addq         %rdi, %rcx
	0xff, 0xe1, //0x000034e8 jmpq         *%rcx
	//0x000034ea LBB0_571
	0x4c, 0x8d, 0x5b, 0x01, //0x000034ea leaq         $1(%rbx), %r11
	//0x000034ee LBB0_572
	0x4d, 0x85, 0xdb, //0x000034ee testq        %r11, %r11
	0x0f, 0x88, 0xee, 0x18, 0x00, 0x00, //0x000034f1 js           LBB0_852
	0x49, 0x29, 0xdb, //0x000034f7 subq         %rbx, %r11
	0x49, 0x8d, 0x4b, 0x01, //0x000034fa leaq         $1(%r11), %rcx
	0x49, 0x29, 0xcd, //0x000034fe subq         %rcx, %r13
	0x4d, 0x01, 0xde, //0x00003501 addq         %r11, %r14
	0x49, 0x83, 0xc6, 0x01, //0x00003504 addq         $1, %r14
	0x4c, 0x8b, 0x65, 0xb8, //0x00003508 movq         $-72(%rbp), %r12
	0x4c, 0x8b, 0x55, 0xb0, //0x0000350c movq         $-80(%rbp), %r10
	0x4c, 0x8b, 0x7d, 0xa8, //0x00003510 movq         $-88(%rbp), %r15
	0x66, 0x0f, 0x6f, 0xd3, //0x00003514 movdqa       %xmm3, %xmm2
	0x48, 0x8b, 0x4d, 0xd0, //0x00003518 movq         $-48(%rbp), %rcx
	0xe9, 0x34, 0xff, 0xff, 0xff, //0x0000351c jmp          LBB0_562
	//0x00003521 LBB0_574
	0x48, 0x83, 0xfa, 0x05, //0x00003521 cmpq         $5, %rdx
	0x0f, 0x82, 0xcb, 0x18, 0x00, 0x00, //0x00003525 jb           LBB0_853
	0x45, 0x8b, 0x5c, 0x19, 0x01, //0x0000352b movl         $1(%r9,%rbx), %r11d
	0x44, 0x89, 0xdf, //0x00003530 movl         %r11d, %edi
	0xf7, 0xd7, //0x00003533 notl         %edi
	0x41, 0x8d, 0x8b, 0xd0, 0xcf, 0xcf, 0xcf, //0x00003535 leal         $-808464432(%r11), %ecx
	0x81, 0xe7, 0x80, 0x80, 0x80, 0x80, //0x0000353c andl         $-2139062144, %edi
	0x85, 0xcf, //0x00003542 testl        %ecx, %edi
	0x0f, 0x85, 0x67, 0x1b, 0x00, 0x00, //0x00003544 jne          LBB0_897
	0x41, 0x8d, 0x8b, 0x19, 0x19, 0x19, 0x19, //0x0000354a leal         $421075225(%r11), %ecx
	0x44, 0x09, 0xd9, //0x00003551 orl          %r11d, %ecx
	0xf7, 0xc1, 0x80, 0x80, 0x80, 0x80, //0x00003554 testl        $-2139062144, %ecx
	0x0f, 0x85, 0x51, 0x1b, 0x00, 0x00, //0x0000355a jne          LBB0_897
	0x44, 0x89, 0xde, //0x00003560 movl         %r11d, %esi
	0x81, 0xe6, 0x7f, 0x7f, 0x7f, 0x7f, //0x00003563 andl         $2139062143, %esi
	0xb9, 0xc0, 0xc0, 0xc0, 0xc0, //0x00003569 movl         $-1061109568, %ecx
	0x29, 0xf1, //0x0000356e subl         %esi, %ecx
	0x44, 0x8d, 0x96, 0x46, 0x46, 0x46, 0x46, //0x00003570 leal         $1179010630(%rsi), %r10d
	0x21, 0xf9, //0x00003577 andl         %edi, %ecx
	0x44, 0x85, 0xd1, //0x00003579 testl        %r10d, %ecx
	0x0f, 0x85, 0x2f, 0x1b, 0x00, 0x00, //0x0000357c jne          LBB0_897
	0xb9, 0xe0, 0xe0, 0xe0, 0xe0, //0x00003582 movl         $-522133280, %ecx
	0x29, 0xf1, //0x00003587 subl         %esi, %ecx
	0x81, 0xc6, 0x39, 0x39, 0x39, 0x39, //0x00003589 addl         $960051513, %esi
	0x21, 0xcf, //0x0000358f andl         %ecx, %edi
	0x85, 0xf7, //0x00003591 testl        %esi, %edi
	0x0f, 0x85, 0x18, 0x1b, 0x00, 0x00, //0x00003593 jne          LBB0_897
	0x41, 0x0f, 0xcb, //0x00003599 bswapl       %r11d
	0x44, 0x89, 0xd9, //0x0000359c movl         %r11d, %ecx
	0xc1, 0xe9, 0x04, //0x0000359f shrl         $4, %ecx
	0xf7, 0xd1, //0x000035a2 notl         %ecx
	0x81, 0xe1, 0x01, 0x01, 0x01, 0x01, //0x000035a4 andl         $16843009, %ecx
	0x8d, 0x0c, 0xc9, //0x000035aa leal         (%rcx,%rcx,8), %ecx
	0x41, 0x81, 0xe3, 0x0f, 0x0f, 0x0f, 0x0f, //0x000035ad andl         $252645135, %r11d
	0x41, 0x01, 0xcb, //0x000035b4 addl         %ecx, %r11d
	0x44, 0x89, 0xd9, //0x000035b7 movl         %r11d, %ecx
	0xc1, 0xe9, 0x0c, //0x000035ba shrl         $12, %ecx
	0x41, 0xc1, 0xeb, 0x08, //0x000035bd shrl         $8, %r11d
	0x41, 0x09, 0xcb, //0x000035c1 orl          %ecx, %r11d
	0x41, 0x81, 0xe3, 0x00, 0xfc, 0x00, 0x00, //0x000035c4 andl         $64512, %r11d
	0x41, 0x81, 0xfb, 0x00, 0xd8, 0x00, 0x00, //0x000035cb cmpl         $55296, %r11d
	0x0f, 0x85, 0xca, 0x00, 0x00, 0x00, //0x000035d2 jne          LBB0_589
	0x48, 0x83, 0xfa, 0x0b, //0x000035d8 cmpq         $11, %rdx
	0x0f, 0x82, 0xc0, 0x00, 0x00, 0x00, //0x000035dc jb           LBB0_589
	0x41, 0x80, 0x7c, 0x19, 0x05, 0x5c, //0x000035e2 cmpb         $92, $5(%r9,%rbx)
	0x0f, 0x85, 0xb4, 0x00, 0x00, 0x00, //0x000035e8 jne          LBB0_589
	0x41, 0x80, 0x7c, 0x19, 0x06, 0x75, //0x000035ee cmpb         $117, $6(%r9,%rbx)
	0x0f, 0x85, 0xa8, 0x00, 0x00, 0x00, //0x000035f4 jne          LBB0_589
	0x41, 0x8b, 0x54, 0x19, 0x07, //0x000035fa movl         $7(%r9,%rbx), %edx
	0x89, 0xd6, //0x000035ff movl         %edx, %esi
	0xf7, 0xd6, //0x00003601 notl         %esi
	0x8d, 0x8a, 0xd0, 0xcf, 0xcf, 0xcf, //0x00003603 leal         $-808464432(%rdx), %ecx
	0x81, 0xe6, 0x80, 0x80, 0x80, 0x80, //0x00003609 andl         $-2139062144, %esi
	0x85, 0xce, //0x0000360f testl        %ecx, %esi
	0x0f, 0x85, 0x8b, 0x00, 0x00, 0x00, //0x00003611 jne          LBB0_589
	0x8d, 0x8a, 0x19, 0x19, 0x19, 0x19, //0x00003617 leal         $421075225(%rdx), %ecx
	0x09, 0xd1, //0x0000361d orl          %edx, %ecx
	0xf7, 0xc1, 0x80, 0x80, 0x80, 0x80, //0x0000361f testl        $-2139062144, %ecx
	0x0f, 0x85, 0x77, 0x00, 0x00, 0x00, //0x00003625 jne          LBB0_589
	0x89, 0xd7, //0x0000362b movl         %edx, %edi
	0x81, 0xe7, 0x7f, 0x7f, 0x7f, 0x7f, //0x0000362d andl         $2139062143, %edi
	0xb9, 0xc0, 0xc0, 0xc0, 0xc0, //0x00003633 movl         $-1061109568, %ecx
	0x29, 0xf9, //0x00003638 subl         %edi, %ecx
	0x44, 0x8d, 0x97, 0x46, 0x46, 0x46, 0x46, //0x0000363a leal         $1179010630(%rdi), %r10d
	0x21, 0xf1, //0x00003641 andl         %esi, %ecx
	0x44, 0x85, 0xd1, //0x00003643 testl        %r10d, %ecx
	0x0f, 0x85, 0x56, 0x00, 0x00, 0x00, //0x00003646 jne          LBB0_589
	0xb9, 0xe0, 0xe0, 0xe0, 0xe0, //0x0000364c movl         $-522133280, %ecx
	0x29, 0xf9, //0x00003651 subl         %edi, %ecx
	0x81, 0xc7, 0x39, 0x39, 0x39, 0x39, //0x00003653 addl         $960051513, %edi
	0x21, 0xce, //0x00003659 andl         %ecx, %esi
	0x85, 0xfe, //0x0000365b testl        %edi, %esi
	0x0f, 0x85, 0x3f, 0x00, 0x00, 0x00, //0x0000365d jne          LBB0_589
	0x0f, 0xca, //0x00003663 bswapl       %edx
	0x89, 0xd1, //0x00003665 movl         %edx, %ecx
	0xc1, 0xe9, 0x04, //0x00003667 shrl         $4, %ecx
	0xf7, 0xd1, //0x0000366a notl         %ecx
	0x81, 0xe1, 0x01, 0x01, 0x01, 0x01, //0x0000366c andl         $16843009, %ecx
	0x8d, 0x0c, 0xc9, //0x00003672 leal         (%rcx,%rcx,8), %ecx
	0x81, 0xe2, 0x0f, 0x0f, 0x0f, 0x0f, //0x00003675 andl         $252645135, %edx
	0x01, 0xca, //0x0000367b addl         %ecx, %edx
	0x89, 0xd1, //0x0000367d movl         %edx, %ecx
	0xc1, 0xe9, 0x0c, //0x0000367f shrl         $12, %ecx
	0xc1, 0xea, 0x08, //0x00003682 shrl         $8, %edx
	0x09, 0xca, //0x00003685 orl          %ecx, %edx
	0x81, 0xe2, 0x00, 0xfc, 0x00, 0x00, //0x00003687 andl         $64512, %edx
	0x81, 0xfa, 0x00, 0xdc, 0x00, 0x00, //0x0000368d cmpl         $56320, %edx
	0x0f, 0x85, 0x09, 0x00, 0x00, 0x00, //0x00003693 jne          LBB0_589
	0x4c, 0x8d, 0x5b, 0x0b, //0x00003699 leaq         $11(%rbx), %r11
	0xe9, 0x4c, 0xfe, 0xff, 0xff, //0x0000369d jmp          LBB0_572
	//0x000036a2 LBB0_589
	0x4c, 0x8d, 0x5b, 0x05, //0x000036a2 leaq         $5(%rbx), %r11
	0xe9, 0x43, 0xfe, 0xff, 0xff, //0x000036a6 jmp          LBB0_572
	//0x000036ab LBB0_590
	0x48, 0x89, 0x4d, 0xd0, //0x000036ab movq         %rcx, $-48(%rbp)
	0x4d, 0x29, 0xce, //0x000036af subq         %r9, %r14
	0x49, 0x83, 0xc6, 0x01, //0x000036b2 addq         $1, %r14
	0x4d, 0x89, 0xf3, //0x000036b6 movq         %r14, %r11
	0x4c, 0x8b, 0x6d, 0xa0, //0x000036b9 movq         $-96(%rbp), %r13
	0xe9, 0xca, 0xe0, 0xff, 0xff, //0x000036bd jmp          LBB0_277
	//0x000036c2 LBB0_591
	0x4d, 0x01, 0xcb, //0x000036c2 addq         %r9, %r11
	0x48, 0xc7, 0x45, 0xd0, 0xff, 0xff, 0xff, 0xff, //0x000036c5 movq         $-1, $-48(%rbp)
	0x45, 0x31, 0xc0, //0x000036cd xorl         %r8d, %r8d
	0x49, 0x83, 0xfa, 0x20, //0x000036d0 cmpq         $32, %r10
	0x4c, 0x8b, 0x6d, 0xa0, //0x000036d4 movq         $-96(%rbp), %r13
	0x0f, 0x83, 0x22, 0xfa, 0xff, 0xff, //0x000036d8 jae          LBB0_119
	0xe9, 0x50, 0x0a, 0x00, 0x00, //0x000036de jmp          LBB0_722
	//0x000036e3 LBB0_592
	0x48, 0xc7, 0x45, 0xd0, 0xff, 0xff, 0xff, 0xff, //0x000036e3 movq         $-1, $-48(%rbp)
	0x45, 0x31, 0xc0, //0x000036eb xorl         %r8d, %r8d
	//0x000036ee LBB0_593
	0x49, 0x83, 0xfa, 0x20, //0x000036ee cmpq         $32, %r10
	0x0f, 0x82, 0x14, 0x0b, 0x00, 0x00, //0x000036f2 jb           LBB0_735
	0xf3, 0x41, 0x0f, 0x6f, 0x27, //0x000036f8 movdqu       (%r15), %xmm4
	0xf3, 0x41, 0x0f, 0x6f, 0x5f, 0x10, //0x000036fd movdqu       $16(%r15), %xmm3
	0x66, 0x0f, 0x6f, 0xec, //0x00003703 movdqa       %xmm4, %xmm5
	0x66, 0x0f, 0x74, 0xe8, //0x00003707 pcmpeqb      %xmm0, %xmm5
	0x66, 0x0f, 0xd7, 0xf5, //0x0000370b pmovmskb     %xmm5, %esi
	0x66, 0x0f, 0x6f, 0xeb, //0x0000370f movdqa       %xmm3, %xmm5
	0x66, 0x0f, 0x74, 0xe8, //0x00003713 pcmpeqb      %xmm0, %xmm5
	0x66, 0x0f, 0xd7, 0xcd, //0x00003717 pmovmskb     %xmm5, %ecx
	0x66, 0x0f, 0x6f, 0xec, //0x0000371b movdqa       %xmm4, %xmm5
	0x66, 0x0f, 0x74, 0xe9, //0x0000371f pcmpeqb      %xmm1, %xmm5
	0x66, 0x0f, 0xd7, 0xc5, //0x00003723 pmovmskb     %xmm5, %eax
	0x66, 0x0f, 0x6f, 0xeb, //0x00003727 movdqa       %xmm3, %xmm5
	0x66, 0x0f, 0x74, 0xe9, //0x0000372b pcmpeqb      %xmm1, %xmm5
	0x66, 0x0f, 0xd7, 0xd5, //0x0000372f pmovmskb     %xmm5, %edx
	0x66, 0x41, 0x0f, 0x6f, 0xeb, //0x00003733 movdqa       %xmm11, %xmm5
	0x66, 0x0f, 0x64, 0xeb, //0x00003738 pcmpgtb      %xmm3, %xmm5
	0x66, 0x41, 0x0f, 0x64, 0xda, //0x0000373c pcmpgtb      %xmm10, %xmm3
	0x66, 0x0f, 0xdb, 0xdd, //0x00003741 pand         %xmm5, %xmm3
	0x66, 0x0f, 0xd7, 0xdb, //0x00003745 pmovmskb     %xmm3, %ebx
	0x48, 0xc1, 0xe1, 0x10, //0x00003749 shlq         $16, %rcx
	0x48, 0x09, 0xce, //0x0000374d orq          %rcx, %rsi
	0x48, 0xc1, 0xe2, 0x10, //0x00003750 shlq         $16, %rdx
	0x48, 0xc1, 0xe3, 0x10, //0x00003754 shlq         $16, %rbx
	0x48, 0x09, 0xd0, //0x00003758 orq          %rdx, %rax
	0x0f, 0x85, 0xf8, 0x0a, 0x00, 0x00, //0x0000375b jne          LBB0_738
	0x4d, 0x85, 0xc0, //0x00003761 testq        %r8, %r8
	0x0f, 0x85, 0xa1, 0x0d, 0x00, 0x00, //0x00003764 jne          LBB0_765
	0x45, 0x31, 0xc0, //0x0000376a xorl         %r8d, %r8d
	0x45, 0x31, 0xf6, //0x0000376d xorl         %r14d, %r14d
	0x4c, 0x8b, 0x6d, 0xa0, //0x00003770 movq         $-96(%rbp), %r13
	//0x00003774 LBB0_597
	0x66, 0x41, 0x0f, 0x6f, 0xdb, //0x00003774 movdqa       %xmm11, %xmm3
	0x66, 0x0f, 0x64, 0xdc, //0x00003779 pcmpgtb      %xmm4, %xmm3
	0x66, 0x41, 0x0f, 0x64, 0xe2, //0x0000377d pcmpgtb      %xmm10, %xmm4
	0x66, 0x0f, 0xdb, 0xe3, //0x00003782 pand         %xmm3, %xmm4
	0x66, 0x0f, 0xd7, 0xc4, //0x00003786 pmovmskb     %xmm4, %eax
	0x48, 0x09, 0xc3, //0x0000378a orq          %rax, %rbx
	0xba, 0x40, 0x00, 0x00, 0x00, //0x0000378d movl         $64, %edx
	0xbf, 0x40, 0x00, 0x00, 0x00, //0x00003792 movl         $64, %edi
	0x48, 0x85, 0xf6, //0x00003797 testq        %rsi, %rsi
	0x0f, 0x84, 0x04, 0x00, 0x00, 0x00, //0x0000379a je           LBB0_599
	0x48, 0x0f, 0xbc, 0xfe, //0x000037a0 bsfq         %rsi, %rdi
	//0x000037a4 LBB0_599
	0x48, 0x85, 0xdb, //0x000037a4 testq        %rbx, %rbx
	0x0f, 0x84, 0x04, 0x00, 0x00, 0x00, //0x000037a7 je           LBB0_601
	0x48, 0x0f, 0xbc, 0xd3, //0x000037ad bsfq         %rbx, %rdx
	//0x000037b1 LBB0_601
	0x4c, 0x89, 0xf9, //0x000037b1 movq         %r15, %rcx
	0x4c, 0x29, 0xc9, //0x000037b4 subq         %r9, %rcx
	0x4d, 0x85, 0xf6, //0x000037b7 testq        %r14, %r14
	0x0f, 0x85, 0xbe, 0x0a, 0x00, 0x00, //0x000037ba jne          LBB0_740
	//0x000037c0 LBB0_602
	0x48, 0x85, 0xf6, //0x000037c0 testq        %rsi, %rsi
	0x0f, 0x84, 0x22, 0x00, 0x00, 0x00, //0x000037c3 je           LBB0_605
	0x48, 0x39, 0xfa, //0x000037c9 cmpq         %rdi, %rdx
	0x0f, 0x82, 0xa1, 0x18, 0x00, 0x00, //0x000037cc jb           LBB0_892
	0x4c, 0x8d, 0x1c, 0x39, //0x000037d2 leaq         (%rcx,%rdi), %r11
	0x49, 0x83, 0xc3, 0x01, //0x000037d6 addq         $1, %r11
	0x4c, 0x8b, 0x55, 0xb0, //0x000037da movq         $-80(%rbp), %r10
	0x4c, 0x8b, 0x7d, 0xa8, //0x000037de movq         $-88(%rbp), %r15
	0x48, 0x8b, 0x55, 0xc8, //0x000037e2 movq         $-56(%rbp), %rdx
	0xe9, 0x53, 0xe5, 0xff, 0xff, //0x000037e6 jmp          LBB0_360
	//0x000037eb LBB0_605
	0x48, 0x85, 0xdb, //0x000037eb testq        %rbx, %rbx
	0x48, 0x8b, 0x75, 0xd0, //0x000037ee movq         $-48(%rbp), %rsi
	0x0f, 0x85, 0x7b, 0x18, 0x00, 0x00, //0x000037f2 jne          LBB0_892
	0x49, 0x83, 0xc7, 0x20, //0x000037f8 addq         $32, %r15
	0x49, 0x83, 0xc2, 0xe0, //0x000037fc addq         $-32, %r10
	0x4d, 0x85, 0xc0, //0x00003800 testq        %r8, %r8
	0x0f, 0x85, 0x14, 0x0a, 0x00, 0x00, //0x00003803 jne          LBB0_736
	//0x00003809 LBB0_607
	0x48, 0x89, 0xf0, //0x00003809 movq         %rsi, %rax
	//0x0000380c LBB0_608
	0x48, 0x8b, 0x55, 0xc8, //0x0000380c movq         $-56(%rbp), %rdx
	//0x00003810 LBB0_609
	0x4d, 0x85, 0xd2, //0x00003810 testq        %r10, %r10
	0x0f, 0x84, 0x09, 0x16, 0x00, 0x00, //0x00003813 je           LBB0_857
	0x41, 0x0f, 0xb6, 0x0f, //0x00003819 movzbl       (%r15), %ecx
	0x80, 0xf9, 0x22, //0x0000381d cmpb         $34, %cl
	0x0f, 0x84, 0x34, 0x02, 0x00, 0x00, //0x00003820 je           LBB0_637
	0x80, 0xf9, 0x5c, //0x00003826 cmpb         $92, %cl
	0x0f, 0x84, 0x16, 0x00, 0x00, 0x00, //0x00003829 je           LBB0_614
	0x80, 0xf9, 0x1f, //0x0000382f cmpb         $31, %cl
	0x0f, 0x86, 0x5f, 0x18, 0x00, 0x00, //0x00003832 jbe          LBB0_895
	0x49, 0x83, 0xc7, 0x01, //0x00003838 addq         $1, %r15
	0x49, 0x83, 0xc2, 0xff, //0x0000383c addq         $-1, %r10
	0xe9, 0xcb, 0xff, 0xff, 0xff, //0x00003840 jmp          LBB0_609
	//0x00003845 LBB0_614
	0x48, 0x89, 0x75, 0xd0, //0x00003845 movq         %rsi, $-48(%rbp)
	0x49, 0x83, 0xfa, 0x01, //0x00003849 cmpq         $1, %r10
	0x0f, 0x84, 0xcf, 0x15, 0x00, 0x00, //0x0000384d je           LBB0_857
	0x4c, 0x89, 0xfa, //0x00003853 movq         %r15, %rdx
	0x4c, 0x29, 0xca, //0x00003856 subq         %r9, %rdx
	0x48, 0x83, 0xf8, 0xff, //0x00003859 cmpq         $-1, %rax
	0x48, 0x8b, 0x4d, 0xd0, //0x0000385d movq         $-48(%rbp), %rcx
	0x48, 0x0f, 0x44, 0xca, //0x00003861 cmoveq       %rdx, %rcx
	0x48, 0x89, 0x4d, 0xd0, //0x00003865 movq         %rcx, $-48(%rbp)
	0x48, 0x0f, 0x44, 0xc2, //0x00003869 cmoveq       %rdx, %rax
	0x48, 0x83, 0xc2, 0x01, //0x0000386d addq         $1, %rdx
	0x4c, 0x89, 0xe1, //0x00003871 movq         %r12, %rcx
	0x48, 0x29, 0xd1, //0x00003874 subq         %rdx, %rcx
	0x0f, 0x84, 0xa5, 0x15, 0x00, 0x00, //0x00003877 je           LBB0_857
	0x48, 0x89, 0xd3, //0x0000387d movq         %rdx, %rbx
	0x41, 0x0f, 0xbe, 0x14, 0x11, //0x00003880 movsbl       (%r9,%rdx), %edx
	0x83, 0xc2, 0xde, //0x00003885 addl         $-34, %edx
	0x83, 0xfa, 0x53, //0x00003888 cmpl         $83, %edx
	0x0f, 0x87, 0x30, 0x18, 0x00, 0x00, //0x0000388b ja           LBB0_898
	0x66, 0x0f, 0x6f, 0xda, //0x00003891 movdqa       %xmm2, %xmm3
	0x48, 0x8d, 0x35, 0xec, 0x1a, 0x00, 0x00, //0x00003895 leaq         $6892(%rip), %rsi  /* LJTI0_3+0(%rip) */
	0x48, 0x63, 0x14, 0x96, //0x0000389c movslq       (%rsi,%rdx,4), %rdx
	0x48, 0x01, 0xf2, //0x000038a0 addq         %rsi, %rdx
	0xff, 0xe2, //0x000038a3 jmpq         *%rdx
	//0x000038a5 LBB0_618
	0x4c, 0x8d, 0x5b, 0x01, //0x000038a5 leaq         $1(%rbx), %r11
	//0x000038a9 LBB0_619
	0x4d, 0x85, 0xdb, //0x000038a9 testq        %r11, %r11
	0x0f, 0x88, 0x5f, 0x15, 0x00, 0x00, //0x000038ac js           LBB0_856
	0x49, 0x29, 0xdb, //0x000038b2 subq         %rbx, %r11
	0x49, 0x8d, 0x4b, 0x01, //0x000038b5 leaq         $1(%r11), %rcx
	0x49, 0x29, 0xca, //0x000038b9 subq         %rcx, %r10
	0x4d, 0x01, 0xdf, //0x000038bc addq         %r11, %r15
	0x49, 0x83, 0xc7, 0x01, //0x000038bf addq         $1, %r15
	0x4c, 0x8b, 0x6d, 0xa0, //0x000038c3 movq         $-96(%rbp), %r13
	0x66, 0x0f, 0x6f, 0xd3, //0x000038c7 movdqa       %xmm3, %xmm2
	0x48, 0x8b, 0x55, 0xc8, //0x000038cb movq         $-56(%rbp), %rdx
	0x48, 0x8b, 0x75, 0xd0, //0x000038cf movq         $-48(%rbp), %rsi
	0xe9, 0x38, 0xff, 0xff, 0xff, //0x000038d3 jmp          LBB0_609
	//0x000038d8 LBB0_621
	0x48, 0x83, 0xf9, 0x05, //0x000038d8 cmpq         $5, %rcx
	0x0f, 0x82, 0x40, 0x15, 0x00, 0x00, //0x000038dc jb           LBB0_857
	0x41, 0x8b, 0x74, 0x19, 0x01, //0x000038e2 movl         $1(%r9,%rbx), %esi
	0x89, 0xf7, //0x000038e7 movl         %esi, %edi
	0xf7, 0xd7, //0x000038e9 notl         %edi
	0x8d, 0x96, 0xd0, 0xcf, 0xcf, 0xcf, //0x000038eb leal         $-808464432(%rsi), %edx
	0x81, 0xe7, 0x80, 0x80, 0x80, 0x80, //0x000038f1 andl         $-2139062144, %edi
	0x85, 0xd7, //0x000038f7 testl        %edx, %edi
	0x0f, 0x85, 0xc2, 0x17, 0x00, 0x00, //0x000038f9 jne          LBB0_898
	0x8d, 0x96, 0x19, 0x19, 0x19, 0x19, //0x000038ff leal         $421075225(%rsi), %edx
	0x09, 0xf2, //0x00003905 orl          %esi, %edx
	0xf7, 0xc2, 0x80, 0x80, 0x80, 0x80, //0x00003907 testl        $-2139062144, %edx
	0x0f, 0x85, 0xae, 0x17, 0x00, 0x00, //0x0000390d jne          LBB0_898
	0x89, 0xf2, //0x00003913 movl         %esi, %edx
	0x81, 0xe2, 0x7f, 0x7f, 0x7f, 0x7f, //0x00003915 andl         $2139062143, %edx
	0x41, 0xbb, 0xc0, 0xc0, 0xc0, 0xc0, //0x0000391b movl         $-1061109568, %r11d
	0x41, 0x29, 0xd3, //0x00003921 subl         %edx, %r11d
	0x44, 0x8d, 0x82, 0x46, 0x46, 0x46, 0x46, //0x00003924 leal         $1179010630(%rdx), %r8d
	0x41, 0x21, 0xfb, //0x0000392b andl         %edi, %r11d
	0x45, 0x85, 0xc3, //0x0000392e testl        %r8d, %r11d
	0x0f, 0x85, 0x8a, 0x17, 0x00, 0x00, //0x00003931 jne          LBB0_898
	0x41, 0xb8, 0xe0, 0xe0, 0xe0, 0xe0, //0x00003937 movl         $-522133280, %r8d
	0x41, 0x29, 0xd0, //0x0000393d subl         %edx, %r8d
	0x81, 0xc2, 0x39, 0x39, 0x39, 0x39, //0x00003940 addl         $960051513, %edx
	0x44, 0x21, 0xc7, //0x00003946 andl         %r8d, %edi
	0x85, 0xd7, //0x00003949 testl        %edx, %edi
	0x0f, 0x85, 0x70, 0x17, 0x00, 0x00, //0x0000394b jne          LBB0_898
	0x0f, 0xce, //0x00003951 bswapl       %esi
	0x89, 0xf2, //0x00003953 movl         %esi, %edx
	0xc1, 0xea, 0x04, //0x00003955 shrl         $4, %edx
	0xf7, 0xd2, //0x00003958 notl         %edx
	0x81, 0xe2, 0x01, 0x01, 0x01, 0x01, //0x0000395a andl         $16843009, %edx
	0x8d, 0x14, 0xd2, //0x00003960 leal         (%rdx,%rdx,8), %edx
	0x81, 0xe6, 0x0f, 0x0f, 0x0f, 0x0f, //0x00003963 andl         $252645135, %esi
	0x01, 0xd6, //0x00003969 addl         %edx, %esi
	0x89, 0xf2, //0x0000396b movl         %esi, %edx
	0xc1, 0xea, 0x0c, //0x0000396d shrl         $12, %edx
	0xc1, 0xee, 0x08, //0x00003970 shrl         $8, %esi
	0x09, 0xd6, //0x00003973 orl          %edx, %esi
	0x81, 0xe6, 0x00, 0xfc, 0x00, 0x00, //0x00003975 andl         $64512, %esi
	0x81, 0xfe, 0x00, 0xd8, 0x00, 0x00, //0x0000397b cmpl         $55296, %esi
	0x0f, 0x85, 0xca, 0x00, 0x00, 0x00, //0x00003981 jne          LBB0_636
	0x48, 0x83, 0xf9, 0x0b, //0x00003987 cmpq         $11, %rcx
	0x0f, 0x82, 0xc0, 0x00, 0x00, 0x00, //0x0000398b jb           LBB0_636
	0x41, 0x80, 0x7c, 0x19, 0x05, 0x5c, //0x00003991 cmpb         $92, $5(%r9,%rbx)
	0x0f, 0x85, 0xb4, 0x00, 0x00, 0x00, //0x00003997 jne          LBB0_636
	0x41, 0x80, 0x7c, 0x19, 0x06, 0x75, //0x0000399d cmpb         $117, $6(%r9,%rbx)
	0x0f, 0x85, 0xa8, 0x00, 0x00, 0x00, //0x000039a3 jne          LBB0_636
	0x41, 0x8b, 0x4c, 0x19, 0x07, //0x000039a9 movl         $7(%r9,%rbx), %ecx
	0x89, 0xca, //0x000039ae movl         %ecx, %edx
	0xf7, 0xd2, //0x000039b0 notl         %edx
	0x8d, 0xb1, 0xd0, 0xcf, 0xcf, 0xcf, //0x000039b2 leal         $-808464432(%rcx), %esi
	0x81, 0xe2, 0x80, 0x80, 0x80, 0x80, //0x000039b8 andl         $-2139062144, %edx
	0x85, 0xf2, //0x000039be testl        %esi, %edx
	0x0f, 0x85, 0x8b, 0x00, 0x00, 0x00, //0x000039c0 jne          LBB0_636
	0x8d, 0xb1, 0x19, 0x19, 0x19, 0x19, //0x000039c6 leal         $421075225(%rcx), %esi
	0x09, 0xce, //0x000039cc orl          %ecx, %esi
	0xf7, 0xc6, 0x80, 0x80, 0x80, 0x80, //0x000039ce testl        $-2139062144, %esi
	0x0f, 0x85, 0x77, 0x00, 0x00, 0x00, //0x000039d4 jne          LBB0_636
	0x89, 0xcf, //0x000039da movl         %ecx, %edi
	0x81, 0xe7, 0x7f, 0x7f, 0x7f, 0x7f, //0x000039dc andl         $2139062143, %edi
	0xbe, 0xc0, 0xc0, 0xc0, 0xc0, //0x000039e2 movl         $-1061109568, %esi
	0x29, 0xfe, //0x000039e7 subl         %edi, %esi
	0x44, 0x8d, 0x87, 0x46, 0x46, 0x46, 0x46, //0x000039e9 leal         $1179010630(%rdi), %r8d
	0x21, 0xd6, //0x000039f0 andl         %edx, %esi
	0x44, 0x85, 0xc6, //0x000039f2 testl        %r8d, %esi
	0x0f, 0x85, 0x56, 0x00, 0x00, 0x00, //0x000039f5 jne          LBB0_636
	0xbe, 0xe0, 0xe0, 0xe0, 0xe0, //0x000039fb movl         $-522133280, %esi
	0x29, 0xfe, //0x00003a00 subl         %edi, %esi
	0x81, 0xc7, 0x39, 0x39, 0x39, 0x39, //0x00003a02 addl         $960051513, %edi
	0x21, 0xf2, //0x00003a08 andl         %esi, %edx
	0x85, 0xfa, //0x00003a0a testl        %edi, %edx
	0x0f, 0x85, 0x3f, 0x00, 0x00, 0x00, //0x00003a0c jne          LBB0_636
	0x0f, 0xc9, //0x00003a12 bswapl       %ecx
	0x89, 0xca, //0x00003a14 movl         %ecx, %edx
	0xc1, 0xea, 0x04, //0x00003a16 shrl         $4, %edx
	0xf7, 0xd2, //0x00003a19 notl         %edx
	0x81, 0xe2, 0x01, 0x01, 0x01, 0x01, //0x00003a1b andl         $16843009, %edx
	0x8d, 0x14, 0xd2, //0x00003a21 leal         (%rdx,%rdx,8), %edx
	0x81, 0xe1, 0x0f, 0x0f, 0x0f, 0x0f, //0x00003a24 andl         $252645135, %ecx
	0x01, 0xd1, //0x00003a2a addl         %edx, %ecx
	0x89, 0xca, //0x00003a2c movl         %ecx, %edx
	0xc1, 0xea, 0x0c, //0x00003a2e shrl         $12, %edx
	0xc1, 0xe9, 0x08, //0x00003a31 shrl         $8, %ecx
	0x09, 0xd1, //0x00003a34 orl          %edx, %ecx
	0x81, 0xe1, 0x00, 0xfc, 0x00, 0x00, //0x00003a36 andl         $64512, %ecx
	0x81, 0xf9, 0x00, 0xdc, 0x00, 0x00, //0x00003a3c cmpl         $56320, %ecx
	0x0f, 0x85, 0x09, 0x00, 0x00, 0x00, //0x00003a42 jne          LBB0_636
	0x4c, 0x8d, 0x5b, 0x0b, //0x00003a48 leaq         $11(%rbx), %r11
	0xe9, 0x58, 0xfe, 0xff, 0xff, //0x00003a4c jmp          LBB0_619
	//0x00003a51 LBB0_636
	0x4c, 0x8d, 0x5b, 0x05, //0x00003a51 leaq         $5(%rbx), %r11
	0xe9, 0x4f, 0xfe, 0xff, 0xff, //0x00003a55 jmp          LBB0_619
	//0x00003a5a LBB0_637
	0x48, 0x89, 0x75, 0xd0, //0x00003a5a movq         %rsi, $-48(%rbp)
	0x4d, 0x29, 0xcf, //0x00003a5e subq         %r9, %r15
	0x49, 0x83, 0xc7, 0x01, //0x00003a61 addq         $1, %r15
	0x4d, 0x89, 0xfb, //0x00003a65 movq         %r15, %r11
	0x4c, 0x8b, 0x55, 0xb0, //0x00003a68 movq         $-80(%rbp), %r10
	0x4c, 0x8b, 0x7d, 0xa8, //0x00003a6c movq         $-88(%rbp), %r15
	0xe9, 0xc9, 0xe2, 0xff, 0xff, //0x00003a70 jmp          LBB0_360
	//0x00003a75 LBB0_638
	0x4d, 0x01, 0xcb, //0x00003a75 addq         %r9, %r11
	0xe9, 0x60, 0xe8, 0xff, 0xff, //0x00003a78 jmp          LBB0_400
	//0x00003a7d LBB0_639
	0x4d, 0x01, 0xcb, //0x00003a7d addq         %r9, %r11
	0x48, 0x85, 0xff, //0x00003a80 testq        %rdi, %rdi
	0x48, 0xba, 0x00, 0x26, 0x00, 0x00, 0x01, 0x10, 0x00, 0x00, //0x00003a83 movabsq      $17596481021440, %rdx
	0x48, 0x8b, 0x5d, 0xc8, //0x00003a8d movq         $-56(%rbp), %rbx
	0x0f, 0x85, 0xfb, 0xe8, 0xff, 0xff, //0x00003a91 jne          LBB0_407
	0xe9, 0x35, 0xe9, 0xff, 0xff, //0x00003a97 jmp          LBB0_414
	//0x00003a9c LBB0_640
	0x48, 0xc7, 0x45, 0xd0, 0xff, 0xff, 0xff, 0xff, //0x00003a9c movq         $-1, $-48(%rbp)
	0x48, 0x8b, 0x4d, 0xc0, //0x00003aa4 movq         $-64(%rbp), %rcx
	0x49, 0xc7, 0xc2, 0xff, 0xff, 0xff, 0xff, //0x00003aa8 movq         $-1, %r10
	0x49, 0xc7, 0xc4, 0xff, 0xff, 0xff, 0xff, //0x00003aaf movq         $-1, %r12
	0x4c, 0x8d, 0x35, 0xeb, 0x23, 0x00, 0x00, //0x00003ab6 leaq         $9195(%rip), %r14  /* LJTI0_11+0(%rip) */
	0xe9, 0x13, 0xe1, 0xff, 0xff, //0x00003abd jmp          LBB0_330
	//0x00003ac2 LBB0_641
	0x4d, 0x01, 0xcb, //0x00003ac2 addq         %r9, %r11
	0x48, 0xc7, 0x45, 0xd0, 0xff, 0xff, 0xff, 0xff, //0x00003ac5 movq         $-1, $-48(%rbp)
	0x45, 0x31, 0xc0, //0x00003acd xorl         %r8d, %r8d
	0x49, 0x83, 0xfa, 0x20, //0x00003ad0 cmpq         $32, %r10
	0x4c, 0x8b, 0x6d, 0xa0, //0x00003ad4 movq         $-96(%rbp), %r13
	0x0f, 0x83, 0xd4, 0xf6, 0xff, 0xff, //0x00003ad8 jae          LBB0_295
	//0x00003ade LBB0_642
	0x66, 0x0f, 0x6f, 0xda, //0x00003ade movdqa       %xmm2, %xmm3
	0xe9, 0x24, 0x0c, 0x00, 0x00, //0x00003ae2 jmp          LBB0_778
	//0x00003ae7 LBB0_643
	0x48, 0xc7, 0x45, 0xd0, 0xff, 0xff, 0xff, 0xff, //0x00003ae7 movq         $-1, $-48(%rbp)
	0x45, 0x31, 0xc0, //0x00003aef xorl         %r8d, %r8d
	//0x00003af2 LBB0_644
	0x49, 0x83, 0xfa, 0x20, //0x00003af2 cmpq         $32, %r10
	0x0f, 0x82, 0xd8, 0x0c, 0x00, 0x00, //0x00003af6 jb           LBB0_792
	0xf3, 0x41, 0x0f, 0x6f, 0x27, //0x00003afc movdqu       (%r15), %xmm4
	0xf3, 0x41, 0x0f, 0x6f, 0x5f, 0x10, //0x00003b01 movdqu       $16(%r15), %xmm3
	0x66, 0x0f, 0x6f, 0xec, //0x00003b07 movdqa       %xmm4, %xmm5
	0x66, 0x0f, 0x74, 0xe8, //0x00003b0b pcmpeqb      %xmm0, %xmm5
	0x66, 0x0f, 0xd7, 0xf5, //0x00003b0f pmovmskb     %xmm5, %esi
	0x66, 0x0f, 0x6f, 0xeb, //0x00003b13 movdqa       %xmm3, %xmm5
	0x66, 0x0f, 0x74, 0xe8, //0x00003b17 pcmpeqb      %xmm0, %xmm5
	0x66, 0x0f, 0xd7, 0xcd, //0x00003b1b pmovmskb     %xmm5, %ecx
	0x66, 0x0f, 0x6f, 0xec, //0x00003b1f movdqa       %xmm4, %xmm5
	0x66, 0x0f, 0x74, 0xe9, //0x00003b23 pcmpeqb      %xmm1, %xmm5
	0x66, 0x0f, 0xd7, 0xc5, //0x00003b27 pmovmskb     %xmm5, %eax
	0x66, 0x0f, 0x6f, 0xeb, //0x00003b2b movdqa       %xmm3, %xmm5
	0x66, 0x0f, 0x74, 0xe9, //0x00003b2f pcmpeqb      %xmm1, %xmm5
	0x66, 0x0f, 0xd7, 0xd5, //0x00003b33 pmovmskb     %xmm5, %edx
	0x66, 0x41, 0x0f, 0x6f, 0xeb, //0x00003b37 movdqa       %xmm11, %xmm5
	0x66, 0x0f, 0x64, 0xeb, //0x00003b3c pcmpgtb      %xmm3, %xmm5
	0x66, 0x41, 0x0f, 0x64, 0xda, //0x00003b40 pcmpgtb      %xmm10, %xmm3
	0x66, 0x0f, 0xdb, 0xdd, //0x00003b45 pand         %xmm5, %xmm3
	0x66, 0x0f, 0xd7, 0xdb, //0x00003b49 pmovmskb     %xmm3, %ebx
	0x48, 0xc1, 0xe1, 0x10, //0x00003b4d shlq         $16, %rcx
	0x48, 0x09, 0xce, //0x00003b51 orq          %rcx, %rsi
	0x48, 0x89, 0xf1, //0x00003b54 movq         %rsi, %rcx
	0x48, 0xc1, 0xe2, 0x10, //0x00003b57 shlq         $16, %rdx
	0x48, 0xc1, 0xe3, 0x10, //0x00003b5b shlq         $16, %rbx
	0x48, 0x09, 0xd0, //0x00003b5f orq          %rdx, %rax
	0x0f, 0x85, 0xaf, 0x0c, 0x00, 0x00, //0x00003b62 jne          LBB0_795
	0x4d, 0x85, 0xc0, //0x00003b68 testq        %r8, %r8
	0x0f, 0x85, 0x5b, 0x0f, 0x00, 0x00, //0x00003b6b jne          LBB0_822
	0x45, 0x31, 0xc0, //0x00003b71 xorl         %r8d, %r8d
	0x45, 0x31, 0xf6, //0x00003b74 xorl         %r14d, %r14d
	0x4c, 0x8b, 0x6d, 0xa0, //0x00003b77 movq         $-96(%rbp), %r13
	//0x00003b7b LBB0_648
	0x66, 0x41, 0x0f, 0x6f, 0xdb, //0x00003b7b movdqa       %xmm11, %xmm3
	0x66, 0x0f, 0x64, 0xdc, //0x00003b80 pcmpgtb      %xmm4, %xmm3
	0x66, 0x41, 0x0f, 0x64, 0xe2, //0x00003b84 pcmpgtb      %xmm10, %xmm4
	0x66, 0x0f, 0xdb, 0xe3, //0x00003b89 pand         %xmm3, %xmm4
	0x66, 0x0f, 0xd7, 0xc4, //0x00003b8d pmovmskb     %xmm4, %eax
	0x48, 0x09, 0xc3, //0x00003b91 orq          %rax, %rbx
	0xba, 0x40, 0x00, 0x00, 0x00, //0x00003b94 movl         $64, %edx
	0xbf, 0x40, 0x00, 0x00, 0x00, //0x00003b99 movl         $64, %edi
	0x48, 0x85, 0xc9, //0x00003b9e testq        %rcx, %rcx
	0x0f, 0x84, 0x04, 0x00, 0x00, 0x00, //0x00003ba1 je           LBB0_650
	0x48, 0x0f, 0xbc, 0xf9, //0x00003ba7 bsfq         %rcx, %rdi
	//0x00003bab LBB0_650
	0x48, 0x85, 0xdb, //0x00003bab testq        %rbx, %rbx
	0x0f, 0x84, 0x04, 0x00, 0x00, 0x00, //0x00003bae je           LBB0_652
	0x48, 0x0f, 0xbc, 0xd3, //0x00003bb4 bsfq         %rbx, %rdx
	//0x00003bb8 LBB0_652
	0x4c, 0x89, 0xfe, //0x00003bb8 movq         %r15, %rsi
	0x4c, 0x29, 0xce, //0x00003bbb subq         %r9, %rsi
	0x4d, 0x85, 0xf6, //0x00003bbe testq        %r14, %r14
	0x0f, 0x85, 0x78, 0x0c, 0x00, 0x00, //0x00003bc1 jne          LBB0_797
	//0x00003bc7 LBB0_653
	0x48, 0x85, 0xc9, //0x00003bc7 testq        %rcx, %rcx
	0x0f, 0x84, 0x1e, 0x00, 0x00, 0x00, //0x00003bca je           LBB0_656
	0x48, 0x39, 0xfa, //0x00003bd0 cmpq         %rdi, %rdx
	0x0f, 0x82, 0xd0, 0x14, 0x00, 0x00, //0x00003bd3 jb           LBB0_896
	0x4c, 0x8d, 0x1c, 0x3e, //0x00003bd9 leaq         (%rsi,%rdi), %r11
	0x49, 0x83, 0xc3, 0x01, //0x00003bdd addq         $1, %r11
	0x4c, 0x8b, 0x55, 0xb0, //0x00003be1 movq         $-80(%rbp), %r10
	0x4c, 0x8b, 0x7d, 0xa8, //0x00003be5 movq         $-88(%rbp), %r15
	0xe9, 0xde, 0xdd, 0xff, 0xff, //0x00003be9 jmp          LBB0_303
	//0x00003bee LBB0_656
	0x48, 0x85, 0xdb, //0x00003bee testq        %rbx, %rbx
	0x0f, 0x85, 0xb2, 0x14, 0x00, 0x00, //0x00003bf1 jne          LBB0_896
	0x66, 0x0f, 0x6f, 0xda, //0x00003bf7 movdqa       %xmm2, %xmm3
	0x49, 0x83, 0xc7, 0x20, //0x00003bfb addq         $32, %r15
	0x49, 0x83, 0xc2, 0xe0, //0x00003bff addq         $-32, %r10
	0x4d, 0x85, 0xc0, //0x00003c03 testq        %r8, %r8
	0x0f, 0x85, 0xd5, 0x0b, 0x00, 0x00, //0x00003c06 jne          LBB0_793
	//0x00003c0c LBB0_658
	0x48, 0x8b, 0x45, 0xd0, //0x00003c0c movq         $-48(%rbp), %rax
	//0x00003c10 LBB0_659
	0x4d, 0x85, 0xd2, //0x00003c10 testq        %r10, %r10
	0x0f, 0x84, 0x09, 0x12, 0x00, 0x00, //0x00003c13 je           LBB0_857
	0x41, 0x0f, 0xb6, 0x17, //0x00003c19 movzbl       (%r15), %edx
	0x80, 0xfa, 0x22, //0x00003c1d cmpb         $34, %dl
	0x0f, 0x84, 0x24, 0x02, 0x00, 0x00, //0x00003c20 je           LBB0_687
	0x80, 0xfa, 0x5c, //0x00003c26 cmpb         $92, %dl
	0x0f, 0x84, 0x16, 0x00, 0x00, 0x00, //0x00003c29 je           LBB0_664
	0x80, 0xfa, 0x1f, //0x00003c2f cmpb         $31, %dl
	0x0f, 0x86, 0x5f, 0x14, 0x00, 0x00, //0x00003c32 jbe          LBB0_895
	0x49, 0x83, 0xc7, 0x01, //0x00003c38 addq         $1, %r15
	0x49, 0x83, 0xc2, 0xff, //0x00003c3c addq         $-1, %r10
	0xe9, 0xcb, 0xff, 0xff, 0xff, //0x00003c40 jmp          LBB0_659
	//0x00003c45 LBB0_664
	0x49, 0x83, 0xfa, 0x01, //0x00003c45 cmpq         $1, %r10
	0x0f, 0x84, 0xd3, 0x11, 0x00, 0x00, //0x00003c49 je           LBB0_857
	0x4c, 0x89, 0xfe, //0x00003c4f movq         %r15, %rsi
	0x4c, 0x29, 0xce, //0x00003c52 subq         %r9, %rsi
	0x48, 0x83, 0xf8, 0xff, //0x00003c55 cmpq         $-1, %rax
	0x48, 0x8b, 0x4d, 0xd0, //0x00003c59 movq         $-48(%rbp), %rcx
	0x48, 0x0f, 0x44, 0xce, //0x00003c5d cmoveq       %rsi, %rcx
	0x48, 0x89, 0x4d, 0xd0, //0x00003c61 movq         %rcx, $-48(%rbp)
	0x48, 0x0f, 0x44, 0xc6, //0x00003c65 cmoveq       %rsi, %rax
	0x48, 0x83, 0xc6, 0x01, //0x00003c69 addq         $1, %rsi
	0x4c, 0x89, 0xe2, //0x00003c6d movq         %r12, %rdx
	0x48, 0x29, 0xf2, //0x00003c70 subq         %rsi, %rdx
	0x0f, 0x84, 0xa9, 0x11, 0x00, 0x00, //0x00003c73 je           LBB0_857
	0x48, 0x89, 0xf3, //0x00003c79 movq         %rsi, %rbx
	0x41, 0x0f, 0xbe, 0x34, 0x31, //0x00003c7c movsbl       (%r9,%rsi), %esi
	0x83, 0xc6, 0xde, //0x00003c81 addl         $-34, %esi
	0x83, 0xfe, 0x53, //0x00003c84 cmpl         $83, %esi
	0x0f, 0x87, 0x34, 0x14, 0x00, 0x00, //0x00003c87 ja           LBB0_898
	0x48, 0x8d, 0x3d, 0xc4, 0x20, 0x00, 0x00, //0x00003c8d leaq         $8388(%rip), %rdi  /* LJTI0_10+0(%rip) */
	0x48, 0x63, 0x0c, 0xb7, //0x00003c94 movslq       (%rdi,%rsi,4), %rcx
	0x48, 0x01, 0xf9, //0x00003c98 addq         %rdi, %rcx
	0xff, 0xe1, //0x00003c9b jmpq         *%rcx
	//0x00003c9d LBB0_668
	0x4c, 0x8d, 0x5b, 0x01, //0x00003c9d leaq         $1(%rbx), %r11
	//0x00003ca1 LBB0_669
	0x4d, 0x85, 0xdb, //0x00003ca1 testq        %r11, %r11
	0x0f, 0x88, 0x67, 0x11, 0x00, 0x00, //0x00003ca4 js           LBB0_856
	0x49, 0x29, 0xdb, //0x00003caa subq         %rbx, %r11
	0x49, 0x8d, 0x4b, 0x01, //0x00003cad leaq         $1(%r11), %rcx
	0x49, 0x29, 0xca, //0x00003cb1 subq         %rcx, %r10
	0x4d, 0x01, 0xdf, //0x00003cb4 addq         %r11, %r15
	0x49, 0x83, 0xc7, 0x01, //0x00003cb7 addq         $1, %r15
	0xe9, 0x50, 0xff, 0xff, 0xff, //0x00003cbb jmp          LBB0_659
	//0x00003cc0 LBB0_671
	0x48, 0x83, 0xfa, 0x05, //0x00003cc0 cmpq         $5, %rdx
	0x0f, 0x82, 0x58, 0x11, 0x00, 0x00, //0x00003cc4 jb           LBB0_857
	0x45, 0x8b, 0x5c, 0x19, 0x01, //0x00003cca movl         $1(%r9,%rbx), %r11d
	0x44, 0x89, 0xdf, //0x00003ccf movl         %r11d, %edi
	0xf7, 0xd7, //0x00003cd2 notl         %edi
	0x41, 0x8d, 0x8b, 0xd0, 0xcf, 0xcf, 0xcf, //0x00003cd4 leal         $-808464432(%r11), %ecx
	0x81, 0xe7, 0x80, 0x80, 0x80, 0x80, //0x00003cdb andl         $-2139062144, %edi
	0x85, 0xcf, //0x00003ce1 testl        %ecx, %edi
	0x0f, 0x85, 0xd8, 0x13, 0x00, 0x00, //0x00003ce3 jne          LBB0_898
	0x41, 0x8d, 0x8b, 0x19, 0x19, 0x19, 0x19, //0x00003ce9 leal         $421075225(%r11), %ecx
	0x44, 0x09, 0xd9, //0x00003cf0 orl          %r11d, %ecx
	0xf7, 0xc1, 0x80, 0x80, 0x80, 0x80, //0x00003cf3 testl        $-2139062144, %ecx
	0x0f, 0x85, 0xc2, 0x13, 0x00, 0x00, //0x00003cf9 jne          LBB0_898
	0x44, 0x89, 0xde, //0x00003cff movl         %r11d, %esi
	0x81, 0xe6, 0x7f, 0x7f, 0x7f, 0x7f, //0x00003d02 andl         $2139062143, %esi
	0xb9, 0xc0, 0xc0, 0xc0, 0xc0, //0x00003d08 movl         $-1061109568, %ecx
	0x29, 0xf1, //0x00003d0d subl         %esi, %ecx
	0x44, 0x8d, 0x86, 0x46, 0x46, 0x46, 0x46, //0x00003d0f leal         $1179010630(%rsi), %r8d
	0x21, 0xf9, //0x00003d16 andl         %edi, %ecx
	0x44, 0x85, 0xc1, //0x00003d18 testl        %r8d, %ecx
	0x0f, 0x85, 0xa0, 0x13, 0x00, 0x00, //0x00003d1b jne          LBB0_898
	0xb9, 0xe0, 0xe0, 0xe0, 0xe0, //0x00003d21 movl         $-522133280, %ecx
	0x29, 0xf1, //0x00003d26 subl         %esi, %ecx
	0x81, 0xc6, 0x39, 0x39, 0x39, 0x39, //0x00003d28 addl         $960051513, %esi
	0x21, 0xcf, //0x00003d2e andl         %ecx, %edi
	0x85, 0xf7, //0x00003d30 testl        %esi, %edi
	0x0f, 0x85, 0x89, 0x13, 0x00, 0x00, //0x00003d32 jne          LBB0_898
	0x41, 0x0f, 0xcb, //0x00003d38 bswapl       %r11d
	0x44, 0x89, 0xd9, //0x00003d3b movl         %r11d, %ecx
	0xc1, 0xe9, 0x04, //0x00003d3e shrl         $4, %ecx
	0xf7, 0xd1, //0x00003d41 notl         %ecx
	0x81, 0xe1, 0x01, 0x01, 0x01, 0x01, //0x00003d43 andl         $16843009, %ecx
	0x8d, 0x0c, 0xc9, //0x00003d49 leal         (%rcx,%rcx,8), %ecx
	0x41, 0x81, 0xe3, 0x0f, 0x0f, 0x0f, 0x0f, //0x00003d4c andl         $252645135, %r11d
	0x41, 0x01, 0xcb, //0x00003d53 addl         %ecx, %r11d
	0x44, 0x89, 0xd9, //0x00003d56 movl         %r11d, %ecx
	0xc1, 0xe9, 0x0c, //0x00003d59 shrl         $12, %ecx
	0x41, 0xc1, 0xeb, 0x08, //0x00003d5c shrl         $8, %r11d
	0x41, 0x09, 0xcb, //0x00003d60 orl          %ecx, %r11d
	0x41, 0x81, 0xe3, 0x00, 0xfc, 0x00, 0x00, //0x00003d63 andl         $64512, %r11d
	0x41, 0x81, 0xfb, 0x00, 0xd8, 0x00, 0x00, //0x00003d6a cmpl         $55296, %r11d
	0x0f, 0x85, 0xca, 0x00, 0x00, 0x00, //0x00003d71 jne          LBB0_686
	0x48, 0x83, 0xfa, 0x0b, //0x00003d77 cmpq         $11, %rdx
	0x0f, 0x82, 0xc0, 0x00, 0x00, 0x00, //0x00003d7b jb           LBB0_686
	0x41, 0x80, 0x7c, 0x19, 0x05, 0x5c, //0x00003d81 cmpb         $92, $5(%r9,%rbx)
	0x0f, 0x85, 0xb4, 0x00, 0x00, 0x00, //0x00003d87 jne          LBB0_686
	0x41, 0x80, 0x7c, 0x19, 0x06, 0x75, //0x00003d8d cmpb         $117, $6(%r9,%rbx)
	0x0f, 0x85, 0xa8, 0x00, 0x00, 0x00, //0x00003d93 jne          LBB0_686
	0x41, 0x8b, 0x54, 0x19, 0x07, //0x00003d99 movl         $7(%r9,%rbx), %edx
	0x89, 0xd6, //0x00003d9e movl         %edx, %esi
	0xf7, 0xd6, //0x00003da0 notl         %esi
	0x8d, 0x8a, 0xd0, 0xcf, 0xcf, 0xcf, //0x00003da2 leal         $-808464432(%rdx), %ecx
	0x81, 0xe6, 0x80, 0x80, 0x80, 0x80, //0x00003da8 andl         $-2139062144, %esi
	0x85, 0xce, //0x00003dae testl        %ecx, %esi
	0x0f, 0x85, 0x8b, 0x00, 0x00, 0x00, //0x00003db0 jne          LBB0_686
	0x8d, 0x8a, 0x19, 0x19, 0x19, 0x19, //0x00003db6 leal         $421075225(%rdx), %ecx
	0x09, 0xd1, //0x00003dbc orl          %edx, %ecx
	0xf7, 0xc1, 0x80, 0x80, 0x80, 0x80, //0x00003dbe testl        $-2139062144, %ecx
	0x0f, 0x85, 0x77, 0x00, 0x00, 0x00, //0x00003dc4 jne          LBB0_686
	0x89, 0xd7, //0x00003dca movl         %edx, %edi
	0x81, 0xe7, 0x7f, 0x7f, 0x7f, 0x7f, //0x00003dcc andl         $2139062143, %edi
	0xb9, 0xc0, 0xc0, 0xc0, 0xc0, //0x00003dd2 movl         $-1061109568, %ecx
	0x29, 0xf9, //0x00003dd7 subl         %edi, %ecx
	0x44, 0x8d, 0x87, 0x46, 0x46, 0x46, 0x46, //0x00003dd9 leal         $1179010630(%rdi), %r8d
	0x21, 0xf1, //0x00003de0 andl         %esi, %ecx
	0x44, 0x85, 0xc1, //0x00003de2 testl        %r8d, %ecx
	0x0f, 0x85, 0x56, 0x00, 0x00, 0x00, //0x00003de5 jne          LBB0_686
	0xb9, 0xe0, 0xe0, 0xe0, 0xe0, //0x00003deb movl         $-522133280, %ecx
	0x29, 0xf9, //0x00003df0 subl         %edi, %ecx
	0x81, 0xc7, 0x39, 0x39, 0x39, 0x39, //0x00003df2 addl         $960051513, %edi
	0x21, 0xce, //0x00003df8 andl         %ecx, %esi
	0x85, 0xfe, //0x00003dfa testl        %edi, %esi
	0x0f, 0x85, 0x3f, 0x00, 0x00, 0x00, //0x00003dfc jne          LBB0_686
	0x0f, 0xca, //0x00003e02 bswapl       %edx
	0x89, 0xd1, //0x00003e04 movl         %edx, %ecx
	0xc1, 0xe9, 0x04, //0x00003e06 shrl         $4, %ecx
	0xf7, 0xd1, //0x00003e09 notl         %ecx
	0x81, 0xe1, 0x01, 0x01, 0x01, 0x01, //0x00003e0b andl         $16843009, %ecx
	0x8d, 0x0c, 0xc9, //0x00003e11 leal         (%rcx,%rcx,8), %ecx
	0x81, 0xe2, 0x0f, 0x0f, 0x0f, 0x0f, //0x00003e14 andl         $252645135, %edx
	0x01, 0xca, //0x00003e1a addl         %ecx, %edx
	0x89, 0xd1, //0x00003e1c movl         %edx, %ecx
	0xc1, 0xe9, 0x0c, //0x00003e1e shrl         $12, %ecx
	0xc1, 0xea, 0x08, //0x00003e21 shrl         $8, %edx
	0x09, 0xca, //0x00003e24 orl          %ecx, %edx
	0x81, 0xe2, 0x00, 0xfc, 0x00, 0x00, //0x00003e26 andl         $64512, %edx
	0x81, 0xfa, 0x00, 0xdc, 0x00, 0x00, //0x00003e2c cmpl         $56320, %edx
	0x0f, 0x85, 0x09, 0x00, 0x00, 0x00, //0x00003e32 jne          LBB0_686
	0x4c, 0x8d, 0x5b, 0x0b, //0x00003e38 leaq         $11(%rbx), %r11
	0xe9, 0x60, 0xfe, 0xff, 0xff, //0x00003e3c jmp          LBB0_669
	//0x00003e41 LBB0_686
	0x4c, 0x8d, 0x5b, 0x05, //0x00003e41 leaq         $5(%rbx), %r11
	0xe9, 0x57, 0xfe, 0xff, 0xff, //0x00003e45 jmp          LBB0_669
	//0x00003e4a LBB0_687
	0x4d, 0x29, 0xcf, //0x00003e4a subq         %r9, %r15
	0x49, 0x83, 0xc7, 0x01, //0x00003e4d addq         $1, %r15
	0x4d, 0x89, 0xfb, //0x00003e51 movq         %r15, %r11
	0xe9, 0x55, 0x09, 0x00, 0x00, //0x00003e54 jmp          LBB0_791
	//0x00003e59 LBB0_688
	0x49, 0x8d, 0x48, 0xff, //0x00003e59 leaq         $-1(%r8), %rcx
	0x4c, 0x39, 0xf1, //0x00003e5d cmpq         %r14, %rcx
	0x0f, 0x84, 0xe6, 0x0f, 0x00, 0x00, //0x00003e60 je           LBB0_887
	0x66, 0x0f, 0x6f, 0xda, //0x00003e66 movdqa       %xmm2, %xmm3
	0x4f, 0x8d, 0x1c, 0x16, //0x00003e6a leaq         (%r14,%r10), %r11
	0x49, 0x83, 0xc3, 0x02, //0x00003e6e addq         $2, %r11
	0x4d, 0x29, 0xf0, //0x00003e72 subq         %r14, %r8
	0x49, 0x83, 0xc0, 0xfe, //0x00003e75 addq         $-2, %r8
	0x4d, 0x89, 0xc6, //0x00003e79 movq         %r8, %r14
	0x4c, 0x8b, 0x65, 0xb8, //0x00003e7c movq         $-72(%rbp), %r12
	0xe9, 0x8e, 0xf0, 0xff, 0xff, //0x00003e80 jmp          LBB0_135
	//0x00003e85 LBB0_690
	0x66, 0x0f, 0x6f, 0xda, //0x00003e85 movdqa       %xmm2, %xmm3
	0x48, 0x83, 0x7d, 0xd0, 0xff, //0x00003e89 cmpq         $-1, $-48(%rbp)
	0x0f, 0x85, 0x1a, 0x00, 0x00, 0x00, //0x00003e8e jne          LBB0_693
	0x4c, 0x89, 0xd8, //0x00003e94 movq         %r11, %rax
	0x4c, 0x29, 0xc8, //0x00003e97 subq         %r9, %rax
	0x48, 0x0f, 0xbc, 0xce, //0x00003e9a bsfq         %rsi, %rcx
	0x48, 0x01, 0xc1, //0x00003e9e addq         %rax, %rcx
	0x48, 0x89, 0x4d, 0xd0, //0x00003ea1 movq         %rcx, $-48(%rbp)
	0xe9, 0x04, 0x00, 0x00, 0x00, //0x00003ea5 jmp          LBB0_693
	//0x00003eaa LBB0_692
	0x66, 0x0f, 0x6f, 0xda, //0x00003eaa movdqa       %xmm2, %xmm3
	//0x00003eae LBB0_693
	0x44, 0x89, 0xd0, //0x00003eae movl         %r10d, %eax
	0xf7, 0xd0, //0x00003eb1 notl         %eax
	0x21, 0xf0, //0x00003eb3 andl         %esi, %eax
	0x41, 0x8d, 0x0c, 0x42, //0x00003eb5 leal         (%r10,%rax,2), %ecx
	0x8d, 0x3c, 0x00, //0x00003eb9 leal         (%rax,%rax), %edi
	0xf7, 0xd7, //0x00003ebc notl         %edi
	0x21, 0xf7, //0x00003ebe andl         %esi, %edi
	0x81, 0xe7, 0xaa, 0xaa, 0xaa, 0xaa, //0x00003ec0 andl         $-1431655766, %edi
	0x45, 0x31, 0xd2, //0x00003ec6 xorl         %r10d, %r10d
	0x01, 0xc7, //0x00003ec9 addl         %eax, %edi
	0x41, 0x0f, 0x92, 0xc2, //0x00003ecb setb         %r10b
	0x01, 0xff, //0x00003ecf addl         %edi, %edi
	0x81, 0xf7, 0x55, 0x55, 0x55, 0x55, //0x00003ed1 xorl         $1431655765, %edi
	0x21, 0xcf, //0x00003ed7 andl         %ecx, %edi
	0xf7, 0xd7, //0x00003ed9 notl         %edi
	0x21, 0xfa, //0x00003edb andl         %edi, %edx
	0x4c, 0x8b, 0x65, 0xb8, //0x00003edd movq         $-72(%rbp), %r12
	0x4c, 0x8b, 0x7d, 0xa8, //0x00003ee1 movq         $-88(%rbp), %r15
	0x66, 0x0f, 0x6f, 0xd3, //0x00003ee5 movdqa       %xmm3, %xmm2
	0x48, 0x85, 0xd2, //0x00003ee9 testq        %rdx, %rdx
	0x0f, 0x85, 0x7b, 0xf1, 0xff, 0xff, //0x00003eec jne          LBB0_54
	//0x00003ef2 LBB0_694
	0x49, 0x83, 0xc3, 0x20, //0x00003ef2 addq         $32, %r11
	0x49, 0x83, 0xc6, 0xe0, //0x00003ef6 addq         $-32, %r14
	//0x00003efa LBB0_695
	0x4d, 0x85, 0xd2, //0x00003efa testq        %r10, %r10
	0x0f, 0x85, 0x4a, 0x06, 0x00, 0x00, //0x00003efd jne          LBB0_767
	0x4c, 0x89, 0xc9, //0x00003f03 movq         %r9, %rcx
	0x48, 0xf7, 0xd1, //0x00003f06 notq         %rcx
	0x48, 0x8b, 0x55, 0xd0, //0x00003f09 movq         $-48(%rbp), %rdx
	0x4c, 0x8b, 0x55, 0xb0, //0x00003f0d movq         $-80(%rbp), %r10
	0x4d, 0x85, 0xf6, //0x00003f11 testq        %r14, %r14
	0x0f, 0x84, 0x94, 0x00, 0x00, 0x00, //0x00003f14 je           LBB0_707
	//0x00003f1a LBB0_697
	0x48, 0x83, 0xc1, 0x01, //0x00003f1a addq         $1, %rcx
	//0x00003f1e LBB0_698
	0x31, 0xf6, //0x00003f1e xorl         %esi, %esi
	//0x00003f20 LBB0_699
	0x41, 0x0f, 0xb6, 0x1c, 0x33, //0x00003f20 movzbl       (%r11,%rsi), %ebx
	0x80, 0xfb, 0x22, //0x00003f25 cmpb         $34, %bl
	0x0f, 0x84, 0x79, 0x00, 0x00, 0x00, //0x00003f28 je           LBB0_706
	0x80, 0xfb, 0x5c, //0x00003f2e cmpb         $92, %bl
	0x0f, 0x84, 0x12, 0x00, 0x00, 0x00, //0x00003f31 je           LBB0_704
	0x48, 0x83, 0xc6, 0x01, //0x00003f37 addq         $1, %rsi
	0x49, 0x39, 0xf6, //0x00003f3b cmpq         %rsi, %r14
	0x0f, 0x85, 0xdc, 0xff, 0xff, 0xff, //0x00003f3e jne          LBB0_699
	0xe9, 0x6d, 0x00, 0x00, 0x00, //0x00003f44 jmp          LBB0_702
	//0x00003f49 LBB0_704
	0x49, 0x8d, 0x46, 0xff, //0x00003f49 leaq         $-1(%r14), %rax
	0x48, 0x39, 0xf0, //0x00003f4d cmpq         %rsi, %rax
	0x0f, 0x84, 0xa0, 0x0e, 0x00, 0x00, //0x00003f50 je           LBB0_853
	0x66, 0x0f, 0x6f, 0xda, //0x00003f56 movdqa       %xmm2, %xmm3
	0x4a, 0x8d, 0x04, 0x19, //0x00003f5a leaq         (%rcx,%r11), %rax
	0x48, 0x01, 0xf0, //0x00003f5e addq         %rsi, %rax
	0x48, 0x83, 0xfa, 0xff, //0x00003f61 cmpq         $-1, %rdx
	0x48, 0x8b, 0x7d, 0xd0, //0x00003f65 movq         $-48(%rbp), %rdi
	0x48, 0x0f, 0x44, 0xf8, //0x00003f69 cmoveq       %rax, %rdi
	0x48, 0x89, 0x7d, 0xd0, //0x00003f6d movq         %rdi, $-48(%rbp)
	0x48, 0x0f, 0x44, 0xd0, //0x00003f71 cmoveq       %rax, %rdx
	0x49, 0x01, 0xf3, //0x00003f75 addq         %rsi, %r11
	0x49, 0x83, 0xc3, 0x02, //0x00003f78 addq         $2, %r11
	0x4c, 0x89, 0xf0, //0x00003f7c movq         %r14, %rax
	0x48, 0x29, 0xf0, //0x00003f7f subq         %rsi, %rax
	0x48, 0x83, 0xc0, 0xfe, //0x00003f82 addq         $-2, %rax
	0x49, 0x83, 0xc6, 0xfe, //0x00003f86 addq         $-2, %r14
	0x49, 0x39, 0xf6, //0x00003f8a cmpq         %rsi, %r14
	0x49, 0x89, 0xc6, //0x00003f8d movq         %rax, %r14
	0x4c, 0x8b, 0x65, 0xb8, //0x00003f90 movq         $-72(%rbp), %r12
	0x4c, 0x8b, 0x55, 0xb0, //0x00003f94 movq         $-80(%rbp), %r10
	0x4c, 0x8b, 0x7d, 0xa8, //0x00003f98 movq         $-88(%rbp), %r15
	0x0f, 0x85, 0x7c, 0xff, 0xff, 0xff, //0x00003f9c jne          LBB0_698
	0xe9, 0x4f, 0x0e, 0x00, 0x00, //0x00003fa2 jmp          LBB0_853
	//0x00003fa7 LBB0_706
	0x49, 0x01, 0xf3, //0x00003fa7 addq         %rsi, %r11
	0x49, 0x83, 0xc3, 0x01, //0x00003faa addq         $1, %r11
	//0x00003fae LBB0_707
	0x4d, 0x29, 0xcb, //0x00003fae subq         %r9, %r11
	0xe9, 0xd6, 0xd7, 0xff, 0xff, //0x00003fb1 jmp          LBB0_277
	//0x00003fb6 LBB0_702
	0x80, 0xfb, 0x22, //0x00003fb6 cmpb         $34, %bl
	0x0f, 0x85, 0x37, 0x0e, 0x00, 0x00, //0x00003fb9 jne          LBB0_853
	0x66, 0x0f, 0x6f, 0xda, //0x00003fbf movdqa       %xmm2, %xmm3
	0x4d, 0x01, 0xf3, //0x00003fc3 addq         %r14, %r11
	0x4c, 0x8b, 0x65, 0xb8, //0x00003fc6 movq         $-72(%rbp), %r12
	0x4c, 0x8b, 0x55, 0xb0, //0x00003fca movq         $-80(%rbp), %r10
	0x4c, 0x8b, 0x7d, 0xa8, //0x00003fce movq         $-88(%rbp), %r15
	0xe9, 0xd7, 0xff, 0xff, 0xff, //0x00003fd2 jmp          LBB0_707
	//0x00003fd7 LBB0_708
	0x4c, 0x8b, 0x65, 0xb8, //0x00003fd7 movq         $-72(%rbp), %r12
	0x48, 0x8b, 0x4d, 0xd0, //0x00003fdb movq         $-48(%rbp), %rcx
	0x4d, 0x85, 0xff, //0x00003fdf testq        %r15, %r15
	0x4c, 0x8b, 0x55, 0xb0, //0x00003fe2 movq         $-80(%rbp), %r10
	0x0f, 0x84, 0x62, 0xf4, 0xff, 0xff, //0x00003fe6 je           LBB0_561
	//0x00003fec LBB0_709
	0x4d, 0x85, 0xed, //0x00003fec testq        %r13, %r13
	0x0f, 0x84, 0x01, 0x0e, 0x00, 0x00, //0x00003fef je           LBB0_853
	0x66, 0x0f, 0x6f, 0xda, //0x00003ff5 movdqa       %xmm2, %xmm3
	0x4c, 0x89, 0xc8, //0x00003ff9 movq         %r9, %rax
	0x48, 0xf7, 0xd0, //0x00003ffc notq         %rax
	0x4c, 0x01, 0xf0, //0x00003fff addq         %r14, %rax
	0x48, 0x89, 0xca, //0x00004002 movq         %rcx, %rdx
	0x48, 0x83, 0xf9, 0xff, //0x00004005 cmpq         $-1, %rcx
	0x48, 0x0f, 0x44, 0xc8, //0x00004009 cmoveq       %rax, %rcx
	0x48, 0x0f, 0x45, 0xc2, //0x0000400d cmovneq      %rdx, %rax
	0x49, 0x83, 0xc6, 0x01, //0x00004011 addq         $1, %r14
	0x49, 0x83, 0xc5, 0xff, //0x00004015 addq         $-1, %r13
	0x4c, 0x8b, 0x65, 0xb8, //0x00004019 movq         $-72(%rbp), %r12
	0x4c, 0x8b, 0x55, 0xb0, //0x0000401d movq         $-80(%rbp), %r10
	0x4c, 0x8b, 0x7d, 0xa8, //0x00004021 movq         $-88(%rbp), %r15
	0xe9, 0x2b, 0xf4, 0xff, 0xff, //0x00004025 jmp          LBB0_562
	//0x0000402a LBB0_711
	0x49, 0x8d, 0x4c, 0x24, 0xff, //0x0000402a leaq         $-1(%r12), %rcx
	0x4c, 0x39, 0xf1, //0x0000402f cmpq         %r14, %rcx
	0x0f, 0x84, 0x14, 0x0e, 0x00, 0x00, //0x00004032 je           LBB0_887
	0x66, 0x0f, 0x6f, 0xda, //0x00004038 movdqa       %xmm2, %xmm3
	0x4f, 0x8d, 0x1c, 0x06, //0x0000403c leaq         (%r14,%r8), %r11
	0x49, 0x83, 0xc3, 0x02, //0x00004040 addq         $2, %r11
	0x4d, 0x29, 0xf4, //0x00004044 subq         %r14, %r12
	0x49, 0x83, 0xc4, 0xfe, //0x00004047 addq         $-2, %r12
	0x4d, 0x89, 0xe6, //0x0000404b movq         %r12, %r14
	0x4c, 0x8b, 0x55, 0xb0, //0x0000404e movq         $-80(%rbp), %r10
	0x4c, 0x8b, 0x7d, 0xa8, //0x00004052 movq         $-88(%rbp), %r15
	0xe9, 0x24, 0xef, 0xff, 0xff, //0x00004056 jmp          LBB0_165
	//0x0000405b LBB0_713
	0x66, 0x0f, 0x6f, 0xda, //0x0000405b movdqa       %xmm2, %xmm3
	0x48, 0x83, 0x7d, 0xd0, 0xff, //0x0000405f cmpq         $-1, $-48(%rbp)
	0x0f, 0x85, 0x1a, 0x00, 0x00, 0x00, //0x00004064 jne          LBB0_716
	0x4c, 0x89, 0xf1, //0x0000406a movq         %r14, %rcx
	0x4c, 0x29, 0xc9, //0x0000406d subq         %r9, %rcx
	0x48, 0x0f, 0xbc, 0xd0, //0x00004070 bsfq         %rax, %rdx
	0x48, 0x01, 0xca, //0x00004074 addq         %rcx, %rdx
	0x48, 0x89, 0x55, 0xd0, //0x00004077 movq         %rdx, $-48(%rbp)
	0xe9, 0x04, 0x00, 0x00, 0x00, //0x0000407b jmp          LBB0_716
	//0x00004080 LBB0_715
	0x66, 0x0f, 0x6f, 0xda, //0x00004080 movdqa       %xmm2, %xmm3
	//0x00004084 LBB0_716
	0x4d, 0x89, 0xfc, //0x00004084 movq         %r15, %r12
	0x49, 0xf7, 0xd4, //0x00004087 notq         %r12
	0x49, 0x21, 0xc4, //0x0000408a andq         %rax, %r12
	0x43, 0x8d, 0x0c, 0x67, //0x0000408d leal         (%r15,%r12,2), %ecx
	0x43, 0x8d, 0x14, 0x24, //0x00004091 leal         (%r12,%r12), %edx
	0xf7, 0xd2, //0x00004095 notl         %edx
	0x21, 0xd0, //0x00004097 andl         %edx, %eax
	0x25, 0xaa, 0xaa, 0xaa, 0xaa, //0x00004099 andl         $-1431655766, %eax
	0x45, 0x31, 0xff, //0x0000409e xorl         %r15d, %r15d
	0x44, 0x01, 0xe0, //0x000040a1 addl         %r12d, %eax
	0x41, 0x0f, 0x92, 0xc7, //0x000040a4 setb         %r15b
	0x01, 0xc0, //0x000040a8 addl         %eax, %eax
	0x35, 0x55, 0x55, 0x55, 0x55, //0x000040aa xorl         $1431655765, %eax
	0x21, 0xc8, //0x000040af andl         %ecx, %eax
	0xf7, 0xd0, //0x000040b1 notl         %eax
	0x21, 0xc3, //0x000040b3 andl         %eax, %ebx
	0x66, 0x0f, 0x6f, 0xd3, //0x000040b5 movdqa       %xmm3, %xmm2
	0xe9, 0xfb, 0xf2, 0xff, 0xff, //0x000040b9 jmp          LBB0_551
	//0x000040be LBB0_717
	0x66, 0x0f, 0x6f, 0xda, //0x000040be movdqa       %xmm2, %xmm3
	0x48, 0x83, 0x7d, 0xd0, 0xff, //0x000040c2 cmpq         $-1, $-48(%rbp)
	0x0f, 0x85, 0x1a, 0x00, 0x00, 0x00, //0x000040c7 jne          LBB0_720
	0x4c, 0x89, 0xd8, //0x000040cd movq         %r11, %rax
	0x4c, 0x29, 0xc8, //0x000040d0 subq         %r9, %rax
	0x48, 0x0f, 0xbc, 0xce, //0x000040d3 bsfq         %rsi, %rcx
	0x48, 0x01, 0xc1, //0x000040d7 addq         %rax, %rcx
	0x48, 0x89, 0x4d, 0xd0, //0x000040da movq         %rcx, $-48(%rbp)
	0xe9, 0x04, 0x00, 0x00, 0x00, //0x000040de jmp          LBB0_720
	//0x000040e3 LBB0_719
	0x66, 0x0f, 0x6f, 0xda, //0x000040e3 movdqa       %xmm2, %xmm3
	//0x000040e7 LBB0_720
	0x44, 0x89, 0xc0, //0x000040e7 movl         %r8d, %eax
	0xf7, 0xd0, //0x000040ea notl         %eax
	0x21, 0xf0, //0x000040ec andl         %esi, %eax
	0x41, 0x8d, 0x0c, 0x40, //0x000040ee leal         (%r8,%rax,2), %ecx
	0x8d, 0x3c, 0x00, //0x000040f2 leal         (%rax,%rax), %edi
	0xf7, 0xd7, //0x000040f5 notl         %edi
	0x21, 0xf7, //0x000040f7 andl         %esi, %edi
	0x81, 0xe7, 0xaa, 0xaa, 0xaa, 0xaa, //0x000040f9 andl         $-1431655766, %edi
	0x45, 0x31, 0xc0, //0x000040ff xorl         %r8d, %r8d
	0x01, 0xc7, //0x00004102 addl         %eax, %edi
	0x41, 0x0f, 0x92, 0xc0, //0x00004104 setb         %r8b
	0x01, 0xff, //0x00004108 addl         %edi, %edi
	0x81, 0xf7, 0x55, 0x55, 0x55, 0x55, //0x0000410a xorl         $1431655765, %edi
	0x21, 0xcf, //0x00004110 andl         %ecx, %edi
	0xf7, 0xd7, //0x00004112 notl         %edi
	0x21, 0xfa, //0x00004114 andl         %edi, %edx
	0x4c, 0x8b, 0x6d, 0xa0, //0x00004116 movq         $-96(%rbp), %r13
	0x4c, 0x8b, 0x7d, 0xa8, //0x0000411a movq         $-88(%rbp), %r15
	0x66, 0x0f, 0x6f, 0xd3, //0x0000411e movdqa       %xmm3, %xmm2
	0x48, 0x85, 0xd2, //0x00004122 testq        %rdx, %rdx
	0x0f, 0x85, 0x31, 0xf0, 0xff, 0xff, //0x00004125 jne          LBB0_122
	//0x0000412b LBB0_721
	0x49, 0x83, 0xc3, 0x20, //0x0000412b addq         $32, %r11
	0x49, 0x83, 0xc2, 0xe0, //0x0000412f addq         $-32, %r10
	//0x00004133 LBB0_722
	0x4d, 0x85, 0xc0, //0x00004133 testq        %r8, %r8
	0x0f, 0x85, 0x61, 0x04, 0x00, 0x00, //0x00004136 jne          LBB0_769
	0x4c, 0x89, 0xc9, //0x0000413c movq         %r9, %rcx
	0x48, 0xf7, 0xd1, //0x0000413f notq         %rcx
	0x48, 0x8b, 0x7d, 0xd0, //0x00004142 movq         $-48(%rbp), %rdi
	0x48, 0x8b, 0x55, 0xc8, //0x00004146 movq         $-56(%rbp), %rdx
	0x4d, 0x85, 0xd2, //0x0000414a testq        %r10, %r10
	0x0f, 0x84, 0x90, 0x00, 0x00, 0x00, //0x0000414d je           LBB0_734
	//0x00004153 LBB0_724
	0x48, 0x83, 0xc1, 0x01, //0x00004153 addq         $1, %rcx
	//0x00004157 LBB0_725
	0x31, 0xf6, //0x00004157 xorl         %esi, %esi
	//0x00004159 LBB0_726
	0x41, 0x0f, 0xb6, 0x1c, 0x33, //0x00004159 movzbl       (%r11,%rsi), %ebx
	0x80, 0xfb, 0x22, //0x0000415e cmpb         $34, %bl
	0x0f, 0x84, 0x75, 0x00, 0x00, 0x00, //0x00004161 je           LBB0_733
	0x80, 0xfb, 0x5c, //0x00004167 cmpb         $92, %bl
	0x0f, 0x84, 0x12, 0x00, 0x00, 0x00, //0x0000416a je           LBB0_731
	0x48, 0x83, 0xc6, 0x01, //0x00004170 addq         $1, %rsi
	0x49, 0x39, 0xf2, //0x00004174 cmpq         %rsi, %r10
	0x0f, 0x85, 0xdc, 0xff, 0xff, 0xff, //0x00004177 jne          LBB0_726
	0xe9, 0x6d, 0x00, 0x00, 0x00, //0x0000417d jmp          LBB0_729
	//0x00004182 LBB0_731
	0x49, 0x8d, 0x42, 0xff, //0x00004182 leaq         $-1(%r10), %rax
	0x48, 0x39, 0xf0, //0x00004186 cmpq         %rsi, %rax
	0x0f, 0x84, 0x93, 0x0c, 0x00, 0x00, //0x00004189 je           LBB0_857
	0x66, 0x0f, 0x6f, 0xda, //0x0000418f movdqa       %xmm2, %xmm3
	0x4a, 0x8d, 0x04, 0x19, //0x00004193 leaq         (%rcx,%r11), %rax
	0x48, 0x01, 0xf0, //0x00004197 addq         %rsi, %rax
	0x48, 0x83, 0xff, 0xff, //0x0000419a cmpq         $-1, %rdi
	0x48, 0x8b, 0x5d, 0xd0, //0x0000419e movq         $-48(%rbp), %rbx
	0x48, 0x0f, 0x44, 0xd8, //0x000041a2 cmoveq       %rax, %rbx
	0x48, 0x89, 0x5d, 0xd0, //0x000041a6 movq         %rbx, $-48(%rbp)
	0x48, 0x0f, 0x44, 0xf8, //0x000041aa cmoveq       %rax, %rdi
	0x49, 0x01, 0xf3, //0x000041ae addq         %rsi, %r11
	0x49, 0x83, 0xc3, 0x02, //0x000041b1 addq         $2, %r11
	0x4c, 0x89, 0xd0, //0x000041b5 movq         %r10, %rax
	0x48, 0x29, 0xf0, //0x000041b8 subq         %rsi, %rax
	0x48, 0x83, 0xc0, 0xfe, //0x000041bb addq         $-2, %rax
	0x49, 0x83, 0xc2, 0xfe, //0x000041bf addq         $-2, %r10
	0x49, 0x39, 0xf2, //0x000041c3 cmpq         %rsi, %r10
	0x49, 0x89, 0xc2, //0x000041c6 movq         %rax, %r10
	0x4c, 0x8b, 0x6d, 0xa0, //0x000041c9 movq         $-96(%rbp), %r13
	0x4c, 0x8b, 0x7d, 0xa8, //0x000041cd movq         $-88(%rbp), %r15
	0x0f, 0x85, 0x80, 0xff, 0xff, 0xff, //0x000041d1 jne          LBB0_725
	0xe9, 0x46, 0x0c, 0x00, 0x00, //0x000041d7 jmp          LBB0_857
	//0x000041dc LBB0_733
	0x49, 0x01, 0xf3, //0x000041dc addq         %rsi, %r11
	0x49, 0x83, 0xc3, 0x01, //0x000041df addq         $1, %r11
	//0x000041e3 LBB0_734
	0x4d, 0x29, 0xcb, //0x000041e3 subq         %r9, %r11
	0x4c, 0x8b, 0x55, 0xb0, //0x000041e6 movq         $-80(%rbp), %r10
	0xe9, 0x4f, 0xdb, 0xff, 0xff, //0x000041ea jmp          LBB0_360
	//0x000041ef LBB0_729
	0x80, 0xfb, 0x22, //0x000041ef cmpb         $34, %bl
	0x0f, 0x85, 0x2a, 0x0c, 0x00, 0x00, //0x000041f2 jne          LBB0_857
	0x66, 0x0f, 0x6f, 0xda, //0x000041f8 movdqa       %xmm2, %xmm3
	0x4d, 0x01, 0xd3, //0x000041fc addq         %r10, %r11
	0x4c, 0x8b, 0x6d, 0xa0, //0x000041ff movq         $-96(%rbp), %r13
	0x4c, 0x8b, 0x7d, 0xa8, //0x00004203 movq         $-88(%rbp), %r15
	0xe9, 0xd7, 0xff, 0xff, 0xff, //0x00004207 jmp          LBB0_734
	//0x0000420c LBB0_735
	0x4c, 0x8b, 0x6d, 0xa0, //0x0000420c movq         $-96(%rbp), %r13
	0x48, 0x8b, 0x75, 0xd0, //0x00004210 movq         $-48(%rbp), %rsi
	0x4d, 0x85, 0xc0, //0x00004214 testq        %r8, %r8
	0x0f, 0x84, 0xec, 0xf5, 0xff, 0xff, //0x00004217 je           LBB0_607
	//0x0000421d LBB0_736
	0x4d, 0x85, 0xd2, //0x0000421d testq        %r10, %r10
	0x0f, 0x84, 0xfc, 0x0b, 0x00, 0x00, //0x00004220 je           LBB0_857
	0x66, 0x0f, 0x6f, 0xda, //0x00004226 movdqa       %xmm2, %xmm3
	0x4c, 0x89, 0xc8, //0x0000422a movq         %r9, %rax
	0x48, 0xf7, 0xd0, //0x0000422d notq         %rax
	0x4c, 0x01, 0xf8, //0x00004230 addq         %r15, %rax
	0x48, 0x89, 0xf2, //0x00004233 movq         %rsi, %rdx
	0x48, 0x83, 0xfe, 0xff, //0x00004236 cmpq         $-1, %rsi
	0x48, 0x89, 0xf1, //0x0000423a movq         %rsi, %rcx
	0x48, 0x0f, 0x44, 0xc8, //0x0000423d cmoveq       %rax, %rcx
	0x48, 0x0f, 0x45, 0xc6, //0x00004241 cmovneq      %rsi, %rax
	0x49, 0x83, 0xc7, 0x01, //0x00004245 addq         $1, %r15
	0x49, 0x83, 0xc2, 0xff, //0x00004249 addq         $-1, %r10
	0x48, 0x89, 0xce, //0x0000424d movq         %rcx, %rsi
	0x4c, 0x8b, 0x6d, 0xa0, //0x00004250 movq         $-96(%rbp), %r13
	0xe9, 0xb3, 0xf5, 0xff, 0xff, //0x00004254 jmp          LBB0_608
	//0x00004259 LBB0_738
	0x66, 0x0f, 0x6f, 0xda, //0x00004259 movdqa       %xmm2, %xmm3
	0x48, 0x83, 0x7d, 0xd0, 0xff, //0x0000425d cmpq         $-1, $-48(%rbp)
	0x0f, 0x85, 0xa7, 0x02, 0x00, 0x00, //0x00004262 jne          LBB0_766
	0x4c, 0x89, 0xf9, //0x00004268 movq         %r15, %rcx
	0x4c, 0x29, 0xc9, //0x0000426b subq         %r9, %rcx
	0x48, 0x0f, 0xbc, 0xd0, //0x0000426e bsfq         %rax, %rdx
	0x48, 0x01, 0xca, //0x00004272 addq         %rcx, %rdx
	0x48, 0x89, 0x55, 0xd0, //0x00004275 movq         %rdx, $-48(%rbp)
	0xe9, 0x91, 0x02, 0x00, 0x00, //0x00004279 jmp          LBB0_766
	//0x0000427e LBB0_740
	0x48, 0x89, 0x75, 0x88, //0x0000427e movq         %rsi, $-120(%rbp)
	//0x00004282 LBB0_741
	0x49, 0x0f, 0xbc, 0xf6, //0x00004282 bsfq         %r14, %rsi
	0x48, 0x89, 0xf0, //0x00004286 movq         %rsi, %rax
	0x48, 0x39, 0xfe, //0x00004289 cmpq         %rdi, %rsi
	0x48, 0x8b, 0x75, 0x88, //0x0000428c movq         $-120(%rbp), %rsi
	0x0f, 0x83, 0x2a, 0xf5, 0xff, 0xff, //0x00004290 jae          LBB0_602
	0x66, 0x0f, 0x6f, 0xda, //0x00004296 movdqa       %xmm2, %xmm3
	0x48, 0x01, 0xc8, //0x0000429a addq         %rcx, %rax
	0x48, 0x89, 0x45, 0xc0, //0x0000429d movq         %rax, $-64(%rbp)
	0x4c, 0x39, 0xd8, //0x000042a1 cmpq         %r11, %rax
	0x0f, 0x8c, 0x5f, 0x00, 0x00, 0x00, //0x000042a4 jl           LBB0_748
	0x48, 0x8b, 0x45, 0xc0, //0x000042aa movq         $-64(%rbp), %rax
	0x4c, 0x8d, 0x58, 0x01, //0x000042ae leaq         $1(%rax), %r11
	0x4c, 0x89, 0xe6, //0x000042b2 movq         %r12, %rsi
	0x4c, 0x89, 0xd8, //0x000042b5 movq         %r11, %rax
	0x4c, 0x89, 0x5d, 0x98, //0x000042b8 movq         %r11, $-104(%rbp)
	0x4c, 0x29, 0xde, //0x000042bc subq         %r11, %rsi
	0x48, 0x89, 0x75, 0x80, //0x000042bf movq         %rsi, $-128(%rbp)
	0x0f, 0x84, 0x59, 0x0b, 0x00, 0x00, //0x000042c3 je           LBB0_857
	0x48, 0x8b, 0x45, 0x98, //0x000042c9 movq         $-104(%rbp), %rax
	0x45, 0x0f, 0xbe, 0x1c, 0x01, //0x000042cd movsbl       (%r9,%rax), %r11d
	0x48, 0xc7, 0xc0, 0xfe, 0xff, 0xff, 0xff, //0x000042d2 movq         $-2, %rax
	0x41, 0x83, 0xc3, 0xde, //0x000042d9 addl         $-34, %r11d
	0x41, 0x83, 0xfb, 0x53, //0x000042dd cmpl         $83, %r11d
	0x0f, 0x87, 0x59, 0x0d, 0x00, 0x00, //0x000042e1 ja           LBB0_900
	0x4c, 0x8d, 0x2d, 0x4a, 0x0f, 0x00, 0x00, //0x000042e7 leaq         $3914(%rip), %r13  /* LJTI0_2+0(%rip) */
	0x4b, 0x63, 0x74, 0x9d, 0x00, //0x000042ee movslq       (%r13,%r11,4), %rsi
	0x4c, 0x01, 0xee, //0x000042f3 addq         %r13, %rsi
	0x4c, 0x8b, 0x5d, 0xc0, //0x000042f6 movq         $-64(%rbp), %r11
	0xff, 0xe6, //0x000042fa jmpq         *%rsi
	//0x000042fc LBB0_746
	0x49, 0x83, 0xc3, 0x02, //0x000042fc addq         $2, %r11
	//0x00004300 LBB0_747
	0x4d, 0x85, 0xdb, //0x00004300 testq        %r11, %r11
	0x0f, 0x88, 0x08, 0x0b, 0x00, 0x00, //0x00004303 js           LBB0_856
	//0x00004309 LBB0_748
	0x49, 0x8d, 0x46, 0xff, //0x00004309 leaq         $-1(%r14), %rax
	0x49, 0x21, 0xc6, //0x0000430d andq         %rax, %r14
	0x4c, 0x8b, 0x6d, 0xa0, //0x00004310 movq         $-96(%rbp), %r13
	0x66, 0x0f, 0x6f, 0xd3, //0x00004314 movdqa       %xmm3, %xmm2
	0x48, 0x8b, 0x75, 0x88, //0x00004318 movq         $-120(%rbp), %rsi
	0x0f, 0x84, 0x9e, 0xf4, 0xff, 0xff, //0x0000431c je           LBB0_602
	0xe9, 0x5b, 0xff, 0xff, 0xff, //0x00004322 jmp          LBB0_741
	//0x00004327 LBB0_749
	0x48, 0x83, 0x7d, 0x80, 0x05, //0x00004327 cmpq         $5, $-128(%rbp)
	0x0f, 0x82, 0xf0, 0x0a, 0x00, 0x00, //0x0000432c jb           LBB0_857
	0x48, 0x8b, 0x75, 0x98, //0x00004332 movq         $-104(%rbp), %rsi
	0x45, 0x8b, 0x6c, 0x31, 0x01, //0x00004336 movl         $1(%r9,%rsi), %r13d
	0x45, 0x89, 0xeb, //0x0000433b movl         %r13d, %r11d
	0x41, 0xf7, 0xd3, //0x0000433e notl         %r11d
	0x41, 0x8d, 0xb5, 0xd0, 0xcf, 0xcf, 0xcf, //0x00004341 leal         $-808464432(%r13), %esi
	0x41, 0x81, 0xe3, 0x80, 0x80, 0x80, 0x80, //0x00004348 andl         $-2139062144, %r11d
	0x44, 0x89, 0x5d, 0x94, //0x0000434f movl         %r11d, $-108(%rbp)
	0x41, 0x85, 0xf3, //0x00004353 testl        %esi, %r11d
	0x0f, 0x85, 0xe4, 0x0c, 0x00, 0x00, //0x00004356 jne          LBB0_900
	0x41, 0x8d, 0xb5, 0x19, 0x19, 0x19, 0x19, //0x0000435c leal         $421075225(%r13), %esi
	0x44, 0x09, 0xee, //0x00004363 orl          %r13d, %esi
	0xf7, 0xc6, 0x80, 0x80, 0x80, 0x80, //0x00004366 testl        $-2139062144, %esi
	0x0f, 0x85, 0xce, 0x0c, 0x00, 0x00, //0x0000436c jne          LBB0_900
	0x45, 0x89, 0xeb, //0x00004372 movl         %r13d, %r11d
	0x41, 0x81, 0xe3, 0x7f, 0x7f, 0x7f, 0x7f, //0x00004375 andl         $2139062143, %r11d
	0xbe, 0xc0, 0xc0, 0xc0, 0xc0, //0x0000437c movl         $-1061109568, %esi
	0x44, 0x29, 0xde, //0x00004381 subl         %r11d, %esi
	0x4c, 0x89, 0x9d, 0x70, 0xff, 0xff, 0xff, //0x00004384 movq         %r11, $-144(%rbp)
	0x41, 0x81, 0xc3, 0x46, 0x46, 0x46, 0x46, //0x0000438b addl         $1179010630, %r11d
	0x23, 0x75, 0x94, //0x00004392 andl         $-108(%rbp), %esi
	0x44, 0x85, 0xde, //0x00004395 testl        %r11d, %esi
	0x0f, 0x85, 0xa2, 0x0c, 0x00, 0x00, //0x00004398 jne          LBB0_900
	0xbe, 0xe0, 0xe0, 0xe0, 0xe0, //0x0000439e movl         $-522133280, %esi
	0x4c, 0x8b, 0x9d, 0x70, 0xff, 0xff, 0xff, //0x000043a3 movq         $-144(%rbp), %r11
	0x44, 0x29, 0xde, //0x000043aa subl         %r11d, %esi
	0x89, 0xb5, 0x7c, 0xff, 0xff, 0xff, //0x000043ad movl         %esi, $-132(%rbp)
	0x41, 0x81, 0xc3, 0x39, 0x39, 0x39, 0x39, //0x000043b3 addl         $960051513, %r11d
	0x8b, 0x75, 0x94, //0x000043ba movl         $-108(%rbp), %esi
	0x23, 0xb5, 0x7c, 0xff, 0xff, 0xff, //0x000043bd andl         $-132(%rbp), %esi
	0x44, 0x85, 0xde, //0x000043c3 testl        %r11d, %esi
	0x0f, 0x85, 0x74, 0x0c, 0x00, 0x00, //0x000043c6 jne          LBB0_900
	0x41, 0x0f, 0xcd, //0x000043cc bswapl       %r13d
	0x44, 0x89, 0xe8, //0x000043cf movl         %r13d, %eax
	0xc1, 0xe8, 0x04, //0x000043d2 shrl         $4, %eax
	0xf7, 0xd0, //0x000043d5 notl         %eax
	0x25, 0x01, 0x01, 0x01, 0x01, //0x000043d7 andl         $16843009, %eax
	0x8d, 0x04, 0xc0, //0x000043dc leal         (%rax,%rax,8), %eax
	0x41, 0x81, 0xe5, 0x0f, 0x0f, 0x0f, 0x0f, //0x000043df andl         $252645135, %r13d
	0x41, 0x01, 0xc5, //0x000043e6 addl         %eax, %r13d
	0x44, 0x89, 0xe8, //0x000043e9 movl         %r13d, %eax
	0xc1, 0xe8, 0x0c, //0x000043ec shrl         $12, %eax
	0x41, 0xc1, 0xed, 0x08, //0x000043ef shrl         $8, %r13d
	0x41, 0x09, 0xc5, //0x000043f3 orl          %eax, %r13d
	0x41, 0x81, 0xe5, 0x00, 0xfc, 0x00, 0x00, //0x000043f6 andl         $64512, %r13d
	0x41, 0x81, 0xfd, 0x00, 0xd8, 0x00, 0x00, //0x000043fd cmpl         $55296, %r13d
	0x0f, 0x85, 0xf4, 0x00, 0x00, 0x00, //0x00004404 jne          LBB0_764
	0x48, 0x83, 0x7d, 0x80, 0x0b, //0x0000440a cmpq         $11, $-128(%rbp)
	0x0f, 0x82, 0xe9, 0x00, 0x00, 0x00, //0x0000440f jb           LBB0_764
	0x48, 0x8b, 0x45, 0x98, //0x00004415 movq         $-104(%rbp), %rax
	0x41, 0x80, 0x7c, 0x01, 0x05, 0x5c, //0x00004419 cmpb         $92, $5(%r9,%rax)
	0x0f, 0x85, 0xd9, 0x00, 0x00, 0x00, //0x0000441f jne          LBB0_764
	0x48, 0x8b, 0x45, 0x98, //0x00004425 movq         $-104(%rbp), %rax
	0x41, 0x80, 0x7c, 0x01, 0x06, 0x75, //0x00004429 cmpb         $117, $6(%r9,%rax)
	0x0f, 0x85, 0xc9, 0x00, 0x00, 0x00, //0x0000442f jne          LBB0_764
	0x48, 0x8b, 0x45, 0x98, //0x00004435 movq         $-104(%rbp), %rax
	0x45, 0x8b, 0x5c, 0x01, 0x07, //0x00004439 movl         $7(%r9,%rax), %r11d
	0x44, 0x89, 0xd8, //0x0000443e movl         %r11d, %eax
	0xf7, 0xd0, //0x00004441 notl         %eax
	0x41, 0x8d, 0xb3, 0xd0, 0xcf, 0xcf, 0xcf, //0x00004443 leal         $-808464432(%r11), %esi
	0x25, 0x80, 0x80, 0x80, 0x80, //0x0000444a andl         $-2139062144, %eax
	0x85, 0xf0, //0x0000444f testl        %esi, %eax
	0x0f, 0x85, 0xa7, 0x00, 0x00, 0x00, //0x00004451 jne          LBB0_764
	0x41, 0x8d, 0xb3, 0x19, 0x19, 0x19, 0x19, //0x00004457 leal         $421075225(%r11), %esi
	0x44, 0x09, 0xde, //0x0000445e orl          %r11d, %esi
	0xf7, 0xc6, 0x80, 0x80, 0x80, 0x80, //0x00004461 testl        $-2139062144, %esi
	0x0f, 0x85, 0x91, 0x00, 0x00, 0x00, //0x00004467 jne          LBB0_764
	0x45, 0x89, 0xdd, //0x0000446d movl         %r11d, %r13d
	0x41, 0x81, 0xe5, 0x7f, 0x7f, 0x7f, 0x7f, //0x00004470 andl         $2139062143, %r13d
	0xbe, 0xc0, 0xc0, 0xc0, 0xc0, //0x00004477 movl         $-1061109568, %esi
	0x44, 0x29, 0xee, //0x0000447c subl         %r13d, %esi
	0x4c, 0x89, 0x6d, 0x98, //0x0000447f movq         %r13, $-104(%rbp)
	0x41, 0x81, 0xc5, 0x46, 0x46, 0x46, 0x46, //0x00004483 addl         $1179010630, %r13d
	0x21, 0xc6, //0x0000448a andl         %eax, %esi
	0x44, 0x85, 0xee, //0x0000448c testl        %r13d, %esi
	0x0f, 0x85, 0x69, 0x00, 0x00, 0x00, //0x0000448f jne          LBB0_764
	0x41, 0xbd, 0xe0, 0xe0, 0xe0, 0xe0, //0x00004495 movl         $-522133280, %r13d
	0x48, 0x8b, 0x75, 0x98, //0x0000449b movq         $-104(%rbp), %rsi
	0x41, 0x29, 0xf5, //0x0000449f subl         %esi, %r13d
	0x81, 0xc6, 0x39, 0x39, 0x39, 0x39, //0x000044a2 addl         $960051513, %esi
	0x44, 0x21, 0xe8, //0x000044a8 andl         %r13d, %eax
	0x85, 0xf0, //0x000044ab testl        %esi, %eax
	0x0f, 0x85, 0x4b, 0x00, 0x00, 0x00, //0x000044ad jne          LBB0_764
	0x41, 0x0f, 0xcb, //0x000044b3 bswapl       %r11d
	0x44, 0x89, 0xd8, //0x000044b6 movl         %r11d, %eax
	0xc1, 0xe8, 0x04, //0x000044b9 shrl         $4, %eax
	0xf7, 0xd0, //0x000044bc notl         %eax
	0x25, 0x01, 0x01, 0x01, 0x01, //0x000044be andl         $16843009, %eax
	0x8d, 0x04, 0xc0, //0x000044c3 leal         (%rax,%rax,8), %eax
	0x41, 0x81, 0xe3, 0x0f, 0x0f, 0x0f, 0x0f, //0x000044c6 andl         $252645135, %r11d
	0x41, 0x01, 0xc3, //0x000044cd addl         %eax, %r11d
	0x44, 0x89, 0xd8, //0x000044d0 movl         %r11d, %eax
	0xc1, 0xe8, 0x0c, //0x000044d3 shrl         $12, %eax
	0x41, 0xc1, 0xeb, 0x08, //0x000044d6 shrl         $8, %r11d
	0x41, 0x09, 0xc3, //0x000044da orl          %eax, %r11d
	0x41, 0x81, 0xe3, 0x00, 0xfc, 0x00, 0x00, //0x000044dd andl         $64512, %r11d
	0x41, 0x81, 0xfb, 0x00, 0xdc, 0x00, 0x00, //0x000044e4 cmpl         $56320, %r11d
	0x0f, 0x85, 0x0d, 0x00, 0x00, 0x00, //0x000044eb jne          LBB0_764
	0x4c, 0x8b, 0x5d, 0xc0, //0x000044f1 movq         $-64(%rbp), %r11
	0x49, 0x83, 0xc3, 0x0c, //0x000044f5 addq         $12, %r11
	0xe9, 0x02, 0xfe, 0xff, 0xff, //0x000044f9 jmp          LBB0_747
	//0x000044fe LBB0_764
	0x4c, 0x8b, 0x5d, 0xc0, //0x000044fe movq         $-64(%rbp), %r11
	0x49, 0x83, 0xc3, 0x06, //0x00004502 addq         $6, %r11
	0xe9, 0xf5, 0xfd, 0xff, 0xff, //0x00004506 jmp          LBB0_747
	//0x0000450b LBB0_765
	0x66, 0x0f, 0x6f, 0xda, //0x0000450b movdqa       %xmm2, %xmm3
	//0x0000450f LBB0_766
	0x4d, 0x89, 0xc6, //0x0000450f movq         %r8, %r14
	0x49, 0xf7, 0xd6, //0x00004512 notq         %r14
	0x49, 0x21, 0xc6, //0x00004515 andq         %rax, %r14
	0x43, 0x8d, 0x0c, 0x70, //0x00004518 leal         (%r8,%r14,2), %ecx
	0x43, 0x8d, 0x14, 0x36, //0x0000451c leal         (%r14,%r14), %edx
	0xf7, 0xd2, //0x00004520 notl         %edx
	0x21, 0xd0, //0x00004522 andl         %edx, %eax
	0x25, 0xaa, 0xaa, 0xaa, 0xaa, //0x00004524 andl         $-1431655766, %eax
	0x45, 0x31, 0xc0, //0x00004529 xorl         %r8d, %r8d
	0x44, 0x01, 0xf0, //0x0000452c addl         %r14d, %eax
	0x41, 0x0f, 0x92, 0xc0, //0x0000452f setb         %r8b
	0x01, 0xc0, //0x00004533 addl         %eax, %eax
	0x35, 0x55, 0x55, 0x55, 0x55, //0x00004535 xorl         $1431655765, %eax
	0x21, 0xc8, //0x0000453a andl         %ecx, %eax
	0xf7, 0xd0, //0x0000453c notl         %eax
	0x21, 0xc6, //0x0000453e andl         %eax, %esi
	0x4c, 0x8b, 0x6d, 0xa0, //0x00004540 movq         $-96(%rbp), %r13
	0x66, 0x0f, 0x6f, 0xd3, //0x00004544 movdqa       %xmm3, %xmm2
	0xe9, 0x27, 0xf2, 0xff, 0xff, //0x00004548 jmp          LBB0_597
	//0x0000454d LBB0_767
	0x4d, 0x85, 0xf6, //0x0000454d testq        %r14, %r14
	0x0f, 0x84, 0xa0, 0x08, 0x00, 0x00, //0x00004550 je           LBB0_853
	0x66, 0x0f, 0x6f, 0xda, //0x00004556 movdqa       %xmm2, %xmm3
	0x4c, 0x89, 0xc9, //0x0000455a movq         %r9, %rcx
	0x48, 0xf7, 0xd1, //0x0000455d notq         %rcx
	0x49, 0x8d, 0x04, 0x0b, //0x00004560 leaq         (%r11,%rcx), %rax
	0x48, 0x8b, 0x75, 0xd0, //0x00004564 movq         $-48(%rbp), %rsi
	0x48, 0x83, 0xfe, 0xff, //0x00004568 cmpq         $-1, %rsi
	0x48, 0x89, 0xf2, //0x0000456c movq         %rsi, %rdx
	0x48, 0x0f, 0x44, 0xf0, //0x0000456f cmoveq       %rax, %rsi
	0x48, 0x0f, 0x44, 0xd0, //0x00004573 cmoveq       %rax, %rdx
	0x49, 0x83, 0xc3, 0x01, //0x00004577 addq         $1, %r11
	0x49, 0x83, 0xc6, 0xff, //0x0000457b addq         $-1, %r14
	0x48, 0x89, 0x75, 0xd0, //0x0000457f movq         %rsi, $-48(%rbp)
	0x4c, 0x8b, 0x65, 0xb8, //0x00004583 movq         $-72(%rbp), %r12
	0x4c, 0x8b, 0x55, 0xb0, //0x00004587 movq         $-80(%rbp), %r10
	0x4c, 0x8b, 0x7d, 0xa8, //0x0000458b movq         $-88(%rbp), %r15
	0x4d, 0x85, 0xf6, //0x0000458f testq        %r14, %r14
	0x0f, 0x85, 0x82, 0xf9, 0xff, 0xff, //0x00004592 jne          LBB0_697
	0xe9, 0x11, 0xfa, 0xff, 0xff, //0x00004598 jmp          LBB0_707
	//0x0000459d LBB0_769
	0x4d, 0x85, 0xd2, //0x0000459d testq        %r10, %r10
	0x0f, 0x84, 0x7c, 0x08, 0x00, 0x00, //0x000045a0 je           LBB0_857
	0x66, 0x0f, 0x6f, 0xda, //0x000045a6 movdqa       %xmm2, %xmm3
	0x4c, 0x89, 0xc9, //0x000045aa movq         %r9, %rcx
	0x48, 0xf7, 0xd1, //0x000045ad notq         %rcx
	0x49, 0x8d, 0x04, 0x0b, //0x000045b0 leaq         (%r11,%rcx), %rax
	0x48, 0x8b, 0x75, 0xd0, //0x000045b4 movq         $-48(%rbp), %rsi
	0x48, 0x83, 0xfe, 0xff, //0x000045b8 cmpq         $-1, %rsi
	0x48, 0x89, 0xf7, //0x000045bc movq         %rsi, %rdi
	0x48, 0x0f, 0x44, 0xf0, //0x000045bf cmoveq       %rax, %rsi
	0x48, 0x0f, 0x44, 0xf8, //0x000045c3 cmoveq       %rax, %rdi
	0x49, 0x83, 0xc3, 0x01, //0x000045c7 addq         $1, %r11
	0x49, 0x83, 0xc2, 0xff, //0x000045cb addq         $-1, %r10
	0x48, 0x89, 0x75, 0xd0, //0x000045cf movq         %rsi, $-48(%rbp)
	0x4c, 0x8b, 0x6d, 0xa0, //0x000045d3 movq         $-96(%rbp), %r13
	0x4c, 0x8b, 0x7d, 0xa8, //0x000045d7 movq         $-88(%rbp), %r15
	0x48, 0x8b, 0x55, 0xc8, //0x000045db movq         $-56(%rbp), %rdx
	0x4d, 0x85, 0xd2, //0x000045df testq        %r10, %r10
	0x0f, 0x85, 0x6b, 0xfb, 0xff, 0xff, //0x000045e2 jne          LBB0_724
	0xe9, 0xf6, 0xfb, 0xff, 0xff, //0x000045e8 jmp          LBB0_734
	//0x000045ed LBB0_771
	0x49, 0x8d, 0x4c, 0x24, 0xff, //0x000045ed leaq         $-1(%r12), %rcx
	0x4c, 0x39, 0xf1, //0x000045f2 cmpq         %r14, %rcx
	0x0f, 0x84, 0x51, 0x08, 0x00, 0x00, //0x000045f5 je           LBB0_887
	0x66, 0x0f, 0x6f, 0xda, //0x000045fb movdqa       %xmm2, %xmm3
	0x4f, 0x8d, 0x1c, 0x06, //0x000045ff leaq         (%r14,%r8), %r11
	0x49, 0x83, 0xc3, 0x02, //0x00004603 addq         $2, %r11
	0x4d, 0x29, 0xf4, //0x00004607 subq         %r14, %r12
	0x49, 0x83, 0xc4, 0xfe, //0x0000460a addq         $-2, %r12
	0x4d, 0x89, 0xe6, //0x0000460e movq         %r12, %r14
	0x4c, 0x8b, 0x55, 0xb0, //0x00004611 movq         $-80(%rbp), %r10
	0x4c, 0x8b, 0x7d, 0xa8, //0x00004615 movq         $-88(%rbp), %r15
	0x4d, 0x85, 0xf6, //0x00004619 testq        %r14, %r14
	0x4c, 0x8b, 0x65, 0xb8, //0x0000461c movq         $-72(%rbp), %r12
	0x0f, 0x8f, 0x24, 0x00, 0x00, 0x00, //0x00004620 jg           LBB0_496
	0xe9, 0x21, 0x08, 0x00, 0x00, //0x00004626 jmp          LBB0_887
	//0x0000462b LBB0_494
	0x48, 0xc7, 0xc2, 0xfe, 0xff, 0xff, 0xff, //0x0000462b movq         $-2, %rdx
	0xb8, 0x02, 0x00, 0x00, 0x00, //0x00004632 movl         $2, %eax
	0x49, 0x01, 0xc3, //0x00004637 addq         %rax, %r11
	0x48, 0xc7, 0xc0, 0xff, 0xff, 0xff, 0xff, //0x0000463a movq         $-1, %rax
	0x49, 0x01, 0xd6, //0x00004641 addq         %rdx, %r14
	0x0f, 0x8e, 0x02, 0x08, 0x00, 0x00, //0x00004644 jle          LBB0_887
	//0x0000464a LBB0_496
	0x41, 0x0f, 0xb6, 0x03, //0x0000464a movzbl       (%r11), %eax
	0x3c, 0x5c, //0x0000464e cmpb         $92, %al
	0x0f, 0x84, 0xd5, 0xff, 0xff, 0xff, //0x00004650 je           LBB0_494
	0x3c, 0x22, //0x00004656 cmpb         $34, %al
	0x0f, 0x84, 0x24, 0x00, 0x00, 0x00, //0x00004658 je           LBB0_514
	0x48, 0xc7, 0xc2, 0xff, 0xff, 0xff, 0xff, //0x0000465e movq         $-1, %rdx
	0xb8, 0x01, 0x00, 0x00, 0x00, //0x00004665 movl         $1, %eax
	0x49, 0x01, 0xc3, //0x0000466a addq         %rax, %r11
	0x48, 0xc7, 0xc0, 0xff, 0xff, 0xff, 0xff, //0x0000466d movq         $-1, %rax
	0x49, 0x01, 0xd6, //0x00004674 addq         %rdx, %r14
	0x0f, 0x8f, 0xcd, 0xff, 0xff, 0xff, //0x00004677 jg           LBB0_496
	0xe9, 0xca, 0x07, 0x00, 0x00, //0x0000467d jmp          LBB0_887
	//0x00004682 LBB0_514
	0x4d, 0x29, 0xcb, //0x00004682 subq         %r9, %r11
	0x49, 0x83, 0xc3, 0x01, //0x00004685 addq         $1, %r11
	0x48, 0x8b, 0x55, 0xc8, //0x00004689 movq         $-56(%rbp), %rdx
	0xe9, 0x2e, 0xbb, 0xff, 0xff, //0x0000468d jmp          LBB0_2
	//0x00004692 LBB0_773
	0x66, 0x0f, 0x6f, 0xda, //0x00004692 movdqa       %xmm2, %xmm3
	0x48, 0x83, 0x7d, 0xd0, 0xff, //0x00004696 cmpq         $-1, $-48(%rbp)
	0x0f, 0x85, 0x1a, 0x00, 0x00, 0x00, //0x0000469b jne          LBB0_776
	0x4c, 0x89, 0xd8, //0x000046a1 movq         %r11, %rax
	0x4c, 0x29, 0xc8, //0x000046a4 subq         %r9, %rax
	0x48, 0x0f, 0xbc, 0xce, //0x000046a7 bsfq         %rsi, %rcx
	0x48, 0x01, 0xc1, //0x000046ab addq         %rax, %rcx
	0x48, 0x89, 0x4d, 0xd0, //0x000046ae movq         %rcx, $-48(%rbp)
	0xe9, 0x04, 0x00, 0x00, 0x00, //0x000046b2 jmp          LBB0_776
	//0x000046b7 LBB0_775
	0x66, 0x0f, 0x6f, 0xda, //0x000046b7 movdqa       %xmm2, %xmm3
	//0x000046bb LBB0_776
	0x44, 0x89, 0xc0, //0x000046bb movl         %r8d, %eax
	0xf7, 0xd0, //0x000046be notl         %eax
	0x21, 0xf0, //0x000046c0 andl         %esi, %eax
	0x41, 0x8d, 0x0c, 0x40, //0x000046c2 leal         (%r8,%rax,2), %ecx
	0x8d, 0x3c, 0x00, //0x000046c6 leal         (%rax,%rax), %edi
	0xf7, 0xd7, //0x000046c9 notl         %edi
	0x21, 0xf7, //0x000046cb andl         %esi, %edi
	0x81, 0xe7, 0xaa, 0xaa, 0xaa, 0xaa, //0x000046cd andl         $-1431655766, %edi
	0x45, 0x31, 0xc0, //0x000046d3 xorl         %r8d, %r8d
	0x01, 0xc7, //0x000046d6 addl         %eax, %edi
	0x41, 0x0f, 0x92, 0xc0, //0x000046d8 setb         %r8b
	0x01, 0xff, //0x000046dc addl         %edi, %edi
	0x81, 0xf7, 0x55, 0x55, 0x55, 0x55, //0x000046de xorl         $1431655765, %edi
	0x21, 0xcf, //0x000046e4 andl         %ecx, %edi
	0xf7, 0xd7, //0x000046e6 notl         %edi
	0x21, 0xfa, //0x000046e8 andl         %edi, %edx
	0x4c, 0x8b, 0x6d, 0xa0, //0x000046ea movq         $-96(%rbp), %r13
	0x4c, 0x8b, 0x7d, 0xa8, //0x000046ee movq         $-88(%rbp), %r15
	0x66, 0x0f, 0x6f, 0xd3, //0x000046f2 movdqa       %xmm3, %xmm2
	0x48, 0x85, 0xd2, //0x000046f6 testq        %rdx, %rdx
	0x0f, 0x85, 0x0f, 0xeb, 0xff, 0xff, //0x000046f9 jne          LBB0_298
	//0x000046ff LBB0_777
	0x66, 0x0f, 0x6f, 0xda, //0x000046ff movdqa       %xmm2, %xmm3
	0x49, 0x83, 0xc3, 0x20, //0x00004703 addq         $32, %r11
	0x49, 0x83, 0xc2, 0xe0, //0x00004707 addq         $-32, %r10
	//0x0000470b LBB0_778
	0x4d, 0x85, 0xc0, //0x0000470b testq        %r8, %r8
	0x0f, 0x85, 0x75, 0x06, 0x00, 0x00, //0x0000470e jne          LBB0_848
	0x4c, 0x89, 0xc9, //0x00004714 movq         %r9, %rcx
	0x48, 0xf7, 0xd1, //0x00004717 notq         %rcx
	0x48, 0x8b, 0x55, 0xd0, //0x0000471a movq         $-48(%rbp), %rdx
	0x4d, 0x85, 0xd2, //0x0000471e testq        %r10, %r10
	0x0f, 0x84, 0x84, 0x00, 0x00, 0x00, //0x00004721 je           LBB0_790
	//0x00004727 LBB0_780
	0x48, 0x83, 0xc1, 0x01, //0x00004727 addq         $1, %rcx
	//0x0000472b LBB0_781
	0x31, 0xf6, //0x0000472b xorl         %esi, %esi
	//0x0000472d LBB0_782
	0x41, 0x0f, 0xb6, 0x1c, 0x33, //0x0000472d movzbl       (%r11,%rsi), %ebx
	0x80, 0xfb, 0x22, //0x00004732 cmpb         $34, %bl
	0x0f, 0x84, 0x69, 0x00, 0x00, 0x00, //0x00004735 je           LBB0_789
	0x80, 0xfb, 0x5c, //0x0000473b cmpb         $92, %bl
	0x0f, 0x84, 0x12, 0x00, 0x00, 0x00, //0x0000473e je           LBB0_787
	0x48, 0x83, 0xc6, 0x01, //0x00004744 addq         $1, %rsi
	0x49, 0x39, 0xf2, //0x00004748 cmpq         %rsi, %r10
	0x0f, 0x85, 0xdc, 0xff, 0xff, 0xff, //0x0000474b jne          LBB0_782
	0xe9, 0x6d, 0x00, 0x00, 0x00, //0x00004751 jmp          LBB0_785
	//0x00004756 LBB0_787
	0x49, 0x8d, 0x42, 0xff, //0x00004756 leaq         $-1(%r10), %rax
	0x48, 0x39, 0xf0, //0x0000475a cmpq         %rsi, %rax
	0x0f, 0x84, 0xbf, 0x06, 0x00, 0x00, //0x0000475d je           LBB0_857
	0x4a, 0x8d, 0x04, 0x19, //0x00004763 leaq         (%rcx,%r11), %rax
	0x48, 0x01, 0xf0, //0x00004767 addq         %rsi, %rax
	0x48, 0x83, 0xfa, 0xff, //0x0000476a cmpq         $-1, %rdx
	0x48, 0x8b, 0x7d, 0xd0, //0x0000476e movq         $-48(%rbp), %rdi
	0x48, 0x0f, 0x44, 0xf8, //0x00004772 cmoveq       %rax, %rdi
	0x48, 0x89, 0x7d, 0xd0, //0x00004776 movq         %rdi, $-48(%rbp)
	0x48, 0x0f, 0x44, 0xd0, //0x0000477a cmoveq       %rax, %rdx
	0x49, 0x01, 0xf3, //0x0000477e addq         %rsi, %r11
	0x49, 0x83, 0xc3, 0x02, //0x00004781 addq         $2, %r11
	0x4c, 0x89, 0xd0, //0x00004785 movq         %r10, %rax
	0x48, 0x29, 0xf0, //0x00004788 subq         %rsi, %rax
	0x48, 0x83, 0xc0, 0xfe, //0x0000478b addq         $-2, %rax
	0x49, 0x83, 0xc2, 0xfe, //0x0000478f addq         $-2, %r10
	0x49, 0x39, 0xf2, //0x00004793 cmpq         %rsi, %r10
	0x49, 0x89, 0xc2, //0x00004796 movq         %rax, %r10
	0x0f, 0x85, 0x8c, 0xff, 0xff, 0xff, //0x00004799 jne          LBB0_781
	0xe9, 0x7e, 0x06, 0x00, 0x00, //0x0000479f jmp          LBB0_857
	//0x000047a4 LBB0_789
	0x49, 0x01, 0xf3, //0x000047a4 addq         %rsi, %r11
	0x49, 0x83, 0xc3, 0x01, //0x000047a7 addq         $1, %r11
	//0x000047ab LBB0_790
	0x4d, 0x29, 0xcb, //0x000047ab subq         %r9, %r11
	//0x000047ae LBB0_791
	0x4c, 0x8b, 0x55, 0xb0, //0x000047ae movq         $-80(%rbp), %r10
	0x4c, 0x8b, 0x6d, 0xa0, //0x000047b2 movq         $-96(%rbp), %r13
	0x4c, 0x8b, 0x7d, 0xa8, //0x000047b6 movq         $-88(%rbp), %r15
	0x66, 0x0f, 0x6f, 0xd3, //0x000047ba movdqa       %xmm3, %xmm2
	0xe9, 0x09, 0xd2, 0xff, 0xff, //0x000047be jmp          LBB0_303
	//0x000047c3 LBB0_785
	0x80, 0xfb, 0x22, //0x000047c3 cmpb         $34, %bl
	0x0f, 0x85, 0x56, 0x06, 0x00, 0x00, //0x000047c6 jne          LBB0_857
	0x4d, 0x01, 0xd3, //0x000047cc addq         %r10, %r11
	0xe9, 0xd7, 0xff, 0xff, 0xff, //0x000047cf jmp          LBB0_790
	//0x000047d4 LBB0_792
	0x66, 0x0f, 0x6f, 0xda, //0x000047d4 movdqa       %xmm2, %xmm3
	0x4d, 0x85, 0xc0, //0x000047d8 testq        %r8, %r8
	0x0f, 0x84, 0x2b, 0xf4, 0xff, 0xff, //0x000047db je           LBB0_658
	//0x000047e1 LBB0_793
	0x4d, 0x85, 0xd2, //0x000047e1 testq        %r10, %r10
	0x0f, 0x84, 0x38, 0x06, 0x00, 0x00, //0x000047e4 je           LBB0_857
	0x4c, 0x89, 0xc8, //0x000047ea movq         %r9, %rax
	0x48, 0xf7, 0xd0, //0x000047ed notq         %rax
	0x4c, 0x01, 0xf8, //0x000047f0 addq         %r15, %rax
	0x48, 0x8b, 0x55, 0xd0, //0x000047f3 movq         $-48(%rbp), %rdx
	0x48, 0x83, 0xfa, 0xff, //0x000047f7 cmpq         $-1, %rdx
	0x48, 0x89, 0xd1, //0x000047fb movq         %rdx, %rcx
	0x48, 0x0f, 0x44, 0xc8, //0x000047fe cmoveq       %rax, %rcx
	0x48, 0x0f, 0x45, 0xc2, //0x00004802 cmovneq      %rdx, %rax
	0x49, 0x83, 0xc7, 0x01, //0x00004806 addq         $1, %r15
	0x49, 0x83, 0xc2, 0xff, //0x0000480a addq         $-1, %r10
	0x48, 0x89, 0x4d, 0xd0, //0x0000480e movq         %rcx, $-48(%rbp)
	0xe9, 0xf9, 0xf3, 0xff, 0xff, //0x00004812 jmp          LBB0_659
	//0x00004817 LBB0_795
	0x48, 0x89, 0xce, //0x00004817 movq         %rcx, %rsi
	0x66, 0x0f, 0x6f, 0xda, //0x0000481a movdqa       %xmm2, %xmm3
	0x48, 0x83, 0x7d, 0xd0, 0xff, //0x0000481e cmpq         $-1, $-48(%rbp)
	0x0f, 0x85, 0xaa, 0x02, 0x00, 0x00, //0x00004823 jne          LBB0_823
	0x4c, 0x89, 0xf9, //0x00004829 movq         %r15, %rcx
	0x4c, 0x29, 0xc9, //0x0000482c subq         %r9, %rcx
	0x48, 0x0f, 0xbc, 0xd0, //0x0000482f bsfq         %rax, %rdx
	0x48, 0x01, 0xca, //0x00004833 addq         %rcx, %rdx
	0x48, 0x89, 0x55, 0xd0, //0x00004836 movq         %rdx, $-48(%rbp)
	0xe9, 0x94, 0x02, 0x00, 0x00, //0x0000483a jmp          LBB0_823
	//0x0000483f LBB0_797
	0x48, 0x89, 0x4d, 0x88, //0x0000483f movq         %rcx, $-120(%rbp)
	//0x00004843 LBB0_798
	0x49, 0x0f, 0xbc, 0xce, //0x00004843 bsfq         %r14, %rcx
	0x48, 0x89, 0xc8, //0x00004847 movq         %rcx, %rax
	0x48, 0x39, 0xf9, //0x0000484a cmpq         %rdi, %rcx
	0x48, 0x8b, 0x4d, 0x88, //0x0000484d movq         $-120(%rbp), %rcx
	0x0f, 0x83, 0x70, 0xf3, 0xff, 0xff, //0x00004851 jae          LBB0_653
	0x66, 0x0f, 0x6f, 0xda, //0x00004857 movdqa       %xmm2, %xmm3
	0x48, 0x01, 0xf0, //0x0000485b addq         %rsi, %rax
	0x48, 0x89, 0x45, 0xc0, //0x0000485e movq         %rax, $-64(%rbp)
	0x4c, 0x39, 0xd8, //0x00004862 cmpq         %r11, %rax
	0x0f, 0x8c, 0x5f, 0x00, 0x00, 0x00, //0x00004865 jl           LBB0_805
	0x48, 0x8b, 0x45, 0xc0, //0x0000486b movq         $-64(%rbp), %rax
	0x4c, 0x8d, 0x58, 0x01, //0x0000486f leaq         $1(%rax), %r11
	0x4c, 0x89, 0xe1, //0x00004873 movq         %r12, %rcx
	0x4c, 0x89, 0xd8, //0x00004876 movq         %r11, %rax
	0x4c, 0x89, 0x5d, 0x98, //0x00004879 movq         %r11, $-104(%rbp)
	0x4c, 0x29, 0xd9, //0x0000487d subq         %r11, %rcx
	0x48, 0x89, 0x4d, 0x80, //0x00004880 movq         %rcx, $-128(%rbp)
	0x0f, 0x84, 0x98, 0x05, 0x00, 0x00, //0x00004884 je           LBB0_857
	0x48, 0x8b, 0x45, 0x98, //0x0000488a movq         $-104(%rbp), %rax
	0x45, 0x0f, 0xbe, 0x1c, 0x01, //0x0000488e movsbl       (%r9,%rax), %r11d
	0x48, 0xc7, 0xc0, 0xfe, 0xff, 0xff, 0xff, //0x00004893 movq         $-2, %rax
	0x41, 0x83, 0xc3, 0xde, //0x0000489a addl         $-34, %r11d
	0x41, 0x83, 0xfb, 0x53, //0x0000489e cmpl         $83, %r11d
	0x0f, 0x87, 0x98, 0x07, 0x00, 0x00, //0x000048a2 ja           LBB0_900
	0x4c, 0x8d, 0x2d, 0x59, 0x13, 0x00, 0x00, //0x000048a8 leaq         $4953(%rip), %r13  /* LJTI0_9+0(%rip) */
	0x4b, 0x63, 0x4c, 0x9d, 0x00, //0x000048af movslq       (%r13,%r11,4), %rcx
	0x4c, 0x01, 0xe9, //0x000048b4 addq         %r13, %rcx
	0x4c, 0x8b, 0x5d, 0xc0, //0x000048b7 movq         $-64(%rbp), %r11
	0xff, 0xe1, //0x000048bb jmpq         *%rcx
	//0x000048bd LBB0_803
	0x49, 0x83, 0xc3, 0x02, //0x000048bd addq         $2, %r11
	//0x000048c1 LBB0_804
	0x4d, 0x85, 0xdb, //0x000048c1 testq        %r11, %r11
	0x0f, 0x88, 0x47, 0x05, 0x00, 0x00, //0x000048c4 js           LBB0_856
	//0x000048ca LBB0_805
	0x49, 0x8d, 0x46, 0xff, //0x000048ca leaq         $-1(%r14), %rax
	0x49, 0x21, 0xc6, //0x000048ce andq         %rax, %r14
	0x4c, 0x8b, 0x6d, 0xa0, //0x000048d1 movq         $-96(%rbp), %r13
	0x66, 0x0f, 0x6f, 0xd3, //0x000048d5 movdqa       %xmm3, %xmm2
	0x48, 0x8b, 0x4d, 0x88, //0x000048d9 movq         $-120(%rbp), %rcx
	0x0f, 0x84, 0xe4, 0xf2, 0xff, 0xff, //0x000048dd je           LBB0_653
	0xe9, 0x5b, 0xff, 0xff, 0xff, //0x000048e3 jmp          LBB0_798
	//0x000048e8 LBB0_806
	0x48, 0x83, 0x7d, 0x80, 0x05, //0x000048e8 cmpq         $5, $-128(%rbp)
	0x0f, 0x82, 0x2f, 0x05, 0x00, 0x00, //0x000048ed jb           LBB0_857
	0x48, 0x8b, 0x4d, 0x98, //0x000048f3 movq         $-104(%rbp), %rcx
	0x45, 0x8b, 0x6c, 0x09, 0x01, //0x000048f7 movl         $1(%r9,%rcx), %r13d
	0x45, 0x89, 0xeb, //0x000048fc movl         %r13d, %r11d
	0x41, 0xf7, 0xd3, //0x000048ff notl         %r11d
	0x41, 0x8d, 0x8d, 0xd0, 0xcf, 0xcf, 0xcf, //0x00004902 leal         $-808464432(%r13), %ecx
	0x41, 0x81, 0xe3, 0x80, 0x80, 0x80, 0x80, //0x00004909 andl         $-2139062144, %r11d
	0x44, 0x89, 0x5d, 0x94, //0x00004910 movl         %r11d, $-108(%rbp)
	0x41, 0x85, 0xcb, //0x00004914 testl        %ecx, %r11d
	0x0f, 0x85, 0x23, 0x07, 0x00, 0x00, //0x00004917 jne          LBB0_900
	0x41, 0x8d, 0x8d, 0x19, 0x19, 0x19, 0x19, //0x0000491d leal         $421075225(%r13), %ecx
	0x44, 0x09, 0xe9, //0x00004924 orl          %r13d, %ecx
	0xf7, 0xc1, 0x80, 0x80, 0x80, 0x80, //0x00004927 testl        $-2139062144, %ecx
	0x0f, 0x85, 0x0d, 0x07, 0x00, 0x00, //0x0000492d jne          LBB0_900
	0x45, 0x89, 0xeb, //0x00004933 movl         %r13d, %r11d
	0x41, 0x81, 0xe3, 0x7f, 0x7f, 0x7f, 0x7f, //0x00004936 andl         $2139062143, %r11d
	0xb9, 0xc0, 0xc0, 0xc0, 0xc0, //0x0000493d movl         $-1061109568, %ecx
	0x44, 0x29, 0xd9, //0x00004942 subl         %r11d, %ecx
	0x4c, 0x89, 0x9d, 0x70, 0xff, 0xff, 0xff, //0x00004945 movq         %r11, $-144(%rbp)
	0x41, 0x81, 0xc3, 0x46, 0x46, 0x46, 0x46, //0x0000494c addl         $1179010630, %r11d
	0x23, 0x4d, 0x94, //0x00004953 andl         $-108(%rbp), %ecx
	0x44, 0x85, 0xd9, //0x00004956 testl        %r11d, %ecx
	0x0f, 0x85, 0xe1, 0x06, 0x00, 0x00, //0x00004959 jne          LBB0_900
	0xb9, 0xe0, 0xe0, 0xe0, 0xe0, //0x0000495f movl         $-522133280, %ecx
	0x4c, 0x8b, 0x9d, 0x70, 0xff, 0xff, 0xff, //0x00004964 movq         $-144(%rbp), %r11
	0x44, 0x29, 0xd9, //0x0000496b subl         %r11d, %ecx
	0x89, 0x8d, 0x7c, 0xff, 0xff, 0xff, //0x0000496e movl         %ecx, $-132(%rbp)
	0x41, 0x81, 0xc3, 0x39, 0x39, 0x39, 0x39, //0x00004974 addl         $960051513, %r11d
	0x8b, 0x4d, 0x94, //0x0000497b movl         $-108(%rbp), %ecx
	0x23, 0x8d, 0x7c, 0xff, 0xff, 0xff, //0x0000497e andl         $-132(%rbp), %ecx
	0x44, 0x85, 0xd9, //0x00004984 testl        %r11d, %ecx
	0x0f, 0x85, 0xb3, 0x06, 0x00, 0x00, //0x00004987 jne          LBB0_900
	0x41, 0x0f, 0xcd, //0x0000498d bswapl       %r13d
	0x44, 0x89, 0xe8, //0x00004990 movl         %r13d, %eax
	0xc1, 0xe8, 0x04, //0x00004993 shrl         $4, %eax
	0xf7, 0xd0, //0x00004996 notl         %eax
	0x25, 0x01, 0x01, 0x01, 0x01, //0x00004998 andl         $16843009, %eax
	0x8d, 0x04, 0xc0, //0x0000499d leal         (%rax,%rax,8), %eax
	0x41, 0x81, 0xe5, 0x0f, 0x0f, 0x0f, 0x0f, //0x000049a0 andl         $252645135, %r13d
	0x41, 0x01, 0xc5, //0x000049a7 addl         %eax, %r13d
	0x44, 0x89, 0xe8, //0x000049aa movl         %r13d, %eax
	0xc1, 0xe8, 0x0c, //0x000049ad shrl         $12, %eax
	0x41, 0xc1, 0xed, 0x08, //0x000049b0 shrl         $8, %r13d
	0x41, 0x09, 0xc5, //0x000049b4 orl          %eax, %r13d
	0x41, 0x81, 0xe5, 0x00, 0xfc, 0x00, 0x00, //0x000049b7 andl         $64512, %r13d
	0x41, 0x81, 0xfd, 0x00, 0xd8, 0x00, 0x00, //0x000049be cmpl         $55296, %r13d
	0x0f, 0x85, 0xf4, 0x00, 0x00, 0x00, //0x000049c5 jne          LBB0_821
	0x48, 0x83, 0x7d, 0x80, 0x0b, //0x000049cb cmpq         $11, $-128(%rbp)
	0x0f, 0x82, 0xe9, 0x00, 0x00, 0x00, //0x000049d0 jb           LBB0_821
	0x48, 0x8b, 0x45, 0x98, //0x000049d6 movq         $-104(%rbp), %rax
	0x41, 0x80, 0x7c, 0x01, 0x05, 0x5c, //0x000049da cmpb         $92, $5(%r9,%rax)
	0x0f, 0x85, 0xd9, 0x00, 0x00, 0x00, //0x000049e0 jne          LBB0_821
	0x48, 0x8b, 0x45, 0x98, //0x000049e6 movq         $-104(%rbp), %rax
	0x41, 0x80, 0x7c, 0x01, 0x06, 0x75, //0x000049ea cmpb         $117, $6(%r9,%rax)
	0x0f, 0x85, 0xc9, 0x00, 0x00, 0x00, //0x000049f0 jne          LBB0_821
	0x48, 0x8b, 0x45, 0x98, //0x000049f6 movq         $-104(%rbp), %rax
	0x45, 0x8b, 0x5c, 0x01, 0x07, //0x000049fa movl         $7(%r9,%rax), %r11d
	0x44, 0x89, 0xd8, //0x000049ff movl         %r11d, %eax
	0xf7, 0xd0, //0x00004a02 notl         %eax
	0x41, 0x8d, 0x8b, 0xd0, 0xcf, 0xcf, 0xcf, //0x00004a04 leal         $-808464432(%r11), %ecx
	0x25, 0x80, 0x80, 0x80, 0x80, //0x00004a0b andl         $-2139062144, %eax
	0x85, 0xc8, //0x00004a10 testl        %ecx, %eax
	0x0f, 0x85, 0xa7, 0x00, 0x00, 0x00, //0x00004a12 jne          LBB0_821
	0x41, 0x8d, 0x8b, 0x19, 0x19, 0x19, 0x19, //0x00004a18 leal         $421075225(%r11), %ecx
	0x44, 0x09, 0xd9, //0x00004a1f orl          %r11d, %ecx
	0xf7, 0xc1, 0x80, 0x80, 0x80, 0x80, //0x00004a22 testl        $-2139062144, %ecx
	0x0f, 0x85, 0x91, 0x00, 0x00, 0x00, //0x00004a28 jne          LBB0_821
	0x45, 0x89, 0xdd, //0x00004a2e movl         %r11d, %r13d
	0x41, 0x81, 0xe5, 0x7f, 0x7f, 0x7f, 0x7f, //0x00004a31 andl         $2139062143, %r13d
	0xb9, 0xc0, 0xc0, 0xc0, 0xc0, //0x00004a38 movl         $-1061109568, %ecx
	0x44, 0x29, 0xe9, //0x00004a3d subl         %r13d, %ecx
	0x4c, 0x89, 0x6d, 0x98, //0x00004a40 movq         %r13, $-104(%rbp)
	0x41, 0x81, 0xc5, 0x46, 0x46, 0x46, 0x46, //0x00004a44 addl         $1179010630, %r13d
	0x21, 0xc1, //0x00004a4b andl         %eax, %ecx
	0x44, 0x85, 0xe9, //0x00004a4d testl        %r13d, %ecx
	0x0f, 0x85, 0x69, 0x00, 0x00, 0x00, //0x00004a50 jne          LBB0_821
	0x41, 0xbd, 0xe0, 0xe0, 0xe0, 0xe0, //0x00004a56 movl         $-522133280, %r13d
	0x48, 0x8b, 0x4d, 0x98, //0x00004a5c movq         $-104(%rbp), %rcx
	0x41, 0x29, 0xcd, //0x00004a60 subl         %ecx, %r13d
	0x81, 0xc1, 0x39, 0x39, 0x39, 0x39, //0x00004a63 addl         $960051513, %ecx
	0x44, 0x21, 0xe8, //0x00004a69 andl         %r13d, %eax
	0x85, 0xc8, //0x00004a6c testl        %ecx, %eax
	0x0f, 0x85, 0x4b, 0x00, 0x00, 0x00, //0x00004a6e jne          LBB0_821
	0x41, 0x0f, 0xcb, //0x00004a74 bswapl       %r11d
	0x44, 0x89, 0xd8, //0x00004a77 movl         %r11d, %eax
	0xc1, 0xe8, 0x04, //0x00004a7a shrl         $4, %eax
	0xf7, 0xd0, //0x00004a7d notl         %eax
	0x25, 0x01, 0x01, 0x01, 0x01, //0x00004a7f andl         $16843009, %eax
	0x8d, 0x04, 0xc0, //0x00004a84 leal         (%rax,%rax,8), %eax
	0x41, 0x81, 0xe3, 0x0f, 0x0f, 0x0f, 0x0f, //0x00004a87 andl         $252645135, %r11d
	0x41, 0x01, 0xc3, //0x00004a8e addl         %eax, %r11d
	0x44, 0x89, 0xd8, //0x00004a91 movl         %r11d, %eax
	0xc1, 0xe8, 0x0c, //0x00004a94 shrl         $12, %eax
	0x41, 0xc1, 0xeb, 0x08, //0x00004a97 shrl         $8, %r11d
	0x41, 0x09, 0xc3, //0x00004a9b orl          %eax, %r11d
	0x41, 0x81, 0xe3, 0x00, 0xfc, 0x00, 0x00, //0x00004a9e andl         $64512, %r11d
	0x41, 0x81, 0xfb, 0x00, 0xdc, 0x00, 0x00, //0x00004aa5 cmpl         $56320, %r11d
	0x0f, 0x85, 0x0d, 0x00, 0x00, 0x00, //0x00004aac jne          LBB0_821
	0x4c, 0x8b, 0x5d, 0xc0, //0x00004ab2 movq         $-64(%rbp), %r11
	0x49, 0x83, 0xc3, 0x0c, //0x00004ab6 addq         $12, %r11
	0xe9, 0x02, 0xfe, 0xff, 0xff, //0x00004aba jmp          LBB0_804
	//0x00004abf LBB0_821
	0x4c, 0x8b, 0x5d, 0xc0, //0x00004abf movq         $-64(%rbp), %r11
	0x49, 0x83, 0xc3, 0x06, //0x00004ac3 addq         $6, %r11
	0xe9, 0xf5, 0xfd, 0xff, 0xff, //0x00004ac7 jmp          LBB0_804
	//0x00004acc LBB0_822
	0x48, 0x89, 0xce, //0x00004acc movq         %rcx, %rsi
	0x66, 0x0f, 0x6f, 0xda, //0x00004acf movdqa       %xmm2, %xmm3
	//0x00004ad3 LBB0_823
	0x4d, 0x89, 0xc6, //0x00004ad3 movq         %r8, %r14
	0x49, 0xf7, 0xd6, //0x00004ad6 notq         %r14
	0x49, 0x21, 0xc6, //0x00004ad9 andq         %rax, %r14
	0x43, 0x8d, 0x0c, 0x70, //0x00004adc leal         (%r8,%r14,2), %ecx
	0x43, 0x8d, 0x14, 0x36, //0x00004ae0 leal         (%r14,%r14), %edx
	0xf7, 0xd2, //0x00004ae4 notl         %edx
	0x21, 0xd0, //0x00004ae6 andl         %edx, %eax
	0x25, 0xaa, 0xaa, 0xaa, 0xaa, //0x00004ae8 andl         $-1431655766, %eax
	0x45, 0x31, 0xc0, //0x00004aed xorl         %r8d, %r8d
	0x44, 0x01, 0xf0, //0x00004af0 addl         %r14d, %eax
	0x41, 0x0f, 0x92, 0xc0, //0x00004af3 setb         %r8b
	0x01, 0xc0, //0x00004af7 addl         %eax, %eax
	0x35, 0x55, 0x55, 0x55, 0x55, //0x00004af9 xorl         $1431655765, %eax
	0x21, 0xc8, //0x00004afe andl         %ecx, %eax
	0xf7, 0xd0, //0x00004b00 notl         %eax
	0x48, 0x89, 0xf1, //0x00004b02 movq         %rsi, %rcx
	0x21, 0xc1, //0x00004b05 andl         %eax, %ecx
	0x4c, 0x8b, 0x6d, 0xa0, //0x00004b07 movq         $-96(%rbp), %r13
	0x66, 0x0f, 0x6f, 0xd3, //0x00004b0b movdqa       %xmm3, %xmm2
	0xe9, 0x67, 0xf0, 0xff, 0xff, //0x00004b0f jmp          LBB0_648
	//0x00004b14 LBB0_824
	0x48, 0x83, 0x7d, 0x80, 0x05, //0x00004b14 cmpq         $5, $-128(%rbp)
	0x0f, 0x82, 0xd7, 0x02, 0x00, 0x00, //0x00004b19 jb           LBB0_853
	0x48, 0x8b, 0x4d, 0x98, //0x00004b1f movq         $-104(%rbp), %rcx
	0x41, 0x8b, 0x5c, 0x09, 0x01, //0x00004b23 movl         $1(%r9,%rcx), %ebx
	0x41, 0x89, 0xdb, //0x00004b28 movl         %ebx, %r11d
	0x41, 0xf7, 0xd3, //0x00004b2b notl         %r11d
	0x8d, 0x8b, 0xd0, 0xcf, 0xcf, 0xcf, //0x00004b2e leal         $-808464432(%rbx), %ecx
	0x41, 0x81, 0xe3, 0x80, 0x80, 0x80, 0x80, //0x00004b34 andl         $-2139062144, %r11d
	0x44, 0x89, 0x5d, 0x94, //0x00004b3b movl         %r11d, $-108(%rbp)
	0x41, 0x85, 0xcb, //0x00004b3f testl        %ecx, %r11d
	0x0f, 0x85, 0xef, 0x04, 0x00, 0x00, //0x00004b42 jne          LBB0_899
	0x8d, 0x8b, 0x19, 0x19, 0x19, 0x19, //0x00004b48 leal         $421075225(%rbx), %ecx
	0x09, 0xd9, //0x00004b4e orl          %ebx, %ecx
	0xf7, 0xc1, 0x80, 0x80, 0x80, 0x80, //0x00004b50 testl        $-2139062144, %ecx
	0x0f, 0x85, 0xdb, 0x04, 0x00, 0x00, //0x00004b56 jne          LBB0_899
	0x41, 0x89, 0xdb, //0x00004b5c movl         %ebx, %r11d
	0x41, 0x81, 0xe3, 0x7f, 0x7f, 0x7f, 0x7f, //0x00004b5f andl         $2139062143, %r11d
	0xb9, 0xc0, 0xc0, 0xc0, 0xc0, //0x00004b66 movl         $-1061109568, %ecx
	0x44, 0x29, 0xd9, //0x00004b6b subl         %r11d, %ecx
	0x4c, 0x89, 0x9d, 0x70, 0xff, 0xff, 0xff, //0x00004b6e movq         %r11, $-144(%rbp)
	0x41, 0x81, 0xc3, 0x46, 0x46, 0x46, 0x46, //0x00004b75 addl         $1179010630, %r11d
	0x23, 0x4d, 0x94, //0x00004b7c andl         $-108(%rbp), %ecx
	0x44, 0x85, 0xd9, //0x00004b7f testl        %r11d, %ecx
	0x0f, 0x85, 0xaf, 0x04, 0x00, 0x00, //0x00004b82 jne          LBB0_899
	0xb9, 0xe0, 0xe0, 0xe0, 0xe0, //0x00004b88 movl         $-522133280, %ecx
	0x4c, 0x8b, 0x9d, 0x70, 0xff, 0xff, 0xff, //0x00004b8d movq         $-144(%rbp), %r11
	0x44, 0x29, 0xd9, //0x00004b94 subl         %r11d, %ecx
	0x89, 0x8d, 0x7c, 0xff, 0xff, 0xff, //0x00004b97 movl         %ecx, $-132(%rbp)
	0x41, 0x81, 0xc3, 0x39, 0x39, 0x39, 0x39, //0x00004b9d addl         $960051513, %r11d
	0x8b, 0x4d, 0x94, //0x00004ba4 movl         $-108(%rbp), %ecx
	0x23, 0x8d, 0x7c, 0xff, 0xff, 0xff, //0x00004ba7 andl         $-132(%rbp), %ecx
	0x44, 0x85, 0xd9, //0x00004bad testl        %r11d, %ecx
	0x0f, 0x85, 0x81, 0x04, 0x00, 0x00, //0x00004bb0 jne          LBB0_899
	0x0f, 0xcb, //0x00004bb6 bswapl       %ebx
	0x89, 0xd8, //0x00004bb8 movl         %ebx, %eax
	0xc1, 0xe8, 0x04, //0x00004bba shrl         $4, %eax
	0xf7, 0xd0, //0x00004bbd notl         %eax
	0x25, 0x01, 0x01, 0x01, 0x01, //0x00004bbf andl         $16843009, %eax
	0x8d, 0x04, 0xc0, //0x00004bc4 leal         (%rax,%rax,8), %eax
	0x81, 0xe3, 0x0f, 0x0f, 0x0f, 0x0f, //0x00004bc7 andl         $252645135, %ebx
	0x01, 0xc3, //0x00004bcd addl         %eax, %ebx
	0x89, 0xd8, //0x00004bcf movl         %ebx, %eax
	0xc1, 0xe8, 0x0c, //0x00004bd1 shrl         $12, %eax
	0xc1, 0xeb, 0x08, //0x00004bd4 shrl         $8, %ebx
	0x09, 0xc3, //0x00004bd7 orl          %eax, %ebx
	0x81, 0xe3, 0x00, 0xfc, 0x00, 0x00, //0x00004bd9 andl         $64512, %ebx
	0x81, 0xfb, 0x00, 0xd8, 0x00, 0x00, //0x00004bdf cmpl         $55296, %ebx
	0x0f, 0x85, 0xed, 0x00, 0x00, 0x00, //0x00004be5 jne          LBB0_839
	0x48, 0x83, 0x7d, 0x80, 0x0b, //0x00004beb cmpq         $11, $-128(%rbp)
	0x0f, 0x82, 0xe2, 0x00, 0x00, 0x00, //0x00004bf0 jb           LBB0_839
	0x48, 0x8b, 0x45, 0x98, //0x00004bf6 movq         $-104(%rbp), %rax
	0x41, 0x80, 0x7c, 0x01, 0x05, 0x5c, //0x00004bfa cmpb         $92, $5(%r9,%rax)
	0x0f, 0x85, 0xd2, 0x00, 0x00, 0x00, //0x00004c00 jne          LBB0_839
	0x48, 0x8b, 0x45, 0x98, //0x00004c06 movq         $-104(%rbp), %rax
	0x41, 0x80, 0x7c, 0x01, 0x06, 0x75, //0x00004c0a cmpb         $117, $6(%r9,%rax)
	0x0f, 0x85, 0xc2, 0x00, 0x00, 0x00, //0x00004c10 jne          LBB0_839
	0x48, 0x8b, 0x45, 0x98, //0x00004c16 movq         $-104(%rbp), %rax
	0x45, 0x8b, 0x5c, 0x01, 0x07, //0x00004c1a movl         $7(%r9,%rax), %r11d
	0x44, 0x89, 0xd8, //0x00004c1f movl         %r11d, %eax
	0xf7, 0xd0, //0x00004c22 notl         %eax
	0x41, 0x8d, 0x8b, 0xd0, 0xcf, 0xcf, 0xcf, //0x00004c24 leal         $-808464432(%r11), %ecx
	0x25, 0x80, 0x80, 0x80, 0x80, //0x00004c2b andl         $-2139062144, %eax
	0x85, 0xc8, //0x00004c30 testl        %ecx, %eax
	0x0f, 0x85, 0xa0, 0x00, 0x00, 0x00, //0x00004c32 jne          LBB0_839
	0x41, 0x8d, 0x8b, 0x19, 0x19, 0x19, 0x19, //0x00004c38 leal         $421075225(%r11), %ecx
	0x44, 0x09, 0xd9, //0x00004c3f orl          %r11d, %ecx
	0xf7, 0xc1, 0x80, 0x80, 0x80, 0x80, //0x00004c42 testl        $-2139062144, %ecx
	0x0f, 0x85, 0x8a, 0x00, 0x00, 0x00, //0x00004c48 jne          LBB0_839
	0x44, 0x89, 0xdb, //0x00004c4e movl         %r11d, %ebx
	0x81, 0xe3, 0x7f, 0x7f, 0x7f, 0x7f, //0x00004c51 andl         $2139062143, %ebx
	0xb9, 0xc0, 0xc0, 0xc0, 0xc0, //0x00004c57 movl         $-1061109568, %ecx
	0x29, 0xd9, //0x00004c5c subl         %ebx, %ecx
	0x48, 0x89, 0x5d, 0x98, //0x00004c5e movq         %rbx, $-104(%rbp)
	0x81, 0xc3, 0x46, 0x46, 0x46, 0x46, //0x00004c62 addl         $1179010630, %ebx
	0x21, 0xc1, //0x00004c68 andl         %eax, %ecx
	0x85, 0xd9, //0x00004c6a testl        %ebx, %ecx
	0x0f, 0x85, 0x66, 0x00, 0x00, 0x00, //0x00004c6c jne          LBB0_839
	0xb9, 0xe0, 0xe0, 0xe0, 0xe0, //0x00004c72 movl         $-522133280, %ecx
	0x48, 0x8b, 0x5d, 0x98, //0x00004c77 movq         $-104(%rbp), %rbx
	0x29, 0xd9, //0x00004c7b subl         %ebx, %ecx
	0x81, 0xc3, 0x39, 0x39, 0x39, 0x39, //0x00004c7d addl         $960051513, %ebx
	0x21, 0xc8, //0x00004c83 andl         %ecx, %eax
	0x85, 0xd8, //0x00004c85 testl        %ebx, %eax
	0x0f, 0x85, 0x4b, 0x00, 0x00, 0x00, //0x00004c87 jne          LBB0_839
	0x41, 0x0f, 0xcb, //0x00004c8d bswapl       %r11d
	0x44, 0x89, 0xd8, //0x00004c90 movl         %r11d, %eax
	0xc1, 0xe8, 0x04, //0x00004c93 shrl         $4, %eax
	0xf7, 0xd0, //0x00004c96 notl         %eax
	0x25, 0x01, 0x01, 0x01, 0x01, //0x00004c98 andl         $16843009, %eax
	0x8d, 0x04, 0xc0, //0x00004c9d leal         (%rax,%rax,8), %eax
	0x41, 0x81, 0xe3, 0x0f, 0x0f, 0x0f, 0x0f, //0x00004ca0 andl         $252645135, %r11d
	0x41, 0x01, 0xc3, //0x00004ca7 addl         %eax, %r11d
	0x44, 0x89, 0xd8, //0x00004caa movl         %r11d, %eax
	0xc1, 0xe8, 0x0c, //0x00004cad shrl         $12, %eax
	0x41, 0xc1, 0xeb, 0x08, //0x00004cb0 shrl         $8, %r11d
	0x41, 0x09, 0xc3, //0x00004cb4 orl          %eax, %r11d
	0x41, 0x81, 0xe3, 0x00, 0xfc, 0x00, 0x00, //0x00004cb7 andl         $64512, %r11d
	0x41, 0x81, 0xfb, 0x00, 0xdc, 0x00, 0x00, //0x00004cbe cmpl         $56320, %r11d
	0x0f, 0x85, 0x0d, 0x00, 0x00, 0x00, //0x00004cc5 jne          LBB0_839
	0x4c, 0x8b, 0x5d, 0xc0, //0x00004ccb movq         $-64(%rbp), %r11
	0x49, 0x83, 0xc3, 0x0c, //0x00004ccf addq         $12, %r11
	0xe9, 0x8d, 0x00, 0x00, 0x00, //0x00004cd3 jmp          LBB0_846
	//0x00004cd8 LBB0_839
	0x4c, 0x8b, 0x5d, 0xc0, //0x00004cd8 movq         $-64(%rbp), %r11
	0x49, 0x83, 0xc3, 0x06, //0x00004cdc addq         $6, %r11
	0xe9, 0x80, 0x00, 0x00, 0x00, //0x00004ce0 jmp          LBB0_846
	//0x00004ce5 LBB0_840
	0x49, 0x0f, 0xbc, 0xcc, //0x00004ce5 bsfq         %r12, %rcx
	0x48, 0x39, 0xf9, //0x00004ce9 cmpq         %rdi, %rcx
	0x0f, 0x83, 0x13, 0xe7, 0xff, 0xff, //0x00004cec jae          LBB0_556
	0x48, 0x89, 0xc8, //0x00004cf2 movq         %rcx, %rax
	0x48, 0x89, 0x5d, 0x88, //0x00004cf5 movq         %rbx, $-120(%rbp)
	0x66, 0x0f, 0x6f, 0xda, //0x00004cf9 movdqa       %xmm2, %xmm3
	0x48, 0x01, 0xf0, //0x00004cfd addq         %rsi, %rax
	0x48, 0x89, 0x45, 0xc0, //0x00004d00 movq         %rax, $-64(%rbp)
	0x4c, 0x39, 0xd8, //0x00004d04 cmpq         %r11, %rax
	0x0f, 0x8c, 0x61, 0x00, 0x00, 0x00, //0x00004d07 jl           LBB0_847
	0x48, 0x8b, 0x45, 0xc0, //0x00004d0d movq         $-64(%rbp), %rax
	0x48, 0x8d, 0x48, 0x01, //0x00004d11 leaq         $1(%rax), %rcx
	0x4c, 0x89, 0xc3, //0x00004d15 movq         %r8, %rbx
	0x48, 0x89, 0xc8, //0x00004d18 movq         %rcx, %rax
	0x48, 0x89, 0x4d, 0x98, //0x00004d1b movq         %rcx, $-104(%rbp)
	0x48, 0x29, 0xcb, //0x00004d1f subq         %rcx, %rbx
	0x48, 0x89, 0x5d, 0x80, //0x00004d22 movq         %rbx, $-128(%rbp)
	0x0f, 0x84, 0xca, 0x00, 0x00, 0x00, //0x00004d26 je           LBB0_853
	0x48, 0x8b, 0x45, 0x98, //0x00004d2c movq         $-104(%rbp), %rax
	0x45, 0x0f, 0xbe, 0x1c, 0x01, //0x00004d30 movsbl       (%r9,%rax), %r11d
	0x48, 0xc7, 0xc0, 0xfe, 0xff, 0xff, 0xff, //0x00004d35 movq         $-2, %rax
	0x41, 0x83, 0xc3, 0xde, //0x00004d3c addl         $-34, %r11d
	0x41, 0x83, 0xfb, 0x53, //0x00004d40 cmpl         $83, %r11d
	0x0f, 0x87, 0xed, 0x02, 0x00, 0x00, //0x00004d44 ja           LBB0_899
	0x48, 0x8d, 0x1d, 0xd7, 0x08, 0x00, 0x00, //0x00004d4a leaq         $2263(%rip), %rbx  /* LJTI0_5+0(%rip) */
	0x4a, 0x63, 0x0c, 0x9b, //0x00004d51 movslq       (%rbx,%r11,4), %rcx
	0x48, 0x01, 0xd9, //0x00004d55 addq         %rbx, %rcx
	0x48, 0x8b, 0x5d, 0xc0, //0x00004d58 movq         $-64(%rbp), %rbx
	0xff, 0xe1, //0x00004d5c jmpq         *%rcx
	//0x00004d5e LBB0_845
	0x48, 0x83, 0xc3, 0x02, //0x00004d5e addq         $2, %rbx
	0x49, 0x89, 0xdb, //0x00004d62 movq         %rbx, %r11
	//0x00004d65 LBB0_846
	0x4d, 0x85, 0xdb, //0x00004d65 testq        %r11, %r11
	0x0f, 0x88, 0x77, 0x00, 0x00, 0x00, //0x00004d68 js           LBB0_852
	//0x00004d6e LBB0_847
	0x49, 0x8d, 0x44, 0x24, 0xff, //0x00004d6e leaq         $-1(%r12), %rax
	0x49, 0x21, 0xc4, //0x00004d73 andq         %rax, %r12
	0x66, 0x0f, 0x6f, 0xd3, //0x00004d76 movdqa       %xmm3, %xmm2
	0x48, 0x8b, 0x5d, 0x88, //0x00004d7a movq         $-120(%rbp), %rbx
	0x0f, 0x84, 0x81, 0xe6, 0xff, 0xff, //0x00004d7e je           LBB0_556
	0xe9, 0x5c, 0xff, 0xff, 0xff, //0x00004d84 jmp          LBB0_840
	//0x00004d89 LBB0_848
	0x4d, 0x85, 0xd2, //0x00004d89 testq        %r10, %r10
	0x0f, 0x84, 0x90, 0x00, 0x00, 0x00, //0x00004d8c je           LBB0_857
	0x4c, 0x89, 0xc9, //0x00004d92 movq         %r9, %rcx
	0x48, 0xf7, 0xd1, //0x00004d95 notq         %rcx
	0x49, 0x8d, 0x04, 0x0b, //0x00004d98 leaq         (%r11,%rcx), %rax
	0x48, 0x8b, 0x75, 0xd0, //0x00004d9c movq         $-48(%rbp), %rsi
	0x48, 0x83, 0xfe, 0xff, //0x00004da0 cmpq         $-1, %rsi
	0x48, 0x89, 0xf2, //0x00004da4 movq         %rsi, %rdx
	0x48, 0x0f, 0x44, 0xf0, //0x00004da7 cmoveq       %rax, %rsi
	0x48, 0x0f, 0x44, 0xd0, //0x00004dab cmoveq       %rax, %rdx
	0x49, 0x83, 0xc3, 0x01, //0x00004daf addq         $1, %r11
	0x49, 0x83, 0xc2, 0xff, //0x00004db3 addq         $-1, %r10
	0x48, 0x89, 0x75, 0xd0, //0x00004db7 movq         %rsi, $-48(%rbp)
	0x4d, 0x85, 0xd2, //0x00004dbb testq        %r10, %r10
	0x0f, 0x85, 0x63, 0xf9, 0xff, 0xff, //0x00004dbe jne          LBB0_780
	0xe9, 0xe2, 0xf9, 0xff, 0xff, //0x00004dc4 jmp          LBB0_790
	//0x00004dc9 LBB0_850
	0x4d, 0x89, 0x1c, 0x24, //0x00004dc9 movq         %r11, (%r12)
	//0x00004dcd LBB0_851
	0x48, 0xc7, 0xc0, 0xff, 0xff, 0xff, 0xff, //0x00004dcd movq         $-1, %rax
	0xe9, 0x73, 0x00, 0x00, 0x00, //0x00004dd4 jmp          LBB0_887
	//0x00004dd9 LBB0_875
	0x48, 0xc7, 0xc0, 0xf9, 0xff, 0xff, 0xff, //0x00004dd9 movq         $-7, %rax
	0xe9, 0x67, 0x00, 0x00, 0x00, //0x00004de0 jmp          LBB0_887
	//0x00004de5 LBB0_852
	0x48, 0x8b, 0x5d, 0xd0, //0x00004de5 movq         $-48(%rbp), %rbx
	0x4c, 0x89, 0xd8, //0x00004de9 movq         %r11, %rax
	0x49, 0x83, 0xfb, 0xff, //0x00004dec cmpq         $-1, %r11
	0x0f, 0x85, 0xd3, 0x01, 0x00, 0x00, //0x00004df0 jne          LBB0_877
	//0x00004df6 LBB0_853
	0x48, 0xc7, 0xc0, 0xff, 0xff, 0xff, 0xff, //0x00004df6 movq         $-1, %rax
	0x4c, 0x89, 0xc3, //0x00004dfd movq         %r8, %rbx
	0xe9, 0xc4, 0x01, 0x00, 0x00, //0x00004e00 jmp          LBB0_877
	//0x00004e05 LBB0_854
	0x48, 0xc7, 0xc0, 0xff, 0xff, 0xff, 0xff, //0x00004e05 movq         $-1, %rax
	0xe9, 0x23, 0x00, 0x00, 0x00, //0x00004e0c jmp          LBB0_855
	//0x00004e11 LBB0_856
	0x4c, 0x89, 0xd8, //0x00004e11 movq         %r11, %rax
	0x4c, 0x8b, 0x5d, 0xd0, //0x00004e14 movq         $-48(%rbp), %r11
	0x48, 0x83, 0xf8, 0xff, //0x00004e18 cmpq         $-1, %rax
	0x0f, 0x85, 0xfd, 0x01, 0x00, 0x00, //0x00004e1c jne          LBB0_884
	//0x00004e22 LBB0_857
	0x48, 0xc7, 0xc0, 0xff, 0xff, 0xff, 0xff, //0x00004e22 movq         $-1, %rax
	0x4d, 0x89, 0xe3, //0x00004e29 movq         %r12, %r11
	0xe9, 0xee, 0x01, 0x00, 0x00, //0x00004e2c jmp          LBB0_884
	//0x00004e31 LBB0_273
	0x4c, 0x89, 0xd8, //0x00004e31 movq         %r11, %rax
	//0x00004e34 LBB0_855
	0x48, 0xf7, 0xd0, //0x00004e34 notq         %rax
	0x48, 0x8b, 0x4d, 0xc8, //0x00004e37 movq         $-56(%rbp), %rcx
	0x48, 0x01, 0xc1, //0x00004e3b addq         %rax, %rcx
	0x48, 0x8b, 0x45, 0xb8, //0x00004e3e movq         $-72(%rbp), %rax
	0x48, 0x89, 0x08, //0x00004e42 movq         %rcx, (%rax)
	//0x00004e45 LBB0_886
	0x48, 0xc7, 0xc0, 0xfe, 0xff, 0xff, 0xff, //0x00004e45 movq         $-2, %rax
	//0x00004e4c LBB0_887
	0x48, 0x81, 0xc4, 0xb8, 0x00, 0x00, 0x00, //0x00004e4c addq         $184, %rsp
	0x5b,       //0x00004e53 popq         %rbx
	0x41, 0x5c, //0x00004e54 popq         %r12
	0x41, 0x5d, //0x00004e56 popq         %r13
	0x41, 0x5e, //0x00004e58 popq         %r14
	0x41, 0x5f, //0x00004e5a popq         %r15
	0x5d, //0x00004e5c popq         %rbp
	0xc3, //0x00004e5d retq
	//0x00004e5e LBB0_860
	0x49, 0x89, 0x0c, 0x24, //0x00004e5e movq         %rcx, (%r12)
	0xe9, 0xe5, 0xff, 0xff, 0xff, //0x00004e62 jmp          LBB0_887
	//0x00004e67 LBB0_858
	0x48, 0xc7, 0xc0, 0xfe, 0xff, 0xff, 0xff, //0x00004e67 movq         $-2, %rax
	0x48, 0x8b, 0x4d, 0xd0, //0x00004e6e movq         $-48(%rbp), %rcx
	0x48, 0x83, 0xf9, 0xff, //0x00004e72 cmpq         $-1, %rcx
	0x0f, 0x84, 0x46, 0x01, 0x00, 0x00, //0x00004e76 je           LBB0_876
	0x48, 0x89, 0xcb, //0x00004e7c movq         %rcx, %rbx
	0xe9, 0x45, 0x01, 0x00, 0x00, //0x00004e7f jmp          LBB0_877
	//0x00004e84 LBB0_861
	0x48, 0x8b, 0x55, 0xc8, //0x00004e84 movq         $-56(%rbp), %rdx
	0x49, 0x89, 0x14, 0x24, //0x00004e88 movq         %rdx, (%r12)
	0x48, 0xc7, 0xc0, 0xfe, 0xff, 0xff, 0xff, //0x00004e8c movq         $-2, %rax
	0x41, 0x80, 0x38, 0x74, //0x00004e93 cmpb         $116, (%r8)
	0x0f, 0x85, 0xaf, 0xff, 0xff, 0xff, //0x00004e97 jne          LBB0_887
	0x48, 0x8d, 0x4a, 0x01, //0x00004e9d leaq         $1(%rdx), %rcx
	0x49, 0x89, 0x0c, 0x24, //0x00004ea1 movq         %rcx, (%r12)
	0x41, 0x80, 0x7c, 0x11, 0x01, 0x72, //0x00004ea5 cmpb         $114, $1(%r9,%rdx)
	0x0f, 0x85, 0x9b, 0xff, 0xff, 0xff, //0x00004eab jne          LBB0_887
	0x48, 0x8d, 0x4a, 0x02, //0x00004eb1 leaq         $2(%rdx), %rcx
	0x49, 0x89, 0x0c, 0x24, //0x00004eb5 movq         %rcx, (%r12)
	0x41, 0x80, 0x7c, 0x11, 0x02, 0x75, //0x00004eb9 cmpb         $117, $2(%r9,%rdx)
	0x0f, 0x85, 0x87, 0xff, 0xff, 0xff, //0x00004ebf jne          LBB0_887
	0x48, 0x8d, 0x4a, 0x03, //0x00004ec5 leaq         $3(%rdx), %rcx
	0x49, 0x89, 0x0c, 0x24, //0x00004ec9 movq         %rcx, (%r12)
	0x41, 0x80, 0x7c, 0x11, 0x03, 0x65, //0x00004ecd cmpb         $101, $3(%r9,%rdx)
	0x0f, 0x85, 0x73, 0xff, 0xff, 0xff, //0x00004ed3 jne          LBB0_887
	0xe9, 0xae, 0x00, 0x00, 0x00, //0x00004ed9 jmp          LBB0_865
	//0x00004ede LBB0_866
	0x48, 0xc7, 0xc0, 0xfe, 0xff, 0xff, 0xff, //0x00004ede movq         $-2, %rax
	0x80, 0xf9, 0x61, //0x00004ee5 cmpb         $97, %cl
	0x0f, 0x85, 0x5e, 0xff, 0xff, 0xff, //0x00004ee8 jne          LBB0_887
	0x48, 0x8d, 0x4e, 0x02, //0x00004eee leaq         $2(%rsi), %rcx
	0x49, 0x89, 0x0c, 0x24, //0x00004ef2 movq         %rcx, (%r12)
	0x41, 0x80, 0x7c, 0x31, 0x02, 0x6c, //0x00004ef6 cmpb         $108, $2(%r9,%rsi)
	0x0f, 0x85, 0x4a, 0xff, 0xff, 0xff, //0x00004efc jne          LBB0_887
	0x48, 0x8d, 0x4e, 0x03, //0x00004f02 leaq         $3(%rsi), %rcx
	0x49, 0x89, 0x0c, 0x24, //0x00004f06 movq         %rcx, (%r12)
	0x41, 0x80, 0x7c, 0x31, 0x03, 0x73, //0x00004f0a cmpb         $115, $3(%r9,%rsi)
	0x0f, 0x85, 0x36, 0xff, 0xff, 0xff, //0x00004f10 jne          LBB0_887
	0x48, 0x8d, 0x4e, 0x04, //0x00004f16 leaq         $4(%rsi), %rcx
	0x49, 0x89, 0x0c, 0x24, //0x00004f1a movq         %rcx, (%r12)
	0x41, 0x80, 0x7c, 0x31, 0x04, 0x65, //0x00004f1e cmpb         $101, $4(%r9,%rsi)
	0x0f, 0x85, 0x22, 0xff, 0xff, 0xff, //0x00004f24 jne          LBB0_887
	0x48, 0x83, 0xc6, 0x05, //0x00004f2a addq         $5, %rsi
	0x49, 0x89, 0x34, 0x24, //0x00004f2e movq         %rsi, (%r12)
	0xe9, 0x15, 0xff, 0xff, 0xff, //0x00004f32 jmp          LBB0_887
	//0x00004f37 LBB0_344
	0x48, 0x8b, 0x55, 0xc8, //0x00004f37 movq         $-56(%rbp), %rdx
	0x49, 0x89, 0x14, 0x24, //0x00004f3b movq         %rdx, (%r12)
	0x48, 0xc7, 0xc0, 0xfe, 0xff, 0xff, 0xff, //0x00004f3f movq         $-2, %rax
	0x41, 0x80, 0x38, 0x6e, //0x00004f46 cmpb         $110, (%r8)
	0x0f, 0x85, 0xfc, 0xfe, 0xff, 0xff, //0x00004f4a jne          LBB0_887
	0x48, 0x8d, 0x4a, 0x01, //0x00004f50 leaq         $1(%rdx), %rcx
	0x49, 0x89, 0x0c, 0x24, //0x00004f54 movq         %rcx, (%r12)
	0x41, 0x80, 0x7c, 0x11, 0x01, 0x75, //0x00004f58 cmpb         $117, $1(%r9,%rdx)
	0x0f, 0x85, 0xe8, 0xfe, 0xff, 0xff, //0x00004f5e jne          LBB0_887
	0x48, 0x8d, 0x4a, 0x02, //0x00004f64 leaq         $2(%rdx), %rcx
	0x49, 0x89, 0x0c, 0x24, //0x00004f68 movq         %rcx, (%r12)
	0x41, 0x80, 0x7c, 0x11, 0x02, 0x6c, //0x00004f6c cmpb         $108, $2(%r9,%rdx)
	0x0f, 0x85, 0xd4, 0xfe, 0xff, 0xff, //0x00004f72 jne          LBB0_887
	0x48, 0x8d, 0x4a, 0x03, //0x00004f78 leaq         $3(%rdx), %rcx
	0x49, 0x89, 0x0c, 0x24, //0x00004f7c movq         %rcx, (%r12)
	0x41, 0x80, 0x7c, 0x11, 0x03, 0x6c, //0x00004f80 cmpb         $108, $3(%r9,%rdx)
	0x0f, 0x85, 0xc0, 0xfe, 0xff, 0xff, //0x00004f86 jne          LBB0_887
	//0x00004f8c LBB0_865
	0x48, 0x83, 0xc2, 0x04, //0x00004f8c addq         $4, %rdx
	0x49, 0x89, 0x14, 0x24, //0x00004f90 movq         %rdx, (%r12)
	0xe9, 0xb3, 0xfe, 0xff, 0xff, //0x00004f94 jmp          LBB0_887
	//0x00004f99 LBB0_871
	0x48, 0xc7, 0xc0, 0xfe, 0xff, 0xff, 0xff, //0x00004f99 movq         $-2, %rax
	0x4c, 0x8b, 0x5d, 0xd0, //0x00004fa0 movq         $-48(%rbp), %r11
	0x49, 0x83, 0xfb, 0xff, //0x00004fa4 cmpq         $-1, %r11
	0x0f, 0x85, 0x71, 0x00, 0x00, 0x00, //0x00004fa8 jne          LBB0_884
	0x4c, 0x0f, 0xbc, 0xda, //0x00004fae bsfq         %rdx, %r11
	0x49, 0x01, 0xcb, //0x00004fb2 addq         %rcx, %r11
	0xe9, 0x65, 0x00, 0x00, 0x00, //0x00004fb5 jmp          LBB0_884
	//0x00004fba LBB0_874
	0x48, 0x29, 0xf3, //0x00004fba subq         %rsi, %rbx
	0xe9, 0x07, 0x00, 0x00, 0x00, //0x00004fbd jmp          LBB0_877
	//0x00004fc2 LBB0_876
	0x48, 0x0f, 0xbc, 0xda, //0x00004fc2 bsfq         %rdx, %rbx
	0x4c, 0x01, 0xe3, //0x00004fc6 addq         %r12, %rbx
	//0x00004fc9 LBB0_877
	0x48, 0x8b, 0x4d, 0xb8, //0x00004fc9 movq         $-72(%rbp), %rcx
	0x48, 0x89, 0x19, //0x00004fcd movq         %rbx, (%rcx)
	0xe9, 0x77, 0xfe, 0xff, 0xff, //0x00004fd0 jmp          LBB0_887
	//0x00004fd5 LBB0_878
	0x48, 0xc7, 0xc0, 0xfe, 0xff, 0xff, 0xff, //0x00004fd5 movq         $-2, %rax
	0x4c, 0x8b, 0x5d, 0xd0, //0x00004fdc movq         $-48(%rbp), %r11
	0x49, 0x83, 0xfb, 0xff, //0x00004fe0 cmpq         $-1, %r11
	0x0f, 0x85, 0x35, 0x00, 0x00, 0x00, //0x00004fe4 jne          LBB0_884
	0x4c, 0x0f, 0xbc, 0xda, //0x00004fea bsfq         %rdx, %r11
	0x49, 0x01, 0xf3, //0x00004fee addq         %rsi, %r11
	0xe9, 0x29, 0x00, 0x00, 0x00, //0x00004ff1 jmp          LBB0_884
	//0x00004ff6 LBB0_880
	0x4d, 0x89, 0xd8, //0x00004ff6 movq         %r11, %r8
	0xe9, 0xf8, 0xfd, 0xff, 0xff, //0x00004ff9 jmp          LBB0_853
	//0x00004ffe LBB0_888
	0x4d, 0x89, 0xdc, //0x00004ffe movq         %r11, %r12
	0xe9, 0x1c, 0xfe, 0xff, 0xff, //0x00005001 jmp          LBB0_857
	//0x00005006 LBB0_881
	0x4c, 0x01, 0xe3, //0x00005006 addq         %r12, %rbx
	0x48, 0xc7, 0xc0, 0xfe, 0xff, 0xff, 0xff, //0x00005009 movq         $-2, %rax
	0xe9, 0xb4, 0xff, 0xff, 0xff, //0x00005010 jmp          LBB0_877
	//0x00005015 LBB0_882
	0x49, 0x01, 0xcb, //0x00005015 addq         %rcx, %r11
	//0x00005018 LBB0_883
	0x48, 0xc7, 0xc0, 0xfe, 0xff, 0xff, 0xff, //0x00005018 movq         $-2, %rax
	//0x0000501f LBB0_884
	0x48, 0x8b, 0x4d, 0xb8, //0x0000501f movq         $-72(%rbp), %rcx
	0x4c, 0x89, 0x19, //0x00005023 movq         %r11, (%rcx)
	0xe9, 0x21, 0xfe, 0xff, 0xff, //0x00005026 jmp          LBB0_887
	//0x0000502b LBB0_885
	0x48, 0x8b, 0x45, 0xb8, //0x0000502b movq         $-72(%rbp), %rax
	0x4c, 0x89, 0x00, //0x0000502f movq         %r8, (%rax)
	0xe9, 0x0e, 0xfe, 0xff, 0xff, //0x00005032 jmp          LBB0_886
	//0x00005037 LBB0_899
	0x48, 0x8b, 0x5d, 0xc0, //0x00005037 movq         $-64(%rbp), %rbx
	0xe9, 0x89, 0xff, 0xff, 0xff, //0x0000503b jmp          LBB0_877
	//0x00005040 LBB0_900
	0x4c, 0x8b, 0x5d, 0xc0, //0x00005040 movq         $-64(%rbp), %r11
	0xe9, 0xd6, 0xff, 0xff, 0xff, //0x00005044 jmp          LBB0_884
	//0x00005049 LBB0_889
	0x49, 0x01, 0xf3, //0x00005049 addq         %rsi, %r11
	0xe9, 0xc7, 0xff, 0xff, 0xff, //0x0000504c jmp          LBB0_883
	//0x00005051 LBB0_890
	0x49, 0x8b, 0x4d, 0x08, //0x00005051 movq         $8(%r13), %rcx
	0x48, 0x8b, 0x55, 0xb8, //0x00005055 movq         $-72(%rbp), %rdx
	0x48, 0x89, 0x0a, //0x00005059 movq         %rcx, (%rdx)
	0xe9, 0xeb, 0xfd, 0xff, 0xff, //0x0000505c jmp          LBB0_887
	//0x00005061 LBB0_891
	0x48, 0x01, 0xf2, //0x00005061 addq         %rsi, %rdx
	0x48, 0xc7, 0xc0, 0xfe, 0xff, 0xff, 0xff, //0x00005064 movq         $-2, %rax
	0x48, 0x89, 0xd3, //0x0000506b movq         %rdx, %rbx
	0xe9, 0x56, 0xff, 0xff, 0xff, //0x0000506e jmp          LBB0_877
	//0x00005073 LBB0_892
	0x48, 0x01, 0xca, //0x00005073 addq         %rcx, %rdx
	//0x00005076 LBB0_893
	0x48, 0xc7, 0xc0, 0xfe, 0xff, 0xff, 0xff, //0x00005076 movq         $-2, %rax
	0x49, 0x89, 0xd3, //0x0000507d movq         %rdx, %r11
	0xe9, 0x9a, 0xff, 0xff, 0xff, //0x00005080 jmp          LBB0_884
	//0x00005085 LBB0_894
	0x4d, 0x29, 0xce, //0x00005085 subq         %r9, %r14
	0x48, 0xc7, 0xc0, 0xfe, 0xff, 0xff, 0xff, //0x00005088 movq         $-2, %rax
	0x4c, 0x89, 0xf3, //0x0000508f movq         %r14, %rbx
	0xe9, 0x32, 0xff, 0xff, 0xff, //0x00005092 jmp          LBB0_877
	//0x00005097 LBB0_895
	0x4d, 0x29, 0xcf, //0x00005097 subq         %r9, %r15
	0x48, 0xc7, 0xc0, 0xfe, 0xff, 0xff, 0xff, //0x0000509a movq         $-2, %rax
	0x4d, 0x89, 0xfb, //0x000050a1 movq         %r15, %r11
	0xe9, 0x76, 0xff, 0xff, 0xff, //0x000050a4 jmp          LBB0_884
	//0x000050a9 LBB0_896
	0x48, 0x01, 0xf2, //0x000050a9 addq         %rsi, %rdx
	0xe9, 0xc5, 0xff, 0xff, 0xff, //0x000050ac jmp          LBB0_893
	//0x000050b1 LBB0_897
	0x48, 0x83, 0xc3, 0xff, //0x000050b1 addq         $-1, %rbx
	0x48, 0xc7, 0xc0, 0xfe, 0xff, 0xff, 0xff, //0x000050b5 movq         $-2, %rax
	0xe9, 0x08, 0xff, 0xff, 0xff, //0x000050bc jmp          LBB0_877
	//0x000050c1 LBB0_898
	0x49, 0x89, 0xdb, //0x000050c1 movq         %rbx, %r11
	0x49, 0x83, 0xc3, 0xff, //0x000050c4 addq         $-1, %r11
	0xe9, 0x4b, 0xff, 0xff, 0xff, //0x000050c8 jmp          LBB0_883
	0x90, 0x90, 0x90, //0x000050cd .p2align 2, 0x90
	// // .set L0_0_set_35, LBB0_35-LJTI0_0
	// // .set L0_0_set_62, LBB0_62-LJTI0_0
	// // .set L0_0_set_40, LBB0_40-LJTI0_0
	// // .set L0_0_set_60, LBB0_60-LJTI0_0
	// // .set L0_0_set_38, LBB0_38-LJTI0_0
	// // .set L0_0_set_64, LBB0_64-LJTI0_0
	//0x000050d0 LJTI0_0
	0xce, 0xb2, 0xff, 0xff, //0x000050d0 .long L0_0_set_35
	0xd8, 0xb4, 0xff, 0xff, //0x000050d4 .long L0_0_set_62
	0x09, 0xb3, 0xff, 0xff, //0x000050d8 .long L0_0_set_40
	0xc1, 0xb4, 0xff, 0xff, //0x000050dc .long L0_0_set_60
	0xe5, 0xb2, 0xff, 0xff, //0x000050e0 .long L0_0_set_38
	0x03, 0xb5, 0xff, 0xff, //0x000050e4 .long L0_0_set_64
	// // .set L0_1_set_251, LBB0_251-LJTI0_1
	// // .set L0_1_set_884, LBB0_884-LJTI0_1
	// // .set L0_1_set_235, LBB0_235-LJTI0_1
	//0x000050e8 LJTI0_1
	0xb8, 0xc5, 0xff, 0xff, //0x000050e8 .long L0_1_set_251
	0x37, 0xff, 0xff, 0xff, //0x000050ec .long L0_1_set_884
	0x37, 0xff, 0xff, 0xff, //0x000050f0 .long L0_1_set_884
	0x37, 0xff, 0xff, 0xff, //0x000050f4 .long L0_1_set_884
	0x37, 0xff, 0xff, 0xff, //0x000050f8 .long L0_1_set_884
	0x37, 0xff, 0xff, 0xff, //0x000050fc .long L0_1_set_884
	0x37, 0xff, 0xff, 0xff, //0x00005100 .long L0_1_set_884
	0x37, 0xff, 0xff, 0xff, //0x00005104 .long L0_1_set_884
	0x37, 0xff, 0xff, 0xff, //0x00005108 .long L0_1_set_884
	0x37, 0xff, 0xff, 0xff, //0x0000510c .long L0_1_set_884
	0x37, 0xff, 0xff, 0xff, //0x00005110 .long L0_1_set_884
	0x37, 0xff, 0xff, 0xff, //0x00005114 .long L0_1_set_884
	0x37, 0xff, 0xff, 0xff, //0x00005118 .long L0_1_set_884
	0xb8, 0xc5, 0xff, 0xff, //0x0000511c .long L0_1_set_251
	0x37, 0xff, 0xff, 0xff, //0x00005120 .long L0_1_set_884
	0x37, 0xff, 0xff, 0xff, //0x00005124 .long L0_1_set_884
	0x37, 0xff, 0xff, 0xff, //0x00005128 .long L0_1_set_884
	0x37, 0xff, 0xff, 0xff, //0x0000512c .long L0_1_set_884
	0x37, 0xff, 0xff, 0xff, //0x00005130 .long L0_1_set_884
	0x37, 0xff, 0xff, 0xff, //0x00005134 .long L0_1_set_884
	0x37, 0xff, 0xff, 0xff, //0x00005138 .long L0_1_set_884
	0x37, 0xff, 0xff, 0xff, //0x0000513c .long L0_1_set_884
	0x37, 0xff, 0xff, 0xff, //0x00005140 .long L0_1_set_884
	0x37, 0xff, 0xff, 0xff, //0x00005144 .long L0_1_set_884
	0x37, 0xff, 0xff, 0xff, //0x00005148 .long L0_1_set_884
	0x37, 0xff, 0xff, 0xff, //0x0000514c .long L0_1_set_884
	0x37, 0xff, 0xff, 0xff, //0x00005150 .long L0_1_set_884
	0x37, 0xff, 0xff, 0xff, //0x00005154 .long L0_1_set_884
	0x37, 0xff, 0xff, 0xff, //0x00005158 .long L0_1_set_884
	0x37, 0xff, 0xff, 0xff, //0x0000515c .long L0_1_set_884
	0x37, 0xff, 0xff, 0xff, //0x00005160 .long L0_1_set_884
	0x37, 0xff, 0xff, 0xff, //0x00005164 .long L0_1_set_884
	0x37, 0xff, 0xff, 0xff, //0x00005168 .long L0_1_set_884
	0x37, 0xff, 0xff, 0xff, //0x0000516c .long L0_1_set_884
	0x37, 0xff, 0xff, 0xff, //0x00005170 .long L0_1_set_884
	0x37, 0xff, 0xff, 0xff, //0x00005174 .long L0_1_set_884
	0x37, 0xff, 0xff, 0xff, //0x00005178 .long L0_1_set_884
	0x37, 0xff, 0xff, 0xff, //0x0000517c .long L0_1_set_884
	0x37, 0xff, 0xff, 0xff, //0x00005180 .long L0_1_set_884
	0x37, 0xff, 0xff, 0xff, //0x00005184 .long L0_1_set_884
	0x37, 0xff, 0xff, 0xff, //0x00005188 .long L0_1_set_884
	0x37, 0xff, 0xff, 0xff, //0x0000518c .long L0_1_set_884
	0x37, 0xff, 0xff, 0xff, //0x00005190 .long L0_1_set_884
	0x37, 0xff, 0xff, 0xff, //0x00005194 .long L0_1_set_884
	0x37, 0xff, 0xff, 0xff, //0x00005198 .long L0_1_set_884
	0x37, 0xff, 0xff, 0xff, //0x0000519c .long L0_1_set_884
	0x37, 0xff, 0xff, 0xff, //0x000051a0 .long L0_1_set_884
	0x37, 0xff, 0xff, 0xff, //0x000051a4 .long L0_1_set_884
	0x37, 0xff, 0xff, 0xff, //0x000051a8 .long L0_1_set_884
	0x37, 0xff, 0xff, 0xff, //0x000051ac .long L0_1_set_884
	0x37, 0xff, 0xff, 0xff, //0x000051b0 .long L0_1_set_884
	0x37, 0xff, 0xff, 0xff, //0x000051b4 .long L0_1_set_884
	0x37, 0xff, 0xff, 0xff, //0x000051b8 .long L0_1_set_884
	0x37, 0xff, 0xff, 0xff, //0x000051bc .long L0_1_set_884
	0x37, 0xff, 0xff, 0xff, //0x000051c0 .long L0_1_set_884
	0x37, 0xff, 0xff, 0xff, //0x000051c4 .long L0_1_set_884
	0x37, 0xff, 0xff, 0xff, //0x000051c8 .long L0_1_set_884
	0x37, 0xff, 0xff, 0xff, //0x000051cc .long L0_1_set_884
	0xb8, 0xc5, 0xff, 0xff, //0x000051d0 .long L0_1_set_251
	0x37, 0xff, 0xff, 0xff, //0x000051d4 .long L0_1_set_884
	0x37, 0xff, 0xff, 0xff, //0x000051d8 .long L0_1_set_884
	0x37, 0xff, 0xff, 0xff, //0x000051dc .long L0_1_set_884
	0x37, 0xff, 0xff, 0xff, //0x000051e0 .long L0_1_set_884
	0x37, 0xff, 0xff, 0xff, //0x000051e4 .long L0_1_set_884
	0xb8, 0xc5, 0xff, 0xff, //0x000051e8 .long L0_1_set_251
	0x37, 0xff, 0xff, 0xff, //0x000051ec .long L0_1_set_884
	0x37, 0xff, 0xff, 0xff, //0x000051f0 .long L0_1_set_884
	0x37, 0xff, 0xff, 0xff, //0x000051f4 .long L0_1_set_884
	0xb8, 0xc5, 0xff, 0xff, //0x000051f8 .long L0_1_set_251
	0x37, 0xff, 0xff, 0xff, //0x000051fc .long L0_1_set_884
	0x37, 0xff, 0xff, 0xff, //0x00005200 .long L0_1_set_884
	0x37, 0xff, 0xff, 0xff, //0x00005204 .long L0_1_set_884
	0x37, 0xff, 0xff, 0xff, //0x00005208 .long L0_1_set_884
	0x37, 0xff, 0xff, 0xff, //0x0000520c .long L0_1_set_884
	0x37, 0xff, 0xff, 0xff, //0x00005210 .long L0_1_set_884
	0x37, 0xff, 0xff, 0xff, //0x00005214 .long L0_1_set_884
	0xb8, 0xc5, 0xff, 0xff, //0x00005218 .long L0_1_set_251
	0x37, 0xff, 0xff, 0xff, //0x0000521c .long L0_1_set_884
	0x37, 0xff, 0xff, 0xff, //0x00005220 .long L0_1_set_884
	0x37, 0xff, 0xff, 0xff, //0x00005224 .long L0_1_set_884
	0xb8, 0xc5, 0xff, 0xff, //0x00005228 .long L0_1_set_251
	0x37, 0xff, 0xff, 0xff, //0x0000522c .long L0_1_set_884
	0xb8, 0xc5, 0xff, 0xff, //0x00005230 .long L0_1_set_251
	0x85, 0xc3, 0xff, 0xff, //0x00005234 .long L0_1_set_235
	// // .set L0_2_set_746, LBB0_746-LJTI0_2
	// // .set L0_2_set_884, LBB0_884-LJTI0_2
	// // .set L0_2_set_749, LBB0_749-LJTI0_2
	//0x00005238 LJTI0_2
	0xc4, 0xf0, 0xff, 0xff, //0x00005238 .long L0_2_set_746
	0xe7, 0xfd, 0xff, 0xff, //0x0000523c .long L0_2_set_884
	0xe7, 0xfd, 0xff, 0xff, //0x00005240 .long L0_2_set_884
	0xe7, 0xfd, 0xff, 0xff, //0x00005244 .long L0_2_set_884
	0xe7, 0xfd, 0xff, 0xff, //0x00005248 .long L0_2_set_884
	0xe7, 0xfd, 0xff, 0xff, //0x0000524c .long L0_2_set_884
	0xe7, 0xfd, 0xff, 0xff, //0x00005250 .long L0_2_set_884
	0xe7, 0xfd, 0xff, 0xff, //0x00005254 .long L0_2_set_884
	0xe7, 0xfd, 0xff, 0xff, //0x00005258 .long L0_2_set_884
	0xe7, 0xfd, 0xff, 0xff, //0x0000525c .long L0_2_set_884
	0xe7, 0xfd, 0xff, 0xff, //0x00005260 .long L0_2_set_884
	0xe7, 0xfd, 0xff, 0xff, //0x00005264 .long L0_2_set_884
	0xe7, 0xfd, 0xff, 0xff, //0x00005268 .long L0_2_set_884
	0xc4, 0xf0, 0xff, 0xff, //0x0000526c .long L0_2_set_746
	0xe7, 0xfd, 0xff, 0xff, //0x00005270 .long L0_2_set_884
	0xe7, 0xfd, 0xff, 0xff, //0x00005274 .long L0_2_set_884
	0xe7, 0xfd, 0xff, 0xff, //0x00005278 .long L0_2_set_884
	0xe7, 0xfd, 0xff, 0xff, //0x0000527c .long L0_2_set_884
	0xe7, 0xfd, 0xff, 0xff, //0x00005280 .long L0_2_set_884
	0xe7, 0xfd, 0xff, 0xff, //0x00005284 .long L0_2_set_884
	0xe7, 0xfd, 0xff, 0xff, //0x00005288 .long L0_2_set_884
	0xe7, 0xfd, 0xff, 0xff, //0x0000528c .long L0_2_set_884
	0xe7, 0xfd, 0xff, 0xff, //0x00005290 .long L0_2_set_884
	0xe7, 0xfd, 0xff, 0xff, //0x00005294 .long L0_2_set_884
	0xe7, 0xfd, 0xff, 0xff, //0x00005298 .long L0_2_set_884
	0xe7, 0xfd, 0xff, 0xff, //0x0000529c .long L0_2_set_884
	0xe7, 0xfd, 0xff, 0xff, //0x000052a0 .long L0_2_set_884
	0xe7, 0xfd, 0xff, 0xff, //0x000052a4 .long L0_2_set_884
	0xe7, 0xfd, 0xff, 0xff, //0x000052a8 .long L0_2_set_884
	0xe7, 0xfd, 0xff, 0xff, //0x000052ac .long L0_2_set_884
	0xe7, 0xfd, 0xff, 0xff, //0x000052b0 .long L0_2_set_884
	0xe7, 0xfd, 0xff, 0xff, //0x000052b4 .long L0_2_set_884
	0xe7, 0xfd, 0xff, 0xff, //0x000052b8 .long L0_2_set_884
	0xe7, 0xfd, 0xff, 0xff, //0x000052bc .long L0_2_set_884
	0xe7, 0xfd, 0xff, 0xff, //0x000052c0 .long L0_2_set_884
	0xe7, 0xfd, 0xff, 0xff, //0x000052c4 .long L0_2_set_884
	0xe7, 0xfd, 0xff, 0xff, //0x000052c8 .long L0_2_set_884
	0xe7, 0xfd, 0xff, 0xff, //0x000052cc .long L0_2_set_884
	0xe7, 0xfd, 0xff, 0xff, //0x000052d0 .long L0_2_set_884
	0xe7, 0xfd, 0xff, 0xff, //0x000052d4 .long L0_2_set_884
	0xe7, 0xfd, 0xff, 0xff, //0x000052d8 .long L0_2_set_884
	0xe7, 0xfd, 0xff, 0xff, //0x000052dc .long L0_2_set_884
	0xe7, 0xfd, 0xff, 0xff, //0x000052e0 .long L0_2_set_884
	0xe7, 0xfd, 0xff, 0xff, //0x000052e4 .long L0_2_set_884
	0xe7, 0xfd, 0xff, 0xff, //0x000052e8 .long L0_2_set_884
	0xe7, 0xfd, 0xff, 0xff, //0x000052ec .long L0_2_set_884
	0xe7, 0xfd, 0xff, 0xff, //0x000052f0 .long L0_2_set_884
	0xe7, 0xfd, 0xff, 0xff, //0x000052f4 .long L0_2_set_884
	0xe7, 0xfd, 0xff, 0xff, //0x000052f8 .long L0_2_set_884
	0xe7, 0xfd, 0xff, 0xff, //0x000052fc .long L0_2_set_884
	0xe7, 0xfd, 0xff, 0xff, //0x00005300 .long L0_2_set_884
	0xe7, 0xfd, 0xff, 0xff, //0x00005304 .long L0_2_set_884
	0xe7, 0xfd, 0xff, 0xff, //0x00005308 .long L0_2_set_884
	0xe7, 0xfd, 0xff, 0xff, //0x0000530c .long L0_2_set_884
	0xe7, 0xfd, 0xff, 0xff, //0x00005310 .long L0_2_set_884
	0xe7, 0xfd, 0xff, 0xff, //0x00005314 .long L0_2_set_884
	0xe7, 0xfd, 0xff, 0xff, //0x00005318 .long L0_2_set_884
	0xe7, 0xfd, 0xff, 0xff, //0x0000531c .long L0_2_set_884
	0xc4, 0xf0, 0xff, 0xff, //0x00005320 .long L0_2_set_746
	0xe7, 0xfd, 0xff, 0xff, //0x00005324 .long L0_2_set_884
	0xe7, 0xfd, 0xff, 0xff, //0x00005328 .long L0_2_set_884
	0xe7, 0xfd, 0xff, 0xff, //0x0000532c .long L0_2_set_884
	0xe7, 0xfd, 0xff, 0xff, //0x00005330 .long L0_2_set_884
	0xe7, 0xfd, 0xff, 0xff, //0x00005334 .long L0_2_set_884
	0xc4, 0xf0, 0xff, 0xff, //0x00005338 .long L0_2_set_746
	0xe7, 0xfd, 0xff, 0xff, //0x0000533c .long L0_2_set_884
	0xe7, 0xfd, 0xff, 0xff, //0x00005340 .long L0_2_set_884
	0xe7, 0xfd, 0xff, 0xff, //0x00005344 .long L0_2_set_884
	0xc4, 0xf0, 0xff, 0xff, //0x00005348 .long L0_2_set_746
	0xe7, 0xfd, 0xff, 0xff, //0x0000534c .long L0_2_set_884
	0xe7, 0xfd, 0xff, 0xff, //0x00005350 .long L0_2_set_884
	0xe7, 0xfd, 0xff, 0xff, //0x00005354 .long L0_2_set_884
	0xe7, 0xfd, 0xff, 0xff, //0x00005358 .long L0_2_set_884
	0xe7, 0xfd, 0xff, 0xff, //0x0000535c .long L0_2_set_884
	0xe7, 0xfd, 0xff, 0xff, //0x00005360 .long L0_2_set_884
	0xe7, 0xfd, 0xff, 0xff, //0x00005364 .long L0_2_set_884
	0xc4, 0xf0, 0xff, 0xff, //0x00005368 .long L0_2_set_746
	0xe7, 0xfd, 0xff, 0xff, //0x0000536c .long L0_2_set_884
	0xe7, 0xfd, 0xff, 0xff, //0x00005370 .long L0_2_set_884
	0xe7, 0xfd, 0xff, 0xff, //0x00005374 .long L0_2_set_884
	0xc4, 0xf0, 0xff, 0xff, //0x00005378 .long L0_2_set_746
	0xe7, 0xfd, 0xff, 0xff, //0x0000537c .long L0_2_set_884
	0xc4, 0xf0, 0xff, 0xff, //0x00005380 .long L0_2_set_746
	0xef, 0xf0, 0xff, 0xff, //0x00005384 .long L0_2_set_749
	// // .set L0_3_set_618, LBB0_618-LJTI0_3
	// // .set L0_3_set_898, LBB0_898-LJTI0_3
	// // .set L0_3_set_621, LBB0_621-LJTI0_3
	//0x00005388 LJTI0_3
	0x1d, 0xe5, 0xff, 0xff, //0x00005388 .long L0_3_set_618
	0x39, 0xfd, 0xff, 0xff, //0x0000538c .long L0_3_set_898
	0x39, 0xfd, 0xff, 0xff, //0x00005390 .long L0_3_set_898
	0x39, 0xfd, 0xff, 0xff, //0x00005394 .long L0_3_set_898
	0x39, 0xfd, 0xff, 0xff, //0x00005398 .long L0_3_set_898
	0x39, 0xfd, 0xff, 0xff, //0x0000539c .long L0_3_set_898
	0x39, 0xfd, 0xff, 0xff, //0x000053a0 .long L0_3_set_898
	0x39, 0xfd, 0xff, 0xff, //0x000053a4 .long L0_3_set_898
	0x39, 0xfd, 0xff, 0xff, //0x000053a8 .long L0_3_set_898
	0x39, 0xfd, 0xff, 0xff, //0x000053ac .long L0_3_set_898
	0x39, 0xfd, 0xff, 0xff, //0x000053b0 .long L0_3_set_898
	0x39, 0xfd, 0xff, 0xff, //0x000053b4 .long L0_3_set_898
	0x39, 0xfd, 0xff, 0xff, //0x000053b8 .long L0_3_set_898
	0x1d, 0xe5, 0xff, 0xff, //0x000053bc .long L0_3_set_618
	0x39, 0xfd, 0xff, 0xff, //0x000053c0 .long L0_3_set_898
	0x39, 0xfd, 0xff, 0xff, //0x000053c4 .long L0_3_set_898
	0x39, 0xfd, 0xff, 0xff, //0x000053c8 .long L0_3_set_898
	0x39, 0xfd, 0xff, 0xff, //0x000053cc .long L0_3_set_898
	0x39, 0xfd, 0xff, 0xff, //0x000053d0 .long L0_3_set_898
	0x39, 0xfd, 0xff, 0xff, //0x000053d4 .long L0_3_set_898
	0x39, 0xfd, 0xff, 0xff, //0x000053d8 .long L0_3_set_898
	0x39, 0xfd, 0xff, 0xff, //0x000053dc .long L0_3_set_898
	0x39, 0xfd, 0xff, 0xff, //0x000053e0 .long L0_3_set_898
	0x39, 0xfd, 0xff, 0xff, //0x000053e4 .long L0_3_set_898
	0x39, 0xfd, 0xff, 0xff, //0x000053e8 .long L0_3_set_898
	0x39, 0xfd, 0xff, 0xff, //0x000053ec .long L0_3_set_898
	0x39, 0xfd, 0xff, 0xff, //0x000053f0 .long L0_3_set_898
	0x39, 0xfd, 0xff, 0xff, //0x000053f4 .long L0_3_set_898
	0x39, 0xfd, 0xff, 0xff, //0x000053f8 .long L0_3_set_898
	0x39, 0xfd, 0xff, 0xff, //0x000053fc .long L0_3_set_898
	0x39, 0xfd, 0xff, 0xff, //0x00005400 .long L0_3_set_898
	0x39, 0xfd, 0xff, 0xff, //0x00005404 .long L0_3_set_898
	0x39, 0xfd, 0xff, 0xff, //0x00005408 .long L0_3_set_898
	0x39, 0xfd, 0xff, 0xff, //0x0000540c .long L0_3_set_898
	0x39, 0xfd, 0xff, 0xff, //0x00005410 .long L0_3_set_898
	0x39, 0xfd, 0xff, 0xff, //0x00005414 .long L0_3_set_898
	0x39, 0xfd, 0xff, 0xff, //0x00005418 .long L0_3_set_898
	0x39, 0xfd, 0xff, 0xff, //0x0000541c .long L0_3_set_898
	0x39, 0xfd, 0xff, 0xff, //0x00005420 .long L0_3_set_898
	0x39, 0xfd, 0xff, 0xff, //0x00005424 .long L0_3_set_898
	0x39, 0xfd, 0xff, 0xff, //0x00005428 .long L0_3_set_898
	0x39, 0xfd, 0xff, 0xff, //0x0000542c .long L0_3_set_898
	0x39, 0xfd, 0xff, 0xff, //0x00005430 .long L0_3_set_898
	0x39, 0xfd, 0xff, 0xff, //0x00005434 .long L0_3_set_898
	0x39, 0xfd, 0xff, 0xff, //0x00005438 .long L0_3_set_898
	0x39, 0xfd, 0xff, 0xff, //0x0000543c .long L0_3_set_898
	0x39, 0xfd, 0xff, 0xff, //0x00005440 .long L0_3_set_898
	0x39, 0xfd, 0xff, 0xff, //0x00005444 .long L0_3_set_898
	0x39, 0xfd, 0xff, 0xff, //0x00005448 .long L0_3_set_898
	0x39, 0xfd, 0xff, 0xff, //0x0000544c .long L0_3_set_898
	0x39, 0xfd, 0xff, 0xff, //0x00005450 .long L0_3_set_898
	0x39, 0xfd, 0xff, 0xff, //0x00005454 .long L0_3_set_898
	0x39, 0xfd, 0xff, 0xff, //0x00005458 .long L0_3_set_898
	0x39, 0xfd, 0xff, 0xff, //0x0000545c .long L0_3_set_898
	0x39, 0xfd, 0xff, 0xff, //0x00005460 .long L0_3_set_898
	0x39, 0xfd, 0xff, 0xff, //0x00005464 .long L0_3_set_898
	0x39, 0xfd, 0xff, 0xff, //0x00005468 .long L0_3_set_898
	0x39, 0xfd, 0xff, 0xff, //0x0000546c .long L0_3_set_898
	0x1d, 0xe5, 0xff, 0xff, //0x00005470 .long L0_3_set_618
	0x39, 0xfd, 0xff, 0xff, //0x00005474 .long L0_3_set_898
	0x39, 0xfd, 0xff, 0xff, //0x00005478 .long L0_3_set_898
	0x39, 0xfd, 0xff, 0xff, //0x0000547c .long L0_3_set_898
	0x39, 0xfd, 0xff, 0xff, //0x00005480 .long L0_3_set_898
	0x39, 0xfd, 0xff, 0xff, //0x00005484 .long L0_3_set_898
	0x1d, 0xe5, 0xff, 0xff, //0x00005488 .long L0_3_set_618
	0x39, 0xfd, 0xff, 0xff, //0x0000548c .long L0_3_set_898
	0x39, 0xfd, 0xff, 0xff, //0x00005490 .long L0_3_set_898
	0x39, 0xfd, 0xff, 0xff, //0x00005494 .long L0_3_set_898
	0x1d, 0xe5, 0xff, 0xff, //0x00005498 .long L0_3_set_618
	0x39, 0xfd, 0xff, 0xff, //0x0000549c .long L0_3_set_898
	0x39, 0xfd, 0xff, 0xff, //0x000054a0 .long L0_3_set_898
	0x39, 0xfd, 0xff, 0xff, //0x000054a4 .long L0_3_set_898
	0x39, 0xfd, 0xff, 0xff, //0x000054a8 .long L0_3_set_898
	0x39, 0xfd, 0xff, 0xff, //0x000054ac .long L0_3_set_898
	0x39, 0xfd, 0xff, 0xff, //0x000054b0 .long L0_3_set_898
	0x39, 0xfd, 0xff, 0xff, //0x000054b4 .long L0_3_set_898
	0x1d, 0xe5, 0xff, 0xff, //0x000054b8 .long L0_3_set_618
	0x39, 0xfd, 0xff, 0xff, //0x000054bc .long L0_3_set_898
	0x39, 0xfd, 0xff, 0xff, //0x000054c0 .long L0_3_set_898
	0x39, 0xfd, 0xff, 0xff, //0x000054c4 .long L0_3_set_898
	0x1d, 0xe5, 0xff, 0xff, //0x000054c8 .long L0_3_set_618
	0x39, 0xfd, 0xff, 0xff, //0x000054cc .long L0_3_set_898
	0x1d, 0xe5, 0xff, 0xff, //0x000054d0 .long L0_3_set_618
	0x50, 0xe5, 0xff, 0xff, //0x000054d4 .long L0_3_set_621
	// // .set L0_4_set_201, LBB0_201-LJTI0_4
	// // .set L0_4_set_877, LBB0_877-LJTI0_4
	// // .set L0_4_set_185, LBB0_185-LJTI0_4
	//0x000054d8 LJTI0_4
	0xf8, 0xbc, 0xff, 0xff, //0x000054d8 .long L0_4_set_201
	0xf1, 0xfa, 0xff, 0xff, //0x000054dc .long L0_4_set_877
	0xf1, 0xfa, 0xff, 0xff, //0x000054e0 .long L0_4_set_877
	0xf1, 0xfa, 0xff, 0xff, //0x000054e4 .long L0_4_set_877
	0xf1, 0xfa, 0xff, 0xff, //0x000054e8 .long L0_4_set_877
	0xf1, 0xfa, 0xff, 0xff, //0x000054ec .long L0_4_set_877
	0xf1, 0xfa, 0xff, 0xff, //0x000054f0 .long L0_4_set_877
	0xf1, 0xfa, 0xff, 0xff, //0x000054f4 .long L0_4_set_877
	0xf1, 0xfa, 0xff, 0xff, //0x000054f8 .long L0_4_set_877
	0xf1, 0xfa, 0xff, 0xff, //0x000054fc .long L0_4_set_877
	0xf1, 0xfa, 0xff, 0xff, //0x00005500 .long L0_4_set_877
	0xf1, 0xfa, 0xff, 0xff, //0x00005504 .long L0_4_set_877
	0xf1, 0xfa, 0xff, 0xff, //0x00005508 .long L0_4_set_877
	0xf8, 0xbc, 0xff, 0xff, //0x0000550c .long L0_4_set_201
	0xf1, 0xfa, 0xff, 0xff, //0x00005510 .long L0_4_set_877
	0xf1, 0xfa, 0xff, 0xff, //0x00005514 .long L0_4_set_877
	0xf1, 0xfa, 0xff, 0xff, //0x00005518 .long L0_4_set_877
	0xf1, 0xfa, 0xff, 0xff, //0x0000551c .long L0_4_set_877
	0xf1, 0xfa, 0xff, 0xff, //0x00005520 .long L0_4_set_877
	0xf1, 0xfa, 0xff, 0xff, //0x00005524 .long L0_4_set_877
	0xf1, 0xfa, 0xff, 0xff, //0x00005528 .long L0_4_set_877
	0xf1, 0xfa, 0xff, 0xff, //0x0000552c .long L0_4_set_877
	0xf1, 0xfa, 0xff, 0xff, //0x00005530 .long L0_4_set_877
	0xf1, 0xfa, 0xff, 0xff, //0x00005534 .long L0_4_set_877
	0xf1, 0xfa, 0xff, 0xff, //0x00005538 .long L0_4_set_877
	0xf1, 0xfa, 0xff, 0xff, //0x0000553c .long L0_4_set_877
	0xf1, 0xfa, 0xff, 0xff, //0x00005540 .long L0_4_set_877
	0xf1, 0xfa, 0xff, 0xff, //0x00005544 .long L0_4_set_877
	0xf1, 0xfa, 0xff, 0xff, //0x00005548 .long L0_4_set_877
	0xf1, 0xfa, 0xff, 0xff, //0x0000554c .long L0_4_set_877
	0xf1, 0xfa, 0xff, 0xff, //0x00005550 .long L0_4_set_877
	0xf1, 0xfa, 0xff, 0xff, //0x00005554 .long L0_4_set_877
	0xf1, 0xfa, 0xff, 0xff, //0x00005558 .long L0_4_set_877
	0xf1, 0xfa, 0xff, 0xff, //0x0000555c .long L0_4_set_877
	0xf1, 0xfa, 0xff, 0xff, //0x00005560 .long L0_4_set_877
	0xf1, 0xfa, 0xff, 0xff, //0x00005564 .long L0_4_set_877
	0xf1, 0xfa, 0xff, 0xff, //0x00005568 .long L0_4_set_877
	0xf1, 0xfa, 0xff, 0xff, //0x0000556c .long L0_4_set_877
	0xf1, 0xfa, 0xff, 0xff, //0x00005570 .long L0_4_set_877
	0xf1, 0xfa, 0xff, 0xff, //0x00005574 .long L0_4_set_877
	0xf1, 0xfa, 0xff, 0xff, //0x00005578 .long L0_4_set_877
	0xf1, 0xfa, 0xff, 0xff, //0x0000557c .long L0_4_set_877
	0xf1, 0xfa, 0xff, 0xff, //0x00005580 .long L0_4_set_877
	0xf1, 0xfa, 0xff, 0xff, //0x00005584 .long L0_4_set_877
	0xf1, 0xfa, 0xff, 0xff, //0x00005588 .long L0_4_set_877
	0xf1, 0xfa, 0xff, 0xff, //0x0000558c .long L0_4_set_877
	0xf1, 0xfa, 0xff, 0xff, //0x00005590 .long L0_4_set_877
	0xf1, 0xfa, 0xff, 0xff, //0x00005594 .long L0_4_set_877
	0xf1, 0xfa, 0xff, 0xff, //0x00005598 .long L0_4_set_877
	0xf1, 0xfa, 0xff, 0xff, //0x0000559c .long L0_4_set_877
	0xf1, 0xfa, 0xff, 0xff, //0x000055a0 .long L0_4_set_877
	0xf1, 0xfa, 0xff, 0xff, //0x000055a4 .long L0_4_set_877
	0xf1, 0xfa, 0xff, 0xff, //0x000055a8 .long L0_4_set_877
	0xf1, 0xfa, 0xff, 0xff, //0x000055ac .long L0_4_set_877
	0xf1, 0xfa, 0xff, 0xff, //0x000055b0 .long L0_4_set_877
	0xf1, 0xfa, 0xff, 0xff, //0x000055b4 .long L0_4_set_877
	0xf1, 0xfa, 0xff, 0xff, //0x000055b8 .long L0_4_set_877
	0xf1, 0xfa, 0xff, 0xff, //0x000055bc .long L0_4_set_877
	0xf8, 0xbc, 0xff, 0xff, //0x000055c0 .long L0_4_set_201
	0xf1, 0xfa, 0xff, 0xff, //0x000055c4 .long L0_4_set_877
	0xf1, 0xfa, 0xff, 0xff, //0x000055c8 .long L0_4_set_877
	0xf1, 0xfa, 0xff, 0xff, //0x000055cc .long L0_4_set_877
	0xf1, 0xfa, 0xff, 0xff, //0x000055d0 .long L0_4_set_877
	0xf1, 0xfa, 0xff, 0xff, //0x000055d4 .long L0_4_set_877
	0xf8, 0xbc, 0xff, 0xff, //0x000055d8 .long L0_4_set_201
	0xf1, 0xfa, 0xff, 0xff, //0x000055dc .long L0_4_set_877
	0xf1, 0xfa, 0xff, 0xff, //0x000055e0 .long L0_4_set_877
	0xf1, 0xfa, 0xff, 0xff, //0x000055e4 .long L0_4_set_877
	0xf8, 0xbc, 0xff, 0xff, //0x000055e8 .long L0_4_set_201
	0xf1, 0xfa, 0xff, 0xff, //0x000055ec .long L0_4_set_877
	0xf1, 0xfa, 0xff, 0xff, //0x000055f0 .long L0_4_set_877
	0xf1, 0xfa, 0xff, 0xff, //0x000055f4 .long L0_4_set_877
	0xf1, 0xfa, 0xff, 0xff, //0x000055f8 .long L0_4_set_877
	0xf1, 0xfa, 0xff, 0xff, //0x000055fc .long L0_4_set_877
	0xf1, 0xfa, 0xff, 0xff, //0x00005600 .long L0_4_set_877
	0xf1, 0xfa, 0xff, 0xff, //0x00005604 .long L0_4_set_877
	0xf8, 0xbc, 0xff, 0xff, //0x00005608 .long L0_4_set_201
	0xf1, 0xfa, 0xff, 0xff, //0x0000560c .long L0_4_set_877
	0xf1, 0xfa, 0xff, 0xff, //0x00005610 .long L0_4_set_877
	0xf1, 0xfa, 0xff, 0xff, //0x00005614 .long L0_4_set_877
	0xf8, 0xbc, 0xff, 0xff, //0x00005618 .long L0_4_set_201
	0xf1, 0xfa, 0xff, 0xff, //0x0000561c .long L0_4_set_877
	0xf8, 0xbc, 0xff, 0xff, //0x00005620 .long L0_4_set_201
	0xe2, 0xba, 0xff, 0xff, //0x00005624 .long L0_4_set_185
	// // .set L0_5_set_845, LBB0_845-LJTI0_5
	// // .set L0_5_set_877, LBB0_877-LJTI0_5
	// // .set L0_5_set_824, LBB0_824-LJTI0_5
	//0x00005628 LJTI0_5
	0x36, 0xf7, 0xff, 0xff, //0x00005628 .long L0_5_set_845
	0xa1, 0xf9, 0xff, 0xff, //0x0000562c .long L0_5_set_877
	0xa1, 0xf9, 0xff, 0xff, //0x00005630 .long L0_5_set_877
	0xa1, 0xf9, 0xff, 0xff, //0x00005634 .long L0_5_set_877
	0xa1, 0xf9, 0xff, 0xff, //0x00005638 .long L0_5_set_877
	0xa1, 0xf9, 0xff, 0xff, //0x0000563c .long L0_5_set_877
	0xa1, 0xf9, 0xff, 0xff, //0x00005640 .long L0_5_set_877
	0xa1, 0xf9, 0xff, 0xff, //0x00005644 .long L0_5_set_877
	0xa1, 0xf9, 0xff, 0xff, //0x00005648 .long L0_5_set_877
	0xa1, 0xf9, 0xff, 0xff, //0x0000564c .long L0_5_set_877
	0xa1, 0xf9, 0xff, 0xff, //0x00005650 .long L0_5_set_877
	0xa1, 0xf9, 0xff, 0xff, //0x00005654 .long L0_5_set_877
	0xa1, 0xf9, 0xff, 0xff, //0x00005658 .long L0_5_set_877
	0x36, 0xf7, 0xff, 0xff, //0x0000565c .long L0_5_set_845
	0xa1, 0xf9, 0xff, 0xff, //0x00005660 .long L0_5_set_877
	0xa1, 0xf9, 0xff, 0xff, //0x00005664 .long L0_5_set_877
	0xa1, 0xf9, 0xff, 0xff, //0x00005668 .long L0_5_set_877
	0xa1, 0xf9, 0xff, 0xff, //0x0000566c .long L0_5_set_877
	0xa1, 0xf9, 0xff, 0xff, //0x00005670 .long L0_5_set_877
	0xa1, 0xf9, 0xff, 0xff, //0x00005674 .long L0_5_set_877
	0xa1, 0xf9, 0xff, 0xff, //0x00005678 .long L0_5_set_877
	0xa1, 0xf9, 0xff, 0xff, //0x0000567c .long L0_5_set_877
	0xa1, 0xf9, 0xff, 0xff, //0x00005680 .long L0_5_set_877
	0xa1, 0xf9, 0xff, 0xff, //0x00005684 .long L0_5_set_877
	0xa1, 0xf9, 0xff, 0xff, //0x00005688 .long L0_5_set_877
	0xa1, 0xf9, 0xff, 0xff, //0x0000568c .long L0_5_set_877
	0xa1, 0xf9, 0xff, 0xff, //0x00005690 .long L0_5_set_877
	0xa1, 0xf9, 0xff, 0xff, //0x00005694 .long L0_5_set_877
	0xa1, 0xf9, 0xff, 0xff, //0x00005698 .long L0_5_set_877
	0xa1, 0xf9, 0xff, 0xff, //0x0000569c .long L0_5_set_877
	0xa1, 0xf9, 0xff, 0xff, //0x000056a0 .long L0_5_set_877
	0xa1, 0xf9, 0xff, 0xff, //0x000056a4 .long L0_5_set_877
	0xa1, 0xf9, 0xff, 0xff, //0x000056a8 .long L0_5_set_877
	0xa1, 0xf9, 0xff, 0xff, //0x000056ac .long L0_5_set_877
	0xa1, 0xf9, 0xff, 0xff, //0x000056b0 .long L0_5_set_877
	0xa1, 0xf9, 0xff, 0xff, //0x000056b4 .long L0_5_set_877
	0xa1, 0xf9, 0xff, 0xff, //0x000056b8 .long L0_5_set_877
	0xa1, 0xf9, 0xff, 0xff, //0x000056bc .long L0_5_set_877
	0xa1, 0xf9, 0xff, 0xff, //0x000056c0 .long L0_5_set_877
	0xa1, 0xf9, 0xff, 0xff, //0x000056c4 .long L0_5_set_877
	0xa1, 0xf9, 0xff, 0xff, //0x000056c8 .long L0_5_set_877
	0xa1, 0xf9, 0xff, 0xff, //0x000056cc .long L0_5_set_877
	0xa1, 0xf9, 0xff, 0xff, //0x000056d0 .long L0_5_set_877
	0xa1, 0xf9, 0xff, 0xff, //0x000056d4 .long L0_5_set_877
	0xa1, 0xf9, 0xff, 0xff, //0x000056d8 .long L0_5_set_877
	0xa1, 0xf9, 0xff, 0xff, //0x000056dc .long L0_5_set_877
	0xa1, 0xf9, 0xff, 0xff, //0x000056e0 .long L0_5_set_877
	0xa1, 0xf9, 0xff, 0xff, //0x000056e4 .long L0_5_set_877
	0xa1, 0xf9, 0xff, 0xff, //0x000056e8 .long L0_5_set_877
	0xa1, 0xf9, 0xff, 0xff, //0x000056ec .long L0_5_set_877
	0xa1, 0xf9, 0xff, 0xff, //0x000056f0 .long L0_5_set_877
	0xa1, 0xf9, 0xff, 0xff, //0x000056f4 .long L0_5_set_877
	0xa1, 0xf9, 0xff, 0xff, //0x000056f8 .long L0_5_set_877
	0xa1, 0xf9, 0xff, 0xff, //0x000056fc .long L0_5_set_877
	0xa1, 0xf9, 0xff, 0xff, //0x00005700 .long L0_5_set_877
	0xa1, 0xf9, 0xff, 0xff, //0x00005704 .long L0_5_set_877
	0xa1, 0xf9, 0xff, 0xff, //0x00005708 .long L0_5_set_877
	0xa1, 0xf9, 0xff, 0xff, //0x0000570c .long L0_5_set_877
	0x36, 0xf7, 0xff, 0xff, //0x00005710 .long L0_5_set_845
	0xa1, 0xf9, 0xff, 0xff, //0x00005714 .long L0_5_set_877
	0xa1, 0xf9, 0xff, 0xff, //0x00005718 .long L0_5_set_877
	0xa1, 0xf9, 0xff, 0xff, //0x0000571c .long L0_5_set_877
	0xa1, 0xf9, 0xff, 0xff, //0x00005720 .long L0_5_set_877
	0xa1, 0xf9, 0xff, 0xff, //0x00005724 .long L0_5_set_877
	0x36, 0xf7, 0xff, 0xff, //0x00005728 .long L0_5_set_845
	0xa1, 0xf9, 0xff, 0xff, //0x0000572c .long L0_5_set_877
	0xa1, 0xf9, 0xff, 0xff, //0x00005730 .long L0_5_set_877
	0xa1, 0xf9, 0xff, 0xff, //0x00005734 .long L0_5_set_877
	0x36, 0xf7, 0xff, 0xff, //0x00005738 .long L0_5_set_845
	0xa1, 0xf9, 0xff, 0xff, //0x0000573c .long L0_5_set_877
	0xa1, 0xf9, 0xff, 0xff, //0x00005740 .long L0_5_set_877
	0xa1, 0xf9, 0xff, 0xff, //0x00005744 .long L0_5_set_877
	0xa1, 0xf9, 0xff, 0xff, //0x00005748 .long L0_5_set_877
	0xa1, 0xf9, 0xff, 0xff, //0x0000574c .long L0_5_set_877
	0xa1, 0xf9, 0xff, 0xff, //0x00005750 .long L0_5_set_877
	0xa1, 0xf9, 0xff, 0xff, //0x00005754 .long L0_5_set_877
	0x36, 0xf7, 0xff, 0xff, //0x00005758 .long L0_5_set_845
	0xa1, 0xf9, 0xff, 0xff, //0x0000575c .long L0_5_set_877
	0xa1, 0xf9, 0xff, 0xff, //0x00005760 .long L0_5_set_877
	0xa1, 0xf9, 0xff, 0xff, //0x00005764 .long L0_5_set_877
	0x36, 0xf7, 0xff, 0xff, //0x00005768 .long L0_5_set_845
	0xa1, 0xf9, 0xff, 0xff, //0x0000576c .long L0_5_set_877
	0x36, 0xf7, 0xff, 0xff, //0x00005770 .long L0_5_set_845
	0xec, 0xf4, 0xff, 0xff, //0x00005774 .long L0_5_set_824
	// // .set L0_6_set_571, LBB0_571-LJTI0_6
	// // .set L0_6_set_897, LBB0_897-LJTI0_6
	// // .set L0_6_set_574, LBB0_574-LJTI0_6
	//0x00005778 LJTI0_6
	0x72, 0xdd, 0xff, 0xff, //0x00005778 .long L0_6_set_571
	0x39, 0xf9, 0xff, 0xff, //0x0000577c .long L0_6_set_897
	0x39, 0xf9, 0xff, 0xff, //0x00005780 .long L0_6_set_897
	0x39, 0xf9, 0xff, 0xff, //0x00005784 .long L0_6_set_897
	0x39, 0xf9, 0xff, 0xff, //0x00005788 .long L0_6_set_897
	0x39, 0xf9, 0xff, 0xff, //0x0000578c .long L0_6_set_897
	0x39, 0xf9, 0xff, 0xff, //0x00005790 .long L0_6_set_897
	0x39, 0xf9, 0xff, 0xff, //0x00005794 .long L0_6_set_897
	0x39, 0xf9, 0xff, 0xff, //0x00005798 .long L0_6_set_897
	0x39, 0xf9, 0xff, 0xff, //0x0000579c .long L0_6_set_897
	0x39, 0xf9, 0xff, 0xff, //0x000057a0 .long L0_6_set_897
	0x39, 0xf9, 0xff, 0xff, //0x000057a4 .long L0_6_set_897
	0x39, 0xf9, 0xff, 0xff, //0x000057a8 .long L0_6_set_897
	0x72, 0xdd, 0xff, 0xff, //0x000057ac .long L0_6_set_571
	0x39, 0xf9, 0xff, 0xff, //0x000057b0 .long L0_6_set_897
	0x39, 0xf9, 0xff, 0xff, //0x000057b4 .long L0_6_set_897
	0x39, 0xf9, 0xff, 0xff, //0x000057b8 .long L0_6_set_897
	0x39, 0xf9, 0xff, 0xff, //0x000057bc .long L0_6_set_897
	0x39, 0xf9, 0xff, 0xff, //0x000057c0 .long L0_6_set_897
	0x39, 0xf9, 0xff, 0xff, //0x000057c4 .long L0_6_set_897
	0x39, 0xf9, 0xff, 0xff, //0x000057c8 .long L0_6_set_897
	0x39, 0xf9, 0xff, 0xff, //0x000057cc .long L0_6_set_897
	0x39, 0xf9, 0xff, 0xff, //0x000057d0 .long L0_6_set_897
	0x39, 0xf9, 0xff, 0xff, //0x000057d4 .long L0_6_set_897
	0x39, 0xf9, 0xff, 0xff, //0x000057d8 .long L0_6_set_897
	0x39, 0xf9, 0xff, 0xff, //0x000057dc .long L0_6_set_897
	0x39, 0xf9, 0xff, 0xff, //0x000057e0 .long L0_6_set_897
	0x39, 0xf9, 0xff, 0xff, //0x000057e4 .long L0_6_set_897
	0x39, 0xf9, 0xff, 0xff, //0x000057e8 .long L0_6_set_897
	0x39, 0xf9, 0xff, 0xff, //0x000057ec .long L0_6_set_897
	0x39, 0xf9, 0xff, 0xff, //0x000057f0 .long L0_6_set_897
	0x39, 0xf9, 0xff, 0xff, //0x000057f4 .long L0_6_set_897
	0x39, 0xf9, 0xff, 0xff, //0x000057f8 .long L0_6_set_897
	0x39, 0xf9, 0xff, 0xff, //0x000057fc .long L0_6_set_897
	0x39, 0xf9, 0xff, 0xff, //0x00005800 .long L0_6_set_897
	0x39, 0xf9, 0xff, 0xff, //0x00005804 .long L0_6_set_897
	0x39, 0xf9, 0xff, 0xff, //0x00005808 .long L0_6_set_897
	0x39, 0xf9, 0xff, 0xff, //0x0000580c .long L0_6_set_897
	0x39, 0xf9, 0xff, 0xff, //0x00005810 .long L0_6_set_897
	0x39, 0xf9, 0xff, 0xff, //0x00005814 .long L0_6_set_897
	0x39, 0xf9, 0xff, 0xff, //0x00005818 .long L0_6_set_897
	0x39, 0xf9, 0xff, 0xff, //0x0000581c .long L0_6_set_897
	0x39, 0xf9, 0xff, 0xff, //0x00005820 .long L0_6_set_897
	0x39, 0xf9, 0xff, 0xff, //0x00005824 .long L0_6_set_897
	0x39, 0xf9, 0xff, 0xff, //0x00005828 .long L0_6_set_897
	0x39, 0xf9, 0xff, 0xff, //0x0000582c .long L0_6_set_897
	0x39, 0xf9, 0xff, 0xff, //0x00005830 .long L0_6_set_897
	0x39, 0xf9, 0xff, 0xff, //0x00005834 .long L0_6_set_897
	0x39, 0xf9, 0xff, 0xff, //0x00005838 .long L0_6_set_897
	0x39, 0xf9, 0xff, 0xff, //0x0000583c .long L0_6_set_897
	0x39, 0xf9, 0xff, 0xff, //0x00005840 .long L0_6_set_897
	0x39, 0xf9, 0xff, 0xff, //0x00005844 .long L0_6_set_897
	0x39, 0xf9, 0xff, 0xff, //0x00005848 .long L0_6_set_897
	0x39, 0xf9, 0xff, 0xff, //0x0000584c .long L0_6_set_897
	0x39, 0xf9, 0xff, 0xff, //0x00005850 .long L0_6_set_897
	0x39, 0xf9, 0xff, 0xff, //0x00005854 .long L0_6_set_897
	0x39, 0xf9, 0xff, 0xff, //0x00005858 .long L0_6_set_897
	0x39, 0xf9, 0xff, 0xff, //0x0000585c .long L0_6_set_897
	0x72, 0xdd, 0xff, 0xff, //0x00005860 .long L0_6_set_571
	0x39, 0xf9, 0xff, 0xff, //0x00005864 .long L0_6_set_897
	0x39, 0xf9, 0xff, 0xff, //0x00005868 .long L0_6_set_897
	0x39, 0xf9, 0xff, 0xff, //0x0000586c .long L0_6_set_897
	0x39, 0xf9, 0xff, 0xff, //0x00005870 .long L0_6_set_897
	0x39, 0xf9, 0xff, 0xff, //0x00005874 .long L0_6_set_897
	0x72, 0xdd, 0xff, 0xff, //0x00005878 .long L0_6_set_571
	0x39, 0xf9, 0xff, 0xff, //0x0000587c .long L0_6_set_897
	0x39, 0xf9, 0xff, 0xff, //0x00005880 .long L0_6_set_897
	0x39, 0xf9, 0xff, 0xff, //0x00005884 .long L0_6_set_897
	0x72, 0xdd, 0xff, 0xff, //0x00005888 .long L0_6_set_571
	0x39, 0xf9, 0xff, 0xff, //0x0000588c .long L0_6_set_897
	0x39, 0xf9, 0xff, 0xff, //0x00005890 .long L0_6_set_897
	0x39, 0xf9, 0xff, 0xff, //0x00005894 .long L0_6_set_897
	0x39, 0xf9, 0xff, 0xff, //0x00005898 .long L0_6_set_897
	0x39, 0xf9, 0xff, 0xff, //0x0000589c .long L0_6_set_897
	0x39, 0xf9, 0xff, 0xff, //0x000058a0 .long L0_6_set_897
	0x39, 0xf9, 0xff, 0xff, //0x000058a4 .long L0_6_set_897
	0x72, 0xdd, 0xff, 0xff, //0x000058a8 .long L0_6_set_571
	0x39, 0xf9, 0xff, 0xff, //0x000058ac .long L0_6_set_897
	0x39, 0xf9, 0xff, 0xff, //0x000058b0 .long L0_6_set_897
	0x39, 0xf9, 0xff, 0xff, //0x000058b4 .long L0_6_set_897
	0x72, 0xdd, 0xff, 0xff, //0x000058b8 .long L0_6_set_571
	0x39, 0xf9, 0xff, 0xff, //0x000058bc .long L0_6_set_897
	0x72, 0xdd, 0xff, 0xff, //0x000058c0 .long L0_6_set_571
	0xa9, 0xdd, 0xff, 0xff, //0x000058c4 .long L0_6_set_574
	// // .set L0_7_set_887, LBB0_887-LJTI0_7
	// // .set L0_7_set_886, LBB0_886-LJTI0_7
	// // .set L0_7_set_285, LBB0_285-LJTI0_7
	// // .set L0_7_set_304, LBB0_304-LJTI0_7
	// // .set L0_7_set_68, LBB0_68-LJTI0_7
	// // .set L0_7_set_282, LBB0_282-LJTI0_7
	// // .set L0_7_set_279, LBB0_279-LJTI0_7
	// // .set L0_7_set_342, LBB0_342-LJTI0_7
	// // .set L0_7_set_351, LBB0_351-LJTI0_7
	// // .set L0_7_set_348, LBB0_348-LJTI0_7
	//0x000058c8 LJTI0_7
	0x84, 0xf5, 0xff, 0xff, //0x000058c8 .long L0_7_set_887
	0x7d, 0xf5, 0xff, 0xff, //0x000058cc .long L0_7_set_886
	0x7d, 0xf5, 0xff, 0xff, //0x000058d0 .long L0_7_set_886
	0x7d, 0xf5, 0xff, 0xff, //0x000058d4 .long L0_7_set_886
	0x7d, 0xf5, 0xff, 0xff, //0x000058d8 .long L0_7_set_886
	0x7d, 0xf5, 0xff, 0xff, //0x000058dc .long L0_7_set_886
	0x7d, 0xf5, 0xff, 0xff, //0x000058e0 .long L0_7_set_886
	0x7d, 0xf5, 0xff, 0xff, //0x000058e4 .long L0_7_set_886
	0x7d, 0xf5, 0xff, 0xff, //0x000058e8 .long L0_7_set_886
	0x7d, 0xf5, 0xff, 0xff, //0x000058ec .long L0_7_set_886
	0x7d, 0xf5, 0xff, 0xff, //0x000058f0 .long L0_7_set_886
	0x7d, 0xf5, 0xff, 0xff, //0x000058f4 .long L0_7_set_886
	0x7d, 0xf5, 0xff, 0xff, //0x000058f8 .long L0_7_set_886
	0x7d, 0xf5, 0xff, 0xff, //0x000058fc .long L0_7_set_886
	0x7d, 0xf5, 0xff, 0xff, //0x00005900 .long L0_7_set_886
	0x7d, 0xf5, 0xff, 0xff, //0x00005904 .long L0_7_set_886
	0x7d, 0xf5, 0xff, 0xff, //0x00005908 .long L0_7_set_886
	0x7d, 0xf5, 0xff, 0xff, //0x0000590c .long L0_7_set_886
	0x7d, 0xf5, 0xff, 0xff, //0x00005910 .long L0_7_set_886
	0x7d, 0xf5, 0xff, 0xff, //0x00005914 .long L0_7_set_886
	0x7d, 0xf5, 0xff, 0xff, //0x00005918 .long L0_7_set_886
	0x7d, 0xf5, 0xff, 0xff, //0x0000591c .long L0_7_set_886
	0x7d, 0xf5, 0xff, 0xff, //0x00005920 .long L0_7_set_886
	0x7d, 0xf5, 0xff, 0xff, //0x00005924 .long L0_7_set_886
	0x7d, 0xf5, 0xff, 0xff, //0x00005928 .long L0_7_set_886
	0x7d, 0xf5, 0xff, 0xff, //0x0000592c .long L0_7_set_886
	0x7d, 0xf5, 0xff, 0xff, //0x00005930 .long L0_7_set_886
	0x7d, 0xf5, 0xff, 0xff, //0x00005934 .long L0_7_set_886
	0x7d, 0xf5, 0xff, 0xff, //0x00005938 .long L0_7_set_886
	0x7d, 0xf5, 0xff, 0xff, //0x0000593c .long L0_7_set_886
	0x7d, 0xf5, 0xff, 0xff, //0x00005940 .long L0_7_set_886
	0x7d, 0xf5, 0xff, 0xff, //0x00005944 .long L0_7_set_886
	0x7d, 0xf5, 0xff, 0xff, //0x00005948 .long L0_7_set_886
	0x7d, 0xf5, 0xff, 0xff, //0x0000594c .long L0_7_set_886
	0x66, 0xbf, 0xff, 0xff, //0x00005950 .long L0_7_set_285
	0x7d, 0xf5, 0xff, 0xff, //0x00005954 .long L0_7_set_886
	0x7d, 0xf5, 0xff, 0xff, //0x00005958 .long L0_7_set_886
	0x7d, 0xf5, 0xff, 0xff, //0x0000595c .long L0_7_set_886
	0x7d, 0xf5, 0xff, 0xff, //0x00005960 .long L0_7_set_886
	0x7d, 0xf5, 0xff, 0xff, //0x00005964 .long L0_7_set_886
	0x7d, 0xf5, 0xff, 0xff, //0x00005968 .long L0_7_set_886
	0x7d, 0xf5, 0xff, 0xff, //0x0000596c .long L0_7_set_886
	0x7d, 0xf5, 0xff, 0xff, //0x00005970 .long L0_7_set_886
	0x7d, 0xf5, 0xff, 0xff, //0x00005974 .long L0_7_set_886
	0x7d, 0xf5, 0xff, 0xff, //0x00005978 .long L0_7_set_886
	0x0d, 0xc1, 0xff, 0xff, //0x0000597c .long L0_7_set_304
	0x7d, 0xf5, 0xff, 0xff, //0x00005980 .long L0_7_set_886
	0x7d, 0xf5, 0xff, 0xff, //0x00005984 .long L0_7_set_886
	0x62, 0xad, 0xff, 0xff, //0x00005988 .long L0_7_set_68
	0x62, 0xad, 0xff, 0xff, //0x0000598c .long L0_7_set_68
	0x62, 0xad, 0xff, 0xff, //0x00005990 .long L0_7_set_68
	0x62, 0xad, 0xff, 0xff, //0x00005994 .long L0_7_set_68
	0x62, 0xad, 0xff, 0xff, //0x00005998 .long L0_7_set_68
	0x62, 0xad, 0xff, 0xff, //0x0000599c .long L0_7_set_68
	0x62, 0xad, 0xff, 0xff, //0x000059a0 .long L0_7_set_68
	0x62, 0xad, 0xff, 0xff, //0x000059a4 .long L0_7_set_68
	0x62, 0xad, 0xff, 0xff, //0x000059a8 .long L0_7_set_68
	0x62, 0xad, 0xff, 0xff, //0x000059ac .long L0_7_set_68
	0x7d, 0xf5, 0xff, 0xff, //0x000059b0 .long L0_7_set_886
	0x7d, 0xf5, 0xff, 0xff, //0x000059b4 .long L0_7_set_886
	0x7d, 0xf5, 0xff, 0xff, //0x000059b8 .long L0_7_set_886
	0x7d, 0xf5, 0xff, 0xff, //0x000059bc .long L0_7_set_886
	0x7d, 0xf5, 0xff, 0xff, //0x000059c0 .long L0_7_set_886
	0x7d, 0xf5, 0xff, 0xff, //0x000059c4 .long L0_7_set_886
	0x7d, 0xf5, 0xff, 0xff, //0x000059c8 .long L0_7_set_886
	0x7d, 0xf5, 0xff, 0xff, //0x000059cc .long L0_7_set_886
	0x7d, 0xf5, 0xff, 0xff, //0x000059d0 .long L0_7_set_886
	0x7d, 0xf5, 0xff, 0xff, //0x000059d4 .long L0_7_set_886
	0x7d, 0xf5, 0xff, 0xff, //0x000059d8 .long L0_7_set_886
	0x7d, 0xf5, 0xff, 0xff, //0x000059dc .long L0_7_set_886
	0x7d, 0xf5, 0xff, 0xff, //0x000059e0 .long L0_7_set_886
	0x7d, 0xf5, 0xff, 0xff, //0x000059e4 .long L0_7_set_886
	0x7d, 0xf5, 0xff, 0xff, //0x000059e8 .long L0_7_set_886
	0x7d, 0xf5, 0xff, 0xff, //0x000059ec .long L0_7_set_886
	0x7d, 0xf5, 0xff, 0xff, //0x000059f0 .long L0_7_set_886
	0x7d, 0xf5, 0xff, 0xff, //0x000059f4 .long L0_7_set_886
	0x7d, 0xf5, 0xff, 0xff, //0x000059f8 .long L0_7_set_886
	0x7d, 0xf5, 0xff, 0xff, //0x000059fc .long L0_7_set_886
	0x7d, 0xf5, 0xff, 0xff, //0x00005a00 .long L0_7_set_886
	0x7d, 0xf5, 0xff, 0xff, //0x00005a04 .long L0_7_set_886
	0x7d, 0xf5, 0xff, 0xff, //0x00005a08 .long L0_7_set_886
	0x7d, 0xf5, 0xff, 0xff, //0x00005a0c .long L0_7_set_886
	0x7d, 0xf5, 0xff, 0xff, //0x00005a10 .long L0_7_set_886
	0x7d, 0xf5, 0xff, 0xff, //0x00005a14 .long L0_7_set_886
	0x7d, 0xf5, 0xff, 0xff, //0x00005a18 .long L0_7_set_886
	0x7d, 0xf5, 0xff, 0xff, //0x00005a1c .long L0_7_set_886
	0x7d, 0xf5, 0xff, 0xff, //0x00005a20 .long L0_7_set_886
	0x7d, 0xf5, 0xff, 0xff, //0x00005a24 .long L0_7_set_886
	0x7d, 0xf5, 0xff, 0xff, //0x00005a28 .long L0_7_set_886
	0x7d, 0xf5, 0xff, 0xff, //0x00005a2c .long L0_7_set_886
	0x7d, 0xf5, 0xff, 0xff, //0x00005a30 .long L0_7_set_886
	0x38, 0xbf, 0xff, 0xff, //0x00005a34 .long L0_7_set_282
	0x7d, 0xf5, 0xff, 0xff, //0x00005a38 .long L0_7_set_886
	0x7d, 0xf5, 0xff, 0xff, //0x00005a3c .long L0_7_set_886
	0x7d, 0xf5, 0xff, 0xff, //0x00005a40 .long L0_7_set_886
	0x7d, 0xf5, 0xff, 0xff, //0x00005a44 .long L0_7_set_886
	0x7d, 0xf5, 0xff, 0xff, //0x00005a48 .long L0_7_set_886
	0x7d, 0xf5, 0xff, 0xff, //0x00005a4c .long L0_7_set_886
	0x7d, 0xf5, 0xff, 0xff, //0x00005a50 .long L0_7_set_886
	0x7d, 0xf5, 0xff, 0xff, //0x00005a54 .long L0_7_set_886
	0x7d, 0xf5, 0xff, 0xff, //0x00005a58 .long L0_7_set_886
	0x7d, 0xf5, 0xff, 0xff, //0x00005a5c .long L0_7_set_886
	0xf0, 0xbe, 0xff, 0xff, //0x00005a60 .long L0_7_set_279
	0x7d, 0xf5, 0xff, 0xff, //0x00005a64 .long L0_7_set_886
	0x7d, 0xf5, 0xff, 0xff, //0x00005a68 .long L0_7_set_886
	0x7d, 0xf5, 0xff, 0xff, //0x00005a6c .long L0_7_set_886
	0x7d, 0xf5, 0xff, 0xff, //0x00005a70 .long L0_7_set_886
	0x7d, 0xf5, 0xff, 0xff, //0x00005a74 .long L0_7_set_886
	0x7d, 0xf5, 0xff, 0xff, //0x00005a78 .long L0_7_set_886
	0x7d, 0xf5, 0xff, 0xff, //0x00005a7c .long L0_7_set_886
	0xae, 0xc3, 0xff, 0xff, //0x00005a80 .long L0_7_set_342
	0x7d, 0xf5, 0xff, 0xff, //0x00005a84 .long L0_7_set_886
	0x7d, 0xf5, 0xff, 0xff, //0x00005a88 .long L0_7_set_886
	0x7d, 0xf5, 0xff, 0xff, //0x00005a8c .long L0_7_set_886
	0x7d, 0xf5, 0xff, 0xff, //0x00005a90 .long L0_7_set_886
	0x7d, 0xf5, 0xff, 0xff, //0x00005a94 .long L0_7_set_886
	0x00, 0xc4, 0xff, 0xff, //0x00005a98 .long L0_7_set_351
	0x7d, 0xf5, 0xff, 0xff, //0x00005a9c .long L0_7_set_886
	0x7d, 0xf5, 0xff, 0xff, //0x00005aa0 .long L0_7_set_886
	0x7d, 0xf5, 0xff, 0xff, //0x00005aa4 .long L0_7_set_886
	0x7d, 0xf5, 0xff, 0xff, //0x00005aa8 .long L0_7_set_886
	0x7d, 0xf5, 0xff, 0xff, //0x00005aac .long L0_7_set_886
	0x7d, 0xf5, 0xff, 0xff, //0x00005ab0 .long L0_7_set_886
	0xd2, 0xc3, 0xff, 0xff, //0x00005ab4 .long L0_7_set_348
	// // .set L0_8_set_489, LBB0_489-LJTI0_8
	// // .set L0_8_set_884, LBB0_884-LJTI0_8
	// // .set L0_8_set_473, LBB0_473-LJTI0_8
	//0x00005ab8 LJTI0_8
	0xe6, 0xd2, 0xff, 0xff, //0x00005ab8 .long L0_8_set_489
	0x67, 0xf5, 0xff, 0xff, //0x00005abc .long L0_8_set_884
	0x67, 0xf5, 0xff, 0xff, //0x00005ac0 .long L0_8_set_884
	0x67, 0xf5, 0xff, 0xff, //0x00005ac4 .long L0_8_set_884
	0x67, 0xf5, 0xff, 0xff, //0x00005ac8 .long L0_8_set_884
	0x67, 0xf5, 0xff, 0xff, //0x00005acc .long L0_8_set_884
	0x67, 0xf5, 0xff, 0xff, //0x00005ad0 .long L0_8_set_884
	0x67, 0xf5, 0xff, 0xff, //0x00005ad4 .long L0_8_set_884
	0x67, 0xf5, 0xff, 0xff, //0x00005ad8 .long L0_8_set_884
	0x67, 0xf5, 0xff, 0xff, //0x00005adc .long L0_8_set_884
	0x67, 0xf5, 0xff, 0xff, //0x00005ae0 .long L0_8_set_884
	0x67, 0xf5, 0xff, 0xff, //0x00005ae4 .long L0_8_set_884
	0x67, 0xf5, 0xff, 0xff, //0x00005ae8 .long L0_8_set_884
	0xe6, 0xd2, 0xff, 0xff, //0x00005aec .long L0_8_set_489
	0x67, 0xf5, 0xff, 0xff, //0x00005af0 .long L0_8_set_884
	0x67, 0xf5, 0xff, 0xff, //0x00005af4 .long L0_8_set_884
	0x67, 0xf5, 0xff, 0xff, //0x00005af8 .long L0_8_set_884
	0x67, 0xf5, 0xff, 0xff, //0x00005afc .long L0_8_set_884
	0x67, 0xf5, 0xff, 0xff, //0x00005b00 .long L0_8_set_884
	0x67, 0xf5, 0xff, 0xff, //0x00005b04 .long L0_8_set_884
	0x67, 0xf5, 0xff, 0xff, //0x00005b08 .long L0_8_set_884
	0x67, 0xf5, 0xff, 0xff, //0x00005b0c .long L0_8_set_884
	0x67, 0xf5, 0xff, 0xff, //0x00005b10 .long L0_8_set_884
	0x67, 0xf5, 0xff, 0xff, //0x00005b14 .long L0_8_set_884
	0x67, 0xf5, 0xff, 0xff, //0x00005b18 .long L0_8_set_884
	0x67, 0xf5, 0xff, 0xff, //0x00005b1c .long L0_8_set_884
	0x67, 0xf5, 0xff, 0xff, //0x00005b20 .long L0_8_set_884
	0x67, 0xf5, 0xff, 0xff, //0x00005b24 .long L0_8_set_884
	0x67, 0xf5, 0xff, 0xff, //0x00005b28 .long L0_8_set_884
	0x67, 0xf5, 0xff, 0xff, //0x00005b2c .long L0_8_set_884
	0x67, 0xf5, 0xff, 0xff, //0x00005b30 .long L0_8_set_884
	0x67, 0xf5, 0xff, 0xff, //0x00005b34 .long L0_8_set_884
	0x67, 0xf5, 0xff, 0xff, //0x00005b38 .long L0_8_set_884
	0x67, 0xf5, 0xff, 0xff, //0x00005b3c .long L0_8_set_884
	0x67, 0xf5, 0xff, 0xff, //0x00005b40 .long L0_8_set_884
	0x67, 0xf5, 0xff, 0xff, //0x00005b44 .long L0_8_set_884
	0x67, 0xf5, 0xff, 0xff, //0x00005b48 .long L0_8_set_884
	0x67, 0xf5, 0xff, 0xff, //0x00005b4c .long L0_8_set_884
	0x67, 0xf5, 0xff, 0xff, //0x00005b50 .long L0_8_set_884
	0x67, 0xf5, 0xff, 0xff, //0x00005b54 .long L0_8_set_884
	0x67, 0xf5, 0xff, 0xff, //0x00005b58 .long L0_8_set_884
	0x67, 0xf5, 0xff, 0xff, //0x00005b5c .long L0_8_set_884
	0x67, 0xf5, 0xff, 0xff, //0x00005b60 .long L0_8_set_884
	0x67, 0xf5, 0xff, 0xff, //0x00005b64 .long L0_8_set_884
	0x67, 0xf5, 0xff, 0xff, //0x00005b68 .long L0_8_set_884
	0x67, 0xf5, 0xff, 0xff, //0x00005b6c .long L0_8_set_884
	0x67, 0xf5, 0xff, 0xff, //0x00005b70 .long L0_8_set_884
	0x67, 0xf5, 0xff, 0xff, //0x00005b74 .long L0_8_set_884
	0x67, 0xf5, 0xff, 0xff, //0x00005b78 .long L0_8_set_884
	0x67, 0xf5, 0xff, 0xff, //0x00005b7c .long L0_8_set_884
	0x67, 0xf5, 0xff, 0xff, //0x00005b80 .long L0_8_set_884
	0x67, 0xf5, 0xff, 0xff, //0x00005b84 .long L0_8_set_884
	0x67, 0xf5, 0xff, 0xff, //0x00005b88 .long L0_8_set_884
	0x67, 0xf5, 0xff, 0xff, //0x00005b8c .long L0_8_set_884
	0x67, 0xf5, 0xff, 0xff, //0x00005b90 .long L0_8_set_884
	0x67, 0xf5, 0xff, 0xff, //0x00005b94 .long L0_8_set_884
	0x67, 0xf5, 0xff, 0xff, //0x00005b98 .long L0_8_set_884
	0x67, 0xf5, 0xff, 0xff, //0x00005b9c .long L0_8_set_884
	0xe6, 0xd2, 0xff, 0xff, //0x00005ba0 .long L0_8_set_489
	0x67, 0xf5, 0xff, 0xff, //0x00005ba4 .long L0_8_set_884
	0x67, 0xf5, 0xff, 0xff, //0x00005ba8 .long L0_8_set_884
	0x67, 0xf5, 0xff, 0xff, //0x00005bac .long L0_8_set_884
	0x67, 0xf5, 0xff, 0xff, //0x00005bb0 .long L0_8_set_884
	0x67, 0xf5, 0xff, 0xff, //0x00005bb4 .long L0_8_set_884
	0xe6, 0xd2, 0xff, 0xff, //0x00005bb8 .long L0_8_set_489
	0x67, 0xf5, 0xff, 0xff, //0x00005bbc .long L0_8_set_884
	0x67, 0xf5, 0xff, 0xff, //0x00005bc0 .long L0_8_set_884
	0x67, 0xf5, 0xff, 0xff, //0x00005bc4 .long L0_8_set_884
	0xe6, 0xd2, 0xff, 0xff, //0x00005bc8 .long L0_8_set_489
	0x67, 0xf5, 0xff, 0xff, //0x00005bcc .long L0_8_set_884
	0x67, 0xf5, 0xff, 0xff, //0x00005bd0 .long L0_8_set_884
	0x67, 0xf5, 0xff, 0xff, //0x00005bd4 .long L0_8_set_884
	0x67, 0xf5, 0xff, 0xff, //0x00005bd8 .long L0_8_set_884
	0x67, 0xf5, 0xff, 0xff, //0x00005bdc .long L0_8_set_884
	0x67, 0xf5, 0xff, 0xff, //0x00005be0 .long L0_8_set_884
	0x67, 0xf5, 0xff, 0xff, //0x00005be4 .long L0_8_set_884
	0xe6, 0xd2, 0xff, 0xff, //0x00005be8 .long L0_8_set_489
	0x67, 0xf5, 0xff, 0xff, //0x00005bec .long L0_8_set_884
	0x67, 0xf5, 0xff, 0xff, //0x00005bf0 .long L0_8_set_884
	0x67, 0xf5, 0xff, 0xff, //0x00005bf4 .long L0_8_set_884
	0xe6, 0xd2, 0xff, 0xff, //0x00005bf8 .long L0_8_set_489
	0x67, 0xf5, 0xff, 0xff, //0x00005bfc .long L0_8_set_884
	0xe6, 0xd2, 0xff, 0xff, //0x00005c00 .long L0_8_set_489
	0xc2, 0xd0, 0xff, 0xff, //0x00005c04 .long L0_8_set_473
	// // .set L0_9_set_803, LBB0_803-LJTI0_9
	// // .set L0_9_set_884, LBB0_884-LJTI0_9
	// // .set L0_9_set_806, LBB0_806-LJTI0_9
	//0x00005c08 LJTI0_9
	0xb5, 0xec, 0xff, 0xff, //0x00005c08 .long L0_9_set_803
	0x17, 0xf4, 0xff, 0xff, //0x00005c0c .long L0_9_set_884
	0x17, 0xf4, 0xff, 0xff, //0x00005c10 .long L0_9_set_884
	0x17, 0xf4, 0xff, 0xff, //0x00005c14 .long L0_9_set_884
	0x17, 0xf4, 0xff, 0xff, //0x00005c18 .long L0_9_set_884
	0x17, 0xf4, 0xff, 0xff, //0x00005c1c .long L0_9_set_884
	0x17, 0xf4, 0xff, 0xff, //0x00005c20 .long L0_9_set_884
	0x17, 0xf4, 0xff, 0xff, //0x00005c24 .long L0_9_set_884
	0x17, 0xf4, 0xff, 0xff, //0x00005c28 .long L0_9_set_884
	0x17, 0xf4, 0xff, 0xff, //0x00005c2c .long L0_9_set_884
	0x17, 0xf4, 0xff, 0xff, //0x00005c30 .long L0_9_set_884
	0x17, 0xf4, 0xff, 0xff, //0x00005c34 .long L0_9_set_884
	0x17, 0xf4, 0xff, 0xff, //0x00005c38 .long L0_9_set_884
	0xb5, 0xec, 0xff, 0xff, //0x00005c3c .long L0_9_set_803
	0x17, 0xf4, 0xff, 0xff, //0x00005c40 .long L0_9_set_884
	0x17, 0xf4, 0xff, 0xff, //0x00005c44 .long L0_9_set_884
	0x17, 0xf4, 0xff, 0xff, //0x00005c48 .long L0_9_set_884
	0x17, 0xf4, 0xff, 0xff, //0x00005c4c .long L0_9_set_884
	0x17, 0xf4, 0xff, 0xff, //0x00005c50 .long L0_9_set_884
	0x17, 0xf4, 0xff, 0xff, //0x00005c54 .long L0_9_set_884
	0x17, 0xf4, 0xff, 0xff, //0x00005c58 .long L0_9_set_884
	0x17, 0xf4, 0xff, 0xff, //0x00005c5c .long L0_9_set_884
	0x17, 0xf4, 0xff, 0xff, //0x00005c60 .long L0_9_set_884
	0x17, 0xf4, 0xff, 0xff, //0x00005c64 .long L0_9_set_884
	0x17, 0xf4, 0xff, 0xff, //0x00005c68 .long L0_9_set_884
	0x17, 0xf4, 0xff, 0xff, //0x00005c6c .long L0_9_set_884
	0x17, 0xf4, 0xff, 0xff, //0x00005c70 .long L0_9_set_884
	0x17, 0xf4, 0xff, 0xff, //0x00005c74 .long L0_9_set_884
	0x17, 0xf4, 0xff, 0xff, //0x00005c78 .long L0_9_set_884
	0x17, 0xf4, 0xff, 0xff, //0x00005c7c .long L0_9_set_884
	0x17, 0xf4, 0xff, 0xff, //0x00005c80 .long L0_9_set_884
	0x17, 0xf4, 0xff, 0xff, //0x00005c84 .long L0_9_set_884
	0x17, 0xf4, 0xff, 0xff, //0x00005c88 .long L0_9_set_884
	0x17, 0xf4, 0xff, 0xff, //0x00005c8c .long L0_9_set_884
	0x17, 0xf4, 0xff, 0xff, //0x00005c90 .long L0_9_set_884
	0x17, 0xf4, 0xff, 0xff, //0x00005c94 .long L0_9_set_884
	0x17, 0xf4, 0xff, 0xff, //0x00005c98 .long L0_9_set_884
	0x17, 0xf4, 0xff, 0xff, //0x00005c9c .long L0_9_set_884
	0x17, 0xf4, 0xff, 0xff, //0x00005ca0 .long L0_9_set_884
	0x17, 0xf4, 0xff, 0xff, //0x00005ca4 .long L0_9_set_884
	0x17, 0xf4, 0xff, 0xff, //0x00005ca8 .long L0_9_set_884
	0x17, 0xf4, 0xff, 0xff, //0x00005cac .long L0_9_set_884
	0x17, 0xf4, 0xff, 0xff, //0x00005cb0 .long L0_9_set_884
	0x17, 0xf4, 0xff, 0xff, //0x00005cb4 .long L0_9_set_884
	0x17, 0xf4, 0xff, 0xff, //0x00005cb8 .long L0_9_set_884
	0x17, 0xf4, 0xff, 0xff, //0x00005cbc .long L0_9_set_884
	0x17, 0xf4, 0xff, 0xff, //0x00005cc0 .long L0_9_set_884
	0x17, 0xf4, 0xff, 0xff, //0x00005cc4 .long L0_9_set_884
	0x17, 0xf4, 0xff, 0xff, //0x00005cc8 .long L0_9_set_884
	0x17, 0xf4, 0xff, 0xff, //0x00005ccc .long L0_9_set_884
	0x17, 0xf4, 0xff, 0xff, //0x00005cd0 .long L0_9_set_884
	0x17, 0xf4, 0xff, 0xff, //0x00005cd4 .long L0_9_set_884
	0x17, 0xf4, 0xff, 0xff, //0x00005cd8 .long L0_9_set_884
	0x17, 0xf4, 0xff, 0xff, //0x00005cdc .long L0_9_set_884
	0x17, 0xf4, 0xff, 0xff, //0x00005ce0 .long L0_9_set_884
	0x17, 0xf4, 0xff, 0xff, //0x00005ce4 .long L0_9_set_884
	0x17, 0xf4, 0xff, 0xff, //0x00005ce8 .long L0_9_set_884
	0x17, 0xf4, 0xff, 0xff, //0x00005cec .long L0_9_set_884
	0xb5, 0xec, 0xff, 0xff, //0x00005cf0 .long L0_9_set_803
	0x17, 0xf4, 0xff, 0xff, //0x00005cf4 .long L0_9_set_884
	0x17, 0xf4, 0xff, 0xff, //0x00005cf8 .long L0_9_set_884
	0x17, 0xf4, 0xff, 0xff, //0x00005cfc .long L0_9_set_884
	0x17, 0xf4, 0xff, 0xff, //0x00005d00 .long L0_9_set_884
	0x17, 0xf4, 0xff, 0xff, //0x00005d04 .long L0_9_set_884
	0xb5, 0xec, 0xff, 0xff, //0x00005d08 .long L0_9_set_803
	0x17, 0xf4, 0xff, 0xff, //0x00005d0c .long L0_9_set_884
	0x17, 0xf4, 0xff, 0xff, //0x00005d10 .long L0_9_set_884
	0x17, 0xf4, 0xff, 0xff, //0x00005d14 .long L0_9_set_884
	0xb5, 0xec, 0xff, 0xff, //0x00005d18 .long L0_9_set_803
	0x17, 0xf4, 0xff, 0xff, //0x00005d1c .long L0_9_set_884
	0x17, 0xf4, 0xff, 0xff, //0x00005d20 .long L0_9_set_884
	0x17, 0xf4, 0xff, 0xff, //0x00005d24 .long L0_9_set_884
	0x17, 0xf4, 0xff, 0xff, //0x00005d28 .long L0_9_set_884
	0x17, 0xf4, 0xff, 0xff, //0x00005d2c .long L0_9_set_884
	0x17, 0xf4, 0xff, 0xff, //0x00005d30 .long L0_9_set_884
	0x17, 0xf4, 0xff, 0xff, //0x00005d34 .long L0_9_set_884
	0xb5, 0xec, 0xff, 0xff, //0x00005d38 .long L0_9_set_803
	0x17, 0xf4, 0xff, 0xff, //0x00005d3c .long L0_9_set_884
	0x17, 0xf4, 0xff, 0xff, //0x00005d40 .long L0_9_set_884
	0x17, 0xf4, 0xff, 0xff, //0x00005d44 .long L0_9_set_884
	0xb5, 0xec, 0xff, 0xff, //0x00005d48 .long L0_9_set_803
	0x17, 0xf4, 0xff, 0xff, //0x00005d4c .long L0_9_set_884
	0xb5, 0xec, 0xff, 0xff, //0x00005d50 .long L0_9_set_803
	0xe0, 0xec, 0xff, 0xff, //0x00005d54 .long L0_9_set_806
	// // .set L0_10_set_668, LBB0_668-LJTI0_10
	// // .set L0_10_set_898, LBB0_898-LJTI0_10
	// // .set L0_10_set_671, LBB0_671-LJTI0_10
	//0x00005d58 LJTI0_10
	0x45, 0xdf, 0xff, 0xff, //0x00005d58 .long L0_10_set_668
	0x69, 0xf3, 0xff, 0xff, //0x00005d5c .long L0_10_set_898
	0x69, 0xf3, 0xff, 0xff, //0x00005d60 .long L0_10_set_898
	0x69, 0xf3, 0xff, 0xff, //0x00005d64 .long L0_10_set_898
	0x69, 0xf3, 0xff, 0xff, //0x00005d68 .long L0_10_set_898
	0x69, 0xf3, 0xff, 0xff, //0x00005d6c .long L0_10_set_898
	0x69, 0xf3, 0xff, 0xff, //0x00005d70 .long L0_10_set_898
	0x69, 0xf3, 0xff, 0xff, //0x00005d74 .long L0_10_set_898
	0x69, 0xf3, 0xff, 0xff, //0x00005d78 .long L0_10_set_898
	0x69, 0xf3, 0xff, 0xff, //0x00005d7c .long L0_10_set_898
	0x69, 0xf3, 0xff, 0xff, //0x00005d80 .long L0_10_set_898
	0x69, 0xf3, 0xff, 0xff, //0x00005d84 .long L0_10_set_898
	0x69, 0xf3, 0xff, 0xff, //0x00005d88 .long L0_10_set_898
	0x45, 0xdf, 0xff, 0xff, //0x00005d8c .long L0_10_set_668
	0x69, 0xf3, 0xff, 0xff, //0x00005d90 .long L0_10_set_898
	0x69, 0xf3, 0xff, 0xff, //0x00005d94 .long L0_10_set_898
	0x69, 0xf3, 0xff, 0xff, //0x00005d98 .long L0_10_set_898
	0x69, 0xf3, 0xff, 0xff, //0x00005d9c .long L0_10_set_898
	0x69, 0xf3, 0xff, 0xff, //0x00005da0 .long L0_10_set_898
	0x69, 0xf3, 0xff, 0xff, //0x00005da4 .long L0_10_set_898
	0x69, 0xf3, 0xff, 0xff, //0x00005da8 .long L0_10_set_898
	0x69, 0xf3, 0xff, 0xff, //0x00005dac .long L0_10_set_898
	0x69, 0xf3, 0xff, 0xff, //0x00005db0 .long L0_10_set_898
	0x69, 0xf3, 0xff, 0xff, //0x00005db4 .long L0_10_set_898
	0x69, 0xf3, 0xff, 0xff, //0x00005db8 .long L0_10_set_898
	0x69, 0xf3, 0xff, 0xff, //0x00005dbc .long L0_10_set_898
	0x69, 0xf3, 0xff, 0xff, //0x00005dc0 .long L0_10_set_898
	0x69, 0xf3, 0xff, 0xff, //0x00005dc4 .long L0_10_set_898
	0x69, 0xf3, 0xff, 0xff, //0x00005dc8 .long L0_10_set_898
	0x69, 0xf3, 0xff, 0xff, //0x00005dcc .long L0_10_set_898
	0x69, 0xf3, 0xff, 0xff, //0x00005dd0 .long L0_10_set_898
	0x69, 0xf3, 0xff, 0xff, //0x00005dd4 .long L0_10_set_898
	0x69, 0xf3, 0xff, 0xff, //0x00005dd8 .long L0_10_set_898
	0x69, 0xf3, 0xff, 0xff, //0x00005ddc .long L0_10_set_898
	0x69, 0xf3, 0xff, 0xff, //0x00005de0 .long L0_10_set_898
	0x69, 0xf3, 0xff, 0xff, //0x00005de4 .long L0_10_set_898
	0x69, 0xf3, 0xff, 0xff, //0x00005de8 .long L0_10_set_898
	0x69, 0xf3, 0xff, 0xff, //0x00005dec .long L0_10_set_898
	0x69, 0xf3, 0xff, 0xff, //0x00005df0 .long L0_10_set_898
	0x69, 0xf3, 0xff, 0xff, //0x00005df4 .long L0_10_set_898
	0x69, 0xf3, 0xff, 0xff, //0x00005df8 .long L0_10_set_898
	0x69, 0xf3, 0xff, 0xff, //0x00005dfc .long L0_10_set_898
	0x69, 0xf3, 0xff, 0xff, //0x00005e00 .long L0_10_set_898
	0x69, 0xf3, 0xff, 0xff, //0x00005e04 .long L0_10_set_898
	0x69, 0xf3, 0xff, 0xff, //0x00005e08 .long L0_10_set_898
	0x69, 0xf3, 0xff, 0xff, //0x00005e0c .long L0_10_set_898
	0x69, 0xf3, 0xff, 0xff, //0x00005e10 .long L0_10_set_898
	0x69, 0xf3, 0xff, 0xff, //0x00005e14 .long L0_10_set_898
	0x69, 0xf3, 0xff, 0xff, //0x00005e18 .long L0_10_set_898
	0x69, 0xf3, 0xff, 0xff, //0x00005e1c .long L0_10_set_898
	0x69, 0xf3, 0xff, 0xff, //0x00005e20 .long L0_10_set_898
	0x69, 0xf3, 0xff, 0xff, //0x00005e24 .long L0_10_set_898
	0x69, 0xf3, 0xff, 0xff, //0x00005e28 .long L0_10_set_898
	0x69, 0xf3, 0xff, 0xff, //0x00005e2c .long L0_10_set_898
	0x69, 0xf3, 0xff, 0xff, //0x00005e30 .long L0_10_set_898
	0x69, 0xf3, 0xff, 0xff, //0x00005e34 .long L0_10_set_898
	0x69, 0xf3, 0xff, 0xff, //0x00005e38 .long L0_10_set_898
	0x69, 0xf3, 0xff, 0xff, //0x00005e3c .long L0_10_set_898
	0x45, 0xdf, 0xff, 0xff, //0x00005e40 .long L0_10_set_668
	0x69, 0xf3, 0xff, 0xff, //0x00005e44 .long L0_10_set_898
	0x69, 0xf3, 0xff, 0xff, //0x00005e48 .long L0_10_set_898
	0x69, 0xf3, 0xff, 0xff, //0x00005e4c .long L0_10_set_898
	0x69, 0xf3, 0xff, 0xff, //0x00005e50 .long L0_10_set_898
	0x69, 0xf3, 0xff, 0xff, //0x00005e54 .long L0_10_set_898
	0x45, 0xdf, 0xff, 0xff, //0x00005e58 .long L0_10_set_668
	0x69, 0xf3, 0xff, 0xff, //0x00005e5c .long L0_10_set_898
	0x69, 0xf3, 0xff, 0xff, //0x00005e60 .long L0_10_set_898
	0x69, 0xf3, 0xff, 0xff, //0x00005e64 .long L0_10_set_898
	0x45, 0xdf, 0xff, 0xff, //0x00005e68 .long L0_10_set_668
	0x69, 0xf3, 0xff, 0xff, //0x00005e6c .long L0_10_set_898
	0x69, 0xf3, 0xff, 0xff, //0x00005e70 .long L0_10_set_898
	0x69, 0xf3, 0xff, 0xff, //0x00005e74 .long L0_10_set_898
	0x69, 0xf3, 0xff, 0xff, //0x00005e78 .long L0_10_set_898
	0x69, 0xf3, 0xff, 0xff, //0x00005e7c .long L0_10_set_898
	0x69, 0xf3, 0xff, 0xff, //0x00005e80 .long L0_10_set_898
	0x69, 0xf3, 0xff, 0xff, //0x00005e84 .long L0_10_set_898
	0x45, 0xdf, 0xff, 0xff, //0x00005e88 .long L0_10_set_668
	0x69, 0xf3, 0xff, 0xff, //0x00005e8c .long L0_10_set_898
	0x69, 0xf3, 0xff, 0xff, //0x00005e90 .long L0_10_set_898
	0x69, 0xf3, 0xff, 0xff, //0x00005e94 .long L0_10_set_898
	0x45, 0xdf, 0xff, 0xff, //0x00005e98 .long L0_10_set_668
	0x69, 0xf3, 0xff, 0xff, //0x00005e9c .long L0_10_set_898
	0x45, 0xdf, 0xff, 0xff, //0x00005ea0 .long L0_10_set_668
	0x68, 0xdf, 0xff, 0xff, //0x00005ea4 .long L0_10_set_671
	// // .set L0_11_set_331, LBB0_331-LJTI0_11
	// // .set L0_11_set_501, LBB0_501-LJTI0_11
	// // .set L0_11_set_337, LBB0_337-LJTI0_11
	// // .set L0_11_set_340, LBB0_340-LJTI0_11
	//0x00005ea8 LJTI0_11
	0x4b, 0xbd, 0xff, 0xff, //0x00005ea8 .long L0_11_set_331
	0x6d, 0xcf, 0xff, 0xff, //0x00005eac .long L0_11_set_501
	0x4b, 0xbd, 0xff, 0xff, //0x00005eb0 .long L0_11_set_331
	0x9a, 0xbd, 0xff, 0xff, //0x00005eb4 .long L0_11_set_337
	0x6d, 0xcf, 0xff, 0xff, //0x00005eb8 .long L0_11_set_501
	0x6d, 0xcf, 0xff, 0xff, //0x00005ebc .long L0_11_set_501
	0x6d, 0xcf, 0xff, 0xff, //0x00005ec0 .long L0_11_set_501
	0x6d, 0xcf, 0xff, 0xff, //0x00005ec4 .long L0_11_set_501
	0x6d, 0xcf, 0xff, 0xff, //0x00005ec8 .long L0_11_set_501
	0x6d, 0xcf, 0xff, 0xff, //0x00005ecc .long L0_11_set_501
	0x6d, 0xcf, 0xff, 0xff, //0x00005ed0 .long L0_11_set_501
	0x6d, 0xcf, 0xff, 0xff, //0x00005ed4 .long L0_11_set_501
	0x6d, 0xcf, 0xff, 0xff, //0x00005ed8 .long L0_11_set_501
	0x6d, 0xcf, 0xff, 0xff, //0x00005edc .long L0_11_set_501
	0x6d, 0xcf, 0xff, 0xff, //0x00005ee0 .long L0_11_set_501
	0x6d, 0xcf, 0xff, 0xff, //0x00005ee4 .long L0_11_set_501
	0x6d, 0xcf, 0xff, 0xff, //0x00005ee8 .long L0_11_set_501
	0x6d, 0xcf, 0xff, 0xff, //0x00005eec .long L0_11_set_501
	0x6d, 0xcf, 0xff, 0xff, //0x00005ef0 .long L0_11_set_501
	0x6d, 0xcf, 0xff, 0xff, //0x00005ef4 .long L0_11_set_501
	0x6d, 0xcf, 0xff, 0xff, //0x00005ef8 .long L0_11_set_501
	0x6d, 0xcf, 0xff, 0xff, //0x00005efc .long L0_11_set_501
	0x6d, 0xcf, 0xff, 0xff, //0x00005f00 .long L0_11_set_501
	0x6d, 0xcf, 0xff, 0xff, //0x00005f04 .long L0_11_set_501
	0x6d, 0xcf, 0xff, 0xff, //0x00005f08 .long L0_11_set_501
	0x6d, 0xcf, 0xff, 0xff, //0x00005f0c .long L0_11_set_501
	0xbb, 0xbd, 0xff, 0xff, //0x00005f10 .long L0_11_set_340
	// // .set L0_12_set_100, LBB0_100-LJTI0_12
	// // .set L0_12_set_261, LBB0_261-LJTI0_12
	// // .set L0_12_set_94, LBB0_94-LJTI0_12
	// // .set L0_12_set_103, LBB0_103-LJTI0_12
	//0x00005f14 LJTI0_12
	0x1e, 0xa9, 0xff, 0xff, //0x00005f14 .long L0_12_set_100
	0xc1, 0xb7, 0xff, 0xff, //0x00005f18 .long L0_12_set_261
	0x1e, 0xa9, 0xff, 0xff, //0x00005f1c .long L0_12_set_100
	0xcf, 0xa8, 0xff, 0xff, //0x00005f20 .long L0_12_set_94
	0xc1, 0xb7, 0xff, 0xff, //0x00005f24 .long L0_12_set_261
	0xc1, 0xb7, 0xff, 0xff, //0x00005f28 .long L0_12_set_261
	0xc1, 0xb7, 0xff, 0xff, //0x00005f2c .long L0_12_set_261
	0xc1, 0xb7, 0xff, 0xff, //0x00005f30 .long L0_12_set_261
	0xc1, 0xb7, 0xff, 0xff, //0x00005f34 .long L0_12_set_261
	0xc1, 0xb7, 0xff, 0xff, //0x00005f38 .long L0_12_set_261
	0xc1, 0xb7, 0xff, 0xff, //0x00005f3c .long L0_12_set_261
	0xc1, 0xb7, 0xff, 0xff, //0x00005f40 .long L0_12_set_261
	0xc1, 0xb7, 0xff, 0xff, //0x00005f44 .long L0_12_set_261
	0xc1, 0xb7, 0xff, 0xff, //0x00005f48 .long L0_12_set_261
	0xc1, 0xb7, 0xff, 0xff, //0x00005f4c .long L0_12_set_261
	0xc1, 0xb7, 0xff, 0xff, //0x00005f50 .long L0_12_set_261
	0xc1, 0xb7, 0xff, 0xff, //0x00005f54 .long L0_12_set_261
	0xc1, 0xb7, 0xff, 0xff, //0x00005f58 .long L0_12_set_261
	0xc1, 0xb7, 0xff, 0xff, //0x00005f5c .long L0_12_set_261
	0xc1, 0xb7, 0xff, 0xff, //0x00005f60 .long L0_12_set_261
	0xc1, 0xb7, 0xff, 0xff, //0x00005f64 .long L0_12_set_261
	0xc1, 0xb7, 0xff, 0xff, //0x00005f68 .long L0_12_set_261
	0xc1, 0xb7, 0xff, 0xff, //0x00005f6c .long L0_12_set_261
	0xc1, 0xb7, 0xff, 0xff, //0x00005f70 .long L0_12_set_261
	0xc1, 0xb7, 0xff, 0xff, //0x00005f74 .long L0_12_set_261
	0xc1, 0xb7, 0xff, 0xff, //0x00005f78 .long L0_12_set_261
	0x3a, 0xa9, 0xff, 0xff, //0x00005f7c .long L0_12_set_103
	//0x00005f80 .p2align 2, 0x00
	//0x00005f80 _MASK_USE_NUMBER
	0x02, 0x00, 0x00, 0x00, //0x00005f80 .long 2
}
