//go:build amd64
// +build amd64

// Code generated by asm2asm, DO NOT EDIT.

package sse

var _text_skip_one = []byte{
	// .p2align 4, 0x00
	// LCPI0_0
	0x2c, 0x2c, 0x2c, 0x2c, 0x2c, 0x2c, 0x2c, 0x2c, 0x2c, 0x2c, 0x2c, 0x2c, 0x2c, 0x2c, 0x2c, 0x2c, // QUAD $0x2c2c2c2c2c2c2c2c; QUAD $0x2c2c2c2c2c2c2c2c  // .space 16, ',,,,,,,,,,,,,,,,'
	//0x00000010 LCPI0_1
	0xdf, 0xdf, 0xdf, 0xdf, 0xdf, 0xdf, 0xdf, 0xdf, 0xdf, 0xdf, 0xdf, 0xdf, 0xdf, 0xdf, 0xdf, 0xdf, //0x00000010 QUAD $0xdfdfdfdfdfdfdfdf; QUAD $0xdfdfdfdfdfdfdfdf  // .space 16, '\xdf\xdf\xdf\xdf\xdf\xdf\xdf\xdf\xdf\xdf\xdf\xdf\xdf\xdf\xdf\xdf'
	//0x00000020 LCPI0_2
	0x5d, 0x5d, 0x5d, 0x5d, 0x5d, 0x5d, 0x5d, 0x5d, 0x5d, 0x5d, 0x5d, 0x5d, 0x5d, 0x5d, 0x5d, 0x5d, //0x00000020 QUAD $0x5d5d5d5d5d5d5d5d; QUAD $0x5d5d5d5d5d5d5d5d  // .space 16, ']]]]]]]]]]]]]]]]'
	//0x00000030 LCPI0_3
	0x22, 0x22, 0x22, 0x22, 0x22, 0x22, 0x22, 0x22, 0x22, 0x22, 0x22, 0x22, 0x22, 0x22, 0x22, 0x22, //0x00000030 QUAD $0x2222222222222222; QUAD $0x2222222222222222  // .space 16, '""""""""""""""""'
	//0x00000040 LCPI0_4
	0x5c, 0x5c, 0x5c, 0x5c, 0x5c, 0x5c, 0x5c, 0x5c, 0x5c, 0x5c, 0x5c, 0x5c, 0x5c, 0x5c, 0x5c, 0x5c, //0x00000040 QUAD $0x5c5c5c5c5c5c5c5c; QUAD $0x5c5c5c5c5c5c5c5c  // .space 16, '\\\\\\\\\\\\\\\\\\\\\\\\\\\\\\\\'
	//0x00000050 LCPI0_5
	0x7b, 0x7b, 0x7b, 0x7b, 0x7b, 0x7b, 0x7b, 0x7b, 0x7b, 0x7b, 0x7b, 0x7b, 0x7b, 0x7b, 0x7b, 0x7b, //0x00000050 QUAD $0x7b7b7b7b7b7b7b7b; QUAD $0x7b7b7b7b7b7b7b7b  // .space 16, '{{{{{{{{{{{{{{{{'
	//0x00000060 LCPI0_6
	0x7d, 0x7d, 0x7d, 0x7d, 0x7d, 0x7d, 0x7d, 0x7d, 0x7d, 0x7d, 0x7d, 0x7d, 0x7d, 0x7d, 0x7d, 0x7d, //0x00000060 QUAD $0x7d7d7d7d7d7d7d7d; QUAD $0x7d7d7d7d7d7d7d7d  // .space 16, '}}}}}}}}}}}}}}}}'
	//0x00000070 LCPI0_7
	0x5b, 0x5b, 0x5b, 0x5b, 0x5b, 0x5b, 0x5b, 0x5b, 0x5b, 0x5b, 0x5b, 0x5b, 0x5b, 0x5b, 0x5b, 0x5b, //0x00000070 QUAD $0x5b5b5b5b5b5b5b5b; QUAD $0x5b5b5b5b5b5b5b5b  // .space 16, '[[[[[[[[[[[[[[[['
	//0x00000080 LCPI0_8
	0x01, 0x00, 0x00, 0x00, 0x00, 0x00, 0x00, 0x00, //0x00000080 .quad 1
	0x00, 0x00, 0x00, 0x00, 0x00, 0x00, 0x00, 0x00, //0x00000088 .quad 0
	//0x00000090 LCPI0_9
	0x20, 0x20, 0x20, 0x20, 0x20, 0x20, 0x20, 0x20, 0x20, 0x20, 0x20, 0x20, 0x20, 0x20, 0x20, 0x20, //0x00000090 QUAD $0x2020202020202020; QUAD $0x2020202020202020  // .space 16, '                '
	//0x000000a0 LCPI0_10
	0x2f, 0x2f, 0x2f, 0x2f, 0x2f, 0x2f, 0x2f, 0x2f, 0x2f, 0x2f, 0x2f, 0x2f, 0x2f, 0x2f, 0x2f, 0x2f, //0x000000a0 QUAD $0x2f2f2f2f2f2f2f2f; QUAD $0x2f2f2f2f2f2f2f2f  // .space 16, '////////////////'
	//0x000000b0 LCPI0_11
	0x3a, 0x3a, 0x3a, 0x3a, 0x3a, 0x3a, 0x3a, 0x3a, 0x3a, 0x3a, 0x3a, 0x3a, 0x3a, 0x3a, 0x3a, 0x3a, //0x000000b0 QUAD $0x3a3a3a3a3a3a3a3a; QUAD $0x3a3a3a3a3a3a3a3a  // .space 16, '::::::::::::::::'
	//0x000000c0 LCPI0_12
	0x2b, 0x2b, 0x2b, 0x2b, 0x2b, 0x2b, 0x2b, 0x2b, 0x2b, 0x2b, 0x2b, 0x2b, 0x2b, 0x2b, 0x2b, 0x2b, //0x000000c0 QUAD $0x2b2b2b2b2b2b2b2b; QUAD $0x2b2b2b2b2b2b2b2b  // .space 16, '++++++++++++++++'
	//0x000000d0 LCPI0_13
	0x2d, 0x2d, 0x2d, 0x2d, 0x2d, 0x2d, 0x2d, 0x2d, 0x2d, 0x2d, 0x2d, 0x2d, 0x2d, 0x2d, 0x2d, 0x2d, //0x000000d0 QUAD $0x2d2d2d2d2d2d2d2d; QUAD $0x2d2d2d2d2d2d2d2d  // .space 16, '----------------'
	//0x000000e0 LCPI0_14
	0x2e, 0x2e, 0x2e, 0x2e, 0x2e, 0x2e, 0x2e, 0x2e, 0x2e, 0x2e, 0x2e, 0x2e, 0x2e, 0x2e, 0x2e, 0x2e, //0x000000e0 QUAD $0x2e2e2e2e2e2e2e2e; QUAD $0x2e2e2e2e2e2e2e2e  // .space 16, '................'
	//0x000000f0 LCPI0_15
	0x45, 0x45, 0x45, 0x45, 0x45, 0x45, 0x45, 0x45, 0x45, 0x45, 0x45, 0x45, 0x45, 0x45, 0x45, 0x45, //0x000000f0 QUAD $0x4545454545454545; QUAD $0x4545454545454545  // .space 16, 'EEEEEEEEEEEEEEEE'
	//0x00000100 .p2align 4, 0x90
	//0x00000100 _skip_one
	0x55,             //0x00000100 pushq        %rbp
	0x48, 0x89, 0xe5, //0x00000101 movq         %rsp, %rbp
	0x41, 0x57, //0x00000104 pushq        %r15
	0x41, 0x56, //0x00000106 pushq        %r14
	0x41, 0x55, //0x00000108 pushq        %r13
	0x41, 0x54, //0x0000010a pushq        %r12
	0x53,                                     //0x0000010c pushq        %rbx
	0x48, 0x81, 0xec, 0xd8, 0x00, 0x00, 0x00, //0x0000010d subq         $216, %rsp
	0x48, 0x89, 0x8d, 0x60, 0xff, 0xff, 0xff, //0x00000114 movq         %rcx, $-160(%rbp)
	0xf6, 0xc1, 0x40, //0x0000011b testb        $64, %cl
	0x48, 0x89, 0x75, 0xb8, //0x0000011e movq         %rsi, $-72(%rbp)
	0x0f, 0x85, 0xc3, 0x00, 0x00, 0x00, //0x00000122 jne          LBB0_2
	0x49, 0x89, 0xd3, //0x00000128 movq         %rdx, %r11
	0x0f, 0x10, 0x05, 0x4e, 0xff, 0xff, 0xff, //0x0000012b movups       $-178(%rip), %xmm0  /* LCPI0_8+0(%rip) */
	0x0f, 0x11, 0x02, //0x00000132 movups       %xmm0, (%rdx)
	0x4c, 0x8b, 0x36, //0x00000135 movq         (%rsi), %r14
	0x4c, 0x8b, 0x0f, //0x00000138 movq         (%rdi), %r9
	0x4c, 0x89, 0xc8, //0x0000013b movq         %r9, %rax
	0x48, 0xf7, 0xd0, //0x0000013e notq         %rax
	0x48, 0x89, 0x85, 0x68, 0xff, 0xff, 0xff, //0x00000141 movq         %rax, $-152(%rbp)
	0x41, 0xb8, 0x01, 0x00, 0x00, 0x00, //0x00000148 movl         $1, %r8d
	0xb8, 0x01, 0x00, 0x00, 0x00, //0x0000014e movl         $1, %eax
	0x4c, 0x29, 0xc8, //0x00000153 subq         %r9, %rax
	0x48, 0x89, 0x85, 0x78, 0xff, 0xff, 0xff, //0x00000156 movq         %rax, $-136(%rbp)
	0x4c, 0x89, 0xc8, //0x0000015d movq         %r9, %rax
	0x48, 0xf7, 0xd8, //0x00000160 negq         %rax
	0x48, 0x89, 0x85, 0x50, 0xff, 0xff, 0xff, //0x00000163 movq         %rax, $-176(%rbp)
	0x49, 0x8d, 0x41, 0xff, //0x0000016a leaq         $-1(%r9), %rax
	0x48, 0x89, 0x85, 0x48, 0xff, 0xff, 0xff, //0x0000016e movq         %rax, $-184(%rbp)
	0x49, 0xc7, 0xc5, 0xff, 0xff, 0xff, 0xff, //0x00000175 movq         $-1, %r13
	0x49, 0xba, 0x00, 0x26, 0x00, 0x00, 0x01, 0x00, 0x00, 0x00, //0x0000017c movabsq      $4294977024, %r10
	0xf3, 0x0f, 0x6f, 0x05, 0xa2, 0xfe, 0xff, 0xff, //0x00000186 movdqu       $-350(%rip), %xmm0  /* LCPI0_3+0(%rip) */
	0xf3, 0x0f, 0x6f, 0x0d, 0xaa, 0xfe, 0xff, 0xff, //0x0000018e movdqu       $-342(%rip), %xmm1  /* LCPI0_4+0(%rip) */
	0xf3, 0x0f, 0x6f, 0x15, 0xf2, 0xfe, 0xff, 0xff, //0x00000196 movdqu       $-270(%rip), %xmm2  /* LCPI0_9+0(%rip) */
	0x66, 0x45, 0x0f, 0x76, 0xff, //0x0000019e pcmpeqd      %xmm15, %xmm15
	0xf3, 0x44, 0x0f, 0x6f, 0x05, 0xf4, 0xfe, 0xff, 0xff, //0x000001a3 movdqu       $-268(%rip), %xmm8  /* LCPI0_10+0(%rip) */
	0xf3, 0x44, 0x0f, 0x6f, 0x35, 0xfb, 0xfe, 0xff, 0xff, //0x000001ac movdqu       $-261(%rip), %xmm14  /* LCPI0_11+0(%rip) */
	0xf3, 0x44, 0x0f, 0x6f, 0x0d, 0x02, 0xff, 0xff, 0xff, //0x000001b5 movdqu       $-254(%rip), %xmm9  /* LCPI0_12+0(%rip) */
	0xf3, 0x44, 0x0f, 0x6f, 0x15, 0x09, 0xff, 0xff, 0xff, //0x000001be movdqu       $-247(%rip), %xmm10  /* LCPI0_13+0(%rip) */
	0xf3, 0x44, 0x0f, 0x6f, 0x1d, 0x40, 0xfe, 0xff, 0xff, //0x000001c7 movdqu       $-448(%rip), %xmm11  /* LCPI0_1+0(%rip) */
	0xf3, 0x44, 0x0f, 0x6f, 0x25, 0x07, 0xff, 0xff, 0xff, //0x000001d0 movdqu       $-249(%rip), %xmm12  /* LCPI0_14+0(%rip) */
	0xf3, 0x44, 0x0f, 0x6f, 0x2d, 0x0e, 0xff, 0xff, 0xff, //0x000001d9 movdqu       $-242(%rip), %xmm13  /* LCPI0_15+0(%rip) */
	0x48, 0x89, 0x55, 0x88, //0x000001e2 movq         %rdx, $-120(%rbp)
	0xe9, 0x67, 0x01, 0x00, 0x00, //0x000001e6 jmp          LBB0_28
	//0x000001eb LBB0_2
	0x4c, 0x8b, 0x0f, //0x000001eb movq         (%rdi), %r9
	0x48, 0x8b, 0x5f, 0x08, //0x000001ee movq         $8(%rdi), %rbx
	0x48, 0x8b, 0x0e, //0x000001f2 movq         (%rsi), %rcx
	0x48, 0x39, 0xd9, //0x000001f5 cmpq         %rbx, %rcx
	0x0f, 0x83, 0x26, 0x00, 0x00, 0x00, //0x000001f8 jae          LBB0_7
	0x41, 0x8a, 0x04, 0x09, //0x000001fe movb         (%r9,%rcx), %al
	0x3c, 0x0d, //0x00000202 cmpb         $13, %al
	0x0f, 0x84, 0x1a, 0x00, 0x00, 0x00, //0x00000204 je           LBB0_7
	0x3c, 0x20, //0x0000020a cmpb         $32, %al
	0x0f, 0x84, 0x12, 0x00, 0x00, 0x00, //0x0000020c je           LBB0_7
	0x04, 0xf7, //0x00000212 addb         $-9, %al
	0x3c, 0x01, //0x00000214 cmpb         $1, %al
	0x0f, 0x86, 0x08, 0x00, 0x00, 0x00, //0x00000216 jbe          LBB0_7
	0x49, 0x89, 0xcc, //0x0000021c movq         %rcx, %r12
	0xe9, 0xb9, 0x39, 0x00, 0x00, //0x0000021f jmp          LBB0_694
	//0x00000224 LBB0_7
	0x4c, 0x8d, 0x61, 0x01, //0x00000224 leaq         $1(%rcx), %r12
	0x49, 0x39, 0xdc, //0x00000228 cmpq         %rbx, %r12
	0x0f, 0x83, 0x1e, 0x00, 0x00, 0x00, //0x0000022b jae          LBB0_11
	0x43, 0x8a, 0x04, 0x21, //0x00000231 movb         (%r9,%r12), %al
	0x3c, 0x0d, //0x00000235 cmpb         $13, %al
	0x0f, 0x84, 0x12, 0x00, 0x00, 0x00, //0x00000237 je           LBB0_11
	0x3c, 0x20, //0x0000023d cmpb         $32, %al
	0x0f, 0x84, 0x0a, 0x00, 0x00, 0x00, //0x0000023f je           LBB0_11
	0x04, 0xf7, //0x00000245 addb         $-9, %al
	0x3c, 0x01, //0x00000247 cmpb         $1, %al
	0x0f, 0x87, 0x8e, 0x39, 0x00, 0x00, //0x00000249 ja           LBB0_694
	//0x0000024f LBB0_11
	0x4c, 0x8d, 0x61, 0x02, //0x0000024f leaq         $2(%rcx), %r12
	0x49, 0x39, 0xdc, //0x00000253 cmpq         %rbx, %r12
	0x0f, 0x83, 0x1e, 0x00, 0x00, 0x00, //0x00000256 jae          LBB0_15
	0x43, 0x8a, 0x04, 0x21, //0x0000025c movb         (%r9,%r12), %al
	0x3c, 0x0d, //0x00000260 cmpb         $13, %al
	0x0f, 0x84, 0x12, 0x00, 0x00, 0x00, //0x00000262 je           LBB0_15
	0x3c, 0x20, //0x00000268 cmpb         $32, %al
	0x0f, 0x84, 0x0a, 0x00, 0x00, 0x00, //0x0000026a je           LBB0_15
	0x04, 0xf7, //0x00000270 addb         $-9, %al
	0x3c, 0x01, //0x00000272 cmpb         $1, %al
	0x0f, 0x87, 0x63, 0x39, 0x00, 0x00, //0x00000274 ja           LBB0_694
	//0x0000027a LBB0_15
	0x4c, 0x8d, 0x61, 0x03, //0x0000027a leaq         $3(%rcx), %r12
	0x49, 0x39, 0xdc, //0x0000027e cmpq         %rbx, %r12
	0x0f, 0x83, 0x1e, 0x00, 0x00, 0x00, //0x00000281 jae          LBB0_19
	0x43, 0x8a, 0x04, 0x21, //0x00000287 movb         (%r9,%r12), %al
	0x3c, 0x0d, //0x0000028b cmpb         $13, %al
	0x0f, 0x84, 0x12, 0x00, 0x00, 0x00, //0x0000028d je           LBB0_19
	0x3c, 0x20, //0x00000293 cmpb         $32, %al
	0x0f, 0x84, 0x0a, 0x00, 0x00, 0x00, //0x00000295 je           LBB0_19
	0x04, 0xf7, //0x0000029b addb         $-9, %al
	0x3c, 0x01, //0x0000029d cmpb         $1, %al
	0x0f, 0x87, 0x38, 0x39, 0x00, 0x00, //0x0000029f ja           LBB0_694
	//0x000002a5 LBB0_19
	0x48, 0x83, 0xc1, 0x04, //0x000002a5 addq         $4, %rcx
	0x48, 0x39, 0xcb, //0x000002a9 cmpq         %rcx, %rbx
	0x0f, 0x86, 0x48, 0x00, 0x00, 0x00, //0x000002ac jbe          LBB0_688
	0x48, 0x39, 0xcb, //0x000002b2 cmpq         %rcx, %rbx
	0x0f, 0x84, 0x03, 0x39, 0x00, 0x00, //0x000002b5 je           LBB0_691
	0x4d, 0x8d, 0x04, 0x19, //0x000002bb leaq         (%r9,%rbx), %r8
	0x48, 0xb8, 0x00, 0x26, 0x00, 0x00, 0x01, 0x00, 0x00, 0x00, //0x000002bf movabsq      $4294977024, %rax
	0x90, 0x90, 0x90, 0x90, 0x90, 0x90, 0x90, //0x000002c9 .p2align 4, 0x90
	//0x000002d0 LBB0_22
	0x41, 0x0f, 0xbe, 0x14, 0x09, //0x000002d0 movsbl       (%r9,%rcx), %edx
	0x83, 0xfa, 0x20, //0x000002d5 cmpl         $32, %edx
	0x0f, 0x87, 0xec, 0x38, 0x00, 0x00, //0x000002d8 ja           LBB0_693
	0x48, 0x0f, 0xa3, 0xd0, //0x000002de btq          %rdx, %rax
	0x0f, 0x83, 0xe2, 0x38, 0x00, 0x00, //0x000002e2 jae          LBB0_693
	0x48, 0x83, 0xc1, 0x01, //0x000002e8 addq         $1, %rcx
	0x48, 0x39, 0xcb, //0x000002ec cmpq         %rcx, %rbx
	0x0f, 0x85, 0xdb, 0xff, 0xff, 0xff, //0x000002ef jne          LBB0_22
	0xe9, 0xca, 0x38, 0x00, 0x00, //0x000002f5 jmp          LBB0_692
	//0x000002fa LBB0_688
	0x48, 0x89, 0x0e, //0x000002fa movq         %rcx, (%rsi)
	0x48, 0xc7, 0xc0, 0xff, 0xff, 0xff, 0xff, //0x000002fd movq         $-1, %rax
	0xe9, 0xe9, 0x44, 0x00, 0x00, //0x00000304 jmp          LBB0_787
	//0x00000309 LBB0_238
	0x49, 0xf7, 0xde, //0x00000309 negq         %r14
	//0x0000030c LBB0_239
	0x48, 0x8b, 0x75, 0xb8, //0x0000030c movq         $-72(%rbp), %rsi
	0x4c, 0x89, 0xdf, //0x00000310 movq         %r11, %rdi
	0x49, 0xba, 0x00, 0x26, 0x00, 0x00, 0x01, 0x00, 0x00, 0x00, //0x00000313 movabsq      $4294977024, %r10
	0x4d, 0x85, 0xf6, //0x0000031d testq        %r14, %r14
	0x4c, 0x8b, 0x5d, 0x88, //0x00000320 movq         $-120(%rbp), %r11
	0x4c, 0x8b, 0x6d, 0xb0, //0x00000324 movq         $-80(%rbp), %r13
	0x0f, 0x88, 0xad, 0x44, 0x00, 0x00, //0x00000328 js           LBB0_390
	//0x0000032e LBB0_240
	0x49, 0x01, 0xce, //0x0000032e addq         %rcx, %r14
	//0x00000331 LBB0_25
	0x4c, 0x89, 0x36, //0x00000331 movq         %r14, (%rsi)
	0x48, 0x89, 0xc8, //0x00000334 movq         %rcx, %rax
	0x48, 0x85, 0xc9, //0x00000337 testq        %rcx, %rcx
	0x0f, 0x88, 0xb2, 0x44, 0x00, 0x00, //0x0000033a js           LBB0_787
	//0x00000340 .p2align 4, 0x90
	//0x00000340 LBB0_26
	0x4d, 0x8b, 0x23, //0x00000340 movq         (%r11), %r12
	0x4d, 0x89, 0xe0, //0x00000343 movq         %r12, %r8
	0x4c, 0x89, 0xe8, //0x00000346 movq         %r13, %rax
	0x4d, 0x85, 0xe4, //0x00000349 testq        %r12, %r12
	0x0f, 0x84, 0xa0, 0x44, 0x00, 0x00, //0x0000034c je           LBB0_787
	//0x00000352 LBB0_28
	0x48, 0x8b, 0x47, 0x08, //0x00000352 movq         $8(%rdi), %rax
	0x49, 0x39, 0xc6, //0x00000356 cmpq         %rax, %r14
	0x0f, 0x83, 0x31, 0x00, 0x00, 0x00, //0x00000359 jae          LBB0_33
	0x43, 0x8a, 0x14, 0x31, //0x0000035f movb         (%r9,%r14), %dl
	0x80, 0xfa, 0x0d, //0x00000363 cmpb         $13, %dl
	0x0f, 0x84, 0x24, 0x00, 0x00, 0x00, //0x00000366 je           LBB0_33
	0x80, 0xfa, 0x20, //0x0000036c cmpb         $32, %dl
	0x0f, 0x84, 0x1b, 0x00, 0x00, 0x00, //0x0000036f je           LBB0_33
	0x80, 0xc2, 0xf7, //0x00000375 addb         $-9, %dl
	0x80, 0xfa, 0x01, //0x00000378 cmpb         $1, %dl
	0x0f, 0x86, 0x0f, 0x00, 0x00, 0x00, //0x0000037b jbe          LBB0_33
	0x4d, 0x89, 0xf7, //0x00000381 movq         %r14, %r15
	0xe9, 0xff, 0x00, 0x00, 0x00, //0x00000384 jmp          LBB0_54
	0x90, 0x90, 0x90, 0x90, 0x90, 0x90, 0x90, //0x00000389 .p2align 4, 0x90
	//0x00000390 LBB0_33
	0x4d, 0x8d, 0x7e, 0x01, //0x00000390 leaq         $1(%r14), %r15
	0x49, 0x39, 0xc7, //0x00000394 cmpq         %rax, %r15
	0x0f, 0x83, 0x23, 0x00, 0x00, 0x00, //0x00000397 jae          LBB0_37
	0x43, 0x8a, 0x14, 0x39, //0x0000039d movb         (%r9,%r15), %dl
	0x80, 0xfa, 0x0d, //0x000003a1 cmpb         $13, %dl
	0x0f, 0x84, 0x16, 0x00, 0x00, 0x00, //0x000003a4 je           LBB0_37
	0x80, 0xfa, 0x20, //0x000003aa cmpb         $32, %dl
	0x0f, 0x84, 0x0d, 0x00, 0x00, 0x00, //0x000003ad je           LBB0_37
	0x80, 0xc2, 0xf7, //0x000003b3 addb         $-9, %dl
	0x80, 0xfa, 0x01, //0x000003b6 cmpb         $1, %dl
	0x0f, 0x87, 0xc9, 0x00, 0x00, 0x00, //0x000003b9 ja           LBB0_54
	0x90, //0x000003bf .p2align 4, 0x90
	//0x000003c0 LBB0_37
	0x4d, 0x8d, 0x7e, 0x02, //0x000003c0 leaq         $2(%r14), %r15
	0x49, 0x39, 0xc7, //0x000003c4 cmpq         %rax, %r15
	0x0f, 0x83, 0x23, 0x00, 0x00, 0x00, //0x000003c7 jae          LBB0_41
	0x43, 0x8a, 0x14, 0x39, //0x000003cd movb         (%r9,%r15), %dl
	0x80, 0xfa, 0x0d, //0x000003d1 cmpb         $13, %dl
	0x0f, 0x84, 0x16, 0x00, 0x00, 0x00, //0x000003d4 je           LBB0_41
	0x80, 0xfa, 0x20, //0x000003da cmpb         $32, %dl
	0x0f, 0x84, 0x0d, 0x00, 0x00, 0x00, //0x000003dd je           LBB0_41
	0x80, 0xc2, 0xf7, //0x000003e3 addb         $-9, %dl
	0x80, 0xfa, 0x01, //0x000003e6 cmpb         $1, %dl
	0x0f, 0x87, 0x99, 0x00, 0x00, 0x00, //0x000003e9 ja           LBB0_54
	0x90, //0x000003ef .p2align 4, 0x90
	//0x000003f0 LBB0_41
	0x4d, 0x8d, 0x7e, 0x03, //0x000003f0 leaq         $3(%r14), %r15
	0x49, 0x39, 0xc7, //0x000003f4 cmpq         %rax, %r15
	0x0f, 0x83, 0x23, 0x00, 0x00, 0x00, //0x000003f7 jae          LBB0_45
	0x43, 0x8a, 0x14, 0x39, //0x000003fd movb         (%r9,%r15), %dl
	0x80, 0xfa, 0x0d, //0x00000401 cmpb         $13, %dl
	0x0f, 0x84, 0x16, 0x00, 0x00, 0x00, //0x00000404 je           LBB0_45
	0x80, 0xfa, 0x20, //0x0000040a cmpb         $32, %dl
	0x0f, 0x84, 0x0d, 0x00, 0x00, 0x00, //0x0000040d je           LBB0_45
	0x80, 0xc2, 0xf7, //0x00000413 addb         $-9, %dl
	0x80, 0xfa, 0x01, //0x00000416 cmpb         $1, %dl
	0x0f, 0x87, 0x69, 0x00, 0x00, 0x00, //0x00000419 ja           LBB0_54
	0x90, //0x0000041f .p2align 4, 0x90
	//0x00000420 LBB0_45
	0x49, 0x83, 0xc6, 0x04, //0x00000420 addq         $4, %r14
	0x4c, 0x39, 0xf0, //0x00000424 cmpq         %r14, %rax
	0x0f, 0x86, 0x82, 0x37, 0x00, 0x00, //0x00000427 jbe          LBB0_689
	0x4c, 0x39, 0xf0, //0x0000042d cmpq         %r14, %rax
	0x0f, 0x84, 0x3a, 0x00, 0x00, 0x00, //0x00000430 je           LBB0_51
	0x49, 0x8d, 0x14, 0x01, //0x00000436 leaq         (%r9,%rax), %rdx
	0x90, 0x90, 0x90, 0x90, 0x90, 0x90, //0x0000043a .p2align 4, 0x90
	//0x00000440 LBB0_48
	0x43, 0x0f, 0xbe, 0x0c, 0x31, //0x00000440 movsbl       (%r9,%r14), %ecx
	0x83, 0xf9, 0x20, //0x00000445 cmpl         $32, %ecx
	0x0f, 0x87, 0x2e, 0x00, 0x00, 0x00, //0x00000448 ja           LBB0_53
	0x49, 0x0f, 0xa3, 0xca, //0x0000044e btq          %rcx, %r10
	0x0f, 0x83, 0x24, 0x00, 0x00, 0x00, //0x00000452 jae          LBB0_53
	0x49, 0x83, 0xc6, 0x01, //0x00000458 addq         $1, %r14
	0x4c, 0x39, 0xf0, //0x0000045c cmpq         %r14, %rax
	0x0f, 0x85, 0xdb, 0xff, 0xff, 0xff, //0x0000045f jne          LBB0_48
	0xe9, 0x0c, 0x00, 0x00, 0x00, //0x00000465 jmp          LBB0_52
	0x90, 0x90, 0x90, 0x90, 0x90, 0x90, //0x0000046a .p2align 4, 0x90
	//0x00000470 LBB0_51
	0x4d, 0x01, 0xce, //0x00000470 addq         %r9, %r14
	0x4c, 0x89, 0xf2, //0x00000473 movq         %r14, %rdx
	//0x00000476 LBB0_52
	0x4c, 0x29, 0xca, //0x00000476 subq         %r9, %rdx
	0x49, 0x89, 0xd6, //0x00000479 movq         %rdx, %r14
	//0x0000047c LBB0_53
	0x4d, 0x89, 0xf7, //0x0000047c movq         %r14, %r15
	0x49, 0x39, 0xc6, //0x0000047f cmpq         %rax, %r14
	0x0f, 0x83, 0x2a, 0x37, 0x00, 0x00, //0x00000482 jae          LBB0_690
	//0x00000488 LBB0_54
	0x4d, 0x8d, 0x77, 0x01, //0x00000488 leaq         $1(%r15), %r14
	0x4c, 0x89, 0x36, //0x0000048c movq         %r14, (%rsi)
	0x43, 0x0f, 0xbe, 0x1c, 0x39, //0x0000048f movsbl       (%r9,%r15), %ebx
	0x48, 0xc7, 0xc0, 0xff, 0xff, 0xff, 0xff, //0x00000494 movq         $-1, %rax
	0x85, 0xdb, //0x0000049b testl        %ebx, %ebx
	0x0f, 0x84, 0x4f, 0x43, 0x00, 0x00, //0x0000049d je           LBB0_787
	0x4d, 0x8d, 0x60, 0xff, //0x000004a3 leaq         $-1(%r8), %r12
	0x43, 0x8b, 0x0c, 0xc3, //0x000004a7 movl         (%r11,%r8,8), %ecx
	0x49, 0x83, 0xfd, 0xff, //0x000004ab cmpq         $-1, %r13
	0x4c, 0x89, 0xfa, //0x000004af movq         %r15, %rdx
	0x4c, 0x89, 0x7d, 0xd0, //0x000004b2 movq         %r15, $-48(%rbp)
	0x4d, 0x0f, 0x44, 0xef, //0x000004b6 cmoveq       %r15, %r13
	0x83, 0xc1, 0xff, //0x000004ba addl         $-1, %ecx
	0x83, 0xf9, 0x05, //0x000004bd cmpl         $5, %ecx
	0x0f, 0x87, 0x83, 0x02, 0x00, 0x00, //0x000004c0 ja           LBB0_86
	0x48, 0x8d, 0x15, 0x53, 0x48, 0x00, 0x00, //0x000004c6 leaq         $18515(%rip), %rdx  /* LJTI0_1+0(%rip) */
	0x48, 0x63, 0x0c, 0x8a, //0x000004cd movslq       (%rdx,%rcx,4), %rcx
	0x48, 0x01, 0xd1, //0x000004d1 addq         %rdx, %rcx
	0xff, 0xe1, //0x000004d4 jmpq         *%rcx
	//0x000004d6 LBB0_57
	0x83, 0xfb, 0x2c, //0x000004d6 cmpl         $44, %ebx
	0x0f, 0x84, 0xb9, 0x04, 0x00, 0x00, //0x000004d9 je           LBB0_124
	0x83, 0xfb, 0x5d, //0x000004df cmpl         $93, %ebx
	0x0f, 0x84, 0x4a, 0x02, 0x00, 0x00, //0x000004e2 je           LBB0_59
	0xe9, 0xfe, 0x42, 0x00, 0x00, //0x000004e8 jmp          LBB0_786
	//0x000004ed LBB0_60
	0x80, 0xfb, 0x5d, //0x000004ed cmpb         $93, %bl
	0x0f, 0x84, 0x3c, 0x02, 0x00, 0x00, //0x000004f0 je           LBB0_59
	0x4b, 0xc7, 0x04, 0xc3, 0x01, 0x00, 0x00, 0x00, //0x000004f6 movq         $1, (%r11,%r8,8)
	0x83, 0xfb, 0x7b, //0x000004fe cmpl         $123, %ebx
	0x4c, 0x8b, 0x65, 0xd0, //0x00000501 movq         $-48(%rbp), %r12
	0x0f, 0x86, 0x4e, 0x02, 0x00, 0x00, //0x00000505 jbe          LBB0_87
	0xe9, 0xdb, 0x42, 0x00, 0x00, //0x0000050b jmp          LBB0_786
	//0x00000510 LBB0_62
	0x80, 0xfb, 0x22, //0x00000510 cmpb         $34, %bl
	0x0f, 0x85, 0xd2, 0x42, 0x00, 0x00, //0x00000513 jne          LBB0_786
	0x4b, 0xc7, 0x04, 0xc3, 0x04, 0x00, 0x00, 0x00, //0x00000519 movq         $4, (%r11,%r8,8)
	0x48, 0x89, 0x7d, 0xc8, //0x00000521 movq         %rdi, $-56(%rbp)
	0x48, 0x8b, 0x4f, 0x08, //0x00000525 movq         $8(%rdi), %rcx
	0xf6, 0x85, 0x60, 0xff, 0xff, 0xff, 0x20, //0x00000529 testb        $32, $-160(%rbp)
	0x4c, 0x89, 0x6d, 0xb0, //0x00000530 movq         %r13, $-80(%rbp)
	0x48, 0x89, 0x4d, 0xc0, //0x00000534 movq         %rcx, $-64(%rbp)
	0x49, 0x89, 0xca, //0x00000538 movq         %rcx, %r10
	0x0f, 0x85, 0x4a, 0x06, 0x00, 0x00, //0x0000053b jne          LBB0_147
	0x4d, 0x29, 0xf2, //0x00000541 subq         %r14, %r10
	0x48, 0x8b, 0x45, 0xd0, //0x00000544 movq         $-48(%rbp), %rax
	0x0f, 0x84, 0xb2, 0x44, 0x00, 0x00, //0x00000548 je           LBB0_818
	0x49, 0x83, 0xfa, 0x40, //0x0000054e cmpq         $64, %r10
	0x0f, 0x82, 0xf3, 0x1d, 0x00, 0x00, //0x00000552 jb           LBB0_400
	0x49, 0xc7, 0xc5, 0xfe, 0xff, 0xff, 0xff, //0x00000558 movq         $-2, %r13
	0x49, 0x29, 0xc5, //0x0000055f subq         %rax, %r13
	0x4c, 0x8d, 0x70, 0x01, //0x00000562 leaq         $1(%rax), %r14
	0x48, 0xc7, 0x45, 0xa8, 0xff, 0xff, 0xff, 0xff, //0x00000566 movq         $-1, $-88(%rbp)
	0x45, 0x31, 0xc0, //0x0000056e xorl         %r8d, %r8d
	0x90, 0x90, 0x90, 0x90, 0x90, 0x90, 0x90, 0x90, 0x90, 0x90, 0x90, 0x90, 0x90, 0x90, 0x90, //0x00000571 .p2align 4, 0x90
	//0x00000580 LBB0_67
	0xf3, 0x43, 0x0f, 0x6f, 0x1c, 0x31, //0x00000580 movdqu       (%r9,%r14), %xmm3
	0xf3, 0x43, 0x0f, 0x6f, 0x64, 0x31, 0x10, //0x00000586 movdqu       $16(%r9,%r14), %xmm4
	0xf3, 0x43, 0x0f, 0x6f, 0x6c, 0x31, 0x20, //0x0000058d movdqu       $32(%r9,%r14), %xmm5
	0xf3, 0x43, 0x0f, 0x6f, 0x74, 0x31, 0x30, //0x00000594 movdqu       $48(%r9,%r14), %xmm6
	0x66, 0x0f, 0x6f, 0xfb, //0x0000059b movdqa       %xmm3, %xmm7
	0x66, 0x0f, 0x74, 0xf8, //0x0000059f pcmpeqb      %xmm0, %xmm7
	0x66, 0x44, 0x0f, 0xd7, 0xff, //0x000005a3 pmovmskb     %xmm7, %r15d
	0x66, 0x0f, 0x6f, 0xfc, //0x000005a8 movdqa       %xmm4, %xmm7
	0x66, 0x0f, 0x74, 0xf8, //0x000005ac pcmpeqb      %xmm0, %xmm7
	0x66, 0x0f, 0xd7, 0xcf, //0x000005b0 pmovmskb     %xmm7, %ecx
	0x66, 0x0f, 0x6f, 0xfd, //0x000005b4 movdqa       %xmm5, %xmm7
	0x66, 0x0f, 0x74, 0xf8, //0x000005b8 pcmpeqb      %xmm0, %xmm7
	0x66, 0x0f, 0xd7, 0xc7, //0x000005bc pmovmskb     %xmm7, %eax
	0x66, 0x0f, 0x6f, 0xfe, //0x000005c0 movdqa       %xmm6, %xmm7
	0x66, 0x0f, 0x74, 0xf8, //0x000005c4 pcmpeqb      %xmm0, %xmm7
	0x66, 0x0f, 0xd7, 0xff, //0x000005c8 pmovmskb     %xmm7, %edi
	0x66, 0x0f, 0x74, 0xd9, //0x000005cc pcmpeqb      %xmm1, %xmm3
	0x66, 0x44, 0x0f, 0xd7, 0xe3, //0x000005d0 pmovmskb     %xmm3, %r12d
	0x66, 0x0f, 0x74, 0xe1, //0x000005d5 pcmpeqb      %xmm1, %xmm4
	0x66, 0x0f, 0xd7, 0xdc, //0x000005d9 pmovmskb     %xmm4, %ebx
	0x66, 0x0f, 0x74, 0xe9, //0x000005dd pcmpeqb      %xmm1, %xmm5
	0x66, 0x0f, 0xd7, 0xd5, //0x000005e1 pmovmskb     %xmm5, %edx
	0x66, 0x0f, 0x74, 0xf1, //0x000005e5 pcmpeqb      %xmm1, %xmm6
	0x66, 0x0f, 0xd7, 0xf6, //0x000005e9 pmovmskb     %xmm6, %esi
	0x48, 0xc1, 0xe7, 0x30, //0x000005ed shlq         $48, %rdi
	0x48, 0xc1, 0xe0, 0x20, //0x000005f1 shlq         $32, %rax
	0x48, 0x09, 0xf8, //0x000005f5 orq          %rdi, %rax
	0x48, 0xc1, 0xe1, 0x10, //0x000005f8 shlq         $16, %rcx
	0x48, 0x09, 0xc1, //0x000005fc orq          %rax, %rcx
	0x49, 0x09, 0xcf, //0x000005ff orq          %rcx, %r15
	0x48, 0xc1, 0xe6, 0x30, //0x00000602 shlq         $48, %rsi
	0x48, 0xc1, 0xe2, 0x20, //0x00000606 shlq         $32, %rdx
	0x48, 0x09, 0xf2, //0x0000060a orq          %rsi, %rdx
	0x48, 0xc1, 0xe3, 0x10, //0x0000060d shlq         $16, %rbx
	0x48, 0x09, 0xd3, //0x00000611 orq          %rdx, %rbx
	0x49, 0x09, 0xdc, //0x00000614 orq          %rbx, %r12
	0x0f, 0x85, 0x34, 0x00, 0x00, 0x00, //0x00000617 jne          LBB0_76
	0x4d, 0x85, 0xc0, //0x0000061d testq        %r8, %r8
	0x0f, 0x85, 0x41, 0x00, 0x00, 0x00, //0x00000620 jne          LBB0_78
	0x45, 0x31, 0xc0, //0x00000626 xorl         %r8d, %r8d
	0x4d, 0x85, 0xff, //0x00000629 testq        %r15, %r15
	0x48, 0x8b, 0x4d, 0xd0, //0x0000062c movq         $-48(%rbp), %rcx
	0x0f, 0x85, 0x87, 0x00, 0x00, 0x00, //0x00000630 jne          LBB0_79
	//0x00000636 LBB0_70
	0x49, 0x83, 0xc2, 0xc0, //0x00000636 addq         $-64, %r10
	0x49, 0x83, 0xc5, 0xc0, //0x0000063a addq         $-64, %r13
	0x49, 0x83, 0xc6, 0x40, //0x0000063e addq         $64, %r14
	0x49, 0x83, 0xfa, 0x3f, //0x00000642 cmpq         $63, %r10
	0x0f, 0x87, 0x34, 0xff, 0xff, 0xff, //0x00000646 ja           LBB0_67
	0xe9, 0xab, 0x1a, 0x00, 0x00, //0x0000064c jmp          LBB0_71
	//0x00000651 LBB0_76
	0x48, 0x83, 0x7d, 0xa8, 0xff, //0x00000651 cmpq         $-1, $-88(%rbp)
	0x0f, 0x85, 0x0b, 0x00, 0x00, 0x00, //0x00000656 jne          LBB0_78
	0x49, 0x0f, 0xbc, 0xc4, //0x0000065c bsfq         %r12, %rax
	0x4c, 0x01, 0xf0, //0x00000660 addq         %r14, %rax
	0x48, 0x89, 0x45, 0xa8, //0x00000663 movq         %rax, $-88(%rbp)
	//0x00000667 LBB0_78
	0x4c, 0x89, 0xc0, //0x00000667 movq         %r8, %rax
	0x48, 0xf7, 0xd0, //0x0000066a notq         %rax
	0x4c, 0x21, 0xe0, //0x0000066d andq         %r12, %rax
	0x48, 0x8d, 0x0c, 0x00, //0x00000670 leaq         (%rax,%rax), %rcx
	0x4c, 0x09, 0xc1, //0x00000674 orq          %r8, %rcx
	0x48, 0x89, 0xca, //0x00000677 movq         %rcx, %rdx
	0x48, 0xf7, 0xd2, //0x0000067a notq         %rdx
	0x4c, 0x21, 0xe2, //0x0000067d andq         %r12, %rdx
	0x48, 0xbe, 0xaa, 0xaa, 0xaa, 0xaa, 0xaa, 0xaa, 0xaa, 0xaa, //0x00000680 movabsq      $-6148914691236517206, %rsi
	0x48, 0x21, 0xf2, //0x0000068a andq         %rsi, %rdx
	0x45, 0x31, 0xc0, //0x0000068d xorl         %r8d, %r8d
	0x48, 0x01, 0xc2, //0x00000690 addq         %rax, %rdx
	0x41, 0x0f, 0x92, 0xc0, //0x00000693 setb         %r8b
	0x48, 0x01, 0xd2, //0x00000697 addq         %rdx, %rdx
	0x48, 0xb8, 0x55, 0x55, 0x55, 0x55, 0x55, 0x55, 0x55, 0x55, //0x0000069a movabsq      $6148914691236517205, %rax
	0x48, 0x31, 0xc2, //0x000006a4 xorq         %rax, %rdx
	0x48, 0x21, 0xca, //0x000006a7 andq         %rcx, %rdx
	0x48, 0xf7, 0xd2, //0x000006aa notq         %rdx
	0x49, 0x21, 0xd7, //0x000006ad andq         %rdx, %r15
	0x4d, 0x85, 0xff, //0x000006b0 testq        %r15, %r15
	0x48, 0x8b, 0x4d, 0xd0, //0x000006b3 movq         $-48(%rbp), %rcx
	0x0f, 0x84, 0x79, 0xff, 0xff, 0xff, //0x000006b7 je           LBB0_70
	//0x000006bd LBB0_79
	0x4d, 0x0f, 0xbc, 0xf7, //0x000006bd bsfq         %r15, %r14
	0x4d, 0x29, 0xee, //0x000006c1 subq         %r13, %r14
	0x48, 0x8b, 0x75, 0xb8, //0x000006c4 movq         $-72(%rbp), %rsi
	0x48, 0x8b, 0x7d, 0xc8, //0x000006c8 movq         $-56(%rbp), %rdi
	0x4c, 0x8b, 0x6d, 0xb0, //0x000006cc movq         $-80(%rbp), %r13
	0x49, 0xba, 0x00, 0x26, 0x00, 0x00, 0x01, 0x00, 0x00, 0x00, //0x000006d0 movabsq      $4294977024, %r10
	0xe9, 0x16, 0x0e, 0x00, 0x00, //0x000006da jmp          LBB0_244
	//0x000006df LBB0_80
	0x80, 0xfb, 0x3a, //0x000006df cmpb         $58, %bl
	0x0f, 0x85, 0x03, 0x41, 0x00, 0x00, //0x000006e2 jne          LBB0_786
	0x4b, 0xc7, 0x04, 0xc3, 0x00, 0x00, 0x00, 0x00, //0x000006e8 movq         $0, (%r11,%r8,8)
	0xe9, 0x4b, 0xfc, 0xff, 0xff, //0x000006f0 jmp          LBB0_26
	//0x000006f5 LBB0_82
	0x83, 0xfb, 0x2c, //0x000006f5 cmpl         $44, %ebx
	0x0f, 0x85, 0x2b, 0x00, 0x00, 0x00, //0x000006f8 jne          LBB0_83
	0x49, 0x81, 0xf8, 0xff, 0x0f, 0x00, 0x00, //0x000006fe cmpq         $4095, %r8
	0x0f, 0x8f, 0x57, 0x36, 0x00, 0x00, //0x00000705 jg           LBB0_797
	0x49, 0x8d, 0x40, 0x01, //0x0000070b leaq         $1(%r8), %rax
	0x49, 0x89, 0x03, //0x0000070f movq         %rax, (%r11)
	0x4b, 0xc7, 0x44, 0xc3, 0x08, 0x03, 0x00, 0x00, 0x00, //0x00000712 movq         $3, $8(%r11,%r8,8)
	0xe9, 0x20, 0xfc, 0xff, 0xff, //0x0000071b jmp          LBB0_26
	//0x00000720 LBB0_84
	0x83, 0xfb, 0x22, //0x00000720 cmpl         $34, %ebx
	0x0f, 0x84, 0x91, 0x02, 0x00, 0x00, //0x00000723 je           LBB0_128
	//0x00000729 LBB0_83
	0x83, 0xfb, 0x7d, //0x00000729 cmpl         $125, %ebx
	0x0f, 0x85, 0xb9, 0x40, 0x00, 0x00, //0x0000072c jne          LBB0_786
	//0x00000732 LBB0_59
	0x4d, 0x89, 0x23, //0x00000732 movq         %r12, (%r11)
	0x4d, 0x89, 0xe0, //0x00000735 movq         %r12, %r8
	0x4c, 0x89, 0xe8, //0x00000738 movq         %r13, %rax
	0x4d, 0x85, 0xe4, //0x0000073b testq        %r12, %r12
	0x0f, 0x85, 0x0e, 0xfc, 0xff, 0xff, //0x0000073e jne          LBB0_28
	0xe9, 0xa9, 0x40, 0x00, 0x00, //0x00000744 jmp          LBB0_787
	//0x00000749 LBB0_86
	0x4d, 0x89, 0x23, //0x00000749 movq         %r12, (%r11)
	0x83, 0xfb, 0x7b, //0x0000074c cmpl         $123, %ebx
	0x4c, 0x8b, 0x65, 0xd0, //0x0000074f movq         $-48(%rbp), %r12
	0x0f, 0x87, 0x92, 0x40, 0x00, 0x00, //0x00000753 ja           LBB0_786
	//0x00000759 LBB0_87
	0x4f, 0x8d, 0x04, 0x21, //0x00000759 leaq         (%r9,%r12), %r8
	0x89, 0xd9, //0x0000075d movl         %ebx, %ecx
	0x48, 0x8d, 0x15, 0xb2, 0x4d, 0x00, 0x00, //0x0000075f leaq         $19890(%rip), %rdx  /* LJTI0_8+0(%rip) */
	0x48, 0x63, 0x0c, 0x8a, //0x00000766 movslq       (%rdx,%rcx,4), %rcx
	0x48, 0x01, 0xd1, //0x0000076a addq         %rdx, %rcx
	0xff, 0xe1, //0x0000076d jmpq         *%rcx
	//0x0000076f LBB0_88
	0x4c, 0x8b, 0x7f, 0x08, //0x0000076f movq         $8(%rdi), %r15
	0x4d, 0x29, 0xe7, //0x00000773 subq         %r12, %r15
	0x4c, 0x89, 0xe1, //0x00000776 movq         %r12, %rcx
	0x0f, 0x84, 0x2f, 0x40, 0x00, 0x00, //0x00000779 je           LBB0_784
	0x41, 0x80, 0x38, 0x30, //0x0000077f cmpb         $48, (%r8)
	0x0f, 0x85, 0x33, 0x00, 0x00, 0x00, //0x00000783 jne          LBB0_93
	0x49, 0x83, 0xff, 0x01, //0x00000789 cmpq         $1, %r15
	0x0f, 0x84, 0x9e, 0xfb, 0xff, 0xff, //0x0000078d je           LBB0_25
	0x43, 0x8a, 0x04, 0x31, //0x00000793 movb         (%r9,%r14), %al
	0x04, 0xd2, //0x00000797 addb         $-46, %al
	0x3c, 0x37, //0x00000799 cmpb         $55, %al
	0x0f, 0x87, 0x90, 0xfb, 0xff, 0xff, //0x0000079b ja           LBB0_25
	0x0f, 0xb6, 0xc0, //0x000007a1 movzbl       %al, %eax
	0x48, 0xb9, 0x01, 0x00, 0x80, 0x00, 0x00, 0x00, 0x80, 0x00, //0x000007a4 movabsq      $36028797027352577, %rcx
	0x48, 0x0f, 0xa3, 0xc1, //0x000007ae btq          %rax, %rcx
	0x48, 0x8b, 0x4d, 0xd0, //0x000007b2 movq         $-48(%rbp), %rcx
	0x0f, 0x83, 0x75, 0xfb, 0xff, 0xff, //0x000007b6 jae          LBB0_25
	//0x000007bc LBB0_93
	0x4c, 0x89, 0x6d, 0xb0, //0x000007bc movq         %r13, $-80(%rbp)
	0x49, 0x89, 0xfb, //0x000007c0 movq         %rdi, %r11
	0x49, 0x83, 0xff, 0x10, //0x000007c3 cmpq         $16, %r15
	0x0f, 0x82, 0x57, 0x1b, 0x00, 0x00, //0x000007c7 jb           LBB0_399
	0x49, 0xc7, 0xc2, 0xff, 0xff, 0xff, 0xff, //0x000007cd movq         $-1, %r10
	0x45, 0x31, 0xf6, //0x000007d4 xorl         %r14d, %r14d
	0x49, 0xc7, 0xc5, 0xff, 0xff, 0xff, 0xff, //0x000007d7 movq         $-1, %r13
	0x49, 0xc7, 0xc4, 0xff, 0xff, 0xff, 0xff, //0x000007de movq         $-1, %r12
	0x4c, 0x89, 0xfe, //0x000007e5 movq         %r15, %rsi
	0x90, 0x90, 0x90, 0x90, 0x90, 0x90, 0x90, 0x90, //0x000007e8 .p2align 4, 0x90
	//0x000007f0 LBB0_95
	0xf3, 0x43, 0x0f, 0x6f, 0x1c, 0x30, //0x000007f0 movdqu       (%r8,%r14), %xmm3
	0x66, 0x0f, 0x6f, 0xe3, //0x000007f6 movdqa       %xmm3, %xmm4
	0x66, 0x41, 0x0f, 0x64, 0xe0, //0x000007fa pcmpgtb      %xmm8, %xmm4
	0x66, 0x41, 0x0f, 0x6f, 0xee, //0x000007ff movdqa       %xmm14, %xmm5
	0x66, 0x0f, 0x64, 0xeb, //0x00000804 pcmpgtb      %xmm3, %xmm5
	0x66, 0x0f, 0xdb, 0xec, //0x00000808 pand         %xmm4, %xmm5
	0x66, 0x0f, 0x6f, 0xe3, //0x0000080c movdqa       %xmm3, %xmm4
	0x66, 0x41, 0x0f, 0x74, 0xe1, //0x00000810 pcmpeqb      %xmm9, %xmm4
	0x66, 0x0f, 0x6f, 0xf3, //0x00000815 movdqa       %xmm3, %xmm6
	0x66, 0x41, 0x0f, 0x74, 0xf2, //0x00000819 pcmpeqb      %xmm10, %xmm6
	0x66, 0x0f, 0xeb, 0xf4, //0x0000081e por          %xmm4, %xmm6
	0x66, 0x0f, 0x6f, 0xe3, //0x00000822 movdqa       %xmm3, %xmm4
	0x66, 0x41, 0x0f, 0xdb, 0xe3, //0x00000826 pand         %xmm11, %xmm4
	0x66, 0x41, 0x0f, 0x74, 0xdc, //0x0000082b pcmpeqb      %xmm12, %xmm3
	0x66, 0x41, 0x0f, 0x74, 0xe5, //0x00000830 pcmpeqb      %xmm13, %xmm4
	0x66, 0x0f, 0xd7, 0xd4, //0x00000835 pmovmskb     %xmm4, %edx
	0x66, 0x0f, 0xeb, 0xe3, //0x00000839 por          %xmm3, %xmm4
	0x66, 0x0f, 0xeb, 0xee, //0x0000083d por          %xmm6, %xmm5
	0x66, 0x0f, 0xeb, 0xec, //0x00000841 por          %xmm4, %xmm5
	0x66, 0x0f, 0xd7, 0xc3, //0x00000845 pmovmskb     %xmm3, %eax
	0x66, 0x0f, 0xd7, 0xde, //0x00000849 pmovmskb     %xmm6, %ebx
	0x66, 0x0f, 0xd7, 0xcd, //0x0000084d pmovmskb     %xmm5, %ecx
	0xf7, 0xd1, //0x00000851 notl         %ecx
	0x0f, 0xbc, 0xc9, //0x00000853 bsfl         %ecx, %ecx
	0x83, 0xf9, 0x10, //0x00000856 cmpl         $16, %ecx
	0x0f, 0x84, 0x11, 0x00, 0x00, 0x00, //0x00000859 je           LBB0_97
	0xbf, 0xff, 0xff, 0xff, 0xff, //0x0000085f movl         $-1, %edi
	0xd3, 0xe7, //0x00000864 shll         %cl, %edi
	0xf7, 0xd7, //0x00000866 notl         %edi
	0x21, 0xf8, //0x00000868 andl         %edi, %eax
	0x21, 0xfa, //0x0000086a andl         %edi, %edx
	0x21, 0xdf, //0x0000086c andl         %ebx, %edi
	0x89, 0xfb, //0x0000086e movl         %edi, %ebx
	//0x00000870 LBB0_97
	0x8d, 0x78, 0xff, //0x00000870 leal         $-1(%rax), %edi
	0x21, 0xc7, //0x00000873 andl         %eax, %edi
	0x0f, 0x85, 0x29, 0x18, 0x00, 0x00, //0x00000875 jne          LBB0_386
	0x8d, 0x7a, 0xff, //0x0000087b leal         $-1(%rdx), %edi
	0x21, 0xd7, //0x0000087e andl         %edx, %edi
	0x0f, 0x85, 0x1e, 0x18, 0x00, 0x00, //0x00000880 jne          LBB0_386
	0x8d, 0x7b, 0xff, //0x00000886 leal         $-1(%rbx), %edi
	0x21, 0xdf, //0x00000889 andl         %ebx, %edi
	0x0f, 0x85, 0x13, 0x18, 0x00, 0x00, //0x0000088b jne          LBB0_386
	0x85, 0xc0, //0x00000891 testl        %eax, %eax
	0x0f, 0x84, 0x13, 0x00, 0x00, 0x00, //0x00000893 je           LBB0_103
	0x0f, 0xbc, 0xc0, //0x00000899 bsfl         %eax, %eax
	0x49, 0x83, 0xfc, 0xff, //0x0000089c cmpq         $-1, %r12
	0x0f, 0x85, 0x23, 0x18, 0x00, 0x00, //0x000008a0 jne          LBB0_388
	0x4c, 0x01, 0xf0, //0x000008a6 addq         %r14, %rax
	0x49, 0x89, 0xc4, //0x000008a9 movq         %rax, %r12
	//0x000008ac LBB0_103
	0x85, 0xd2, //0x000008ac testl        %edx, %edx
	0x0f, 0x84, 0x13, 0x00, 0x00, 0x00, //0x000008ae je           LBB0_106
	0x0f, 0xbc, 0xc2, //0x000008b4 bsfl         %edx, %eax
	0x49, 0x83, 0xfd, 0xff, //0x000008b7 cmpq         $-1, %r13
	0x0f, 0x85, 0x08, 0x18, 0x00, 0x00, //0x000008bb jne          LBB0_388
	0x4c, 0x01, 0xf0, //0x000008c1 addq         %r14, %rax
	0x49, 0x89, 0xc5, //0x000008c4 movq         %rax, %r13
	//0x000008c7 LBB0_106
	0x85, 0xdb, //0x000008c7 testl        %ebx, %ebx
	0x0f, 0x84, 0x13, 0x00, 0x00, 0x00, //0x000008c9 je           LBB0_109
	0x0f, 0xbc, 0xc3, //0x000008cf bsfl         %ebx, %eax
	0x49, 0x83, 0xfa, 0xff, //0x000008d2 cmpq         $-1, %r10
	0x0f, 0x85, 0xed, 0x17, 0x00, 0x00, //0x000008d6 jne          LBB0_388
	0x4c, 0x01, 0xf0, //0x000008dc addq         %r14, %rax
	0x49, 0x89, 0xc2, //0x000008df movq         %rax, %r10
	//0x000008e2 LBB0_109
	0x83, 0xf9, 0x10, //0x000008e2 cmpl         $16, %ecx
	0x0f, 0x85, 0xe3, 0x06, 0x00, 0x00, //0x000008e5 jne          LBB0_187
	0x48, 0x83, 0xc6, 0xf0, //0x000008eb addq         $-16, %rsi
	0x49, 0x83, 0xc6, 0x10, //0x000008ef addq         $16, %r14
	0x48, 0x83, 0xfe, 0x0f, //0x000008f3 cmpq         $15, %rsi
	0x0f, 0x87, 0xf3, 0xfe, 0xff, 0xff, //0x000008f7 ja           LBB0_95
	0x4b, 0x8d, 0x0c, 0x30, //0x000008fd leaq         (%r8,%r14), %rcx
	0x4d, 0x39, 0xf7, //0x00000901 cmpq         %r14, %r15
	0x49, 0x89, 0xce, //0x00000904 movq         %rcx, %r14
	0x48, 0x8d, 0x15, 0x56, 0x52, 0x00, 0x00, //0x00000907 leaq         $21078(%rip), %rdx  /* LJTI0_13+0(%rip) */
	0x0f, 0x84, 0xc2, 0x06, 0x00, 0x00, //0x0000090e je           LBB0_188
	//0x00000914 LBB0_112
	0x4c, 0x8d, 0x34, 0x31, //0x00000914 leaq         (%rcx,%rsi), %r14
	0x49, 0x89, 0xcf, //0x00000918 movq         %rcx, %r15
	0x4d, 0x29, 0xc7, //0x0000091b subq         %r8, %r15
	0x31, 0xdb, //0x0000091e xorl         %ebx, %ebx
	0xe9, 0x28, 0x00, 0x00, 0x00, //0x00000920 jmp          LBB0_117
	//0x00000925 LBB0_113
	0x83, 0xf8, 0x65, //0x00000925 cmpl         $101, %eax
	0x0f, 0x85, 0x1f, 0x0b, 0x00, 0x00, //0x00000928 jne          LBB0_229
	//0x0000092e LBB0_114
	0x49, 0x83, 0xfd, 0xff, //0x0000092e cmpq         $-1, %r13
	0x0f, 0x85, 0x74, 0x17, 0x00, 0x00, //0x00000932 jne          LBB0_387
	0x4d, 0x8d, 0x2c, 0x1f, //0x00000938 leaq         (%r15,%rbx), %r13
	0x90, 0x90, 0x90, 0x90, //0x0000093c .p2align 4, 0x90
	//0x00000940 LBB0_116
	0x48, 0x83, 0xc3, 0x01, //0x00000940 addq         $1, %rbx
	0x48, 0x39, 0xde, //0x00000944 cmpq         %rbx, %rsi
	0x0f, 0x84, 0x89, 0x06, 0x00, 0x00, //0x00000947 je           LBB0_188
	//0x0000094d LBB0_117
	0x0f, 0xbe, 0x04, 0x19, //0x0000094d movsbl       (%rcx,%rbx), %eax
	0x8d, 0x78, 0xd0, //0x00000951 leal         $-48(%rax), %edi
	0x83, 0xff, 0x0a, //0x00000954 cmpl         $10, %edi
	0x0f, 0x82, 0xe3, 0xff, 0xff, 0xff, //0x00000957 jb           LBB0_116
	0x8d, 0x78, 0xd5, //0x0000095d leal         $-43(%rax), %edi
	0x83, 0xff, 0x1a, //0x00000960 cmpl         $26, %edi
	0x0f, 0x87, 0xbc, 0xff, 0xff, 0xff, //0x00000963 ja           LBB0_113
	0x48, 0x63, 0x04, 0xba, //0x00000969 movslq       (%rdx,%rdi,4), %rax
	0x48, 0x01, 0xd0, //0x0000096d addq         %rdx, %rax
	0xff, 0xe0, //0x00000970 jmpq         *%rax
	//0x00000972 LBB0_120
	0x49, 0x83, 0xfa, 0xff, //0x00000972 cmpq         $-1, %r10
	0x0f, 0x85, 0x30, 0x17, 0x00, 0x00, //0x00000976 jne          LBB0_387
	0x4d, 0x8d, 0x14, 0x1f, //0x0000097c leaq         (%r15,%rbx), %r10
	0xe9, 0xbb, 0xff, 0xff, 0xff, //0x00000980 jmp          LBB0_116
	//0x00000985 LBB0_122
	0x49, 0x83, 0xfc, 0xff, //0x00000985 cmpq         $-1, %r12
	0x0f, 0x85, 0x1d, 0x17, 0x00, 0x00, //0x00000989 jne          LBB0_387
	0x4d, 0x8d, 0x24, 0x1f, //0x0000098f leaq         (%r15,%rbx), %r12
	0xe9, 0xa8, 0xff, 0xff, 0xff, //0x00000993 jmp          LBB0_116
	//0x00000998 LBB0_124
	0x49, 0x81, 0xf8, 0xff, 0x0f, 0x00, 0x00, //0x00000998 cmpq         $4095, %r8
	0x0f, 0x8f, 0xbd, 0x33, 0x00, 0x00, //0x0000099f jg           LBB0_797
	0x49, 0x8d, 0x40, 0x01, //0x000009a5 leaq         $1(%r8), %rax
	0x49, 0x89, 0x03, //0x000009a9 movq         %rax, (%r11)
	0x4b, 0xc7, 0x44, 0xc3, 0x08, 0x00, 0x00, 0x00, 0x00, //0x000009ac movq         $0, $8(%r11,%r8,8)
	0xe9, 0x86, 0xf9, 0xff, 0xff, //0x000009b5 jmp          LBB0_26
	//0x000009ba LBB0_128
	0x4b, 0xc7, 0x04, 0xc3, 0x02, 0x00, 0x00, 0x00, //0x000009ba movq         $2, (%r11,%r8,8)
	0x49, 0x89, 0xfb, //0x000009c2 movq         %rdi, %r11
	0x48, 0x8b, 0x4f, 0x08, //0x000009c5 movq         $8(%rdi), %rcx
	0xf6, 0x85, 0x60, 0xff, 0xff, 0xff, 0x20, //0x000009c9 testb        $32, $-160(%rbp)
	0x4c, 0x89, 0x6d, 0xb0, //0x000009d0 movq         %r13, $-80(%rbp)
	0x48, 0x89, 0x4d, 0xa8, //0x000009d4 movq         %rcx, $-88(%rbp)
	0x49, 0x89, 0xca, //0x000009d8 movq         %rcx, %r10
	0x0f, 0x85, 0x0e, 0x06, 0x00, 0x00, //0x000009db jne          LBB0_189
	0x4d, 0x29, 0xf2, //0x000009e1 subq         %r14, %r10
	0x48, 0x8b, 0x45, 0xd0, //0x000009e4 movq         $-48(%rbp), %rax
	0x0f, 0x84, 0x43, 0x40, 0x00, 0x00, //0x000009e8 je           LBB0_823
	0x49, 0x83, 0xfa, 0x40, //0x000009ee cmpq         $64, %r10
	0x0f, 0x82, 0x06, 0x1d, 0x00, 0x00, //0x000009f2 jb           LBB0_447
	0x49, 0xc7, 0xc5, 0xfe, 0xff, 0xff, 0xff, //0x000009f8 movq         $-2, %r13
	0x49, 0x29, 0xc5, //0x000009ff subq         %rax, %r13
	0x4c, 0x8d, 0x70, 0x01, //0x00000a02 leaq         $1(%rax), %r14
	0x48, 0xc7, 0x45, 0xc8, 0xff, 0xff, 0xff, 0xff, //0x00000a06 movq         $-1, $-56(%rbp)
	0x45, 0x31, 0xc0, //0x00000a0e xorl         %r8d, %r8d
	0x90, 0x90, 0x90, 0x90, 0x90, 0x90, 0x90, 0x90, 0x90, 0x90, 0x90, 0x90, 0x90, 0x90, 0x90, //0x00000a11 .p2align 4, 0x90
	//0x00000a20 LBB0_132
	0xf3, 0x43, 0x0f, 0x6f, 0x1c, 0x31, //0x00000a20 movdqu       (%r9,%r14), %xmm3
	0xf3, 0x43, 0x0f, 0x6f, 0x64, 0x31, 0x10, //0x00000a26 movdqu       $16(%r9,%r14), %xmm4
	0xf3, 0x43, 0x0f, 0x6f, 0x6c, 0x31, 0x20, //0x00000a2d movdqu       $32(%r9,%r14), %xmm5
	0xf3, 0x43, 0x0f, 0x6f, 0x74, 0x31, 0x30, //0x00000a34 movdqu       $48(%r9,%r14), %xmm6
	0x66, 0x0f, 0x6f, 0xfb, //0x00000a3b movdqa       %xmm3, %xmm7
	0x66, 0x0f, 0x74, 0xf8, //0x00000a3f pcmpeqb      %xmm0, %xmm7
	0x66, 0x44, 0x0f, 0xd7, 0xff, //0x00000a43 pmovmskb     %xmm7, %r15d
	0x66, 0x0f, 0x6f, 0xfc, //0x00000a48 movdqa       %xmm4, %xmm7
	0x66, 0x0f, 0x74, 0xf8, //0x00000a4c pcmpeqb      %xmm0, %xmm7
	0x66, 0x0f, 0xd7, 0xcf, //0x00000a50 pmovmskb     %xmm7, %ecx
	0x66, 0x0f, 0x6f, 0xfd, //0x00000a54 movdqa       %xmm5, %xmm7
	0x66, 0x0f, 0x74, 0xf8, //0x00000a58 pcmpeqb      %xmm0, %xmm7
	0x66, 0x0f, 0xd7, 0xc7, //0x00000a5c pmovmskb     %xmm7, %eax
	0x66, 0x0f, 0x6f, 0xfe, //0x00000a60 movdqa       %xmm6, %xmm7
	0x66, 0x0f, 0x74, 0xf8, //0x00000a64 pcmpeqb      %xmm0, %xmm7
	0x66, 0x0f, 0xd7, 0xff, //0x00000a68 pmovmskb     %xmm7, %edi
	0x66, 0x0f, 0x74, 0xd9, //0x00000a6c pcmpeqb      %xmm1, %xmm3
	0x66, 0x44, 0x0f, 0xd7, 0xe3, //0x00000a70 pmovmskb     %xmm3, %r12d
	0x66, 0x0f, 0x74, 0xe1, //0x00000a75 pcmpeqb      %xmm1, %xmm4
	0x66, 0x0f, 0xd7, 0xdc, //0x00000a79 pmovmskb     %xmm4, %ebx
	0x66, 0x0f, 0x74, 0xe9, //0x00000a7d pcmpeqb      %xmm1, %xmm5
	0x66, 0x0f, 0xd7, 0xd5, //0x00000a81 pmovmskb     %xmm5, %edx
	0x66, 0x0f, 0x74, 0xf1, //0x00000a85 pcmpeqb      %xmm1, %xmm6
	0x66, 0x0f, 0xd7, 0xf6, //0x00000a89 pmovmskb     %xmm6, %esi
	0x48, 0xc1, 0xe7, 0x30, //0x00000a8d shlq         $48, %rdi
	0x48, 0xc1, 0xe0, 0x20, //0x00000a91 shlq         $32, %rax
	0x48, 0x09, 0xf8, //0x00000a95 orq          %rdi, %rax
	0x48, 0xc1, 0xe1, 0x10, //0x00000a98 shlq         $16, %rcx
	0x48, 0x09, 0xc1, //0x00000a9c orq          %rax, %rcx
	0x49, 0x09, 0xcf, //0x00000a9f orq          %rcx, %r15
	0x48, 0xc1, 0xe6, 0x30, //0x00000aa2 shlq         $48, %rsi
	0x48, 0xc1, 0xe2, 0x20, //0x00000aa6 shlq         $32, %rdx
	0x48, 0x09, 0xf2, //0x00000aaa orq          %rsi, %rdx
	0x48, 0xc1, 0xe3, 0x10, //0x00000aad shlq         $16, %rbx
	0x48, 0x09, 0xd3, //0x00000ab1 orq          %rdx, %rbx
	0x49, 0x09, 0xdc, //0x00000ab4 orq          %rbx, %r12
	0x0f, 0x85, 0x34, 0x00, 0x00, 0x00, //0x00000ab7 jne          LBB0_141
	0x4d, 0x85, 0xc0, //0x00000abd testq        %r8, %r8
	0x0f, 0x85, 0x41, 0x00, 0x00, 0x00, //0x00000ac0 jne          LBB0_143
	0x45, 0x31, 0xc0, //0x00000ac6 xorl         %r8d, %r8d
	0x4d, 0x85, 0xff, //0x00000ac9 testq        %r15, %r15
	0x48, 0x8b, 0x4d, 0xd0, //0x00000acc movq         $-48(%rbp), %rcx
	0x0f, 0x85, 0x87, 0x00, 0x00, 0x00, //0x00000ad0 jne          LBB0_144
	//0x00000ad6 LBB0_135
	0x49, 0x83, 0xc2, 0xc0, //0x00000ad6 addq         $-64, %r10
	0x49, 0x83, 0xc5, 0xc0, //0x00000ada addq         $-64, %r13
	0x49, 0x83, 0xc6, 0x40, //0x00000ade addq         $64, %r14
	0x49, 0x83, 0xfa, 0x3f, //0x00000ae2 cmpq         $63, %r10
	0x0f, 0x87, 0x34, 0xff, 0xff, 0xff, //0x00000ae6 ja           LBB0_132
	0xe9, 0xd5, 0x16, 0x00, 0x00, //0x00000aec jmp          LBB0_136
	//0x00000af1 LBB0_141
	0x48, 0x83, 0x7d, 0xc8, 0xff, //0x00000af1 cmpq         $-1, $-56(%rbp)
	0x0f, 0x85, 0x0b, 0x00, 0x00, 0x00, //0x00000af6 jne          LBB0_143
	0x49, 0x0f, 0xbc, 0xc4, //0x00000afc bsfq         %r12, %rax
	0x4c, 0x01, 0xf0, //0x00000b00 addq         %r14, %rax
	0x48, 0x89, 0x45, 0xc8, //0x00000b03 movq         %rax, $-56(%rbp)
	//0x00000b07 LBB0_143
	0x4c, 0x89, 0xc0, //0x00000b07 movq         %r8, %rax
	0x48, 0xf7, 0xd0, //0x00000b0a notq         %rax
	0x4c, 0x21, 0xe0, //0x00000b0d andq         %r12, %rax
	0x48, 0x8d, 0x0c, 0x00, //0x00000b10 leaq         (%rax,%rax), %rcx
	0x4c, 0x09, 0xc1, //0x00000b14 orq          %r8, %rcx
	0x48, 0x89, 0xca, //0x00000b17 movq         %rcx, %rdx
	0x48, 0xf7, 0xd2, //0x00000b1a notq         %rdx
	0x4c, 0x21, 0xe2, //0x00000b1d andq         %r12, %rdx
	0x48, 0xbe, 0xaa, 0xaa, 0xaa, 0xaa, 0xaa, 0xaa, 0xaa, 0xaa, //0x00000b20 movabsq      $-6148914691236517206, %rsi
	0x48, 0x21, 0xf2, //0x00000b2a andq         %rsi, %rdx
	0x45, 0x31, 0xc0, //0x00000b2d xorl         %r8d, %r8d
	0x48, 0x01, 0xc2, //0x00000b30 addq         %rax, %rdx
	0x41, 0x0f, 0x92, 0xc0, //0x00000b33 setb         %r8b
	0x48, 0x01, 0xd2, //0x00000b37 addq         %rdx, %rdx
	0x48, 0xb8, 0x55, 0x55, 0x55, 0x55, 0x55, 0x55, 0x55, 0x55, //0x00000b3a movabsq      $6148914691236517205, %rax
	0x48, 0x31, 0xc2, //0x00000b44 xorq         %rax, %rdx
	0x48, 0x21, 0xca, //0x00000b47 andq         %rcx, %rdx
	0x48, 0xf7, 0xd2, //0x00000b4a notq         %rdx
	0x49, 0x21, 0xd7, //0x00000b4d andq         %rdx, %r15
	0x4d, 0x85, 0xff, //0x00000b50 testq        %r15, %r15
	0x48, 0x8b, 0x4d, 0xd0, //0x00000b53 movq         $-48(%rbp), %rcx
	0x0f, 0x84, 0x79, 0xff, 0xff, 0xff, //0x00000b57 je           LBB0_135
	//0x00000b5d LBB0_144
	0x4d, 0x0f, 0xbc, 0xf7, //0x00000b5d bsfq         %r15, %r14
	0x4d, 0x29, 0xee, //0x00000b61 subq         %r13, %r14
	0x48, 0x8b, 0x75, 0xb8, //0x00000b64 movq         $-72(%rbp), %rsi
	0x4c, 0x89, 0xdf, //0x00000b68 movq         %r11, %rdi
	0x4c, 0x8b, 0x5d, 0x88, //0x00000b6b movq         $-120(%rbp), %r11
	0x4c, 0x8b, 0x6d, 0xb0, //0x00000b6f movq         $-80(%rbp), %r13
	0x49, 0xba, 0x00, 0x26, 0x00, 0x00, 0x01, 0x00, 0x00, 0x00, //0x00000b73 movabsq      $4294977024, %r10
	0x4d, 0x85, 0xf6, //0x00000b7d testq        %r14, %r14
	0x0f, 0x89, 0xfd, 0x09, 0x00, 0x00, //0x00000b80 jns          LBB0_252
	0xe9, 0x2f, 0x3c, 0x00, 0x00, //0x00000b86 jmp          LBB0_145
	//0x00000b8b LBB0_147
	0x4d, 0x29, 0xf2, //0x00000b8b subq         %r14, %r10
	0x0f, 0x84, 0x6c, 0x3e, 0x00, 0x00, //0x00000b8e je           LBB0_818
	0x4f, 0x8d, 0x1c, 0x31, //0x00000b94 leaq         (%r9,%r14), %r11
	0x49, 0x83, 0xfa, 0x40, //0x00000b98 cmpq         $64, %r10
	0x0f, 0x82, 0xc6, 0x17, 0x00, 0x00, //0x00000b9c jb           LBB0_401
	0x48, 0xc7, 0x45, 0xa8, 0xff, 0xff, 0xff, 0xff, //0x00000ba2 movq         $-1, $-88(%rbp)
	0x45, 0x31, 0xff, //0x00000baa xorl         %r15d, %r15d
	0x90, 0x90, 0x90, //0x00000bad .p2align 4, 0x90
	//0x00000bb0 LBB0_150
	0xf3, 0x41, 0x0f, 0x6f, 0x1b, //0x00000bb0 movdqu       (%r11), %xmm3
	0xf3, 0x41, 0x0f, 0x6f, 0x73, 0x10, //0x00000bb5 movdqu       $16(%r11), %xmm6
	0xf3, 0x41, 0x0f, 0x6f, 0x6b, 0x20, //0x00000bbb movdqu       $32(%r11), %xmm5
	0xf3, 0x41, 0x0f, 0x6f, 0x7b, 0x30, //0x00000bc1 movdqu       $48(%r11), %xmm7
	0x66, 0x0f, 0x6f, 0xe3, //0x00000bc7 movdqa       %xmm3, %xmm4
	0x66, 0x0f, 0x74, 0xe0, //0x00000bcb pcmpeqb      %xmm0, %xmm4
	0x66, 0x44, 0x0f, 0xd7, 0xc4, //0x00000bcf pmovmskb     %xmm4, %r8d
	0x66, 0x0f, 0x6f, 0xe6, //0x00000bd4 movdqa       %xmm6, %xmm4
	0x66, 0x0f, 0x74, 0xe0, //0x00000bd8 pcmpeqb      %xmm0, %xmm4
	0x66, 0x0f, 0xd7, 0xf4, //0x00000bdc pmovmskb     %xmm4, %esi
	0x66, 0x0f, 0x6f, 0xe5, //0x00000be0 movdqa       %xmm5, %xmm4
	0x66, 0x0f, 0x74, 0xe0, //0x00000be4 pcmpeqb      %xmm0, %xmm4
	0x66, 0x0f, 0xd7, 0xfc, //0x00000be8 pmovmskb     %xmm4, %edi
	0x66, 0x0f, 0x6f, 0xe7, //0x00000bec movdqa       %xmm7, %xmm4
	0x66, 0x0f, 0x74, 0xe0, //0x00000bf0 pcmpeqb      %xmm0, %xmm4
	0x66, 0x0f, 0xd7, 0xdc, //0x00000bf4 pmovmskb     %xmm4, %ebx
	0x66, 0x0f, 0x6f, 0xe3, //0x00000bf8 movdqa       %xmm3, %xmm4
	0x66, 0x0f, 0x74, 0xe1, //0x00000bfc pcmpeqb      %xmm1, %xmm4
	0x66, 0x44, 0x0f, 0xd7, 0xec, //0x00000c00 pmovmskb     %xmm4, %r13d
	0x66, 0x0f, 0x6f, 0xe6, //0x00000c05 movdqa       %xmm6, %xmm4
	0x66, 0x0f, 0x74, 0xe1, //0x00000c09 pcmpeqb      %xmm1, %xmm4
	0x66, 0x0f, 0xd7, 0xd4, //0x00000c0d pmovmskb     %xmm4, %edx
	0x66, 0x0f, 0x6f, 0xe5, //0x00000c11 movdqa       %xmm5, %xmm4
	0x66, 0x0f, 0x74, 0xe1, //0x00000c15 pcmpeqb      %xmm1, %xmm4
	0x66, 0x0f, 0xd7, 0xcc, //0x00000c19 pmovmskb     %xmm4, %ecx
	0x66, 0x0f, 0x6f, 0xe7, //0x00000c1d movdqa       %xmm7, %xmm4
	0x66, 0x0f, 0x74, 0xe1, //0x00000c21 pcmpeqb      %xmm1, %xmm4
	0x66, 0x0f, 0xd7, 0xc4, //0x00000c25 pmovmskb     %xmm4, %eax
	0x48, 0xc1, 0xe3, 0x30, //0x00000c29 shlq         $48, %rbx
	0x48, 0xc1, 0xe7, 0x20, //0x00000c2d shlq         $32, %rdi
	0x48, 0x09, 0xdf, //0x00000c31 orq          %rbx, %rdi
	0x48, 0xc1, 0xe6, 0x10, //0x00000c34 shlq         $16, %rsi
	0x48, 0x09, 0xfe, //0x00000c38 orq          %rdi, %rsi
	0x49, 0x09, 0xf0, //0x00000c3b orq          %rsi, %r8
	0x48, 0xc1, 0xe0, 0x30, //0x00000c3e shlq         $48, %rax
	0x48, 0xc1, 0xe1, 0x20, //0x00000c42 shlq         $32, %rcx
	0x48, 0x09, 0xc1, //0x00000c46 orq          %rax, %rcx
	0x48, 0xc1, 0xe2, 0x10, //0x00000c49 shlq         $16, %rdx
	0x48, 0x09, 0xca, //0x00000c4d orq          %rcx, %rdx
	0x49, 0x09, 0xd5, //0x00000c50 orq          %rdx, %r13
	0x0f, 0x85, 0x2f, 0x00, 0x00, 0x00, //0x00000c53 jne          LBB0_159
	0x4d, 0x85, 0xff, //0x00000c59 testq        %r15, %r15
	0x0f, 0x85, 0x42, 0x00, 0x00, 0x00, //0x00000c5c jne          LBB0_161
	0x45, 0x31, 0xff, //0x00000c62 xorl         %r15d, %r15d
	0x31, 0xdb, //0x00000c65 xorl         %ebx, %ebx
	0x4d, 0x85, 0xc0, //0x00000c67 testq        %r8, %r8
	0x0f, 0x84, 0x90, 0x00, 0x00, 0x00, //0x00000c6a je           LBB0_162
	//0x00000c70 LBB0_153
	0x4d, 0x0f, 0xbc, 0xe8, //0x00000c70 bsfq         %r8, %r13
	0x4d, 0x89, 0xdc, //0x00000c74 movq         %r11, %r12
	0x4d, 0x29, 0xcc, //0x00000c77 subq         %r9, %r12
	0x48, 0x85, 0xdb, //0x00000c7a testq        %rbx, %rbx
	0x0f, 0x84, 0x92, 0x00, 0x00, 0x00, //0x00000c7d je           LBB0_163
	0xe9, 0xb8, 0x02, 0x00, 0x00, //0x00000c83 jmp          LBB0_154
	//0x00000c88 LBB0_159
	0x48, 0x83, 0x7d, 0xa8, 0xff, //0x00000c88 cmpq         $-1, $-88(%rbp)
	0x0f, 0x85, 0x11, 0x00, 0x00, 0x00, //0x00000c8d jne          LBB0_161
	0x4c, 0x89, 0xd8, //0x00000c93 movq         %r11, %rax
	0x4c, 0x29, 0xc8, //0x00000c96 subq         %r9, %rax
	0x49, 0x0f, 0xbc, 0xcd, //0x00000c99 bsfq         %r13, %rcx
	0x48, 0x01, 0xc1, //0x00000c9d addq         %rax, %rcx
	0x48, 0x89, 0x4d, 0xa8, //0x00000ca0 movq         %rcx, $-88(%rbp)
	//0x00000ca4 LBB0_161
	0x4c, 0x89, 0xfb, //0x00000ca4 movq         %r15, %rbx
	0x48, 0xf7, 0xd3, //0x00000ca7 notq         %rbx
	0x4c, 0x21, 0xeb, //0x00000caa andq         %r13, %rbx
	0x48, 0x8d, 0x04, 0x1b, //0x00000cad leaq         (%rbx,%rbx), %rax
	0x4c, 0x09, 0xf8, //0x00000cb1 orq          %r15, %rax
	0x48, 0x89, 0xc1, //0x00000cb4 movq         %rax, %rcx
	0x48, 0xf7, 0xd1, //0x00000cb7 notq         %rcx
	0x4c, 0x21, 0xe9, //0x00000cba andq         %r13, %rcx
	0x48, 0xba, 0xaa, 0xaa, 0xaa, 0xaa, 0xaa, 0xaa, 0xaa, 0xaa, //0x00000cbd movabsq      $-6148914691236517206, %rdx
	0x48, 0x21, 0xd1, //0x00000cc7 andq         %rdx, %rcx
	0x45, 0x31, 0xff, //0x00000cca xorl         %r15d, %r15d
	0x48, 0x01, 0xd9, //0x00000ccd addq         %rbx, %rcx
	0x41, 0x0f, 0x92, 0xc7, //0x00000cd0 setb         %r15b
	0x48, 0x01, 0xc9, //0x00000cd4 addq         %rcx, %rcx
	0x48, 0xba, 0x55, 0x55, 0x55, 0x55, 0x55, 0x55, 0x55, 0x55, //0x00000cd7 movabsq      $6148914691236517205, %rdx
	0x48, 0x31, 0xd1, //0x00000ce1 xorq         %rdx, %rcx
	0x48, 0x21, 0xc1, //0x00000ce4 andq         %rax, %rcx
	0x48, 0xf7, 0xd1, //0x00000ce7 notq         %rcx
	0x49, 0x21, 0xc8, //0x00000cea andq         %rcx, %r8
	0x4d, 0x85, 0xc0, //0x00000ced testq        %r8, %r8
	0x0f, 0x85, 0x7a, 0xff, 0xff, 0xff, //0x00000cf0 jne          LBB0_153
	0x90, 0x90, 0x90, 0x90, 0x90, 0x90, 0x90, 0x90, 0x90, 0x90, //0x00000cf6 .p2align 4, 0x90
	//0x00000d00 LBB0_162
	0x41, 0xbd, 0x40, 0x00, 0x00, 0x00, //0x00000d00 movl         $64, %r13d
	0x4d, 0x89, 0xdc, //0x00000d06 movq         %r11, %r12
	0x4d, 0x29, 0xcc, //0x00000d09 subq         %r9, %r12
	0x48, 0x85, 0xdb, //0x00000d0c testq        %rbx, %rbx
	0x0f, 0x85, 0x2b, 0x02, 0x00, 0x00, //0x00000d0f jne          LBB0_154
	//0x00000d15 LBB0_163
	0x66, 0x0f, 0x6f, 0xe2, //0x00000d15 movdqa       %xmm2, %xmm4
	0x66, 0x0f, 0x64, 0xe5, //0x00000d19 pcmpgtb      %xmm5, %xmm4
	0x66, 0x41, 0x0f, 0x64, 0xef, //0x00000d1d pcmpgtb      %xmm15, %xmm5
	0x66, 0x0f, 0xdb, 0xec, //0x00000d22 pand         %xmm4, %xmm5
	0x66, 0x0f, 0xd7, 0xc5, //0x00000d26 pmovmskb     %xmm5, %eax
	0x66, 0x0f, 0x6f, 0xe2, //0x00000d2a movdqa       %xmm2, %xmm4
	0x66, 0x0f, 0x64, 0xe7, //0x00000d2e pcmpgtb      %xmm7, %xmm4
	0x66, 0x41, 0x0f, 0x64, 0xff, //0x00000d32 pcmpgtb      %xmm15, %xmm7
	0x66, 0x0f, 0xdb, 0xfc, //0x00000d37 pand         %xmm4, %xmm7
	0x66, 0x0f, 0xd7, 0xcf, //0x00000d3b pmovmskb     %xmm7, %ecx
	0x48, 0xc1, 0xe1, 0x30, //0x00000d3f shlq         $48, %rcx
	0x48, 0xc1, 0xe0, 0x20, //0x00000d43 shlq         $32, %rax
	0x48, 0x09, 0xc8, //0x00000d47 orq          %rcx, %rax
	0x66, 0x0f, 0x6f, 0xe2, //0x00000d4a movdqa       %xmm2, %xmm4
	0x66, 0x0f, 0x64, 0xe6, //0x00000d4e pcmpgtb      %xmm6, %xmm4
	0x66, 0x41, 0x0f, 0x64, 0xf7, //0x00000d52 pcmpgtb      %xmm15, %xmm6
	0x66, 0x0f, 0xdb, 0xf4, //0x00000d57 pand         %xmm4, %xmm6
	0x66, 0x0f, 0xd7, 0xce, //0x00000d5b pmovmskb     %xmm6, %ecx
	0x48, 0xc1, 0xe1, 0x10, //0x00000d5f shlq         $16, %rcx
	0x48, 0x09, 0xc1, //0x00000d63 orq          %rax, %rcx
	0x66, 0x0f, 0x6f, 0xe2, //0x00000d66 movdqa       %xmm2, %xmm4
	0x66, 0x0f, 0x64, 0xe3, //0x00000d6a pcmpgtb      %xmm3, %xmm4
	0x66, 0x41, 0x0f, 0x64, 0xdf, //0x00000d6e pcmpgtb      %xmm15, %xmm3
	0x66, 0x0f, 0xdb, 0xdc, //0x00000d73 pand         %xmm4, %xmm3
	0x66, 0x0f, 0xd7, 0xd3, //0x00000d77 pmovmskb     %xmm3, %edx
	0x48, 0x09, 0xca, //0x00000d7b orq          %rcx, %rdx
	0x4d, 0x85, 0xc0, //0x00000d7e testq        %r8, %r8
	0x0f, 0x85, 0x35, 0x02, 0x00, 0x00, //0x00000d81 jne          LBB0_185
	0x48, 0x85, 0xd2, //0x00000d87 testq        %rdx, %rdx
	0x0f, 0x85, 0xd3, 0x3a, 0x00, 0x00, //0x00000d8a jne          LBB0_793
	0x49, 0x83, 0xc3, 0x40, //0x00000d90 addq         $64, %r11
	0x49, 0x83, 0xc2, 0xc0, //0x00000d94 addq         $-64, %r10
	0x49, 0x83, 0xfa, 0x3f, //0x00000d98 cmpq         $63, %r10
	0x0f, 0x87, 0x0e, 0xfe, 0xff, 0xff, //0x00000d9c ja           LBB0_150
	0xe9, 0xcc, 0x15, 0x00, 0x00, //0x00000da2 jmp          LBB0_402
	//0x00000da7 LBB0_166
	0x48, 0x83, 0xfe, 0x05, //0x00000da7 cmpq         $5, %rsi
	0x0f, 0x82, 0xce, 0x2f, 0x00, 0x00, //0x00000dab jb           LBB0_717
	0x43, 0x8b, 0x7c, 0x31, 0x01, //0x00000db1 movl         $1(%r9,%r14), %edi
	0x89, 0xfa, //0x00000db6 movl         %edi, %edx
	0xf7, 0xd2, //0x00000db8 notl         %edx
	0x8d, 0x8f, 0xd0, 0xcf, 0xcf, 0xcf, //0x00000dba leal         $-808464432(%rdi), %ecx
	0x81, 0xe2, 0x80, 0x80, 0x80, 0x80, //0x00000dc0 andl         $-2139062144, %edx
	0x85, 0xca, //0x00000dc6 testl        %ecx, %edx
	0x0f, 0x85, 0x9b, 0x3c, 0x00, 0x00, //0x00000dc8 jne          LBB0_834
	0x8d, 0x8f, 0x19, 0x19, 0x19, 0x19, //0x00000dce leal         $421075225(%rdi), %ecx
	0x09, 0xf9, //0x00000dd4 orl          %edi, %ecx
	0xf7, 0xc1, 0x80, 0x80, 0x80, 0x80, //0x00000dd6 testl        $-2139062144, %ecx
	0x0f, 0x85, 0x87, 0x3c, 0x00, 0x00, //0x00000ddc jne          LBB0_834
	0x89, 0xf9, //0x00000de2 movl         %edi, %ecx
	0x81, 0xe1, 0x7f, 0x7f, 0x7f, 0x7f, //0x00000de4 andl         $2139062143, %ecx
	0xc7, 0x45, 0x98, 0xc0, 0xc0, 0xc0, 0xc0, //0x00000dea movl         $-1061109568, $-104(%rbp)
	0x29, 0x4d, 0x98, //0x00000df1 subl         %ecx, $-104(%rbp)
	0x48, 0x89, 0x4d, 0x90, //0x00000df4 movq         %rcx, $-112(%rbp)
	0x81, 0xc1, 0x46, 0x46, 0x46, 0x46, //0x00000df8 addl         $1179010630, %ecx
	0x89, 0x4d, 0x80, //0x00000dfe movl         %ecx, $-128(%rbp)
	0x8b, 0x4d, 0x98, //0x00000e01 movl         $-104(%rbp), %ecx
	0x21, 0xd1, //0x00000e04 andl         %edx, %ecx
	0x85, 0x4d, 0x80, //0x00000e06 testl        %ecx, $-128(%rbp)
	0x0f, 0x85, 0x5a, 0x3c, 0x00, 0x00, //0x00000e09 jne          LBB0_834
	0xc7, 0x45, 0x98, 0xe0, 0xe0, 0xe0, 0xe0, //0x00000e0f movl         $-522133280, $-104(%rbp)
	0x48, 0x8b, 0x4d, 0x90, //0x00000e16 movq         $-112(%rbp), %rcx
	0x29, 0x4d, 0x98, //0x00000e1a subl         %ecx, $-104(%rbp)
	0x81, 0xc1, 0x39, 0x39, 0x39, 0x39, //0x00000e1d addl         $960051513, %ecx
	0x23, 0x55, 0x98, //0x00000e23 andl         $-104(%rbp), %edx
	0x85, 0xca, //0x00000e26 testl        %ecx, %edx
	0x0f, 0x85, 0x3b, 0x3c, 0x00, 0x00, //0x00000e28 jne          LBB0_834
	0x0f, 0xcf, //0x00000e2e bswapl       %edi
	0x89, 0xf8, //0x00000e30 movl         %edi, %eax
	0xc1, 0xe8, 0x04, //0x00000e32 shrl         $4, %eax
	0xf7, 0xd0, //0x00000e35 notl         %eax
	0x25, 0x01, 0x01, 0x01, 0x01, //0x00000e37 andl         $16843009, %eax
	0x8d, 0x04, 0xc0, //0x00000e3c leal         (%rax,%rax,8), %eax
	0x81, 0xe7, 0x0f, 0x0f, 0x0f, 0x0f, //0x00000e3f andl         $252645135, %edi
	0x01, 0xc7, //0x00000e45 addl         %eax, %edi
	0x89, 0xf8, //0x00000e47 movl         %edi, %eax
	0xc1, 0xe8, 0x0c, //0x00000e49 shrl         $12, %eax
	0xc1, 0xef, 0x08, //0x00000e4c shrl         $8, %edi
	0x09, 0xc7, //0x00000e4f orl          %eax, %edi
	0x81, 0xe7, 0x00, 0xfc, 0x00, 0x00, //0x00000e51 andl         $64512, %edi
	0x81, 0xff, 0x00, 0xd8, 0x00, 0x00, //0x00000e57 cmpl         $55296, %edi
	0x0f, 0x85, 0xd0, 0x00, 0x00, 0x00, //0x00000e5d jne          LBB0_181
	0x48, 0x83, 0xfe, 0x0b, //0x00000e63 cmpq         $11, %rsi
	0x0f, 0x82, 0xc6, 0x00, 0x00, 0x00, //0x00000e67 jb           LBB0_181
	0x43, 0x80, 0x7c, 0x31, 0x05, 0x5c, //0x00000e6d cmpb         $92, $5(%r9,%r14)
	0x0f, 0x85, 0xba, 0x00, 0x00, 0x00, //0x00000e73 jne          LBB0_181
	0x43, 0x80, 0x7c, 0x31, 0x06, 0x75, //0x00000e79 cmpb         $117, $6(%r9,%r14)
	0x0f, 0x85, 0xae, 0x00, 0x00, 0x00, //0x00000e7f jne          LBB0_181
	0x43, 0x8b, 0x44, 0x31, 0x07, //0x00000e85 movl         $7(%r9,%r14), %eax
	0x89, 0xc2, //0x00000e8a movl         %eax, %edx
	0xf7, 0xd2, //0x00000e8c notl         %edx
	0x8d, 0x88, 0xd0, 0xcf, 0xcf, 0xcf, //0x00000e8e leal         $-808464432(%rax), %ecx
	0x81, 0xe2, 0x80, 0x80, 0x80, 0x80, //0x00000e94 andl         $-2139062144, %edx
	0x85, 0xca, //0x00000e9a testl        %ecx, %edx
	0x0f, 0x85, 0x91, 0x00, 0x00, 0x00, //0x00000e9c jne          LBB0_181
	0x8d, 0x88, 0x19, 0x19, 0x19, 0x19, //0x00000ea2 leal         $421075225(%rax), %ecx
	0x09, 0xc1, //0x00000ea8 orl          %eax, %ecx
	0xf7, 0xc1, 0x80, 0x80, 0x80, 0x80, //0x00000eaa testl        $-2139062144, %ecx
	0x0f, 0x85, 0x7d, 0x00, 0x00, 0x00, //0x00000eb0 jne          LBB0_181
	0x41, 0x89, 0xc6, //0x00000eb6 movl         %eax, %r14d
	0x41, 0x81, 0xe6, 0x7f, 0x7f, 0x7f, 0x7f, //0x00000eb9 andl         $2139062143, %r14d
	0xb9, 0xc0, 0xc0, 0xc0, 0xc0, //0x00000ec0 movl         $-1061109568, %ecx
	0x44, 0x29, 0xf1, //0x00000ec5 subl         %r14d, %ecx
	0x41, 0x8d, 0xb6, 0x46, 0x46, 0x46, 0x46, //0x00000ec8 leal         $1179010630(%r14), %esi
	0x21, 0xd1, //0x00000ecf andl         %edx, %ecx
	0x85, 0xf1, //0x00000ed1 testl        %esi, %ecx
	0x0f, 0x85, 0x5a, 0x00, 0x00, 0x00, //0x00000ed3 jne          LBB0_181
	0xb9, 0xe0, 0xe0, 0xe0, 0xe0, //0x00000ed9 movl         $-522133280, %ecx
	0x44, 0x29, 0xf1, //0x00000ede subl         %r14d, %ecx
	0x41, 0x81, 0xc6, 0x39, 0x39, 0x39, 0x39, //0x00000ee1 addl         $960051513, %r14d
	0x21, 0xca, //0x00000ee8 andl         %ecx, %edx
	0x44, 0x85, 0xf2, //0x00000eea testl        %r14d, %edx
	0x0f, 0x85, 0x40, 0x00, 0x00, 0x00, //0x00000eed jne          LBB0_181
	0x0f, 0xc8, //0x00000ef3 bswapl       %eax
	0x89, 0xc1, //0x00000ef5 movl         %eax, %ecx
	0xc1, 0xe9, 0x04, //0x00000ef7 shrl         $4, %ecx
	0xf7, 0xd1, //0x00000efa notl         %ecx
	0x81, 0xe1, 0x01, 0x01, 0x01, 0x01, //0x00000efc andl         $16843009, %ecx
	0x8d, 0x0c, 0xc9, //0x00000f02 leal         (%rcx,%rcx,8), %ecx
	0x25, 0x0f, 0x0f, 0x0f, 0x0f, //0x00000f05 andl         $252645135, %eax
	0x01, 0xc8, //0x00000f0a addl         %ecx, %eax
	0x89, 0xc1, //0x00000f0c movl         %eax, %ecx
	0xc1, 0xe9, 0x0c, //0x00000f0e shrl         $12, %ecx
	0xc1, 0xe8, 0x08, //0x00000f11 shrl         $8, %eax
	0x09, 0xc8, //0x00000f14 orl          %ecx, %eax
	0x25, 0x00, 0xfc, 0x00, 0x00, //0x00000f16 andl         $64512, %eax
	0x3d, 0x00, 0xdc, 0x00, 0x00, //0x00000f1b cmpl         $56320, %eax
	0x0f, 0x85, 0x0d, 0x00, 0x00, 0x00, //0x00000f20 jne          LBB0_181
	0x4c, 0x8b, 0x75, 0xa0, //0x00000f26 movq         $-96(%rbp), %r14
	0x49, 0x83, 0xc6, 0x0c, //0x00000f2a addq         $12, %r14
	0xe9, 0x6e, 0x00, 0x00, 0x00, //0x00000f2e jmp          LBB0_183
	//0x00000f33 LBB0_181
	0x4c, 0x8b, 0x75, 0xa0, //0x00000f33 movq         $-96(%rbp), %r14
	0x49, 0x83, 0xc6, 0x06, //0x00000f37 addq         $6, %r14
	0xe9, 0x61, 0x00, 0x00, 0x00, //0x00000f3b jmp          LBB0_183
	//0x00000f40 LBB0_154
	0x48, 0x0f, 0xbc, 0xc3, //0x00000f40 bsfq         %rbx, %rax
	0x4c, 0x39, 0xe8, //0x00000f44 cmpq         %r13, %rax
	0x0f, 0x83, 0xc8, 0xfd, 0xff, 0xff, //0x00000f47 jae          LBB0_163
	0x4c, 0x01, 0xe0, //0x00000f4d addq         %r12, %rax
	0x4c, 0x39, 0xf0, //0x00000f50 cmpq         %r14, %rax
	0x0f, 0x8c, 0x51, 0x00, 0x00, 0x00, //0x00000f53 jl           LBB0_184
	0x48, 0x89, 0x45, 0xa0, //0x00000f59 movq         %rax, $-96(%rbp)
	0x4c, 0x8d, 0x70, 0x01, //0x00000f5d leaq         $1(%rax), %r14
	0x48, 0x8b, 0x75, 0xc0, //0x00000f61 movq         $-64(%rbp), %rsi
	0x4c, 0x29, 0xf6, //0x00000f65 subq         %r14, %rsi
	0x0f, 0x84, 0x11, 0x2e, 0x00, 0x00, //0x00000f68 je           LBB0_717
	0x43, 0x0f, 0xbe, 0x14, 0x31, //0x00000f6e movsbl       (%r9,%r14), %edx
	0x48, 0xc7, 0xc0, 0xfe, 0xff, 0xff, 0xff, //0x00000f73 movq         $-2, %rax
	0x83, 0xc2, 0xde, //0x00000f7a addl         $-34, %edx
	0x83, 0xfa, 0x53, //0x00000f7d cmpl         $83, %edx
	0x0f, 0x87, 0xe3, 0x3a, 0x00, 0x00, //0x00000f80 ja           LBB0_834
	0x48, 0x8d, 0x3d, 0x9b, 0x41, 0x00, 0x00, //0x00000f86 leaq         $16795(%rip), %rdi  /* LJTI0_5+0(%rip) */
	0x48, 0x63, 0x0c, 0x97, //0x00000f8d movslq       (%rdi,%rdx,4), %rcx
	0x48, 0x01, 0xf9, //0x00000f91 addq         %rdi, %rcx
	0x48, 0x8b, 0x55, 0xa0, //0x00000f94 movq         $-96(%rbp), %rdx
	0xff, 0xe1, //0x00000f98 jmpq         *%rcx
	//0x00000f9a LBB0_182
	0x48, 0x83, 0xc2, 0x02, //0x00000f9a addq         $2, %rdx
	0x49, 0x89, 0xd6, //0x00000f9e movq         %rdx, %r14
	//0x00000fa1 LBB0_183
	0x4d, 0x85, 0xf6, //0x00000fa1 testq        %r14, %r14
	0x0f, 0x88, 0xc4, 0x2d, 0x00, 0x00, //0x00000fa4 js           LBB0_716
	//0x00000faa LBB0_184
	0x48, 0x8d, 0x43, 0xff, //0x00000faa leaq         $-1(%rbx), %rax
	0x48, 0x21, 0xc3, //0x00000fae andq         %rax, %rbx
	0x0f, 0x84, 0x5e, 0xfd, 0xff, 0xff, //0x00000fb1 je           LBB0_163
	0xe9, 0x84, 0xff, 0xff, 0xff, //0x00000fb7 jmp          LBB0_154
	//0x00000fbc LBB0_185
	0x48, 0x85, 0xd2, //0x00000fbc testq        %rdx, %rdx
	0x0f, 0x84, 0xf7, 0x04, 0x00, 0x00, //0x00000fbf je           LBB0_241
	0x48, 0x0f, 0xbc, 0xd2, //0x00000fc5 bsfq         %rdx, %rdx
	0xe9, 0xf3, 0x04, 0x00, 0x00, //0x00000fc9 jmp          LBB0_242
	//0x00000fce LBB0_187
	0x89, 0xc8, //0x00000fce movl         %ecx, %eax
	0x4c, 0x01, 0xc0, //0x00000fd0 addq         %r8, %rax
	0x49, 0x01, 0xc6, //0x00000fd3 addq         %rax, %r14
	//0x00000fd6 LBB0_188
	0x48, 0xc7, 0xc0, 0xff, 0xff, 0xff, 0xff, //0x00000fd6 movq         $-1, %rax
	0x4d, 0x85, 0xe4, //0x00000fdd testq        %r12, %r12
	0x48, 0x8b, 0x4d, 0xd0, //0x00000fe0 movq         $-48(%rbp), %rcx
	0x0f, 0x85, 0x7d, 0x04, 0x00, 0x00, //0x00000fe4 jne          LBB0_230
	0xe9, 0xef, 0x37, 0x00, 0x00, //0x00000fea jmp          LBB0_785
	//0x00000fef LBB0_189
	0x4d, 0x29, 0xf2, //0x00000fef subq         %r14, %r10
	0x0f, 0x84, 0x39, 0x3a, 0x00, 0x00, //0x00000ff2 je           LBB0_823
	0x4f, 0x8d, 0x3c, 0x31, //0x00000ff8 leaq         (%r9,%r14), %r15
	0x49, 0x83, 0xfa, 0x40, //0x00000ffc cmpq         $64, %r10
	0x0f, 0x82, 0x19, 0x17, 0x00, 0x00, //0x00001000 jb           LBB0_448
	0x48, 0xc7, 0x45, 0xc8, 0xff, 0xff, 0xff, 0xff, //0x00001006 movq         $-1, $-56(%rbp)
	0x45, 0x31, 0xc0, //0x0000100e xorl         %r8d, %r8d
	0x90, 0x90, 0x90, 0x90, 0x90, 0x90, 0x90, 0x90, 0x90, 0x90, 0x90, 0x90, 0x90, 0x90, 0x90, //0x00001011 .p2align 4, 0x90
	//0x00001020 LBB0_192
	0xf3, 0x41, 0x0f, 0x6f, 0x27, //0x00001020 movdqu       (%r15), %xmm4
	0xf3, 0x41, 0x0f, 0x6f, 0x77, 0x10, //0x00001025 movdqu       $16(%r15), %xmm6
	0xf3, 0x41, 0x0f, 0x6f, 0x6f, 0x20, //0x0000102b movdqu       $32(%r15), %xmm5
	0xf3, 0x41, 0x0f, 0x6f, 0x7f, 0x30, //0x00001031 movdqu       $48(%r15), %xmm7
	0x66, 0x0f, 0x6f, 0xdc, //0x00001037 movdqa       %xmm4, %xmm3
	0x66, 0x0f, 0x74, 0xd8, //0x0000103b pcmpeqb      %xmm0, %xmm3
	0x66, 0x44, 0x0f, 0xd7, 0xe3, //0x0000103f pmovmskb     %xmm3, %r12d
	0x66, 0x0f, 0x6f, 0xde, //0x00001044 movdqa       %xmm6, %xmm3
	0x66, 0x0f, 0x74, 0xd8, //0x00001048 pcmpeqb      %xmm0, %xmm3
	0x66, 0x0f, 0xd7, 0xf3, //0x0000104c pmovmskb     %xmm3, %esi
	0x66, 0x0f, 0x6f, 0xdd, //0x00001050 movdqa       %xmm5, %xmm3
	0x66, 0x0f, 0x74, 0xd8, //0x00001054 pcmpeqb      %xmm0, %xmm3
	0x66, 0x0f, 0xd7, 0xfb, //0x00001058 pmovmskb     %xmm3, %edi
	0x66, 0x0f, 0x6f, 0xdf, //0x0000105c movdqa       %xmm7, %xmm3
	0x66, 0x0f, 0x74, 0xd8, //0x00001060 pcmpeqb      %xmm0, %xmm3
	0x66, 0x0f, 0xd7, 0xdb, //0x00001064 pmovmskb     %xmm3, %ebx
	0x66, 0x0f, 0x6f, 0xdc, //0x00001068 movdqa       %xmm4, %xmm3
	0x66, 0x0f, 0x74, 0xd9, //0x0000106c pcmpeqb      %xmm1, %xmm3
	0x66, 0x44, 0x0f, 0xd7, 0xeb, //0x00001070 pmovmskb     %xmm3, %r13d
	0x66, 0x0f, 0x6f, 0xde, //0x00001075 movdqa       %xmm6, %xmm3
	0x66, 0x0f, 0x74, 0xd9, //0x00001079 pcmpeqb      %xmm1, %xmm3
	0x66, 0x0f, 0xd7, 0xd3, //0x0000107d pmovmskb     %xmm3, %edx
	0x66, 0x0f, 0x6f, 0xdd, //0x00001081 movdqa       %xmm5, %xmm3
	0x66, 0x0f, 0x74, 0xd9, //0x00001085 pcmpeqb      %xmm1, %xmm3
	0x66, 0x0f, 0xd7, 0xcb, //0x00001089 pmovmskb     %xmm3, %ecx
	0x66, 0x0f, 0x6f, 0xdf, //0x0000108d movdqa       %xmm7, %xmm3
	0x66, 0x0f, 0x74, 0xd9, //0x00001091 pcmpeqb      %xmm1, %xmm3
	0x66, 0x0f, 0xd7, 0xc3, //0x00001095 pmovmskb     %xmm3, %eax
	0x48, 0xc1, 0xe3, 0x30, //0x00001099 shlq         $48, %rbx
	0x48, 0xc1, 0xe7, 0x20, //0x0000109d shlq         $32, %rdi
	0x48, 0x09, 0xdf, //0x000010a1 orq          %rbx, %rdi
	0x48, 0xc1, 0xe6, 0x10, //0x000010a4 shlq         $16, %rsi
	0x48, 0x09, 0xfe, //0x000010a8 orq          %rdi, %rsi
	0x49, 0x09, 0xf4, //0x000010ab orq          %rsi, %r12
	0x48, 0xc1, 0xe0, 0x30, //0x000010ae shlq         $48, %rax
	0x48, 0xc1, 0xe1, 0x20, //0x000010b2 shlq         $32, %rcx
	0x48, 0x09, 0xc1, //0x000010b6 orq          %rax, %rcx
	0x48, 0xc1, 0xe2, 0x10, //0x000010b9 shlq         $16, %rdx
	0x48, 0x09, 0xca, //0x000010bd orq          %rcx, %rdx
	0x49, 0x09, 0xd5, //0x000010c0 orq          %rdx, %r13
	0x0f, 0x85, 0x2f, 0x00, 0x00, 0x00, //0x000010c3 jne          LBB0_201
	0x4d, 0x85, 0xc0, //0x000010c9 testq        %r8, %r8
	0x0f, 0x85, 0x42, 0x00, 0x00, 0x00, //0x000010cc jne          LBB0_203
	0x45, 0x31, 0xc0, //0x000010d2 xorl         %r8d, %r8d
	0x31, 0xf6, //0x000010d5 xorl         %esi, %esi
	0x4d, 0x85, 0xe4, //0x000010d7 testq        %r12, %r12
	0x0f, 0x84, 0x90, 0x00, 0x00, 0x00, //0x000010da je           LBB0_204
	//0x000010e0 LBB0_195
	0x4d, 0x0f, 0xbc, 0xec, //0x000010e0 bsfq         %r12, %r13
	0x4c, 0x89, 0xf9, //0x000010e4 movq         %r15, %rcx
	0x4c, 0x29, 0xc9, //0x000010e7 subq         %r9, %rcx
	0x48, 0x85, 0xf6, //0x000010ea testq        %rsi, %rsi
	0x0f, 0x84, 0x92, 0x00, 0x00, 0x00, //0x000010ed je           LBB0_205
	0xe9, 0xc7, 0x02, 0x00, 0x00, //0x000010f3 jmp          LBB0_196
	//0x000010f8 LBB0_201
	0x48, 0x83, 0x7d, 0xc8, 0xff, //0x000010f8 cmpq         $-1, $-56(%rbp)
	0x0f, 0x85, 0x11, 0x00, 0x00, 0x00, //0x000010fd jne          LBB0_203
	0x4c, 0x89, 0xf8, //0x00001103 movq         %r15, %rax
	0x4c, 0x29, 0xc8, //0x00001106 subq         %r9, %rax
	0x49, 0x0f, 0xbc, 0xcd, //0x00001109 bsfq         %r13, %rcx
	0x48, 0x01, 0xc1, //0x0000110d addq         %rax, %rcx
	0x48, 0x89, 0x4d, 0xc8, //0x00001110 movq         %rcx, $-56(%rbp)
	//0x00001114 LBB0_203
	0x4c, 0x89, 0xc6, //0x00001114 movq         %r8, %rsi
	0x48, 0xf7, 0xd6, //0x00001117 notq         %rsi
	0x4c, 0x21, 0xee, //0x0000111a andq         %r13, %rsi
	0x48, 0x8d, 0x04, 0x36, //0x0000111d leaq         (%rsi,%rsi), %rax
	0x4c, 0x09, 0xc0, //0x00001121 orq          %r8, %rax
	0x48, 0x89, 0xc1, //0x00001124 movq         %rax, %rcx
	0x48, 0xf7, 0xd1, //0x00001127 notq         %rcx
	0x4c, 0x21, 0xe9, //0x0000112a andq         %r13, %rcx
	0x48, 0xba, 0xaa, 0xaa, 0xaa, 0xaa, 0xaa, 0xaa, 0xaa, 0xaa, //0x0000112d movabsq      $-6148914691236517206, %rdx
	0x48, 0x21, 0xd1, //0x00001137 andq         %rdx, %rcx
	0x45, 0x31, 0xc0, //0x0000113a xorl         %r8d, %r8d
	0x48, 0x01, 0xf1, //0x0000113d addq         %rsi, %rcx
	0x41, 0x0f, 0x92, 0xc0, //0x00001140 setb         %r8b
	0x48, 0x01, 0xc9, //0x00001144 addq         %rcx, %rcx
	0x48, 0xba, 0x55, 0x55, 0x55, 0x55, 0x55, 0x55, 0x55, 0x55, //0x00001147 movabsq      $6148914691236517205, %rdx
	0x48, 0x31, 0xd1, //0x00001151 xorq         %rdx, %rcx
	0x48, 0x21, 0xc1, //0x00001154 andq         %rax, %rcx
	0x48, 0xf7, 0xd1, //0x00001157 notq         %rcx
	0x49, 0x21, 0xcc, //0x0000115a andq         %rcx, %r12
	0x4d, 0x85, 0xe4, //0x0000115d testq        %r12, %r12
	0x0f, 0x85, 0x7a, 0xff, 0xff, 0xff, //0x00001160 jne          LBB0_195
	0x90, 0x90, 0x90, 0x90, 0x90, 0x90, 0x90, 0x90, 0x90, 0x90, //0x00001166 .p2align 4, 0x90
	//0x00001170 LBB0_204
	0x41, 0xbd, 0x40, 0x00, 0x00, 0x00, //0x00001170 movl         $64, %r13d
	0x4c, 0x89, 0xf9, //0x00001176 movq         %r15, %rcx
	0x4c, 0x29, 0xc9, //0x00001179 subq         %r9, %rcx
	0x48, 0x85, 0xf6, //0x0000117c testq        %rsi, %rsi
	0x0f, 0x85, 0x3a, 0x02, 0x00, 0x00, //0x0000117f jne          LBB0_196
	//0x00001185 LBB0_205
	0x66, 0x0f, 0x6f, 0xda, //0x00001185 movdqa       %xmm2, %xmm3
	0x66, 0x0f, 0x64, 0xdd, //0x00001189 pcmpgtb      %xmm5, %xmm3
	0x66, 0x41, 0x0f, 0x64, 0xef, //0x0000118d pcmpgtb      %xmm15, %xmm5
	0x66, 0x0f, 0xdb, 0xeb, //0x00001192 pand         %xmm3, %xmm5
	0x66, 0x0f, 0xd7, 0xc5, //0x00001196 pmovmskb     %xmm5, %eax
	0x66, 0x0f, 0x6f, 0xda, //0x0000119a movdqa       %xmm2, %xmm3
	0x66, 0x0f, 0x64, 0xdf, //0x0000119e pcmpgtb      %xmm7, %xmm3
	0x66, 0x41, 0x0f, 0x64, 0xff, //0x000011a2 pcmpgtb      %xmm15, %xmm7
	0x66, 0x0f, 0xdb, 0xfb, //0x000011a7 pand         %xmm3, %xmm7
	0x66, 0x0f, 0xd7, 0xd7, //0x000011ab pmovmskb     %xmm7, %edx
	0x48, 0xc1, 0xe2, 0x30, //0x000011af shlq         $48, %rdx
	0x48, 0xc1, 0xe0, 0x20, //0x000011b3 shlq         $32, %rax
	0x48, 0x09, 0xd0, //0x000011b7 orq          %rdx, %rax
	0x66, 0x0f, 0x6f, 0xda, //0x000011ba movdqa       %xmm2, %xmm3
	0x66, 0x0f, 0x64, 0xde, //0x000011be pcmpgtb      %xmm6, %xmm3
	0x66, 0x41, 0x0f, 0x64, 0xf7, //0x000011c2 pcmpgtb      %xmm15, %xmm6
	0x66, 0x0f, 0xdb, 0xf3, //0x000011c7 pand         %xmm3, %xmm6
	0x66, 0x0f, 0xd7, 0xf6, //0x000011cb pmovmskb     %xmm6, %esi
	0x48, 0xc1, 0xe6, 0x10, //0x000011cf shlq         $16, %rsi
	0x48, 0x09, 0xc6, //0x000011d3 orq          %rax, %rsi
	0x66, 0x0f, 0x6f, 0xda, //0x000011d6 movdqa       %xmm2, %xmm3
	0x66, 0x0f, 0x64, 0xdc, //0x000011da pcmpgtb      %xmm4, %xmm3
	0x66, 0x41, 0x0f, 0x64, 0xe7, //0x000011de pcmpgtb      %xmm15, %xmm4
	0x66, 0x0f, 0xdb, 0xe3, //0x000011e3 pand         %xmm3, %xmm4
	0x66, 0x0f, 0xd7, 0xd4, //0x000011e7 pmovmskb     %xmm4, %edx
	0x48, 0x09, 0xf2, //0x000011eb orq          %rsi, %rdx
	0x4d, 0x85, 0xe4, //0x000011ee testq        %r12, %r12
	0x0f, 0x85, 0x44, 0x02, 0x00, 0x00, //0x000011f1 jne          LBB0_227
	0x48, 0x85, 0xd2, //0x000011f7 testq        %rdx, %rdx
	0x0f, 0x85, 0x84, 0x36, 0x00, 0x00, //0x000011fa jne          LBB0_795
	0x49, 0x83, 0xc7, 0x40, //0x00001200 addq         $64, %r15
	0x49, 0x83, 0xc2, 0xc0, //0x00001204 addq         $-64, %r10
	0x49, 0x83, 0xfa, 0x3f, //0x00001208 cmpq         $63, %r10
	0x0f, 0x87, 0x0e, 0xfe, 0xff, 0xff, //0x0000120c ja           LBB0_192
	0xe9, 0x13, 0x15, 0x00, 0x00, //0x00001212 jmp          LBB0_449
	//0x00001217 LBB0_208
	0x48, 0x83, 0xff, 0x05, //0x00001217 cmpq         $5, %rdi
	0x0f, 0x82, 0xaa, 0x35, 0x00, 0x00, //0x0000121b jb           LBB0_146
	0x43, 0x8b, 0x5c, 0x31, 0x01, //0x00001221 movl         $1(%r9,%r14), %ebx
	0x89, 0xda, //0x00001226 movl         %ebx, %edx
	0xf7, 0xd2, //0x00001228 notl         %edx
	0x48, 0x89, 0x5d, 0xa0, //0x0000122a movq         %rbx, $-96(%rbp)
	0x81, 0xc3, 0xd0, 0xcf, 0xcf, 0xcf, //0x0000122e addl         $-808464432, %ebx
	0x81, 0xe2, 0x80, 0x80, 0x80, 0x80, //0x00001234 andl         $-2139062144, %edx
	0x85, 0xda, //0x0000123a testl        %ebx, %edx
	0x0f, 0x85, 0x38, 0x38, 0x00, 0x00, //0x0000123c jne          LBB0_835
	0x48, 0x8b, 0x5d, 0xa0, //0x00001242 movq         $-96(%rbp), %rbx
	0x81, 0xc3, 0x19, 0x19, 0x19, 0x19, //0x00001246 addl         $421075225, %ebx
	0x0b, 0x5d, 0xa0, //0x0000124c orl          $-96(%rbp), %ebx
	0xf7, 0xc3, 0x80, 0x80, 0x80, 0x80, //0x0000124f testl        $-2139062144, %ebx
	0x0f, 0x85, 0x1f, 0x38, 0x00, 0x00, //0x00001255 jne          LBB0_835
	0x48, 0x8b, 0x5d, 0xa0, //0x0000125b movq         $-96(%rbp), %rbx
	0x81, 0xe3, 0x7f, 0x7f, 0x7f, 0x7f, //0x0000125f andl         $2139062143, %ebx
	0xc7, 0x45, 0x98, 0xc0, 0xc0, 0xc0, 0xc0, //0x00001265 movl         $-1061109568, $-104(%rbp)
	0x29, 0x5d, 0x98, //0x0000126c subl         %ebx, $-104(%rbp)
	0x48, 0x89, 0x5d, 0x90, //0x0000126f movq         %rbx, $-112(%rbp)
	0x81, 0xc3, 0x46, 0x46, 0x46, 0x46, //0x00001273 addl         $1179010630, %ebx
	0x89, 0x5d, 0x80, //0x00001279 movl         %ebx, $-128(%rbp)
	0x8b, 0x5d, 0x98, //0x0000127c movl         $-104(%rbp), %ebx
	0x21, 0xd3, //0x0000127f andl         %edx, %ebx
	0x85, 0x5d, 0x80, //0x00001281 testl        %ebx, $-128(%rbp)
	0x0f, 0x85, 0xf0, 0x37, 0x00, 0x00, //0x00001284 jne          LBB0_835
	0xc7, 0x45, 0x98, 0xe0, 0xe0, 0xe0, 0xe0, //0x0000128a movl         $-522133280, $-104(%rbp)
	0x48, 0x8b, 0x5d, 0x90, //0x00001291 movq         $-112(%rbp), %rbx
	0x29, 0x5d, 0x98, //0x00001295 subl         %ebx, $-104(%rbp)
	0x81, 0xc3, 0x39, 0x39, 0x39, 0x39, //0x00001298 addl         $960051513, %ebx
	0x23, 0x55, 0x98, //0x0000129e andl         $-104(%rbp), %edx
	0x85, 0xda, //0x000012a1 testl        %ebx, %edx
	0x0f, 0x85, 0xd1, 0x37, 0x00, 0x00, //0x000012a3 jne          LBB0_835
	0x48, 0x8b, 0x55, 0xa0, //0x000012a9 movq         $-96(%rbp), %rdx
	0x0f, 0xca, //0x000012ad bswapl       %edx
	0x89, 0xd0, //0x000012af movl         %edx, %eax
	0xc1, 0xe8, 0x04, //0x000012b1 shrl         $4, %eax
	0xf7, 0xd0, //0x000012b4 notl         %eax
	0x25, 0x01, 0x01, 0x01, 0x01, //0x000012b6 andl         $16843009, %eax
	0x8d, 0x04, 0xc0, //0x000012bb leal         (%rax,%rax,8), %eax
	0x81, 0xe2, 0x0f, 0x0f, 0x0f, 0x0f, //0x000012be andl         $252645135, %edx
	0x01, 0xc2, //0x000012c4 addl         %eax, %edx
	0x89, 0xd0, //0x000012c6 movl         %edx, %eax
	0xc1, 0xe8, 0x0c, //0x000012c8 shrl         $12, %eax
	0xc1, 0xea, 0x08, //0x000012cb shrl         $8, %edx
	0x09, 0xc2, //0x000012ce orl          %eax, %edx
	0x81, 0xe2, 0x00, 0xfc, 0x00, 0x00, //0x000012d0 andl         $64512, %edx
	0x81, 0xfa, 0x00, 0xd8, 0x00, 0x00, //0x000012d6 cmpl         $55296, %edx
	0x0f, 0x85, 0xd0, 0x00, 0x00, 0x00, //0x000012dc jne          LBB0_223
	0x48, 0x83, 0xff, 0x0b, //0x000012e2 cmpq         $11, %rdi
	0x0f, 0x82, 0xc6, 0x00, 0x00, 0x00, //0x000012e6 jb           LBB0_223
	0x43, 0x80, 0x7c, 0x31, 0x05, 0x5c, //0x000012ec cmpb         $92, $5(%r9,%r14)
	0x0f, 0x85, 0xba, 0x00, 0x00, 0x00, //0x000012f2 jne          LBB0_223
	0x43, 0x80, 0x7c, 0x31, 0x06, 0x75, //0x000012f8 cmpb         $117, $6(%r9,%r14)
	0x0f, 0x85, 0xae, 0x00, 0x00, 0x00, //0x000012fe jne          LBB0_223
	0x43, 0x8b, 0x44, 0x31, 0x07, //0x00001304 movl         $7(%r9,%r14), %eax
	0x89, 0xc2, //0x00001309 movl         %eax, %edx
	0xf7, 0xd2, //0x0000130b notl         %edx
	0x8d, 0x98, 0xd0, 0xcf, 0xcf, 0xcf, //0x0000130d leal         $-808464432(%rax), %ebx
	0x81, 0xe2, 0x80, 0x80, 0x80, 0x80, //0x00001313 andl         $-2139062144, %edx
	0x85, 0xda, //0x00001319 testl        %ebx, %edx
	0x0f, 0x85, 0x91, 0x00, 0x00, 0x00, //0x0000131b jne          LBB0_223
	0x8d, 0x98, 0x19, 0x19, 0x19, 0x19, //0x00001321 leal         $421075225(%rax), %ebx
	0x09, 0xc3, //0x00001327 orl          %eax, %ebx
	0xf7, 0xc3, 0x80, 0x80, 0x80, 0x80, //0x00001329 testl        $-2139062144, %ebx
	0x0f, 0x85, 0x7d, 0x00, 0x00, 0x00, //0x0000132f jne          LBB0_223
	0x41, 0x89, 0xc6, //0x00001335 movl         %eax, %r14d
	0x41, 0x81, 0xe6, 0x7f, 0x7f, 0x7f, 0x7f, //0x00001338 andl         $2139062143, %r14d
	0xbb, 0xc0, 0xc0, 0xc0, 0xc0, //0x0000133f movl         $-1061109568, %ebx
	0x44, 0x29, 0xf3, //0x00001344 subl         %r14d, %ebx
	0x41, 0x8d, 0xbe, 0x46, 0x46, 0x46, 0x46, //0x00001347 leal         $1179010630(%r14), %edi
	0x21, 0xd3, //0x0000134e andl         %edx, %ebx
	0x85, 0xfb, //0x00001350 testl        %edi, %ebx
	0x0f, 0x85, 0x5a, 0x00, 0x00, 0x00, //0x00001352 jne          LBB0_223
	0xbb, 0xe0, 0xe0, 0xe0, 0xe0, //0x00001358 movl         $-522133280, %ebx
	0x44, 0x29, 0xf3, //0x0000135d subl         %r14d, %ebx
	0x41, 0x81, 0xc6, 0x39, 0x39, 0x39, 0x39, //0x00001360 addl         $960051513, %r14d
	0x21, 0xda, //0x00001367 andl         %ebx, %edx
	0x44, 0x85, 0xf2, //0x00001369 testl        %r14d, %edx
	0x0f, 0x85, 0x40, 0x00, 0x00, 0x00, //0x0000136c jne          LBB0_223
	0x0f, 0xc8, //0x00001372 bswapl       %eax
	0x89, 0xc2, //0x00001374 movl         %eax, %edx
	0xc1, 0xea, 0x04, //0x00001376 shrl         $4, %edx
	0xf7, 0xd2, //0x00001379 notl         %edx
	0x81, 0xe2, 0x01, 0x01, 0x01, 0x01, //0x0000137b andl         $16843009, %edx
	0x8d, 0x14, 0xd2, //0x00001381 leal         (%rdx,%rdx,8), %edx
	0x25, 0x0f, 0x0f, 0x0f, 0x0f, //0x00001384 andl         $252645135, %eax
	0x01, 0xd0, //0x00001389 addl         %edx, %eax
	0x89, 0xc2, //0x0000138b movl         %eax, %edx
	0xc1, 0xea, 0x0c, //0x0000138d shrl         $12, %edx
	0xc1, 0xe8, 0x08, //0x00001390 shrl         $8, %eax
	0x09, 0xd0, //0x00001393 orl          %edx, %eax
	0x25, 0x00, 0xfc, 0x00, 0x00, //0x00001395 andl         $64512, %eax
	0x3d, 0x00, 0xdc, 0x00, 0x00, //0x0000139a cmpl         $56320, %eax
	0x0f, 0x85, 0x0d, 0x00, 0x00, 0x00, //0x0000139f jne          LBB0_223
	0x4c, 0x8b, 0x75, 0xc0, //0x000013a5 movq         $-64(%rbp), %r14
	0x49, 0x83, 0xc6, 0x0c, //0x000013a9 addq         $12, %r14
	0xe9, 0x6e, 0x00, 0x00, 0x00, //0x000013ad jmp          LBB0_225
	//0x000013b2 LBB0_223
	0x4c, 0x8b, 0x75, 0xc0, //0x000013b2 movq         $-64(%rbp), %r14
	0x49, 0x83, 0xc6, 0x06, //0x000013b6 addq         $6, %r14
	0xe9, 0x61, 0x00, 0x00, 0x00, //0x000013ba jmp          LBB0_225
	//0x000013bf LBB0_196
	0x48, 0x0f, 0xbc, 0xc6, //0x000013bf bsfq         %rsi, %rax
	0x4c, 0x39, 0xe8, //0x000013c3 cmpq         %r13, %rax
	0x0f, 0x83, 0xb9, 0xfd, 0xff, 0xff, //0x000013c6 jae          LBB0_205
	0x48, 0x01, 0xc8, //0x000013cc addq         %rcx, %rax
	0x4c, 0x39, 0xf0, //0x000013cf cmpq         %r14, %rax
	0x0f, 0x8c, 0x51, 0x00, 0x00, 0x00, //0x000013d2 jl           LBB0_226
	0x4c, 0x8d, 0x70, 0x01, //0x000013d8 leaq         $1(%rax), %r14
	0x48, 0x8b, 0x7d, 0xa8, //0x000013dc movq         $-88(%rbp), %rdi
	0x4c, 0x29, 0xf7, //0x000013e0 subq         %r14, %rdi
	0x0f, 0x84, 0xe2, 0x33, 0x00, 0x00, //0x000013e3 je           LBB0_146
	0x48, 0x89, 0x45, 0xc0, //0x000013e9 movq         %rax, $-64(%rbp)
	0x43, 0x0f, 0xbe, 0x14, 0x31, //0x000013ed movsbl       (%r9,%r14), %edx
	0x48, 0xc7, 0xc0, 0xfe, 0xff, 0xff, 0xff, //0x000013f2 movq         $-2, %rax
	0x83, 0xc2, 0xde, //0x000013f9 addl         $-34, %edx
	0x83, 0xfa, 0x53, //0x000013fc cmpl         $83, %edx
	0x0f, 0x87, 0x75, 0x36, 0x00, 0x00, //0x000013ff ja           LBB0_835
	0x48, 0x8d, 0x1d, 0x2c, 0x39, 0x00, 0x00, //0x00001405 leaq         $14636(%rip), %rbx  /* LJTI0_2+0(%rip) */
	0x48, 0x63, 0x14, 0x93, //0x0000140c movslq       (%rbx,%rdx,4), %rdx
	0x48, 0x01, 0xda, //0x00001410 addq         %rbx, %rdx
	0x48, 0x8b, 0x5d, 0xc0, //0x00001413 movq         $-64(%rbp), %rbx
	0xff, 0xe2, //0x00001417 jmpq         *%rdx
	//0x00001419 LBB0_224
	0x48, 0x83, 0xc3, 0x02, //0x00001419 addq         $2, %rbx
	0x49, 0x89, 0xde, //0x0000141d movq         %rbx, %r14
	//0x00001420 LBB0_225
	0x4d, 0x85, 0xf6, //0x00001420 testq        %r14, %r14
	0x0f, 0x88, 0x91, 0x33, 0x00, 0x00, //0x00001423 js           LBB0_145
	//0x00001429 LBB0_226
	0x48, 0x8d, 0x46, 0xff, //0x00001429 leaq         $-1(%rsi), %rax
	0x48, 0x21, 0xc6, //0x0000142d andq         %rax, %rsi
	0x0f, 0x84, 0x4f, 0xfd, 0xff, 0xff, //0x00001430 je           LBB0_205
	0xe9, 0x84, 0xff, 0xff, 0xff, //0x00001436 jmp          LBB0_196
	//0x0000143b LBB0_227
	0x48, 0x85, 0xd2, //0x0000143b testq        %rdx, %rdx
	0x0f, 0x84, 0xfe, 0x00, 0x00, 0x00, //0x0000143e je           LBB0_249
	0x48, 0x0f, 0xbc, 0xda, //0x00001444 bsfq         %rdx, %rbx
	0xe9, 0xfa, 0x00, 0x00, 0x00, //0x00001448 jmp          LBB0_250
	//0x0000144d LBB0_229
	0x48, 0x01, 0xd9, //0x0000144d addq         %rbx, %rcx
	0x49, 0x89, 0xce, //0x00001450 movq         %rcx, %r14
	0x48, 0xc7, 0xc0, 0xff, 0xff, 0xff, 0xff, //0x00001453 movq         $-1, %rax
	0x4d, 0x85, 0xe4, //0x0000145a testq        %r12, %r12
	0x48, 0x8b, 0x4d, 0xd0, //0x0000145d movq         $-48(%rbp), %rcx
	0x0f, 0x84, 0x77, 0x33, 0x00, 0x00, //0x00001461 je           LBB0_785
	//0x00001467 LBB0_230
	0x4d, 0x85, 0xd2, //0x00001467 testq        %r10, %r10
	0x0f, 0x84, 0x6e, 0x33, 0x00, 0x00, //0x0000146a je           LBB0_785
	0x4d, 0x85, 0xed, //0x00001470 testq        %r13, %r13
	0x0f, 0x84, 0x65, 0x33, 0x00, 0x00, //0x00001473 je           LBB0_785
	0x4d, 0x29, 0xc6, //0x00001479 subq         %r8, %r14
	0x49, 0x8d, 0x46, 0xff, //0x0000147c leaq         $-1(%r14), %rax
	0x49, 0x39, 0xc4, //0x00001480 cmpq         %rax, %r12
	0x0f, 0x84, 0x80, 0xee, 0xff, 0xff, //0x00001483 je           LBB0_238
	0x49, 0x39, 0xc2, //0x00001489 cmpq         %rax, %r10
	0x0f, 0x84, 0x77, 0xee, 0xff, 0xff, //0x0000148c je           LBB0_238
	0x49, 0x39, 0xc5, //0x00001492 cmpq         %rax, %r13
	0x0f, 0x84, 0x6e, 0xee, 0xff, 0xff, //0x00001495 je           LBB0_238
	0x4d, 0x85, 0xd2, //0x0000149b testq        %r10, %r10
	0x0f, 0x8e, 0x7b, 0x00, 0x00, 0x00, //0x0000149e jle          LBB0_246
	0x49, 0x8d, 0x42, 0xff, //0x000014a4 leaq         $-1(%r10), %rax
	0x49, 0x39, 0xc5, //0x000014a8 cmpq         %rax, %r13
	0x0f, 0x84, 0x6e, 0x00, 0x00, 0x00, //0x000014ab je           LBB0_246
	0x49, 0xf7, 0xd2, //0x000014b1 notq         %r10
	0x4d, 0x89, 0xd6, //0x000014b4 movq         %r10, %r14
	0xe9, 0x50, 0xee, 0xff, 0xff, //0x000014b7 jmp          LBB0_239
	//0x000014bc LBB0_241
	0xba, 0x40, 0x00, 0x00, 0x00, //0x000014bc movl         $64, %edx
	//0x000014c1 LBB0_242
	0x48, 0x8b, 0x75, 0xb8, //0x000014c1 movq         $-72(%rbp), %rsi
	0x48, 0x8b, 0x7d, 0xc8, //0x000014c5 movq         $-56(%rbp), %rdi
	0x49, 0xba, 0x00, 0x26, 0x00, 0x00, 0x01, 0x00, 0x00, 0x00, //0x000014c9 movabsq      $4294977024, %r10
	0x48, 0x8b, 0x4d, 0xd0, //0x000014d3 movq         $-48(%rbp), %rcx
	0x4c, 0x39, 0xea, //0x000014d7 cmpq         %r13, %rdx
	0x0f, 0x82, 0x5a, 0x35, 0x00, 0x00, //0x000014da jb           LBB0_819
	0x4c, 0x03, 0x9d, 0x78, 0xff, 0xff, 0xff, //0x000014e0 addq         $-136(%rbp), %r11
	0x4d, 0x01, 0xeb, //0x000014e7 addq         %r13, %r11
	0x4d, 0x89, 0xde, //0x000014ea movq         %r11, %r14
	0x4c, 0x8b, 0x5d, 0x88, //0x000014ed movq         $-120(%rbp), %r11
	0x4c, 0x8b, 0x6d, 0xb0, //0x000014f1 movq         $-80(%rbp), %r13
	//0x000014f5 LBB0_244
	0x4d, 0x85, 0xf6, //0x000014f5 testq        %r14, %r14
	0x0f, 0x88, 0x70, 0x28, 0x00, 0x00, //0x000014f8 js           LBB0_716
	//0x000014fe LBB0_245
	0x4c, 0x89, 0x36, //0x000014fe movq         %r14, (%rsi)
	0x48, 0x89, 0xc8, //0x00001501 movq         %rcx, %rax
	0x48, 0x89, 0xca, //0x00001504 movq         %rcx, %rdx
	0x48, 0xb9, 0xfe, 0xff, 0xff, 0xff, 0xff, 0xff, 0xff, 0x7f, //0x00001507 movabsq      $9223372036854775806, %rcx
	0x48, 0x39, 0xca, //0x00001511 cmpq         %rcx, %rdx
	0x0f, 0x86, 0x26, 0xee, 0xff, 0xff, //0x00001514 jbe          LBB0_26
	0xe9, 0xd3, 0x32, 0x00, 0x00, //0x0000151a jmp          LBB0_787
	//0x0000151f LBB0_246
	0x4c, 0x89, 0xe0, //0x0000151f movq         %r12, %rax
	0x4c, 0x09, 0xe8, //0x00001522 orq          %r13, %rax
	0x0f, 0x99, 0xc0, //0x00001525 setns        %al
	0x0f, 0x88, 0xb5, 0x05, 0x00, 0x00, //0x00001528 js           LBB0_326
	0x4d, 0x39, 0xec, //0x0000152e cmpq         %r13, %r12
	0x0f, 0x8c, 0xac, 0x05, 0x00, 0x00, //0x00001531 jl           LBB0_326
	0x49, 0xf7, 0xd4, //0x00001537 notq         %r12
	0x4d, 0x89, 0xe6, //0x0000153a movq         %r12, %r14
	0xe9, 0xca, 0xed, 0xff, 0xff, //0x0000153d jmp          LBB0_239
	//0x00001542 LBB0_249
	0xbb, 0x40, 0x00, 0x00, 0x00, //0x00001542 movl         $64, %ebx
	//0x00001547 LBB0_250
	0x48, 0x8b, 0x75, 0xb8, //0x00001547 movq         $-72(%rbp), %rsi
	0x4c, 0x89, 0xdf, //0x0000154b movq         %r11, %rdi
	0x49, 0xba, 0x00, 0x26, 0x00, 0x00, 0x01, 0x00, 0x00, 0x00, //0x0000154e movabsq      $4294977024, %r10
	0x4c, 0x39, 0xeb, //0x00001558 cmpq         %r13, %rbx
	0x4c, 0x8b, 0x5d, 0x88, //0x0000155b movq         $-120(%rbp), %r11
	0x0f, 0x82, 0xf5, 0x34, 0x00, 0x00, //0x0000155f jb           LBB0_821
	0x4c, 0x03, 0xbd, 0x78, 0xff, 0xff, 0xff, //0x00001565 addq         $-136(%rbp), %r15
	0x4d, 0x01, 0xef, //0x0000156c addq         %r13, %r15
	0x4d, 0x89, 0xfe, //0x0000156f movq         %r15, %r14
	0x4c, 0x8b, 0x6d, 0xb0, //0x00001572 movq         $-80(%rbp), %r13
	0x48, 0x8b, 0x4d, 0xd0, //0x00001576 movq         $-48(%rbp), %rcx
	0x4d, 0x85, 0xf6, //0x0000157a testq        %r14, %r14
	0x0f, 0x88, 0x37, 0x32, 0x00, 0x00, //0x0000157d js           LBB0_145
	//0x00001583 LBB0_252
	0x4c, 0x89, 0x36, //0x00001583 movq         %r14, (%rsi)
	0x48, 0x89, 0xc8, //0x00001586 movq         %rcx, %rax
	0x48, 0x89, 0xca, //0x00001589 movq         %rcx, %rdx
	0x48, 0xb9, 0xfe, 0xff, 0xff, 0xff, 0xff, 0xff, 0xff, 0x7f, //0x0000158c movabsq      $9223372036854775806, %rcx
	0x48, 0x39, 0xca, //0x00001596 cmpq         %rcx, %rdx
	0x0f, 0x87, 0x53, 0x32, 0x00, 0x00, //0x00001599 ja           LBB0_787
	0x49, 0x8b, 0x03, //0x0000159f movq         (%r11), %rax
	0x48, 0x3d, 0xff, 0x0f, 0x00, 0x00, //0x000015a2 cmpq         $4095, %rax
	0x0f, 0x8f, 0xb4, 0x27, 0x00, 0x00, //0x000015a8 jg           LBB0_797
	0x48, 0x8d, 0x48, 0x01, //0x000015ae leaq         $1(%rax), %rcx
	0x49, 0x89, 0x0b, //0x000015b2 movq         %rcx, (%r11)
	0x49, 0xc7, 0x44, 0xc3, 0x08, 0x04, 0x00, 0x00, 0x00, //0x000015b5 movq         $4, $8(%r11,%rax,8)
	0xe9, 0x7d, 0xed, 0xff, 0xff, //0x000015be jmp          LBB0_26
	//0x000015c3 LBB0_255
	0x48, 0x8b, 0x4f, 0x08, //0x000015c3 movq         $8(%rdi), %rcx
	0x48, 0x8d, 0x51, 0xfc, //0x000015c7 leaq         $-4(%rcx), %rdx
	0x49, 0x39, 0xd4, //0x000015cb cmpq         %rdx, %r12
	0x0f, 0x83, 0x87, 0x32, 0x00, 0x00, //0x000015ce jae          LBB0_798
	0x43, 0x8b, 0x0c, 0x31, //0x000015d4 movl         (%r9,%r14), %ecx
	0x81, 0xf9, 0x61, 0x6c, 0x73, 0x65, //0x000015d8 cmpl         $1702063201, %ecx
	0x0f, 0x85, 0xbd, 0x32, 0x00, 0x00, //0x000015de jne          LBB0_799
	0x48, 0x8b, 0x55, 0xd0, //0x000015e4 movq         $-48(%rbp), %rdx
	0x4c, 0x8d, 0x72, 0x05, //0x000015e8 leaq         $5(%rdx), %r14
	0xe9, 0xd4, 0x04, 0x00, 0x00, //0x000015ec jmp          LBB0_325
	//0x000015f1 LBB0_258
	0x49, 0x8b, 0x03, //0x000015f1 movq         (%r11), %rax
	0x48, 0x3d, 0xff, 0x0f, 0x00, 0x00, //0x000015f4 cmpq         $4095, %rax
	0x0f, 0x8f, 0x62, 0x27, 0x00, 0x00, //0x000015fa jg           LBB0_797
	0x48, 0x8d, 0x48, 0x01, //0x00001600 leaq         $1(%rax), %rcx
	0x49, 0x89, 0x0b, //0x00001604 movq         %rcx, (%r11)
	0x49, 0xc7, 0x44, 0xc3, 0x08, 0x05, 0x00, 0x00, 0x00, //0x00001607 movq         $5, $8(%r11,%rax,8)
	0xe9, 0x2b, 0xed, 0xff, 0xff, //0x00001610 jmp          LBB0_26
	//0x00001615 LBB0_260
	0x49, 0x89, 0xfb, //0x00001615 movq         %rdi, %r11
	0x48, 0x8b, 0x4f, 0x08, //0x00001618 movq         $8(%rdi), %rcx
	0xf6, 0x85, 0x60, 0xff, 0xff, 0xff, 0x20, //0x0000161c testb        $32, $-160(%rbp)
	0x4c, 0x89, 0x6d, 0xb0, //0x00001623 movq         %r13, $-80(%rbp)
	0x48, 0x89, 0x4d, 0xa8, //0x00001627 movq         %rcx, $-88(%rbp)
	0x49, 0x89, 0xca, //0x0000162b movq         %rcx, %r10
	0x0f, 0x85, 0xcc, 0x04, 0x00, 0x00, //0x0000162e jne          LBB0_327
	0x4d, 0x29, 0xf2, //0x00001634 subq         %r14, %r10
	0x48, 0x8b, 0x45, 0xd0, //0x00001637 movq         $-48(%rbp), %rax
	0x0f, 0x84, 0xf0, 0x33, 0x00, 0x00, //0x0000163b je           LBB0_823
	0x49, 0x83, 0xfa, 0x40, //0x00001641 cmpq         $64, %r10
	0x0f, 0x82, 0x95, 0x14, 0x00, 0x00, //0x00001645 jb           LBB0_495
	0x49, 0xc7, 0xc5, 0xfe, 0xff, 0xff, 0xff, //0x0000164b movq         $-2, %r13
	0x49, 0x29, 0xc5, //0x00001652 subq         %rax, %r13
	0x4c, 0x8d, 0x70, 0x01, //0x00001655 leaq         $1(%rax), %r14
	0x48, 0xc7, 0x45, 0xc8, 0xff, 0xff, 0xff, 0xff, //0x00001659 movq         $-1, $-56(%rbp)
	0x45, 0x31, 0xc0, //0x00001661 xorl         %r8d, %r8d
	0x90, 0x90, 0x90, 0x90, 0x90, 0x90, 0x90, 0x90, 0x90, 0x90, 0x90, 0x90, //0x00001664 .p2align 4, 0x90
	//0x00001670 LBB0_264
	0xf3, 0x43, 0x0f, 0x6f, 0x1c, 0x31, //0x00001670 movdqu       (%r9,%r14), %xmm3
	0xf3, 0x43, 0x0f, 0x6f, 0x64, 0x31, 0x10, //0x00001676 movdqu       $16(%r9,%r14), %xmm4
	0xf3, 0x43, 0x0f, 0x6f, 0x6c, 0x31, 0x20, //0x0000167d movdqu       $32(%r9,%r14), %xmm5
	0xf3, 0x43, 0x0f, 0x6f, 0x74, 0x31, 0x30, //0x00001684 movdqu       $48(%r9,%r14), %xmm6
	0x66, 0x0f, 0x6f, 0xfb, //0x0000168b movdqa       %xmm3, %xmm7
	0x66, 0x0f, 0x74, 0xf8, //0x0000168f pcmpeqb      %xmm0, %xmm7
	0x66, 0x44, 0x0f, 0xd7, 0xff, //0x00001693 pmovmskb     %xmm7, %r15d
	0x66, 0x0f, 0x6f, 0xfc, //0x00001698 movdqa       %xmm4, %xmm7
	0x66, 0x0f, 0x74, 0xf8, //0x0000169c pcmpeqb      %xmm0, %xmm7
	0x66, 0x0f, 0xd7, 0xcf, //0x000016a0 pmovmskb     %xmm7, %ecx
	0x66, 0x0f, 0x6f, 0xfd, //0x000016a4 movdqa       %xmm5, %xmm7
	0x66, 0x0f, 0x74, 0xf8, //0x000016a8 pcmpeqb      %xmm0, %xmm7
	0x66, 0x0f, 0xd7, 0xc7, //0x000016ac pmovmskb     %xmm7, %eax
	0x66, 0x0f, 0x6f, 0xfe, //0x000016b0 movdqa       %xmm6, %xmm7
	0x66, 0x0f, 0x74, 0xf8, //0x000016b4 pcmpeqb      %xmm0, %xmm7
	0x66, 0x0f, 0xd7, 0xff, //0x000016b8 pmovmskb     %xmm7, %edi
	0x66, 0x0f, 0x74, 0xd9, //0x000016bc pcmpeqb      %xmm1, %xmm3
	0x66, 0x44, 0x0f, 0xd7, 0xe3, //0x000016c0 pmovmskb     %xmm3, %r12d
	0x66, 0x0f, 0x74, 0xe1, //0x000016c5 pcmpeqb      %xmm1, %xmm4
	0x66, 0x0f, 0xd7, 0xdc, //0x000016c9 pmovmskb     %xmm4, %ebx
	0x66, 0x0f, 0x74, 0xe9, //0x000016cd pcmpeqb      %xmm1, %xmm5
	0x66, 0x0f, 0xd7, 0xd5, //0x000016d1 pmovmskb     %xmm5, %edx
	0x66, 0x0f, 0x74, 0xf1, //0x000016d5 pcmpeqb      %xmm1, %xmm6
	0x66, 0x0f, 0xd7, 0xf6, //0x000016d9 pmovmskb     %xmm6, %esi
	0x48, 0xc1, 0xe7, 0x30, //0x000016dd shlq         $48, %rdi
	0x48, 0xc1, 0xe0, 0x20, //0x000016e1 shlq         $32, %rax
	0x48, 0x09, 0xf8, //0x000016e5 orq          %rdi, %rax
	0x48, 0xc1, 0xe1, 0x10, //0x000016e8 shlq         $16, %rcx
	0x48, 0x09, 0xc1, //0x000016ec orq          %rax, %rcx
	0x49, 0x09, 0xcf, //0x000016ef orq          %rcx, %r15
	0x48, 0xc1, 0xe6, 0x30, //0x000016f2 shlq         $48, %rsi
	0x48, 0xc1, 0xe2, 0x20, //0x000016f6 shlq         $32, %rdx
	0x48, 0x09, 0xf2, //0x000016fa orq          %rsi, %rdx
	0x48, 0xc1, 0xe3, 0x10, //0x000016fd shlq         $16, %rbx
	0x48, 0x09, 0xd3, //0x00001701 orq          %rdx, %rbx
	0x49, 0x09, 0xdc, //0x00001704 orq          %rbx, %r12
	0x0f, 0x85, 0x34, 0x00, 0x00, 0x00, //0x00001707 jne          LBB0_273
	0x4d, 0x85, 0xc0, //0x0000170d testq        %r8, %r8
	0x0f, 0x85, 0x41, 0x00, 0x00, 0x00, //0x00001710 jne          LBB0_275
	0x45, 0x31, 0xc0, //0x00001716 xorl         %r8d, %r8d
	0x4d, 0x85, 0xff, //0x00001719 testq        %r15, %r15
	0x48, 0x8b, 0x4d, 0xd0, //0x0000171c movq         $-48(%rbp), %rcx
	0x0f, 0x85, 0x87, 0x00, 0x00, 0x00, //0x00001720 jne          LBB0_276
	//0x00001726 LBB0_267
	0x49, 0x83, 0xc2, 0xc0, //0x00001726 addq         $-64, %r10
	0x49, 0x83, 0xc5, 0xc0, //0x0000172a addq         $-64, %r13
	0x49, 0x83, 0xc6, 0x40, //0x0000172e addq         $64, %r14
	0x49, 0x83, 0xfa, 0x3f, //0x00001732 cmpq         $63, %r10
	0x0f, 0x87, 0x34, 0xff, 0xff, 0xff, //0x00001736 ja           LBB0_264
	0xe9, 0x2d, 0x0b, 0x00, 0x00, //0x0000173c jmp          LBB0_268
	//0x00001741 LBB0_273
	0x48, 0x83, 0x7d, 0xc8, 0xff, //0x00001741 cmpq         $-1, $-56(%rbp)
	0x0f, 0x85, 0x0b, 0x00, 0x00, 0x00, //0x00001746 jne          LBB0_275
	0x49, 0x0f, 0xbc, 0xc4, //0x0000174c bsfq         %r12, %rax
	0x4c, 0x01, 0xf0, //0x00001750 addq         %r14, %rax
	0x48, 0x89, 0x45, 0xc8, //0x00001753 movq         %rax, $-56(%rbp)
	//0x00001757 LBB0_275
	0x4c, 0x89, 0xc0, //0x00001757 movq         %r8, %rax
	0x48, 0xf7, 0xd0, //0x0000175a notq         %rax
	0x4c, 0x21, 0xe0, //0x0000175d andq         %r12, %rax
	0x48, 0x8d, 0x0c, 0x00, //0x00001760 leaq         (%rax,%rax), %rcx
	0x4c, 0x09, 0xc1, //0x00001764 orq          %r8, %rcx
	0x48, 0x89, 0xca, //0x00001767 movq         %rcx, %rdx
	0x48, 0xf7, 0xd2, //0x0000176a notq         %rdx
	0x4c, 0x21, 0xe2, //0x0000176d andq         %r12, %rdx
	0x48, 0xbe, 0xaa, 0xaa, 0xaa, 0xaa, 0xaa, 0xaa, 0xaa, 0xaa, //0x00001770 movabsq      $-6148914691236517206, %rsi
	0x48, 0x21, 0xf2, //0x0000177a andq         %rsi, %rdx
	0x45, 0x31, 0xc0, //0x0000177d xorl         %r8d, %r8d
	0x48, 0x01, 0xc2, //0x00001780 addq         %rax, %rdx
	0x41, 0x0f, 0x92, 0xc0, //0x00001783 setb         %r8b
	0x48, 0x01, 0xd2, //0x00001787 addq         %rdx, %rdx
	0x48, 0xb8, 0x55, 0x55, 0x55, 0x55, 0x55, 0x55, 0x55, 0x55, //0x0000178a movabsq      $6148914691236517205, %rax
	0x48, 0x31, 0xc2, //0x00001794 xorq         %rax, %rdx
	0x48, 0x21, 0xca, //0x00001797 andq         %rcx, %rdx
	0x48, 0xf7, 0xd2, //0x0000179a notq         %rdx
	0x49, 0x21, 0xd7, //0x0000179d andq         %rdx, %r15
	0x4d, 0x85, 0xff, //0x000017a0 testq        %r15, %r15
	0x48, 0x8b, 0x4d, 0xd0, //0x000017a3 movq         $-48(%rbp), %rcx
	0x0f, 0x84, 0x79, 0xff, 0xff, 0xff, //0x000017a7 je           LBB0_267
	//0x000017ad LBB0_276
	0x4d, 0x0f, 0xbc, 0xf7, //0x000017ad bsfq         %r15, %r14
	0x4d, 0x29, 0xee, //0x000017b1 subq         %r13, %r14
	0x48, 0x8b, 0x75, 0xb8, //0x000017b4 movq         $-72(%rbp), %rsi
	0x4c, 0x89, 0xdf, //0x000017b8 movq         %r11, %rdi
	0x4c, 0x8b, 0x5d, 0x88, //0x000017bb movq         $-120(%rbp), %r11
	0x4c, 0x8b, 0x6d, 0xb0, //0x000017bf movq         $-80(%rbp), %r13
	0x49, 0xba, 0x00, 0x26, 0x00, 0x00, 0x01, 0x00, 0x00, 0x00, //0x000017c3 movabsq      $4294977024, %r10
	0x4d, 0x85, 0xf6, //0x000017cd testq        %r14, %r14
	0x0f, 0x89, 0x28, 0xfd, 0xff, 0xff, //0x000017d0 jns          LBB0_245
	0xe9, 0xdf, 0x2f, 0x00, 0x00, //0x000017d6 jmp          LBB0_145
	//0x000017db LBB0_277
	0x48, 0x8b, 0x47, 0x08, //0x000017db movq         $8(%rdi), %rax
	0x48, 0x89, 0xc3, //0x000017df movq         %rax, %rbx
	0x4c, 0x29, 0xf3, //0x000017e2 subq         %r14, %rbx
	0x48, 0x85, 0xdb, //0x000017e5 testq        %rbx, %rbx
	0x0f, 0x8e, 0x84, 0x32, 0x00, 0x00, //0x000017e8 jle          LBB0_822
	0x4c, 0x89, 0x6d, 0xb0, //0x000017ee movq         %r13, $-80(%rbp)
	0x43, 0x8a, 0x0c, 0x31, //0x000017f2 movb         (%r9,%r14), %cl
	0x8d, 0x51, 0xd0, //0x000017f6 leal         $-48(%rcx), %edx
	0x48, 0xc7, 0xc0, 0xfe, 0xff, 0xff, 0xff, //0x000017f9 movq         $-2, %rax
	0x80, 0xfa, 0x09, //0x00001800 cmpb         $9, %dl
	0x0f, 0x87, 0xe9, 0x2f, 0x00, 0x00, //0x00001803 ja           LBB0_787
	0x49, 0x89, 0xfb, //0x00001809 movq         %rdi, %r11
	0x4b, 0x8d, 0x14, 0x31, //0x0000180c leaq         (%r9,%r14), %rdx
	0x48, 0x89, 0x55, 0xc8, //0x00001810 movq         %rdx, $-56(%rbp)
	0x80, 0xf9, 0x30, //0x00001814 cmpb         $48, %cl
	0x48, 0x8b, 0x4d, 0xd0, //0x00001817 movq         $-48(%rbp), %rcx
	0x0f, 0x85, 0x3e, 0x00, 0x00, 0x00, //0x0000181b jne          LBB0_283
	0x41, 0xbf, 0x01, 0x00, 0x00, 0x00, //0x00001821 movl         $1, %r15d
	0x48, 0x83, 0xfb, 0x01, //0x00001827 cmpq         $1, %rbx
	0x0f, 0x84, 0xcd, 0x07, 0x00, 0x00, //0x0000182b je           LBB0_379
	0x48, 0x8b, 0x4d, 0xc8, //0x00001831 movq         $-56(%rbp), %rcx
	0x8a, 0x49, 0x01, //0x00001835 movb         $1(%rcx), %cl
	0x80, 0xc1, 0xd2, //0x00001838 addb         $-46, %cl
	0x80, 0xf9, 0x37, //0x0000183b cmpb         $55, %cl
	0x0f, 0x87, 0x06, 0x0a, 0x00, 0x00, //0x0000183e ja           LBB0_393
	0x0f, 0xb6, 0xc9, //0x00001844 movzbl       %cl, %ecx
	0x48, 0xba, 0x01, 0x00, 0x80, 0x00, 0x00, 0x00, 0x80, 0x00, //0x00001847 movabsq      $36028797027352577, %rdx
	0x48, 0x0f, 0xa3, 0xca, //0x00001851 btq          %rcx, %rdx
	0x48, 0x8b, 0x4d, 0xd0, //0x00001855 movq         $-48(%rbp), %rcx
	0x0f, 0x83, 0x9f, 0x07, 0x00, 0x00, //0x00001859 jae          LBB0_379
	//0x0000185f LBB0_283
	0x48, 0x83, 0xfb, 0x10, //0x0000185f cmpq         $16, %rbx
	0x0f, 0x82, 0x56, 0x12, 0x00, 0x00, //0x00001863 jb           LBB0_494
	0x49, 0xc7, 0xc2, 0xff, 0xff, 0xff, 0xff, //0x00001869 movq         $-1, %r10
	0x45, 0x31, 0xff, //0x00001870 xorl         %r15d, %r15d
	0x49, 0xc7, 0xc5, 0xff, 0xff, 0xff, 0xff, //0x00001873 movq         $-1, %r13
	0x49, 0xc7, 0xc4, 0xff, 0xff, 0xff, 0xff, //0x0000187a movq         $-1, %r12
	0x48, 0x89, 0x5d, 0xa8, //0x00001881 movq         %rbx, $-88(%rbp)
	0x48, 0x89, 0xde, //0x00001885 movq         %rbx, %rsi
	0x90, 0x90, 0x90, 0x90, 0x90, 0x90, 0x90, 0x90, //0x00001888 .p2align 4, 0x90
	//0x00001890 LBB0_285
	0x48, 0x8b, 0x4d, 0xc8, //0x00001890 movq         $-56(%rbp), %rcx
	0xf3, 0x42, 0x0f, 0x6f, 0x1c, 0x39, //0x00001894 movdqu       (%rcx,%r15), %xmm3
	0x66, 0x0f, 0x6f, 0xe3, //0x0000189a movdqa       %xmm3, %xmm4
	0x66, 0x41, 0x0f, 0x64, 0xe0, //0x0000189e pcmpgtb      %xmm8, %xmm4
	0x66, 0x41, 0x0f, 0x6f, 0xee, //0x000018a3 movdqa       %xmm14, %xmm5
	0x66, 0x0f, 0x64, 0xeb, //0x000018a8 pcmpgtb      %xmm3, %xmm5
	0x66, 0x0f, 0xdb, 0xec, //0x000018ac pand         %xmm4, %xmm5
	0x66, 0x0f, 0x6f, 0xe3, //0x000018b0 movdqa       %xmm3, %xmm4
	0x66, 0x41, 0x0f, 0x74, 0xe1, //0x000018b4 pcmpeqb      %xmm9, %xmm4
	0x66, 0x0f, 0x6f, 0xf3, //0x000018b9 movdqa       %xmm3, %xmm6
	0x66, 0x41, 0x0f, 0x74, 0xf2, //0x000018bd pcmpeqb      %xmm10, %xmm6
	0x66, 0x0f, 0xeb, 0xf4, //0x000018c2 por          %xmm4, %xmm6
	0x66, 0x0f, 0x6f, 0xe3, //0x000018c6 movdqa       %xmm3, %xmm4
	0x66, 0x41, 0x0f, 0xdb, 0xe3, //0x000018ca pand         %xmm11, %xmm4
	0x66, 0x41, 0x0f, 0x74, 0xdc, //0x000018cf pcmpeqb      %xmm12, %xmm3
	0x66, 0x41, 0x0f, 0x74, 0xe5, //0x000018d4 pcmpeqb      %xmm13, %xmm4
	0x66, 0x0f, 0xd7, 0xd4, //0x000018d9 pmovmskb     %xmm4, %edx
	0x66, 0x0f, 0xeb, 0xe3, //0x000018dd por          %xmm3, %xmm4
	0x66, 0x0f, 0xeb, 0xee, //0x000018e1 por          %xmm6, %xmm5
	0x66, 0x0f, 0xeb, 0xec, //0x000018e5 por          %xmm4, %xmm5
	0x66, 0x44, 0x0f, 0xd7, 0xc3, //0x000018e9 pmovmskb     %xmm3, %r8d
	0x66, 0x0f, 0xd7, 0xde, //0x000018ee pmovmskb     %xmm6, %ebx
	0x66, 0x0f, 0xd7, 0xcd, //0x000018f2 pmovmskb     %xmm5, %ecx
	0xf7, 0xd1, //0x000018f6 notl         %ecx
	0x0f, 0xbc, 0xc9, //0x000018f8 bsfl         %ecx, %ecx
	0x83, 0xf9, 0x10, //0x000018fb cmpl         $16, %ecx
	0x0f, 0x84, 0x12, 0x00, 0x00, 0x00, //0x000018fe je           LBB0_287
	0xbf, 0xff, 0xff, 0xff, 0xff, //0x00001904 movl         $-1, %edi
	0xd3, 0xe7, //0x00001909 shll         %cl, %edi
	0xf7, 0xd7, //0x0000190b notl         %edi
	0x41, 0x21, 0xf8, //0x0000190d andl         %edi, %r8d
	0x21, 0xfa, //0x00001910 andl         %edi, %edx
	0x21, 0xdf, //0x00001912 andl         %ebx, %edi
	0x89, 0xfb, //0x00001914 movl         %edi, %ebx
	//0x00001916 LBB0_287
	0x41, 0x8d, 0x78, 0xff, //0x00001916 leal         $-1(%r8), %edi
	0x44, 0x21, 0xc7, //0x0000191a andl         %r8d, %edi
	0x0f, 0x85, 0x30, 0x09, 0x00, 0x00, //0x0000191d jne          LBB0_394
	0x8d, 0x7a, 0xff, //0x00001923 leal         $-1(%rdx), %edi
	0x21, 0xd7, //0x00001926 andl         %edx, %edi
	0x0f, 0x85, 0x25, 0x09, 0x00, 0x00, //0x00001928 jne          LBB0_394
	0x8d, 0x7b, 0xff, //0x0000192e leal         $-1(%rbx), %edi
	0x21, 0xdf, //0x00001931 andl         %ebx, %edi
	0x0f, 0x85, 0x1a, 0x09, 0x00, 0x00, //0x00001933 jne          LBB0_394
	0x45, 0x85, 0xc0, //0x00001939 testl        %r8d, %r8d
	0x0f, 0x84, 0x14, 0x00, 0x00, 0x00, //0x0000193c je           LBB0_293
	0x41, 0x0f, 0xbc, 0xf8, //0x00001942 bsfl         %r8d, %edi
	0x49, 0x83, 0xfc, 0xff, //0x00001946 cmpq         $-1, %r12
	0x0f, 0x85, 0xc7, 0x09, 0x00, 0x00, //0x0000194a jne          LBB0_397
	0x4c, 0x01, 0xff, //0x00001950 addq         %r15, %rdi
	0x49, 0x89, 0xfc, //0x00001953 movq         %rdi, %r12
	//0x00001956 LBB0_293
	0x85, 0xd2, //0x00001956 testl        %edx, %edx
	0x0f, 0x84, 0x13, 0x00, 0x00, 0x00, //0x00001958 je           LBB0_296
	0x0f, 0xbc, 0xd2, //0x0000195e bsfl         %edx, %edx
	0x49, 0x83, 0xfd, 0xff, //0x00001961 cmpq         $-1, %r13
	0x0f, 0x85, 0xa5, 0x09, 0x00, 0x00, //0x00001965 jne          LBB0_396
	0x4c, 0x01, 0xfa, //0x0000196b addq         %r15, %rdx
	0x49, 0x89, 0xd5, //0x0000196e movq         %rdx, %r13
	//0x00001971 LBB0_296
	0x85, 0xdb, //0x00001971 testl        %ebx, %ebx
	0x0f, 0x84, 0x13, 0x00, 0x00, 0x00, //0x00001973 je           LBB0_299
	0x0f, 0xbc, 0xd3, //0x00001979 bsfl         %ebx, %edx
	0x49, 0x83, 0xfa, 0xff, //0x0000197c cmpq         $-1, %r10
	0x0f, 0x85, 0x8a, 0x09, 0x00, 0x00, //0x00001980 jne          LBB0_396
	0x4c, 0x01, 0xfa, //0x00001986 addq         %r15, %rdx
	0x49, 0x89, 0xd2, //0x00001989 movq         %rdx, %r10
	//0x0000198c LBB0_299
	0x83, 0xf9, 0x10, //0x0000198c cmpl         $16, %ecx
	0x0f, 0x85, 0xc8, 0x05, 0x00, 0x00, //0x0000198f jne          LBB0_812
	0x48, 0x83, 0xc6, 0xf0, //0x00001995 addq         $-16, %rsi
	0x49, 0x83, 0xc7, 0x10, //0x00001999 addq         $16, %r15
	0x48, 0x83, 0xfe, 0x0f, //0x0000199d cmpq         $15, %rsi
	0x0f, 0x87, 0xe9, 0xfe, 0xff, 0xff, //0x000019a1 ja           LBB0_285
	0x48, 0x8b, 0x4d, 0xc8, //0x000019a7 movq         $-56(%rbp), %rcx
	0x4c, 0x01, 0xf9, //0x000019ab addq         %r15, %rcx
	0x48, 0x89, 0xcf, //0x000019ae movq         %rcx, %rdi
	0x4c, 0x39, 0x7d, 0xa8, //0x000019b1 cmpq         %r15, $-88(%rbp)
	0x0f, 0x84, 0xc6, 0x05, 0x00, 0x00, //0x000019b5 je           LBB0_368
	//0x000019bb LBB0_302
	0x4c, 0x8d, 0x3c, 0x31, //0x000019bb leaq         (%rcx,%rsi), %r15
	0x48, 0x8b, 0x95, 0x68, 0xff, 0xff, 0xff, //0x000019bf movq         $-152(%rbp), %rdx
	0x4c, 0x8d, 0x04, 0x0a, //0x000019c6 leaq         (%rdx,%rcx), %r8
	0x4c, 0x2b, 0x45, 0xd0, //0x000019ca subq         $-48(%rbp), %r8
	0x31, 0xdb, //0x000019ce xorl         %ebx, %ebx
	0xe9, 0x28, 0x00, 0x00, 0x00, //0x000019d0 jmp          LBB0_306
	//0x000019d5 LBB0_303
	0x49, 0x83, 0xfa, 0xff, //0x000019d5 cmpq         $-1, %r10
	0x0f, 0x85, 0x7c, 0x08, 0x00, 0x00, //0x000019d9 jne          LBB0_395
	0x4d, 0x8d, 0x14, 0x18, //0x000019df leaq         (%r8,%rbx), %r10
	0x90, 0x90, 0x90, 0x90, 0x90, 0x90, 0x90, 0x90, 0x90, 0x90, 0x90, 0x90, 0x90, //0x000019e3 .p2align 4, 0x90
	//0x000019f0 LBB0_305
	0x48, 0x83, 0xc3, 0x01, //0x000019f0 addq         $1, %rbx
	0x48, 0x39, 0xde, //0x000019f4 cmpq         %rbx, %rsi
	0x0f, 0x84, 0xb1, 0x07, 0x00, 0x00, //0x000019f7 je           LBB0_392
	//0x000019fd LBB0_306
	0x0f, 0xbe, 0x3c, 0x19, //0x000019fd movsbl       (%rcx,%rbx), %edi
	0x8d, 0x57, 0xd0, //0x00001a01 leal         $-48(%rdi), %edx
	0x83, 0xfa, 0x0a, //0x00001a04 cmpl         $10, %edx
	0x0f, 0x82, 0xe3, 0xff, 0xff, 0xff, //0x00001a07 jb           LBB0_305
	0x8d, 0x57, 0xd5, //0x00001a0d leal         $-43(%rdi), %edx
	0x83, 0xfa, 0x1a, //0x00001a10 cmpl         $26, %edx
	0x0f, 0x87, 0x23, 0x00, 0x00, 0x00, //0x00001a13 ja           LBB0_311
	0x48, 0x8d, 0x3d, 0xd8, 0x40, 0x00, 0x00, //0x00001a19 leaq         $16600(%rip), %rdi  /* LJTI0_12+0(%rip) */
	0x48, 0x63, 0x14, 0x97, //0x00001a20 movslq       (%rdi,%rdx,4), %rdx
	0x48, 0x01, 0xfa, //0x00001a24 addq         %rdi, %rdx
	0xff, 0xe2, //0x00001a27 jmpq         *%rdx
	//0x00001a29 LBB0_309
	0x49, 0x83, 0xfc, 0xff, //0x00001a29 cmpq         $-1, %r12
	0x0f, 0x85, 0x28, 0x08, 0x00, 0x00, //0x00001a2d jne          LBB0_395
	0x4d, 0x8d, 0x24, 0x18, //0x00001a33 leaq         (%r8,%rbx), %r12
	0xe9, 0xb4, 0xff, 0xff, 0xff, //0x00001a37 jmp          LBB0_305
	//0x00001a3c LBB0_311
	0x83, 0xff, 0x65, //0x00001a3c cmpl         $101, %edi
	0x0f, 0x85, 0x36, 0x05, 0x00, 0x00, //0x00001a3f jne          LBB0_367
	//0x00001a45 LBB0_312
	0x49, 0x83, 0xfd, 0xff, //0x00001a45 cmpq         $-1, %r13
	0x0f, 0x85, 0x0c, 0x08, 0x00, 0x00, //0x00001a49 jne          LBB0_395
	0x4d, 0x8d, 0x2c, 0x18, //0x00001a4f leaq         (%r8,%rbx), %r13
	0xe9, 0x98, 0xff, 0xff, 0xff, //0x00001a53 jmp          LBB0_305
	//0x00001a58 LBB0_314
	0x48, 0x8b, 0x4f, 0x08, //0x00001a58 movq         $8(%rdi), %rcx
	0x48, 0x8d, 0x51, 0xfd, //0x00001a5c leaq         $-3(%rcx), %rdx
	0x49, 0x39, 0xd4, //0x00001a60 cmpq         %rdx, %r12
	0x0f, 0x83, 0xf2, 0x2d, 0x00, 0x00, //0x00001a63 jae          LBB0_798
	0x41, 0x81, 0x38, 0x6e, 0x75, 0x6c, 0x6c, //0x00001a69 cmpl         $1819047278, (%r8)
	0x0f, 0x84, 0x47, 0x00, 0x00, 0x00, //0x00001a70 je           LBB0_324
	0xe9, 0x8f, 0x2e, 0x00, 0x00, //0x00001a76 jmp          LBB0_316
	//0x00001a7b LBB0_320
	0x49, 0x8b, 0x03, //0x00001a7b movq         (%r11), %rax
	0x48, 0x3d, 0xff, 0x0f, 0x00, 0x00, //0x00001a7e cmpq         $4095, %rax
	0x0f, 0x8f, 0xd8, 0x22, 0x00, 0x00, //0x00001a84 jg           LBB0_797
	0x48, 0x8d, 0x48, 0x01, //0x00001a8a leaq         $1(%rax), %rcx
	0x49, 0x89, 0x0b, //0x00001a8e movq         %rcx, (%r11)
	0x49, 0xc7, 0x44, 0xc3, 0x08, 0x06, 0x00, 0x00, 0x00, //0x00001a91 movq         $6, $8(%r11,%rax,8)
	0xe9, 0xa1, 0xe8, 0xff, 0xff, //0x00001a9a jmp          LBB0_26
	//0x00001a9f LBB0_322
	0x48, 0x8b, 0x4f, 0x08, //0x00001a9f movq         $8(%rdi), %rcx
	0x48, 0x8d, 0x51, 0xfd, //0x00001aa3 leaq         $-3(%rcx), %rdx
	0x49, 0x39, 0xd4, //0x00001aa7 cmpq         %rdx, %r12
	0x0f, 0x83, 0xab, 0x2d, 0x00, 0x00, //0x00001aaa jae          LBB0_798
	0x41, 0x81, 0x38, 0x74, 0x72, 0x75, 0x65, //0x00001ab0 cmpl         $1702195828, (%r8)
	0x0f, 0x85, 0xbb, 0x2e, 0x00, 0x00, //0x00001ab7 jne          LBB0_804
	//0x00001abd LBB0_324
	0x48, 0x8b, 0x55, 0xd0, //0x00001abd movq         $-48(%rbp), %rdx
	0x4c, 0x8d, 0x72, 0x04, //0x00001ac1 leaq         $4(%rdx), %r14
	//0x00001ac5 LBB0_325
	0x4c, 0x89, 0x36, //0x00001ac5 movq         %r14, (%rsi)
	0x48, 0x89, 0xd0, //0x00001ac8 movq         %rdx, %rax
	0x48, 0xb9, 0xfe, 0xff, 0xff, 0xff, 0xff, 0xff, 0xff, 0x7f, //0x00001acb movabsq      $9223372036854775806, %rcx
	0x48, 0x39, 0xca, //0x00001ad5 cmpq         %rcx, %rdx
	0x0f, 0x86, 0x62, 0xe8, 0xff, 0xff, //0x00001ad8 jbe          LBB0_26
	0xe9, 0x0f, 0x2d, 0x00, 0x00, //0x00001ade jmp          LBB0_787
	//0x00001ae3 LBB0_326
	0x49, 0x8d, 0x4d, 0xff, //0x00001ae3 leaq         $-1(%r13), %rcx
	0x49, 0x39, 0xcc, //0x00001ae7 cmpq         %rcx, %r12
	0x48, 0x8b, 0x4d, 0xd0, //0x00001aea movq         $-48(%rbp), %rcx
	0x49, 0xf7, 0xd5, //0x00001aee notq         %r13
	0x4d, 0x0f, 0x45, 0xee, //0x00001af1 cmovneq      %r14, %r13
	0x84, 0xc0, //0x00001af5 testb        %al, %al
	0x4d, 0x0f, 0x45, 0xf5, //0x00001af7 cmovneq      %r13, %r14
	0xe9, 0x0c, 0xe8, 0xff, 0xff, //0x00001afb jmp          LBB0_239
	//0x00001b00 LBB0_327
	0x4d, 0x29, 0xf2, //0x00001b00 subq         %r14, %r10
	0x0f, 0x84, 0x28, 0x2f, 0x00, 0x00, //0x00001b03 je           LBB0_823
	0x4f, 0x8d, 0x3c, 0x31, //0x00001b09 leaq         (%r9,%r14), %r15
	0x49, 0x83, 0xfa, 0x40, //0x00001b0d cmpq         $64, %r10
	0x0f, 0x82, 0xea, 0x0f, 0x00, 0x00, //0x00001b11 jb           LBB0_496
	0x48, 0xc7, 0x45, 0xc8, 0xff, 0xff, 0xff, 0xff, //0x00001b17 movq         $-1, $-56(%rbp)
	0x45, 0x31, 0xc0, //0x00001b1f xorl         %r8d, %r8d
	0x90, 0x90, 0x90, 0x90, 0x90, 0x90, 0x90, 0x90, 0x90, 0x90, 0x90, 0x90, 0x90, 0x90, //0x00001b22 .p2align 4, 0x90
	//0x00001b30 LBB0_330
	0xf3, 0x41, 0x0f, 0x6f, 0x27, //0x00001b30 movdqu       (%r15), %xmm4
	0xf3, 0x41, 0x0f, 0x6f, 0x77, 0x10, //0x00001b35 movdqu       $16(%r15), %xmm6
	0xf3, 0x41, 0x0f, 0x6f, 0x6f, 0x20, //0x00001b3b movdqu       $32(%r15), %xmm5
	0xf3, 0x41, 0x0f, 0x6f, 0x7f, 0x30, //0x00001b41 movdqu       $48(%r15), %xmm7
	0x66, 0x0f, 0x6f, 0xdc, //0x00001b47 movdqa       %xmm4, %xmm3
	0x66, 0x0f, 0x74, 0xd8, //0x00001b4b pcmpeqb      %xmm0, %xmm3
	0x66, 0x44, 0x0f, 0xd7, 0xe3, //0x00001b4f pmovmskb     %xmm3, %r12d
	0x66, 0x0f, 0x6f, 0xde, //0x00001b54 movdqa       %xmm6, %xmm3
	0x66, 0x0f, 0x74, 0xd8, //0x00001b58 pcmpeqb      %xmm0, %xmm3
	0x66, 0x0f, 0xd7, 0xf3, //0x00001b5c pmovmskb     %xmm3, %esi
	0x66, 0x0f, 0x6f, 0xdd, //0x00001b60 movdqa       %xmm5, %xmm3
	0x66, 0x0f, 0x74, 0xd8, //0x00001b64 pcmpeqb      %xmm0, %xmm3
	0x66, 0x0f, 0xd7, 0xfb, //0x00001b68 pmovmskb     %xmm3, %edi
	0x66, 0x0f, 0x6f, 0xdf, //0x00001b6c movdqa       %xmm7, %xmm3
	0x66, 0x0f, 0x74, 0xd8, //0x00001b70 pcmpeqb      %xmm0, %xmm3
	0x66, 0x0f, 0xd7, 0xdb, //0x00001b74 pmovmskb     %xmm3, %ebx
	0x66, 0x0f, 0x6f, 0xdc, //0x00001b78 movdqa       %xmm4, %xmm3
	0x66, 0x0f, 0x74, 0xd9, //0x00001b7c pcmpeqb      %xmm1, %xmm3
	0x66, 0x44, 0x0f, 0xd7, 0xeb, //0x00001b80 pmovmskb     %xmm3, %r13d
	0x66, 0x0f, 0x6f, 0xde, //0x00001b85 movdqa       %xmm6, %xmm3
	0x66, 0x0f, 0x74, 0xd9, //0x00001b89 pcmpeqb      %xmm1, %xmm3
	0x66, 0x0f, 0xd7, 0xd3, //0x00001b8d pmovmskb     %xmm3, %edx
	0x66, 0x0f, 0x6f, 0xdd, //0x00001b91 movdqa       %xmm5, %xmm3
	0x66, 0x0f, 0x74, 0xd9, //0x00001b95 pcmpeqb      %xmm1, %xmm3
	0x66, 0x0f, 0xd7, 0xcb, //0x00001b99 pmovmskb     %xmm3, %ecx
	0x66, 0x0f, 0x6f, 0xdf, //0x00001b9d movdqa       %xmm7, %xmm3
	0x66, 0x0f, 0x74, 0xd9, //0x00001ba1 pcmpeqb      %xmm1, %xmm3
	0x66, 0x0f, 0xd7, 0xc3, //0x00001ba5 pmovmskb     %xmm3, %eax
	0x48, 0xc1, 0xe3, 0x30, //0x00001ba9 shlq         $48, %rbx
	0x48, 0xc1, 0xe7, 0x20, //0x00001bad shlq         $32, %rdi
	0x48, 0x09, 0xdf, //0x00001bb1 orq          %rbx, %rdi
	0x48, 0xc1, 0xe6, 0x10, //0x00001bb4 shlq         $16, %rsi
	0x48, 0x09, 0xfe, //0x00001bb8 orq          %rdi, %rsi
	0x49, 0x09, 0xf4, //0x00001bbb orq          %rsi, %r12
	0x48, 0xc1, 0xe0, 0x30, //0x00001bbe shlq         $48, %rax
	0x48, 0xc1, 0xe1, 0x20, //0x00001bc2 shlq         $32, %rcx
	0x48, 0x09, 0xc1, //0x00001bc6 orq          %rax, %rcx
	0x48, 0xc1, 0xe2, 0x10, //0x00001bc9 shlq         $16, %rdx
	0x48, 0x09, 0xca, //0x00001bcd orq          %rcx, %rdx
	0x49, 0x09, 0xd5, //0x00001bd0 orq          %rdx, %r13
	0x0f, 0x85, 0x2f, 0x00, 0x00, 0x00, //0x00001bd3 jne          LBB0_339
	0x4d, 0x85, 0xc0, //0x00001bd9 testq        %r8, %r8
	0x0f, 0x85, 0x42, 0x00, 0x00, 0x00, //0x00001bdc jne          LBB0_341
	0x45, 0x31, 0xc0, //0x00001be2 xorl         %r8d, %r8d
	0x31, 0xf6, //0x00001be5 xorl         %esi, %esi
	0x4d, 0x85, 0xe4, //0x00001be7 testq        %r12, %r12
	0x0f, 0x84, 0x90, 0x00, 0x00, 0x00, //0x00001bea je           LBB0_342
	//0x00001bf0 LBB0_333
	0x4d, 0x0f, 0xbc, 0xec, //0x00001bf0 bsfq         %r12, %r13
	0x4c, 0x89, 0xf9, //0x00001bf4 movq         %r15, %rcx
	0x4c, 0x29, 0xc9, //0x00001bf7 subq         %r9, %rcx
	0x48, 0x85, 0xf6, //0x00001bfa testq        %rsi, %rsi
	0x0f, 0x84, 0x92, 0x00, 0x00, 0x00, //0x00001bfd je           LBB0_343
	0xe9, 0xc7, 0x02, 0x00, 0x00, //0x00001c03 jmp          LBB0_334
	//0x00001c08 LBB0_339
	0x48, 0x83, 0x7d, 0xc8, 0xff, //0x00001c08 cmpq         $-1, $-56(%rbp)
	0x0f, 0x85, 0x11, 0x00, 0x00, 0x00, //0x00001c0d jne          LBB0_341
	0x4c, 0x89, 0xf8, //0x00001c13 movq         %r15, %rax
	0x4c, 0x29, 0xc8, //0x00001c16 subq         %r9, %rax
	0x49, 0x0f, 0xbc, 0xcd, //0x00001c19 bsfq         %r13, %rcx
	0x48, 0x01, 0xc1, //0x00001c1d addq         %rax, %rcx
	0x48, 0x89, 0x4d, 0xc8, //0x00001c20 movq         %rcx, $-56(%rbp)
	//0x00001c24 LBB0_341
	0x4c, 0x89, 0xc6, //0x00001c24 movq         %r8, %rsi
	0x48, 0xf7, 0xd6, //0x00001c27 notq         %rsi
	0x4c, 0x21, 0xee, //0x00001c2a andq         %r13, %rsi
	0x48, 0x8d, 0x04, 0x36, //0x00001c2d leaq         (%rsi,%rsi), %rax
	0x4c, 0x09, 0xc0, //0x00001c31 orq          %r8, %rax
	0x48, 0x89, 0xc1, //0x00001c34 movq         %rax, %rcx
	0x48, 0xf7, 0xd1, //0x00001c37 notq         %rcx
	0x4c, 0x21, 0xe9, //0x00001c3a andq         %r13, %rcx
	0x48, 0xba, 0xaa, 0xaa, 0xaa, 0xaa, 0xaa, 0xaa, 0xaa, 0xaa, //0x00001c3d movabsq      $-6148914691236517206, %rdx
	0x48, 0x21, 0xd1, //0x00001c47 andq         %rdx, %rcx
	0x45, 0x31, 0xc0, //0x00001c4a xorl         %r8d, %r8d
	0x48, 0x01, 0xf1, //0x00001c4d addq         %rsi, %rcx
	0x41, 0x0f, 0x92, 0xc0, //0x00001c50 setb         %r8b
	0x48, 0x01, 0xc9, //0x00001c54 addq         %rcx, %rcx
	0x48, 0xba, 0x55, 0x55, 0x55, 0x55, 0x55, 0x55, 0x55, 0x55, //0x00001c57 movabsq      $6148914691236517205, %rdx
	0x48, 0x31, 0xd1, //0x00001c61 xorq         %rdx, %rcx
	0x48, 0x21, 0xc1, //0x00001c64 andq         %rax, %rcx
	0x48, 0xf7, 0xd1, //0x00001c67 notq         %rcx
	0x49, 0x21, 0xcc, //0x00001c6a andq         %rcx, %r12
	0x4d, 0x85, 0xe4, //0x00001c6d testq        %r12, %r12
	0x0f, 0x85, 0x7a, 0xff, 0xff, 0xff, //0x00001c70 jne          LBB0_333
	0x90, 0x90, 0x90, 0x90, 0x90, 0x90, 0x90, 0x90, 0x90, 0x90, //0x00001c76 .p2align 4, 0x90
	//0x00001c80 LBB0_342
	0x41, 0xbd, 0x40, 0x00, 0x00, 0x00, //0x00001c80 movl         $64, %r13d
	0x4c, 0x89, 0xf9, //0x00001c86 movq         %r15, %rcx
	0x4c, 0x29, 0xc9, //0x00001c89 subq         %r9, %rcx
	0x48, 0x85, 0xf6, //0x00001c8c testq        %rsi, %rsi
	0x0f, 0x85, 0x3a, 0x02, 0x00, 0x00, //0x00001c8f jne          LBB0_334
	//0x00001c95 LBB0_343
	0x66, 0x0f, 0x6f, 0xda, //0x00001c95 movdqa       %xmm2, %xmm3
	0x66, 0x0f, 0x64, 0xdd, //0x00001c99 pcmpgtb      %xmm5, %xmm3
	0x66, 0x41, 0x0f, 0x64, 0xef, //0x00001c9d pcmpgtb      %xmm15, %xmm5
	0x66, 0x0f, 0xdb, 0xeb, //0x00001ca2 pand         %xmm3, %xmm5
	0x66, 0x0f, 0xd7, 0xc5, //0x00001ca6 pmovmskb     %xmm5, %eax
	0x66, 0x0f, 0x6f, 0xda, //0x00001caa movdqa       %xmm2, %xmm3
	0x66, 0x0f, 0x64, 0xdf, //0x00001cae pcmpgtb      %xmm7, %xmm3
	0x66, 0x41, 0x0f, 0x64, 0xff, //0x00001cb2 pcmpgtb      %xmm15, %xmm7
	0x66, 0x0f, 0xdb, 0xfb, //0x00001cb7 pand         %xmm3, %xmm7
	0x66, 0x0f, 0xd7, 0xd7, //0x00001cbb pmovmskb     %xmm7, %edx
	0x48, 0xc1, 0xe2, 0x30, //0x00001cbf shlq         $48, %rdx
	0x48, 0xc1, 0xe0, 0x20, //0x00001cc3 shlq         $32, %rax
	0x48, 0x09, 0xd0, //0x00001cc7 orq          %rdx, %rax
	0x66, 0x0f, 0x6f, 0xda, //0x00001cca movdqa       %xmm2, %xmm3
	0x66, 0x0f, 0x64, 0xde, //0x00001cce pcmpgtb      %xmm6, %xmm3
	0x66, 0x41, 0x0f, 0x64, 0xf7, //0x00001cd2 pcmpgtb      %xmm15, %xmm6
	0x66, 0x0f, 0xdb, 0xf3, //0x00001cd7 pand         %xmm3, %xmm6
	0x66, 0x0f, 0xd7, 0xf6, //0x00001cdb pmovmskb     %xmm6, %esi
	0x48, 0xc1, 0xe6, 0x10, //0x00001cdf shlq         $16, %rsi
	0x48, 0x09, 0xc6, //0x00001ce3 orq          %rax, %rsi
	0x66, 0x0f, 0x6f, 0xda, //0x00001ce6 movdqa       %xmm2, %xmm3
	0x66, 0x0f, 0x64, 0xdc, //0x00001cea pcmpgtb      %xmm4, %xmm3
	0x66, 0x41, 0x0f, 0x64, 0xe7, //0x00001cee pcmpgtb      %xmm15, %xmm4
	0x66, 0x0f, 0xdb, 0xe3, //0x00001cf3 pand         %xmm3, %xmm4
	0x66, 0x0f, 0xd7, 0xd4, //0x00001cf7 pmovmskb     %xmm4, %edx
	0x48, 0x09, 0xf2, //0x00001cfb orq          %rsi, %rdx
	0x4d, 0x85, 0xe4, //0x00001cfe testq        %r12, %r12
	0x0f, 0x85, 0x44, 0x02, 0x00, 0x00, //0x00001d01 jne          LBB0_365
	0x48, 0x85, 0xd2, //0x00001d07 testq        %rdx, %rdx
	0x0f, 0x85, 0x74, 0x2b, 0x00, 0x00, //0x00001d0a jne          LBB0_795
	0x49, 0x83, 0xc7, 0x40, //0x00001d10 addq         $64, %r15
	0x49, 0x83, 0xc2, 0xc0, //0x00001d14 addq         $-64, %r10
	0x49, 0x83, 0xfa, 0x3f, //0x00001d18 cmpq         $63, %r10
	0x0f, 0x87, 0x0e, 0xfe, 0xff, 0xff, //0x00001d1c ja           LBB0_330
	0xe9, 0xe5, 0x0d, 0x00, 0x00, //0x00001d22 jmp          LBB0_497
	//0x00001d27 LBB0_346
	0x48, 0x83, 0xff, 0x05, //0x00001d27 cmpq         $5, %rdi
	0x0f, 0x82, 0x9a, 0x2a, 0x00, 0x00, //0x00001d2b jb           LBB0_146
	0x43, 0x8b, 0x5c, 0x31, 0x01, //0x00001d31 movl         $1(%r9,%r14), %ebx
	0x89, 0xda, //0x00001d36 movl         %ebx, %edx
	0xf7, 0xd2, //0x00001d38 notl         %edx
	0x48, 0x89, 0x5d, 0xa0, //0x00001d3a movq         %rbx, $-96(%rbp)
	0x81, 0xc3, 0xd0, 0xcf, 0xcf, 0xcf, //0x00001d3e addl         $-808464432, %ebx
	0x81, 0xe2, 0x80, 0x80, 0x80, 0x80, //0x00001d44 andl         $-2139062144, %edx
	0x85, 0xda, //0x00001d4a testl        %ebx, %edx
	0x0f, 0x85, 0x28, 0x2d, 0x00, 0x00, //0x00001d4c jne          LBB0_835
	0x48, 0x8b, 0x5d, 0xa0, //0x00001d52 movq         $-96(%rbp), %rbx
	0x81, 0xc3, 0x19, 0x19, 0x19, 0x19, //0x00001d56 addl         $421075225, %ebx
	0x0b, 0x5d, 0xa0, //0x00001d5c orl          $-96(%rbp), %ebx
	0xf7, 0xc3, 0x80, 0x80, 0x80, 0x80, //0x00001d5f testl        $-2139062144, %ebx
	0x0f, 0x85, 0x0f, 0x2d, 0x00, 0x00, //0x00001d65 jne          LBB0_835
	0x48, 0x8b, 0x5d, 0xa0, //0x00001d6b movq         $-96(%rbp), %rbx
	0x81, 0xe3, 0x7f, 0x7f, 0x7f, 0x7f, //0x00001d6f andl         $2139062143, %ebx
	0xc7, 0x45, 0x98, 0xc0, 0xc0, 0xc0, 0xc0, //0x00001d75 movl         $-1061109568, $-104(%rbp)
	0x29, 0x5d, 0x98, //0x00001d7c subl         %ebx, $-104(%rbp)
	0x48, 0x89, 0x5d, 0x90, //0x00001d7f movq         %rbx, $-112(%rbp)
	0x81, 0xc3, 0x46, 0x46, 0x46, 0x46, //0x00001d83 addl         $1179010630, %ebx
	0x89, 0x5d, 0x80, //0x00001d89 movl         %ebx, $-128(%rbp)
	0x8b, 0x5d, 0x98, //0x00001d8c movl         $-104(%rbp), %ebx
	0x21, 0xd3, //0x00001d8f andl         %edx, %ebx
	0x85, 0x5d, 0x80, //0x00001d91 testl        %ebx, $-128(%rbp)
	0x0f, 0x85, 0xe0, 0x2c, 0x00, 0x00, //0x00001d94 jne          LBB0_835
	0xc7, 0x45, 0x98, 0xe0, 0xe0, 0xe0, 0xe0, //0x00001d9a movl         $-522133280, $-104(%rbp)
	0x48, 0x8b, 0x5d, 0x90, //0x00001da1 movq         $-112(%rbp), %rbx
	0x29, 0x5d, 0x98, //0x00001da5 subl         %ebx, $-104(%rbp)
	0x81, 0xc3, 0x39, 0x39, 0x39, 0x39, //0x00001da8 addl         $960051513, %ebx
	0x23, 0x55, 0x98, //0x00001dae andl         $-104(%rbp), %edx
	0x85, 0xda, //0x00001db1 testl        %ebx, %edx
	0x0f, 0x85, 0xc1, 0x2c, 0x00, 0x00, //0x00001db3 jne          LBB0_835
	0x48, 0x8b, 0x55, 0xa0, //0x00001db9 movq         $-96(%rbp), %rdx
	0x0f, 0xca, //0x00001dbd bswapl       %edx
	0x89, 0xd0, //0x00001dbf movl         %edx, %eax
	0xc1, 0xe8, 0x04, //0x00001dc1 shrl         $4, %eax
	0xf7, 0xd0, //0x00001dc4 notl         %eax
	0x25, 0x01, 0x01, 0x01, 0x01, //0x00001dc6 andl         $16843009, %eax
	0x8d, 0x04, 0xc0, //0x00001dcb leal         (%rax,%rax,8), %eax
	0x81, 0xe2, 0x0f, 0x0f, 0x0f, 0x0f, //0x00001dce andl         $252645135, %edx
	0x01, 0xc2, //0x00001dd4 addl         %eax, %edx
	0x89, 0xd0, //0x00001dd6 movl         %edx, %eax
	0xc1, 0xe8, 0x0c, //0x00001dd8 shrl         $12, %eax
	0xc1, 0xea, 0x08, //0x00001ddb shrl         $8, %edx
	0x09, 0xc2, //0x00001dde orl          %eax, %edx
	0x81, 0xe2, 0x00, 0xfc, 0x00, 0x00, //0x00001de0 andl         $64512, %edx
	0x81, 0xfa, 0x00, 0xd8, 0x00, 0x00, //0x00001de6 cmpl         $55296, %edx
	0x0f, 0x85, 0xd0, 0x00, 0x00, 0x00, //0x00001dec jne          LBB0_361
	0x48, 0x83, 0xff, 0x0b, //0x00001df2 cmpq         $11, %rdi
	0x0f, 0x82, 0xc6, 0x00, 0x00, 0x00, //0x00001df6 jb           LBB0_361
	0x43, 0x80, 0x7c, 0x31, 0x05, 0x5c, //0x00001dfc cmpb         $92, $5(%r9,%r14)
	0x0f, 0x85, 0xba, 0x00, 0x00, 0x00, //0x00001e02 jne          LBB0_361
	0x43, 0x80, 0x7c, 0x31, 0x06, 0x75, //0x00001e08 cmpb         $117, $6(%r9,%r14)
	0x0f, 0x85, 0xae, 0x00, 0x00, 0x00, //0x00001e0e jne          LBB0_361
	0x43, 0x8b, 0x44, 0x31, 0x07, //0x00001e14 movl         $7(%r9,%r14), %eax
	0x89, 0xc2, //0x00001e19 movl         %eax, %edx
	0xf7, 0xd2, //0x00001e1b notl         %edx
	0x8d, 0x98, 0xd0, 0xcf, 0xcf, 0xcf, //0x00001e1d leal         $-808464432(%rax), %ebx
	0x81, 0xe2, 0x80, 0x80, 0x80, 0x80, //0x00001e23 andl         $-2139062144, %edx
	0x85, 0xda, //0x00001e29 testl        %ebx, %edx
	0x0f, 0x85, 0x91, 0x00, 0x00, 0x00, //0x00001e2b jne          LBB0_361
	0x8d, 0x98, 0x19, 0x19, 0x19, 0x19, //0x00001e31 leal         $421075225(%rax), %ebx
	0x09, 0xc3, //0x00001e37 orl          %eax, %ebx
	0xf7, 0xc3, 0x80, 0x80, 0x80, 0x80, //0x00001e39 testl        $-2139062144, %ebx
	0x0f, 0x85, 0x7d, 0x00, 0x00, 0x00, //0x00001e3f jne          LBB0_361
	0x41, 0x89, 0xc6, //0x00001e45 movl         %eax, %r14d
	0x41, 0x81, 0xe6, 0x7f, 0x7f, 0x7f, 0x7f, //0x00001e48 andl         $2139062143, %r14d
	0xbb, 0xc0, 0xc0, 0xc0, 0xc0, //0x00001e4f movl         $-1061109568, %ebx
	0x44, 0x29, 0xf3, //0x00001e54 subl         %r14d, %ebx
	0x41, 0x8d, 0xbe, 0x46, 0x46, 0x46, 0x46, //0x00001e57 leal         $1179010630(%r14), %edi
	0x21, 0xd3, //0x00001e5e andl         %edx, %ebx
	0x85, 0xfb, //0x00001e60 testl        %edi, %ebx
	0x0f, 0x85, 0x5a, 0x00, 0x00, 0x00, //0x00001e62 jne          LBB0_361
	0xbb, 0xe0, 0xe0, 0xe0, 0xe0, //0x00001e68 movl         $-522133280, %ebx
	0x44, 0x29, 0xf3, //0x00001e6d subl         %r14d, %ebx
	0x41, 0x81, 0xc6, 0x39, 0x39, 0x39, 0x39, //0x00001e70 addl         $960051513, %r14d
	0x21, 0xda, //0x00001e77 andl         %ebx, %edx
	0x44, 0x85, 0xf2, //0x00001e79 testl        %r14d, %edx
	0x0f, 0x85, 0x40, 0x00, 0x00, 0x00, //0x00001e7c jne          LBB0_361
	0x0f, 0xc8, //0x00001e82 bswapl       %eax
	0x89, 0xc2, //0x00001e84 movl         %eax, %edx
	0xc1, 0xea, 0x04, //0x00001e86 shrl         $4, %edx
	0xf7, 0xd2, //0x00001e89 notl         %edx
	0x81, 0xe2, 0x01, 0x01, 0x01, 0x01, //0x00001e8b andl         $16843009, %edx
	0x8d, 0x14, 0xd2, //0x00001e91 leal         (%rdx,%rdx,8), %edx
	0x25, 0x0f, 0x0f, 0x0f, 0x0f, //0x00001e94 andl         $252645135, %eax
	0x01, 0xd0, //0x00001e99 addl         %edx, %eax
	0x89, 0xc2, //0x00001e9b movl         %eax, %edx
	0xc1, 0xea, 0x0c, //0x00001e9d shrl         $12, %edx
	0xc1, 0xe8, 0x08, //0x00001ea0 shrl         $8, %eax
	0x09, 0xd0, //0x00001ea3 orl          %edx, %eax
	0x25, 0x00, 0xfc, 0x00, 0x00, //0x00001ea5 andl         $64512, %eax
	0x3d, 0x00, 0xdc, 0x00, 0x00, //0x00001eaa cmpl         $56320, %eax
	0x0f, 0x85, 0x0d, 0x00, 0x00, 0x00, //0x00001eaf jne          LBB0_361
	0x4c, 0x8b, 0x75, 0xc0, //0x00001eb5 movq         $-64(%rbp), %r14
	0x49, 0x83, 0xc6, 0x0c, //0x00001eb9 addq         $12, %r14
	0xe9, 0x6e, 0x00, 0x00, 0x00, //0x00001ebd jmp          LBB0_363
	//0x00001ec2 LBB0_361
	0x4c, 0x8b, 0x75, 0xc0, //0x00001ec2 movq         $-64(%rbp), %r14
	0x49, 0x83, 0xc6, 0x06, //0x00001ec6 addq         $6, %r14
	0xe9, 0x61, 0x00, 0x00, 0x00, //0x00001eca jmp          LBB0_363
	//0x00001ecf LBB0_334
	0x48, 0x0f, 0xbc, 0xc6, //0x00001ecf bsfq         %rsi, %rax
	0x4c, 0x39, 0xe8, //0x00001ed3 cmpq         %r13, %rax
	0x0f, 0x83, 0xb9, 0xfd, 0xff, 0xff, //0x00001ed6 jae          LBB0_343
	0x48, 0x01, 0xc8, //0x00001edc addq         %rcx, %rax
	0x4c, 0x39, 0xf0, //0x00001edf cmpq         %r14, %rax
	0x0f, 0x8c, 0x51, 0x00, 0x00, 0x00, //0x00001ee2 jl           LBB0_364
	0x4c, 0x8d, 0x70, 0x01, //0x00001ee8 leaq         $1(%rax), %r14
	0x48, 0x8b, 0x7d, 0xa8, //0x00001eec movq         $-88(%rbp), %rdi
	0x4c, 0x29, 0xf7, //0x00001ef0 subq         %r14, %rdi
	0x0f, 0x84, 0xd2, 0x28, 0x00, 0x00, //0x00001ef3 je           LBB0_146
	0x48, 0x89, 0x45, 0xc0, //0x00001ef9 movq         %rax, $-64(%rbp)
	0x43, 0x0f, 0xbe, 0x14, 0x31, //0x00001efd movsbl       (%r9,%r14), %edx
	0x48, 0xc7, 0xc0, 0xfe, 0xff, 0xff, 0xff, //0x00001f02 movq         $-2, %rax
	0x83, 0xc2, 0xde, //0x00001f09 addl         $-34, %edx
	0x83, 0xfa, 0x53, //0x00001f0c cmpl         $83, %edx
	0x0f, 0x87, 0x65, 0x2b, 0x00, 0x00, //0x00001f0f ja           LBB0_835
	0x48, 0x8d, 0x1d, 0xec, 0x37, 0x00, 0x00, //0x00001f15 leaq         $14316(%rip), %rbx  /* LJTI0_9+0(%rip) */
	0x48, 0x63, 0x14, 0x93, //0x00001f1c movslq       (%rbx,%rdx,4), %rdx
	0x48, 0x01, 0xda, //0x00001f20 addq         %rbx, %rdx
	0x48, 0x8b, 0x5d, 0xc0, //0x00001f23 movq         $-64(%rbp), %rbx
	0xff, 0xe2, //0x00001f27 jmpq         *%rdx
	//0x00001f29 LBB0_362
	0x48, 0x83, 0xc3, 0x02, //0x00001f29 addq         $2, %rbx
	0x49, 0x89, 0xde, //0x00001f2d movq         %rbx, %r14
	//0x00001f30 LBB0_363
	0x4d, 0x85, 0xf6, //0x00001f30 testq        %r14, %r14
	0x0f, 0x88, 0x81, 0x28, 0x00, 0x00, //0x00001f33 js           LBB0_145
	//0x00001f39 LBB0_364
	0x48, 0x8d, 0x46, 0xff, //0x00001f39 leaq         $-1(%rsi), %rax
	0x48, 0x21, 0xc6, //0x00001f3d andq         %rax, %rsi
	0x0f, 0x84, 0x4f, 0xfd, 0xff, 0xff, //0x00001f40 je           LBB0_343
	0xe9, 0x84, 0xff, 0xff, 0xff, //0x00001f46 jmp          LBB0_334
	//0x00001f4b LBB0_365
	0x48, 0x85, 0xd2, //0x00001f4b testq        %rdx, %rdx
	0x0f, 0x84, 0xe7, 0x00, 0x00, 0x00, //0x00001f4e je           LBB0_380
	0x48, 0x0f, 0xbc, 0xda, //0x00001f54 bsfq         %rdx, %rbx
	0xe9, 0xe3, 0x00, 0x00, 0x00, //0x00001f58 jmp          LBB0_381
	//0x00001f5d LBB0_812
	0x89, 0xcf, //0x00001f5d movl         %ecx, %edi
	0x48, 0x03, 0x7d, 0xc8, //0x00001f5f addq         $-56(%rbp), %rdi
	0x4c, 0x01, 0xff, //0x00001f63 addq         %r15, %rdi
	0x49, 0xc7, 0xc7, 0xff, 0xff, 0xff, 0xff, //0x00001f66 movq         $-1, %r15
	0x4d, 0x85, 0xe4, //0x00001f6d testq        %r12, %r12
	0x0f, 0x85, 0x1b, 0x00, 0x00, 0x00, //0x00001f70 jne          LBB0_369
	0xe9, 0x8e, 0x2a, 0x00, 0x00, //0x00001f76 jmp          LBB0_813
	//0x00001f7b LBB0_367
	0x48, 0x01, 0xd9, //0x00001f7b addq         %rbx, %rcx
	0x48, 0x89, 0xcf, //0x00001f7e movq         %rcx, %rdi
	//0x00001f81 LBB0_368
	0x49, 0xc7, 0xc7, 0xff, 0xff, 0xff, 0xff, //0x00001f81 movq         $-1, %r15
	0x4d, 0x85, 0xe4, //0x00001f88 testq        %r12, %r12
	0x0f, 0x84, 0x78, 0x2a, 0x00, 0x00, //0x00001f8b je           LBB0_813
	//0x00001f91 LBB0_369
	0x4d, 0x85, 0xd2, //0x00001f91 testq        %r10, %r10
	0x48, 0x8b, 0x4d, 0xd0, //0x00001f94 movq         $-48(%rbp), %rcx
	0x0f, 0x84, 0x6f, 0x2a, 0x00, 0x00, //0x00001f98 je           LBB0_814
	0x4d, 0x85, 0xed, //0x00001f9e testq        %r13, %r13
	0x0f, 0x84, 0x66, 0x2a, 0x00, 0x00, //0x00001fa1 je           LBB0_814
	0x48, 0x2b, 0x7d, 0xc8, //0x00001fa7 subq         $-56(%rbp), %rdi
	0x48, 0x8d, 0x4f, 0xff, //0x00001fab leaq         $-1(%rdi), %rcx
	0x49, 0x39, 0xcc, //0x00001faf cmpq         %rcx, %r12
	0x0f, 0x84, 0x33, 0x00, 0x00, 0x00, //0x00001fb2 je           LBB0_377
	0x49, 0x39, 0xca, //0x00001fb8 cmpq         %rcx, %r10
	0x0f, 0x84, 0x2a, 0x00, 0x00, 0x00, //0x00001fbb je           LBB0_377
	0x49, 0x39, 0xcd, //0x00001fc1 cmpq         %rcx, %r13
	0x0f, 0x84, 0x21, 0x00, 0x00, 0x00, //0x00001fc4 je           LBB0_377
	0x4d, 0x85, 0xd2, //0x00001fca testq        %r10, %r10
	0x0f, 0x8e, 0xae, 0x00, 0x00, 0x00, //0x00001fcd jle          LBB0_383
	0x49, 0x8d, 0x4a, 0xff, //0x00001fd3 leaq         $-1(%r10), %rcx
	0x49, 0x39, 0xcd, //0x00001fd7 cmpq         %rcx, %r13
	0x0f, 0x84, 0xa1, 0x00, 0x00, 0x00, //0x00001fda je           LBB0_383
	0x49, 0xf7, 0xd2, //0x00001fe0 notq         %r10
	0x4d, 0x89, 0xd7, //0x00001fe3 movq         %r10, %r15
	0xe9, 0x06, 0x00, 0x00, 0x00, //0x00001fe6 jmp          LBB0_378
	//0x00001feb LBB0_377
	0x48, 0xf7, 0xdf, //0x00001feb negq         %rdi
	0x49, 0x89, 0xff, //0x00001fee movq         %rdi, %r15
	//0x00001ff1 LBB0_378
	0x4d, 0x85, 0xff, //0x00001ff1 testq        %r15, %r15
	0x48, 0x8b, 0x4d, 0xd0, //0x00001ff4 movq         $-48(%rbp), %rcx
	0x0f, 0x88, 0x0f, 0x2a, 0x00, 0x00, //0x00001ff8 js           LBB0_814
	//0x00001ffe LBB0_379
	0x4d, 0x01, 0xfe, //0x00001ffe addq         %r15, %r14
	0x48, 0x8b, 0x75, 0xb8, //0x00002001 movq         $-72(%rbp), %rsi
	0x4c, 0x89, 0x36, //0x00002005 movq         %r14, (%rsi)
	0x48, 0x89, 0xc8, //0x00002008 movq         %rcx, %rax
	0x48, 0x89, 0xca, //0x0000200b movq         %rcx, %rdx
	0x48, 0xb9, 0xfe, 0xff, 0xff, 0xff, 0xff, 0xff, 0xff, 0x7f, //0x0000200e movabsq      $9223372036854775806, %rcx
	0x48, 0x39, 0xca, //0x00002018 cmpq         %rcx, %rdx
	0x4c, 0x89, 0xdf, //0x0000201b movq         %r11, %rdi
	0x4c, 0x8b, 0x5d, 0x88, //0x0000201e movq         $-120(%rbp), %r11
	0x4c, 0x8b, 0x6d, 0xb0, //0x00002022 movq         $-80(%rbp), %r13
	0x49, 0xba, 0x00, 0x26, 0x00, 0x00, 0x01, 0x00, 0x00, 0x00, //0x00002026 movabsq      $4294977024, %r10
	0x0f, 0x86, 0x0a, 0xe3, 0xff, 0xff, //0x00002030 jbe          LBB0_26
	0xe9, 0xb7, 0x27, 0x00, 0x00, //0x00002036 jmp          LBB0_787
	//0x0000203b LBB0_380
	0xbb, 0x40, 0x00, 0x00, 0x00, //0x0000203b movl         $64, %ebx
	//0x00002040 LBB0_381
	0x48, 0x8b, 0x75, 0xb8, //0x00002040 movq         $-72(%rbp), %rsi
	0x4c, 0x89, 0xdf, //0x00002044 movq         %r11, %rdi
	0x49, 0xba, 0x00, 0x26, 0x00, 0x00, 0x01, 0x00, 0x00, 0x00, //0x00002047 movabsq      $4294977024, %r10
	0x4c, 0x39, 0xeb, //0x00002051 cmpq         %r13, %rbx
	0x4c, 0x8b, 0x5d, 0x88, //0x00002054 movq         $-120(%rbp), %r11
	0x0f, 0x82, 0xfc, 0x29, 0x00, 0x00, //0x00002058 jb           LBB0_821
	0x4c, 0x03, 0xbd, 0x78, 0xff, 0xff, 0xff, //0x0000205e addq         $-136(%rbp), %r15
	0x4d, 0x01, 0xef, //0x00002065 addq         %r13, %r15
	0x4d, 0x89, 0xfe, //0x00002068 movq         %r15, %r14
	0x4c, 0x8b, 0x6d, 0xb0, //0x0000206b movq         $-80(%rbp), %r13
	0x48, 0x8b, 0x4d, 0xd0, //0x0000206f movq         $-48(%rbp), %rcx
	0x4d, 0x85, 0xf6, //0x00002073 testq        %r14, %r14
	0x0f, 0x89, 0x82, 0xf4, 0xff, 0xff, //0x00002076 jns          LBB0_245
	0xe9, 0x39, 0x27, 0x00, 0x00, //0x0000207c jmp          LBB0_145
	//0x00002081 LBB0_383
	0x4c, 0x89, 0xe1, //0x00002081 movq         %r12, %rcx
	0x4c, 0x09, 0xe9, //0x00002084 orq          %r13, %rcx
	0x0f, 0x99, 0xc1, //0x00002087 setns        %cl
	0x0f, 0x88, 0x02, 0x01, 0x00, 0x00, //0x0000208a js           LBB0_391
	0x4d, 0x39, 0xec, //0x00002090 cmpq         %r13, %r12
	0x0f, 0x8c, 0xf9, 0x00, 0x00, 0x00, //0x00002093 jl           LBB0_391
	0x49, 0xf7, 0xd4, //0x00002099 notq         %r12
	0x4d, 0x89, 0xe7, //0x0000209c movq         %r12, %r15
	0xe9, 0x4d, 0xff, 0xff, 0xff, //0x0000209f jmp          LBB0_378
	//0x000020a4 LBB0_386
	0x0f, 0xbc, 0xc7, //0x000020a4 bsfl         %edi, %eax
	0xe9, 0x1f, 0x00, 0x00, 0x00, //0x000020a7 jmp          LBB0_389
	//0x000020ac LBB0_387
	0x48, 0x8b, 0x85, 0x48, 0xff, 0xff, 0xff, //0x000020ac movq         $-184(%rbp), %rax
	0x48, 0x8b, 0x55, 0xd0, //0x000020b3 movq         $-48(%rbp), %rdx
	0x4c, 0x8d, 0x34, 0x10, //0x000020b7 leaq         (%rax,%rdx), %r14
	0x49, 0x29, 0xce, //0x000020bb subq         %rcx, %r14
	0x48, 0x89, 0xd1, //0x000020be movq         %rdx, %rcx
	0x49, 0x29, 0xde, //0x000020c1 subq         %rbx, %r14
	0xe9, 0x43, 0xe2, 0xff, 0xff, //0x000020c4 jmp          LBB0_239
	//0x000020c9 LBB0_388
	0x89, 0xc0, //0x000020c9 movl         %eax, %eax
	//0x000020cb LBB0_389
	0x49, 0xf7, 0xd6, //0x000020cb notq         %r14
	0x49, 0x29, 0xc6, //0x000020ce subq         %rax, %r14
	0x48, 0x8b, 0x75, 0xb8, //0x000020d1 movq         $-72(%rbp), %rsi
	0x4c, 0x89, 0xdf, //0x000020d5 movq         %r11, %rdi
	0x49, 0xba, 0x00, 0x26, 0x00, 0x00, 0x01, 0x00, 0x00, 0x00, //0x000020d8 movabsq      $4294977024, %r10
	0x48, 0x8b, 0x4d, 0xd0, //0x000020e2 movq         $-48(%rbp), %rcx
	0x4d, 0x85, 0xf6, //0x000020e6 testq        %r14, %r14
	0x4c, 0x8b, 0x5d, 0x88, //0x000020e9 movq         $-120(%rbp), %r11
	0x4c, 0x8b, 0x6d, 0xb0, //0x000020ed movq         $-80(%rbp), %r13
	0x0f, 0x89, 0x37, 0xe2, 0xff, 0xff, //0x000020f1 jns          LBB0_240
	0xe9, 0xdf, 0x26, 0x00, 0x00, //0x000020f7 jmp          LBB0_390
	//0x000020fc LBB0_71
	0x4d, 0x01, 0xce, //0x000020fc addq         %r9, %r14
	0x4c, 0x8b, 0x6d, 0xb0, //0x000020ff movq         $-80(%rbp), %r13
	0x49, 0x83, 0xfa, 0x20, //0x00002103 cmpq         $32, %r10
	0x0f, 0x82, 0xca, 0x0d, 0x00, 0x00, //0x00002107 jb           LBB0_546
	//0x0000210d LBB0_72
	0xf3, 0x41, 0x0f, 0x6f, 0x1e, //0x0000210d movdqu       (%r14), %xmm3
	0xf3, 0x41, 0x0f, 0x6f, 0x66, 0x10, //0x00002112 movdqu       $16(%r14), %xmm4
	0x66, 0x0f, 0x6f, 0xeb, //0x00002118 movdqa       %xmm3, %xmm5
	0x66, 0x0f, 0x74, 0xe8, //0x0000211c pcmpeqb      %xmm0, %xmm5
	0x66, 0x0f, 0xd7, 0xf5, //0x00002120 pmovmskb     %xmm5, %esi
	0x66, 0x0f, 0x6f, 0xec, //0x00002124 movdqa       %xmm4, %xmm5
	0x66, 0x0f, 0x74, 0xe8, //0x00002128 pcmpeqb      %xmm0, %xmm5
	0x66, 0x0f, 0xd7, 0xc5, //0x0000212c pmovmskb     %xmm5, %eax
	0x66, 0x0f, 0x74, 0xd9, //0x00002130 pcmpeqb      %xmm1, %xmm3
	0x66, 0x0f, 0xd7, 0xd3, //0x00002134 pmovmskb     %xmm3, %edx
	0x66, 0x0f, 0x74, 0xe1, //0x00002138 pcmpeqb      %xmm1, %xmm4
	0x66, 0x0f, 0xd7, 0xcc, //0x0000213c pmovmskb     %xmm4, %ecx
	0x48, 0xc1, 0xe0, 0x10, //0x00002140 shlq         $16, %rax
	0x48, 0x09, 0xc6, //0x00002144 orq          %rax, %rsi
	0x48, 0xc1, 0xe1, 0x10, //0x00002147 shlq         $16, %rcx
	0x48, 0x09, 0xca, //0x0000214b orq          %rcx, %rdx
	0x0f, 0x85, 0x1f, 0x0d, 0x00, 0x00, //0x0000214e jne          LBB0_542
	0x4d, 0x85, 0xc0, //0x00002154 testq        %r8, %r8
	0x0f, 0x85, 0x32, 0x0d, 0x00, 0x00, //0x00002157 jne          LBB0_544
	0x45, 0x31, 0xc0, //0x0000215d xorl         %r8d, %r8d
	0x48, 0x8b, 0x4d, 0xd0, //0x00002160 movq         $-48(%rbp), %rcx
	0x48, 0x85, 0xf6, //0x00002164 testq        %rsi, %rsi
	0x0f, 0x84, 0x62, 0x0d, 0x00, 0x00, //0x00002167 je           LBB0_545
	//0x0000216d LBB0_75
	0x48, 0x0f, 0xbc, 0xc6, //0x0000216d bsfq         %rsi, %rax
	0x4c, 0x03, 0xb5, 0x78, 0xff, 0xff, 0xff, //0x00002171 addq         $-136(%rbp), %r14
	0x49, 0x01, 0xc6, //0x00002178 addq         %rax, %r14
	0x48, 0x8b, 0x75, 0xb8, //0x0000217b movq         $-72(%rbp), %rsi
	0x48, 0x8b, 0x7d, 0xc8, //0x0000217f movq         $-56(%rbp), %rdi
	0x49, 0xba, 0x00, 0x26, 0x00, 0x00, 0x01, 0x00, 0x00, 0x00, //0x00002183 movabsq      $4294977024, %r10
	0xe9, 0x63, 0xf3, 0xff, 0xff, //0x0000218d jmp          LBB0_244
	//0x00002192 LBB0_391
	0x49, 0x8d, 0x55, 0xff, //0x00002192 leaq         $-1(%r13), %rdx
	0x49, 0x39, 0xd4, //0x00002196 cmpq         %rdx, %r12
	0x49, 0xf7, 0xd5, //0x00002199 notq         %r13
	0x4c, 0x0f, 0x45, 0xef, //0x0000219c cmovneq      %rdi, %r13
	0x84, 0xc9, //0x000021a0 testb        %cl, %cl
	0x4c, 0x0f, 0x44, 0xef, //0x000021a2 cmoveq       %rdi, %r13
	0x4d, 0x89, 0xef, //0x000021a6 movq         %r13, %r15
	0xe9, 0x43, 0xfe, 0xff, 0xff, //0x000021a9 jmp          LBB0_378
	//0x000021ae LBB0_392
	0x4c, 0x89, 0xff, //0x000021ae movq         %r15, %rdi
	0x49, 0xc7, 0xc7, 0xff, 0xff, 0xff, 0xff, //0x000021b1 movq         $-1, %r15
	0x4d, 0x85, 0xe4, //0x000021b8 testq        %r12, %r12
	0x0f, 0x85, 0xd0, 0xfd, 0xff, 0xff, //0x000021bb jne          LBB0_369
	0xe9, 0x43, 0x28, 0x00, 0x00, //0x000021c1 jmp          LBB0_813
	//0x000021c6 LBB0_136
	0x4d, 0x01, 0xce, //0x000021c6 addq         %r9, %r14
	0x49, 0x83, 0xfa, 0x20, //0x000021c9 cmpq         $32, %r10
	0x4c, 0x8b, 0x6d, 0xb0, //0x000021cd movq         $-80(%rbp), %r13
	0x0f, 0x82, 0xe1, 0x0e, 0x00, 0x00, //0x000021d1 jb           LBB0_568
	//0x000021d7 LBB0_137
	0xf3, 0x41, 0x0f, 0x6f, 0x1e, //0x000021d7 movdqu       (%r14), %xmm3
	0xf3, 0x41, 0x0f, 0x6f, 0x66, 0x10, //0x000021dc movdqu       $16(%r14), %xmm4
	0x66, 0x0f, 0x6f, 0xeb, //0x000021e2 movdqa       %xmm3, %xmm5
	0x66, 0x0f, 0x74, 0xe8, //0x000021e6 pcmpeqb      %xmm0, %xmm5
	0x66, 0x0f, 0xd7, 0xf5, //0x000021ea pmovmskb     %xmm5, %esi
	0x66, 0x0f, 0x6f, 0xec, //0x000021ee movdqa       %xmm4, %xmm5
	0x66, 0x0f, 0x74, 0xe8, //0x000021f2 pcmpeqb      %xmm0, %xmm5
	0x66, 0x0f, 0xd7, 0xc5, //0x000021f6 pmovmskb     %xmm5, %eax
	0x66, 0x0f, 0x74, 0xd9, //0x000021fa pcmpeqb      %xmm1, %xmm3
	0x66, 0x0f, 0xd7, 0xd3, //0x000021fe pmovmskb     %xmm3, %edx
	0x66, 0x0f, 0x74, 0xe1, //0x00002202 pcmpeqb      %xmm1, %xmm4
	0x66, 0x0f, 0xd7, 0xcc, //0x00002206 pmovmskb     %xmm4, %ecx
	0x48, 0xc1, 0xe0, 0x10, //0x0000220a shlq         $16, %rax
	0x48, 0x09, 0xc6, //0x0000220e orq          %rax, %rsi
	0x48, 0xc1, 0xe1, 0x10, //0x00002211 shlq         $16, %rcx
	0x48, 0x09, 0xca, //0x00002215 orq          %rcx, %rdx
	0x0f, 0x85, 0x36, 0x0e, 0x00, 0x00, //0x00002218 jne          LBB0_564
	0x4d, 0x85, 0xc0, //0x0000221e testq        %r8, %r8
	0x0f, 0x85, 0x49, 0x0e, 0x00, 0x00, //0x00002221 jne          LBB0_566
	0x45, 0x31, 0xc0, //0x00002227 xorl         %r8d, %r8d
	0x48, 0x8b, 0x4d, 0xd0, //0x0000222a movq         $-48(%rbp), %rcx
	0x48, 0x85, 0xf6, //0x0000222e testq        %rsi, %rsi
	0x0f, 0x84, 0x79, 0x0e, 0x00, 0x00, //0x00002231 je           LBB0_567
	//0x00002237 LBB0_140
	0x48, 0x0f, 0xbc, 0xc6, //0x00002237 bsfq         %rsi, %rax
	0x4c, 0x03, 0xb5, 0x78, 0xff, 0xff, 0xff, //0x0000223b addq         $-136(%rbp), %r14
	0x49, 0x01, 0xc6, //0x00002242 addq         %rax, %r14
	0xe9, 0x52, 0x08, 0x00, 0x00, //0x00002245 jmp          LBB0_493
	//0x0000224a LBB0_393
	0x48, 0x8b, 0x4d, 0xd0, //0x0000224a movq         $-48(%rbp), %rcx
	0xe9, 0xab, 0xfd, 0xff, 0xff, //0x0000224e jmp          LBB0_379
	//0x00002253 LBB0_394
	0x0f, 0xbc, 0xcf, //0x00002253 bsfl         %edi, %ecx
	0xe9, 0xbe, 0x00, 0x00, 0x00, //0x00002256 jmp          LBB0_398
	//0x0000225b LBB0_395
	0x48, 0x8b, 0x55, 0xd0, //0x0000225b movq         $-48(%rbp), %rdx
	0x4d, 0x8d, 0x3c, 0x11, //0x0000225f leaq         (%r9,%rdx), %r15
	0x49, 0x29, 0xcf, //0x00002263 subq         %rcx, %r15
	0x49, 0x29, 0xdf, //0x00002266 subq         %rbx, %r15
	0xe9, 0x83, 0xfd, 0xff, 0xff, //0x00002269 jmp          LBB0_378
	//0x0000226e LBB0_268
	0x4d, 0x01, 0xce, //0x0000226e addq         %r9, %r14
	0x49, 0x83, 0xfa, 0x20, //0x00002271 cmpq         $32, %r10
	0x4c, 0x8b, 0x6d, 0xb0, //0x00002275 movq         $-80(%rbp), %r13
	0x0f, 0x82, 0xae, 0x10, 0x00, 0x00, //0x00002279 jb           LBB0_595
	//0x0000227f LBB0_269
	0xf3, 0x41, 0x0f, 0x6f, 0x1e, //0x0000227f movdqu       (%r14), %xmm3
	0xf3, 0x41, 0x0f, 0x6f, 0x66, 0x10, //0x00002284 movdqu       $16(%r14), %xmm4
	0x66, 0x0f, 0x6f, 0xeb, //0x0000228a movdqa       %xmm3, %xmm5
	0x66, 0x0f, 0x74, 0xe8, //0x0000228e pcmpeqb      %xmm0, %xmm5
	0x66, 0x0f, 0xd7, 0xf5, //0x00002292 pmovmskb     %xmm5, %esi
	0x66, 0x0f, 0x6f, 0xec, //0x00002296 movdqa       %xmm4, %xmm5
	0x66, 0x0f, 0x74, 0xe8, //0x0000229a pcmpeqb      %xmm0, %xmm5
	0x66, 0x0f, 0xd7, 0xc5, //0x0000229e pmovmskb     %xmm5, %eax
	0x66, 0x0f, 0x74, 0xd9, //0x000022a2 pcmpeqb      %xmm1, %xmm3
	0x66, 0x0f, 0xd7, 0xd3, //0x000022a6 pmovmskb     %xmm3, %edx
	0x66, 0x0f, 0x74, 0xe1, //0x000022aa pcmpeqb      %xmm1, %xmm4
	0x66, 0x0f, 0xd7, 0xcc, //0x000022ae pmovmskb     %xmm4, %ecx
	0x48, 0xc1, 0xe0, 0x10, //0x000022b2 shlq         $16, %rax
	0x48, 0x09, 0xc6, //0x000022b6 orq          %rax, %rsi
	0x48, 0xc1, 0xe1, 0x10, //0x000022b9 shlq         $16, %rcx
	0x48, 0x09, 0xca, //0x000022bd orq          %rcx, %rdx
	0x0f, 0x85, 0x03, 0x10, 0x00, 0x00, //0x000022c0 jne          LBB0_591
	0x4d, 0x85, 0xc0, //0x000022c6 testq        %r8, %r8
	0x0f, 0x85, 0x16, 0x10, 0x00, 0x00, //0x000022c9 jne          LBB0_593
	0x45, 0x31, 0xc0, //0x000022cf xorl         %r8d, %r8d
	0x48, 0x8b, 0x4d, 0xd0, //0x000022d2 movq         $-48(%rbp), %rcx
	0x48, 0x85, 0xf6, //0x000022d6 testq        %rsi, %rsi
	0x0f, 0x84, 0x46, 0x10, 0x00, 0x00, //0x000022d9 je           LBB0_594
	//0x000022df LBB0_272
	0x48, 0x0f, 0xbc, 0xc6, //0x000022df bsfq         %rsi, %rax
	0x4c, 0x03, 0xb5, 0x78, 0xff, 0xff, 0xff, //0x000022e3 addq         $-136(%rbp), %r14
	0x49, 0x01, 0xc6, //0x000022ea addq         %rax, %r14
	0x48, 0x8b, 0x75, 0xb8, //0x000022ed movq         $-72(%rbp), %rsi
	0x4c, 0x89, 0xdf, //0x000022f1 movq         %r11, %rdi
	0x4c, 0x8b, 0x5d, 0x88, //0x000022f4 movq         $-120(%rbp), %r11
	0x49, 0xba, 0x00, 0x26, 0x00, 0x00, 0x01, 0x00, 0x00, 0x00, //0x000022f8 movabsq      $4294977024, %r10
	0x4d, 0x85, 0xf6, //0x00002302 testq        %r14, %r14
	0x0f, 0x89, 0xf3, 0xf1, 0xff, 0xff, //0x00002305 jns          LBB0_245
	0xe9, 0xaa, 0x24, 0x00, 0x00, //0x0000230b jmp          LBB0_145
	//0x00002310 LBB0_396
	0x89, 0xd1, //0x00002310 movl         %edx, %ecx
	0xe9, 0x02, 0x00, 0x00, 0x00, //0x00002312 jmp          LBB0_398
	//0x00002317 LBB0_397
	0x89, 0xf9, //0x00002317 movl         %edi, %ecx
	//0x00002319 LBB0_398
	0x49, 0xf7, 0xd7, //0x00002319 notq         %r15
	0x49, 0x29, 0xcf, //0x0000231c subq         %rcx, %r15
	0xe9, 0xcd, 0xfc, 0xff, 0xff, //0x0000231f jmp          LBB0_378
	//0x00002324 LBB0_399
	0x49, 0xc7, 0xc4, 0xff, 0xff, 0xff, 0xff, //0x00002324 movq         $-1, %r12
	0x4c, 0x89, 0xc1, //0x0000232b movq         %r8, %rcx
	0x4c, 0x89, 0xfe, //0x0000232e movq         %r15, %rsi
	0x49, 0xc7, 0xc5, 0xff, 0xff, 0xff, 0xff, //0x00002331 movq         $-1, %r13
	0x49, 0xc7, 0xc2, 0xff, 0xff, 0xff, 0xff, //0x00002338 movq         $-1, %r10
	0x48, 0x8d, 0x15, 0x1e, 0x38, 0x00, 0x00, //0x0000233f leaq         $14366(%rip), %rdx  /* LJTI0_13+0(%rip) */
	0xe9, 0xc9, 0xe5, 0xff, 0xff, //0x00002346 jmp          LBB0_112
	//0x0000234b LBB0_400
	0x4d, 0x01, 0xce, //0x0000234b addq         %r9, %r14
	0x48, 0xc7, 0x45, 0xa8, 0xff, 0xff, 0xff, 0xff, //0x0000234e movq         $-1, $-88(%rbp)
	0x45, 0x31, 0xc0, //0x00002356 xorl         %r8d, %r8d
	0x49, 0x83, 0xfa, 0x20, //0x00002359 cmpq         $32, %r10
	0x0f, 0x83, 0xaa, 0xfd, 0xff, 0xff, //0x0000235d jae          LBB0_72
	0xe9, 0x6f, 0x0b, 0x00, 0x00, //0x00002363 jmp          LBB0_546
	//0x00002368 LBB0_401
	0x48, 0xc7, 0x45, 0xa8, 0xff, 0xff, 0xff, 0xff, //0x00002368 movq         $-1, $-88(%rbp)
	0x45, 0x31, 0xff, //0x00002370 xorl         %r15d, %r15d
	//0x00002373 LBB0_402
	0x49, 0x83, 0xfa, 0x20, //0x00002373 cmpq         $32, %r10
	0x0f, 0x82, 0x2d, 0x0c, 0x00, 0x00, //0x00002377 jb           LBB0_558
	0xf3, 0x41, 0x0f, 0x6f, 0x23, //0x0000237d movdqu       (%r11), %xmm4
	0xf3, 0x41, 0x0f, 0x6f, 0x5b, 0x10, //0x00002382 movdqu       $16(%r11), %xmm3
	0x66, 0x0f, 0x6f, 0xec, //0x00002388 movdqa       %xmm4, %xmm5
	0x66, 0x0f, 0x74, 0xe8, //0x0000238c pcmpeqb      %xmm0, %xmm5
	0x66, 0x0f, 0xd7, 0xf5, //0x00002390 pmovmskb     %xmm5, %esi
	0x66, 0x0f, 0x6f, 0xeb, //0x00002394 movdqa       %xmm3, %xmm5
	0x66, 0x0f, 0x74, 0xe8, //0x00002398 pcmpeqb      %xmm0, %xmm5
	0x66, 0x0f, 0xd7, 0xcd, //0x0000239c pmovmskb     %xmm5, %ecx
	0x66, 0x0f, 0x6f, 0xec, //0x000023a0 movdqa       %xmm4, %xmm5
	0x66, 0x0f, 0x74, 0xe9, //0x000023a4 pcmpeqb      %xmm1, %xmm5
	0x66, 0x0f, 0xd7, 0xc5, //0x000023a8 pmovmskb     %xmm5, %eax
	0x66, 0x0f, 0x6f, 0xeb, //0x000023ac movdqa       %xmm3, %xmm5
	0x66, 0x0f, 0x74, 0xe9, //0x000023b0 pcmpeqb      %xmm1, %xmm5
	0x66, 0x0f, 0xd7, 0xd5, //0x000023b4 pmovmskb     %xmm5, %edx
	0x66, 0x0f, 0x6f, 0xea, //0x000023b8 movdqa       %xmm2, %xmm5
	0x66, 0x0f, 0x64, 0xeb, //0x000023bc pcmpgtb      %xmm3, %xmm5
	0x66, 0x41, 0x0f, 0x64, 0xdf, //0x000023c0 pcmpgtb      %xmm15, %xmm3
	0x66, 0x0f, 0xdb, 0xdd, //0x000023c5 pand         %xmm5, %xmm3
	0x66, 0x44, 0x0f, 0xd7, 0xc3, //0x000023c9 pmovmskb     %xmm3, %r8d
	0x48, 0xc1, 0xe1, 0x10, //0x000023ce shlq         $16, %rcx
	0x48, 0x09, 0xce, //0x000023d2 orq          %rcx, %rsi
	0x48, 0xc1, 0xe2, 0x10, //0x000023d5 shlq         $16, %rdx
	0x49, 0xc1, 0xe0, 0x10, //0x000023d9 shlq         $16, %r8
	0x48, 0x09, 0xd0, //0x000023dd orq          %rdx, %rax
	0x0f, 0x85, 0x17, 0x0c, 0x00, 0x00, //0x000023e0 jne          LBB0_561
	0x4d, 0x85, 0xff, //0x000023e6 testq        %r15, %r15
	0x4c, 0x8b, 0x6d, 0xb0, //0x000023e9 movq         $-80(%rbp), %r13
	0x0f, 0x85, 0x26, 0x0c, 0x00, 0x00, //0x000023ed jne          LBB0_563
	0x45, 0x31, 0xff, //0x000023f3 xorl         %r15d, %r15d
	0x31, 0xd2, //0x000023f6 xorl         %edx, %edx
	//0x000023f8 LBB0_406
	0x48, 0x8b, 0x4d, 0xd0, //0x000023f8 movq         $-48(%rbp), %rcx
	0x66, 0x0f, 0x6f, 0xda, //0x000023fc movdqa       %xmm2, %xmm3
	0x66, 0x0f, 0x64, 0xdc, //0x00002400 pcmpgtb      %xmm4, %xmm3
	0x66, 0x41, 0x0f, 0x64, 0xe7, //0x00002404 pcmpgtb      %xmm15, %xmm4
	0x66, 0x0f, 0xdb, 0xe3, //0x00002409 pand         %xmm3, %xmm4
	0x66, 0x0f, 0xd7, 0xc4, //0x0000240d pmovmskb     %xmm4, %eax
	0x49, 0x09, 0xc0, //0x00002411 orq          %rax, %r8
	0x41, 0xbc, 0x40, 0x00, 0x00, 0x00, //0x00002414 movl         $64, %r12d
	0xbb, 0x40, 0x00, 0x00, 0x00, //0x0000241a movl         $64, %ebx
	0x48, 0x85, 0xf6, //0x0000241f testq        %rsi, %rsi
	0x0f, 0x84, 0x04, 0x00, 0x00, 0x00, //0x00002422 je           LBB0_408
	0x48, 0x0f, 0xbc, 0xde, //0x00002428 bsfq         %rsi, %rbx
	//0x0000242c LBB0_408
	0x4d, 0x85, 0xc0, //0x0000242c testq        %r8, %r8
	0x0f, 0x84, 0x04, 0x00, 0x00, 0x00, //0x0000242f je           LBB0_410
	0x4d, 0x0f, 0xbc, 0xe0, //0x00002435 bsfq         %r8, %r12
	//0x00002439 LBB0_410
	0x4c, 0x89, 0xdf, //0x00002439 movq         %r11, %rdi
	0x4c, 0x29, 0xcf, //0x0000243c subq         %r9, %rdi
	0x48, 0x85, 0xd2, //0x0000243f testq        %rdx, %rdx
	0x0f, 0x85, 0xb9, 0x11, 0x00, 0x00, //0x00002442 jne          LBB0_628
	//0x00002448 LBB0_411
	0x48, 0x85, 0xf6, //0x00002448 testq        %rsi, %rsi
	0x0f, 0x84, 0x18, 0x00, 0x00, 0x00, //0x0000244b je           LBB0_414
	0x49, 0x39, 0xdc, //0x00002451 cmpq         %rbx, %r12
	0x0f, 0x82, 0x31, 0x26, 0x00, 0x00, //0x00002454 jb           LBB0_825
	0x4c, 0x03, 0x9d, 0x78, 0xff, 0xff, 0xff, //0x0000245a addq         $-136(%rbp), %r11
	0x49, 0x01, 0xdb, //0x00002461 addq         %rbx, %r11
	0xe9, 0x77, 0x02, 0x00, 0x00, //0x00002464 jmp          LBB0_446
	//0x00002469 LBB0_414
	0x4d, 0x85, 0xc0, //0x00002469 testq        %r8, %r8
	0x48, 0x8b, 0x45, 0xa8, //0x0000246c movq         $-88(%rbp), %rax
	0x0f, 0x85, 0x15, 0x26, 0x00, 0x00, //0x00002470 jne          LBB0_825
	0x49, 0x83, 0xc3, 0x20, //0x00002476 addq         $32, %r11
	0x49, 0x83, 0xc2, 0xe0, //0x0000247a addq         $-32, %r10
	0x4d, 0x85, 0xff, //0x0000247e testq        %r15, %r15
	0x0f, 0x85, 0x38, 0x0b, 0x00, 0x00, //0x00002481 jne          LBB0_559
	//0x00002487 LBB0_416
	0x48, 0x89, 0xc3, //0x00002487 movq         %rax, %rbx
	//0x0000248a LBB0_417
	0x4d, 0x85, 0xd2, //0x0000248a testq        %r10, %r10
	0x0f, 0x84, 0xec, 0x18, 0x00, 0x00, //0x0000248d je           LBB0_717
	0x41, 0x0f, 0xb6, 0x13, //0x00002493 movzbl       (%r11), %edx
	0x80, 0xfa, 0x22, //0x00002497 cmpb         $34, %dl
	0x0f, 0x84, 0x35, 0x02, 0x00, 0x00, //0x0000249a je           LBB0_445
	0x80, 0xfa, 0x5c, //0x000024a0 cmpb         $92, %dl
	0x0f, 0x84, 0x16, 0x00, 0x00, 0x00, //0x000024a3 je           LBB0_422
	0x80, 0xfa, 0x1f, //0x000024a9 cmpb         $31, %dl
	0x0f, 0x86, 0x11, 0x26, 0x00, 0x00, //0x000024ac jbe          LBB0_828
	0x49, 0x83, 0xc3, 0x01, //0x000024b2 addq         $1, %r11
	0x49, 0x83, 0xc2, 0xff, //0x000024b6 addq         $-1, %r10
	0xe9, 0xcb, 0xff, 0xff, 0xff, //0x000024ba jmp          LBB0_417
	//0x000024bf LBB0_422
	0x48, 0x89, 0x45, 0xa8, //0x000024bf movq         %rax, $-88(%rbp)
	0x49, 0x83, 0xfa, 0x01, //0x000024c3 cmpq         $1, %r10
	0x0f, 0x84, 0xb2, 0x18, 0x00, 0x00, //0x000024c7 je           LBB0_717
	0x4c, 0x89, 0xd9, //0x000024cd movq         %r11, %rcx
	0x4c, 0x29, 0xc9, //0x000024d0 subq         %r9, %rcx
	0x48, 0x83, 0xfb, 0xff, //0x000024d3 cmpq         $-1, %rbx
	0x48, 0x8b, 0x45, 0xa8, //0x000024d7 movq         $-88(%rbp), %rax
	0x48, 0x0f, 0x44, 0xc1, //0x000024db cmoveq       %rcx, %rax
	0x48, 0x89, 0x45, 0xa8, //0x000024df movq         %rax, $-88(%rbp)
	0x48, 0x0f, 0x44, 0xd9, //0x000024e3 cmoveq       %rcx, %rbx
	0x48, 0x83, 0xc1, 0x01, //0x000024e7 addq         $1, %rcx
	0x48, 0x8b, 0x75, 0xc0, //0x000024eb movq         $-64(%rbp), %rsi
	0x48, 0x29, 0xce, //0x000024ef subq         %rcx, %rsi
	0x0f, 0x84, 0x87, 0x18, 0x00, 0x00, //0x000024f2 je           LBB0_717
	0x48, 0x89, 0xc8, //0x000024f8 movq         %rcx, %rax
	0x41, 0x0f, 0xbe, 0x14, 0x09, //0x000024fb movsbl       (%r9,%rcx), %edx
	0x83, 0xc2, 0xde, //0x00002500 addl         $-34, %edx
	0x83, 0xfa, 0x53, //0x00002503 cmpl         $83, %edx
	0x0f, 0x87, 0xfe, 0x25, 0x00, 0x00, //0x00002506 ja           LBB0_832
	0x48, 0x8d, 0x3d, 0xb5, 0x2e, 0x00, 0x00, //0x0000250c leaq         $11957(%rip), %rdi  /* LJTI0_7+0(%rip) */
	0x48, 0x63, 0x0c, 0x97, //0x00002513 movslq       (%rdi,%rdx,4), %rcx
	0x48, 0x01, 0xf9, //0x00002517 addq         %rdi, %rcx
	0xff, 0xe1, //0x0000251a jmpq         *%rcx
	//0x0000251c LBB0_426
	0x4c, 0x8d, 0x70, 0x01, //0x0000251c leaq         $1(%rax), %r14
	//0x00002520 LBB0_427
	0x4d, 0x85, 0xf6, //0x00002520 testq        %r14, %r14
	0x0f, 0x88, 0x45, 0x18, 0x00, 0x00, //0x00002523 js           LBB0_716
	0x49, 0x29, 0xc6, //0x00002529 subq         %rax, %r14
	0x49, 0x8d, 0x4e, 0x01, //0x0000252c leaq         $1(%r14), %rcx
	0x49, 0x29, 0xca, //0x00002530 subq         %rcx, %r10
	0x4d, 0x01, 0xf3, //0x00002533 addq         %r14, %r11
	0x49, 0x83, 0xc3, 0x01, //0x00002536 addq         $1, %r11
	0x4c, 0x8b, 0x6d, 0xb0, //0x0000253a movq         $-80(%rbp), %r13
	0x48, 0x8b, 0x4d, 0xd0, //0x0000253e movq         $-48(%rbp), %rcx
	0x48, 0x8b, 0x45, 0xa8, //0x00002542 movq         $-88(%rbp), %rax
	0xe9, 0x3f, 0xff, 0xff, 0xff, //0x00002546 jmp          LBB0_417
	//0x0000254b LBB0_429
	0x48, 0x83, 0xfe, 0x05, //0x0000254b cmpq         $5, %rsi
	0x0f, 0x82, 0x2a, 0x18, 0x00, 0x00, //0x0000254f jb           LBB0_717
	0x45, 0x8b, 0x74, 0x01, 0x01, //0x00002555 movl         $1(%r9,%rax), %r14d
	0x44, 0x89, 0xf7, //0x0000255a movl         %r14d, %edi
	0xf7, 0xd7, //0x0000255d notl         %edi
	0x41, 0x8d, 0x8e, 0xd0, 0xcf, 0xcf, 0xcf, //0x0000255f leal         $-808464432(%r14), %ecx
	0x81, 0xe7, 0x80, 0x80, 0x80, 0x80, //0x00002566 andl         $-2139062144, %edi
	0x85, 0xcf, //0x0000256c testl        %ecx, %edi
	0x0f, 0x85, 0x96, 0x25, 0x00, 0x00, //0x0000256e jne          LBB0_832
	0x41, 0x8d, 0x8e, 0x19, 0x19, 0x19, 0x19, //0x00002574 leal         $421075225(%r14), %ecx
	0x44, 0x09, 0xf1, //0x0000257b orl          %r14d, %ecx
	0xf7, 0xc1, 0x80, 0x80, 0x80, 0x80, //0x0000257e testl        $-2139062144, %ecx
	0x0f, 0x85, 0x80, 0x25, 0x00, 0x00, //0x00002584 jne          LBB0_832
	0x44, 0x89, 0xf2, //0x0000258a movl         %r14d, %edx
	0x81, 0xe2, 0x7f, 0x7f, 0x7f, 0x7f, //0x0000258d andl         $2139062143, %edx
	0xb9, 0xc0, 0xc0, 0xc0, 0xc0, //0x00002593 movl         $-1061109568, %ecx
	0x29, 0xd1, //0x00002598 subl         %edx, %ecx
	0x44, 0x8d, 0x82, 0x46, 0x46, 0x46, 0x46, //0x0000259a leal         $1179010630(%rdx), %r8d
	0x21, 0xf9, //0x000025a1 andl         %edi, %ecx
	0x44, 0x85, 0xc1, //0x000025a3 testl        %r8d, %ecx
	0x0f, 0x85, 0x5e, 0x25, 0x00, 0x00, //0x000025a6 jne          LBB0_832
	0xb9, 0xe0, 0xe0, 0xe0, 0xe0, //0x000025ac movl         $-522133280, %ecx
	0x29, 0xd1, //0x000025b1 subl         %edx, %ecx
	0x81, 0xc2, 0x39, 0x39, 0x39, 0x39, //0x000025b3 addl         $960051513, %edx
	0x21, 0xcf, //0x000025b9 andl         %ecx, %edi
	0x85, 0xd7, //0x000025bb testl        %edx, %edi
	0x0f, 0x85, 0x47, 0x25, 0x00, 0x00, //0x000025bd jne          LBB0_832
	0x41, 0x0f, 0xce, //0x000025c3 bswapl       %r14d
	0x44, 0x89, 0xf1, //0x000025c6 movl         %r14d, %ecx
	0xc1, 0xe9, 0x04, //0x000025c9 shrl         $4, %ecx
	0xf7, 0xd1, //0x000025cc notl         %ecx
	0x81, 0xe1, 0x01, 0x01, 0x01, 0x01, //0x000025ce andl         $16843009, %ecx
	0x8d, 0x0c, 0xc9, //0x000025d4 leal         (%rcx,%rcx,8), %ecx
	0x41, 0x81, 0xe6, 0x0f, 0x0f, 0x0f, 0x0f, //0x000025d7 andl         $252645135, %r14d
	0x41, 0x01, 0xce, //0x000025de addl         %ecx, %r14d
	0x44, 0x89, 0xf1, //0x000025e1 movl         %r14d, %ecx
	0xc1, 0xe9, 0x0c, //0x000025e4 shrl         $12, %ecx
	0x41, 0xc1, 0xee, 0x08, //0x000025e7 shrl         $8, %r14d
	0x41, 0x09, 0xce, //0x000025eb orl          %ecx, %r14d
	0x41, 0x81, 0xe6, 0x00, 0xfc, 0x00, 0x00, //0x000025ee andl         $64512, %r14d
	0x41, 0x81, 0xfe, 0x00, 0xd8, 0x00, 0x00, //0x000025f5 cmpl         $55296, %r14d
	0x0f, 0x85, 0xca, 0x00, 0x00, 0x00, //0x000025fc jne          LBB0_444
	0x48, 0x83, 0xfe, 0x0b, //0x00002602 cmpq         $11, %rsi
	0x0f, 0x82, 0xc0, 0x00, 0x00, 0x00, //0x00002606 jb           LBB0_444
	0x41, 0x80, 0x7c, 0x01, 0x05, 0x5c, //0x0000260c cmpb         $92, $5(%r9,%rax)
	0x0f, 0x85, 0xb4, 0x00, 0x00, 0x00, //0x00002612 jne          LBB0_444
	0x41, 0x80, 0x7c, 0x01, 0x06, 0x75, //0x00002618 cmpb         $117, $6(%r9,%rax)
	0x0f, 0x85, 0xa8, 0x00, 0x00, 0x00, //0x0000261e jne          LBB0_444
	0x41, 0x8b, 0x54, 0x01, 0x07, //0x00002624 movl         $7(%r9,%rax), %edx
	0x89, 0xd6, //0x00002629 movl         %edx, %esi
	0xf7, 0xd6, //0x0000262b notl         %esi
	0x8d, 0x8a, 0xd0, 0xcf, 0xcf, 0xcf, //0x0000262d leal         $-808464432(%rdx), %ecx
	0x81, 0xe6, 0x80, 0x80, 0x80, 0x80, //0x00002633 andl         $-2139062144, %esi
	0x85, 0xce, //0x00002639 testl        %ecx, %esi
	0x0f, 0x85, 0x8b, 0x00, 0x00, 0x00, //0x0000263b jne          LBB0_444
	0x8d, 0x8a, 0x19, 0x19, 0x19, 0x19, //0x00002641 leal         $421075225(%rdx), %ecx
	0x09, 0xd1, //0x00002647 orl          %edx, %ecx
	0xf7, 0xc1, 0x80, 0x80, 0x80, 0x80, //0x00002649 testl        $-2139062144, %ecx
	0x0f, 0x85, 0x77, 0x00, 0x00, 0x00, //0x0000264f jne          LBB0_444
	0x89, 0xd7, //0x00002655 movl         %edx, %edi
	0x81, 0xe7, 0x7f, 0x7f, 0x7f, 0x7f, //0x00002657 andl         $2139062143, %edi
	0xb9, 0xc0, 0xc0, 0xc0, 0xc0, //0x0000265d movl         $-1061109568, %ecx
	0x29, 0xf9, //0x00002662 subl         %edi, %ecx
	0x44, 0x8d, 0x87, 0x46, 0x46, 0x46, 0x46, //0x00002664 leal         $1179010630(%rdi), %r8d
	0x21, 0xf1, //0x0000266b andl         %esi, %ecx
	0x44, 0x85, 0xc1, //0x0000266d testl        %r8d, %ecx
	0x0f, 0x85, 0x56, 0x00, 0x00, 0x00, //0x00002670 jne          LBB0_444
	0xb9, 0xe0, 0xe0, 0xe0, 0xe0, //0x00002676 movl         $-522133280, %ecx
	0x29, 0xf9, //0x0000267b subl         %edi, %ecx
	0x81, 0xc7, 0x39, 0x39, 0x39, 0x39, //0x0000267d addl         $960051513, %edi
	0x21, 0xce, //0x00002683 andl         %ecx, %esi
	0x85, 0xfe, //0x00002685 testl        %edi, %esi
	0x0f, 0x85, 0x3f, 0x00, 0x00, 0x00, //0x00002687 jne          LBB0_444
	0x0f, 0xca, //0x0000268d bswapl       %edx
	0x89, 0xd1, //0x0000268f movl         %edx, %ecx
	0xc1, 0xe9, 0x04, //0x00002691 shrl         $4, %ecx
	0xf7, 0xd1, //0x00002694 notl         %ecx
	0x81, 0xe1, 0x01, 0x01, 0x01, 0x01, //0x00002696 andl         $16843009, %ecx
	0x8d, 0x0c, 0xc9, //0x0000269c leal         (%rcx,%rcx,8), %ecx
	0x81, 0xe2, 0x0f, 0x0f, 0x0f, 0x0f, //0x0000269f andl         $252645135, %edx
	0x01, 0xca, //0x000026a5 addl         %ecx, %edx
	0x89, 0xd1, //0x000026a7 movl         %edx, %ecx
	0xc1, 0xe9, 0x0c, //0x000026a9 shrl         $12, %ecx
	0xc1, 0xea, 0x08, //0x000026ac shrl         $8, %edx
	0x09, 0xca, //0x000026af orl          %ecx, %edx
	0x81, 0xe2, 0x00, 0xfc, 0x00, 0x00, //0x000026b1 andl         $64512, %edx
	0x81, 0xfa, 0x00, 0xdc, 0x00, 0x00, //0x000026b7 cmpl         $56320, %edx
	0x0f, 0x85, 0x09, 0x00, 0x00, 0x00, //0x000026bd jne          LBB0_444
	0x4c, 0x8d, 0x70, 0x0b, //0x000026c3 leaq         $11(%rax), %r14
	0xe9, 0x54, 0xfe, 0xff, 0xff, //0x000026c7 jmp          LBB0_427
	//0x000026cc LBB0_444
	0x4c, 0x8d, 0x70, 0x05, //0x000026cc leaq         $5(%rax), %r14
	0xe9, 0x4b, 0xfe, 0xff, 0xff, //0x000026d0 jmp          LBB0_427
	//0x000026d5 LBB0_445
	0x48, 0x89, 0x45, 0xa8, //0x000026d5 movq         %rax, $-88(%rbp)
	0x4c, 0x03, 0x9d, 0x78, 0xff, 0xff, 0xff, //0x000026d9 addq         $-136(%rbp), %r11
	//0x000026e0 LBB0_446
	0x4d, 0x89, 0xde, //0x000026e0 movq         %r11, %r14
	0x48, 0x8b, 0x75, 0xb8, //0x000026e3 movq         $-72(%rbp), %rsi
	0x48, 0x8b, 0x7d, 0xc8, //0x000026e7 movq         $-56(%rbp), %rdi
	0x4c, 0x8b, 0x5d, 0x88, //0x000026eb movq         $-120(%rbp), %r11
	0x49, 0xba, 0x00, 0x26, 0x00, 0x00, 0x01, 0x00, 0x00, 0x00, //0x000026ef movabsq      $4294977024, %r10
	0xe9, 0xf7, 0xed, 0xff, 0xff, //0x000026f9 jmp          LBB0_244
	//0x000026fe LBB0_447
	0x4d, 0x01, 0xce, //0x000026fe addq         %r9, %r14
	0x48, 0xc7, 0x45, 0xc8, 0xff, 0xff, 0xff, 0xff, //0x00002701 movq         $-1, $-56(%rbp)
	0x45, 0x31, 0xc0, //0x00002709 xorl         %r8d, %r8d
	0x49, 0x83, 0xfa, 0x20, //0x0000270c cmpq         $32, %r10
	0x4c, 0x8b, 0x6d, 0xb0, //0x00002710 movq         $-80(%rbp), %r13
	0x0f, 0x83, 0xbd, 0xfa, 0xff, 0xff, //0x00002714 jae          LBB0_137
	0xe9, 0x99, 0x09, 0x00, 0x00, //0x0000271a jmp          LBB0_568
	//0x0000271f LBB0_448
	0x48, 0xc7, 0x45, 0xc8, 0xff, 0xff, 0xff, 0xff, //0x0000271f movq         $-1, $-56(%rbp)
	0x45, 0x31, 0xc0, //0x00002727 xorl         %r8d, %r8d
	//0x0000272a LBB0_449
	0x49, 0x83, 0xfa, 0x20, //0x0000272a cmpq         $32, %r10
	0x0f, 0x82, 0x63, 0x0a, 0x00, 0x00, //0x0000272e jb           LBB0_581
	0xf3, 0x41, 0x0f, 0x6f, 0x27, //0x00002734 movdqu       (%r15), %xmm4
	0xf3, 0x41, 0x0f, 0x6f, 0x5f, 0x10, //0x00002739 movdqu       $16(%r15), %xmm3
	0x66, 0x0f, 0x6f, 0xec, //0x0000273f movdqa       %xmm4, %xmm5
	0x66, 0x0f, 0x74, 0xe8, //0x00002743 pcmpeqb      %xmm0, %xmm5
	0x66, 0x0f, 0xd7, 0xdd, //0x00002747 pmovmskb     %xmm5, %ebx
	0x66, 0x0f, 0x6f, 0xeb, //0x0000274b movdqa       %xmm3, %xmm5
	0x66, 0x0f, 0x74, 0xe8, //0x0000274f pcmpeqb      %xmm0, %xmm5
	0x66, 0x0f, 0xd7, 0xcd, //0x00002753 pmovmskb     %xmm5, %ecx
	0x66, 0x0f, 0x6f, 0xec, //0x00002757 movdqa       %xmm4, %xmm5
	0x66, 0x0f, 0x74, 0xe9, //0x0000275b pcmpeqb      %xmm1, %xmm5
	0x66, 0x0f, 0xd7, 0xc5, //0x0000275f pmovmskb     %xmm5, %eax
	0x66, 0x0f, 0x6f, 0xeb, //0x00002763 movdqa       %xmm3, %xmm5
	0x66, 0x0f, 0x74, 0xe9, //0x00002767 pcmpeqb      %xmm1, %xmm5
	0x66, 0x0f, 0xd7, 0xd5, //0x0000276b pmovmskb     %xmm5, %edx
	0x66, 0x0f, 0x6f, 0xea, //0x0000276f movdqa       %xmm2, %xmm5
	0x66, 0x0f, 0x64, 0xeb, //0x00002773 pcmpgtb      %xmm3, %xmm5
	0x66, 0x41, 0x0f, 0x64, 0xdf, //0x00002777 pcmpgtb      %xmm15, %xmm3
	0x66, 0x0f, 0xdb, 0xdd, //0x0000277c pand         %xmm5, %xmm3
	0x66, 0x44, 0x0f, 0xd7, 0xe3, //0x00002780 pmovmskb     %xmm3, %r12d
	0x48, 0xc1, 0xe1, 0x10, //0x00002785 shlq         $16, %rcx
	0x48, 0x09, 0xcb, //0x00002789 orq          %rcx, %rbx
	0x48, 0xc1, 0xe2, 0x10, //0x0000278c shlq         $16, %rdx
	0x49, 0xc1, 0xe4, 0x10, //0x00002790 shlq         $16, %r12
	0x48, 0x09, 0xd0, //0x00002794 orq          %rdx, %rax
	0x0f, 0x85, 0x4d, 0x0a, 0x00, 0x00, //0x00002797 jne          LBB0_584
	0x4d, 0x85, 0xc0, //0x0000279d testq        %r8, %r8
	0x4c, 0x8b, 0x6d, 0xb0, //0x000027a0 movq         $-80(%rbp), %r13
	0x0f, 0x85, 0x5c, 0x0a, 0x00, 0x00, //0x000027a4 jne          LBB0_586
	0x45, 0x31, 0xc0, //0x000027aa xorl         %r8d, %r8d
	0x31, 0xd2, //0x000027ad xorl         %edx, %edx
	//0x000027af LBB0_453
	0x66, 0x0f, 0x6f, 0xda, //0x000027af movdqa       %xmm2, %xmm3
	0x66, 0x0f, 0x64, 0xdc, //0x000027b3 pcmpgtb      %xmm4, %xmm3
	0x66, 0x41, 0x0f, 0x64, 0xe7, //0x000027b7 pcmpgtb      %xmm15, %xmm4
	0x66, 0x0f, 0xdb, 0xe3, //0x000027bc pand         %xmm3, %xmm4
	0x66, 0x0f, 0xd7, 0xc4, //0x000027c0 pmovmskb     %xmm4, %eax
	0x49, 0x09, 0xc4, //0x000027c4 orq          %rax, %r12
	0xbe, 0x40, 0x00, 0x00, 0x00, //0x000027c7 movl         $64, %esi
	0xbf, 0x40, 0x00, 0x00, 0x00, //0x000027cc movl         $64, %edi
	0x48, 0x85, 0xdb, //0x000027d1 testq        %rbx, %rbx
	0x0f, 0x84, 0x04, 0x00, 0x00, 0x00, //0x000027d4 je           LBB0_455
	0x48, 0x0f, 0xbc, 0xfb, //0x000027da bsfq         %rbx, %rdi
	//0x000027de LBB0_455
	0x4d, 0x85, 0xe4, //0x000027de testq        %r12, %r12
	0x0f, 0x84, 0x04, 0x00, 0x00, 0x00, //0x000027e1 je           LBB0_457
	0x49, 0x0f, 0xbc, 0xf4, //0x000027e7 bsfq         %r12, %rsi
	//0x000027eb LBB0_457
	0x4c, 0x89, 0xf9, //0x000027eb movq         %r15, %rcx
	0x4c, 0x29, 0xc9, //0x000027ee subq         %r9, %rcx
	0x48, 0x85, 0xd2, //0x000027f1 testq        %rdx, %rdx
	0x0f, 0x85, 0xd0, 0x10, 0x00, 0x00, //0x000027f4 jne          LBB0_656
	//0x000027fa LBB0_458
	0x48, 0x85, 0xdb, //0x000027fa testq        %rbx, %rbx
	0x0f, 0x84, 0x1b, 0x00, 0x00, 0x00, //0x000027fd je           LBB0_461
	0x48, 0x39, 0xfe, //0x00002803 cmpq         %rdi, %rsi
	0x0f, 0x82, 0xa5, 0x22, 0x00, 0x00, //0x00002806 jb           LBB0_827
	0x4c, 0x03, 0xbd, 0x78, 0xff, 0xff, 0xff, //0x0000280c addq         $-136(%rbp), %r15
	0x49, 0x01, 0xff, //0x00002813 addq         %rdi, %r15
	0x4d, 0x89, 0xfe, //0x00002816 movq         %r15, %r14
	0xe9, 0x3d, 0x09, 0x00, 0x00, //0x00002819 jmp          LBB0_580
	//0x0000281e LBB0_461
	0x4d, 0x85, 0xe4, //0x0000281e testq        %r12, %r12
	0x48, 0x8b, 0x7d, 0xc8, //0x00002821 movq         $-56(%rbp), %rdi
	0x0f, 0x85, 0x86, 0x22, 0x00, 0x00, //0x00002825 jne          LBB0_827
	0x49, 0x83, 0xc7, 0x20, //0x0000282b addq         $32, %r15
	0x49, 0x83, 0xc2, 0xe0, //0x0000282f addq         $-32, %r10
	0x4d, 0x85, 0xc0, //0x00002833 testq        %r8, %r8
	0x48, 0x8b, 0x4d, 0xd0, //0x00002836 movq         $-48(%rbp), %rcx
	0x0f, 0x85, 0x6c, 0x09, 0x00, 0x00, //0x0000283a jne          LBB0_582
	//0x00002840 LBB0_463
	0x48, 0x89, 0xf8, //0x00002840 movq         %rdi, %rax
	//0x00002843 LBB0_464
	0x4d, 0x85, 0xd2, //0x00002843 testq        %r10, %r10
	0x0f, 0x84, 0x7f, 0x1f, 0x00, 0x00, //0x00002846 je           LBB0_146
	0x41, 0x0f, 0xb6, 0x17, //0x0000284c movzbl       (%r15), %edx
	0x80, 0xfa, 0x22, //0x00002850 cmpb         $34, %dl
	0x0f, 0x84, 0x35, 0x02, 0x00, 0x00, //0x00002853 je           LBB0_492
	0x80, 0xfa, 0x5c, //0x00002859 cmpb         $92, %dl
	0x0f, 0x84, 0x16, 0x00, 0x00, 0x00, //0x0000285c je           LBB0_469
	0x80, 0xfa, 0x1f, //0x00002862 cmpb         $31, %dl
	0x0f, 0x86, 0x6a, 0x22, 0x00, 0x00, //0x00002865 jbe          LBB0_829
	0x49, 0x83, 0xc7, 0x01, //0x0000286b addq         $1, %r15
	0x49, 0x83, 0xc2, 0xff, //0x0000286f addq         $-1, %r10
	0xe9, 0xcb, 0xff, 0xff, 0xff, //0x00002873 jmp          LBB0_464
	//0x00002878 LBB0_469
	0x48, 0x89, 0x7d, 0xc8, //0x00002878 movq         %rdi, $-56(%rbp)
	0x49, 0x83, 0xfa, 0x01, //0x0000287c cmpq         $1, %r10
	0x0f, 0x84, 0x45, 0x1f, 0x00, 0x00, //0x00002880 je           LBB0_146
	0x4c, 0x89, 0xfa, //0x00002886 movq         %r15, %rdx
	0x4c, 0x29, 0xca, //0x00002889 subq         %r9, %rdx
	0x48, 0x83, 0xf8, 0xff, //0x0000288c cmpq         $-1, %rax
	0x48, 0x8b, 0x4d, 0xc8, //0x00002890 movq         $-56(%rbp), %rcx
	0x48, 0x0f, 0x44, 0xca, //0x00002894 cmoveq       %rdx, %rcx
	0x48, 0x89, 0x4d, 0xc8, //0x00002898 movq         %rcx, $-56(%rbp)
	0x48, 0x0f, 0x44, 0xc2, //0x0000289c cmoveq       %rdx, %rax
	0x48, 0x83, 0xc2, 0x01, //0x000028a0 addq         $1, %rdx
	0x48, 0x8b, 0x75, 0xa8, //0x000028a4 movq         $-88(%rbp), %rsi
	0x48, 0x29, 0xd6, //0x000028a8 subq         %rdx, %rsi
	0x0f, 0x84, 0x1a, 0x1f, 0x00, 0x00, //0x000028ab je           LBB0_146
	0x48, 0x89, 0xd3, //0x000028b1 movq         %rdx, %rbx
	0x41, 0x0f, 0xbe, 0x14, 0x11, //0x000028b4 movsbl       (%r9,%rdx), %edx
	0x83, 0xc2, 0xde, //0x000028b9 addl         $-34, %edx
	0x83, 0xfa, 0x53, //0x000028bc cmpl         $83, %edx
	0x0f, 0x87, 0x58, 0x22, 0x00, 0x00, //0x000028bf ja           LBB0_833
	0x48, 0x8d, 0x3d, 0x0c, 0x27, 0x00, 0x00, //0x000028c5 leaq         $9996(%rip), %rdi  /* LJTI0_4+0(%rip) */
	0x48, 0x63, 0x0c, 0x97, //0x000028cc movslq       (%rdi,%rdx,4), %rcx
	0x48, 0x01, 0xf9, //0x000028d0 addq         %rdi, %rcx
	0xff, 0xe1, //0x000028d3 jmpq         *%rcx
	//0x000028d5 LBB0_473
	0x4c, 0x8d, 0x73, 0x01, //0x000028d5 leaq         $1(%rbx), %r14
	//0x000028d9 LBB0_474
	0x4d, 0x85, 0xf6, //0x000028d9 testq        %r14, %r14
	0x0f, 0x88, 0xd8, 0x1e, 0x00, 0x00, //0x000028dc js           LBB0_145
	0x49, 0x29, 0xde, //0x000028e2 subq         %rbx, %r14
	0x49, 0x8d, 0x4e, 0x01, //0x000028e5 leaq         $1(%r14), %rcx
	0x49, 0x29, 0xca, //0x000028e9 subq         %rcx, %r10
	0x4d, 0x01, 0xf7, //0x000028ec addq         %r14, %r15
	0x49, 0x83, 0xc7, 0x01, //0x000028ef addq         $1, %r15
	0x4c, 0x8b, 0x6d, 0xb0, //0x000028f3 movq         $-80(%rbp), %r13
	0x48, 0x8b, 0x4d, 0xd0, //0x000028f7 movq         $-48(%rbp), %rcx
	0x48, 0x8b, 0x7d, 0xc8, //0x000028fb movq         $-56(%rbp), %rdi
	0xe9, 0x3f, 0xff, 0xff, 0xff, //0x000028ff jmp          LBB0_464
	//0x00002904 LBB0_476
	0x48, 0x83, 0xfe, 0x05, //0x00002904 cmpq         $5, %rsi
	0x0f, 0x82, 0xbd, 0x1e, 0x00, 0x00, //0x00002908 jb           LBB0_146
	0x45, 0x8b, 0x44, 0x19, 0x01, //0x0000290e movl         $1(%r9,%rbx), %r8d
	0x44, 0x89, 0xc7, //0x00002913 movl         %r8d, %edi
	0xf7, 0xd7, //0x00002916 notl         %edi
	0x41, 0x8d, 0x88, 0xd0, 0xcf, 0xcf, 0xcf, //0x00002918 leal         $-808464432(%r8), %ecx
	0x81, 0xe7, 0x80, 0x80, 0x80, 0x80, //0x0000291f andl         $-2139062144, %edi
	0x85, 0xcf, //0x00002925 testl        %ecx, %edi
	0x0f, 0x85, 0xf0, 0x21, 0x00, 0x00, //0x00002927 jne          LBB0_833
	0x41, 0x8d, 0x88, 0x19, 0x19, 0x19, 0x19, //0x0000292d leal         $421075225(%r8), %ecx
	0x44, 0x09, 0xc1, //0x00002934 orl          %r8d, %ecx
	0xf7, 0xc1, 0x80, 0x80, 0x80, 0x80, //0x00002937 testl        $-2139062144, %ecx
	0x0f, 0x85, 0xda, 0x21, 0x00, 0x00, //0x0000293d jne          LBB0_833
	0x44, 0x89, 0xc2, //0x00002943 movl         %r8d, %edx
	0x81, 0xe2, 0x7f, 0x7f, 0x7f, 0x7f, //0x00002946 andl         $2139062143, %edx
	0xb9, 0xc0, 0xc0, 0xc0, 0xc0, //0x0000294c movl         $-1061109568, %ecx
	0x29, 0xd1, //0x00002951 subl         %edx, %ecx
	0x44, 0x8d, 0xb2, 0x46, 0x46, 0x46, 0x46, //0x00002953 leal         $1179010630(%rdx), %r14d
	0x21, 0xf9, //0x0000295a andl         %edi, %ecx
	0x44, 0x85, 0xf1, //0x0000295c testl        %r14d, %ecx
	0x0f, 0x85, 0xb8, 0x21, 0x00, 0x00, //0x0000295f jne          LBB0_833
	0xb9, 0xe0, 0xe0, 0xe0, 0xe0, //0x00002965 movl         $-522133280, %ecx
	0x29, 0xd1, //0x0000296a subl         %edx, %ecx
	0x81, 0xc2, 0x39, 0x39, 0x39, 0x39, //0x0000296c addl         $960051513, %edx
	0x21, 0xcf, //0x00002972 andl         %ecx, %edi
	0x85, 0xd7, //0x00002974 testl        %edx, %edi
	0x0f, 0x85, 0xa1, 0x21, 0x00, 0x00, //0x00002976 jne          LBB0_833
	0x41, 0x0f, 0xc8, //0x0000297c bswapl       %r8d
	0x44, 0x89, 0xc1, //0x0000297f movl         %r8d, %ecx
	0xc1, 0xe9, 0x04, //0x00002982 shrl         $4, %ecx
	0xf7, 0xd1, //0x00002985 notl         %ecx
	0x81, 0xe1, 0x01, 0x01, 0x01, 0x01, //0x00002987 andl         $16843009, %ecx
	0x8d, 0x0c, 0xc9, //0x0000298d leal         (%rcx,%rcx,8), %ecx
	0x41, 0x81, 0xe0, 0x0f, 0x0f, 0x0f, 0x0f, //0x00002990 andl         $252645135, %r8d
	0x41, 0x01, 0xc8, //0x00002997 addl         %ecx, %r8d
	0x44, 0x89, 0xc1, //0x0000299a movl         %r8d, %ecx
	0xc1, 0xe9, 0x0c, //0x0000299d shrl         $12, %ecx
	0x41, 0xc1, 0xe8, 0x08, //0x000029a0 shrl         $8, %r8d
	0x41, 0x09, 0xc8, //0x000029a4 orl          %ecx, %r8d
	0x41, 0x81, 0xe0, 0x00, 0xfc, 0x00, 0x00, //0x000029a7 andl         $64512, %r8d
	0x41, 0x81, 0xf8, 0x00, 0xd8, 0x00, 0x00, //0x000029ae cmpl         $55296, %r8d
	0x0f, 0x85, 0xca, 0x00, 0x00, 0x00, //0x000029b5 jne          LBB0_491
	0x48, 0x83, 0xfe, 0x0b, //0x000029bb cmpq         $11, %rsi
	0x0f, 0x82, 0xc0, 0x00, 0x00, 0x00, //0x000029bf jb           LBB0_491
	0x41, 0x80, 0x7c, 0x19, 0x05, 0x5c, //0x000029c5 cmpb         $92, $5(%r9,%rbx)
	0x0f, 0x85, 0xb4, 0x00, 0x00, 0x00, //0x000029cb jne          LBB0_491
	0x41, 0x80, 0x7c, 0x19, 0x06, 0x75, //0x000029d1 cmpb         $117, $6(%r9,%rbx)
	0x0f, 0x85, 0xa8, 0x00, 0x00, 0x00, //0x000029d7 jne          LBB0_491
	0x41, 0x8b, 0x54, 0x19, 0x07, //0x000029dd movl         $7(%r9,%rbx), %edx
	0x89, 0xd6, //0x000029e2 movl         %edx, %esi
	0xf7, 0xd6, //0x000029e4 notl         %esi
	0x8d, 0x8a, 0xd0, 0xcf, 0xcf, 0xcf, //0x000029e6 leal         $-808464432(%rdx), %ecx
	0x81, 0xe6, 0x80, 0x80, 0x80, 0x80, //0x000029ec andl         $-2139062144, %esi
	0x85, 0xce, //0x000029f2 testl        %ecx, %esi
	0x0f, 0x85, 0x8b, 0x00, 0x00, 0x00, //0x000029f4 jne          LBB0_491
	0x8d, 0x8a, 0x19, 0x19, 0x19, 0x19, //0x000029fa leal         $421075225(%rdx), %ecx
	0x09, 0xd1, //0x00002a00 orl          %edx, %ecx
	0xf7, 0xc1, 0x80, 0x80, 0x80, 0x80, //0x00002a02 testl        $-2139062144, %ecx
	0x0f, 0x85, 0x77, 0x00, 0x00, 0x00, //0x00002a08 jne          LBB0_491
	0x89, 0xd7, //0x00002a0e movl         %edx, %edi
	0x81, 0xe7, 0x7f, 0x7f, 0x7f, 0x7f, //0x00002a10 andl         $2139062143, %edi
	0xb9, 0xc0, 0xc0, 0xc0, 0xc0, //0x00002a16 movl         $-1061109568, %ecx
	0x29, 0xf9, //0x00002a1b subl         %edi, %ecx
	0x44, 0x8d, 0x87, 0x46, 0x46, 0x46, 0x46, //0x00002a1d leal         $1179010630(%rdi), %r8d
	0x21, 0xf1, //0x00002a24 andl         %esi, %ecx
	0x44, 0x85, 0xc1, //0x00002a26 testl        %r8d, %ecx
	0x0f, 0x85, 0x56, 0x00, 0x00, 0x00, //0x00002a29 jne          LBB0_491
	0xb9, 0xe0, 0xe0, 0xe0, 0xe0, //0x00002a2f movl         $-522133280, %ecx
	0x29, 0xf9, //0x00002a34 subl         %edi, %ecx
	0x81, 0xc7, 0x39, 0x39, 0x39, 0x39, //0x00002a36 addl         $960051513, %edi
	0x21, 0xce, //0x00002a3c andl         %ecx, %esi
	0x85, 0xfe, //0x00002a3e testl        %edi, %esi
	0x0f, 0x85, 0x3f, 0x00, 0x00, 0x00, //0x00002a40 jne          LBB0_491
	0x0f, 0xca, //0x00002a46 bswapl       %edx
	0x89, 0xd1, //0x00002a48 movl         %edx, %ecx
	0xc1, 0xe9, 0x04, //0x00002a4a shrl         $4, %ecx
	0xf7, 0xd1, //0x00002a4d notl         %ecx
	0x81, 0xe1, 0x01, 0x01, 0x01, 0x01, //0x00002a4f andl         $16843009, %ecx
	0x8d, 0x0c, 0xc9, //0x00002a55 leal         (%rcx,%rcx,8), %ecx
	0x81, 0xe2, 0x0f, 0x0f, 0x0f, 0x0f, //0x00002a58 andl         $252645135, %edx
	0x01, 0xca, //0x00002a5e addl         %ecx, %edx
	0x89, 0xd1, //0x00002a60 movl         %edx, %ecx
	0xc1, 0xe9, 0x0c, //0x00002a62 shrl         $12, %ecx
	0xc1, 0xea, 0x08, //0x00002a65 shrl         $8, %edx
	0x09, 0xca, //0x00002a68 orl          %ecx, %edx
	0x81, 0xe2, 0x00, 0xfc, 0x00, 0x00, //0x00002a6a andl         $64512, %edx
	0x81, 0xfa, 0x00, 0xdc, 0x00, 0x00, //0x00002a70 cmpl         $56320, %edx
	0x0f, 0x85, 0x09, 0x00, 0x00, 0x00, //0x00002a76 jne          LBB0_491
	0x4c, 0x8d, 0x73, 0x0b, //0x00002a7c leaq         $11(%rbx), %r14
	0xe9, 0x54, 0xfe, 0xff, 0xff, //0x00002a80 jmp          LBB0_474
	//0x00002a85 LBB0_491
	0x4c, 0x8d, 0x73, 0x05, //0x00002a85 leaq         $5(%rbx), %r14
	0xe9, 0x4b, 0xfe, 0xff, 0xff, //0x00002a89 jmp          LBB0_474
	//0x00002a8e LBB0_492
	0x48, 0x89, 0x7d, 0xc8, //0x00002a8e movq         %rdi, $-56(%rbp)
	0x4c, 0x03, 0xbd, 0x78, 0xff, 0xff, 0xff, //0x00002a92 addq         $-136(%rbp), %r15
	0x4d, 0x89, 0xfe, //0x00002a99 movq         %r15, %r14
	//0x00002a9c LBB0_493
	0x48, 0x8b, 0x75, 0xb8, //0x00002a9c movq         $-72(%rbp), %rsi
	0x4c, 0x89, 0xdf, //0x00002aa0 movq         %r11, %rdi
	0x4c, 0x8b, 0x5d, 0x88, //0x00002aa3 movq         $-120(%rbp), %r11
	0x49, 0xba, 0x00, 0x26, 0x00, 0x00, 0x01, 0x00, 0x00, 0x00, //0x00002aa7 movabsq      $4294977024, %r10
	0x4d, 0x85, 0xf6, //0x00002ab1 testq        %r14, %r14
	0x0f, 0x89, 0xc9, 0xea, 0xff, 0xff, //0x00002ab4 jns          LBB0_252
	0xe9, 0xfb, 0x1c, 0x00, 0x00, //0x00002aba jmp          LBB0_145
	//0x00002abf LBB0_494
	0x49, 0xc7, 0xc4, 0xff, 0xff, 0xff, 0xff, //0x00002abf movq         $-1, %r12
	0x48, 0x8b, 0x4d, 0xc8, //0x00002ac6 movq         $-56(%rbp), %rcx
	0x48, 0x89, 0xde, //0x00002aca movq         %rbx, %rsi
	0x49, 0xc7, 0xc5, 0xff, 0xff, 0xff, 0xff, //0x00002acd movq         $-1, %r13
	0x49, 0xc7, 0xc2, 0xff, 0xff, 0xff, 0xff, //0x00002ad4 movq         $-1, %r10
	0xe9, 0xdb, 0xee, 0xff, 0xff, //0x00002adb jmp          LBB0_302
	//0x00002ae0 LBB0_495
	0x4d, 0x01, 0xce, //0x00002ae0 addq         %r9, %r14
	0x48, 0xc7, 0x45, 0xc8, 0xff, 0xff, 0xff, 0xff, //0x00002ae3 movq         $-1, $-56(%rbp)
	0x45, 0x31, 0xc0, //0x00002aeb xorl         %r8d, %r8d
	0x49, 0x83, 0xfa, 0x20, //0x00002aee cmpq         $32, %r10
	0x4c, 0x8b, 0x6d, 0xb0, //0x00002af2 movq         $-80(%rbp), %r13
	0x0f, 0x83, 0x83, 0xf7, 0xff, 0xff, //0x00002af6 jae          LBB0_269
	0xe9, 0x2c, 0x08, 0x00, 0x00, //0x00002afc jmp          LBB0_595
	//0x00002b01 LBB0_496
	0x48, 0xc7, 0x45, 0xc8, 0xff, 0xff, 0xff, 0xff, //0x00002b01 movq         $-1, $-56(%rbp)
	0x45, 0x31, 0xc0, //0x00002b09 xorl         %r8d, %r8d
	//0x00002b0c LBB0_497
	0x49, 0x83, 0xfa, 0x20, //0x00002b0c cmpq         $32, %r10
	0x0f, 0x82, 0x06, 0x01, 0x00, 0x00, //0x00002b10 jb           LBB0_511
	0xf3, 0x41, 0x0f, 0x6f, 0x27, //0x00002b16 movdqu       (%r15), %xmm4
	0xf3, 0x41, 0x0f, 0x6f, 0x5f, 0x10, //0x00002b1b movdqu       $16(%r15), %xmm3
	0x66, 0x0f, 0x6f, 0xec, //0x00002b21 movdqa       %xmm4, %xmm5
	0x66, 0x0f, 0x74, 0xe8, //0x00002b25 pcmpeqb      %xmm0, %xmm5
	0x66, 0x0f, 0xd7, 0xdd, //0x00002b29 pmovmskb     %xmm5, %ebx
	0x66, 0x0f, 0x6f, 0xeb, //0x00002b2d movdqa       %xmm3, %xmm5
	0x66, 0x0f, 0x74, 0xe8, //0x00002b31 pcmpeqb      %xmm0, %xmm5
	0x66, 0x0f, 0xd7, 0xcd, //0x00002b35 pmovmskb     %xmm5, %ecx
	0x66, 0x0f, 0x6f, 0xec, //0x00002b39 movdqa       %xmm4, %xmm5
	0x66, 0x0f, 0x74, 0xe9, //0x00002b3d pcmpeqb      %xmm1, %xmm5
	0x66, 0x0f, 0xd7, 0xc5, //0x00002b41 pmovmskb     %xmm5, %eax
	0x66, 0x0f, 0x6f, 0xeb, //0x00002b45 movdqa       %xmm3, %xmm5
	0x66, 0x0f, 0x74, 0xe9, //0x00002b49 pcmpeqb      %xmm1, %xmm5
	0x66, 0x0f, 0xd7, 0xd5, //0x00002b4d pmovmskb     %xmm5, %edx
	0x66, 0x0f, 0x6f, 0xea, //0x00002b51 movdqa       %xmm2, %xmm5
	0x66, 0x0f, 0x64, 0xeb, //0x00002b55 pcmpgtb      %xmm3, %xmm5
	0x66, 0x41, 0x0f, 0x64, 0xdf, //0x00002b59 pcmpgtb      %xmm15, %xmm3
	0x66, 0x0f, 0xdb, 0xdd, //0x00002b5e pand         %xmm5, %xmm3
	0x66, 0x44, 0x0f, 0xd7, 0xe3, //0x00002b62 pmovmskb     %xmm3, %r12d
	0x48, 0xc1, 0xe1, 0x10, //0x00002b67 shlq         $16, %rcx
	0x48, 0x09, 0xcb, //0x00002b6b orq          %rcx, %rbx
	0x48, 0xc1, 0xe2, 0x10, //0x00002b6e shlq         $16, %rdx
	0x49, 0xc1, 0xe4, 0x10, //0x00002b72 shlq         $16, %r12
	0x48, 0x09, 0xd0, //0x00002b76 orq          %rdx, %rax
	0x0f, 0x85, 0x89, 0x08, 0x00, 0x00, //0x00002b79 jne          LBB0_609
	0x4d, 0x85, 0xc0, //0x00002b7f testq        %r8, %r8
	0x0f, 0x85, 0x9c, 0x08, 0x00, 0x00, //0x00002b82 jne          LBB0_611
	0x45, 0x31, 0xc0, //0x00002b88 xorl         %r8d, %r8d
	0x31, 0xd2, //0x00002b8b xorl         %edx, %edx
	//0x00002b8d LBB0_501
	0x4c, 0x8b, 0x6d, 0xb0, //0x00002b8d movq         $-80(%rbp), %r13
	0x66, 0x0f, 0x6f, 0xda, //0x00002b91 movdqa       %xmm2, %xmm3
	0x66, 0x0f, 0x64, 0xdc, //0x00002b95 pcmpgtb      %xmm4, %xmm3
	0x66, 0x41, 0x0f, 0x64, 0xe7, //0x00002b99 pcmpgtb      %xmm15, %xmm4
	0x66, 0x0f, 0xdb, 0xe3, //0x00002b9e pand         %xmm3, %xmm4
	0x66, 0x0f, 0xd7, 0xc4, //0x00002ba2 pmovmskb     %xmm4, %eax
	0x49, 0x09, 0xc4, //0x00002ba6 orq          %rax, %r12
	0xbe, 0x40, 0x00, 0x00, 0x00, //0x00002ba9 movl         $64, %esi
	0xbf, 0x40, 0x00, 0x00, 0x00, //0x00002bae movl         $64, %edi
	0x48, 0x85, 0xdb, //0x00002bb3 testq        %rbx, %rbx
	0x0f, 0x84, 0x04, 0x00, 0x00, 0x00, //0x00002bb6 je           LBB0_503
	0x48, 0x0f, 0xbc, 0xfb, //0x00002bbc bsfq         %rbx, %rdi
	//0x00002bc0 LBB0_503
	0x4d, 0x85, 0xe4, //0x00002bc0 testq        %r12, %r12
	0x0f, 0x84, 0x04, 0x00, 0x00, 0x00, //0x00002bc3 je           LBB0_505
	0x49, 0x0f, 0xbc, 0xf4, //0x00002bc9 bsfq         %r12, %rsi
	//0x00002bcd LBB0_505
	0x4c, 0x89, 0xf9, //0x00002bcd movq         %r15, %rcx
	0x4c, 0x29, 0xc9, //0x00002bd0 subq         %r9, %rcx
	0x48, 0x85, 0xd2, //0x00002bd3 testq        %rdx, %rdx
	0x0f, 0x85, 0x3b, 0x0f, 0x00, 0x00, //0x00002bd6 jne          LBB0_680
	//0x00002bdc LBB0_506
	0x48, 0x85, 0xdb, //0x00002bdc testq        %rbx, %rbx
	0x0f, 0x84, 0x26, 0x00, 0x00, 0x00, //0x00002bdf je           LBB0_509
	0x48, 0x39, 0xfe, //0x00002be5 cmpq         %rdi, %rsi
	0x0f, 0x82, 0xc3, 0x1e, 0x00, 0x00, //0x00002be8 jb           LBB0_827
	0x4c, 0x03, 0xbd, 0x78, 0xff, 0xff, 0xff, //0x00002bee addq         $-136(%rbp), %r15
	0x49, 0x01, 0xff, //0x00002bf5 addq         %rdi, %r15
	0x4d, 0x89, 0xfe, //0x00002bf8 movq         %r15, %r14
	0x48, 0x8b, 0x75, 0xb8, //0x00002bfb movq         $-72(%rbp), %rsi
	0x4c, 0x89, 0xdf, //0x00002bff movq         %r11, %rdi
	0x4c, 0x8b, 0x5d, 0x88, //0x00002c02 movq         $-120(%rbp), %r11
	0xe9, 0xd0, 0x07, 0x00, 0x00, //0x00002c06 jmp          LBB0_608
	//0x00002c0b LBB0_509
	0x4d, 0x85, 0xe4, //0x00002c0b testq        %r12, %r12
	0x0f, 0x85, 0x9d, 0x1e, 0x00, 0x00, //0x00002c0e jne          LBB0_827
	0x49, 0x83, 0xc7, 0x20, //0x00002c14 addq         $32, %r15
	0x49, 0x83, 0xc2, 0xe0, //0x00002c18 addq         $-32, %r10
	//0x00002c1c LBB0_511
	0x4d, 0x85, 0xc0, //0x00002c1c testq        %r8, %r8
	0x0f, 0x85, 0xb8, 0x0a, 0x00, 0x00, //0x00002c1f jne          LBB0_638
	0x48, 0x8b, 0x45, 0xc8, //0x00002c25 movq         $-56(%rbp), %rax
	//0x00002c29 LBB0_513
	0x4d, 0x85, 0xd2, //0x00002c29 testq        %r10, %r10
	0x0f, 0x84, 0x99, 0x1b, 0x00, 0x00, //0x00002c2c je           LBB0_146
	0x41, 0x0f, 0xb6, 0x17, //0x00002c32 movzbl       (%r15), %edx
	0x80, 0xfa, 0x22, //0x00002c36 cmpb         $34, %dl
	0x0f, 0x84, 0x25, 0x02, 0x00, 0x00, //0x00002c39 je           LBB0_541
	0x80, 0xfa, 0x5c, //0x00002c3f cmpb         $92, %dl
	0x0f, 0x84, 0x16, 0x00, 0x00, 0x00, //0x00002c42 je           LBB0_518
	0x80, 0xfa, 0x1f, //0x00002c48 cmpb         $31, %dl
	0x0f, 0x86, 0x84, 0x1e, 0x00, 0x00, //0x00002c4b jbe          LBB0_829
	0x49, 0x83, 0xc7, 0x01, //0x00002c51 addq         $1, %r15
	0x49, 0x83, 0xc2, 0xff, //0x00002c55 addq         $-1, %r10
	0xe9, 0xcb, 0xff, 0xff, 0xff, //0x00002c59 jmp          LBB0_513
	//0x00002c5e LBB0_518
	0x49, 0x83, 0xfa, 0x01, //0x00002c5e cmpq         $1, %r10
	0x0f, 0x84, 0x63, 0x1b, 0x00, 0x00, //0x00002c62 je           LBB0_146
	0x4c, 0x89, 0xfa, //0x00002c68 movq         %r15, %rdx
	0x4c, 0x29, 0xca, //0x00002c6b subq         %r9, %rdx
	0x48, 0x83, 0xf8, 0xff, //0x00002c6e cmpq         $-1, %rax
	0x48, 0x8b, 0x4d, 0xc8, //0x00002c72 movq         $-56(%rbp), %rcx
	0x48, 0x0f, 0x44, 0xca, //0x00002c76 cmoveq       %rdx, %rcx
	0x48, 0x89, 0x4d, 0xc8, //0x00002c7a movq         %rcx, $-56(%rbp)
	0x48, 0x0f, 0x44, 0xc2, //0x00002c7e cmoveq       %rdx, %rax
	0x48, 0x83, 0xc2, 0x01, //0x00002c82 addq         $1, %rdx
	0x48, 0x8b, 0x75, 0xa8, //0x00002c86 movq         $-88(%rbp), %rsi
	0x48, 0x29, 0xd6, //0x00002c8a subq         %rdx, %rsi
	0x0f, 0x84, 0x38, 0x1b, 0x00, 0x00, //0x00002c8d je           LBB0_146
	0x48, 0x89, 0xd3, //0x00002c93 movq         %rdx, %rbx
	0x41, 0x0f, 0xbe, 0x14, 0x11, //0x00002c96 movsbl       (%r9,%rdx), %edx
	0x83, 0xc2, 0xde, //0x00002c9b addl         $-34, %edx
	0x83, 0xfa, 0x53, //0x00002c9e cmpl         $83, %edx
	0x0f, 0x87, 0x76, 0x1e, 0x00, 0x00, //0x00002ca1 ja           LBB0_833
	0x48, 0x8d, 0x3d, 0xfa, 0x2c, 0x00, 0x00, //0x00002ca7 leaq         $11514(%rip), %rdi  /* LJTI0_11+0(%rip) */
	0x48, 0x63, 0x0c, 0x97, //0x00002cae movslq       (%rdi,%rdx,4), %rcx
	0x48, 0x01, 0xf9, //0x00002cb2 addq         %rdi, %rcx
	0xff, 0xe1, //0x00002cb5 jmpq         *%rcx
	//0x00002cb7 LBB0_522
	0x4c, 0x8d, 0x73, 0x01, //0x00002cb7 leaq         $1(%rbx), %r14
	//0x00002cbb LBB0_523
	0x4d, 0x85, 0xf6, //0x00002cbb testq        %r14, %r14
	0x0f, 0x88, 0xf6, 0x1a, 0x00, 0x00, //0x00002cbe js           LBB0_145
	0x49, 0x29, 0xde, //0x00002cc4 subq         %rbx, %r14
	0x49, 0x8d, 0x4e, 0x01, //0x00002cc7 leaq         $1(%r14), %rcx
	0x49, 0x29, 0xca, //0x00002ccb subq         %rcx, %r10
	0x4d, 0x01, 0xf7, //0x00002cce addq         %r14, %r15
	0x49, 0x83, 0xc7, 0x01, //0x00002cd1 addq         $1, %r15
	0xe9, 0x4f, 0xff, 0xff, 0xff, //0x00002cd5 jmp          LBB0_513
	//0x00002cda LBB0_525
	0x48, 0x83, 0xfe, 0x05, //0x00002cda cmpq         $5, %rsi
	0x0f, 0x82, 0xe7, 0x1a, 0x00, 0x00, //0x00002cde jb           LBB0_146
	0x45, 0x8b, 0x44, 0x19, 0x01, //0x00002ce4 movl         $1(%r9,%rbx), %r8d
	0x44, 0x89, 0xc7, //0x00002ce9 movl         %r8d, %edi
	0xf7, 0xd7, //0x00002cec notl         %edi
	0x41, 0x8d, 0x88, 0xd0, 0xcf, 0xcf, 0xcf, //0x00002cee leal         $-808464432(%r8), %ecx
	0x81, 0xe7, 0x80, 0x80, 0x80, 0x80, //0x00002cf5 andl         $-2139062144, %edi
	0x85, 0xcf, //0x00002cfb testl        %ecx, %edi
	0x0f, 0x85, 0x1a, 0x1e, 0x00, 0x00, //0x00002cfd jne          LBB0_833
	0x41, 0x8d, 0x88, 0x19, 0x19, 0x19, 0x19, //0x00002d03 leal         $421075225(%r8), %ecx
	0x44, 0x09, 0xc1, //0x00002d0a orl          %r8d, %ecx
	0xf7, 0xc1, 0x80, 0x80, 0x80, 0x80, //0x00002d0d testl        $-2139062144, %ecx
	0x0f, 0x85, 0x04, 0x1e, 0x00, 0x00, //0x00002d13 jne          LBB0_833
	0x44, 0x89, 0xc2, //0x00002d19 movl         %r8d, %edx
	0x81, 0xe2, 0x7f, 0x7f, 0x7f, 0x7f, //0x00002d1c andl         $2139062143, %edx
	0xb9, 0xc0, 0xc0, 0xc0, 0xc0, //0x00002d22 movl         $-1061109568, %ecx
	0x29, 0xd1, //0x00002d27 subl         %edx, %ecx
	0x44, 0x8d, 0xb2, 0x46, 0x46, 0x46, 0x46, //0x00002d29 leal         $1179010630(%rdx), %r14d
	0x21, 0xf9, //0x00002d30 andl         %edi, %ecx
	0x44, 0x85, 0xf1, //0x00002d32 testl        %r14d, %ecx
	0x0f, 0x85, 0xe2, 0x1d, 0x00, 0x00, //0x00002d35 jne          LBB0_833
	0xb9, 0xe0, 0xe0, 0xe0, 0xe0, //0x00002d3b movl         $-522133280, %ecx
	0x29, 0xd1, //0x00002d40 subl         %edx, %ecx
	0x81, 0xc2, 0x39, 0x39, 0x39, 0x39, //0x00002d42 addl         $960051513, %edx
	0x21, 0xcf, //0x00002d48 andl         %ecx, %edi
	0x85, 0xd7, //0x00002d4a testl        %edx, %edi
	0x0f, 0x85, 0xcb, 0x1d, 0x00, 0x00, //0x00002d4c jne          LBB0_833
	0x41, 0x0f, 0xc8, //0x00002d52 bswapl       %r8d
	0x44, 0x89, 0xc1, //0x00002d55 movl         %r8d, %ecx
	0xc1, 0xe9, 0x04, //0x00002d58 shrl         $4, %ecx
	0xf7, 0xd1, //0x00002d5b notl         %ecx
	0x81, 0xe1, 0x01, 0x01, 0x01, 0x01, //0x00002d5d andl         $16843009, %ecx
	0x8d, 0x0c, 0xc9, //0x00002d63 leal         (%rcx,%rcx,8), %ecx
	0x41, 0x81, 0xe0, 0x0f, 0x0f, 0x0f, 0x0f, //0x00002d66 andl         $252645135, %r8d
	0x41, 0x01, 0xc8, //0x00002d6d addl         %ecx, %r8d
	0x44, 0x89, 0xc1, //0x00002d70 movl         %r8d, %ecx
	0xc1, 0xe9, 0x0c, //0x00002d73 shrl         $12, %ecx
	0x41, 0xc1, 0xe8, 0x08, //0x00002d76 shrl         $8, %r8d
	0x41, 0x09, 0xc8, //0x00002d7a orl          %ecx, %r8d
	0x41, 0x81, 0xe0, 0x00, 0xfc, 0x00, 0x00, //0x00002d7d andl         $64512, %r8d
	0x41, 0x81, 0xf8, 0x00, 0xd8, 0x00, 0x00, //0x00002d84 cmpl         $55296, %r8d
	0x0f, 0x85, 0xca, 0x00, 0x00, 0x00, //0x00002d8b jne          LBB0_540
	0x48, 0x83, 0xfe, 0x0b, //0x00002d91 cmpq         $11, %rsi
	0x0f, 0x82, 0xc0, 0x00, 0x00, 0x00, //0x00002d95 jb           LBB0_540
	0x41, 0x80, 0x7c, 0x19, 0x05, 0x5c, //0x00002d9b cmpb         $92, $5(%r9,%rbx)
	0x0f, 0x85, 0xb4, 0x00, 0x00, 0x00, //0x00002da1 jne          LBB0_540
	0x41, 0x80, 0x7c, 0x19, 0x06, 0x75, //0x00002da7 cmpb         $117, $6(%r9,%rbx)
	0x0f, 0x85, 0xa8, 0x00, 0x00, 0x00, //0x00002dad jne          LBB0_540
	0x41, 0x8b, 0x54, 0x19, 0x07, //0x00002db3 movl         $7(%r9,%rbx), %edx
	0x89, 0xd6, //0x00002db8 movl         %edx, %esi
	0xf7, 0xd6, //0x00002dba notl         %esi
	0x8d, 0x8a, 0xd0, 0xcf, 0xcf, 0xcf, //0x00002dbc leal         $-808464432(%rdx), %ecx
	0x81, 0xe6, 0x80, 0x80, 0x80, 0x80, //0x00002dc2 andl         $-2139062144, %esi
	0x85, 0xce, //0x00002dc8 testl        %ecx, %esi
	0x0f, 0x85, 0x8b, 0x00, 0x00, 0x00, //0x00002dca jne          LBB0_540
	0x8d, 0x8a, 0x19, 0x19, 0x19, 0x19, //0x00002dd0 leal         $421075225(%rdx), %ecx
	0x09, 0xd1, //0x00002dd6 orl          %edx, %ecx
	0xf7, 0xc1, 0x80, 0x80, 0x80, 0x80, //0x00002dd8 testl        $-2139062144, %ecx
	0x0f, 0x85, 0x77, 0x00, 0x00, 0x00, //0x00002dde jne          LBB0_540
	0x89, 0xd7, //0x00002de4 movl         %edx, %edi
	0x81, 0xe7, 0x7f, 0x7f, 0x7f, 0x7f, //0x00002de6 andl         $2139062143, %edi
	0xb9, 0xc0, 0xc0, 0xc0, 0xc0, //0x00002dec movl         $-1061109568, %ecx
	0x29, 0xf9, //0x00002df1 subl         %edi, %ecx
	0x44, 0x8d, 0x87, 0x46, 0x46, 0x46, 0x46, //0x00002df3 leal         $1179010630(%rdi), %r8d
	0x21, 0xf1, //0x00002dfa andl         %esi, %ecx
	0x44, 0x85, 0xc1, //0x00002dfc testl        %r8d, %ecx
	0x0f, 0x85, 0x56, 0x00, 0x00, 0x00, //0x00002dff jne          LBB0_540
	0xb9, 0xe0, 0xe0, 0xe0, 0xe0, //0x00002e05 movl         $-522133280, %ecx
	0x29, 0xf9, //0x00002e0a subl         %edi, %ecx
	0x81, 0xc7, 0x39, 0x39, 0x39, 0x39, //0x00002e0c addl         $960051513, %edi
	0x21, 0xce, //0x00002e12 andl         %ecx, %esi
	0x85, 0xfe, //0x00002e14 testl        %edi, %esi
	0x0f, 0x85, 0x3f, 0x00, 0x00, 0x00, //0x00002e16 jne          LBB0_540
	0x0f, 0xca, //0x00002e1c bswapl       %edx
	0x89, 0xd1, //0x00002e1e movl         %edx, %ecx
	0xc1, 0xe9, 0x04, //0x00002e20 shrl         $4, %ecx
	0xf7, 0xd1, //0x00002e23 notl         %ecx
	0x81, 0xe1, 0x01, 0x01, 0x01, 0x01, //0x00002e25 andl         $16843009, %ecx
	0x8d, 0x0c, 0xc9, //0x00002e2b leal         (%rcx,%rcx,8), %ecx
	0x81, 0xe2, 0x0f, 0x0f, 0x0f, 0x0f, //0x00002e2e andl         $252645135, %edx
	0x01, 0xca, //0x00002e34 addl         %ecx, %edx
	0x89, 0xd1, //0x00002e36 movl         %edx, %ecx
	0xc1, 0xe9, 0x0c, //0x00002e38 shrl         $12, %ecx
	0xc1, 0xea, 0x08, //0x00002e3b shrl         $8, %edx
	0x09, 0xca, //0x00002e3e orl          %ecx, %edx
	0x81, 0xe2, 0x00, 0xfc, 0x00, 0x00, //0x00002e40 andl         $64512, %edx
	0x81, 0xfa, 0x00, 0xdc, 0x00, 0x00, //0x00002e46 cmpl         $56320, %edx
	0x0f, 0x85, 0x09, 0x00, 0x00, 0x00, //0x00002e4c jne          LBB0_540
	0x4c, 0x8d, 0x73, 0x0b, //0x00002e52 leaq         $11(%rbx), %r14
	0xe9, 0x60, 0xfe, 0xff, 0xff, //0x00002e56 jmp          LBB0_523
	//0x00002e5b LBB0_540
	0x4c, 0x8d, 0x73, 0x05, //0x00002e5b leaq         $5(%rbx), %r14
	0xe9, 0x57, 0xfe, 0xff, 0xff, //0x00002e5f jmp          LBB0_523
	//0x00002e64 LBB0_541
	0x4c, 0x03, 0xbd, 0x78, 0xff, 0xff, 0xff, //0x00002e64 addq         $-136(%rbp), %r15
	0x4d, 0x89, 0xfe, //0x00002e6b movq         %r15, %r14
	0xe9, 0x59, 0x05, 0x00, 0x00, //0x00002e6e jmp          LBB0_607
	//0x00002e73 LBB0_542
	0x48, 0x83, 0x7d, 0xa8, 0xff, //0x00002e73 cmpq         $-1, $-88(%rbp)
	0x0f, 0x85, 0x11, 0x00, 0x00, 0x00, //0x00002e78 jne          LBB0_544
	0x4c, 0x89, 0xf0, //0x00002e7e movq         %r14, %rax
	0x4c, 0x29, 0xc8, //0x00002e81 subq         %r9, %rax
	0x48, 0x0f, 0xbc, 0xca, //0x00002e84 bsfq         %rdx, %rcx
	0x48, 0x01, 0xc1, //0x00002e88 addq         %rax, %rcx
	0x48, 0x89, 0x4d, 0xa8, //0x00002e8b movq         %rcx, $-88(%rbp)
	//0x00002e8f LBB0_544
	0x44, 0x89, 0xc0, //0x00002e8f movl         %r8d, %eax
	0xf7, 0xd0, //0x00002e92 notl         %eax
	0x21, 0xd0, //0x00002e94 andl         %edx, %eax
	0x41, 0x8d, 0x0c, 0x40, //0x00002e96 leal         (%r8,%rax,2), %ecx
	0x8d, 0x3c, 0x00, //0x00002e9a leal         (%rax,%rax), %edi
	0xf7, 0xd7, //0x00002e9d notl         %edi
	0x21, 0xd7, //0x00002e9f andl         %edx, %edi
	0x81, 0xe7, 0xaa, 0xaa, 0xaa, 0xaa, //0x00002ea1 andl         $-1431655766, %edi
	0x45, 0x31, 0xc0, //0x00002ea7 xorl         %r8d, %r8d
	0x01, 0xc7, //0x00002eaa addl         %eax, %edi
	0x41, 0x0f, 0x92, 0xc0, //0x00002eac setb         %r8b
	0x01, 0xff, //0x00002eb0 addl         %edi, %edi
	0x81, 0xf7, 0x55, 0x55, 0x55, 0x55, //0x00002eb2 xorl         $1431655765, %edi
	0x21, 0xcf, //0x00002eb8 andl         %ecx, %edi
	0xf7, 0xd7, //0x00002eba notl         %edi
	0x21, 0xfe, //0x00002ebc andl         %edi, %esi
	0x4c, 0x8b, 0x5d, 0x88, //0x00002ebe movq         $-120(%rbp), %r11
	0x48, 0x8b, 0x4d, 0xd0, //0x00002ec2 movq         $-48(%rbp), %rcx
	0x48, 0x85, 0xf6, //0x00002ec6 testq        %rsi, %rsi
	0x0f, 0x85, 0x9e, 0xf2, 0xff, 0xff, //0x00002ec9 jne          LBB0_75
	//0x00002ecf LBB0_545
	0x49, 0x83, 0xc6, 0x20, //0x00002ecf addq         $32, %r14
	0x49, 0x83, 0xc2, 0xe0, //0x00002ed3 addq         $-32, %r10
	//0x00002ed7 LBB0_546
	0x4d, 0x85, 0xc0, //0x00002ed7 testq        %r8, %r8
	0x0f, 0x85, 0x61, 0x03, 0x00, 0x00, //0x00002eda jne          LBB0_587
	0x48, 0x8b, 0x4d, 0xa8, //0x00002ee0 movq         $-88(%rbp), %rcx
	0x4d, 0x85, 0xd2, //0x00002ee4 testq        %r10, %r10
	0x0f, 0x84, 0x8a, 0x00, 0x00, 0x00, //0x00002ee7 je           LBB0_557
	//0x00002eed LBB0_548
	0x31, 0xd2, //0x00002eed xorl         %edx, %edx
	//0x00002eef LBB0_549
	0x41, 0x0f, 0xb6, 0x1c, 0x16, //0x00002eef movzbl       (%r14,%rdx), %ebx
	0x80, 0xfb, 0x22, //0x00002ef4 cmpb         $34, %bl
	0x0f, 0x84, 0x73, 0x00, 0x00, 0x00, //0x00002ef7 je           LBB0_556
	0x80, 0xfb, 0x5c, //0x00002efd cmpb         $92, %bl
	0x0f, 0x84, 0x12, 0x00, 0x00, 0x00, //0x00002f00 je           LBB0_554
	0x48, 0x83, 0xc2, 0x01, //0x00002f06 addq         $1, %rdx
	0x49, 0x39, 0xd2, //0x00002f0a cmpq         %rdx, %r10
	0x0f, 0x85, 0xdc, 0xff, 0xff, 0xff, //0x00002f0d jne          LBB0_549
	0xe9, 0x7d, 0x00, 0x00, 0x00, //0x00002f13 jmp          LBB0_552
	//0x00002f18 LBB0_554
	0x49, 0x8d, 0x42, 0xff, //0x00002f18 leaq         $-1(%r10), %rax
	0x48, 0x39, 0xd0, //0x00002f1c cmpq         %rdx, %rax
	0x0f, 0x84, 0x5a, 0x0e, 0x00, 0x00, //0x00002f1f je           LBB0_717
	0x48, 0x8b, 0x85, 0x50, 0xff, 0xff, 0xff, //0x00002f25 movq         $-176(%rbp), %rax
	0x4c, 0x01, 0xf0, //0x00002f2c addq         %r14, %rax
	0x48, 0x01, 0xd0, //0x00002f2f addq         %rdx, %rax
	0x48, 0x83, 0xf9, 0xff, //0x00002f32 cmpq         $-1, %rcx
	0x48, 0x8b, 0x75, 0xa8, //0x00002f36 movq         $-88(%rbp), %rsi
	0x48, 0x0f, 0x44, 0xf0, //0x00002f3a cmoveq       %rax, %rsi
	0x48, 0x89, 0x75, 0xa8, //0x00002f3e movq         %rsi, $-88(%rbp)
	0x48, 0x0f, 0x44, 0xc8, //0x00002f42 cmoveq       %rax, %rcx
	0x49, 0x01, 0xd6, //0x00002f46 addq         %rdx, %r14
	0x49, 0x83, 0xc6, 0x02, //0x00002f49 addq         $2, %r14
	0x4c, 0x89, 0xd0, //0x00002f4d movq         %r10, %rax
	0x48, 0x29, 0xd0, //0x00002f50 subq         %rdx, %rax
	0x48, 0x83, 0xc0, 0xfe, //0x00002f53 addq         $-2, %rax
	0x49, 0x83, 0xc2, 0xfe, //0x00002f57 addq         $-2, %r10
	0x49, 0x39, 0xd2, //0x00002f5b cmpq         %rdx, %r10
	0x49, 0x89, 0xc2, //0x00002f5e movq         %rax, %r10
	0x4c, 0x8b, 0x5d, 0x88, //0x00002f61 movq         $-120(%rbp), %r11
	0x0f, 0x85, 0x82, 0xff, 0xff, 0xff, //0x00002f65 jne          LBB0_548
	0xe9, 0x0f, 0x0e, 0x00, 0x00, //0x00002f6b jmp          LBB0_717
	//0x00002f70 LBB0_556
	0x49, 0x01, 0xd6, //0x00002f70 addq         %rdx, %r14
	0x49, 0x83, 0xc6, 0x01, //0x00002f73 addq         $1, %r14
	//0x00002f77 LBB0_557
	0x4d, 0x29, 0xce, //0x00002f77 subq         %r9, %r14
	0x48, 0x8b, 0x75, 0xb8, //0x00002f7a movq         $-72(%rbp), %rsi
	0x48, 0x8b, 0x7d, 0xc8, //0x00002f7e movq         $-56(%rbp), %rdi
	0x49, 0xba, 0x00, 0x26, 0x00, 0x00, 0x01, 0x00, 0x00, 0x00, //0x00002f82 movabsq      $4294977024, %r10
	0x48, 0x8b, 0x4d, 0xd0, //0x00002f8c movq         $-48(%rbp), %rcx
	0xe9, 0x60, 0xe5, 0xff, 0xff, //0x00002f90 jmp          LBB0_244
	//0x00002f95 LBB0_552
	0x80, 0xfb, 0x22, //0x00002f95 cmpb         $34, %bl
	0x0f, 0x85, 0xe1, 0x0d, 0x00, 0x00, //0x00002f98 jne          LBB0_717
	0x4d, 0x01, 0xd6, //0x00002f9e addq         %r10, %r14
	0x4c, 0x8b, 0x5d, 0x88, //0x00002fa1 movq         $-120(%rbp), %r11
	0xe9, 0xcd, 0xff, 0xff, 0xff, //0x00002fa5 jmp          LBB0_557
	//0x00002faa LBB0_558
	0x4c, 0x8b, 0x6d, 0xb0, //0x00002faa movq         $-80(%rbp), %r13
	0x48, 0x8b, 0x4d, 0xd0, //0x00002fae movq         $-48(%rbp), %rcx
	0x48, 0x8b, 0x45, 0xa8, //0x00002fb2 movq         $-88(%rbp), %rax
	0x4d, 0x85, 0xff, //0x00002fb6 testq        %r15, %r15
	0x0f, 0x84, 0xc8, 0xf4, 0xff, 0xff, //0x00002fb9 je           LBB0_416
	//0x00002fbf LBB0_559
	0x4d, 0x85, 0xd2, //0x00002fbf testq        %r10, %r10
	0x0f, 0x84, 0xb7, 0x0d, 0x00, 0x00, //0x00002fc2 je           LBB0_717
	0x48, 0x89, 0xc2, //0x00002fc8 movq         %rax, %rdx
	0x48, 0x8b, 0x85, 0x68, 0xff, 0xff, 0xff, //0x00002fcb movq         $-152(%rbp), %rax
	0x49, 0x8d, 0x0c, 0x03, //0x00002fd2 leaq         (%r11,%rax), %rcx
	0x48, 0x83, 0xfa, 0xff, //0x00002fd6 cmpq         $-1, %rdx
	0x48, 0x89, 0xd3, //0x00002fda movq         %rdx, %rbx
	0x48, 0x0f, 0x44, 0xd1, //0x00002fdd cmoveq       %rcx, %rdx
	0x48, 0x0f, 0x44, 0xd9, //0x00002fe1 cmoveq       %rcx, %rbx
	0x49, 0x83, 0xc3, 0x01, //0x00002fe5 addq         $1, %r11
	0x49, 0x83, 0xc2, 0xff, //0x00002fe9 addq         $-1, %r10
	0x48, 0x89, 0xd0, //0x00002fed movq         %rdx, %rax
	0x4c, 0x8b, 0x6d, 0xb0, //0x00002ff0 movq         $-80(%rbp), %r13
	0x48, 0x8b, 0x4d, 0xd0, //0x00002ff4 movq         $-48(%rbp), %rcx
	0xe9, 0x8d, 0xf4, 0xff, 0xff, //0x00002ff8 jmp          LBB0_417
	//0x00002ffd LBB0_561
	0x48, 0x83, 0x7d, 0xa8, 0xff, //0x00002ffd cmpq         $-1, $-88(%rbp)
	0x0f, 0x85, 0x11, 0x00, 0x00, 0x00, //0x00003002 jne          LBB0_563
	0x4c, 0x89, 0xd9, //0x00003008 movq         %r11, %rcx
	0x4c, 0x29, 0xc9, //0x0000300b subq         %r9, %rcx
	0x48, 0x0f, 0xbc, 0xd0, //0x0000300e bsfq         %rax, %rdx
	0x48, 0x01, 0xca, //0x00003012 addq         %rcx, %rdx
	0x48, 0x89, 0x55, 0xa8, //0x00003015 movq         %rdx, $-88(%rbp)
	//0x00003019 LBB0_563
	0x4c, 0x89, 0xff, //0x00003019 movq         %r15, %rdi
	0x48, 0xf7, 0xd7, //0x0000301c notq         %rdi
	0x48, 0x21, 0xc7, //0x0000301f andq         %rax, %rdi
	0x41, 0x8d, 0x0c, 0x7f, //0x00003022 leal         (%r15,%rdi,2), %ecx
	0x8d, 0x14, 0x3f, //0x00003026 leal         (%rdi,%rdi), %edx
	0xf7, 0xd2, //0x00003029 notl         %edx
	0x21, 0xd0, //0x0000302b andl         %edx, %eax
	0x48, 0x89, 0xfa, //0x0000302d movq         %rdi, %rdx
	0x25, 0xaa, 0xaa, 0xaa, 0xaa, //0x00003030 andl         $-1431655766, %eax
	0x45, 0x31, 0xff, //0x00003035 xorl         %r15d, %r15d
	0x01, 0xd0, //0x00003038 addl         %edx, %eax
	0x41, 0x0f, 0x92, 0xc7, //0x0000303a setb         %r15b
	0x01, 0xc0, //0x0000303e addl         %eax, %eax
	0x35, 0x55, 0x55, 0x55, 0x55, //0x00003040 xorl         $1431655765, %eax
	0x21, 0xc8, //0x00003045 andl         %ecx, %eax
	0xf7, 0xd0, //0x00003047 notl         %eax
	0x21, 0xc6, //0x00003049 andl         %eax, %esi
	0x4c, 0x8b, 0x6d, 0xb0, //0x0000304b movq         $-80(%rbp), %r13
	0xe9, 0xa4, 0xf3, 0xff, 0xff, //0x0000304f jmp          LBB0_406
	//0x00003054 LBB0_564
	0x48, 0x83, 0x7d, 0xc8, 0xff, //0x00003054 cmpq         $-1, $-56(%rbp)
	0x0f, 0x85, 0x11, 0x00, 0x00, 0x00, //0x00003059 jne          LBB0_566
	0x4c, 0x89, 0xf0, //0x0000305f movq         %r14, %rax
	0x4c, 0x29, 0xc8, //0x00003062 subq         %r9, %rax
	0x48, 0x0f, 0xbc, 0xca, //0x00003065 bsfq         %rdx, %rcx
	0x48, 0x01, 0xc1, //0x00003069 addq         %rax, %rcx
	0x48, 0x89, 0x4d, 0xc8, //0x0000306c movq         %rcx, $-56(%rbp)
	//0x00003070 LBB0_566
	0x44, 0x89, 0xc0, //0x00003070 movl         %r8d, %eax
	0xf7, 0xd0, //0x00003073 notl         %eax
	0x21, 0xd0, //0x00003075 andl         %edx, %eax
	0x41, 0x8d, 0x0c, 0x40, //0x00003077 leal         (%r8,%rax,2), %ecx
	0x8d, 0x3c, 0x00, //0x0000307b leal         (%rax,%rax), %edi
	0xf7, 0xd7, //0x0000307e notl         %edi
	0x21, 0xd7, //0x00003080 andl         %edx, %edi
	0x81, 0xe7, 0xaa, 0xaa, 0xaa, 0xaa, //0x00003082 andl         $-1431655766, %edi
	0x45, 0x31, 0xc0, //0x00003088 xorl         %r8d, %r8d
	0x01, 0xc7, //0x0000308b addl         %eax, %edi
	0x41, 0x0f, 0x92, 0xc0, //0x0000308d setb         %r8b
	0x01, 0xff, //0x00003091 addl         %edi, %edi
	0x81, 0xf7, 0x55, 0x55, 0x55, 0x55, //0x00003093 xorl         $1431655765, %edi
	0x21, 0xcf, //0x00003099 andl         %ecx, %edi
	0xf7, 0xd7, //0x0000309b notl         %edi
	0x21, 0xfe, //0x0000309d andl         %edi, %esi
	0x4c, 0x8b, 0x6d, 0xb0, //0x0000309f movq         $-80(%rbp), %r13
	0x48, 0x8b, 0x4d, 0xd0, //0x000030a3 movq         $-48(%rbp), %rcx
	0x48, 0x85, 0xf6, //0x000030a7 testq        %rsi, %rsi
	0x0f, 0x85, 0x87, 0xf1, 0xff, 0xff, //0x000030aa jne          LBB0_140
	//0x000030b0 LBB0_567
	0x49, 0x83, 0xc6, 0x20, //0x000030b0 addq         $32, %r14
	0x49, 0x83, 0xc2, 0xe0, //0x000030b4 addq         $-32, %r10
	//0x000030b8 LBB0_568
	0x4d, 0x85, 0xc0, //0x000030b8 testq        %r8, %r8
	0x0f, 0x85, 0xc4, 0x01, 0x00, 0x00, //0x000030bb jne          LBB0_589
	0x48, 0x8b, 0x4d, 0xc8, //0x000030c1 movq         $-56(%rbp), %rcx
	0x4d, 0x85, 0xd2, //0x000030c5 testq        %r10, %r10
	0x0f, 0x84, 0x8a, 0x00, 0x00, 0x00, //0x000030c8 je           LBB0_579
	//0x000030ce LBB0_570
	0x31, 0xd2, //0x000030ce xorl         %edx, %edx
	//0x000030d0 LBB0_571
	0x41, 0x0f, 0xb6, 0x1c, 0x16, //0x000030d0 movzbl       (%r14,%rdx), %ebx
	0x80, 0xfb, 0x22, //0x000030d5 cmpb         $34, %bl
	0x0f, 0x84, 0x73, 0x00, 0x00, 0x00, //0x000030d8 je           LBB0_578
	0x80, 0xfb, 0x5c, //0x000030de cmpb         $92, %bl
	0x0f, 0x84, 0x12, 0x00, 0x00, 0x00, //0x000030e1 je           LBB0_576
	0x48, 0x83, 0xc2, 0x01, //0x000030e7 addq         $1, %rdx
	0x49, 0x39, 0xd2, //0x000030eb cmpq         %rdx, %r10
	0x0f, 0x85, 0xdc, 0xff, 0xff, 0xff, //0x000030ee jne          LBB0_571
	0xe9, 0x89, 0x00, 0x00, 0x00, //0x000030f4 jmp          LBB0_574
	//0x000030f9 LBB0_576
	0x49, 0x8d, 0x42, 0xff, //0x000030f9 leaq         $-1(%r10), %rax
	0x48, 0x39, 0xd0, //0x000030fd cmpq         %rdx, %rax
	0x0f, 0x84, 0xc5, 0x16, 0x00, 0x00, //0x00003100 je           LBB0_146
	0x48, 0x8b, 0x85, 0x50, 0xff, 0xff, 0xff, //0x00003106 movq         $-176(%rbp), %rax
	0x4c, 0x01, 0xf0, //0x0000310d addq         %r14, %rax
	0x48, 0x01, 0xd0, //0x00003110 addq         %rdx, %rax
	0x48, 0x83, 0xf9, 0xff, //0x00003113 cmpq         $-1, %rcx
	0x48, 0x8b, 0x75, 0xc8, //0x00003117 movq         $-56(%rbp), %rsi
	0x48, 0x0f, 0x44, 0xf0, //0x0000311b cmoveq       %rax, %rsi
	0x48, 0x89, 0x75, 0xc8, //0x0000311f movq         %rsi, $-56(%rbp)
	0x48, 0x0f, 0x44, 0xc8, //0x00003123 cmoveq       %rax, %rcx
	0x49, 0x01, 0xd6, //0x00003127 addq         %rdx, %r14
	0x49, 0x83, 0xc6, 0x02, //0x0000312a addq         $2, %r14
	0x4c, 0x89, 0xd0, //0x0000312e movq         %r10, %rax
	0x48, 0x29, 0xd0, //0x00003131 subq         %rdx, %rax
	0x48, 0x83, 0xc0, 0xfe, //0x00003134 addq         $-2, %rax
	0x49, 0x83, 0xc2, 0xfe, //0x00003138 addq         $-2, %r10
	0x49, 0x39, 0xd2, //0x0000313c cmpq         %rdx, %r10
	0x49, 0x89, 0xc2, //0x0000313f movq         %rax, %r10
	0x4c, 0x8b, 0x6d, 0xb0, //0x00003142 movq         $-80(%rbp), %r13
	0x0f, 0x85, 0x82, 0xff, 0xff, 0xff, //0x00003146 jne          LBB0_570
	0xe9, 0x7a, 0x16, 0x00, 0x00, //0x0000314c jmp          LBB0_146
	//0x00003151 LBB0_578
	0x49, 0x01, 0xd6, //0x00003151 addq         %rdx, %r14
	0x49, 0x83, 0xc6, 0x01, //0x00003154 addq         $1, %r14
	//0x00003158 LBB0_579
	0x4d, 0x29, 0xce, //0x00003158 subq         %r9, %r14
	//0x0000315b LBB0_580
	0x48, 0x8b, 0x75, 0xb8, //0x0000315b movq         $-72(%rbp), %rsi
	0x4c, 0x89, 0xdf, //0x0000315f movq         %r11, %rdi
	0x4c, 0x8b, 0x5d, 0x88, //0x00003162 movq         $-120(%rbp), %r11
	0x49, 0xba, 0x00, 0x26, 0x00, 0x00, 0x01, 0x00, 0x00, 0x00, //0x00003166 movabsq      $4294977024, %r10
	0x48, 0x8b, 0x4d, 0xd0, //0x00003170 movq         $-48(%rbp), %rcx
	0x4d, 0x85, 0xf6, //0x00003174 testq        %r14, %r14
	0x0f, 0x89, 0x06, 0xe4, 0xff, 0xff, //0x00003177 jns          LBB0_252
	0xe9, 0x38, 0x16, 0x00, 0x00, //0x0000317d jmp          LBB0_145
	//0x00003182 LBB0_574
	0x80, 0xfb, 0x22, //0x00003182 cmpb         $34, %bl
	0x0f, 0x85, 0x40, 0x16, 0x00, 0x00, //0x00003185 jne          LBB0_146
	0x4d, 0x01, 0xd6, //0x0000318b addq         %r10, %r14
	0x4c, 0x8b, 0x6d, 0xb0, //0x0000318e movq         $-80(%rbp), %r13
	0xe9, 0xc1, 0xff, 0xff, 0xff, //0x00003192 jmp          LBB0_579
	//0x00003197 LBB0_581
	0x4c, 0x8b, 0x6d, 0xb0, //0x00003197 movq         $-80(%rbp), %r13
	0x48, 0x8b, 0x7d, 0xc8, //0x0000319b movq         $-56(%rbp), %rdi
	0x4d, 0x85, 0xc0, //0x0000319f testq        %r8, %r8
	0x48, 0x8b, 0x4d, 0xd0, //0x000031a2 movq         $-48(%rbp), %rcx
	0x0f, 0x84, 0x94, 0xf6, 0xff, 0xff, //0x000031a6 je           LBB0_463
	//0x000031ac LBB0_582
	0x4d, 0x85, 0xd2, //0x000031ac testq        %r10, %r10
	0x0f, 0x84, 0x16, 0x16, 0x00, 0x00, //0x000031af je           LBB0_146
	0x48, 0x8b, 0x85, 0x68, 0xff, 0xff, 0xff, //0x000031b5 movq         $-152(%rbp), %rax
	0x49, 0x8d, 0x0c, 0x07, //0x000031bc leaq         (%r15,%rax), %rcx
	0x48, 0x89, 0xfa, //0x000031c0 movq         %rdi, %rdx
	0x48, 0x83, 0xff, 0xff, //0x000031c3 cmpq         $-1, %rdi
	0x48, 0x89, 0xf8, //0x000031c7 movq         %rdi, %rax
	0x48, 0x0f, 0x44, 0xd1, //0x000031ca cmoveq       %rcx, %rdx
	0x48, 0x0f, 0x44, 0xc1, //0x000031ce cmoveq       %rcx, %rax
	0x49, 0x83, 0xc7, 0x01, //0x000031d2 addq         $1, %r15
	0x49, 0x83, 0xc2, 0xff, //0x000031d6 addq         $-1, %r10
	0x48, 0x89, 0xd7, //0x000031da movq         %rdx, %rdi
	0x4c, 0x8b, 0x6d, 0xb0, //0x000031dd movq         $-80(%rbp), %r13
	0x48, 0x8b, 0x4d, 0xd0, //0x000031e1 movq         $-48(%rbp), %rcx
	0xe9, 0x59, 0xf6, 0xff, 0xff, //0x000031e5 jmp          LBB0_464
	//0x000031ea LBB0_584
	0x48, 0x83, 0x7d, 0xc8, 0xff, //0x000031ea cmpq         $-1, $-56(%rbp)
	0x0f, 0x85, 0x11, 0x00, 0x00, 0x00, //0x000031ef jne          LBB0_586
	0x4c, 0x89, 0xf9, //0x000031f5 movq         %r15, %rcx
	0x4c, 0x29, 0xc9, //0x000031f8 subq         %r9, %rcx
	0x48, 0x0f, 0xbc, 0xd0, //0x000031fb bsfq         %rax, %rdx
	0x48, 0x01, 0xca, //0x000031ff addq         %rcx, %rdx
	0x48, 0x89, 0x55, 0xc8, //0x00003202 movq         %rdx, $-56(%rbp)
	//0x00003206 LBB0_586
	0x4c, 0x89, 0xc6, //0x00003206 movq         %r8, %rsi
	0x48, 0xf7, 0xd6, //0x00003209 notq         %rsi
	0x48, 0x21, 0xc6, //0x0000320c andq         %rax, %rsi
	0x41, 0x8d, 0x0c, 0x70, //0x0000320f leal         (%r8,%rsi,2), %ecx
	0x8d, 0x14, 0x36, //0x00003213 leal         (%rsi,%rsi), %edx
	0xf7, 0xd2, //0x00003216 notl         %edx
	0x21, 0xd0, //0x00003218 andl         %edx, %eax
	0x48, 0x89, 0xf2, //0x0000321a movq         %rsi, %rdx
	0x25, 0xaa, 0xaa, 0xaa, 0xaa, //0x0000321d andl         $-1431655766, %eax
	0x45, 0x31, 0xc0, //0x00003222 xorl         %r8d, %r8d
	0x01, 0xd0, //0x00003225 addl         %edx, %eax
	0x41, 0x0f, 0x92, 0xc0, //0x00003227 setb         %r8b
	0x01, 0xc0, //0x0000322b addl         %eax, %eax
	0x35, 0x55, 0x55, 0x55, 0x55, //0x0000322d xorl         $1431655765, %eax
	0x21, 0xc8, //0x00003232 andl         %ecx, %eax
	0xf7, 0xd0, //0x00003234 notl         %eax
	0x21, 0xc3, //0x00003236 andl         %eax, %ebx
	0x4c, 0x8b, 0x6d, 0xb0, //0x00003238 movq         $-80(%rbp), %r13
	0xe9, 0x6e, 0xf5, 0xff, 0xff, //0x0000323c jmp          LBB0_453
	//0x00003241 LBB0_587
	0x4d, 0x85, 0xd2, //0x00003241 testq        %r10, %r10
	0x0f, 0x84, 0x35, 0x0b, 0x00, 0x00, //0x00003244 je           LBB0_717
	0x48, 0x8b, 0x85, 0x68, 0xff, 0xff, 0xff, //0x0000324a movq         $-152(%rbp), %rax
	0x4c, 0x01, 0xf0, //0x00003251 addq         %r14, %rax
	0x48, 0x8b, 0x55, 0xa8, //0x00003254 movq         $-88(%rbp), %rdx
	0x48, 0x83, 0xfa, 0xff, //0x00003258 cmpq         $-1, %rdx
	0x48, 0x89, 0xd1, //0x0000325c movq         %rdx, %rcx
	0x48, 0x0f, 0x44, 0xd0, //0x0000325f cmoveq       %rax, %rdx
	0x48, 0x0f, 0x44, 0xc8, //0x00003263 cmoveq       %rax, %rcx
	0x49, 0x83, 0xc6, 0x01, //0x00003267 addq         $1, %r14
	0x49, 0x83, 0xc2, 0xff, //0x0000326b addq         $-1, %r10
	0x48, 0x89, 0x55, 0xa8, //0x0000326f movq         %rdx, $-88(%rbp)
	0x4c, 0x8b, 0x5d, 0x88, //0x00003273 movq         $-120(%rbp), %r11
	0x4d, 0x85, 0xd2, //0x00003277 testq        %r10, %r10
	0x0f, 0x85, 0x6d, 0xfc, 0xff, 0xff, //0x0000327a jne          LBB0_548
	0xe9, 0xf2, 0xfc, 0xff, 0xff, //0x00003280 jmp          LBB0_557
	//0x00003285 LBB0_589
	0x4d, 0x85, 0xd2, //0x00003285 testq        %r10, %r10
	0x0f, 0x84, 0x3d, 0x15, 0x00, 0x00, //0x00003288 je           LBB0_146
	0x48, 0x8b, 0x85, 0x68, 0xff, 0xff, 0xff, //0x0000328e movq         $-152(%rbp), %rax
	0x4c, 0x01, 0xf0, //0x00003295 addq         %r14, %rax
	0x48, 0x8b, 0x55, 0xc8, //0x00003298 movq         $-56(%rbp), %rdx
	0x48, 0x83, 0xfa, 0xff, //0x0000329c cmpq         $-1, %rdx
	0x48, 0x89, 0xd1, //0x000032a0 movq         %rdx, %rcx
	0x48, 0x0f, 0x44, 0xd0, //0x000032a3 cmoveq       %rax, %rdx
	0x48, 0x0f, 0x44, 0xc8, //0x000032a7 cmoveq       %rax, %rcx
	0x49, 0x83, 0xc6, 0x01, //0x000032ab addq         $1, %r14
	0x49, 0x83, 0xc2, 0xff, //0x000032af addq         $-1, %r10
	0x48, 0x89, 0x55, 0xc8, //0x000032b3 movq         %rdx, $-56(%rbp)
	0x4c, 0x8b, 0x6d, 0xb0, //0x000032b7 movq         $-80(%rbp), %r13
	0x4d, 0x85, 0xd2, //0x000032bb testq        %r10, %r10
	0x0f, 0x85, 0x0a, 0xfe, 0xff, 0xff, //0x000032be jne          LBB0_570
	0xe9, 0x8f, 0xfe, 0xff, 0xff, //0x000032c4 jmp          LBB0_579
	//0x000032c9 LBB0_591
	0x48, 0x83, 0x7d, 0xc8, 0xff, //0x000032c9 cmpq         $-1, $-56(%rbp)
	0x0f, 0x85, 0x11, 0x00, 0x00, 0x00, //0x000032ce jne          LBB0_593
	0x4c, 0x89, 0xf0, //0x000032d4 movq         %r14, %rax
	0x4c, 0x29, 0xc8, //0x000032d7 subq         %r9, %rax
	0x48, 0x0f, 0xbc, 0xca, //0x000032da bsfq         %rdx, %rcx
	0x48, 0x01, 0xc1, //0x000032de addq         %rax, %rcx
	0x48, 0x89, 0x4d, 0xc8, //0x000032e1 movq         %rcx, $-56(%rbp)
	//0x000032e5 LBB0_593
	0x44, 0x89, 0xc0, //0x000032e5 movl         %r8d, %eax
	0xf7, 0xd0, //0x000032e8 notl         %eax
	0x21, 0xd0, //0x000032ea andl         %edx, %eax
	0x41, 0x8d, 0x0c, 0x40, //0x000032ec leal         (%r8,%rax,2), %ecx
	0x8d, 0x3c, 0x00, //0x000032f0 leal         (%rax,%rax), %edi
	0xf7, 0xd7, //0x000032f3 notl         %edi
	0x21, 0xd7, //0x000032f5 andl         %edx, %edi
	0x81, 0xe7, 0xaa, 0xaa, 0xaa, 0xaa, //0x000032f7 andl         $-1431655766, %edi
	0x45, 0x31, 0xc0, //0x000032fd xorl         %r8d, %r8d
	0x01, 0xc7, //0x00003300 addl         %eax, %edi
	0x41, 0x0f, 0x92, 0xc0, //0x00003302 setb         %r8b
	0x01, 0xff, //0x00003306 addl         %edi, %edi
	0x81, 0xf7, 0x55, 0x55, 0x55, 0x55, //0x00003308 xorl         $1431655765, %edi
	0x21, 0xcf, //0x0000330e andl         %ecx, %edi
	0xf7, 0xd7, //0x00003310 notl         %edi
	0x21, 0xfe, //0x00003312 andl         %edi, %esi
	0x4c, 0x8b, 0x6d, 0xb0, //0x00003314 movq         $-80(%rbp), %r13
	0x48, 0x8b, 0x4d, 0xd0, //0x00003318 movq         $-48(%rbp), %rcx
	0x48, 0x85, 0xf6, //0x0000331c testq        %rsi, %rsi
	0x0f, 0x85, 0xba, 0xef, 0xff, 0xff, //0x0000331f jne          LBB0_272
	//0x00003325 LBB0_594
	0x49, 0x83, 0xc6, 0x20, //0x00003325 addq         $32, %r14
	0x49, 0x83, 0xc2, 0xe0, //0x00003329 addq         $-32, %r10
	//0x0000332d LBB0_595
	0x4d, 0x85, 0xc0, //0x0000332d testq        %r8, %r8
	0x0f, 0x85, 0x67, 0x03, 0x00, 0x00, //0x00003330 jne          LBB0_636
	0x48, 0x8b, 0x4d, 0xc8, //0x00003336 movq         $-56(%rbp), %rcx
	0x4d, 0x85, 0xd2, //0x0000333a testq        %r10, %r10
	0x0f, 0x84, 0x86, 0x00, 0x00, 0x00, //0x0000333d je           LBB0_606
	//0x00003343 LBB0_597
	0x31, 0xd2, //0x00003343 xorl         %edx, %edx
	//0x00003345 LBB0_598
	0x41, 0x0f, 0xb6, 0x1c, 0x16, //0x00003345 movzbl       (%r14,%rdx), %ebx
	0x80, 0xfb, 0x22, //0x0000334a cmpb         $34, %bl
	0x0f, 0x84, 0x6f, 0x00, 0x00, 0x00, //0x0000334d je           LBB0_605
	0x80, 0xfb, 0x5c, //0x00003353 cmpb         $92, %bl
	0x0f, 0x84, 0x12, 0x00, 0x00, 0x00, //0x00003356 je           LBB0_603
	0x48, 0x83, 0xc2, 0x01, //0x0000335c addq         $1, %rdx
	0x49, 0x39, 0xd2, //0x00003360 cmpq         %rdx, %r10
	0x0f, 0x85, 0xdc, 0xff, 0xff, 0xff, //0x00003363 jne          LBB0_598
	0xe9, 0x89, 0x00, 0x00, 0x00, //0x00003369 jmp          LBB0_601
	//0x0000336e LBB0_603
	0x49, 0x8d, 0x42, 0xff, //0x0000336e leaq         $-1(%r10), %rax
	0x48, 0x39, 0xd0, //0x00003372 cmpq         %rdx, %rax
	0x0f, 0x84, 0x50, 0x14, 0x00, 0x00, //0x00003375 je           LBB0_146
	0x48, 0x8b, 0x85, 0x50, 0xff, 0xff, 0xff, //0x0000337b movq         $-176(%rbp), %rax
	0x4c, 0x01, 0xf0, //0x00003382 addq         %r14, %rax
	0x48, 0x01, 0xd0, //0x00003385 addq         %rdx, %rax
	0x48, 0x83, 0xf9, 0xff, //0x00003388 cmpq         $-1, %rcx
	0x48, 0x8b, 0x75, 0xc8, //0x0000338c movq         $-56(%rbp), %rsi
	0x48, 0x0f, 0x44, 0xf0, //0x00003390 cmoveq       %rax, %rsi
	0x48, 0x89, 0x75, 0xc8, //0x00003394 movq         %rsi, $-56(%rbp)
	0x48, 0x0f, 0x44, 0xc8, //0x00003398 cmoveq       %rax, %rcx
	0x49, 0x01, 0xd6, //0x0000339c addq         %rdx, %r14
	0x49, 0x83, 0xc6, 0x02, //0x0000339f addq         $2, %r14
	0x4c, 0x89, 0xd0, //0x000033a3 movq         %r10, %rax
	0x48, 0x29, 0xd0, //0x000033a6 subq         %rdx, %rax
	0x48, 0x83, 0xc0, 0xfe, //0x000033a9 addq         $-2, %rax
	0x49, 0x83, 0xc2, 0xfe, //0x000033ad addq         $-2, %r10
	0x49, 0x39, 0xd2, //0x000033b1 cmpq         %rdx, %r10
	0x49, 0x89, 0xc2, //0x000033b4 movq         %rax, %r10
	0x0f, 0x85, 0x86, 0xff, 0xff, 0xff, //0x000033b7 jne          LBB0_597
	0xe9, 0x09, 0x14, 0x00, 0x00, //0x000033bd jmp          LBB0_146
	//0x000033c2 LBB0_605
	0x49, 0x01, 0xd6, //0x000033c2 addq         %rdx, %r14
	0x49, 0x83, 0xc6, 0x01, //0x000033c5 addq         $1, %r14
	//0x000033c9 LBB0_606
	0x4d, 0x29, 0xce, //0x000033c9 subq         %r9, %r14
	//0x000033cc LBB0_607
	0x48, 0x8b, 0x75, 0xb8, //0x000033cc movq         $-72(%rbp), %rsi
	0x4c, 0x89, 0xdf, //0x000033d0 movq         %r11, %rdi
	0x4c, 0x8b, 0x5d, 0x88, //0x000033d3 movq         $-120(%rbp), %r11
	0x4c, 0x8b, 0x6d, 0xb0, //0x000033d7 movq         $-80(%rbp), %r13
	//0x000033db LBB0_608
	0x49, 0xba, 0x00, 0x26, 0x00, 0x00, 0x01, 0x00, 0x00, 0x00, //0x000033db movabsq      $4294977024, %r10
	0x48, 0x8b, 0x4d, 0xd0, //0x000033e5 movq         $-48(%rbp), %rcx
	0x4d, 0x85, 0xf6, //0x000033e9 testq        %r14, %r14
	0x0f, 0x89, 0x0c, 0xe1, 0xff, 0xff, //0x000033ec jns          LBB0_245
	0xe9, 0xc3, 0x13, 0x00, 0x00, //0x000033f2 jmp          LBB0_145
	//0x000033f7 LBB0_601
	0x80, 0xfb, 0x22, //0x000033f7 cmpb         $34, %bl
	0x0f, 0x85, 0xcb, 0x13, 0x00, 0x00, //0x000033fa jne          LBB0_146
	0x4d, 0x01, 0xd6, //0x00003400 addq         %r10, %r14
	0xe9, 0xc1, 0xff, 0xff, 0xff, //0x00003403 jmp          LBB0_606
	//0x00003408 LBB0_609
	0x48, 0x83, 0x7d, 0xc8, 0xff, //0x00003408 cmpq         $-1, $-56(%rbp)
	0x0f, 0x85, 0x11, 0x00, 0x00, 0x00, //0x0000340d jne          LBB0_611
	0x4c, 0x89, 0xf9, //0x00003413 movq         %r15, %rcx
	0x4c, 0x29, 0xc9, //0x00003416 subq         %r9, %rcx
	0x48, 0x0f, 0xbc, 0xd0, //0x00003419 bsfq         %rax, %rdx
	0x48, 0x01, 0xca, //0x0000341d addq         %rcx, %rdx
	0x48, 0x89, 0x55, 0xc8, //0x00003420 movq         %rdx, $-56(%rbp)
	//0x00003424 LBB0_611
	0x4c, 0x89, 0xc6, //0x00003424 movq         %r8, %rsi
	0x48, 0xf7, 0xd6, //0x00003427 notq         %rsi
	0x48, 0x21, 0xc6, //0x0000342a andq         %rax, %rsi
	0x41, 0x8d, 0x0c, 0x70, //0x0000342d leal         (%r8,%rsi,2), %ecx
	0x8d, 0x14, 0x36, //0x00003431 leal         (%rsi,%rsi), %edx
	0xf7, 0xd2, //0x00003434 notl         %edx
	0x21, 0xd0, //0x00003436 andl         %edx, %eax
	0x48, 0x89, 0xf2, //0x00003438 movq         %rsi, %rdx
	0x25, 0xaa, 0xaa, 0xaa, 0xaa, //0x0000343b andl         $-1431655766, %eax
	0x45, 0x31, 0xc0, //0x00003440 xorl         %r8d, %r8d
	0x01, 0xd0, //0x00003443 addl         %edx, %eax
	0x41, 0x0f, 0x92, 0xc0, //0x00003445 setb         %r8b
	0x01, 0xc0, //0x00003449 addl         %eax, %eax
	0x35, 0x55, 0x55, 0x55, 0x55, //0x0000344b xorl         $1431655765, %eax
	0x21, 0xc8, //0x00003450 andl         %ecx, %eax
	0xf7, 0xd0, //0x00003452 notl         %eax
	0x21, 0xc3, //0x00003454 andl         %eax, %ebx
	0xe9, 0x32, 0xf7, 0xff, 0xff, //0x00003456 jmp          LBB0_501
	//0x0000345b LBB0_612
	0x49, 0x83, 0xfd, 0x05, //0x0000345b cmpq         $5, %r13
	0x0f, 0x82, 0x1a, 0x09, 0x00, 0x00, //0x0000345f jb           LBB0_717
	0x43, 0x8b, 0x74, 0x31, 0x01, //0x00003465 movl         $1(%r9,%r14), %esi
	0x89, 0xf2, //0x0000346a movl         %esi, %edx
	0xf7, 0xd2, //0x0000346c notl         %edx
	0x8d, 0x8e, 0xd0, 0xcf, 0xcf, 0xcf, //0x0000346e leal         $-808464432(%rsi), %ecx
	0x81, 0xe2, 0x80, 0x80, 0x80, 0x80, //0x00003474 andl         $-2139062144, %edx
	0x85, 0xca, //0x0000347a testl        %ecx, %edx
	0x0f, 0x85, 0xe7, 0x15, 0x00, 0x00, //0x0000347c jne          LBB0_834
	0x8d, 0x8e, 0x19, 0x19, 0x19, 0x19, //0x00003482 leal         $421075225(%rsi), %ecx
	0x09, 0xf1, //0x00003488 orl          %esi, %ecx
	0xf7, 0xc1, 0x80, 0x80, 0x80, 0x80, //0x0000348a testl        $-2139062144, %ecx
	0x0f, 0x85, 0xd3, 0x15, 0x00, 0x00, //0x00003490 jne          LBB0_834
	0x89, 0xf1, //0x00003496 movl         %esi, %ecx
	0x81, 0xe1, 0x7f, 0x7f, 0x7f, 0x7f, //0x00003498 andl         $2139062143, %ecx
	0xc7, 0x45, 0x90, 0xc0, 0xc0, 0xc0, 0xc0, //0x0000349e movl         $-1061109568, $-112(%rbp)
	0x29, 0x4d, 0x90, //0x000034a5 subl         %ecx, $-112(%rbp)
	0x48, 0x89, 0x8d, 0x58, 0xff, 0xff, 0xff, //0x000034a8 movq         %rcx, $-168(%rbp)
	0x81, 0xc1, 0x46, 0x46, 0x46, 0x46, //0x000034af addl         $1179010630, %ecx
	0x89, 0x8d, 0x74, 0xff, 0xff, 0xff, //0x000034b5 movl         %ecx, $-140(%rbp)
	0x8b, 0x4d, 0x90, //0x000034bb movl         $-112(%rbp), %ecx
	0x21, 0xd1, //0x000034be andl         %edx, %ecx
	0x85, 0x8d, 0x74, 0xff, 0xff, 0xff, //0x000034c0 testl        %ecx, $-140(%rbp)
	0x0f, 0x85, 0x9d, 0x15, 0x00, 0x00, //0x000034c6 jne          LBB0_834
	0xc7, 0x45, 0x90, 0xe0, 0xe0, 0xe0, 0xe0, //0x000034cc movl         $-522133280, $-112(%rbp)
	0x48, 0x8b, 0x8d, 0x58, 0xff, 0xff, 0xff, //0x000034d3 movq         $-168(%rbp), %rcx
	0x29, 0x4d, 0x90, //0x000034da subl         %ecx, $-112(%rbp)
	0x81, 0xc1, 0x39, 0x39, 0x39, 0x39, //0x000034dd addl         $960051513, %ecx
	0x23, 0x55, 0x90, //0x000034e3 andl         $-112(%rbp), %edx
	0x85, 0xca, //0x000034e6 testl        %ecx, %edx
	0x0f, 0x85, 0x7b, 0x15, 0x00, 0x00, //0x000034e8 jne          LBB0_834
	0x0f, 0xce, //0x000034ee bswapl       %esi
	0x89, 0xf0, //0x000034f0 movl         %esi, %eax
	0xc1, 0xe8, 0x04, //0x000034f2 shrl         $4, %eax
	0xf7, 0xd0, //0x000034f5 notl         %eax
	0x25, 0x01, 0x01, 0x01, 0x01, //0x000034f7 andl         $16843009, %eax
	0x8d, 0x04, 0xc0, //0x000034fc leal         (%rax,%rax,8), %eax
	0x81, 0xe6, 0x0f, 0x0f, 0x0f, 0x0f, //0x000034ff andl         $252645135, %esi
	0x01, 0xc6, //0x00003505 addl         %eax, %esi
	0x89, 0xf0, //0x00003507 movl         %esi, %eax
	0xc1, 0xe8, 0x0c, //0x00003509 shrl         $12, %eax
	0xc1, 0xee, 0x08, //0x0000350c shrl         $8, %esi
	0x09, 0xc6, //0x0000350f orl          %eax, %esi
	0x81, 0xe6, 0x00, 0xfc, 0x00, 0x00, //0x00003511 andl         $64512, %esi
	0x81, 0xfe, 0x00, 0xd8, 0x00, 0x00, //0x00003517 cmpl         $55296, %esi
	0x0f, 0x85, 0xd1, 0x00, 0x00, 0x00, //0x0000351d jne          LBB0_627
	0x49, 0x83, 0xfd, 0x0b, //0x00003523 cmpq         $11, %r13
	0x0f, 0x82, 0xc7, 0x00, 0x00, 0x00, //0x00003527 jb           LBB0_627
	0x43, 0x80, 0x7c, 0x31, 0x05, 0x5c, //0x0000352d cmpb         $92, $5(%r9,%r14)
	0x0f, 0x85, 0xbb, 0x00, 0x00, 0x00, //0x00003533 jne          LBB0_627
	0x43, 0x80, 0x7c, 0x31, 0x06, 0x75, //0x00003539 cmpb         $117, $6(%r9,%r14)
	0x0f, 0x85, 0xaf, 0x00, 0x00, 0x00, //0x0000353f jne          LBB0_627
	0x43, 0x8b, 0x44, 0x31, 0x07, //0x00003545 movl         $7(%r9,%r14), %eax
	0x89, 0xc2, //0x0000354a movl         %eax, %edx
	0xf7, 0xd2, //0x0000354c notl         %edx
	0x8d, 0x88, 0xd0, 0xcf, 0xcf, 0xcf, //0x0000354e leal         $-808464432(%rax), %ecx
	0x81, 0xe2, 0x80, 0x80, 0x80, 0x80, //0x00003554 andl         $-2139062144, %edx
	0x85, 0xca, //0x0000355a testl        %ecx, %edx
	0x0f, 0x85, 0x92, 0x00, 0x00, 0x00, //0x0000355c jne          LBB0_627
	0x8d, 0x88, 0x19, 0x19, 0x19, 0x19, //0x00003562 leal         $421075225(%rax), %ecx
	0x09, 0xc1, //0x00003568 orl          %eax, %ecx
	0xf7, 0xc1, 0x80, 0x80, 0x80, 0x80, //0x0000356a testl        $-2139062144, %ecx
	0x0f, 0x85, 0x7e, 0x00, 0x00, 0x00, //0x00003570 jne          LBB0_627
	0x41, 0x89, 0xc6, //0x00003576 movl         %eax, %r14d
	0x41, 0x81, 0xe6, 0x7f, 0x7f, 0x7f, 0x7f, //0x00003579 andl         $2139062143, %r14d
	0xb9, 0xc0, 0xc0, 0xc0, 0xc0, //0x00003580 movl         $-1061109568, %ecx
	0x44, 0x29, 0xf1, //0x00003585 subl         %r14d, %ecx
	0x45, 0x8d, 0xae, 0x46, 0x46, 0x46, 0x46, //0x00003588 leal         $1179010630(%r14), %r13d
	0x21, 0xd1, //0x0000358f andl         %edx, %ecx
	0x44, 0x85, 0xe9, //0x00003591 testl        %r13d, %ecx
	0x0f, 0x85, 0x5a, 0x00, 0x00, 0x00, //0x00003594 jne          LBB0_627
	0xb9, 0xe0, 0xe0, 0xe0, 0xe0, //0x0000359a movl         $-522133280, %ecx
	0x44, 0x29, 0xf1, //0x0000359f subl         %r14d, %ecx
	0x41, 0x81, 0xc6, 0x39, 0x39, 0x39, 0x39, //0x000035a2 addl         $960051513, %r14d
	0x21, 0xca, //0x000035a9 andl         %ecx, %edx
	0x44, 0x85, 0xf2, //0x000035ab testl        %r14d, %edx
	0x0f, 0x85, 0x40, 0x00, 0x00, 0x00, //0x000035ae jne          LBB0_627
	0x0f, 0xc8, //0x000035b4 bswapl       %eax
	0x89, 0xc1, //0x000035b6 movl         %eax, %ecx
	0xc1, 0xe9, 0x04, //0x000035b8 shrl         $4, %ecx
	0xf7, 0xd1, //0x000035bb notl         %ecx
	0x81, 0xe1, 0x01, 0x01, 0x01, 0x01, //0x000035bd andl         $16843009, %ecx
	0x8d, 0x0c, 0xc9, //0x000035c3 leal         (%rcx,%rcx,8), %ecx
	0x25, 0x0f, 0x0f, 0x0f, 0x0f, //0x000035c6 andl         $252645135, %eax
	0x01, 0xc8, //0x000035cb addl         %ecx, %eax
	0x89, 0xc1, //0x000035cd movl         %eax, %ecx
	0xc1, 0xe9, 0x0c, //0x000035cf shrl         $12, %ecx
	0xc1, 0xe8, 0x08, //0x000035d2 shrl         $8, %eax
	0x09, 0xc8, //0x000035d5 orl          %ecx, %eax
	0x25, 0x00, 0xfc, 0x00, 0x00, //0x000035d7 andl         $64512, %eax
	0x3d, 0x00, 0xdc, 0x00, 0x00, //0x000035dc cmpl         $56320, %eax
	0x0f, 0x85, 0x0d, 0x00, 0x00, 0x00, //0x000035e1 jne          LBB0_627
	0x4c, 0x8b, 0x75, 0xa0, //0x000035e7 movq         $-96(%rbp), %r14
	0x49, 0x83, 0xc6, 0x0c, //0x000035eb addq         $12, %r14
	0xe9, 0x7e, 0x00, 0x00, 0x00, //0x000035ef jmp          LBB0_634
	//0x000035f4 LBB0_627
	0x4c, 0x8b, 0x75, 0xa0, //0x000035f4 movq         $-96(%rbp), %r14
	0x49, 0x83, 0xc6, 0x06, //0x000035f8 addq         $6, %r14
	0xe9, 0x71, 0x00, 0x00, 0x00, //0x000035fc jmp          LBB0_634
	//0x00003601 LBB0_628
	0x48, 0x89, 0x55, 0x98, //0x00003601 movq         %rdx, $-104(%rbp)
	0x48, 0x0f, 0xbc, 0x55, 0x98, //0x00003605 bsfq         $-104(%rbp), %rdx
	0x48, 0x39, 0xda, //0x0000360a cmpq         %rbx, %rdx
	0x0f, 0x83, 0x35, 0xee, 0xff, 0xff, //0x0000360d jae          LBB0_411
	0x48, 0x89, 0xd0, //0x00003613 movq         %rdx, %rax
	0x48, 0x89, 0x75, 0x80, //0x00003616 movq         %rsi, $-128(%rbp)
	0x48, 0x01, 0xf8, //0x0000361a addq         %rdi, %rax
	0x48, 0x89, 0x45, 0xa0, //0x0000361d movq         %rax, $-96(%rbp)
	0x4c, 0x39, 0xf0, //0x00003621 cmpq         %r14, %rax
	0x0f, 0x8c, 0x51, 0x00, 0x00, 0x00, //0x00003624 jl           LBB0_635
	0x48, 0x8b, 0x45, 0xa0, //0x0000362a movq         $-96(%rbp), %rax
	0x4c, 0x8d, 0x70, 0x01, //0x0000362e leaq         $1(%rax), %r14
	0x4c, 0x8b, 0x6d, 0xc0, //0x00003632 movq         $-64(%rbp), %r13
	0x4d, 0x29, 0xf5, //0x00003636 subq         %r14, %r13
	0x0f, 0x84, 0x40, 0x07, 0x00, 0x00, //0x00003639 je           LBB0_717
	0x43, 0x0f, 0xbe, 0x14, 0x31, //0x0000363f movsbl       (%r9,%r14), %edx
	0x48, 0xc7, 0xc0, 0xfe, 0xff, 0xff, 0xff, //0x00003644 movq         $-2, %rax
	0x83, 0xc2, 0xde, //0x0000364b addl         $-34, %edx
	0x83, 0xfa, 0x53, //0x0000364e cmpl         $83, %edx
	0x0f, 0x87, 0x12, 0x14, 0x00, 0x00, //0x00003651 ja           LBB0_834
	0x48, 0x8d, 0x35, 0x1a, 0x1c, 0x00, 0x00, //0x00003657 leaq         $7194(%rip), %rsi  /* LJTI0_6+0(%rip) */
	0x48, 0x63, 0x0c, 0x96, //0x0000365e movslq       (%rsi,%rdx,4), %rcx
	0x48, 0x01, 0xf1, //0x00003662 addq         %rsi, %rcx
	0x48, 0x8b, 0x55, 0xa0, //0x00003665 movq         $-96(%rbp), %rdx
	0xff, 0xe1, //0x00003669 jmpq         *%rcx
	//0x0000366b LBB0_633
	0x48, 0x83, 0xc2, 0x02, //0x0000366b addq         $2, %rdx
	0x49, 0x89, 0xd6, //0x0000366f movq         %rdx, %r14
	//0x00003672 LBB0_634
	0x4d, 0x85, 0xf6, //0x00003672 testq        %r14, %r14
	0x0f, 0x88, 0xf3, 0x06, 0x00, 0x00, //0x00003675 js           LBB0_716
	//0x0000367b LBB0_635
	0x48, 0x8b, 0x55, 0x98, //0x0000367b movq         $-104(%rbp), %rdx
	0x48, 0x8d, 0x42, 0xff, //0x0000367f leaq         $-1(%rdx), %rax
	0x48, 0x21, 0xc2, //0x00003683 andq         %rax, %rdx
	0x4c, 0x8b, 0x6d, 0xb0, //0x00003686 movq         $-80(%rbp), %r13
	0x48, 0x8b, 0x4d, 0xd0, //0x0000368a movq         $-48(%rbp), %rcx
	0x48, 0x8b, 0x75, 0x80, //0x0000368e movq         $-128(%rbp), %rsi
	0x0f, 0x84, 0xb0, 0xed, 0xff, 0xff, //0x00003692 je           LBB0_411
	0xe9, 0x64, 0xff, 0xff, 0xff, //0x00003698 jmp          LBB0_628
	//0x0000369d LBB0_636
	0x4d, 0x85, 0xd2, //0x0000369d testq        %r10, %r10
	0x0f, 0x84, 0x25, 0x11, 0x00, 0x00, //0x000036a0 je           LBB0_146
	0x48, 0x8b, 0x85, 0x68, 0xff, 0xff, 0xff, //0x000036a6 movq         $-152(%rbp), %rax
	0x4c, 0x01, 0xf0, //0x000036ad addq         %r14, %rax
	0x48, 0x8b, 0x55, 0xc8, //0x000036b0 movq         $-56(%rbp), %rdx
	0x48, 0x83, 0xfa, 0xff, //0x000036b4 cmpq         $-1, %rdx
	0x48, 0x89, 0xd1, //0x000036b8 movq         %rdx, %rcx
	0x48, 0x0f, 0x44, 0xd0, //0x000036bb cmoveq       %rax, %rdx
	0x48, 0x0f, 0x44, 0xc8, //0x000036bf cmoveq       %rax, %rcx
	0x49, 0x83, 0xc6, 0x01, //0x000036c3 addq         $1, %r14
	0x49, 0x83, 0xc2, 0xff, //0x000036c7 addq         $-1, %r10
	0x48, 0x89, 0x55, 0xc8, //0x000036cb movq         %rdx, $-56(%rbp)
	0x4d, 0x85, 0xd2, //0x000036cf testq        %r10, %r10
	0x0f, 0x85, 0x6b, 0xfc, 0xff, 0xff, //0x000036d2 jne          LBB0_597
	0xe9, 0xec, 0xfc, 0xff, 0xff, //0x000036d8 jmp          LBB0_606
	//0x000036dd LBB0_638
	0x4d, 0x85, 0xd2, //0x000036dd testq        %r10, %r10
	0x0f, 0x84, 0xe5, 0x10, 0x00, 0x00, //0x000036e0 je           LBB0_146
	0x48, 0x8b, 0x85, 0x68, 0xff, 0xff, 0xff, //0x000036e6 movq         $-152(%rbp), %rax
	0x49, 0x8d, 0x0c, 0x07, //0x000036ed leaq         (%r15,%rax), %rcx
	0x48, 0x8b, 0x55, 0xc8, //0x000036f1 movq         $-56(%rbp), %rdx
	0x48, 0x83, 0xfa, 0xff, //0x000036f5 cmpq         $-1, %rdx
	0x48, 0x89, 0xd0, //0x000036f9 movq         %rdx, %rax
	0x48, 0x0f, 0x44, 0xd1, //0x000036fc cmoveq       %rcx, %rdx
	0x48, 0x0f, 0x44, 0xc1, //0x00003700 cmoveq       %rcx, %rax
	0x49, 0x83, 0xc7, 0x01, //0x00003704 addq         $1, %r15
	0x49, 0x83, 0xc2, 0xff, //0x00003708 addq         $-1, %r10
	0x48, 0x89, 0x55, 0xc8, //0x0000370c movq         %rdx, $-56(%rbp)
	0xe9, 0x14, 0xf5, 0xff, 0xff, //0x00003710 jmp          LBB0_513
	//0x00003715 LBB0_640
	0x49, 0x83, 0xfd, 0x05, //0x00003715 cmpq         $5, %r13
	0x0f, 0x82, 0xac, 0x10, 0x00, 0x00, //0x00003719 jb           LBB0_146
	0x43, 0x8b, 0x5c, 0x31, 0x01, //0x0000371f movl         $1(%r9,%r14), %ebx
	0x89, 0xda, //0x00003724 movl         %ebx, %edx
	0xf7, 0xd2, //0x00003726 notl         %edx
	0x48, 0x89, 0x5d, 0x80, //0x00003728 movq         %rbx, $-128(%rbp)
	0x81, 0xc3, 0xd0, 0xcf, 0xcf, 0xcf, //0x0000372c addl         $-808464432, %ebx
	0x81, 0xe2, 0x80, 0x80, 0x80, 0x80, //0x00003732 andl         $-2139062144, %edx
	0x85, 0xda, //0x00003738 testl        %ebx, %edx
	0x0f, 0x85, 0x3a, 0x13, 0x00, 0x00, //0x0000373a jne          LBB0_835
	0x48, 0x8b, 0x5d, 0x80, //0x00003740 movq         $-128(%rbp), %rbx
	0x81, 0xc3, 0x19, 0x19, 0x19, 0x19, //0x00003744 addl         $421075225, %ebx
	0x0b, 0x5d, 0x80, //0x0000374a orl          $-128(%rbp), %ebx
	0xf7, 0xc3, 0x80, 0x80, 0x80, 0x80, //0x0000374d testl        $-2139062144, %ebx
	0x0f, 0x85, 0x21, 0x13, 0x00, 0x00, //0x00003753 jne          LBB0_835
	0x48, 0x8b, 0x5d, 0x80, //0x00003759 movq         $-128(%rbp), %rbx
	0x81, 0xe3, 0x7f, 0x7f, 0x7f, 0x7f, //0x0000375d andl         $2139062143, %ebx
	0xc7, 0x45, 0x90, 0xc0, 0xc0, 0xc0, 0xc0, //0x00003763 movl         $-1061109568, $-112(%rbp)
	0x29, 0x5d, 0x90, //0x0000376a subl         %ebx, $-112(%rbp)
	0x48, 0x89, 0x9d, 0x58, 0xff, 0xff, 0xff, //0x0000376d movq         %rbx, $-168(%rbp)
	0x81, 0xc3, 0x46, 0x46, 0x46, 0x46, //0x00003774 addl         $1179010630, %ebx
	0x89, 0x9d, 0x74, 0xff, 0xff, 0xff, //0x0000377a movl         %ebx, $-140(%rbp)
	0x8b, 0x5d, 0x90, //0x00003780 movl         $-112(%rbp), %ebx
	0x21, 0xd3, //0x00003783 andl         %edx, %ebx
	0x85, 0x9d, 0x74, 0xff, 0xff, 0xff, //0x00003785 testl        %ebx, $-140(%rbp)
	0x0f, 0x85, 0xe9, 0x12, 0x00, 0x00, //0x0000378b jne          LBB0_835
	0xc7, 0x45, 0x90, 0xe0, 0xe0, 0xe0, 0xe0, //0x00003791 movl         $-522133280, $-112(%rbp)
	0x48, 0x8b, 0x9d, 0x58, 0xff, 0xff, 0xff, //0x00003798 movq         $-168(%rbp), %rbx
	0x29, 0x5d, 0x90, //0x0000379f subl         %ebx, $-112(%rbp)
	0x81, 0xc3, 0x39, 0x39, 0x39, 0x39, //0x000037a2 addl         $960051513, %ebx
	0x23, 0x55, 0x90, //0x000037a8 andl         $-112(%rbp), %edx
	0x85, 0xda, //0x000037ab testl        %ebx, %edx
	0x0f, 0x85, 0xc7, 0x12, 0x00, 0x00, //0x000037ad jne          LBB0_835
	0x48, 0x8b, 0x55, 0x80, //0x000037b3 movq         $-128(%rbp), %rdx
	0x0f, 0xca, //0x000037b7 bswapl       %edx
	0x89, 0xd0, //0x000037b9 movl         %edx, %eax
	0xc1, 0xe8, 0x04, //0x000037bb shrl         $4, %eax
	0xf7, 0xd0, //0x000037be notl         %eax
	0x25, 0x01, 0x01, 0x01, 0x01, //0x000037c0 andl         $16843009, %eax
	0x8d, 0x04, 0xc0, //0x000037c5 leal         (%rax,%rax,8), %eax
	0x81, 0xe2, 0x0f, 0x0f, 0x0f, 0x0f, //0x000037c8 andl         $252645135, %edx
	0x01, 0xc2, //0x000037ce addl         %eax, %edx
	0x89, 0xd0, //0x000037d0 movl         %edx, %eax
	0xc1, 0xe8, 0x0c, //0x000037d2 shrl         $12, %eax
	0xc1, 0xea, 0x08, //0x000037d5 shrl         $8, %edx
	0x09, 0xc2, //0x000037d8 orl          %eax, %edx
	0x81, 0xe2, 0x00, 0xfc, 0x00, 0x00, //0x000037da andl         $64512, %edx
	0x81, 0xfa, 0x00, 0xd8, 0x00, 0x00, //0x000037e0 cmpl         $55296, %edx
	0x0f, 0x85, 0xd1, 0x00, 0x00, 0x00, //0x000037e6 jne          LBB0_655
	0x49, 0x83, 0xfd, 0x0b, //0x000037ec cmpq         $11, %r13
	0x0f, 0x82, 0xc7, 0x00, 0x00, 0x00, //0x000037f0 jb           LBB0_655
	0x43, 0x80, 0x7c, 0x31, 0x05, 0x5c, //0x000037f6 cmpb         $92, $5(%r9,%r14)
	0x0f, 0x85, 0xbb, 0x00, 0x00, 0x00, //0x000037fc jne          LBB0_655
	0x43, 0x80, 0x7c, 0x31, 0x06, 0x75, //0x00003802 cmpb         $117, $6(%r9,%r14)
	0x0f, 0x85, 0xaf, 0x00, 0x00, 0x00, //0x00003808 jne          LBB0_655
	0x43, 0x8b, 0x44, 0x31, 0x07, //0x0000380e movl         $7(%r9,%r14), %eax
	0x89, 0xc2, //0x00003813 movl         %eax, %edx
	0xf7, 0xd2, //0x00003815 notl         %edx
	0x8d, 0x98, 0xd0, 0xcf, 0xcf, 0xcf, //0x00003817 leal         $-808464432(%rax), %ebx
	0x81, 0xe2, 0x80, 0x80, 0x80, 0x80, //0x0000381d andl         $-2139062144, %edx
	0x85, 0xda, //0x00003823 testl        %ebx, %edx
	0x0f, 0x85, 0x92, 0x00, 0x00, 0x00, //0x00003825 jne          LBB0_655
	0x8d, 0x98, 0x19, 0x19, 0x19, 0x19, //0x0000382b leal         $421075225(%rax), %ebx
	0x09, 0xc3, //0x00003831 orl          %eax, %ebx
	0xf7, 0xc3, 0x80, 0x80, 0x80, 0x80, //0x00003833 testl        $-2139062144, %ebx
	0x0f, 0x85, 0x7e, 0x00, 0x00, 0x00, //0x00003839 jne          LBB0_655
	0x41, 0x89, 0xc6, //0x0000383f movl         %eax, %r14d
	0x41, 0x81, 0xe6, 0x7f, 0x7f, 0x7f, 0x7f, //0x00003842 andl         $2139062143, %r14d
	0xbb, 0xc0, 0xc0, 0xc0, 0xc0, //0x00003849 movl         $-1061109568, %ebx
	0x44, 0x29, 0xf3, //0x0000384e subl         %r14d, %ebx
	0x45, 0x8d, 0xae, 0x46, 0x46, 0x46, 0x46, //0x00003851 leal         $1179010630(%r14), %r13d
	0x21, 0xd3, //0x00003858 andl         %edx, %ebx
	0x44, 0x85, 0xeb, //0x0000385a testl        %r13d, %ebx
	0x0f, 0x85, 0x5a, 0x00, 0x00, 0x00, //0x0000385d jne          LBB0_655
	0xbb, 0xe0, 0xe0, 0xe0, 0xe0, //0x00003863 movl         $-522133280, %ebx
	0x44, 0x29, 0xf3, //0x00003868 subl         %r14d, %ebx
	0x41, 0x81, 0xc6, 0x39, 0x39, 0x39, 0x39, //0x0000386b addl         $960051513, %r14d
	0x21, 0xda, //0x00003872 andl         %ebx, %edx
	0x44, 0x85, 0xf2, //0x00003874 testl        %r14d, %edx
	0x0f, 0x85, 0x40, 0x00, 0x00, 0x00, //0x00003877 jne          LBB0_655
	0x0f, 0xc8, //0x0000387d bswapl       %eax
	0x89, 0xc2, //0x0000387f movl         %eax, %edx
	0xc1, 0xea, 0x04, //0x00003881 shrl         $4, %edx
	0xf7, 0xd2, //0x00003884 notl         %edx
	0x81, 0xe2, 0x01, 0x01, 0x01, 0x01, //0x00003886 andl         $16843009, %edx
	0x8d, 0x14, 0xd2, //0x0000388c leal         (%rdx,%rdx,8), %edx
	0x25, 0x0f, 0x0f, 0x0f, 0x0f, //0x0000388f andl         $252645135, %eax
	0x01, 0xd0, //0x00003894 addl         %edx, %eax
	0x89, 0xc2, //0x00003896 movl         %eax, %edx
	0xc1, 0xea, 0x0c, //0x00003898 shrl         $12, %edx
	0xc1, 0xe8, 0x08, //0x0000389b shrl         $8, %eax
	0x09, 0xd0, //0x0000389e orl          %edx, %eax
	0x25, 0x00, 0xfc, 0x00, 0x00, //0x000038a0 andl         $64512, %eax
	0x3d, 0x00, 0xdc, 0x00, 0x00, //0x000038a5 cmpl         $56320, %eax
	0x0f, 0x85, 0x0d, 0x00, 0x00, 0x00, //0x000038aa jne          LBB0_655
	0x4c, 0x8b, 0x75, 0xc0, //0x000038b0 movq         $-64(%rbp), %r14
	0x49, 0x83, 0xc6, 0x0c, //0x000038b4 addq         $12, %r14
	0xe9, 0x7e, 0x00, 0x00, 0x00, //0x000038b8 jmp          LBB0_662
	//0x000038bd LBB0_655
	0x4c, 0x8b, 0x75, 0xc0, //0x000038bd movq         $-64(%rbp), %r14
	0x49, 0x83, 0xc6, 0x06, //0x000038c1 addq         $6, %r14
	0xe9, 0x71, 0x00, 0x00, 0x00, //0x000038c5 jmp          LBB0_662
	//0x000038ca LBB0_656
	0x48, 0x89, 0x55, 0xa0, //0x000038ca movq         %rdx, $-96(%rbp)
	0x48, 0x0f, 0xbc, 0x55, 0xa0, //0x000038ce bsfq         $-96(%rbp), %rdx
	0x48, 0x39, 0xfa, //0x000038d3 cmpq         %rdi, %rdx
	0x0f, 0x83, 0x1e, 0xef, 0xff, 0xff, //0x000038d6 jae          LBB0_458
	0x48, 0x89, 0xd0, //0x000038dc movq         %rdx, %rax
	0x48, 0x89, 0x5d, 0x98, //0x000038df movq         %rbx, $-104(%rbp)
	0x48, 0x01, 0xc8, //0x000038e3 addq         %rcx, %rax
	0x48, 0x89, 0x45, 0xc0, //0x000038e6 movq         %rax, $-64(%rbp)
	0x4c, 0x39, 0xf0, //0x000038ea cmpq         %r14, %rax
	0x0f, 0x8c, 0x51, 0x00, 0x00, 0x00, //0x000038ed jl           LBB0_663
	0x48, 0x8b, 0x45, 0xc0, //0x000038f3 movq         $-64(%rbp), %rax
	0x4c, 0x8d, 0x70, 0x01, //0x000038f7 leaq         $1(%rax), %r14
	0x4c, 0x8b, 0x6d, 0xa8, //0x000038fb movq         $-88(%rbp), %r13
	0x4d, 0x29, 0xf5, //0x000038ff subq         %r14, %r13
	0x0f, 0x84, 0xc3, 0x0e, 0x00, 0x00, //0x00003902 je           LBB0_146
	0x43, 0x0f, 0xbe, 0x14, 0x31, //0x00003908 movsbl       (%r9,%r14), %edx
	0x48, 0xc7, 0xc0, 0xfe, 0xff, 0xff, 0xff, //0x0000390d movq         $-2, %rax
	0x83, 0xc2, 0xde, //0x00003914 addl         $-34, %edx
	0x83, 0xfa, 0x53, //0x00003917 cmpl         $83, %edx
	0x0f, 0x87, 0x5a, 0x11, 0x00, 0x00, //0x0000391a ja           LBB0_835
	0x48, 0x8d, 0x1d, 0x61, 0x15, 0x00, 0x00, //0x00003920 leaq         $5473(%rip), %rbx  /* LJTI0_3+0(%rip) */
	0x48, 0x63, 0x14, 0x93, //0x00003927 movslq       (%rbx,%rdx,4), %rdx
	0x48, 0x01, 0xda, //0x0000392b addq         %rbx, %rdx
	0x48, 0x8b, 0x5d, 0xc0, //0x0000392e movq         $-64(%rbp), %rbx
	0xff, 0xe2, //0x00003932 jmpq         *%rdx
	//0x00003934 LBB0_661
	0x48, 0x83, 0xc3, 0x02, //0x00003934 addq         $2, %rbx
	0x49, 0x89, 0xde, //0x00003938 movq         %rbx, %r14
	//0x0000393b LBB0_662
	0x4d, 0x85, 0xf6, //0x0000393b testq        %r14, %r14
	0x0f, 0x88, 0x76, 0x0e, 0x00, 0x00, //0x0000393e js           LBB0_145
	//0x00003944 LBB0_663
	0x48, 0x8b, 0x55, 0xa0, //0x00003944 movq         $-96(%rbp), %rdx
	0x48, 0x8d, 0x42, 0xff, //0x00003948 leaq         $-1(%rdx), %rax
	0x48, 0x21, 0xc2, //0x0000394c andq         %rax, %rdx
	0x4c, 0x8b, 0x6d, 0xb0, //0x0000394f movq         $-80(%rbp), %r13
	0x48, 0x8b, 0x5d, 0x98, //0x00003953 movq         $-104(%rbp), %rbx
	0x0f, 0x84, 0x9d, 0xee, 0xff, 0xff, //0x00003957 je           LBB0_458
	0xe9, 0x68, 0xff, 0xff, 0xff, //0x0000395d jmp          LBB0_656
	//0x00003962 LBB0_664
	0x49, 0x83, 0xfd, 0x05, //0x00003962 cmpq         $5, %r13
	0x0f, 0x82, 0x5f, 0x0e, 0x00, 0x00, //0x00003966 jb           LBB0_146
	0x43, 0x8b, 0x5c, 0x31, 0x01, //0x0000396c movl         $1(%r9,%r14), %ebx
	0x89, 0xda, //0x00003971 movl         %ebx, %edx
	0xf7, 0xd2, //0x00003973 notl         %edx
	0x48, 0x89, 0x5d, 0x80, //0x00003975 movq         %rbx, $-128(%rbp)
	0x81, 0xc3, 0xd0, 0xcf, 0xcf, 0xcf, //0x00003979 addl         $-808464432, %ebx
	0x81, 0xe2, 0x80, 0x80, 0x80, 0x80, //0x0000397f andl         $-2139062144, %edx
	0x85, 0xda, //0x00003985 testl        %ebx, %edx
	0x0f, 0x85, 0xed, 0x10, 0x00, 0x00, //0x00003987 jne          LBB0_835
	0x48, 0x8b, 0x5d, 0x80, //0x0000398d movq         $-128(%rbp), %rbx
	0x81, 0xc3, 0x19, 0x19, 0x19, 0x19, //0x00003991 addl         $421075225, %ebx
	0x0b, 0x5d, 0x80, //0x00003997 orl          $-128(%rbp), %ebx
	0xf7, 0xc3, 0x80, 0x80, 0x80, 0x80, //0x0000399a testl        $-2139062144, %ebx
	0x0f, 0x85, 0xd4, 0x10, 0x00, 0x00, //0x000039a0 jne          LBB0_835
	0x48, 0x8b, 0x5d, 0x80, //0x000039a6 movq         $-128(%rbp), %rbx
	0x81, 0xe3, 0x7f, 0x7f, 0x7f, 0x7f, //0x000039aa andl         $2139062143, %ebx
	0xc7, 0x45, 0x90, 0xc0, 0xc0, 0xc0, 0xc0, //0x000039b0 movl         $-1061109568, $-112(%rbp)
	0x29, 0x5d, 0x90, //0x000039b7 subl         %ebx, $-112(%rbp)
	0x48, 0x89, 0x9d, 0x58, 0xff, 0xff, 0xff, //0x000039ba movq         %rbx, $-168(%rbp)
	0x81, 0xc3, 0x46, 0x46, 0x46, 0x46, //0x000039c1 addl         $1179010630, %ebx
	0x89, 0x9d, 0x74, 0xff, 0xff, 0xff, //0x000039c7 movl         %ebx, $-140(%rbp)
	0x8b, 0x5d, 0x90, //0x000039cd movl         $-112(%rbp), %ebx
	0x21, 0xd3, //0x000039d0 andl         %edx, %ebx
	0x85, 0x9d, 0x74, 0xff, 0xff, 0xff, //0x000039d2 testl        %ebx, $-140(%rbp)
	0x0f, 0x85, 0x9c, 0x10, 0x00, 0x00, //0x000039d8 jne          LBB0_835
	0xc7, 0x45, 0x90, 0xe0, 0xe0, 0xe0, 0xe0, //0x000039de movl         $-522133280, $-112(%rbp)
	0x48, 0x8b, 0x9d, 0x58, 0xff, 0xff, 0xff, //0x000039e5 movq         $-168(%rbp), %rbx
	0x29, 0x5d, 0x90, //0x000039ec subl         %ebx, $-112(%rbp)
	0x81, 0xc3, 0x39, 0x39, 0x39, 0x39, //0x000039ef addl         $960051513, %ebx
	0x23, 0x55, 0x90, //0x000039f5 andl         $-112(%rbp), %edx
	0x85, 0xda, //0x000039f8 testl        %ebx, %edx
	0x0f, 0x85, 0x7a, 0x10, 0x00, 0x00, //0x000039fa jne          LBB0_835
	0x48, 0x8b, 0x55, 0x80, //0x00003a00 movq         $-128(%rbp), %rdx
	0x0f, 0xca, //0x00003a04 bswapl       %edx
	0x89, 0xd0, //0x00003a06 movl         %edx, %eax
	0xc1, 0xe8, 0x04, //0x00003a08 shrl         $4, %eax
	0xf7, 0xd0, //0x00003a0b notl         %eax
	0x25, 0x01, 0x01, 0x01, 0x01, //0x00003a0d andl         $16843009, %eax
	0x8d, 0x04, 0xc0, //0x00003a12 leal         (%rax,%rax,8), %eax
	0x81, 0xe2, 0x0f, 0x0f, 0x0f, 0x0f, //0x00003a15 andl         $252645135, %edx
	0x01, 0xc2, //0x00003a1b addl         %eax, %edx
	0x89, 0xd0, //0x00003a1d movl         %edx, %eax
	0xc1, 0xe8, 0x0c, //0x00003a1f shrl         $12, %eax
	0xc1, 0xea, 0x08, //0x00003a22 shrl         $8, %edx
	0x09, 0xc2, //0x00003a25 orl          %eax, %edx
	0x81, 0xe2, 0x00, 0xfc, 0x00, 0x00, //0x00003a27 andl         $64512, %edx
	0x81, 0xfa, 0x00, 0xd8, 0x00, 0x00, //0x00003a2d cmpl         $55296, %edx
	0x0f, 0x85, 0xd1, 0x00, 0x00, 0x00, //0x00003a33 jne          LBB0_679
	0x49, 0x83, 0xfd, 0x0b, //0x00003a39 cmpq         $11, %r13
	0x0f, 0x82, 0xc7, 0x00, 0x00, 0x00, //0x00003a3d jb           LBB0_679
	0x43, 0x80, 0x7c, 0x31, 0x05, 0x5c, //0x00003a43 cmpb         $92, $5(%r9,%r14)
	0x0f, 0x85, 0xbb, 0x00, 0x00, 0x00, //0x00003a49 jne          LBB0_679
	0x43, 0x80, 0x7c, 0x31, 0x06, 0x75, //0x00003a4f cmpb         $117, $6(%r9,%r14)
	0x0f, 0x85, 0xaf, 0x00, 0x00, 0x00, //0x00003a55 jne          LBB0_679
	0x43, 0x8b, 0x44, 0x31, 0x07, //0x00003a5b movl         $7(%r9,%r14), %eax
	0x89, 0xc2, //0x00003a60 movl         %eax, %edx
	0xf7, 0xd2, //0x00003a62 notl         %edx
	0x8d, 0x98, 0xd0, 0xcf, 0xcf, 0xcf, //0x00003a64 leal         $-808464432(%rax), %ebx
	0x81, 0xe2, 0x80, 0x80, 0x80, 0x80, //0x00003a6a andl         $-2139062144, %edx
	0x85, 0xda, //0x00003a70 testl        %ebx, %edx
	0x0f, 0x85, 0x92, 0x00, 0x00, 0x00, //0x00003a72 jne          LBB0_679
	0x8d, 0x98, 0x19, 0x19, 0x19, 0x19, //0x00003a78 leal         $421075225(%rax), %ebx
	0x09, 0xc3, //0x00003a7e orl          %eax, %ebx
	0xf7, 0xc3, 0x80, 0x80, 0x80, 0x80, //0x00003a80 testl        $-2139062144, %ebx
	0x0f, 0x85, 0x7e, 0x00, 0x00, 0x00, //0x00003a86 jne          LBB0_679
	0x41, 0x89, 0xc6, //0x00003a8c movl         %eax, %r14d
	0x41, 0x81, 0xe6, 0x7f, 0x7f, 0x7f, 0x7f, //0x00003a8f andl         $2139062143, %r14d
	0xbb, 0xc0, 0xc0, 0xc0, 0xc0, //0x00003a96 movl         $-1061109568, %ebx
	0x44, 0x29, 0xf3, //0x00003a9b subl         %r14d, %ebx
	0x45, 0x8d, 0xae, 0x46, 0x46, 0x46, 0x46, //0x00003a9e leal         $1179010630(%r14), %r13d
	0x21, 0xd3, //0x00003aa5 andl         %edx, %ebx
	0x44, 0x85, 0xeb, //0x00003aa7 testl        %r13d, %ebx
	0x0f, 0x85, 0x5a, 0x00, 0x00, 0x00, //0x00003aaa jne          LBB0_679
	0xbb, 0xe0, 0xe0, 0xe0, 0xe0, //0x00003ab0 movl         $-522133280, %ebx
	0x44, 0x29, 0xf3, //0x00003ab5 subl         %r14d, %ebx
	0x41, 0x81, 0xc6, 0x39, 0x39, 0x39, 0x39, //0x00003ab8 addl         $960051513, %r14d
	0x21, 0xda, //0x00003abf andl         %ebx, %edx
	0x44, 0x85, 0xf2, //0x00003ac1 testl        %r14d, %edx
	0x0f, 0x85, 0x40, 0x00, 0x00, 0x00, //0x00003ac4 jne          LBB0_679
	0x0f, 0xc8, //0x00003aca bswapl       %eax
	0x89, 0xc2, //0x00003acc movl         %eax, %edx
	0xc1, 0xea, 0x04, //0x00003ace shrl         $4, %edx
	0xf7, 0xd2, //0x00003ad1 notl         %edx
	0x81, 0xe2, 0x01, 0x01, 0x01, 0x01, //0x00003ad3 andl         $16843009, %edx
	0x8d, 0x14, 0xd2, //0x00003ad9 leal         (%rdx,%rdx,8), %edx
	0x25, 0x0f, 0x0f, 0x0f, 0x0f, //0x00003adc andl         $252645135, %eax
	0x01, 0xd0, //0x00003ae1 addl         %edx, %eax
	0x89, 0xc2, //0x00003ae3 movl         %eax, %edx
	0xc1, 0xea, 0x0c, //0x00003ae5 shrl         $12, %edx
	0xc1, 0xe8, 0x08, //0x00003ae8 shrl         $8, %eax
	0x09, 0xd0, //0x00003aeb orl          %edx, %eax
	0x25, 0x00, 0xfc, 0x00, 0x00, //0x00003aed andl         $64512, %eax
	0x3d, 0x00, 0xdc, 0x00, 0x00, //0x00003af2 cmpl         $56320, %eax
	0x0f, 0x85, 0x0d, 0x00, 0x00, 0x00, //0x00003af7 jne          LBB0_679
	0x4c, 0x8b, 0x75, 0xc0, //0x00003afd movq         $-64(%rbp), %r14
	0x49, 0x83, 0xc6, 0x0c, //0x00003b01 addq         $12, %r14
	0xe9, 0x7e, 0x00, 0x00, 0x00, //0x00003b05 jmp          LBB0_686
	//0x00003b0a LBB0_679
	0x4c, 0x8b, 0x75, 0xc0, //0x00003b0a movq         $-64(%rbp), %r14
	0x49, 0x83, 0xc6, 0x06, //0x00003b0e addq         $6, %r14
	0xe9, 0x71, 0x00, 0x00, 0x00, //0x00003b12 jmp          LBB0_686
	//0x00003b17 LBB0_680
	0x48, 0x89, 0x55, 0xa0, //0x00003b17 movq         %rdx, $-96(%rbp)
	0x48, 0x0f, 0xbc, 0x55, 0xa0, //0x00003b1b bsfq         $-96(%rbp), %rdx
	0x48, 0x39, 0xfa, //0x00003b20 cmpq         %rdi, %rdx
	0x0f, 0x83, 0xb3, 0xf0, 0xff, 0xff, //0x00003b23 jae          LBB0_506
	0x48, 0x89, 0xd0, //0x00003b29 movq         %rdx, %rax
	0x48, 0x89, 0x5d, 0x98, //0x00003b2c movq         %rbx, $-104(%rbp)
	0x48, 0x01, 0xc8, //0x00003b30 addq         %rcx, %rax
	0x48, 0x89, 0x45, 0xc0, //0x00003b33 movq         %rax, $-64(%rbp)
	0x4c, 0x39, 0xf0, //0x00003b37 cmpq         %r14, %rax
	0x0f, 0x8c, 0x51, 0x00, 0x00, 0x00, //0x00003b3a jl           LBB0_687
	0x48, 0x8b, 0x45, 0xc0, //0x00003b40 movq         $-64(%rbp), %rax
	0x4c, 0x8d, 0x70, 0x01, //0x00003b44 leaq         $1(%rax), %r14
	0x4c, 0x8b, 0x6d, 0xa8, //0x00003b48 movq         $-88(%rbp), %r13
	0x4d, 0x29, 0xf5, //0x00003b4c subq         %r14, %r13
	0x0f, 0x84, 0x76, 0x0c, 0x00, 0x00, //0x00003b4f je           LBB0_146
	0x43, 0x0f, 0xbe, 0x14, 0x31, //0x00003b55 movsbl       (%r9,%r14), %edx
	0x48, 0xc7, 0xc0, 0xfe, 0xff, 0xff, 0xff, //0x00003b5a movq         $-2, %rax
	0x83, 0xc2, 0xde, //0x00003b61 addl         $-34, %edx
	0x83, 0xfa, 0x53, //0x00003b64 cmpl         $83, %edx
	0x0f, 0x87, 0x0d, 0x0f, 0x00, 0x00, //0x00003b67 ja           LBB0_835
	0x48, 0x8d, 0x1d, 0xe4, 0x1c, 0x00, 0x00, //0x00003b6d leaq         $7396(%rip), %rbx  /* LJTI0_10+0(%rip) */
	0x48, 0x63, 0x14, 0x93, //0x00003b74 movslq       (%rbx,%rdx,4), %rdx
	0x48, 0x01, 0xda, //0x00003b78 addq         %rbx, %rdx
	0x48, 0x8b, 0x5d, 0xc0, //0x00003b7b movq         $-64(%rbp), %rbx
	0xff, 0xe2, //0x00003b7f jmpq         *%rdx
	//0x00003b81 LBB0_685
	0x48, 0x83, 0xc3, 0x02, //0x00003b81 addq         $2, %rbx
	0x49, 0x89, 0xde, //0x00003b85 movq         %rbx, %r14
	//0x00003b88 LBB0_686
	0x4d, 0x85, 0xf6, //0x00003b88 testq        %r14, %r14
	0x0f, 0x88, 0x29, 0x0c, 0x00, 0x00, //0x00003b8b js           LBB0_145
	//0x00003b91 LBB0_687
	0x48, 0x8b, 0x55, 0xa0, //0x00003b91 movq         $-96(%rbp), %rdx
	0x48, 0x8d, 0x42, 0xff, //0x00003b95 leaq         $-1(%rdx), %rax
	0x48, 0x21, 0xc2, //0x00003b99 andq         %rax, %rdx
	0x4c, 0x8b, 0x6d, 0xb0, //0x00003b9c movq         $-80(%rbp), %r13
	0x48, 0x8b, 0x5d, 0x98, //0x00003ba0 movq         $-104(%rbp), %rbx
	0x0f, 0x84, 0x32, 0xf0, 0xff, 0xff, //0x00003ba4 je           LBB0_506
	0xe9, 0x68, 0xff, 0xff, 0xff, //0x00003baa jmp          LBB0_680
	//0x00003baf LBB0_689
	0x4c, 0x89, 0x36, //0x00003baf movq         %r14, (%rsi)
	//0x00003bb2 LBB0_690
	0x48, 0xc7, 0xc0, 0xff, 0xff, 0xff, 0xff, //0x00003bb2 movq         $-1, %rax
	0xe9, 0x34, 0x0c, 0x00, 0x00, //0x00003bb9 jmp          LBB0_787
	//0x00003bbe LBB0_691
	0x4c, 0x01, 0xc9, //0x00003bbe addq         %r9, %rcx
	0x49, 0x89, 0xc8, //0x00003bc1 movq         %rcx, %r8
	//0x00003bc4 LBB0_692
	0x4d, 0x29, 0xc8, //0x00003bc4 subq         %r9, %r8
	0x4c, 0x89, 0xc1, //0x00003bc7 movq         %r8, %rcx
	//0x00003bca LBB0_693
	0x48, 0xc7, 0xc0, 0xff, 0xff, 0xff, 0xff, //0x00003bca movq         $-1, %rax
	0x49, 0x89, 0xcc, //0x00003bd1 movq         %rcx, %r12
	0x48, 0x39, 0xd9, //0x00003bd4 cmpq         %rbx, %rcx
	0x0f, 0x83, 0x15, 0x0c, 0x00, 0x00, //0x00003bd7 jae          LBB0_787
	//0x00003bdd LBB0_694
	0x4d, 0x8d, 0x54, 0x24, 0x01, //0x00003bdd leaq         $1(%r12), %r10
	0x4c, 0x89, 0x16, //0x00003be2 movq         %r10, (%rsi)
	0x43, 0x0f, 0xbe, 0x0c, 0x21, //0x00003be5 movsbl       (%r9,%r12), %ecx
	0x83, 0xf9, 0x7b, //0x00003bea cmpl         $123, %ecx
	0x0f, 0x87, 0xb0, 0x02, 0x00, 0x00, //0x00003bed ja           LBB0_728
	0x48, 0xc7, 0xc0, 0xff, 0xff, 0xff, 0xff, //0x00003bf3 movq         $-1, %rax
	0x48, 0x8d, 0x15, 0x2f, 0x0f, 0x00, 0x00, //0x00003bfa leaq         $3887(%rip), %rdx  /* LJTI0_0+0(%rip) */
	0x48, 0x63, 0x0c, 0x8a, //0x00003c01 movslq       (%rdx,%rcx,4), %rcx
	0x48, 0x01, 0xd1, //0x00003c05 addq         %rdx, %rcx
	0xff, 0xe1, //0x00003c08 jmpq         *%rcx
	//0x00003c0a LBB0_696
	0x48, 0x8b, 0x47, 0x08, //0x00003c0a movq         $8(%rdi), %rax
	0x4c, 0x29, 0xd0, //0x00003c0e subq         %r10, %rax
	0x48, 0x83, 0xf8, 0x10, //0x00003c11 cmpq         $16, %rax
	0x0f, 0x82, 0x2e, 0x0e, 0x00, 0x00, //0x00003c15 jb           LBB0_820
	0x31, 0xdb, //0x00003c1b xorl         %ebx, %ebx
	0xf3, 0x0f, 0x6f, 0x05, 0xdb, 0xc3, 0xff, 0xff, //0x00003c1d movdqu       $-15397(%rip), %xmm0  /* LCPI0_0+0(%rip) */
	0xf3, 0x0f, 0x6f, 0x0d, 0xe3, 0xc3, 0xff, 0xff, //0x00003c25 movdqu       $-15389(%rip), %xmm1  /* LCPI0_1+0(%rip) */
	0xf3, 0x0f, 0x6f, 0x15, 0xeb, 0xc3, 0xff, 0xff, //0x00003c2d movdqu       $-15381(%rip), %xmm2  /* LCPI0_2+0(%rip) */
	0x4c, 0x89, 0xca, //0x00003c35 movq         %r9, %rdx
	0x90, 0x90, 0x90, 0x90, 0x90, 0x90, 0x90, 0x90, //0x00003c38 .p2align 4, 0x90
	//0x00003c40 LBB0_698
	0xf3, 0x42, 0x0f, 0x6f, 0x5c, 0x22, 0x01, //0x00003c40 movdqu       $1(%rdx,%r12), %xmm3
	0x66, 0x0f, 0x6f, 0xe3, //0x00003c47 movdqa       %xmm3, %xmm4
	0x66, 0x0f, 0x74, 0xe0, //0x00003c4b pcmpeqb      %xmm0, %xmm4
	0x66, 0x0f, 0xdb, 0xd9, //0x00003c4f pand         %xmm1, %xmm3
	0x66, 0x0f, 0x74, 0xda, //0x00003c53 pcmpeqb      %xmm2, %xmm3
	0x66, 0x0f, 0xeb, 0xdc, //0x00003c57 por          %xmm4, %xmm3
	0x66, 0x0f, 0xd7, 0xcb, //0x00003c5b pmovmskb     %xmm3, %ecx
	0x85, 0xc9, //0x00003c5f testl        %ecx, %ecx
	0x0f, 0x85, 0x85, 0x00, 0x00, 0x00, //0x00003c61 jne          LBB0_709
	0x48, 0x83, 0xc2, 0x10, //0x00003c67 addq         $16, %rdx
	0x48, 0x8d, 0x0c, 0x18, //0x00003c6b leaq         (%rax,%rbx), %rcx
	0x48, 0x83, 0xc1, 0xf0, //0x00003c6f addq         $-16, %rcx
	0x48, 0x83, 0xc3, 0xf0, //0x00003c73 addq         $-16, %rbx
	0x48, 0x83, 0xf9, 0x0f, //0x00003c77 cmpq         $15, %rcx
	0x0f, 0x87, 0xbf, 0xff, 0xff, 0xff, //0x00003c7b ja           LBB0_698
	0x4e, 0x8d, 0x14, 0x22, //0x00003c81 leaq         (%rdx,%r12), %r10
	0x49, 0x83, 0xc2, 0x01, //0x00003c85 addq         $1, %r10
	0x48, 0x01, 0xd8, //0x00003c89 addq         %rbx, %rax
	0x48, 0x85, 0xc0, //0x00003c8c testq        %rax, %rax
	0x0f, 0x84, 0x49, 0x00, 0x00, 0x00, //0x00003c8f je           LBB0_708
	//0x00003c95 LBB0_701
	0x49, 0x8d, 0x14, 0x02, //0x00003c95 leaq         (%r10,%rax), %rdx
	0x48, 0xbb, 0x00, 0x26, 0x00, 0x00, 0x01, 0x10, 0x00, 0x00, //0x00003c99 movabsq      $17596481021440, %rbx
	//0x00003ca3 LBB0_702
	0x41, 0x0f, 0xb6, 0x0a, //0x00003ca3 movzbl       (%r10), %ecx
	0x48, 0x83, 0xf9, 0x2c, //0x00003ca7 cmpq         $44, %rcx
	0x0f, 0x87, 0x0a, 0x00, 0x00, 0x00, //0x00003cab ja           LBB0_704
	0x48, 0x0f, 0xa3, 0xcb, //0x00003cb1 btq          %rcx, %rbx
	0x0f, 0x82, 0x23, 0x00, 0x00, 0x00, //0x00003cb5 jb           LBB0_708
	//0x00003cbb LBB0_704
	0x80, 0xf9, 0x5d, //0x00003cbb cmpb         $93, %cl
	0x0f, 0x84, 0x1a, 0x00, 0x00, 0x00, //0x00003cbe je           LBB0_708
	0x80, 0xf9, 0x7d, //0x00003cc4 cmpb         $125, %cl
	0x0f, 0x84, 0x11, 0x00, 0x00, 0x00, //0x00003cc7 je           LBB0_708
	0x49, 0x83, 0xc2, 0x01, //0x00003ccd addq         $1, %r10
	0x48, 0x83, 0xc0, 0xff, //0x00003cd1 addq         $-1, %rax
	0x0f, 0x85, 0xc8, 0xff, 0xff, 0xff, //0x00003cd5 jne          LBB0_702
	0x49, 0x89, 0xd2, //0x00003cdb movq         %rdx, %r10
	//0x00003cde LBB0_708
	0x4d, 0x29, 0xca, //0x00003cde subq         %r9, %r10
	0x4c, 0x89, 0x16, //0x00003ce1 movq         %r10, (%rsi)
	0x4c, 0x89, 0xe0, //0x00003ce4 movq         %r12, %rax
	0xe9, 0x06, 0x0b, 0x00, 0x00, //0x00003ce7 jmp          LBB0_787
	//0x00003cec LBB0_709
	0x66, 0x0f, 0xbc, 0xc1, //0x00003cec bsfw         %cx, %ax
	0x0f, 0xb7, 0xc8, //0x00003cf0 movzwl       %ax, %ecx
	0x4c, 0x01, 0xe1, //0x00003cf3 addq         %r12, %rcx
	0x48, 0x89, 0xc8, //0x00003cf6 movq         %rcx, %rax
	0x48, 0x29, 0xd8, //0x00003cf9 subq         %rbx, %rax
	0x48, 0x8d, 0x78, 0x01, //0x00003cfc leaq         $1(%rax), %rdi
	0x48, 0x89, 0x3e, //0x00003d00 movq         %rdi, (%rsi)
	0x48, 0x85, 0xff, //0x00003d03 testq        %rdi, %rdi
	0x0f, 0x8e, 0x44, 0x00, 0x00, 0x00, //0x00003d06 jle          LBB0_714
	0x48, 0x8d, 0x58, 0x02, //0x00003d0c leaq         $2(%rax), %rbx
	0x48, 0x01, 0xca, //0x00003d10 addq         %rcx, %rdx
	0x48, 0xbf, 0x00, 0x26, 0x00, 0x00, 0x01, 0x00, 0x00, 0x00, //0x00003d13 movabsq      $4294977024, %rdi
	0x90, 0x90, 0x90, //0x00003d1d .p2align 4, 0x90
	//0x00003d20 LBB0_711
	0x0f, 0xb6, 0x0a, //0x00003d20 movzbl       (%rdx), %ecx
	0x48, 0x83, 0xf9, 0x20, //0x00003d23 cmpq         $32, %rcx
	0x0f, 0x87, 0x23, 0x00, 0x00, 0x00, //0x00003d27 ja           LBB0_714
	0x48, 0x0f, 0xa3, 0xcf, //0x00003d2d btq          %rcx, %rdi
	0x0f, 0x83, 0x19, 0x00, 0x00, 0x00, //0x00003d31 jae          LBB0_714
	0x48, 0x89, 0x06, //0x00003d37 movq         %rax, (%rsi)
	0x48, 0x83, 0xc3, 0xff, //0x00003d3a addq         $-1, %rbx
	0x48, 0x83, 0xc0, 0xff, //0x00003d3e addq         $-1, %rax
	0x48, 0x83, 0xc2, 0xff, //0x00003d42 addq         $-1, %rdx
	0x48, 0x83, 0xfb, 0x01, //0x00003d46 cmpq         $1, %rbx
	0x0f, 0x8f, 0xd0, 0xff, 0xff, 0xff, //0x00003d4a jg           LBB0_711
	//0x00003d50 LBB0_714
	0x4c, 0x89, 0xe0, //0x00003d50 movq         %r12, %rax
	0xe9, 0x9a, 0x0a, 0x00, 0x00, //0x00003d53 jmp          LBB0_787
	//0x00003d58 LBB0_715
	0x49, 0x8d, 0x4c, 0x24, 0x04, //0x00003d58 leaq         $4(%r12), %rcx
	0xe9, 0x4e, 0x01, 0x00, 0x00, //0x00003d5d jmp          LBB0_730
	//0x00003d62 LBB0_797
	0x48, 0xc7, 0xc0, 0xf9, 0xff, 0xff, 0xff, //0x00003d62 movq         $-7, %rax
	0xe9, 0x84, 0x0a, 0x00, 0x00, //0x00003d69 jmp          LBB0_787
	//0x00003d6e LBB0_716
	0x48, 0x8b, 0x55, 0xa8, //0x00003d6e movq         $-88(%rbp), %rdx
	0x4c, 0x89, 0xf0, //0x00003d72 movq         %r14, %rax
	0x49, 0x83, 0xfe, 0xff, //0x00003d75 cmpq         $-1, %r14
	0x0f, 0x85, 0x94, 0x0c, 0x00, 0x00, //0x00003d79 jne          LBB0_816
	//0x00003d7f LBB0_717
	0x48, 0xc7, 0xc0, 0xff, 0xff, 0xff, 0xff, //0x00003d7f movq         $-1, %rax
	0x48, 0x8b, 0x55, 0xc0, //0x00003d86 movq         $-64(%rbp), %rdx
	0xe9, 0x84, 0x0c, 0x00, 0x00, //0x00003d8a jmp          LBB0_816
	//0x00003d8f LBB0_718
	0x4c, 0x8b, 0x47, 0x08, //0x00003d8f movq         $8(%rdi), %r8
	0x4d, 0x89, 0xc6, //0x00003d93 movq         %r8, %r14
	0x4d, 0x29, 0xd6, //0x00003d96 subq         %r10, %r14
	0x49, 0x83, 0xfe, 0x20, //0x00003d99 cmpq         $32, %r14
	0x0f, 0x8c, 0xe0, 0x0c, 0x00, 0x00, //0x00003d9d jl           LBB0_824
	0x4f, 0x8d, 0x14, 0x21, //0x00003da3 leaq         (%r9,%r12), %r10
	0x4d, 0x29, 0xe0, //0x00003da7 subq         %r12, %r8
	0x41, 0xbf, 0x1f, 0x00, 0x00, 0x00, //0x00003daa movl         $31, %r15d
	0x45, 0x31, 0xf6, //0x00003db0 xorl         %r14d, %r14d
	0xf3, 0x0f, 0x6f, 0x05, 0x75, 0xc2, 0xff, 0xff, //0x00003db3 movdqu       $-15755(%rip), %xmm0  /* LCPI0_3+0(%rip) */
	0xf3, 0x0f, 0x6f, 0x0d, 0x7d, 0xc2, 0xff, 0xff, //0x00003dbb movdqu       $-15747(%rip), %xmm1  /* LCPI0_4+0(%rip) */
	0x45, 0x31, 0xdb, //0x00003dc3 xorl         %r11d, %r11d
	0x90, 0x90, 0x90, 0x90, 0x90, 0x90, 0x90, 0x90, 0x90, 0x90, //0x00003dc6 .p2align 4, 0x90
	//0x00003dd0 LBB0_720
	0xf3, 0x43, 0x0f, 0x6f, 0x54, 0x32, 0x01, //0x00003dd0 movdqu       $1(%r10,%r14), %xmm2
	0xf3, 0x43, 0x0f, 0x6f, 0x5c, 0x32, 0x11, //0x00003dd7 movdqu       $17(%r10,%r14), %xmm3
	0x66, 0x0f, 0x6f, 0xe2, //0x00003dde movdqa       %xmm2, %xmm4
	0x66, 0x0f, 0x74, 0xe0, //0x00003de2 pcmpeqb      %xmm0, %xmm4
	0x66, 0x0f, 0xd7, 0xcc, //0x00003de6 pmovmskb     %xmm4, %ecx
	0x66, 0x0f, 0x6f, 0xe3, //0x00003dea movdqa       %xmm3, %xmm4
	0x66, 0x0f, 0x74, 0xe0, //0x00003dee pcmpeqb      %xmm0, %xmm4
	0x66, 0x0f, 0xd7, 0xfc, //0x00003df2 pmovmskb     %xmm4, %edi
	0x48, 0xc1, 0xe7, 0x10, //0x00003df6 shlq         $16, %rdi
	0x48, 0x09, 0xcf, //0x00003dfa orq          %rcx, %rdi
	0x66, 0x0f, 0x74, 0xd1, //0x00003dfd pcmpeqb      %xmm1, %xmm2
	0x66, 0x0f, 0xd7, 0xd2, //0x00003e01 pmovmskb     %xmm2, %edx
	0x66, 0x0f, 0x74, 0xd9, //0x00003e05 pcmpeqb      %xmm1, %xmm3
	0x66, 0x0f, 0xd7, 0xcb, //0x00003e09 pmovmskb     %xmm3, %ecx
	0x48, 0xc1, 0xe1, 0x10, //0x00003e0d shlq         $16, %rcx
	0x48, 0x09, 0xd1, //0x00003e11 orq          %rdx, %rcx
	0x48, 0x89, 0xca, //0x00003e14 movq         %rcx, %rdx
	0x4c, 0x09, 0xda, //0x00003e17 orq          %r11, %rdx
	0x0f, 0x84, 0x35, 0x00, 0x00, 0x00, //0x00003e1a je           LBB0_722
	0x44, 0x89, 0xda, //0x00003e20 movl         %r11d, %edx
	0xf7, 0xd2, //0x00003e23 notl         %edx
	0x21, 0xca, //0x00003e25 andl         %ecx, %edx
	0x8d, 0x1c, 0x12, //0x00003e27 leal         (%rdx,%rdx), %ebx
	0x44, 0x09, 0xdb, //0x00003e2a orl          %r11d, %ebx
	0x89, 0xde, //0x00003e2d movl         %ebx, %esi
	0xf7, 0xd6, //0x00003e2f notl         %esi
	0x21, 0xce, //0x00003e31 andl         %ecx, %esi
	0x81, 0xe6, 0xaa, 0xaa, 0xaa, 0xaa, //0x00003e33 andl         $-1431655766, %esi
	0x45, 0x31, 0xdb, //0x00003e39 xorl         %r11d, %r11d
	0x01, 0xd6, //0x00003e3c addl         %edx, %esi
	0x41, 0x0f, 0x92, 0xc3, //0x00003e3e setb         %r11b
	0x01, 0xf6, //0x00003e42 addl         %esi, %esi
	0x81, 0xf6, 0x55, 0x55, 0x55, 0x55, //0x00003e44 xorl         $1431655765, %esi
	0x21, 0xde, //0x00003e4a andl         %ebx, %esi
	0xf7, 0xd6, //0x00003e4c notl         %esi
	0x21, 0xf7, //0x00003e4e andl         %esi, %edi
	0xe9, 0x03, 0x00, 0x00, 0x00, //0x00003e50 jmp          LBB0_723
	//0x00003e55 LBB0_722
	0x45, 0x31, 0xdb, //0x00003e55 xorl         %r11d, %r11d
	//0x00003e58 LBB0_723
	0x48, 0x85, 0xff, //0x00003e58 testq        %rdi, %rdi
	0x0f, 0x85, 0x31, 0x09, 0x00, 0x00, //0x00003e5b jne          LBB0_783
	0x49, 0x83, 0xc6, 0x20, //0x00003e61 addq         $32, %r14
	0x4b, 0x8d, 0x0c, 0x38, //0x00003e65 leaq         (%r8,%r15), %rcx
	0x48, 0x83, 0xc1, 0xe0, //0x00003e69 addq         $-32, %rcx
	0x49, 0x83, 0xc7, 0xe0, //0x00003e6d addq         $-32, %r15
	0x48, 0x83, 0xf9, 0x3f, //0x00003e71 cmpq         $63, %rcx
	0x0f, 0x8f, 0x55, 0xff, 0xff, 0xff, //0x00003e75 jg           LBB0_720
	0x4d, 0x85, 0xdb, //0x00003e7b testq        %r11, %r11
	0x0f, 0x85, 0x63, 0x0c, 0x00, 0x00, //0x00003e7e jne          LBB0_830
	0x4d, 0x01, 0xf2, //0x00003e84 addq         %r14, %r10
	0x49, 0x83, 0xc2, 0x01, //0x00003e87 addq         $1, %r10
	0x49, 0xf7, 0xd6, //0x00003e8b notq         %r14
	0x4d, 0x01, 0xc6, //0x00003e8e addq         %r8, %r14
	//0x00003e91 LBB0_727
	0x4d, 0x85, 0xf6, //0x00003e91 testq        %r14, %r14
	0x48, 0x8b, 0x55, 0xb8, //0x00003e94 movq         $-72(%rbp), %rdx
	0x0f, 0x8f, 0x85, 0x09, 0x00, 0x00, //0x00003e98 jg           LBB0_790
	0xe9, 0x4f, 0x09, 0x00, 0x00, //0x00003e9e jmp          LBB0_787
	//0x00003ea3 LBB0_728
	0x4c, 0x89, 0x26, //0x00003ea3 movq         %r12, (%rsi)
	0xe9, 0x40, 0x09, 0x00, 0x00, //0x00003ea6 jmp          LBB0_786
	//0x00003eab LBB0_729
	0x49, 0x8d, 0x4c, 0x24, 0x05, //0x00003eab leaq         $5(%r12), %rcx
	//0x00003eb0 LBB0_730
	0x48, 0x3b, 0x4f, 0x08, //0x00003eb0 cmpq         $8(%rdi), %rcx
	0x0f, 0x87, 0x38, 0x09, 0x00, 0x00, //0x00003eb4 ja           LBB0_787
	0x48, 0x89, 0x0e, //0x00003eba movq         %rcx, (%rsi)
	0x4c, 0x89, 0xe0, //0x00003ebd movq         %r12, %rax
	0xe9, 0x2d, 0x09, 0x00, 0x00, //0x00003ec0 jmp          LBB0_787
	//0x00003ec5 LBB0_732
	0x49, 0xbf, 0x55, 0x55, 0x55, 0x55, 0x55, 0x55, 0x55, 0x55, //0x00003ec5 movabsq      $6148914691236517205, %r15
	0x48, 0x89, 0x7d, 0xc8, //0x00003ecf movq         %rdi, $-56(%rbp)
	0x48, 0x8b, 0x4f, 0x08, //0x00003ed3 movq         $8(%rdi), %rcx
	0x4c, 0x29, 0xd1, //0x00003ed7 subq         %r10, %rcx
	0x4d, 0x01, 0xd1, //0x00003eda addq         %r10, %r9
	0x31, 0xd2, //0x00003edd xorl         %edx, %edx
	0x48, 0x89, 0x55, 0xb0, //0x00003edf movq         %rdx, $-80(%rbp)
	0xf3, 0x44, 0x0f, 0x6f, 0x15, 0x54, 0xc1, 0xff, 0xff, //0x00003ee3 movdqu       $-16044(%rip), %xmm10  /* LCPI0_4+0(%rip) */
	0xf3, 0x0f, 0x6f, 0x0d, 0x3c, 0xc1, 0xff, 0xff, //0x00003eec movdqu       $-16068(%rip), %xmm1  /* LCPI0_3+0(%rip) */
	0x66, 0x45, 0x0f, 0x76, 0xc9, //0x00003ef4 pcmpeqd      %xmm9, %xmm9
	0xf3, 0x0f, 0x6f, 0x1d, 0x4f, 0xc1, 0xff, 0xff, //0x00003ef9 movdqu       $-16049(%rip), %xmm3  /* LCPI0_5+0(%rip) */
	0xf3, 0x0f, 0x6f, 0x25, 0x57, 0xc1, 0xff, 0xff, //0x00003f01 movdqu       $-16041(%rip), %xmm4  /* LCPI0_6+0(%rip) */
	0x49, 0xbd, 0x33, 0x33, 0x33, 0x33, 0x33, 0x33, 0x33, 0x33, //0x00003f09 movabsq      $3689348814741910323, %r13
	0x66, 0x45, 0x0f, 0xef, 0xc0, //0x00003f13 pxor         %xmm8, %xmm8
	0x31, 0xdb, //0x00003f18 xorl         %ebx, %ebx
	0x45, 0x31, 0xf6, //0x00003f1a xorl         %r14d, %r14d
	0x45, 0x31, 0xd2, //0x00003f1d xorl         %r10d, %r10d
	0xe9, 0x59, 0x00, 0x00, 0x00, //0x00003f20 jmp          LBB0_734
	//0x00003f25 LBB0_733
	0x49, 0xc1, 0xfb, 0x3f, //0x00003f25 sarq         $63, %r11
	0x48, 0x89, 0xf1, //0x00003f29 movq         %rsi, %rcx
	0x48, 0xd1, 0xe9, //0x00003f2c shrq         %rcx
	0x4c, 0x21, 0xf9, //0x00003f2f andq         %r15, %rcx
	0x48, 0x29, 0xce, //0x00003f32 subq         %rcx, %rsi
	0x48, 0x89, 0xf1, //0x00003f35 movq         %rsi, %rcx
	0x4c, 0x21, 0xe9, //0x00003f38 andq         %r13, %rcx
	0x48, 0xc1, 0xee, 0x02, //0x00003f3b shrq         $2, %rsi
	0x4c, 0x21, 0xee, //0x00003f3f andq         %r13, %rsi
	0x48, 0x01, 0xce, //0x00003f42 addq         %rcx, %rsi
	0x48, 0x89, 0xf1, //0x00003f45 movq         %rsi, %rcx
	0x48, 0xc1, 0xe9, 0x04, //0x00003f48 shrq         $4, %rcx
	0x48, 0x01, 0xf1, //0x00003f4c addq         %rsi, %rcx
	0x48, 0x21, 0xf9, //0x00003f4f andq         %rdi, %rcx
	0x48, 0xba, 0x01, 0x01, 0x01, 0x01, 0x01, 0x01, 0x01, 0x01, //0x00003f52 movabsq      $72340172838076673, %rdx
	0x48, 0x0f, 0xaf, 0xca, //0x00003f5c imulq        %rdx, %rcx
	0x48, 0xc1, 0xe9, 0x38, //0x00003f60 shrq         $56, %rcx
	0x49, 0x01, 0xce, //0x00003f64 addq         %rcx, %r14
	0x49, 0x83, 0xc1, 0x40, //0x00003f67 addq         $64, %r9
	0x48, 0x8b, 0x4d, 0xd0, //0x00003f6b movq         $-48(%rbp), %rcx
	0x48, 0x83, 0xc1, 0xc0, //0x00003f6f addq         $-64, %rcx
	0x4c, 0x89, 0x5d, 0xb0, //0x00003f73 movq         %r11, $-80(%rbp)
	0x48, 0x8b, 0x9d, 0x60, 0xff, 0xff, 0xff, //0x00003f77 movq         $-160(%rbp), %rbx
	//0x00003f7e LBB0_734
	0x48, 0x83, 0xf9, 0x40, //0x00003f7e cmpq         $64, %rcx
	0x48, 0x89, 0x4d, 0xd0, //0x00003f82 movq         %rcx, $-48(%rbp)
	0x0f, 0x8c, 0x27, 0x02, 0x00, 0x00, //0x00003f86 jl           LBB0_741
	//0x00003f8c LBB0_735
	0xf3, 0x41, 0x0f, 0x6f, 0x01, //0x00003f8c movdqu       (%r9), %xmm0
	0xf3, 0x41, 0x0f, 0x6f, 0x69, 0x10, //0x00003f91 movdqu       $16(%r9), %xmm5
	0xf3, 0x41, 0x0f, 0x6f, 0x79, 0x20, //0x00003f97 movdqu       $32(%r9), %xmm7
	0xf3, 0x41, 0x0f, 0x6f, 0x71, 0x30, //0x00003f9d movdqu       $48(%r9), %xmm6
	0x66, 0x0f, 0x6f, 0xd0, //0x00003fa3 movdqa       %xmm0, %xmm2
	0x66, 0x41, 0x0f, 0x74, 0xd2, //0x00003fa7 pcmpeqb      %xmm10, %xmm2
	0x66, 0x0f, 0xd7, 0xfa, //0x00003fac pmovmskb     %xmm2, %edi
	0x66, 0x0f, 0x6f, 0xd5, //0x00003fb0 movdqa       %xmm5, %xmm2
	0x66, 0x41, 0x0f, 0x74, 0xd2, //0x00003fb4 pcmpeqb      %xmm10, %xmm2
	0x66, 0x0f, 0xd7, 0xd2, //0x00003fb9 pmovmskb     %xmm2, %edx
	0x66, 0x0f, 0x6f, 0xd7, //0x00003fbd movdqa       %xmm7, %xmm2
	0x66, 0x41, 0x0f, 0x74, 0xd2, //0x00003fc1 pcmpeqb      %xmm10, %xmm2
	0x66, 0x0f, 0xd7, 0xf2, //0x00003fc6 pmovmskb     %xmm2, %esi
	0x66, 0x0f, 0x6f, 0xd6, //0x00003fca movdqa       %xmm6, %xmm2
	0x66, 0x41, 0x0f, 0x74, 0xd2, //0x00003fce pcmpeqb      %xmm10, %xmm2
	0x66, 0x44, 0x0f, 0xd7, 0xc2, //0x00003fd3 pmovmskb     %xmm2, %r8d
	0x49, 0xc1, 0xe0, 0x30, //0x00003fd8 shlq         $48, %r8
	0x48, 0xc1, 0xe6, 0x20, //0x00003fdc shlq         $32, %rsi
	0x4c, 0x09, 0xc6, //0x00003fe0 orq          %r8, %rsi
	0x48, 0xc1, 0xe2, 0x10, //0x00003fe3 shlq         $16, %rdx
	0x48, 0x09, 0xf2, //0x00003fe7 orq          %rsi, %rdx
	0x48, 0x09, 0xd7, //0x00003fea orq          %rdx, %rdi
	0x48, 0x89, 0xfa, //0x00003fed movq         %rdi, %rdx
	0x48, 0x09, 0xda, //0x00003ff0 orq          %rbx, %rdx
	0x0f, 0x85, 0x15, 0x00, 0x00, 0x00, //0x00003ff3 jne          LBB0_737
	0x48, 0xc7, 0xc7, 0xff, 0xff, 0xff, 0xff, //0x00003ff9 movq         $-1, %rdi
	0x31, 0xc9, //0x00004000 xorl         %ecx, %ecx
	0x48, 0x89, 0x8d, 0x60, 0xff, 0xff, 0xff, //0x00004002 movq         %rcx, $-160(%rbp)
	0xe9, 0x41, 0x00, 0x00, 0x00, //0x00004009 jmp          LBB0_738
	//0x0000400e LBB0_737
	0x48, 0x89, 0xda, //0x0000400e movq         %rbx, %rdx
	0x48, 0xf7, 0xd2, //0x00004011 notq         %rdx
	0x48, 0x21, 0xfa, //0x00004014 andq         %rdi, %rdx
	0x48, 0x8d, 0x34, 0x12, //0x00004017 leaq         (%rdx,%rdx), %rsi
	0x48, 0x09, 0xde, //0x0000401b orq          %rbx, %rsi
	0x48, 0x89, 0xf1, //0x0000401e movq         %rsi, %rcx
	0x48, 0xf7, 0xd1, //0x00004021 notq         %rcx
	0x48, 0xbb, 0xaa, 0xaa, 0xaa, 0xaa, 0xaa, 0xaa, 0xaa, 0xaa, //0x00004024 movabsq      $-6148914691236517206, %rbx
	0x48, 0x21, 0xdf, //0x0000402e andq         %rbx, %rdi
	0x48, 0x21, 0xcf, //0x00004031 andq         %rcx, %rdi
	0x31, 0xc9, //0x00004034 xorl         %ecx, %ecx
	0x48, 0x01, 0xd7, //0x00004036 addq         %rdx, %rdi
	0x0f, 0x92, 0xc1, //0x00004039 setb         %cl
	0x48, 0x89, 0x8d, 0x60, 0xff, 0xff, 0xff, //0x0000403c movq         %rcx, $-160(%rbp)
	0x48, 0x01, 0xff, //0x00004043 addq         %rdi, %rdi
	0x4c, 0x31, 0xff, //0x00004046 xorq         %r15, %rdi
	0x48, 0x21, 0xf7, //0x00004049 andq         %rsi, %rdi
	0x48, 0xf7, 0xd7, //0x0000404c notq         %rdi
	//0x0000404f LBB0_738
	0x66, 0x0f, 0x6f, 0xd6, //0x0000404f movdqa       %xmm6, %xmm2
	0x66, 0x0f, 0x74, 0xd1, //0x00004053 pcmpeqb      %xmm1, %xmm2
	0x66, 0x0f, 0xd7, 0xd2, //0x00004057 pmovmskb     %xmm2, %edx
	0x48, 0xc1, 0xe2, 0x30, //0x0000405b shlq         $48, %rdx
	0x66, 0x0f, 0x6f, 0xd7, //0x0000405f movdqa       %xmm7, %xmm2
	0x66, 0x0f, 0x74, 0xd1, //0x00004063 pcmpeqb      %xmm1, %xmm2
	0x66, 0x0f, 0xd7, 0xf2, //0x00004067 pmovmskb     %xmm2, %esi
	0x48, 0xc1, 0xe6, 0x20, //0x0000406b shlq         $32, %rsi
	0x48, 0x09, 0xd6, //0x0000406f orq          %rdx, %rsi
	0x66, 0x0f, 0x6f, 0xd5, //0x00004072 movdqa       %xmm5, %xmm2
	0x66, 0x0f, 0x74, 0xd1, //0x00004076 pcmpeqb      %xmm1, %xmm2
	0x66, 0x0f, 0xd7, 0xd2, //0x0000407a pmovmskb     %xmm2, %edx
	0x48, 0xc1, 0xe2, 0x10, //0x0000407e shlq         $16, %rdx
	0x48, 0x09, 0xf2, //0x00004082 orq          %rsi, %rdx
	0x66, 0x0f, 0x6f, 0xd0, //0x00004085 movdqa       %xmm0, %xmm2
	0x66, 0x0f, 0x74, 0xd1, //0x00004089 pcmpeqb      %xmm1, %xmm2
	0x66, 0x0f, 0xd7, 0xf2, //0x0000408d pmovmskb     %xmm2, %esi
	0x48, 0x09, 0xd6, //0x00004091 orq          %rdx, %rsi
	0x48, 0x21, 0xfe, //0x00004094 andq         %rdi, %rsi
	0x66, 0x48, 0x0f, 0x6e, 0xd6, //0x00004097 movq         %rsi, %xmm2
	0x66, 0x41, 0x0f, 0x3a, 0x44, 0xd1, 0x00, //0x0000409c pclmulqdq    $0, %xmm9, %xmm2
	0x66, 0x49, 0x0f, 0x7e, 0xd3, //0x000040a3 movq         %xmm2, %r11
	0x4c, 0x33, 0x5d, 0xb0, //0x000040a8 xorq         $-80(%rbp), %r11
	0x66, 0x0f, 0x6f, 0xd0, //0x000040ac movdqa       %xmm0, %xmm2
	0x66, 0x0f, 0x74, 0xd3, //0x000040b0 pcmpeqb      %xmm3, %xmm2
	0x66, 0x0f, 0xd7, 0xf2, //0x000040b4 pmovmskb     %xmm2, %esi
	0x66, 0x0f, 0x6f, 0xd5, //0x000040b8 movdqa       %xmm5, %xmm2
	0x66, 0x0f, 0x74, 0xd3, //0x000040bc pcmpeqb      %xmm3, %xmm2
	0x66, 0x0f, 0xd7, 0xd2, //0x000040c0 pmovmskb     %xmm2, %edx
	0x66, 0x0f, 0x6f, 0xd7, //0x000040c4 movdqa       %xmm7, %xmm2
	0x66, 0x0f, 0x74, 0xd3, //0x000040c8 pcmpeqb      %xmm3, %xmm2
	0x66, 0x0f, 0xd7, 0xca, //0x000040cc pmovmskb     %xmm2, %ecx
	0x66, 0x0f, 0x6f, 0xd6, //0x000040d0 movdqa       %xmm6, %xmm2
	0x66, 0x0f, 0x74, 0xd3, //0x000040d4 pcmpeqb      %xmm3, %xmm2
	0x66, 0x0f, 0xd7, 0xda, //0x000040d8 pmovmskb     %xmm2, %ebx
	0x48, 0xc1, 0xe3, 0x30, //0x000040dc shlq         $48, %rbx
	0x48, 0xc1, 0xe1, 0x20, //0x000040e0 shlq         $32, %rcx
	0x48, 0x09, 0xd9, //0x000040e4 orq          %rbx, %rcx
	0x48, 0xc1, 0xe2, 0x10, //0x000040e7 shlq         $16, %rdx
	0x48, 0x09, 0xca, //0x000040eb orq          %rcx, %rdx
	0x48, 0x09, 0xd6, //0x000040ee orq          %rdx, %rsi
	0x4c, 0x89, 0xd9, //0x000040f1 movq         %r11, %rcx
	0x48, 0xf7, 0xd1, //0x000040f4 notq         %rcx
	0x48, 0x21, 0xce, //0x000040f7 andq         %rcx, %rsi
	0x66, 0x0f, 0x74, 0xc4, //0x000040fa pcmpeqb      %xmm4, %xmm0
	0x66, 0x44, 0x0f, 0xd7, 0xc0, //0x000040fe pmovmskb     %xmm0, %r8d
	0x66, 0x0f, 0x74, 0xec, //0x00004103 pcmpeqb      %xmm4, %xmm5
	0x66, 0x0f, 0xd7, 0xd5, //0x00004107 pmovmskb     %xmm5, %edx
	0x66, 0x0f, 0x74, 0xfc, //0x0000410b pcmpeqb      %xmm4, %xmm7
	0x66, 0x0f, 0xd7, 0xdf, //0x0000410f pmovmskb     %xmm7, %ebx
	0x66, 0x0f, 0x74, 0xf4, //0x00004113 pcmpeqb      %xmm4, %xmm6
	0x66, 0x44, 0x0f, 0xd7, 0xfe, //0x00004117 pmovmskb     %xmm6, %r15d
	0x49, 0xc1, 0xe7, 0x30, //0x0000411c shlq         $48, %r15
	0x48, 0xc1, 0xe3, 0x20, //0x00004120 shlq         $32, %rbx
	0x4c, 0x09, 0xfb, //0x00004124 orq          %r15, %rbx
	0x48, 0xc1, 0xe2, 0x10, //0x00004127 shlq         $16, %rdx
	0x48, 0x09, 0xda, //0x0000412b orq          %rbx, %rdx
	0x49, 0x09, 0xd0, //0x0000412e orq          %rdx, %r8
	0x48, 0xbf, 0x0f, 0x0f, 0x0f, 0x0f, 0x0f, 0x0f, 0x0f, 0x0f, //0x00004131 movabsq      $1085102592571150095, %rdi
	0x49, 0xbf, 0x55, 0x55, 0x55, 0x55, 0x55, 0x55, 0x55, 0x55, //0x0000413b movabsq      $6148914691236517205, %r15
	0x49, 0x21, 0xc8, //0x00004145 andq         %rcx, %r8
	0x0f, 0x84, 0xd7, 0xfd, 0xff, 0xff, //0x00004148 je           LBB0_733
	0x90, 0x90, //0x0000414e .p2align 4, 0x90
	//0x00004150 LBB0_739
	0x49, 0x8d, 0x50, 0xff, //0x00004150 leaq         $-1(%r8), %rdx
	0x48, 0x89, 0xd1, //0x00004154 movq         %rdx, %rcx
	0x48, 0x21, 0xf1, //0x00004157 andq         %rsi, %rcx
	0x48, 0x89, 0xcb, //0x0000415a movq         %rcx, %rbx
	0x48, 0xd1, 0xeb, //0x0000415d shrq         %rbx
	0x4c, 0x21, 0xfb, //0x00004160 andq         %r15, %rbx
	0x48, 0x29, 0xd9, //0x00004163 subq         %rbx, %rcx
	0x48, 0x89, 0xcb, //0x00004166 movq         %rcx, %rbx
	0x4c, 0x21, 0xeb, //0x00004169 andq         %r13, %rbx
	0x48, 0xc1, 0xe9, 0x02, //0x0000416c shrq         $2, %rcx
	0x4c, 0x21, 0xe9, //0x00004170 andq         %r13, %rcx
	0x48, 0x01, 0xd9, //0x00004173 addq         %rbx, %rcx
	0x48, 0x89, 0xcb, //0x00004176 movq         %rcx, %rbx
	0x48, 0xc1, 0xeb, 0x04, //0x00004179 shrq         $4, %rbx
	0x48, 0x01, 0xcb, //0x0000417d addq         %rcx, %rbx
	0x48, 0x21, 0xfb, //0x00004180 andq         %rdi, %rbx
	0x48, 0xb9, 0x01, 0x01, 0x01, 0x01, 0x01, 0x01, 0x01, 0x01, //0x00004183 movabsq      $72340172838076673, %rcx
	0x48, 0x0f, 0xaf, 0xd9, //0x0000418d imulq        %rcx, %rbx
	0x48, 0xc1, 0xeb, 0x38, //0x00004191 shrq         $56, %rbx
	0x4c, 0x01, 0xf3, //0x00004195 addq         %r14, %rbx
	0x4c, 0x39, 0xd3, //0x00004198 cmpq         %r10, %rbx
	0x0f, 0x86, 0xb2, 0x05, 0x00, 0x00, //0x0000419b jbe          LBB0_782
	0x49, 0x83, 0xc2, 0x01, //0x000041a1 addq         $1, %r10
	0x49, 0x21, 0xd0, //0x000041a5 andq         %rdx, %r8
	0x0f, 0x85, 0xa2, 0xff, 0xff, 0xff, //0x000041a8 jne          LBB0_739
	0xe9, 0x72, 0xfd, 0xff, 0xff, //0x000041ae jmp          LBB0_733
	//0x000041b3 LBB0_741
	0x48, 0x85, 0xc9, //0x000041b3 testq        %rcx, %rcx
	0x0f, 0x8e, 0xe1, 0x08, 0x00, 0x00, //0x000041b6 jle          LBB0_826
	0x48, 0x89, 0xde, //0x000041bc movq         %rbx, %rsi
	0xf3, 0x44, 0x0f, 0x7f, 0x85, 0x30, 0xff, 0xff, 0xff, //0x000041bf movdqu       %xmm8, $-208(%rbp)
	0xf3, 0x44, 0x0f, 0x7f, 0x85, 0x20, 0xff, 0xff, 0xff, //0x000041c8 movdqu       %xmm8, $-224(%rbp)
	0xf3, 0x44, 0x0f, 0x7f, 0x85, 0x10, 0xff, 0xff, 0xff, //0x000041d1 movdqu       %xmm8, $-240(%rbp)
	0xf3, 0x44, 0x0f, 0x7f, 0x85, 0x00, 0xff, 0xff, 0xff, //0x000041da movdqu       %xmm8, $-256(%rbp)
	0x44, 0x89, 0xc9, //0x000041e3 movl         %r9d, %ecx
	0x81, 0xe1, 0xff, 0x0f, 0x00, 0x00, //0x000041e6 andl         $4095, %ecx
	0x81, 0xf9, 0xc1, 0x0f, 0x00, 0x00, //0x000041ec cmpl         $4033, %ecx
	0x0f, 0x82, 0x3a, 0x00, 0x00, 0x00, //0x000041f2 jb           LBB0_745
	0x48, 0x83, 0x7d, 0xd0, 0x20, //0x000041f8 cmpq         $32, $-48(%rbp)
	0x0f, 0x82, 0x41, 0x00, 0x00, 0x00, //0x000041fd jb           LBB0_746
	0x41, 0x0f, 0x10, 0x01, //0x00004203 movups       (%r9), %xmm0
	0x0f, 0x11, 0x85, 0x00, 0xff, 0xff, 0xff, //0x00004207 movups       %xmm0, $-256(%rbp)
	0x41, 0x0f, 0x10, 0x41, 0x10, //0x0000420e movups       $16(%r9), %xmm0
	0x0f, 0x11, 0x85, 0x10, 0xff, 0xff, 0xff, //0x00004213 movups       %xmm0, $-240(%rbp)
	0x49, 0x83, 0xc1, 0x20, //0x0000421a addq         $32, %r9
	0x48, 0x8b, 0x4d, 0xd0, //0x0000421e movq         $-48(%rbp), %rcx
	0x48, 0x8d, 0x79, 0xe0, //0x00004222 leaq         $-32(%rcx), %rdi
	0x48, 0x8d, 0x95, 0x20, 0xff, 0xff, 0xff, //0x00004226 leaq         $-224(%rbp), %rdx
	0xe9, 0x1d, 0x00, 0x00, 0x00, //0x0000422d jmp          LBB0_747
	//0x00004232 LBB0_745
	0x49, 0xbf, 0x55, 0x55, 0x55, 0x55, 0x55, 0x55, 0x55, 0x55, //0x00004232 movabsq      $6148914691236517205, %r15
	0x48, 0x89, 0xf3, //0x0000423c movq         %rsi, %rbx
	0xe9, 0x48, 0xfd, 0xff, 0xff, //0x0000423f jmp          LBB0_735
	//0x00004244 LBB0_746
	0x48, 0x8d, 0x95, 0x00, 0xff, 0xff, 0xff, //0x00004244 leaq         $-256(%rbp), %rdx
	0x48, 0x8b, 0x7d, 0xd0, //0x0000424b movq         $-48(%rbp), %rdi
	//0x0000424f LBB0_747
	0x48, 0x83, 0xff, 0x10, //0x0000424f cmpq         $16, %rdi
	0x0f, 0x82, 0x47, 0x00, 0x00, 0x00, //0x00004253 jb           LBB0_748
	0x41, 0x0f, 0x10, 0x01, //0x00004259 movups       (%r9), %xmm0
	0x0f, 0x11, 0x02, //0x0000425d movups       %xmm0, (%rdx)
	0x49, 0x83, 0xc1, 0x10, //0x00004260 addq         $16, %r9
	0x48, 0x83, 0xc2, 0x10, //0x00004264 addq         $16, %rdx
	0x48, 0x83, 0xc7, 0xf0, //0x00004268 addq         $-16, %rdi
	0x48, 0x83, 0xff, 0x08, //0x0000426c cmpq         $8, %rdi
	0x0f, 0x83, 0x34, 0x00, 0x00, 0x00, //0x00004270 jae          LBB0_755
	//0x00004276 LBB0_749
	0x48, 0x83, 0xff, 0x04, //0x00004276 cmpq         $4, %rdi
	0x0f, 0x8c, 0x46, 0x00, 0x00, 0x00, //0x0000427a jl           LBB0_750
	//0x00004280 LBB0_756
	0x41, 0x8b, 0x09, //0x00004280 movl         (%r9), %ecx
	0x89, 0x0a, //0x00004283 movl         %ecx, (%rdx)
	0x49, 0x83, 0xc1, 0x04, //0x00004285 addq         $4, %r9
	0x48, 0x83, 0xc2, 0x04, //0x00004289 addq         $4, %rdx
	0x48, 0x83, 0xc7, 0xfc, //0x0000428d addq         $-4, %rdi
	0x48, 0x83, 0xff, 0x02, //0x00004291 cmpq         $2, %rdi
	0x0f, 0x83, 0x35, 0x00, 0x00, 0x00, //0x00004295 jae          LBB0_751
	0xe9, 0x43, 0x00, 0x00, 0x00, //0x0000429b jmp          LBB0_752
	//0x000042a0 LBB0_748
	0x48, 0x83, 0xff, 0x08, //0x000042a0 cmpq         $8, %rdi
	0x0f, 0x82, 0xcc, 0xff, 0xff, 0xff, //0x000042a4 jb           LBB0_749
	//0x000042aa LBB0_755
	0x49, 0x8b, 0x09, //0x000042aa movq         (%r9), %rcx
	0x48, 0x89, 0x0a, //0x000042ad movq         %rcx, (%rdx)
	0x49, 0x83, 0xc1, 0x08, //0x000042b0 addq         $8, %r9
	0x48, 0x83, 0xc2, 0x08, //0x000042b4 addq         $8, %rdx
	0x48, 0x83, 0xc7, 0xf8, //0x000042b8 addq         $-8, %rdi
	0x48, 0x83, 0xff, 0x04, //0x000042bc cmpq         $4, %rdi
	0x0f, 0x8d, 0xba, 0xff, 0xff, 0xff, //0x000042c0 jge          LBB0_756
	//0x000042c6 LBB0_750
	0x48, 0x83, 0xff, 0x02, //0x000042c6 cmpq         $2, %rdi
	0x0f, 0x82, 0x13, 0x00, 0x00, 0x00, //0x000042ca jb           LBB0_752
	//0x000042d0 LBB0_751
	0x41, 0x0f, 0xb7, 0x09, //0x000042d0 movzwl       (%r9), %ecx
	0x66, 0x89, 0x0a, //0x000042d4 movw         %cx, (%rdx)
	0x49, 0x83, 0xc1, 0x02, //0x000042d7 addq         $2, %r9
	0x48, 0x83, 0xc2, 0x02, //0x000042db addq         $2, %rdx
	0x48, 0x83, 0xc7, 0xfe, //0x000042df addq         $-2, %rdi
	//0x000042e3 LBB0_752
	0x4c, 0x89, 0xc9, //0x000042e3 movq         %r9, %rcx
	0x4c, 0x8d, 0x8d, 0x00, 0xff, 0xff, 0xff, //0x000042e6 leaq         $-256(%rbp), %r9
	0x48, 0x85, 0xff, //0x000042ed testq        %rdi, %rdi
	0x49, 0xbf, 0x55, 0x55, 0x55, 0x55, 0x55, 0x55, 0x55, 0x55, //0x000042f0 movabsq      $6148914691236517205, %r15
	0x48, 0x89, 0xf3, //0x000042fa movq         %rsi, %rbx
	0x0f, 0x84, 0x89, 0xfc, 0xff, 0xff, //0x000042fd je           LBB0_735
	0x8a, 0x09, //0x00004303 movb         (%rcx), %cl
	0x88, 0x0a, //0x00004305 movb         %cl, (%rdx)
	0x4c, 0x8d, 0x8d, 0x00, 0xff, 0xff, 0xff, //0x00004307 leaq         $-256(%rbp), %r9
	0xe9, 0x79, 0xfc, 0xff, 0xff, //0x0000430e jmp          LBB0_735
	//0x00004313 LBB0_757
	0x49, 0xbf, 0x55, 0x55, 0x55, 0x55, 0x55, 0x55, 0x55, 0x55, //0x00004313 movabsq      $6148914691236517205, %r15
	0x48, 0x89, 0x7d, 0xc8, //0x0000431d movq         %rdi, $-56(%rbp)
	0x48, 0x8b, 0x4f, 0x08, //0x00004321 movq         $8(%rdi), %rcx
	0x4c, 0x29, 0xd1, //0x00004325 subq         %r10, %rcx
	0x4d, 0x01, 0xd1, //0x00004328 addq         %r10, %r9
	0x45, 0x31, 0xdb, //0x0000432b xorl         %r11d, %r11d
	0xf3, 0x44, 0x0f, 0x6f, 0x15, 0x09, 0xbd, 0xff, 0xff, //0x0000432e movdqu       $-17143(%rip), %xmm10  /* LCPI0_4+0(%rip) */
	0xf3, 0x0f, 0x6f, 0x0d, 0xf1, 0xbc, 0xff, 0xff, //0x00004337 movdqu       $-17167(%rip), %xmm1  /* LCPI0_3+0(%rip) */
	0x66, 0x45, 0x0f, 0x76, 0xc9, //0x0000433f pcmpeqd      %xmm9, %xmm9
	0xf3, 0x0f, 0x6f, 0x1d, 0x24, 0xbd, 0xff, 0xff, //0x00004344 movdqu       $-17116(%rip), %xmm3  /* LCPI0_7+0(%rip) */
	0xf3, 0x0f, 0x6f, 0x25, 0xcc, 0xbc, 0xff, 0xff, //0x0000434c movdqu       $-17204(%rip), %xmm4  /* LCPI0_2+0(%rip) */
	0x49, 0xbd, 0x33, 0x33, 0x33, 0x33, 0x33, 0x33, 0x33, 0x33, //0x00004354 movabsq      $3689348814741910323, %r13
	0x66, 0x45, 0x0f, 0xef, 0xc0, //0x0000435e pxor         %xmm8, %xmm8
	0x31, 0xdb, //0x00004363 xorl         %ebx, %ebx
	0x45, 0x31, 0xf6, //0x00004365 xorl         %r14d, %r14d
	0x45, 0x31, 0xd2, //0x00004368 xorl         %r10d, %r10d
	0xe9, 0x52, 0x00, 0x00, 0x00, //0x0000436b jmp          LBB0_759
	//0x00004370 LBB0_758
	0x49, 0xc1, 0xfb, 0x3f, //0x00004370 sarq         $63, %r11
	0x48, 0x89, 0xf1, //0x00004374 movq         %rsi, %rcx
	0x48, 0xd1, 0xe9, //0x00004377 shrq         %rcx
	0x4c, 0x21, 0xf9, //0x0000437a andq         %r15, %rcx
	0x48, 0x29, 0xce, //0x0000437d subq         %rcx, %rsi
	0x48, 0x89, 0xf1, //0x00004380 movq         %rsi, %rcx
	0x4c, 0x21, 0xe9, //0x00004383 andq         %r13, %rcx
	0x48, 0xc1, 0xee, 0x02, //0x00004386 shrq         $2, %rsi
	0x4c, 0x21, 0xee, //0x0000438a andq         %r13, %rsi
	0x48, 0x01, 0xce, //0x0000438d addq         %rcx, %rsi
	0x48, 0x89, 0xf1, //0x00004390 movq         %rsi, %rcx
	0x48, 0xc1, 0xe9, 0x04, //0x00004393 shrq         $4, %rcx
	0x48, 0x01, 0xf1, //0x00004397 addq         %rsi, %rcx
	0x48, 0x21, 0xf9, //0x0000439a andq         %rdi, %rcx
	0x48, 0xba, 0x01, 0x01, 0x01, 0x01, 0x01, 0x01, 0x01, 0x01, //0x0000439d movabsq      $72340172838076673, %rdx
	0x48, 0x0f, 0xaf, 0xca, //0x000043a7 imulq        %rdx, %rcx
	0x48, 0xc1, 0xe9, 0x38, //0x000043ab shrq         $56, %rcx
	0x49, 0x01, 0xce, //0x000043af addq         %rcx, %r14
	0x49, 0x83, 0xc1, 0x40, //0x000043b2 addq         $64, %r9
	0x48, 0x8b, 0x4d, 0xd0, //0x000043b6 movq         $-48(%rbp), %rcx
	0x48, 0x83, 0xc1, 0xc0, //0x000043ba addq         $-64, %rcx
	0x48, 0x8b, 0x5d, 0xb0, //0x000043be movq         $-80(%rbp), %rbx
	//0x000043c2 LBB0_759
	0x48, 0x83, 0xf9, 0x40, //0x000043c2 cmpq         $64, %rcx
	0x48, 0x89, 0x4d, 0xd0, //0x000043c6 movq         %rcx, $-48(%rbp)
	0x0f, 0x8c, 0x23, 0x02, 0x00, 0x00, //0x000043ca jl           LBB0_766
	//0x000043d0 LBB0_760
	0xf3, 0x41, 0x0f, 0x6f, 0x01, //0x000043d0 movdqu       (%r9), %xmm0
	0xf3, 0x41, 0x0f, 0x6f, 0x69, 0x10, //0x000043d5 movdqu       $16(%r9), %xmm5
	0xf3, 0x41, 0x0f, 0x6f, 0x79, 0x20, //0x000043db movdqu       $32(%r9), %xmm7
	0xf3, 0x41, 0x0f, 0x6f, 0x71, 0x30, //0x000043e1 movdqu       $48(%r9), %xmm6
	0x66, 0x0f, 0x6f, 0xd0, //0x000043e7 movdqa       %xmm0, %xmm2
	0x66, 0x41, 0x0f, 0x74, 0xd2, //0x000043eb pcmpeqb      %xmm10, %xmm2
	0x66, 0x0f, 0xd7, 0xfa, //0x000043f0 pmovmskb     %xmm2, %edi
	0x66, 0x0f, 0x6f, 0xd5, //0x000043f4 movdqa       %xmm5, %xmm2
	0x66, 0x41, 0x0f, 0x74, 0xd2, //0x000043f8 pcmpeqb      %xmm10, %xmm2
	0x66, 0x0f, 0xd7, 0xd2, //0x000043fd pmovmskb     %xmm2, %edx
	0x66, 0x0f, 0x6f, 0xd7, //0x00004401 movdqa       %xmm7, %xmm2
	0x66, 0x41, 0x0f, 0x74, 0xd2, //0x00004405 pcmpeqb      %xmm10, %xmm2
	0x66, 0x0f, 0xd7, 0xf2, //0x0000440a pmovmskb     %xmm2, %esi
	0x66, 0x0f, 0x6f, 0xd6, //0x0000440e movdqa       %xmm6, %xmm2
	0x66, 0x41, 0x0f, 0x74, 0xd2, //0x00004412 pcmpeqb      %xmm10, %xmm2
	0x66, 0x44, 0x0f, 0xd7, 0xc2, //0x00004417 pmovmskb     %xmm2, %r8d
	0x49, 0xc1, 0xe0, 0x30, //0x0000441c shlq         $48, %r8
	0x48, 0xc1, 0xe6, 0x20, //0x00004420 shlq         $32, %rsi
	0x4c, 0x09, 0xc6, //0x00004424 orq          %r8, %rsi
	0x48, 0xc1, 0xe2, 0x10, //0x00004427 shlq         $16, %rdx
	0x48, 0x09, 0xf2, //0x0000442b orq          %rsi, %rdx
	0x48, 0x09, 0xd7, //0x0000442e orq          %rdx, %rdi
	0x48, 0x89, 0xfa, //0x00004431 movq         %rdi, %rdx
	0x48, 0x09, 0xda, //0x00004434 orq          %rbx, %rdx
	0x0f, 0x85, 0x12, 0x00, 0x00, 0x00, //0x00004437 jne          LBB0_762
	0x48, 0xc7, 0xc7, 0xff, 0xff, 0xff, 0xff, //0x0000443d movq         $-1, %rdi
	0x31, 0xc9, //0x00004444 xorl         %ecx, %ecx
	0x48, 0x89, 0x4d, 0xb0, //0x00004446 movq         %rcx, $-80(%rbp)
	0xe9, 0x3e, 0x00, 0x00, 0x00, //0x0000444a jmp          LBB0_763
	//0x0000444f LBB0_762
	0x48, 0x89, 0xda, //0x0000444f movq         %rbx, %rdx
	0x48, 0xf7, 0xd2, //0x00004452 notq         %rdx
	0x48, 0x21, 0xfa, //0x00004455 andq         %rdi, %rdx
	0x48, 0x8d, 0x34, 0x12, //0x00004458 leaq         (%rdx,%rdx), %rsi
	0x48, 0x09, 0xde, //0x0000445c orq          %rbx, %rsi
	0x48, 0x89, 0xf1, //0x0000445f movq         %rsi, %rcx
	0x48, 0xf7, 0xd1, //0x00004462 notq         %rcx
	0x48, 0xbb, 0xaa, 0xaa, 0xaa, 0xaa, 0xaa, 0xaa, 0xaa, 0xaa, //0x00004465 movabsq      $-6148914691236517206, %rbx
	0x48, 0x21, 0xdf, //0x0000446f andq         %rbx, %rdi
	0x48, 0x21, 0xcf, //0x00004472 andq         %rcx, %rdi
	0x31, 0xc9, //0x00004475 xorl         %ecx, %ecx
	0x48, 0x01, 0xd7, //0x00004477 addq         %rdx, %rdi
	0x0f, 0x92, 0xc1, //0x0000447a setb         %cl
	0x48, 0x89, 0x4d, 0xb0, //0x0000447d movq         %rcx, $-80(%rbp)
	0x48, 0x01, 0xff, //0x00004481 addq         %rdi, %rdi
	0x4c, 0x31, 0xff, //0x00004484 xorq         %r15, %rdi
	0x48, 0x21, 0xf7, //0x00004487 andq         %rsi, %rdi
	0x48, 0xf7, 0xd7, //0x0000448a notq         %rdi
	//0x0000448d LBB0_763
	0x4c, 0x89, 0xd9, //0x0000448d movq         %r11, %rcx
	0x66, 0x0f, 0x6f, 0xd6, //0x00004490 movdqa       %xmm6, %xmm2
	0x66, 0x0f, 0x74, 0xd1, //0x00004494 pcmpeqb      %xmm1, %xmm2
	0x66, 0x0f, 0xd7, 0xd2, //0x00004498 pmovmskb     %xmm2, %edx
	0x48, 0xc1, 0xe2, 0x30, //0x0000449c shlq         $48, %rdx
	0x66, 0x0f, 0x6f, 0xd7, //0x000044a0 movdqa       %xmm7, %xmm2
	0x66, 0x0f, 0x74, 0xd1, //0x000044a4 pcmpeqb      %xmm1, %xmm2
	0x66, 0x0f, 0xd7, 0xf2, //0x000044a8 pmovmskb     %xmm2, %esi
	0x48, 0xc1, 0xe6, 0x20, //0x000044ac shlq         $32, %rsi
	0x48, 0x09, 0xd6, //0x000044b0 orq          %rdx, %rsi
	0x66, 0x0f, 0x6f, 0xd5, //0x000044b3 movdqa       %xmm5, %xmm2
	0x66, 0x0f, 0x74, 0xd1, //0x000044b7 pcmpeqb      %xmm1, %xmm2
	0x66, 0x0f, 0xd7, 0xd2, //0x000044bb pmovmskb     %xmm2, %edx
	0x48, 0xc1, 0xe2, 0x10, //0x000044bf shlq         $16, %rdx
	0x48, 0x09, 0xf2, //0x000044c3 orq          %rsi, %rdx
	0x66, 0x0f, 0x6f, 0xd0, //0x000044c6 movdqa       %xmm0, %xmm2
	0x66, 0x0f, 0x74, 0xd1, //0x000044ca pcmpeqb      %xmm1, %xmm2
	0x66, 0x0f, 0xd7, 0xf2, //0x000044ce pmovmskb     %xmm2, %esi
	0x48, 0x09, 0xd6, //0x000044d2 orq          %rdx, %rsi
	0x48, 0x21, 0xfe, //0x000044d5 andq         %rdi, %rsi
	0x66, 0x48, 0x0f, 0x6e, 0xd6, //0x000044d8 movq         %rsi, %xmm2
	0x66, 0x41, 0x0f, 0x3a, 0x44, 0xd1, 0x00, //0x000044dd pclmulqdq    $0, %xmm9, %xmm2
	0x66, 0x49, 0x0f, 0x7e, 0xd3, //0x000044e4 movq         %xmm2, %r11
	0x49, 0x31, 0xcb, //0x000044e9 xorq         %rcx, %r11
	0x66, 0x0f, 0x6f, 0xd0, //0x000044ec movdqa       %xmm0, %xmm2
	0x66, 0x0f, 0x74, 0xd3, //0x000044f0 pcmpeqb      %xmm3, %xmm2
	0x66, 0x0f, 0xd7, 0xf2, //0x000044f4 pmovmskb     %xmm2, %esi
	0x66, 0x0f, 0x6f, 0xd5, //0x000044f8 movdqa       %xmm5, %xmm2
	0x66, 0x0f, 0x74, 0xd3, //0x000044fc pcmpeqb      %xmm3, %xmm2
	0x66, 0x0f, 0xd7, 0xd2, //0x00004500 pmovmskb     %xmm2, %edx
	0x66, 0x0f, 0x6f, 0xd7, //0x00004504 movdqa       %xmm7, %xmm2
	0x66, 0x0f, 0x74, 0xd3, //0x00004508 pcmpeqb      %xmm3, %xmm2
	0x66, 0x0f, 0xd7, 0xca, //0x0000450c pmovmskb     %xmm2, %ecx
	0x66, 0x0f, 0x6f, 0xd6, //0x00004510 movdqa       %xmm6, %xmm2
	0x66, 0x0f, 0x74, 0xd3, //0x00004514 pcmpeqb      %xmm3, %xmm2
	0x66, 0x0f, 0xd7, 0xda, //0x00004518 pmovmskb     %xmm2, %ebx
	0x48, 0xc1, 0xe3, 0x30, //0x0000451c shlq         $48, %rbx
	0x48, 0xc1, 0xe1, 0x20, //0x00004520 shlq         $32, %rcx
	0x48, 0x09, 0xd9, //0x00004524 orq          %rbx, %rcx
	0x48, 0xc1, 0xe2, 0x10, //0x00004527 shlq         $16, %rdx
	0x48, 0x09, 0xca, //0x0000452b orq          %rcx, %rdx
	0x48, 0x09, 0xd6, //0x0000452e orq          %rdx, %rsi
	0x4c, 0x89, 0xd9, //0x00004531 movq         %r11, %rcx
	0x48, 0xf7, 0xd1, //0x00004534 notq         %rcx
	0x48, 0x21, 0xce, //0x00004537 andq         %rcx, %rsi
	0x66, 0x0f, 0x74, 0xc4, //0x0000453a pcmpeqb      %xmm4, %xmm0
	0x66, 0x44, 0x0f, 0xd7, 0xc0, //0x0000453e pmovmskb     %xmm0, %r8d
	0x66, 0x0f, 0x74, 0xec, //0x00004543 pcmpeqb      %xmm4, %xmm5
	0x66, 0x0f, 0xd7, 0xd5, //0x00004547 pmovmskb     %xmm5, %edx
	0x66, 0x0f, 0x74, 0xfc, //0x0000454b pcmpeqb      %xmm4, %xmm7
	0x66, 0x0f, 0xd7, 0xdf, //0x0000454f pmovmskb     %xmm7, %ebx
	0x66, 0x0f, 0x74, 0xf4, //0x00004553 pcmpeqb      %xmm4, %xmm6
	0x66, 0x44, 0x0f, 0xd7, 0xfe, //0x00004557 pmovmskb     %xmm6, %r15d
	0x49, 0xc1, 0xe7, 0x30, //0x0000455c shlq         $48, %r15
	0x48, 0xc1, 0xe3, 0x20, //0x00004560 shlq         $32, %rbx
	0x4c, 0x09, 0xfb, //0x00004564 orq          %r15, %rbx
	0x48, 0xc1, 0xe2, 0x10, //0x00004567 shlq         $16, %rdx
	0x48, 0x09, 0xda, //0x0000456b orq          %rbx, %rdx
	0x49, 0x09, 0xd0, //0x0000456e orq          %rdx, %r8
	0x48, 0xbf, 0x0f, 0x0f, 0x0f, 0x0f, 0x0f, 0x0f, 0x0f, 0x0f, //0x00004571 movabsq      $1085102592571150095, %rdi
	0x49, 0xbf, 0x55, 0x55, 0x55, 0x55, 0x55, 0x55, 0x55, 0x55, //0x0000457b movabsq      $6148914691236517205, %r15
	0x49, 0x21, 0xc8, //0x00004585 andq         %rcx, %r8
	0x0f, 0x84, 0xe2, 0xfd, 0xff, 0xff, //0x00004588 je           LBB0_758
	0x90, 0x90, //0x0000458e .p2align 4, 0x90
	//0x00004590 LBB0_764
	0x49, 0x8d, 0x50, 0xff, //0x00004590 leaq         $-1(%r8), %rdx
	0x48, 0x89, 0xd1, //0x00004594 movq         %rdx, %rcx
	0x48, 0x21, 0xf1, //0x00004597 andq         %rsi, %rcx
	0x48, 0x89, 0xcb, //0x0000459a movq         %rcx, %rbx
	0x48, 0xd1, 0xeb, //0x0000459d shrq         %rbx
	0x4c, 0x21, 0xfb, //0x000045a0 andq         %r15, %rbx
	0x48, 0x29, 0xd9, //0x000045a3 subq         %rbx, %rcx
	0x48, 0x89, 0xcb, //0x000045a6 movq         %rcx, %rbx
	0x4c, 0x21, 0xeb, //0x000045a9 andq         %r13, %rbx
	0x48, 0xc1, 0xe9, 0x02, //0x000045ac shrq         $2, %rcx
	0x4c, 0x21, 0xe9, //0x000045b0 andq         %r13, %rcx
	0x48, 0x01, 0xd9, //0x000045b3 addq         %rbx, %rcx
	0x48, 0x89, 0xcb, //0x000045b6 movq         %rcx, %rbx
	0x48, 0xc1, 0xeb, 0x04, //0x000045b9 shrq         $4, %rbx
	0x48, 0x01, 0xcb, //0x000045bd addq         %rcx, %rbx
	0x48, 0x21, 0xfb, //0x000045c0 andq         %rdi, %rbx
	0x48, 0xb9, 0x01, 0x01, 0x01, 0x01, 0x01, 0x01, 0x01, 0x01, //0x000045c3 movabsq      $72340172838076673, %rcx
	0x48, 0x0f, 0xaf, 0xd9, //0x000045cd imulq        %rcx, %rbx
	0x48, 0xc1, 0xeb, 0x38, //0x000045d1 shrq         $56, %rbx
	0x4c, 0x01, 0xf3, //0x000045d5 addq         %r14, %rbx
	0x4c, 0x39, 0xd3, //0x000045d8 cmpq         %r10, %rbx
	0x0f, 0x86, 0x72, 0x01, 0x00, 0x00, //0x000045db jbe          LBB0_782
	0x49, 0x83, 0xc2, 0x01, //0x000045e1 addq         $1, %r10
	0x49, 0x21, 0xd0, //0x000045e5 andq         %rdx, %r8
	0x0f, 0x85, 0xa2, 0xff, 0xff, 0xff, //0x000045e8 jne          LBB0_764
	0xe9, 0x7d, 0xfd, 0xff, 0xff, //0x000045ee jmp          LBB0_758
	//0x000045f3 LBB0_766
	0x48, 0x85, 0xc9, //0x000045f3 testq        %rcx, %rcx
	0x0f, 0x8e, 0xa1, 0x04, 0x00, 0x00, //0x000045f6 jle          LBB0_826
	0x48, 0x89, 0xde, //0x000045fc movq         %rbx, %rsi
	0xf3, 0x44, 0x0f, 0x7f, 0x85, 0x30, 0xff, 0xff, 0xff, //0x000045ff movdqu       %xmm8, $-208(%rbp)
	0xf3, 0x44, 0x0f, 0x7f, 0x85, 0x20, 0xff, 0xff, 0xff, //0x00004608 movdqu       %xmm8, $-224(%rbp)
	0xf3, 0x44, 0x0f, 0x7f, 0x85, 0x10, 0xff, 0xff, 0xff, //0x00004611 movdqu       %xmm8, $-240(%rbp)
	0xf3, 0x44, 0x0f, 0x7f, 0x85, 0x00, 0xff, 0xff, 0xff, //0x0000461a movdqu       %xmm8, $-256(%rbp)
	0x44, 0x89, 0xc9, //0x00004623 movl         %r9d, %ecx
	0x81, 0xe1, 0xff, 0x0f, 0x00, 0x00, //0x00004626 andl         $4095, %ecx
	0x81, 0xf9, 0xc1, 0x0f, 0x00, 0x00, //0x0000462c cmpl         $4033, %ecx
	0x0f, 0x82, 0x3a, 0x00, 0x00, 0x00, //0x00004632 jb           LBB0_770
	0x48, 0x83, 0x7d, 0xd0, 0x20, //0x00004638 cmpq         $32, $-48(%rbp)
	0x0f, 0x82, 0x41, 0x00, 0x00, 0x00, //0x0000463d jb           LBB0_771
	0x41, 0x0f, 0x10, 0x01, //0x00004643 movups       (%r9), %xmm0
	0x0f, 0x11, 0x85, 0x00, 0xff, 0xff, 0xff, //0x00004647 movups       %xmm0, $-256(%rbp)
	0x41, 0x0f, 0x10, 0x41, 0x10, //0x0000464e movups       $16(%r9), %xmm0
	0x0f, 0x11, 0x85, 0x10, 0xff, 0xff, 0xff, //0x00004653 movups       %xmm0, $-240(%rbp)
	0x49, 0x83, 0xc1, 0x20, //0x0000465a addq         $32, %r9
	0x48, 0x8b, 0x4d, 0xd0, //0x0000465e movq         $-48(%rbp), %rcx
	0x48, 0x8d, 0x79, 0xe0, //0x00004662 leaq         $-32(%rcx), %rdi
	0x48, 0x8d, 0x95, 0x20, 0xff, 0xff, 0xff, //0x00004666 leaq         $-224(%rbp), %rdx
	0xe9, 0x1d, 0x00, 0x00, 0x00, //0x0000466d jmp          LBB0_772
	//0x00004672 LBB0_770
	0x49, 0xbf, 0x55, 0x55, 0x55, 0x55, 0x55, 0x55, 0x55, 0x55, //0x00004672 movabsq      $6148914691236517205, %r15
	0x48, 0x89, 0xf3, //0x0000467c movq         %rsi, %rbx
	0xe9, 0x4c, 0xfd, 0xff, 0xff, //0x0000467f jmp          LBB0_760
	//0x00004684 LBB0_771
	0x48, 0x8d, 0x95, 0x00, 0xff, 0xff, 0xff, //0x00004684 leaq         $-256(%rbp), %rdx
	0x48, 0x8b, 0x7d, 0xd0, //0x0000468b movq         $-48(%rbp), %rdi
	//0x0000468f LBB0_772
	0x48, 0x83, 0xff, 0x10, //0x0000468f cmpq         $16, %rdi
	0x0f, 0x82, 0x47, 0x00, 0x00, 0x00, //0x00004693 jb           LBB0_773
	0x41, 0x0f, 0x10, 0x01, //0x00004699 movups       (%r9), %xmm0
	0x0f, 0x11, 0x02, //0x0000469d movups       %xmm0, (%rdx)
	0x49, 0x83, 0xc1, 0x10, //0x000046a0 addq         $16, %r9
	0x48, 0x83, 0xc2, 0x10, //0x000046a4 addq         $16, %rdx
	0x48, 0x83, 0xc7, 0xf0, //0x000046a8 addq         $-16, %rdi
	0x48, 0x83, 0xff, 0x08, //0x000046ac cmpq         $8, %rdi
	0x0f, 0x83, 0x34, 0x00, 0x00, 0x00, //0x000046b0 jae          LBB0_780
	//0x000046b6 LBB0_774
	0x48, 0x83, 0xff, 0x04, //0x000046b6 cmpq         $4, %rdi
	0x0f, 0x8c, 0x46, 0x00, 0x00, 0x00, //0x000046ba jl           LBB0_775
	//0x000046c0 LBB0_781
	0x41, 0x8b, 0x09, //0x000046c0 movl         (%r9), %ecx
	0x89, 0x0a, //0x000046c3 movl         %ecx, (%rdx)
	0x49, 0x83, 0xc1, 0x04, //0x000046c5 addq         $4, %r9
	0x48, 0x83, 0xc2, 0x04, //0x000046c9 addq         $4, %rdx
	0x48, 0x83, 0xc7, 0xfc, //0x000046cd addq         $-4, %rdi
	0x48, 0x83, 0xff, 0x02, //0x000046d1 cmpq         $2, %rdi
	0x0f, 0x83, 0x35, 0x00, 0x00, 0x00, //0x000046d5 jae          LBB0_776
	0xe9, 0x43, 0x00, 0x00, 0x00, //0x000046db jmp          LBB0_777
	//0x000046e0 LBB0_773
	0x48, 0x83, 0xff, 0x08, //0x000046e0 cmpq         $8, %rdi
	0x0f, 0x82, 0xcc, 0xff, 0xff, 0xff, //0x000046e4 jb           LBB0_774
	//0x000046ea LBB0_780
	0x49, 0x8b, 0x09, //0x000046ea movq         (%r9), %rcx
	0x48, 0x89, 0x0a, //0x000046ed movq         %rcx, (%rdx)
	0x49, 0x83, 0xc1, 0x08, //0x000046f0 addq         $8, %r9
	0x48, 0x83, 0xc2, 0x08, //0x000046f4 addq         $8, %rdx
	0x48, 0x83, 0xc7, 0xf8, //0x000046f8 addq         $-8, %rdi
	0x48, 0x83, 0xff, 0x04, //0x000046fc cmpq         $4, %rdi
	0x0f, 0x8d, 0xba, 0xff, 0xff, 0xff, //0x00004700 jge          LBB0_781
	//0x00004706 LBB0_775
	0x48, 0x83, 0xff, 0x02, //0x00004706 cmpq         $2, %rdi
	0x0f, 0x82, 0x13, 0x00, 0x00, 0x00, //0x0000470a jb           LBB0_777
	//0x00004710 LBB0_776
	0x41, 0x0f, 0xb7, 0x09, //0x00004710 movzwl       (%r9), %ecx
	0x66, 0x89, 0x0a, //0x00004714 movw         %cx, (%rdx)
	0x49, 0x83, 0xc1, 0x02, //0x00004717 addq         $2, %r9
	0x48, 0x83, 0xc2, 0x02, //0x0000471b addq         $2, %rdx
	0x48, 0x83, 0xc7, 0xfe, //0x0000471f addq         $-2, %rdi
	//0x00004723 LBB0_777
	0x4c, 0x89, 0xc9, //0x00004723 movq         %r9, %rcx
	0x4c, 0x8d, 0x8d, 0x00, 0xff, 0xff, 0xff, //0x00004726 leaq         $-256(%rbp), %r9
	0x48, 0x85, 0xff, //0x0000472d testq        %rdi, %rdi
	0x49, 0xbf, 0x55, 0x55, 0x55, 0x55, 0x55, 0x55, 0x55, 0x55, //0x00004730 movabsq      $6148914691236517205, %r15
	0x48, 0x89, 0xf3, //0x0000473a movq         %rsi, %rbx
	0x0f, 0x84, 0x8d, 0xfc, 0xff, 0xff, //0x0000473d je           LBB0_760
	0x8a, 0x09, //0x00004743 movb         (%rcx), %cl
	0x88, 0x0a, //0x00004745 movb         %cl, (%rdx)
	0x4c, 0x8d, 0x8d, 0x00, 0xff, 0xff, 0xff, //0x00004747 leaq         $-256(%rbp), %r9
	0xe9, 0x7d, 0xfc, 0xff, 0xff, //0x0000474e jmp          LBB0_760
	//0x00004753 LBB0_782
	0x48, 0x8b, 0x75, 0xc8, //0x00004753 movq         $-56(%rbp), %rsi
	0x48, 0x8b, 0x46, 0x08, //0x00004757 movq         $8(%rsi), %rax
	0x49, 0x0f, 0xbc, 0xc8, //0x0000475b bsfq         %r8, %rcx
	0x48, 0x2b, 0x4d, 0xd0, //0x0000475f subq         $-48(%rbp), %rcx
	0x48, 0x01, 0xc8, //0x00004763 addq         %rcx, %rax
	0x48, 0x83, 0xc0, 0x01, //0x00004766 addq         $1, %rax
	0x48, 0x8b, 0x55, 0xb8, //0x0000476a movq         $-72(%rbp), %rdx
	0x48, 0x89, 0x02, //0x0000476e movq         %rax, (%rdx)
	0x48, 0x8b, 0x4e, 0x08, //0x00004771 movq         $8(%rsi), %rcx
	0x48, 0x39, 0xc8, //0x00004775 cmpq         %rcx, %rax
	0x48, 0x0f, 0x47, 0xc1, //0x00004778 cmovaq       %rcx, %rax
	0x48, 0x89, 0x02, //0x0000477c movq         %rax, (%rdx)
	0x48, 0xc7, 0xc0, 0xff, 0xff, 0xff, 0xff, //0x0000477f movq         $-1, %rax
	0x4c, 0x0f, 0x47, 0xe0, //0x00004786 cmovaq       %rax, %r12
	0x4c, 0x89, 0xe0, //0x0000478a movq         %r12, %rax
	0xe9, 0x60, 0x00, 0x00, 0x00, //0x0000478d jmp          LBB0_787
	//0x00004792 LBB0_783
	0x0f, 0xbc, 0xc7, //0x00004792 bsfl         %edi, %eax
	0x4c, 0x01, 0xe0, //0x00004795 addq         %r12, %rax
	0x4c, 0x01, 0xf0, //0x00004798 addq         %r14, %rax
	0x48, 0x83, 0xc0, 0x02, //0x0000479b addq         $2, %rax
	0x48, 0x8b, 0x4d, 0xb8, //0x0000479f movq         $-72(%rbp), %rcx
	0x48, 0x89, 0x01, //0x000047a3 movq         %rax, (%rcx)
	0x4c, 0x89, 0xe0, //0x000047a6 movq         %r12, %rax
	0xe9, 0x44, 0x00, 0x00, 0x00, //0x000047a9 jmp          LBB0_787
	//0x000047ae LBB0_784
	0x48, 0xc7, 0xc0, 0xff, 0xff, 0xff, 0xff, //0x000047ae movq         $-1, %rax
	0xe9, 0x24, 0x00, 0x00, 0x00, //0x000047b5 jmp          LBB0_785
	//0x000047ba LBB0_145
	0x48, 0x8b, 0x5d, 0xc8, //0x000047ba movq         $-56(%rbp), %rbx
	0x4c, 0x89, 0xf0, //0x000047be movq         %r14, %rax
	0x49, 0x83, 0xfe, 0xff, //0x000047c1 cmpq         $-1, %r14
	0x0f, 0x85, 0x29, 0x02, 0x00, 0x00, //0x000047c5 jne          LBB0_811
	//0x000047cb LBB0_146
	0x48, 0xc7, 0xc0, 0xff, 0xff, 0xff, 0xff, //0x000047cb movq         $-1, %rax
	0x48, 0x8b, 0x5d, 0xa8, //0x000047d2 movq         $-88(%rbp), %rbx
	0xe9, 0x19, 0x02, 0x00, 0x00, //0x000047d6 jmp          LBB0_811
	//0x000047db LBB0_390
	0x4c, 0x89, 0xf0, //0x000047db movq         %r14, %rax
	//0x000047de LBB0_785
	0x48, 0xf7, 0xd0, //0x000047de notq         %rax
	0x48, 0x01, 0xc1, //0x000047e1 addq         %rax, %rcx
	0x48, 0x8b, 0x45, 0xb8, //0x000047e4 movq         $-72(%rbp), %rax
	0x48, 0x89, 0x08, //0x000047e8 movq         %rcx, (%rax)
	//0x000047eb LBB0_786
	0x48, 0xc7, 0xc0, 0xfe, 0xff, 0xff, 0xff, //0x000047eb movq         $-2, %rax
	//0x000047f2 LBB0_787
	0x48, 0x81, 0xc4, 0xd8, 0x00, 0x00, 0x00, //0x000047f2 addq         $216, %rsp
	0x5b,       //0x000047f9 popq         %rbx
	0x41, 0x5c, //0x000047fa popq         %r12
	0x41, 0x5d, //0x000047fc popq         %r13
	0x41, 0x5e, //0x000047fe popq         %r14
	0x41, 0x5f, //0x00004800 popq         %r15
	0x5d, //0x00004802 popq         %rbp
	0xc3, //0x00004803 retq
	//0x00004804 LBB0_788
	0x48, 0xc7, 0xc1, 0xfe, 0xff, 0xff, 0xff, //0x00004804 movq         $-2, %rcx
	0xb8, 0x02, 0x00, 0x00, 0x00, //0x0000480b movl         $2, %eax
	0x49, 0x01, 0xc2, //0x00004810 addq         %rax, %r10
	0x48, 0xc7, 0xc0, 0xff, 0xff, 0xff, 0xff, //0x00004813 movq         $-1, %rax
	0x49, 0x01, 0xce, //0x0000481a addq         %rcx, %r14
	0x0f, 0x8e, 0xcf, 0xff, 0xff, 0xff, //0x0000481d jle          LBB0_787
	//0x00004823 LBB0_790
	0x41, 0x0f, 0xb6, 0x02, //0x00004823 movzbl       (%r10), %eax
	0x3c, 0x5c, //0x00004827 cmpb         $92, %al
	0x0f, 0x84, 0xd5, 0xff, 0xff, 0xff, //0x00004829 je           LBB0_788
	0x3c, 0x22, //0x0000482f cmpb         $34, %al
	0x0f, 0x84, 0xe8, 0x01, 0x00, 0x00, //0x00004831 je           LBB0_817
	0x48, 0xc7, 0xc1, 0xff, 0xff, 0xff, 0xff, //0x00004837 movq         $-1, %rcx
	0xb8, 0x01, 0x00, 0x00, 0x00, //0x0000483e movl         $1, %eax
	0x49, 0x01, 0xc2, //0x00004843 addq         %rax, %r10
	0x48, 0xc7, 0xc0, 0xff, 0xff, 0xff, 0xff, //0x00004846 movq         $-1, %rax
	0x49, 0x01, 0xce, //0x0000484d addq         %rcx, %r14
	0x0f, 0x8f, 0xcd, 0xff, 0xff, 0xff, //0x00004850 jg           LBB0_790
	0xe9, 0x97, 0xff, 0xff, 0xff, //0x00004856 jmp          LBB0_787
	//0x0000485b LBB0_798
	0x48, 0x89, 0x0e, //0x0000485b movq         %rcx, (%rsi)
	0xe9, 0x8f, 0xff, 0xff, 0xff, //0x0000485e jmp          LBB0_787
	//0x00004863 LBB0_793
	0x48, 0xc7, 0xc0, 0xfe, 0xff, 0xff, 0xff, //0x00004863 movq         $-2, %rax
	0x48, 0x8b, 0x4d, 0xa8, //0x0000486a movq         $-88(%rbp), %rcx
	0x48, 0x83, 0xf9, 0xff, //0x0000486e cmpq         $-1, %rcx
	0x0f, 0x85, 0x98, 0x01, 0x00, 0x00, //0x00004872 jne          LBB0_815
	0x48, 0x0f, 0xbc, 0xd2, //0x00004878 bsfq         %rdx, %rdx
	0x4c, 0x01, 0xe2, //0x0000487c addq         %r12, %rdx
	0xe9, 0x8f, 0x01, 0x00, 0x00, //0x0000487f jmp          LBB0_816
	//0x00004884 LBB0_795
	0x48, 0xc7, 0xc0, 0xfe, 0xff, 0xff, 0xff, //0x00004884 movq         $-2, %rax
	0x48, 0x8b, 0x75, 0xc8, //0x0000488b movq         $-56(%rbp), %rsi
	0x48, 0x83, 0xfe, 0xff, //0x0000488f cmpq         $-1, %rsi
	0x0f, 0x84, 0x54, 0x01, 0x00, 0x00, //0x00004893 je           LBB0_810
	0x48, 0x89, 0xf3, //0x00004899 movq         %rsi, %rbx
	0xe9, 0x53, 0x01, 0x00, 0x00, //0x0000489c jmp          LBB0_811
	//0x000048a1 LBB0_799
	0x48, 0xc7, 0xc0, 0xfe, 0xff, 0xff, 0xff, //0x000048a1 movq         $-2, %rax
	0x80, 0xf9, 0x61, //0x000048a8 cmpb         $97, %cl
	0x0f, 0x85, 0x41, 0xff, 0xff, 0xff, //0x000048ab jne          LBB0_787
	0x48, 0x8b, 0x55, 0xd0, //0x000048b1 movq         $-48(%rbp), %rdx
	0x48, 0x8d, 0x4a, 0x02, //0x000048b5 leaq         $2(%rdx), %rcx
	0x48, 0x89, 0x0e, //0x000048b9 movq         %rcx, (%rsi)
	0x41, 0x80, 0x7c, 0x11, 0x02, 0x6c, //0x000048bc cmpb         $108, $2(%r9,%rdx)
	0x0f, 0x85, 0x2a, 0xff, 0xff, 0xff, //0x000048c2 jne          LBB0_787
	0x48, 0x8b, 0x4d, 0xd0, //0x000048c8 movq         $-48(%rbp), %rcx
	0x48, 0x83, 0xc1, 0x03, //0x000048cc addq         $3, %rcx
	0x48, 0x89, 0x0e, //0x000048d0 movq         %rcx, (%rsi)
	0x48, 0x8b, 0x4d, 0xd0, //0x000048d3 movq         $-48(%rbp), %rcx
	0x41, 0x80, 0x7c, 0x09, 0x03, 0x73, //0x000048d7 cmpb         $115, $3(%r9,%rcx)
	0x0f, 0x85, 0x0f, 0xff, 0xff, 0xff, //0x000048dd jne          LBB0_787
	0x48, 0x8b, 0x4d, 0xd0, //0x000048e3 movq         $-48(%rbp), %rcx
	0x48, 0x83, 0xc1, 0x04, //0x000048e7 addq         $4, %rcx
	0x48, 0x89, 0x0e, //0x000048eb movq         %rcx, (%rsi)
	0x48, 0x8b, 0x4d, 0xd0, //0x000048ee movq         $-48(%rbp), %rcx
	0x41, 0x80, 0x7c, 0x09, 0x04, 0x65, //0x000048f2 cmpb         $101, $4(%r9,%rcx)
	0x0f, 0x85, 0xf4, 0xfe, 0xff, 0xff, //0x000048f8 jne          LBB0_787
	0x48, 0x83, 0xc1, 0x05, //0x000048fe addq         $5, %rcx
	0x48, 0x89, 0x0e, //0x00004902 movq         %rcx, (%rsi)
	0xe9, 0xe8, 0xfe, 0xff, 0xff, //0x00004905 jmp          LBB0_787
	//0x0000490a LBB0_316
	0x48, 0x8b, 0x45, 0xd0, //0x0000490a movq         $-48(%rbp), %rax
	0x48, 0x89, 0x06, //0x0000490e movq         %rax, (%rsi)
	0x48, 0xc7, 0xc0, 0xfe, 0xff, 0xff, 0xff, //0x00004911 movq         $-2, %rax
	0x41, 0x80, 0x38, 0x6e, //0x00004918 cmpb         $110, (%r8)
	0x0f, 0x85, 0xd0, 0xfe, 0xff, 0xff, //0x0000491c jne          LBB0_787
	0x48, 0x8b, 0x4d, 0xd0, //0x00004922 movq         $-48(%rbp), %rcx
	0x48, 0x83, 0xc1, 0x01, //0x00004926 addq         $1, %rcx
	0x48, 0x89, 0x0e, //0x0000492a movq         %rcx, (%rsi)
	0x48, 0x8b, 0x4d, 0xd0, //0x0000492d movq         $-48(%rbp), %rcx
	0x41, 0x80, 0x7c, 0x09, 0x01, 0x75, //0x00004931 cmpb         $117, $1(%r9,%rcx)
	0x0f, 0x85, 0xb5, 0xfe, 0xff, 0xff, //0x00004937 jne          LBB0_787
	0x48, 0x8b, 0x4d, 0xd0, //0x0000493d movq         $-48(%rbp), %rcx
	0x48, 0x83, 0xc1, 0x02, //0x00004941 addq         $2, %rcx
	0x48, 0x89, 0x0e, //0x00004945 movq         %rcx, (%rsi)
	0x48, 0x8b, 0x4d, 0xd0, //0x00004948 movq         $-48(%rbp), %rcx
	0x41, 0x80, 0x7c, 0x09, 0x02, 0x6c, //0x0000494c cmpb         $108, $2(%r9,%rcx)
	0x0f, 0x85, 0x9a, 0xfe, 0xff, 0xff, //0x00004952 jne          LBB0_787
	0x48, 0x8b, 0x4d, 0xd0, //0x00004958 movq         $-48(%rbp), %rcx
	0x48, 0x83, 0xc1, 0x03, //0x0000495c addq         $3, %rcx
	0x48, 0x89, 0x0e, //0x00004960 movq         %rcx, (%rsi)
	0x48, 0x8b, 0x4d, 0xd0, //0x00004963 movq         $-48(%rbp), %rcx
	0x41, 0x80, 0x7c, 0x09, 0x03, 0x6c, //0x00004967 cmpb         $108, $3(%r9,%rcx)
	0x0f, 0x85, 0x7f, 0xfe, 0xff, 0xff, //0x0000496d jne          LBB0_787
	0xe9, 0x69, 0x00, 0x00, 0x00, //0x00004973 jmp          LBB0_808
	//0x00004978 LBB0_804
	0x48, 0x8b, 0x45, 0xd0, //0x00004978 movq         $-48(%rbp), %rax
	0x48, 0x89, 0x06, //0x0000497c movq         %rax, (%rsi)
	0x48, 0xc7, 0xc0, 0xfe, 0xff, 0xff, 0xff, //0x0000497f movq         $-2, %rax
	0x41, 0x80, 0x38, 0x74, //0x00004986 cmpb         $116, (%r8)
	0x0f, 0x85, 0x62, 0xfe, 0xff, 0xff, //0x0000498a jne          LBB0_787
	0x48, 0x8b, 0x4d, 0xd0, //0x00004990 movq         $-48(%rbp), %rcx
	0x48, 0x83, 0xc1, 0x01, //0x00004994 addq         $1, %rcx
	0x48, 0x89, 0x0e, //0x00004998 movq         %rcx, (%rsi)
	0x48, 0x8b, 0x4d, 0xd0, //0x0000499b movq         $-48(%rbp), %rcx
	0x41, 0x80, 0x7c, 0x09, 0x01, 0x72, //0x0000499f cmpb         $114, $1(%r9,%rcx)
	0x0f, 0x85, 0x47, 0xfe, 0xff, 0xff, //0x000049a5 jne          LBB0_787
	0x48, 0x8b, 0x4d, 0xd0, //0x000049ab movq         $-48(%rbp), %rcx
	0x48, 0x83, 0xc1, 0x02, //0x000049af addq         $2, %rcx
	0x48, 0x89, 0x0e, //0x000049b3 movq         %rcx, (%rsi)
	0x48, 0x8b, 0x4d, 0xd0, //0x000049b6 movq         $-48(%rbp), %rcx
	0x41, 0x80, 0x7c, 0x09, 0x02, 0x75, //0x000049ba cmpb         $117, $2(%r9,%rcx)
	0x0f, 0x85, 0x2c, 0xfe, 0xff, 0xff, //0x000049c0 jne          LBB0_787
	0x48, 0x8b, 0x4d, 0xd0, //0x000049c6 movq         $-48(%rbp), %rcx
	0x48, 0x83, 0xc1, 0x03, //0x000049ca addq         $3, %rcx
	0x48, 0x89, 0x0e, //0x000049ce movq         %rcx, (%rsi)
	0x48, 0x8b, 0x4d, 0xd0, //0x000049d1 movq         $-48(%rbp), %rcx
	0x41, 0x80, 0x7c, 0x09, 0x03, 0x65, //0x000049d5 cmpb         $101, $3(%r9,%rcx)
	0x0f, 0x85, 0x11, 0xfe, 0xff, 0xff, //0x000049db jne          LBB0_787
	//0x000049e1 LBB0_808
	0x48, 0x83, 0xc1, 0x04, //0x000049e1 addq         $4, %rcx
	0x48, 0x89, 0x0e, //0x000049e5 movq         %rcx, (%rsi)
	0xe9, 0x05, 0xfe, 0xff, 0xff, //0x000049e8 jmp          LBB0_787
	//0x000049ed LBB0_810
	0x48, 0x0f, 0xbc, 0xda, //0x000049ed bsfq         %rdx, %rbx
	0x48, 0x01, 0xcb, //0x000049f1 addq         %rcx, %rbx
	//0x000049f4 LBB0_811
	0x48, 0x8b, 0x4d, 0xb8, //0x000049f4 movq         $-72(%rbp), %rcx
	0x48, 0x89, 0x19, //0x000049f8 movq         %rbx, (%rcx)
	0xe9, 0xf2, 0xfd, 0xff, 0xff, //0x000049fb jmp          LBB0_787
	//0x00004a00 LBB0_818
	0x4c, 0x89, 0x75, 0xc0, //0x00004a00 movq         %r14, $-64(%rbp)
	0xe9, 0x76, 0xf3, 0xff, 0xff, //0x00004a04 jmp          LBB0_717
	//0x00004a09 LBB0_813
	0x48, 0x8b, 0x4d, 0xd0, //0x00004a09 movq         $-48(%rbp), %rcx
	//0x00004a0d LBB0_814
	0x4c, 0x29, 0xf9, //0x00004a0d subq         %r15, %rcx
	//0x00004a10 LBB0_815
	0x48, 0x89, 0xca, //0x00004a10 movq         %rcx, %rdx
	//0x00004a13 LBB0_816
	0x48, 0x8b, 0x4d, 0xb8, //0x00004a13 movq         $-72(%rbp), %rcx
	0x48, 0x89, 0x11, //0x00004a17 movq         %rdx, (%rcx)
	0xe9, 0xd3, 0xfd, 0xff, 0xff, //0x00004a1a jmp          LBB0_787
	//0x00004a1f LBB0_817
	0x4d, 0x29, 0xca, //0x00004a1f subq         %r9, %r10
	0x49, 0x83, 0xc2, 0x01, //0x00004a22 addq         $1, %r10
	0x4c, 0x89, 0x12, //0x00004a26 movq         %r10, (%rdx)
	0x4c, 0x89, 0xe0, //0x00004a29 movq         %r12, %rax
	0xe9, 0xc1, 0xfd, 0xff, 0xff, //0x00004a2c jmp          LBB0_787
	//0x00004a31 LBB0_823
	0x4c, 0x89, 0x75, 0xa8, //0x00004a31 movq         %r14, $-88(%rbp)
	0xe9, 0x91, 0xfd, 0xff, 0xff, //0x00004a35 jmp          LBB0_146
	//0x00004a3a LBB0_819
	0x4c, 0x01, 0xe2, //0x00004a3a addq         %r12, %rdx
	0x48, 0xc7, 0xc0, 0xfe, 0xff, 0xff, 0xff, //0x00004a3d movq         $-2, %rax
	0xe9, 0xca, 0xff, 0xff, 0xff, //0x00004a44 jmp          LBB0_816
	//0x00004a49 LBB0_820
	0x4d, 0x01, 0xca, //0x00004a49 addq         %r9, %r10
	0x48, 0x85, 0xc0, //0x00004a4c testq        %rax, %rax
	0x0f, 0x85, 0x40, 0xf2, 0xff, 0xff, //0x00004a4f jne          LBB0_701
	0xe9, 0x84, 0xf2, 0xff, 0xff, //0x00004a55 jmp          LBB0_708
	//0x00004a5a LBB0_821
	0x48, 0x01, 0xcb, //0x00004a5a addq         %rcx, %rbx
	0x48, 0xc7, 0xc0, 0xfe, 0xff, 0xff, 0xff, //0x00004a5d movq         $-2, %rax
	0xe9, 0x8b, 0xff, 0xff, 0xff, //0x00004a64 jmp          LBB0_811
	//0x00004a69 LBB0_834
	0x48, 0x8b, 0x55, 0xa0, //0x00004a69 movq         $-96(%rbp), %rdx
	0xe9, 0xa1, 0xff, 0xff, 0xff, //0x00004a6d jmp          LBB0_816
	//0x00004a72 LBB0_822
	0x48, 0x89, 0x06, //0x00004a72 movq         %rax, (%rsi)
	0xe9, 0x71, 0xfd, 0xff, 0xff, //0x00004a75 jmp          LBB0_786
	//0x00004a7a LBB0_835
	0x48, 0x8b, 0x5d, 0xc0, //0x00004a7a movq         $-64(%rbp), %rbx
	0xe9, 0x71, 0xff, 0xff, 0xff, //0x00004a7e jmp          LBB0_811
	//0x00004a83 LBB0_824
	0x4d, 0x01, 0xca, //0x00004a83 addq         %r9, %r10
	0xe9, 0x06, 0xf4, 0xff, 0xff, //0x00004a86 jmp          LBB0_727
	//0x00004a8b LBB0_825
	0x49, 0x01, 0xfc, //0x00004a8b addq         %rdi, %r12
	0x48, 0xc7, 0xc0, 0xfe, 0xff, 0xff, 0xff, //0x00004a8e movq         $-2, %rax
	0x4c, 0x89, 0xe2, //0x00004a95 movq         %r12, %rdx
	0xe9, 0x76, 0xff, 0xff, 0xff, //0x00004a98 jmp          LBB0_816
	//0x00004a9d LBB0_826
	0x48, 0x8b, 0x4d, 0xc8, //0x00004a9d movq         $-56(%rbp), %rcx
	0x48, 0x8b, 0x49, 0x08, //0x00004aa1 movq         $8(%rcx), %rcx
	0x48, 0x8b, 0x55, 0xb8, //0x00004aa5 movq         $-72(%rbp), %rdx
	0x48, 0x89, 0x0a, //0x00004aa9 movq         %rcx, (%rdx)
	0xe9, 0x41, 0xfd, 0xff, 0xff, //0x00004aac jmp          LBB0_787
	//0x00004ab1 LBB0_827
	0x48, 0x01, 0xce, //0x00004ab1 addq         %rcx, %rsi
	0x48, 0xc7, 0xc0, 0xfe, 0xff, 0xff, 0xff, //0x00004ab4 movq         $-2, %rax
	0x48, 0x89, 0xf3, //0x00004abb movq         %rsi, %rbx
	0xe9, 0x31, 0xff, 0xff, 0xff, //0x00004abe jmp          LBB0_811
	//0x00004ac3 LBB0_828
	0x4d, 0x29, 0xcb, //0x00004ac3 subq         %r9, %r11
	0x48, 0xc7, 0xc0, 0xfe, 0xff, 0xff, 0xff, //0x00004ac6 movq         $-2, %rax
	0x4c, 0x89, 0xda, //0x00004acd movq         %r11, %rdx
	0xe9, 0x3e, 0xff, 0xff, 0xff, //0x00004ad0 jmp          LBB0_816
	//0x00004ad5 LBB0_829
	0x4d, 0x29, 0xcf, //0x00004ad5 subq         %r9, %r15
	0x48, 0xc7, 0xc0, 0xfe, 0xff, 0xff, 0xff, //0x00004ad8 movq         $-2, %rax
	0x4c, 0x89, 0xfb, //0x00004adf movq         %r15, %rbx
	0xe9, 0x0d, 0xff, 0xff, 0xff, //0x00004ae2 jmp          LBB0_811
	//0x00004ae7 LBB0_830
	0x49, 0x8d, 0x48, 0xff, //0x00004ae7 leaq         $-1(%r8), %rcx
	0x4c, 0x39, 0xf1, //0x00004aeb cmpq         %r14, %rcx
	0x0f, 0x84, 0xfe, 0xfc, 0xff, 0xff, //0x00004aee je           LBB0_787
	0x4d, 0x01, 0xf2, //0x00004af4 addq         %r14, %r10
	0x49, 0x83, 0xc2, 0x02, //0x00004af7 addq         $2, %r10
	0x4d, 0x29, 0xf0, //0x00004afb subq         %r14, %r8
	0x49, 0x83, 0xc0, 0xfe, //0x00004afe addq         $-2, %r8
	0x4d, 0x89, 0xc6, //0x00004b02 movq         %r8, %r14
	0xe9, 0x87, 0xf3, 0xff, 0xff, //0x00004b05 jmp          LBB0_727
	//0x00004b0a LBB0_832
	0x48, 0x89, 0xc2, //0x00004b0a movq         %rax, %rdx
	0x48, 0x83, 0xc2, 0xff, //0x00004b0d addq         $-1, %rdx
	0x48, 0xc7, 0xc0, 0xfe, 0xff, 0xff, 0xff, //0x00004b11 movq         $-2, %rax
	0xe9, 0xf6, 0xfe, 0xff, 0xff, //0x00004b18 jmp          LBB0_816
	//0x00004b1d LBB0_833
	0x48, 0x83, 0xc3, 0xff, //0x00004b1d addq         $-1, %rbx
	0x48, 0xc7, 0xc0, 0xfe, 0xff, 0xff, 0xff, //0x00004b21 movq         $-2, %rax
	0xe9, 0xc7, 0xfe, 0xff, 0xff, //0x00004b28 jmp          LBB0_811
	0x90, 0x90, 0x90, //0x00004b2d .p2align 2, 0x90
	// // .set L0_0_set_787, LBB0_787-LJTI0_0
	// // .set L0_0_set_728, LBB0_728-LJTI0_0
	// // .set L0_0_set_718, LBB0_718-LJTI0_0
	// // .set L0_0_set_696, LBB0_696-LJTI0_0
	// // .set L0_0_set_757, LBB0_757-LJTI0_0
	// // .set L0_0_set_729, LBB0_729-LJTI0_0
	// // .set L0_0_set_715, LBB0_715-LJTI0_0
	// // .set L0_0_set_732, LBB0_732-LJTI0_0
	//0x00004b30 LJTI0_0
	0xc2, 0xfc, 0xff, 0xff, //0x00004b30 .long L0_0_set_787
	0x73, 0xf3, 0xff, 0xff, //0x00004b34 .long L0_0_set_728
	0x73, 0xf3, 0xff, 0xff, //0x00004b38 .long L0_0_set_728
	0x73, 0xf3, 0xff, 0xff, //0x00004b3c .long L0_0_set_728
	0x73, 0xf3, 0xff, 0xff, //0x00004b40 .long L0_0_set_728
	0x73, 0xf3, 0xff, 0xff, //0x00004b44 .long L0_0_set_728
	0x73, 0xf3, 0xff, 0xff, //0x00004b48 .long L0_0_set_728
	0x73, 0xf3, 0xff, 0xff, //0x00004b4c .long L0_0_set_728
	0x73, 0xf3, 0xff, 0xff, //0x00004b50 .long L0_0_set_728
	0x73, 0xf3, 0xff, 0xff, //0x00004b54 .long L0_0_set_728
	0x73, 0xf3, 0xff, 0xff, //0x00004b58 .long L0_0_set_728
	0x73, 0xf3, 0xff, 0xff, //0x00004b5c .long L0_0_set_728
	0x73, 0xf3, 0xff, 0xff, //0x00004b60 .long L0_0_set_728
	0x73, 0xf3, 0xff, 0xff, //0x00004b64 .long L0_0_set_728
	0x73, 0xf3, 0xff, 0xff, //0x00004b68 .long L0_0_set_728
	0x73, 0xf3, 0xff, 0xff, //0x00004b6c .long L0_0_set_728
	0x73, 0xf3, 0xff, 0xff, //0x00004b70 .long L0_0_set_728
	0x73, 0xf3, 0xff, 0xff, //0x00004b74 .long L0_0_set_728
	0x73, 0xf3, 0xff, 0xff, //0x00004b78 .long L0_0_set_728
	0x73, 0xf3, 0xff, 0xff, //0x00004b7c .long L0_0_set_728
	0x73, 0xf3, 0xff, 0xff, //0x00004b80 .long L0_0_set_728
	0x73, 0xf3, 0xff, 0xff, //0x00004b84 .long L0_0_set_728
	0x73, 0xf3, 0xff, 0xff, //0x00004b88 .long L0_0_set_728
	0x73, 0xf3, 0xff, 0xff, //0x00004b8c .long L0_0_set_728
	0x73, 0xf3, 0xff, 0xff, //0x00004b90 .long L0_0_set_728
	0x73, 0xf3, 0xff, 0xff, //0x00004b94 .long L0_0_set_728
	0x73, 0xf3, 0xff, 0xff, //0x00004b98 .long L0_0_set_728
	0x73, 0xf3, 0xff, 0xff, //0x00004b9c .long L0_0_set_728
	0x73, 0xf3, 0xff, 0xff, //0x00004ba0 .long L0_0_set_728
	0x73, 0xf3, 0xff, 0xff, //0x00004ba4 .long L0_0_set_728
	0x73, 0xf3, 0xff, 0xff, //0x00004ba8 .long L0_0_set_728
	0x73, 0xf3, 0xff, 0xff, //0x00004bac .long L0_0_set_728
	0x73, 0xf3, 0xff, 0xff, //0x00004bb0 .long L0_0_set_728
	0x73, 0xf3, 0xff, 0xff, //0x00004bb4 .long L0_0_set_728
	0x5f, 0xf2, 0xff, 0xff, //0x00004bb8 .long L0_0_set_718
	0x73, 0xf3, 0xff, 0xff, //0x00004bbc .long L0_0_set_728
	0x73, 0xf3, 0xff, 0xff, //0x00004bc0 .long L0_0_set_728
	0x73, 0xf3, 0xff, 0xff, //0x00004bc4 .long L0_0_set_728
	0x73, 0xf3, 0xff, 0xff, //0x00004bc8 .long L0_0_set_728
	0x73, 0xf3, 0xff, 0xff, //0x00004bcc .long L0_0_set_728
	0x73, 0xf3, 0xff, 0xff, //0x00004bd0 .long L0_0_set_728
	0x73, 0xf3, 0xff, 0xff, //0x00004bd4 .long L0_0_set_728
	0x73, 0xf3, 0xff, 0xff, //0x00004bd8 .long L0_0_set_728
	0x73, 0xf3, 0xff, 0xff, //0x00004bdc .long L0_0_set_728
	0x73, 0xf3, 0xff, 0xff, //0x00004be0 .long L0_0_set_728
	0xda, 0xf0, 0xff, 0xff, //0x00004be4 .long L0_0_set_696
	0x73, 0xf3, 0xff, 0xff, //0x00004be8 .long L0_0_set_728
	0x73, 0xf3, 0xff, 0xff, //0x00004bec .long L0_0_set_728
	0xda, 0xf0, 0xff, 0xff, //0x00004bf0 .long L0_0_set_696
	0xda, 0xf0, 0xff, 0xff, //0x00004bf4 .long L0_0_set_696
	0xda, 0xf0, 0xff, 0xff, //0x00004bf8 .long L0_0_set_696
	0xda, 0xf0, 0xff, 0xff, //0x00004bfc .long L0_0_set_696
	0xda, 0xf0, 0xff, 0xff, //0x00004c00 .long L0_0_set_696
	0xda, 0xf0, 0xff, 0xff, //0x00004c04 .long L0_0_set_696
	0xda, 0xf0, 0xff, 0xff, //0x00004c08 .long L0_0_set_696
	0xda, 0xf0, 0xff, 0xff, //0x00004c0c .long L0_0_set_696
	0xda, 0xf0, 0xff, 0xff, //0x00004c10 .long L0_0_set_696
	0xda, 0xf0, 0xff, 0xff, //0x00004c14 .long L0_0_set_696
	0x73, 0xf3, 0xff, 0xff, //0x00004c18 .long L0_0_set_728
	0x73, 0xf3, 0xff, 0xff, //0x00004c1c .long L0_0_set_728
	0x73, 0xf3, 0xff, 0xff, //0x00004c20 .long L0_0_set_728
	0x73, 0xf3, 0xff, 0xff, //0x00004c24 .long L0_0_set_728
	0x73, 0xf3, 0xff, 0xff, //0x00004c28 .long L0_0_set_728
	0x73, 0xf3, 0xff, 0xff, //0x00004c2c .long L0_0_set_728
	0x73, 0xf3, 0xff, 0xff, //0x00004c30 .long L0_0_set_728
	0x73, 0xf3, 0xff, 0xff, //0x00004c34 .long L0_0_set_728
	0x73, 0xf3, 0xff, 0xff, //0x00004c38 .long L0_0_set_728
	0x73, 0xf3, 0xff, 0xff, //0x00004c3c .long L0_0_set_728
	0x73, 0xf3, 0xff, 0xff, //0x00004c40 .long L0_0_set_728
	0x73, 0xf3, 0xff, 0xff, //0x00004c44 .long L0_0_set_728
	0x73, 0xf3, 0xff, 0xff, //0x00004c48 .long L0_0_set_728
	0x73, 0xf3, 0xff, 0xff, //0x00004c4c .long L0_0_set_728
	0x73, 0xf3, 0xff, 0xff, //0x00004c50 .long L0_0_set_728
	0x73, 0xf3, 0xff, 0xff, //0x00004c54 .long L0_0_set_728
	0x73, 0xf3, 0xff, 0xff, //0x00004c58 .long L0_0_set_728
	0x73, 0xf3, 0xff, 0xff, //0x00004c5c .long L0_0_set_728
	0x73, 0xf3, 0xff, 0xff, //0x00004c60 .long L0_0_set_728
	0x73, 0xf3, 0xff, 0xff, //0x00004c64 .long L0_0_set_728
	0x73, 0xf3, 0xff, 0xff, //0x00004c68 .long L0_0_set_728
	0x73, 0xf3, 0xff, 0xff, //0x00004c6c .long L0_0_set_728
	0x73, 0xf3, 0xff, 0xff, //0x00004c70 .long L0_0_set_728
	0x73, 0xf3, 0xff, 0xff, //0x00004c74 .long L0_0_set_728
	0x73, 0xf3, 0xff, 0xff, //0x00004c78 .long L0_0_set_728
	0x73, 0xf3, 0xff, 0xff, //0x00004c7c .long L0_0_set_728
	0x73, 0xf3, 0xff, 0xff, //0x00004c80 .long L0_0_set_728
	0x73, 0xf3, 0xff, 0xff, //0x00004c84 .long L0_0_set_728
	0x73, 0xf3, 0xff, 0xff, //0x00004c88 .long L0_0_set_728
	0x73, 0xf3, 0xff, 0xff, //0x00004c8c .long L0_0_set_728
	0x73, 0xf3, 0xff, 0xff, //0x00004c90 .long L0_0_set_728
	0x73, 0xf3, 0xff, 0xff, //0x00004c94 .long L0_0_set_728
	0x73, 0xf3, 0xff, 0xff, //0x00004c98 .long L0_0_set_728
	0xe3, 0xf7, 0xff, 0xff, //0x00004c9c .long L0_0_set_757
	0x73, 0xf3, 0xff, 0xff, //0x00004ca0 .long L0_0_set_728
	0x73, 0xf3, 0xff, 0xff, //0x00004ca4 .long L0_0_set_728
	0x73, 0xf3, 0xff, 0xff, //0x00004ca8 .long L0_0_set_728
	0x73, 0xf3, 0xff, 0xff, //0x00004cac .long L0_0_set_728
	0x73, 0xf3, 0xff, 0xff, //0x00004cb0 .long L0_0_set_728
	0x73, 0xf3, 0xff, 0xff, //0x00004cb4 .long L0_0_set_728
	0x73, 0xf3, 0xff, 0xff, //0x00004cb8 .long L0_0_set_728
	0x73, 0xf3, 0xff, 0xff, //0x00004cbc .long L0_0_set_728
	0x73, 0xf3, 0xff, 0xff, //0x00004cc0 .long L0_0_set_728
	0x73, 0xf3, 0xff, 0xff, //0x00004cc4 .long L0_0_set_728
	0x7b, 0xf3, 0xff, 0xff, //0x00004cc8 .long L0_0_set_729
	0x73, 0xf3, 0xff, 0xff, //0x00004ccc .long L0_0_set_728
	0x73, 0xf3, 0xff, 0xff, //0x00004cd0 .long L0_0_set_728
	0x73, 0xf3, 0xff, 0xff, //0x00004cd4 .long L0_0_set_728
	0x73, 0xf3, 0xff, 0xff, //0x00004cd8 .long L0_0_set_728
	0x73, 0xf3, 0xff, 0xff, //0x00004cdc .long L0_0_set_728
	0x73, 0xf3, 0xff, 0xff, //0x00004ce0 .long L0_0_set_728
	0x73, 0xf3, 0xff, 0xff, //0x00004ce4 .long L0_0_set_728
	0x28, 0xf2, 0xff, 0xff, //0x00004ce8 .long L0_0_set_715
	0x73, 0xf3, 0xff, 0xff, //0x00004cec .long L0_0_set_728
	0x73, 0xf3, 0xff, 0xff, //0x00004cf0 .long L0_0_set_728
	0x73, 0xf3, 0xff, 0xff, //0x00004cf4 .long L0_0_set_728
	0x73, 0xf3, 0xff, 0xff, //0x00004cf8 .long L0_0_set_728
	0x73, 0xf3, 0xff, 0xff, //0x00004cfc .long L0_0_set_728
	0x28, 0xf2, 0xff, 0xff, //0x00004d00 .long L0_0_set_715
	0x73, 0xf3, 0xff, 0xff, //0x00004d04 .long L0_0_set_728
	0x73, 0xf3, 0xff, 0xff, //0x00004d08 .long L0_0_set_728
	0x73, 0xf3, 0xff, 0xff, //0x00004d0c .long L0_0_set_728
	0x73, 0xf3, 0xff, 0xff, //0x00004d10 .long L0_0_set_728
	0x73, 0xf3, 0xff, 0xff, //0x00004d14 .long L0_0_set_728
	0x73, 0xf3, 0xff, 0xff, //0x00004d18 .long L0_0_set_728
	0x95, 0xf3, 0xff, 0xff, //0x00004d1c .long L0_0_set_732
	// // .set L0_1_set_57, LBB0_57-LJTI0_1
	// // .set L0_1_set_82, LBB0_82-LJTI0_1
	// // .set L0_1_set_62, LBB0_62-LJTI0_1
	// // .set L0_1_set_80, LBB0_80-LJTI0_1
	// // .set L0_1_set_60, LBB0_60-LJTI0_1
	// // .set L0_1_set_84, LBB0_84-LJTI0_1
	//0x00004d20 LJTI0_1
	0xb6, 0xb7, 0xff, 0xff, //0x00004d20 .long L0_1_set_57
	0xd5, 0xb9, 0xff, 0xff, //0x00004d24 .long L0_1_set_82
	0xf0, 0xb7, 0xff, 0xff, //0x00004d28 .long L0_1_set_62
	0xbf, 0xb9, 0xff, 0xff, //0x00004d2c .long L0_1_set_80
	0xcd, 0xb7, 0xff, 0xff, //0x00004d30 .long L0_1_set_60
	0x00, 0xba, 0xff, 0xff, //0x00004d34 .long L0_1_set_84
	// // .set L0_2_set_224, LBB0_224-LJTI0_2
	// // .set L0_2_set_811, LBB0_811-LJTI0_2
	// // .set L0_2_set_208, LBB0_208-LJTI0_2
	//0x00004d38 LJTI0_2
	0xe1, 0xc6, 0xff, 0xff, //0x00004d38 .long L0_2_set_224
	0xbc, 0xfc, 0xff, 0xff, //0x00004d3c .long L0_2_set_811
	0xbc, 0xfc, 0xff, 0xff, //0x00004d40 .long L0_2_set_811
	0xbc, 0xfc, 0xff, 0xff, //0x00004d44 .long L0_2_set_811
	0xbc, 0xfc, 0xff, 0xff, //0x00004d48 .long L0_2_set_811
	0xbc, 0xfc, 0xff, 0xff, //0x00004d4c .long L0_2_set_811
	0xbc, 0xfc, 0xff, 0xff, //0x00004d50 .long L0_2_set_811
	0xbc, 0xfc, 0xff, 0xff, //0x00004d54 .long L0_2_set_811
	0xbc, 0xfc, 0xff, 0xff, //0x00004d58 .long L0_2_set_811
	0xbc, 0xfc, 0xff, 0xff, //0x00004d5c .long L0_2_set_811
	0xbc, 0xfc, 0xff, 0xff, //0x00004d60 .long L0_2_set_811
	0xbc, 0xfc, 0xff, 0xff, //0x00004d64 .long L0_2_set_811
	0xbc, 0xfc, 0xff, 0xff, //0x00004d68 .long L0_2_set_811
	0xe1, 0xc6, 0xff, 0xff, //0x00004d6c .long L0_2_set_224
	0xbc, 0xfc, 0xff, 0xff, //0x00004d70 .long L0_2_set_811
	0xbc, 0xfc, 0xff, 0xff, //0x00004d74 .long L0_2_set_811
	0xbc, 0xfc, 0xff, 0xff, //0x00004d78 .long L0_2_set_811
	0xbc, 0xfc, 0xff, 0xff, //0x00004d7c .long L0_2_set_811
	0xbc, 0xfc, 0xff, 0xff, //0x00004d80 .long L0_2_set_811
	0xbc, 0xfc, 0xff, 0xff, //0x00004d84 .long L0_2_set_811
	0xbc, 0xfc, 0xff, 0xff, //0x00004d88 .long L0_2_set_811
	0xbc, 0xfc, 0xff, 0xff, //0x00004d8c .long L0_2_set_811
	0xbc, 0xfc, 0xff, 0xff, //0x00004d90 .long L0_2_set_811
	0xbc, 0xfc, 0xff, 0xff, //0x00004d94 .long L0_2_set_811
	0xbc, 0xfc, 0xff, 0xff, //0x00004d98 .long L0_2_set_811
	0xbc, 0xfc, 0xff, 0xff, //0x00004d9c .long L0_2_set_811
	0xbc, 0xfc, 0xff, 0xff, //0x00004da0 .long L0_2_set_811
	0xbc, 0xfc, 0xff, 0xff, //0x00004da4 .long L0_2_set_811
	0xbc, 0xfc, 0xff, 0xff, //0x00004da8 .long L0_2_set_811
	0xbc, 0xfc, 0xff, 0xff, //0x00004dac .long L0_2_set_811
	0xbc, 0xfc, 0xff, 0xff, //0x00004db0 .long L0_2_set_811
	0xbc, 0xfc, 0xff, 0xff, //0x00004db4 .long L0_2_set_811
	0xbc, 0xfc, 0xff, 0xff, //0x00004db8 .long L0_2_set_811
	0xbc, 0xfc, 0xff, 0xff, //0x00004dbc .long L0_2_set_811
	0xbc, 0xfc, 0xff, 0xff, //0x00004dc0 .long L0_2_set_811
	0xbc, 0xfc, 0xff, 0xff, //0x00004dc4 .long L0_2_set_811
	0xbc, 0xfc, 0xff, 0xff, //0x00004dc8 .long L0_2_set_811
	0xbc, 0xfc, 0xff, 0xff, //0x00004dcc .long L0_2_set_811
	0xbc, 0xfc, 0xff, 0xff, //0x00004dd0 .long L0_2_set_811
	0xbc, 0xfc, 0xff, 0xff, //0x00004dd4 .long L0_2_set_811
	0xbc, 0xfc, 0xff, 0xff, //0x00004dd8 .long L0_2_set_811
	0xbc, 0xfc, 0xff, 0xff, //0x00004ddc .long L0_2_set_811
	0xbc, 0xfc, 0xff, 0xff, //0x00004de0 .long L0_2_set_811
	0xbc, 0xfc, 0xff, 0xff, //0x00004de4 .long L0_2_set_811
	0xbc, 0xfc, 0xff, 0xff, //0x00004de8 .long L0_2_set_811
	0xbc, 0xfc, 0xff, 0xff, //0x00004dec .long L0_2_set_811
	0xbc, 0xfc, 0xff, 0xff, //0x00004df0 .long L0_2_set_811
	0xbc, 0xfc, 0xff, 0xff, //0x00004df4 .long L0_2_set_811
	0xbc, 0xfc, 0xff, 0xff, //0x00004df8 .long L0_2_set_811
	0xbc, 0xfc, 0xff, 0xff, //0x00004dfc .long L0_2_set_811
	0xbc, 0xfc, 0xff, 0xff, //0x00004e00 .long L0_2_set_811
	0xbc, 0xfc, 0xff, 0xff, //0x00004e04 .long L0_2_set_811
	0xbc, 0xfc, 0xff, 0xff, //0x00004e08 .long L0_2_set_811
	0xbc, 0xfc, 0xff, 0xff, //0x00004e0c .long L0_2_set_811
	0xbc, 0xfc, 0xff, 0xff, //0x00004e10 .long L0_2_set_811
	0xbc, 0xfc, 0xff, 0xff, //0x00004e14 .long L0_2_set_811
	0xbc, 0xfc, 0xff, 0xff, //0x00004e18 .long L0_2_set_811
	0xbc, 0xfc, 0xff, 0xff, //0x00004e1c .long L0_2_set_811
	0xe1, 0xc6, 0xff, 0xff, //0x00004e20 .long L0_2_set_224
	0xbc, 0xfc, 0xff, 0xff, //0x00004e24 .long L0_2_set_811
	0xbc, 0xfc, 0xff, 0xff, //0x00004e28 .long L0_2_set_811
	0xbc, 0xfc, 0xff, 0xff, //0x00004e2c .long L0_2_set_811
	0xbc, 0xfc, 0xff, 0xff, //0x00004e30 .long L0_2_set_811
	0xbc, 0xfc, 0xff, 0xff, //0x00004e34 .long L0_2_set_811
	0xe1, 0xc6, 0xff, 0xff, //0x00004e38 .long L0_2_set_224
	0xbc, 0xfc, 0xff, 0xff, //0x00004e3c .long L0_2_set_811
	0xbc, 0xfc, 0xff, 0xff, //0x00004e40 .long L0_2_set_811
	0xbc, 0xfc, 0xff, 0xff, //0x00004e44 .long L0_2_set_811
	0xe1, 0xc6, 0xff, 0xff, //0x00004e48 .long L0_2_set_224
	0xbc, 0xfc, 0xff, 0xff, //0x00004e4c .long L0_2_set_811
	0xbc, 0xfc, 0xff, 0xff, //0x00004e50 .long L0_2_set_811
	0xbc, 0xfc, 0xff, 0xff, //0x00004e54 .long L0_2_set_811
	0xbc, 0xfc, 0xff, 0xff, //0x00004e58 .long L0_2_set_811
	0xbc, 0xfc, 0xff, 0xff, //0x00004e5c .long L0_2_set_811
	0xbc, 0xfc, 0xff, 0xff, //0x00004e60 .long L0_2_set_811
	0xbc, 0xfc, 0xff, 0xff, //0x00004e64 .long L0_2_set_811
	0xe1, 0xc6, 0xff, 0xff, //0x00004e68 .long L0_2_set_224
	0xbc, 0xfc, 0xff, 0xff, //0x00004e6c .long L0_2_set_811
	0xbc, 0xfc, 0xff, 0xff, //0x00004e70 .long L0_2_set_811
	0xbc, 0xfc, 0xff, 0xff, //0x00004e74 .long L0_2_set_811
	0xe1, 0xc6, 0xff, 0xff, //0x00004e78 .long L0_2_set_224
	0xbc, 0xfc, 0xff, 0xff, //0x00004e7c .long L0_2_set_811
	0xe1, 0xc6, 0xff, 0xff, //0x00004e80 .long L0_2_set_224
	0xdf, 0xc4, 0xff, 0xff, //0x00004e84 .long L0_2_set_208
	// // .set L0_3_set_661, LBB0_661-LJTI0_3
	// // .set L0_3_set_811, LBB0_811-LJTI0_3
	// // .set L0_3_set_640, LBB0_640-LJTI0_3
	//0x00004e88 LJTI0_3
	0xac, 0xea, 0xff, 0xff, //0x00004e88 .long L0_3_set_661
	0x6c, 0xfb, 0xff, 0xff, //0x00004e8c .long L0_3_set_811
	0x6c, 0xfb, 0xff, 0xff, //0x00004e90 .long L0_3_set_811
	0x6c, 0xfb, 0xff, 0xff, //0x00004e94 .long L0_3_set_811
	0x6c, 0xfb, 0xff, 0xff, //0x00004e98 .long L0_3_set_811
	0x6c, 0xfb, 0xff, 0xff, //0x00004e9c .long L0_3_set_811
	0x6c, 0xfb, 0xff, 0xff, //0x00004ea0 .long L0_3_set_811
	0x6c, 0xfb, 0xff, 0xff, //0x00004ea4 .long L0_3_set_811
	0x6c, 0xfb, 0xff, 0xff, //0x00004ea8 .long L0_3_set_811
	0x6c, 0xfb, 0xff, 0xff, //0x00004eac .long L0_3_set_811
	0x6c, 0xfb, 0xff, 0xff, //0x00004eb0 .long L0_3_set_811
	0x6c, 0xfb, 0xff, 0xff, //0x00004eb4 .long L0_3_set_811
	0x6c, 0xfb, 0xff, 0xff, //0x00004eb8 .long L0_3_set_811
	0xac, 0xea, 0xff, 0xff, //0x00004ebc .long L0_3_set_661
	0x6c, 0xfb, 0xff, 0xff, //0x00004ec0 .long L0_3_set_811
	0x6c, 0xfb, 0xff, 0xff, //0x00004ec4 .long L0_3_set_811
	0x6c, 0xfb, 0xff, 0xff, //0x00004ec8 .long L0_3_set_811
	0x6c, 0xfb, 0xff, 0xff, //0x00004ecc .long L0_3_set_811
	0x6c, 0xfb, 0xff, 0xff, //0x00004ed0 .long L0_3_set_811
	0x6c, 0xfb, 0xff, 0xff, //0x00004ed4 .long L0_3_set_811
	0x6c, 0xfb, 0xff, 0xff, //0x00004ed8 .long L0_3_set_811
	0x6c, 0xfb, 0xff, 0xff, //0x00004edc .long L0_3_set_811
	0x6c, 0xfb, 0xff, 0xff, //0x00004ee0 .long L0_3_set_811
	0x6c, 0xfb, 0xff, 0xff, //0x00004ee4 .long L0_3_set_811
	0x6c, 0xfb, 0xff, 0xff, //0x00004ee8 .long L0_3_set_811
	0x6c, 0xfb, 0xff, 0xff, //0x00004eec .long L0_3_set_811
	0x6c, 0xfb, 0xff, 0xff, //0x00004ef0 .long L0_3_set_811
	0x6c, 0xfb, 0xff, 0xff, //0x00004ef4 .long L0_3_set_811
	0x6c, 0xfb, 0xff, 0xff, //0x00004ef8 .long L0_3_set_811
	0x6c, 0xfb, 0xff, 0xff, //0x00004efc .long L0_3_set_811
	0x6c, 0xfb, 0xff, 0xff, //0x00004f00 .long L0_3_set_811
	0x6c, 0xfb, 0xff, 0xff, //0x00004f04 .long L0_3_set_811
	0x6c, 0xfb, 0xff, 0xff, //0x00004f08 .long L0_3_set_811
	0x6c, 0xfb, 0xff, 0xff, //0x00004f0c .long L0_3_set_811
	0x6c, 0xfb, 0xff, 0xff, //0x00004f10 .long L0_3_set_811
	0x6c, 0xfb, 0xff, 0xff, //0x00004f14 .long L0_3_set_811
	0x6c, 0xfb, 0xff, 0xff, //0x00004f18 .long L0_3_set_811
	0x6c, 0xfb, 0xff, 0xff, //0x00004f1c .long L0_3_set_811
	0x6c, 0xfb, 0xff, 0xff, //0x00004f20 .long L0_3_set_811
	0x6c, 0xfb, 0xff, 0xff, //0x00004f24 .long L0_3_set_811
	0x6c, 0xfb, 0xff, 0xff, //0x00004f28 .long L0_3_set_811
	0x6c, 0xfb, 0xff, 0xff, //0x00004f2c .long L0_3_set_811
	0x6c, 0xfb, 0xff, 0xff, //0x00004f30 .long L0_3_set_811
	0x6c, 0xfb, 0xff, 0xff, //0x00004f34 .long L0_3_set_811
	0x6c, 0xfb, 0xff, 0xff, //0x00004f38 .long L0_3_set_811
	0x6c, 0xfb, 0xff, 0xff, //0x00004f3c .long L0_3_set_811
	0x6c, 0xfb, 0xff, 0xff, //0x00004f40 .long L0_3_set_811
	0x6c, 0xfb, 0xff, 0xff, //0x00004f44 .long L0_3_set_811
	0x6c, 0xfb, 0xff, 0xff, //0x00004f48 .long L0_3_set_811
	0x6c, 0xfb, 0xff, 0xff, //0x00004f4c .long L0_3_set_811
	0x6c, 0xfb, 0xff, 0xff, //0x00004f50 .long L0_3_set_811
	0x6c, 0xfb, 0xff, 0xff, //0x00004f54 .long L0_3_set_811
	0x6c, 0xfb, 0xff, 0xff, //0x00004f58 .long L0_3_set_811
	0x6c, 0xfb, 0xff, 0xff, //0x00004f5c .long L0_3_set_811
	0x6c, 0xfb, 0xff, 0xff, //0x00004f60 .long L0_3_set_811
	0x6c, 0xfb, 0xff, 0xff, //0x00004f64 .long L0_3_set_811
	0x6c, 0xfb, 0xff, 0xff, //0x00004f68 .long L0_3_set_811
	0x6c, 0xfb, 0xff, 0xff, //0x00004f6c .long L0_3_set_811
	0xac, 0xea, 0xff, 0xff, //0x00004f70 .long L0_3_set_661
	0x6c, 0xfb, 0xff, 0xff, //0x00004f74 .long L0_3_set_811
	0x6c, 0xfb, 0xff, 0xff, //0x00004f78 .long L0_3_set_811
	0x6c, 0xfb, 0xff, 0xff, //0x00004f7c .long L0_3_set_811
	0x6c, 0xfb, 0xff, 0xff, //0x00004f80 .long L0_3_set_811
	0x6c, 0xfb, 0xff, 0xff, //0x00004f84 .long L0_3_set_811
	0xac, 0xea, 0xff, 0xff, //0x00004f88 .long L0_3_set_661
	0x6c, 0xfb, 0xff, 0xff, //0x00004f8c .long L0_3_set_811
	0x6c, 0xfb, 0xff, 0xff, //0x00004f90 .long L0_3_set_811
	0x6c, 0xfb, 0xff, 0xff, //0x00004f94 .long L0_3_set_811
	0xac, 0xea, 0xff, 0xff, //0x00004f98 .long L0_3_set_661
	0x6c, 0xfb, 0xff, 0xff, //0x00004f9c .long L0_3_set_811
	0x6c, 0xfb, 0xff, 0xff, //0x00004fa0 .long L0_3_set_811
	0x6c, 0xfb, 0xff, 0xff, //0x00004fa4 .long L0_3_set_811
	0x6c, 0xfb, 0xff, 0xff, //0x00004fa8 .long L0_3_set_811
	0x6c, 0xfb, 0xff, 0xff, //0x00004fac .long L0_3_set_811
	0x6c, 0xfb, 0xff, 0xff, //0x00004fb0 .long L0_3_set_811
	0x6c, 0xfb, 0xff, 0xff, //0x00004fb4 .long L0_3_set_811
	0xac, 0xea, 0xff, 0xff, //0x00004fb8 .long L0_3_set_661
	0x6c, 0xfb, 0xff, 0xff, //0x00004fbc .long L0_3_set_811
	0x6c, 0xfb, 0xff, 0xff, //0x00004fc0 .long L0_3_set_811
	0x6c, 0xfb, 0xff, 0xff, //0x00004fc4 .long L0_3_set_811
	0xac, 0xea, 0xff, 0xff, //0x00004fc8 .long L0_3_set_661
	0x6c, 0xfb, 0xff, 0xff, //0x00004fcc .long L0_3_set_811
	0xac, 0xea, 0xff, 0xff, //0x00004fd0 .long L0_3_set_661
	0x8d, 0xe8, 0xff, 0xff, //0x00004fd4 .long L0_3_set_640
	// // .set L0_4_set_473, LBB0_473-LJTI0_4
	// // .set L0_4_set_833, LBB0_833-LJTI0_4
	// // .set L0_4_set_476, LBB0_476-LJTI0_4
	//0x00004fd8 LJTI0_4
	0xfd, 0xd8, 0xff, 0xff, //0x00004fd8 .long L0_4_set_473
	0x45, 0xfb, 0xff, 0xff, //0x00004fdc .long L0_4_set_833
	0x45, 0xfb, 0xff, 0xff, //0x00004fe0 .long L0_4_set_833
	0x45, 0xfb, 0xff, 0xff, //0x00004fe4 .long L0_4_set_833
	0x45, 0xfb, 0xff, 0xff, //0x00004fe8 .long L0_4_set_833
	0x45, 0xfb, 0xff, 0xff, //0x00004fec .long L0_4_set_833
	0x45, 0xfb, 0xff, 0xff, //0x00004ff0 .long L0_4_set_833
	0x45, 0xfb, 0xff, 0xff, //0x00004ff4 .long L0_4_set_833
	0x45, 0xfb, 0xff, 0xff, //0x00004ff8 .long L0_4_set_833
	0x45, 0xfb, 0xff, 0xff, //0x00004ffc .long L0_4_set_833
	0x45, 0xfb, 0xff, 0xff, //0x00005000 .long L0_4_set_833
	0x45, 0xfb, 0xff, 0xff, //0x00005004 .long L0_4_set_833
	0x45, 0xfb, 0xff, 0xff, //0x00005008 .long L0_4_set_833
	0xfd, 0xd8, 0xff, 0xff, //0x0000500c .long L0_4_set_473
	0x45, 0xfb, 0xff, 0xff, //0x00005010 .long L0_4_set_833
	0x45, 0xfb, 0xff, 0xff, //0x00005014 .long L0_4_set_833
	0x45, 0xfb, 0xff, 0xff, //0x00005018 .long L0_4_set_833
	0x45, 0xfb, 0xff, 0xff, //0x0000501c .long L0_4_set_833
	0x45, 0xfb, 0xff, 0xff, //0x00005020 .long L0_4_set_833
	0x45, 0xfb, 0xff, 0xff, //0x00005024 .long L0_4_set_833
	0x45, 0xfb, 0xff, 0xff, //0x00005028 .long L0_4_set_833
	0x45, 0xfb, 0xff, 0xff, //0x0000502c .long L0_4_set_833
	0x45, 0xfb, 0xff, 0xff, //0x00005030 .long L0_4_set_833
	0x45, 0xfb, 0xff, 0xff, //0x00005034 .long L0_4_set_833
	0x45, 0xfb, 0xff, 0xff, //0x00005038 .long L0_4_set_833
	0x45, 0xfb, 0xff, 0xff, //0x0000503c .long L0_4_set_833
	0x45, 0xfb, 0xff, 0xff, //0x00005040 .long L0_4_set_833
	0x45, 0xfb, 0xff, 0xff, //0x00005044 .long L0_4_set_833
	0x45, 0xfb, 0xff, 0xff, //0x00005048 .long L0_4_set_833
	0x45, 0xfb, 0xff, 0xff, //0x0000504c .long L0_4_set_833
	0x45, 0xfb, 0xff, 0xff, //0x00005050 .long L0_4_set_833
	0x45, 0xfb, 0xff, 0xff, //0x00005054 .long L0_4_set_833
	0x45, 0xfb, 0xff, 0xff, //0x00005058 .long L0_4_set_833
	0x45, 0xfb, 0xff, 0xff, //0x0000505c .long L0_4_set_833
	0x45, 0xfb, 0xff, 0xff, //0x00005060 .long L0_4_set_833
	0x45, 0xfb, 0xff, 0xff, //0x00005064 .long L0_4_set_833
	0x45, 0xfb, 0xff, 0xff, //0x00005068 .long L0_4_set_833
	0x45, 0xfb, 0xff, 0xff, //0x0000506c .long L0_4_set_833
	0x45, 0xfb, 0xff, 0xff, //0x00005070 .long L0_4_set_833
	0x45, 0xfb, 0xff, 0xff, //0x00005074 .long L0_4_set_833
	0x45, 0xfb, 0xff, 0xff, //0x00005078 .long L0_4_set_833
	0x45, 0xfb, 0xff, 0xff, //0x0000507c .long L0_4_set_833
	0x45, 0xfb, 0xff, 0xff, //0x00005080 .long L0_4_set_833
	0x45, 0xfb, 0xff, 0xff, //0x00005084 .long L0_4_set_833
	0x45, 0xfb, 0xff, 0xff, //0x00005088 .long L0_4_set_833
	0x45, 0xfb, 0xff, 0xff, //0x0000508c .long L0_4_set_833
	0x45, 0xfb, 0xff, 0xff, //0x00005090 .long L0_4_set_833
	0x45, 0xfb, 0xff, 0xff, //0x00005094 .long L0_4_set_833
	0x45, 0xfb, 0xff, 0xff, //0x00005098 .long L0_4_set_833
	0x45, 0xfb, 0xff, 0xff, //0x0000509c .long L0_4_set_833
	0x45, 0xfb, 0xff, 0xff, //0x000050a0 .long L0_4_set_833
	0x45, 0xfb, 0xff, 0xff, //0x000050a4 .long L0_4_set_833
	0x45, 0xfb, 0xff, 0xff, //0x000050a8 .long L0_4_set_833
	0x45, 0xfb, 0xff, 0xff, //0x000050ac .long L0_4_set_833
	0x45, 0xfb, 0xff, 0xff, //0x000050b0 .long L0_4_set_833
	0x45, 0xfb, 0xff, 0xff, //0x000050b4 .long L0_4_set_833
	0x45, 0xfb, 0xff, 0xff, //0x000050b8 .long L0_4_set_833
	0x45, 0xfb, 0xff, 0xff, //0x000050bc .long L0_4_set_833
	0xfd, 0xd8, 0xff, 0xff, //0x000050c0 .long L0_4_set_473
	0x45, 0xfb, 0xff, 0xff, //0x000050c4 .long L0_4_set_833
	0x45, 0xfb, 0xff, 0xff, //0x000050c8 .long L0_4_set_833
	0x45, 0xfb, 0xff, 0xff, //0x000050cc .long L0_4_set_833
	0x45, 0xfb, 0xff, 0xff, //0x000050d0 .long L0_4_set_833
	0x45, 0xfb, 0xff, 0xff, //0x000050d4 .long L0_4_set_833
	0xfd, 0xd8, 0xff, 0xff, //0x000050d8 .long L0_4_set_473
	0x45, 0xfb, 0xff, 0xff, //0x000050dc .long L0_4_set_833
	0x45, 0xfb, 0xff, 0xff, //0x000050e0 .long L0_4_set_833
	0x45, 0xfb, 0xff, 0xff, //0x000050e4 .long L0_4_set_833
	0xfd, 0xd8, 0xff, 0xff, //0x000050e8 .long L0_4_set_473
	0x45, 0xfb, 0xff, 0xff, //0x000050ec .long L0_4_set_833
	0x45, 0xfb, 0xff, 0xff, //0x000050f0 .long L0_4_set_833
	0x45, 0xfb, 0xff, 0xff, //0x000050f4 .long L0_4_set_833
	0x45, 0xfb, 0xff, 0xff, //0x000050f8 .long L0_4_set_833
	0x45, 0xfb, 0xff, 0xff, //0x000050fc .long L0_4_set_833
	0x45, 0xfb, 0xff, 0xff, //0x00005100 .long L0_4_set_833
	0x45, 0xfb, 0xff, 0xff, //0x00005104 .long L0_4_set_833
	0xfd, 0xd8, 0xff, 0xff, //0x00005108 .long L0_4_set_473
	0x45, 0xfb, 0xff, 0xff, //0x0000510c .long L0_4_set_833
	0x45, 0xfb, 0xff, 0xff, //0x00005110 .long L0_4_set_833
	0x45, 0xfb, 0xff, 0xff, //0x00005114 .long L0_4_set_833
	0xfd, 0xd8, 0xff, 0xff, //0x00005118 .long L0_4_set_473
	0x45, 0xfb, 0xff, 0xff, //0x0000511c .long L0_4_set_833
	0xfd, 0xd8, 0xff, 0xff, //0x00005120 .long L0_4_set_473
	0x2c, 0xd9, 0xff, 0xff, //0x00005124 .long L0_4_set_476
	// // .set L0_5_set_182, LBB0_182-LJTI0_5
	// // .set L0_5_set_816, LBB0_816-LJTI0_5
	// // .set L0_5_set_166, LBB0_166-LJTI0_5
	//0x00005128 LJTI0_5
	0x72, 0xbe, 0xff, 0xff, //0x00005128 .long L0_5_set_182
	0xeb, 0xf8, 0xff, 0xff, //0x0000512c .long L0_5_set_816
	0xeb, 0xf8, 0xff, 0xff, //0x00005130 .long L0_5_set_816
	0xeb, 0xf8, 0xff, 0xff, //0x00005134 .long L0_5_set_816
	0xeb, 0xf8, 0xff, 0xff, //0x00005138 .long L0_5_set_816
	0xeb, 0xf8, 0xff, 0xff, //0x0000513c .long L0_5_set_816
	0xeb, 0xf8, 0xff, 0xff, //0x00005140 .long L0_5_set_816
	0xeb, 0xf8, 0xff, 0xff, //0x00005144 .long L0_5_set_816
	0xeb, 0xf8, 0xff, 0xff, //0x00005148 .long L0_5_set_816
	0xeb, 0xf8, 0xff, 0xff, //0x0000514c .long L0_5_set_816
	0xeb, 0xf8, 0xff, 0xff, //0x00005150 .long L0_5_set_816
	0xeb, 0xf8, 0xff, 0xff, //0x00005154 .long L0_5_set_816
	0xeb, 0xf8, 0xff, 0xff, //0x00005158 .long L0_5_set_816
	0x72, 0xbe, 0xff, 0xff, //0x0000515c .long L0_5_set_182
	0xeb, 0xf8, 0xff, 0xff, //0x00005160 .long L0_5_set_816
	0xeb, 0xf8, 0xff, 0xff, //0x00005164 .long L0_5_set_816
	0xeb, 0xf8, 0xff, 0xff, //0x00005168 .long L0_5_set_816
	0xeb, 0xf8, 0xff, 0xff, //0x0000516c .long L0_5_set_816
	0xeb, 0xf8, 0xff, 0xff, //0x00005170 .long L0_5_set_816
	0xeb, 0xf8, 0xff, 0xff, //0x00005174 .long L0_5_set_816
	0xeb, 0xf8, 0xff, 0xff, //0x00005178 .long L0_5_set_816
	0xeb, 0xf8, 0xff, 0xff, //0x0000517c .long L0_5_set_816
	0xeb, 0xf8, 0xff, 0xff, //0x00005180 .long L0_5_set_816
	0xeb, 0xf8, 0xff, 0xff, //0x00005184 .long L0_5_set_816
	0xeb, 0xf8, 0xff, 0xff, //0x00005188 .long L0_5_set_816
	0xeb, 0xf8, 0xff, 0xff, //0x0000518c .long L0_5_set_816
	0xeb, 0xf8, 0xff, 0xff, //0x00005190 .long L0_5_set_816
	0xeb, 0xf8, 0xff, 0xff, //0x00005194 .long L0_5_set_816
	0xeb, 0xf8, 0xff, 0xff, //0x00005198 .long L0_5_set_816
	0xeb, 0xf8, 0xff, 0xff, //0x0000519c .long L0_5_set_816
	0xeb, 0xf8, 0xff, 0xff, //0x000051a0 .long L0_5_set_816
	0xeb, 0xf8, 0xff, 0xff, //0x000051a4 .long L0_5_set_816
	0xeb, 0xf8, 0xff, 0xff, //0x000051a8 .long L0_5_set_816
	0xeb, 0xf8, 0xff, 0xff, //0x000051ac .long L0_5_set_816
	0xeb, 0xf8, 0xff, 0xff, //0x000051b0 .long L0_5_set_816
	0xeb, 0xf8, 0xff, 0xff, //0x000051b4 .long L0_5_set_816
	0xeb, 0xf8, 0xff, 0xff, //0x000051b8 .long L0_5_set_816
	0xeb, 0xf8, 0xff, 0xff, //0x000051bc .long L0_5_set_816
	0xeb, 0xf8, 0xff, 0xff, //0x000051c0 .long L0_5_set_816
	0xeb, 0xf8, 0xff, 0xff, //0x000051c4 .long L0_5_set_816
	0xeb, 0xf8, 0xff, 0xff, //0x000051c8 .long L0_5_set_816
	0xeb, 0xf8, 0xff, 0xff, //0x000051cc .long L0_5_set_816
	0xeb, 0xf8, 0xff, 0xff, //0x000051d0 .long L0_5_set_816
	0xeb, 0xf8, 0xff, 0xff, //0x000051d4 .long L0_5_set_816
	0xeb, 0xf8, 0xff, 0xff, //0x000051d8 .long L0_5_set_816
	0xeb, 0xf8, 0xff, 0xff, //0x000051dc .long L0_5_set_816
	0xeb, 0xf8, 0xff, 0xff, //0x000051e0 .long L0_5_set_816
	0xeb, 0xf8, 0xff, 0xff, //0x000051e4 .long L0_5_set_816
	0xeb, 0xf8, 0xff, 0xff, //0x000051e8 .long L0_5_set_816
	0xeb, 0xf8, 0xff, 0xff, //0x000051ec .long L0_5_set_816
	0xeb, 0xf8, 0xff, 0xff, //0x000051f0 .long L0_5_set_816
	0xeb, 0xf8, 0xff, 0xff, //0x000051f4 .long L0_5_set_816
	0xeb, 0xf8, 0xff, 0xff, //0x000051f8 .long L0_5_set_816
	0xeb, 0xf8, 0xff, 0xff, //0x000051fc .long L0_5_set_816
	0xeb, 0xf8, 0xff, 0xff, //0x00005200 .long L0_5_set_816
	0xeb, 0xf8, 0xff, 0xff, //0x00005204 .long L0_5_set_816
	0xeb, 0xf8, 0xff, 0xff, //0x00005208 .long L0_5_set_816
	0xeb, 0xf8, 0xff, 0xff, //0x0000520c .long L0_5_set_816
	0x72, 0xbe, 0xff, 0xff, //0x00005210 .long L0_5_set_182
	0xeb, 0xf8, 0xff, 0xff, //0x00005214 .long L0_5_set_816
	0xeb, 0xf8, 0xff, 0xff, //0x00005218 .long L0_5_set_816
	0xeb, 0xf8, 0xff, 0xff, //0x0000521c .long L0_5_set_816
	0xeb, 0xf8, 0xff, 0xff, //0x00005220 .long L0_5_set_816
	0xeb, 0xf8, 0xff, 0xff, //0x00005224 .long L0_5_set_816
	0x72, 0xbe, 0xff, 0xff, //0x00005228 .long L0_5_set_182
	0xeb, 0xf8, 0xff, 0xff, //0x0000522c .long L0_5_set_816
	0xeb, 0xf8, 0xff, 0xff, //0x00005230 .long L0_5_set_816
	0xeb, 0xf8, 0xff, 0xff, //0x00005234 .long L0_5_set_816
	0x72, 0xbe, 0xff, 0xff, //0x00005238 .long L0_5_set_182
	0xeb, 0xf8, 0xff, 0xff, //0x0000523c .long L0_5_set_816
	0xeb, 0xf8, 0xff, 0xff, //0x00005240 .long L0_5_set_816
	0xeb, 0xf8, 0xff, 0xff, //0x00005244 .long L0_5_set_816
	0xeb, 0xf8, 0xff, 0xff, //0x00005248 .long L0_5_set_816
	0xeb, 0xf8, 0xff, 0xff, //0x0000524c .long L0_5_set_816
	0xeb, 0xf8, 0xff, 0xff, //0x00005250 .long L0_5_set_816
	0xeb, 0xf8, 0xff, 0xff, //0x00005254 .long L0_5_set_816
	0x72, 0xbe, 0xff, 0xff, //0x00005258 .long L0_5_set_182
	0xeb, 0xf8, 0xff, 0xff, //0x0000525c .long L0_5_set_816
	0xeb, 0xf8, 0xff, 0xff, //0x00005260 .long L0_5_set_816
	0xeb, 0xf8, 0xff, 0xff, //0x00005264 .long L0_5_set_816
	0x72, 0xbe, 0xff, 0xff, //0x00005268 .long L0_5_set_182
	0xeb, 0xf8, 0xff, 0xff, //0x0000526c .long L0_5_set_816
	0x72, 0xbe, 0xff, 0xff, //0x00005270 .long L0_5_set_182
	0x7f, 0xbc, 0xff, 0xff, //0x00005274 .long L0_5_set_166
	// // .set L0_6_set_633, LBB0_633-LJTI0_6
	// // .set L0_6_set_816, LBB0_816-LJTI0_6
	// // .set L0_6_set_612, LBB0_612-LJTI0_6
	//0x00005278 LJTI0_6
	0xf3, 0xe3, 0xff, 0xff, //0x00005278 .long L0_6_set_633
	0x9b, 0xf7, 0xff, 0xff, //0x0000527c .long L0_6_set_816
	0x9b, 0xf7, 0xff, 0xff, //0x00005280 .long L0_6_set_816
	0x9b, 0xf7, 0xff, 0xff, //0x00005284 .long L0_6_set_816
	0x9b, 0xf7, 0xff, 0xff, //0x00005288 .long L0_6_set_816
	0x9b, 0xf7, 0xff, 0xff, //0x0000528c .long L0_6_set_816
	0x9b, 0xf7, 0xff, 0xff, //0x00005290 .long L0_6_set_816
	0x9b, 0xf7, 0xff, 0xff, //0x00005294 .long L0_6_set_816
	0x9b, 0xf7, 0xff, 0xff, //0x00005298 .long L0_6_set_816
	0x9b, 0xf7, 0xff, 0xff, //0x0000529c .long L0_6_set_816
	0x9b, 0xf7, 0xff, 0xff, //0x000052a0 .long L0_6_set_816
	0x9b, 0xf7, 0xff, 0xff, //0x000052a4 .long L0_6_set_816
	0x9b, 0xf7, 0xff, 0xff, //0x000052a8 .long L0_6_set_816
	0xf3, 0xe3, 0xff, 0xff, //0x000052ac .long L0_6_set_633
	0x9b, 0xf7, 0xff, 0xff, //0x000052b0 .long L0_6_set_816
	0x9b, 0xf7, 0xff, 0xff, //0x000052b4 .long L0_6_set_816
	0x9b, 0xf7, 0xff, 0xff, //0x000052b8 .long L0_6_set_816
	0x9b, 0xf7, 0xff, 0xff, //0x000052bc .long L0_6_set_816
	0x9b, 0xf7, 0xff, 0xff, //0x000052c0 .long L0_6_set_816
	0x9b, 0xf7, 0xff, 0xff, //0x000052c4 .long L0_6_set_816
	0x9b, 0xf7, 0xff, 0xff, //0x000052c8 .long L0_6_set_816
	0x9b, 0xf7, 0xff, 0xff, //0x000052cc .long L0_6_set_816
	0x9b, 0xf7, 0xff, 0xff, //0x000052d0 .long L0_6_set_816
	0x9b, 0xf7, 0xff, 0xff, //0x000052d4 .long L0_6_set_816
	0x9b, 0xf7, 0xff, 0xff, //0x000052d8 .long L0_6_set_816
	0x9b, 0xf7, 0xff, 0xff, //0x000052dc .long L0_6_set_816
	0x9b, 0xf7, 0xff, 0xff, //0x000052e0 .long L0_6_set_816
	0x9b, 0xf7, 0xff, 0xff, //0x000052e4 .long L0_6_set_816
	0x9b, 0xf7, 0xff, 0xff, //0x000052e8 .long L0_6_set_816
	0x9b, 0xf7, 0xff, 0xff, //0x000052ec .long L0_6_set_816
	0x9b, 0xf7, 0xff, 0xff, //0x000052f0 .long L0_6_set_816
	0x9b, 0xf7, 0xff, 0xff, //0x000052f4 .long L0_6_set_816
	0x9b, 0xf7, 0xff, 0xff, //0x000052f8 .long L0_6_set_816
	0x9b, 0xf7, 0xff, 0xff, //0x000052fc .long L0_6_set_816
	0x9b, 0xf7, 0xff, 0xff, //0x00005300 .long L0_6_set_816
	0x9b, 0xf7, 0xff, 0xff, //0x00005304 .long L0_6_set_816
	0x9b, 0xf7, 0xff, 0xff, //0x00005308 .long L0_6_set_816
	0x9b, 0xf7, 0xff, 0xff, //0x0000530c .long L0_6_set_816
	0x9b, 0xf7, 0xff, 0xff, //0x00005310 .long L0_6_set_816
	0x9b, 0xf7, 0xff, 0xff, //0x00005314 .long L0_6_set_816
	0x9b, 0xf7, 0xff, 0xff, //0x00005318 .long L0_6_set_816
	0x9b, 0xf7, 0xff, 0xff, //0x0000531c .long L0_6_set_816
	0x9b, 0xf7, 0xff, 0xff, //0x00005320 .long L0_6_set_816
	0x9b, 0xf7, 0xff, 0xff, //0x00005324 .long L0_6_set_816
	0x9b, 0xf7, 0xff, 0xff, //0x00005328 .long L0_6_set_816
	0x9b, 0xf7, 0xff, 0xff, //0x0000532c .long L0_6_set_816
	0x9b, 0xf7, 0xff, 0xff, //0x00005330 .long L0_6_set_816
	0x9b, 0xf7, 0xff, 0xff, //0x00005334 .long L0_6_set_816
	0x9b, 0xf7, 0xff, 0xff, //0x00005338 .long L0_6_set_816
	0x9b, 0xf7, 0xff, 0xff, //0x0000533c .long L0_6_set_816
	0x9b, 0xf7, 0xff, 0xff, //0x00005340 .long L0_6_set_816
	0x9b, 0xf7, 0xff, 0xff, //0x00005344 .long L0_6_set_816
	0x9b, 0xf7, 0xff, 0xff, //0x00005348 .long L0_6_set_816
	0x9b, 0xf7, 0xff, 0xff, //0x0000534c .long L0_6_set_816
	0x9b, 0xf7, 0xff, 0xff, //0x00005350 .long L0_6_set_816
	0x9b, 0xf7, 0xff, 0xff, //0x00005354 .long L0_6_set_816
	0x9b, 0xf7, 0xff, 0xff, //0x00005358 .long L0_6_set_816
	0x9b, 0xf7, 0xff, 0xff, //0x0000535c .long L0_6_set_816
	0xf3, 0xe3, 0xff, 0xff, //0x00005360 .long L0_6_set_633
	0x9b, 0xf7, 0xff, 0xff, //0x00005364 .long L0_6_set_816
	0x9b, 0xf7, 0xff, 0xff, //0x00005368 .long L0_6_set_816
	0x9b, 0xf7, 0xff, 0xff, //0x0000536c .long L0_6_set_816
	0x9b, 0xf7, 0xff, 0xff, //0x00005370 .long L0_6_set_816
	0x9b, 0xf7, 0xff, 0xff, //0x00005374 .long L0_6_set_816
	0xf3, 0xe3, 0xff, 0xff, //0x00005378 .long L0_6_set_633
	0x9b, 0xf7, 0xff, 0xff, //0x0000537c .long L0_6_set_816
	0x9b, 0xf7, 0xff, 0xff, //0x00005380 .long L0_6_set_816
	0x9b, 0xf7, 0xff, 0xff, //0x00005384 .long L0_6_set_816
	0xf3, 0xe3, 0xff, 0xff, //0x00005388 .long L0_6_set_633
	0x9b, 0xf7, 0xff, 0xff, //0x0000538c .long L0_6_set_816
	0x9b, 0xf7, 0xff, 0xff, //0x00005390 .long L0_6_set_816
	0x9b, 0xf7, 0xff, 0xff, //0x00005394 .long L0_6_set_816
	0x9b, 0xf7, 0xff, 0xff, //0x00005398 .long L0_6_set_816
	0x9b, 0xf7, 0xff, 0xff, //0x0000539c .long L0_6_set_816
	0x9b, 0xf7, 0xff, 0xff, //0x000053a0 .long L0_6_set_816
	0x9b, 0xf7, 0xff, 0xff, //0x000053a4 .long L0_6_set_816
	0xf3, 0xe3, 0xff, 0xff, //0x000053a8 .long L0_6_set_633
	0x9b, 0xf7, 0xff, 0xff, //0x000053ac .long L0_6_set_816
	0x9b, 0xf7, 0xff, 0xff, //0x000053b0 .long L0_6_set_816
	0x9b, 0xf7, 0xff, 0xff, //0x000053b4 .long L0_6_set_816
	0xf3, 0xe3, 0xff, 0xff, //0x000053b8 .long L0_6_set_633
	0x9b, 0xf7, 0xff, 0xff, //0x000053bc .long L0_6_set_816
	0xf3, 0xe3, 0xff, 0xff, //0x000053c0 .long L0_6_set_633
	0xe3, 0xe1, 0xff, 0xff, //0x000053c4 .long L0_6_set_612
	// // .set L0_7_set_426, LBB0_426-LJTI0_7
	// // .set L0_7_set_832, LBB0_832-LJTI0_7
	// // .set L0_7_set_429, LBB0_429-LJTI0_7
	//0x000053c8 LJTI0_7
	0x54, 0xd1, 0xff, 0xff, //0x000053c8 .long L0_7_set_426
	0x42, 0xf7, 0xff, 0xff, //0x000053cc .long L0_7_set_832
	0x42, 0xf7, 0xff, 0xff, //0x000053d0 .long L0_7_set_832
	0x42, 0xf7, 0xff, 0xff, //0x000053d4 .long L0_7_set_832
	0x42, 0xf7, 0xff, 0xff, //0x000053d8 .long L0_7_set_832
	0x42, 0xf7, 0xff, 0xff, //0x000053dc .long L0_7_set_832
	0x42, 0xf7, 0xff, 0xff, //0x000053e0 .long L0_7_set_832
	0x42, 0xf7, 0xff, 0xff, //0x000053e4 .long L0_7_set_832
	0x42, 0xf7, 0xff, 0xff, //0x000053e8 .long L0_7_set_832
	0x42, 0xf7, 0xff, 0xff, //0x000053ec .long L0_7_set_832
	0x42, 0xf7, 0xff, 0xff, //0x000053f0 .long L0_7_set_832
	0x42, 0xf7, 0xff, 0xff, //0x000053f4 .long L0_7_set_832
	0x42, 0xf7, 0xff, 0xff, //0x000053f8 .long L0_7_set_832
	0x54, 0xd1, 0xff, 0xff, //0x000053fc .long L0_7_set_426
	0x42, 0xf7, 0xff, 0xff, //0x00005400 .long L0_7_set_832
	0x42, 0xf7, 0xff, 0xff, //0x00005404 .long L0_7_set_832
	0x42, 0xf7, 0xff, 0xff, //0x00005408 .long L0_7_set_832
	0x42, 0xf7, 0xff, 0xff, //0x0000540c .long L0_7_set_832
	0x42, 0xf7, 0xff, 0xff, //0x00005410 .long L0_7_set_832
	0x42, 0xf7, 0xff, 0xff, //0x00005414 .long L0_7_set_832
	0x42, 0xf7, 0xff, 0xff, //0x00005418 .long L0_7_set_832
	0x42, 0xf7, 0xff, 0xff, //0x0000541c .long L0_7_set_832
	0x42, 0xf7, 0xff, 0xff, //0x00005420 .long L0_7_set_832
	0x42, 0xf7, 0xff, 0xff, //0x00005424 .long L0_7_set_832
	0x42, 0xf7, 0xff, 0xff, //0x00005428 .long L0_7_set_832
	0x42, 0xf7, 0xff, 0xff, //0x0000542c .long L0_7_set_832
	0x42, 0xf7, 0xff, 0xff, //0x00005430 .long L0_7_set_832
	0x42, 0xf7, 0xff, 0xff, //0x00005434 .long L0_7_set_832
	0x42, 0xf7, 0xff, 0xff, //0x00005438 .long L0_7_set_832
	0x42, 0xf7, 0xff, 0xff, //0x0000543c .long L0_7_set_832
	0x42, 0xf7, 0xff, 0xff, //0x00005440 .long L0_7_set_832
	0x42, 0xf7, 0xff, 0xff, //0x00005444 .long L0_7_set_832
	0x42, 0xf7, 0xff, 0xff, //0x00005448 .long L0_7_set_832
	0x42, 0xf7, 0xff, 0xff, //0x0000544c .long L0_7_set_832
	0x42, 0xf7, 0xff, 0xff, //0x00005450 .long L0_7_set_832
	0x42, 0xf7, 0xff, 0xff, //0x00005454 .long L0_7_set_832
	0x42, 0xf7, 0xff, 0xff, //0x00005458 .long L0_7_set_832
	0x42, 0xf7, 0xff, 0xff, //0x0000545c .long L0_7_set_832
	0x42, 0xf7, 0xff, 0xff, //0x00005460 .long L0_7_set_832
	0x42, 0xf7, 0xff, 0xff, //0x00005464 .long L0_7_set_832
	0x42, 0xf7, 0xff, 0xff, //0x00005468 .long L0_7_set_832
	0x42, 0xf7, 0xff, 0xff, //0x0000546c .long L0_7_set_832
	0x42, 0xf7, 0xff, 0xff, //0x00005470 .long L0_7_set_832
	0x42, 0xf7, 0xff, 0xff, //0x00005474 .long L0_7_set_832
	0x42, 0xf7, 0xff, 0xff, //0x00005478 .long L0_7_set_832
	0x42, 0xf7, 0xff, 0xff, //0x0000547c .long L0_7_set_832
	0x42, 0xf7, 0xff, 0xff, //0x00005480 .long L0_7_set_832
	0x42, 0xf7, 0xff, 0xff, //0x00005484 .long L0_7_set_832
	0x42, 0xf7, 0xff, 0xff, //0x00005488 .long L0_7_set_832
	0x42, 0xf7, 0xff, 0xff, //0x0000548c .long L0_7_set_832
	0x42, 0xf7, 0xff, 0xff, //0x00005490 .long L0_7_set_832
	0x42, 0xf7, 0xff, 0xff, //0x00005494 .long L0_7_set_832
	0x42, 0xf7, 0xff, 0xff, //0x00005498 .long L0_7_set_832
	0x42, 0xf7, 0xff, 0xff, //0x0000549c .long L0_7_set_832
	0x42, 0xf7, 0xff, 0xff, //0x000054a0 .long L0_7_set_832
	0x42, 0xf7, 0xff, 0xff, //0x000054a4 .long L0_7_set_832
	0x42, 0xf7, 0xff, 0xff, //0x000054a8 .long L0_7_set_832
	0x42, 0xf7, 0xff, 0xff, //0x000054ac .long L0_7_set_832
	0x54, 0xd1, 0xff, 0xff, //0x000054b0 .long L0_7_set_426
	0x42, 0xf7, 0xff, 0xff, //0x000054b4 .long L0_7_set_832
	0x42, 0xf7, 0xff, 0xff, //0x000054b8 .long L0_7_set_832
	0x42, 0xf7, 0xff, 0xff, //0x000054bc .long L0_7_set_832
	0x42, 0xf7, 0xff, 0xff, //0x000054c0 .long L0_7_set_832
	0x42, 0xf7, 0xff, 0xff, //0x000054c4 .long L0_7_set_832
	0x54, 0xd1, 0xff, 0xff, //0x000054c8 .long L0_7_set_426
	0x42, 0xf7, 0xff, 0xff, //0x000054cc .long L0_7_set_832
	0x42, 0xf7, 0xff, 0xff, //0x000054d0 .long L0_7_set_832
	0x42, 0xf7, 0xff, 0xff, //0x000054d4 .long L0_7_set_832
	0x54, 0xd1, 0xff, 0xff, //0x000054d8 .long L0_7_set_426
	0x42, 0xf7, 0xff, 0xff, //0x000054dc .long L0_7_set_832
	0x42, 0xf7, 0xff, 0xff, //0x000054e0 .long L0_7_set_832
	0x42, 0xf7, 0xff, 0xff, //0x000054e4 .long L0_7_set_832
	0x42, 0xf7, 0xff, 0xff, //0x000054e8 .long L0_7_set_832
	0x42, 0xf7, 0xff, 0xff, //0x000054ec .long L0_7_set_832
	0x42, 0xf7, 0xff, 0xff, //0x000054f0 .long L0_7_set_832
	0x42, 0xf7, 0xff, 0xff, //0x000054f4 .long L0_7_set_832
	0x54, 0xd1, 0xff, 0xff, //0x000054f8 .long L0_7_set_426
	0x42, 0xf7, 0xff, 0xff, //0x000054fc .long L0_7_set_832
	0x42, 0xf7, 0xff, 0xff, //0x00005500 .long L0_7_set_832
	0x42, 0xf7, 0xff, 0xff, //0x00005504 .long L0_7_set_832
	0x54, 0xd1, 0xff, 0xff, //0x00005508 .long L0_7_set_426
	0x42, 0xf7, 0xff, 0xff, //0x0000550c .long L0_7_set_832
	0x54, 0xd1, 0xff, 0xff, //0x00005510 .long L0_7_set_426
	0x83, 0xd1, 0xff, 0xff, //0x00005514 .long L0_7_set_429
	// // .set L0_8_set_787, LBB0_787-LJTI0_8
	// // .set L0_8_set_786, LBB0_786-LJTI0_8
	// // .set L0_8_set_260, LBB0_260-LJTI0_8
	// // .set L0_8_set_277, LBB0_277-LJTI0_8
	// // .set L0_8_set_88, LBB0_88-LJTI0_8
	// // .set L0_8_set_258, LBB0_258-LJTI0_8
	// // .set L0_8_set_255, LBB0_255-LJTI0_8
	// // .set L0_8_set_314, LBB0_314-LJTI0_8
	// // .set L0_8_set_322, LBB0_322-LJTI0_8
	// // .set L0_8_set_320, LBB0_320-LJTI0_8
	//0x00005518 LJTI0_8
	0xda, 0xf2, 0xff, 0xff, //0x00005518 .long L0_8_set_787
	0xd3, 0xf2, 0xff, 0xff, //0x0000551c .long L0_8_set_786
	0xd3, 0xf2, 0xff, 0xff, //0x00005520 .long L0_8_set_786
	0xd3, 0xf2, 0xff, 0xff, //0x00005524 .long L0_8_set_786
	0xd3, 0xf2, 0xff, 0xff, //0x00005528 .long L0_8_set_786
	0xd3, 0xf2, 0xff, 0xff, //0x0000552c .long L0_8_set_786
	0xd3, 0xf2, 0xff, 0xff, //0x00005530 .long L0_8_set_786
	0xd3, 0xf2, 0xff, 0xff, //0x00005534 .long L0_8_set_786
	0xd3, 0xf2, 0xff, 0xff, //0x00005538 .long L0_8_set_786
	0xd3, 0xf2, 0xff, 0xff, //0x0000553c .long L0_8_set_786
	0xd3, 0xf2, 0xff, 0xff, //0x00005540 .long L0_8_set_786
	0xd3, 0xf2, 0xff, 0xff, //0x00005544 .long L0_8_set_786
	0xd3, 0xf2, 0xff, 0xff, //0x00005548 .long L0_8_set_786
	0xd3, 0xf2, 0xff, 0xff, //0x0000554c .long L0_8_set_786
	0xd3, 0xf2, 0xff, 0xff, //0x00005550 .long L0_8_set_786
	0xd3, 0xf2, 0xff, 0xff, //0x00005554 .long L0_8_set_786
	0xd3, 0xf2, 0xff, 0xff, //0x00005558 .long L0_8_set_786
	0xd3, 0xf2, 0xff, 0xff, //0x0000555c .long L0_8_set_786
	0xd3, 0xf2, 0xff, 0xff, //0x00005560 .long L0_8_set_786
	0xd3, 0xf2, 0xff, 0xff, //0x00005564 .long L0_8_set_786
	0xd3, 0xf2, 0xff, 0xff, //0x00005568 .long L0_8_set_786
	0xd3, 0xf2, 0xff, 0xff, //0x0000556c .long L0_8_set_786
	0xd3, 0xf2, 0xff, 0xff, //0x00005570 .long L0_8_set_786
	0xd3, 0xf2, 0xff, 0xff, //0x00005574 .long L0_8_set_786
	0xd3, 0xf2, 0xff, 0xff, //0x00005578 .long L0_8_set_786
	0xd3, 0xf2, 0xff, 0xff, //0x0000557c .long L0_8_set_786
	0xd3, 0xf2, 0xff, 0xff, //0x00005580 .long L0_8_set_786
	0xd3, 0xf2, 0xff, 0xff, //0x00005584 .long L0_8_set_786
	0xd3, 0xf2, 0xff, 0xff, //0x00005588 .long L0_8_set_786
	0xd3, 0xf2, 0xff, 0xff, //0x0000558c .long L0_8_set_786
	0xd3, 0xf2, 0xff, 0xff, //0x00005590 .long L0_8_set_786
	0xd3, 0xf2, 0xff, 0xff, //0x00005594 .long L0_8_set_786
	0xd3, 0xf2, 0xff, 0xff, //0x00005598 .long L0_8_set_786
	0xd3, 0xf2, 0xff, 0xff, //0x0000559c .long L0_8_set_786
	0xfd, 0xc0, 0xff, 0xff, //0x000055a0 .long L0_8_set_260
	0xd3, 0xf2, 0xff, 0xff, //0x000055a4 .long L0_8_set_786
	0xd3, 0xf2, 0xff, 0xff, //0x000055a8 .long L0_8_set_786
	0xd3, 0xf2, 0xff, 0xff, //0x000055ac .long L0_8_set_786
	0xd3, 0xf2, 0xff, 0xff, //0x000055b0 .long L0_8_set_786
	0xd3, 0xf2, 0xff, 0xff, //0x000055b4 .long L0_8_set_786
	0xd3, 0xf2, 0xff, 0xff, //0x000055b8 .long L0_8_set_786
	0xd3, 0xf2, 0xff, 0xff, //0x000055bc .long L0_8_set_786
	0xd3, 0xf2, 0xff, 0xff, //0x000055c0 .long L0_8_set_786
	0xd3, 0xf2, 0xff, 0xff, //0x000055c4 .long L0_8_set_786
	0xd3, 0xf2, 0xff, 0xff, //0x000055c8 .long L0_8_set_786
	0xc3, 0xc2, 0xff, 0xff, //0x000055cc .long L0_8_set_277
	0xd3, 0xf2, 0xff, 0xff, //0x000055d0 .long L0_8_set_786
	0xd3, 0xf2, 0xff, 0xff, //0x000055d4 .long L0_8_set_786
	0x57, 0xb2, 0xff, 0xff, //0x000055d8 .long L0_8_set_88
	0x57, 0xb2, 0xff, 0xff, //0x000055dc .long L0_8_set_88
	0x57, 0xb2, 0xff, 0xff, //0x000055e0 .long L0_8_set_88
	0x57, 0xb2, 0xff, 0xff, //0x000055e4 .long L0_8_set_88
	0x57, 0xb2, 0xff, 0xff, //0x000055e8 .long L0_8_set_88
	0x57, 0xb2, 0xff, 0xff, //0x000055ec .long L0_8_set_88
	0x57, 0xb2, 0xff, 0xff, //0x000055f0 .long L0_8_set_88
	0x57, 0xb2, 0xff, 0xff, //0x000055f4 .long L0_8_set_88
	0x57, 0xb2, 0xff, 0xff, //0x000055f8 .long L0_8_set_88
	0x57, 0xb2, 0xff, 0xff, //0x000055fc .long L0_8_set_88
	0xd3, 0xf2, 0xff, 0xff, //0x00005600 .long L0_8_set_786
	0xd3, 0xf2, 0xff, 0xff, //0x00005604 .long L0_8_set_786
	0xd3, 0xf2, 0xff, 0xff, //0x00005608 .long L0_8_set_786
	0xd3, 0xf2, 0xff, 0xff, //0x0000560c .long L0_8_set_786
	0xd3, 0xf2, 0xff, 0xff, //0x00005610 .long L0_8_set_786
	0xd3, 0xf2, 0xff, 0xff, //0x00005614 .long L0_8_set_786
	0xd3, 0xf2, 0xff, 0xff, //0x00005618 .long L0_8_set_786
	0xd3, 0xf2, 0xff, 0xff, //0x0000561c .long L0_8_set_786
	0xd3, 0xf2, 0xff, 0xff, //0x00005620 .long L0_8_set_786
	0xd3, 0xf2, 0xff, 0xff, //0x00005624 .long L0_8_set_786
	0xd3, 0xf2, 0xff, 0xff, //0x00005628 .long L0_8_set_786
	0xd3, 0xf2, 0xff, 0xff, //0x0000562c .long L0_8_set_786
	0xd3, 0xf2, 0xff, 0xff, //0x00005630 .long L0_8_set_786
	0xd3, 0xf2, 0xff, 0xff, //0x00005634 .long L0_8_set_786
	0xd3, 0xf2, 0xff, 0xff, //0x00005638 .long L0_8_set_786
	0xd3, 0xf2, 0xff, 0xff, //0x0000563c .long L0_8_set_786
	0xd3, 0xf2, 0xff, 0xff, //0x00005640 .long L0_8_set_786
	0xd3, 0xf2, 0xff, 0xff, //0x00005644 .long L0_8_set_786
	0xd3, 0xf2, 0xff, 0xff, //0x00005648 .long L0_8_set_786
	0xd3, 0xf2, 0xff, 0xff, //0x0000564c .long L0_8_set_786
	0xd3, 0xf2, 0xff, 0xff, //0x00005650 .long L0_8_set_786
	0xd3, 0xf2, 0xff, 0xff, //0x00005654 .long L0_8_set_786
	0xd3, 0xf2, 0xff, 0xff, //0x00005658 .long L0_8_set_786
	0xd3, 0xf2, 0xff, 0xff, //0x0000565c .long L0_8_set_786
	0xd3, 0xf2, 0xff, 0xff, //0x00005660 .long L0_8_set_786
	0xd3, 0xf2, 0xff, 0xff, //0x00005664 .long L0_8_set_786
	0xd3, 0xf2, 0xff, 0xff, //0x00005668 .long L0_8_set_786
	0xd3, 0xf2, 0xff, 0xff, //0x0000566c .long L0_8_set_786
	0xd3, 0xf2, 0xff, 0xff, //0x00005670 .long L0_8_set_786
	0xd3, 0xf2, 0xff, 0xff, //0x00005674 .long L0_8_set_786
	0xd3, 0xf2, 0xff, 0xff, //0x00005678 .long L0_8_set_786
	0xd3, 0xf2, 0xff, 0xff, //0x0000567c .long L0_8_set_786
	0xd3, 0xf2, 0xff, 0xff, //0x00005680 .long L0_8_set_786
	0xd9, 0xc0, 0xff, 0xff, //0x00005684 .long L0_8_set_258
	0xd3, 0xf2, 0xff, 0xff, //0x00005688 .long L0_8_set_786
	0xd3, 0xf2, 0xff, 0xff, //0x0000568c .long L0_8_set_786
	0xd3, 0xf2, 0xff, 0xff, //0x00005690 .long L0_8_set_786
	0xd3, 0xf2, 0xff, 0xff, //0x00005694 .long L0_8_set_786
	0xd3, 0xf2, 0xff, 0xff, //0x00005698 .long L0_8_set_786
	0xd3, 0xf2, 0xff, 0xff, //0x0000569c .long L0_8_set_786
	0xd3, 0xf2, 0xff, 0xff, //0x000056a0 .long L0_8_set_786
	0xd3, 0xf2, 0xff, 0xff, //0x000056a4 .long L0_8_set_786
	0xd3, 0xf2, 0xff, 0xff, //0x000056a8 .long L0_8_set_786
	0xd3, 0xf2, 0xff, 0xff, //0x000056ac .long L0_8_set_786
	0xab, 0xc0, 0xff, 0xff, //0x000056b0 .long L0_8_set_255
	0xd3, 0xf2, 0xff, 0xff, //0x000056b4 .long L0_8_set_786
	0xd3, 0xf2, 0xff, 0xff, //0x000056b8 .long L0_8_set_786
	0xd3, 0xf2, 0xff, 0xff, //0x000056bc .long L0_8_set_786
	0xd3, 0xf2, 0xff, 0xff, //0x000056c0 .long L0_8_set_786
	0xd3, 0xf2, 0xff, 0xff, //0x000056c4 .long L0_8_set_786
	0xd3, 0xf2, 0xff, 0xff, //0x000056c8 .long L0_8_set_786
	0xd3, 0xf2, 0xff, 0xff, //0x000056cc .long L0_8_set_786
	0x40, 0xc5, 0xff, 0xff, //0x000056d0 .long L0_8_set_314
	0xd3, 0xf2, 0xff, 0xff, //0x000056d4 .long L0_8_set_786
	0xd3, 0xf2, 0xff, 0xff, //0x000056d8 .long L0_8_set_786
	0xd3, 0xf2, 0xff, 0xff, //0x000056dc .long L0_8_set_786
	0xd3, 0xf2, 0xff, 0xff, //0x000056e0 .long L0_8_set_786
	0xd3, 0xf2, 0xff, 0xff, //0x000056e4 .long L0_8_set_786
	0x87, 0xc5, 0xff, 0xff, //0x000056e8 .long L0_8_set_322
	0xd3, 0xf2, 0xff, 0xff, //0x000056ec .long L0_8_set_786
	0xd3, 0xf2, 0xff, 0xff, //0x000056f0 .long L0_8_set_786
	0xd3, 0xf2, 0xff, 0xff, //0x000056f4 .long L0_8_set_786
	0xd3, 0xf2, 0xff, 0xff, //0x000056f8 .long L0_8_set_786
	0xd3, 0xf2, 0xff, 0xff, //0x000056fc .long L0_8_set_786
	0xd3, 0xf2, 0xff, 0xff, //0x00005700 .long L0_8_set_786
	0x63, 0xc5, 0xff, 0xff, //0x00005704 .long L0_8_set_320
	// // .set L0_9_set_362, LBB0_362-LJTI0_9
	// // .set L0_9_set_811, LBB0_811-LJTI0_9
	// // .set L0_9_set_346, LBB0_346-LJTI0_9
	//0x00005708 LJTI0_9
	0x21, 0xc8, 0xff, 0xff, //0x00005708 .long L0_9_set_362
	0xec, 0xf2, 0xff, 0xff, //0x0000570c .long L0_9_set_811
	0xec, 0xf2, 0xff, 0xff, //0x00005710 .long L0_9_set_811
	0xec, 0xf2, 0xff, 0xff, //0x00005714 .long L0_9_set_811
	0xec, 0xf2, 0xff, 0xff, //0x00005718 .long L0_9_set_811
	0xec, 0xf2, 0xff, 0xff, //0x0000571c .long L0_9_set_811
	0xec, 0xf2, 0xff, 0xff, //0x00005720 .long L0_9_set_811
	0xec, 0xf2, 0xff, 0xff, //0x00005724 .long L0_9_set_811
	0xec, 0xf2, 0xff, 0xff, //0x00005728 .long L0_9_set_811
	0xec, 0xf2, 0xff, 0xff, //0x0000572c .long L0_9_set_811
	0xec, 0xf2, 0xff, 0xff, //0x00005730 .long L0_9_set_811
	0xec, 0xf2, 0xff, 0xff, //0x00005734 .long L0_9_set_811
	0xec, 0xf2, 0xff, 0xff, //0x00005738 .long L0_9_set_811
	0x21, 0xc8, 0xff, 0xff, //0x0000573c .long L0_9_set_362
	0xec, 0xf2, 0xff, 0xff, //0x00005740 .long L0_9_set_811
	0xec, 0xf2, 0xff, 0xff, //0x00005744 .long L0_9_set_811
	0xec, 0xf2, 0xff, 0xff, //0x00005748 .long L0_9_set_811
	0xec, 0xf2, 0xff, 0xff, //0x0000574c .long L0_9_set_811
	0xec, 0xf2, 0xff, 0xff, //0x00005750 .long L0_9_set_811
	0xec, 0xf2, 0xff, 0xff, //0x00005754 .long L0_9_set_811
	0xec, 0xf2, 0xff, 0xff, //0x00005758 .long L0_9_set_811
	0xec, 0xf2, 0xff, 0xff, //0x0000575c .long L0_9_set_811
	0xec, 0xf2, 0xff, 0xff, //0x00005760 .long L0_9_set_811
	0xec, 0xf2, 0xff, 0xff, //0x00005764 .long L0_9_set_811
	0xec, 0xf2, 0xff, 0xff, //0x00005768 .long L0_9_set_811
	0xec, 0xf2, 0xff, 0xff, //0x0000576c .long L0_9_set_811
	0xec, 0xf2, 0xff, 0xff, //0x00005770 .long L0_9_set_811
	0xec, 0xf2, 0xff, 0xff, //0x00005774 .long L0_9_set_811
	0xec, 0xf2, 0xff, 0xff, //0x00005778 .long L0_9_set_811
	0xec, 0xf2, 0xff, 0xff, //0x0000577c .long L0_9_set_811
	0xec, 0xf2, 0xff, 0xff, //0x00005780 .long L0_9_set_811
	0xec, 0xf2, 0xff, 0xff, //0x00005784 .long L0_9_set_811
	0xec, 0xf2, 0xff, 0xff, //0x00005788 .long L0_9_set_811
	0xec, 0xf2, 0xff, 0xff, //0x0000578c .long L0_9_set_811
	0xec, 0xf2, 0xff, 0xff, //0x00005790 .long L0_9_set_811
	0xec, 0xf2, 0xff, 0xff, //0x00005794 .long L0_9_set_811
	0xec, 0xf2, 0xff, 0xff, //0x00005798 .long L0_9_set_811
	0xec, 0xf2, 0xff, 0xff, //0x0000579c .long L0_9_set_811
	0xec, 0xf2, 0xff, 0xff, //0x000057a0 .long L0_9_set_811
	0xec, 0xf2, 0xff, 0xff, //0x000057a4 .long L0_9_set_811
	0xec, 0xf2, 0xff, 0xff, //0x000057a8 .long L0_9_set_811
	0xec, 0xf2, 0xff, 0xff, //0x000057ac .long L0_9_set_811
	0xec, 0xf2, 0xff, 0xff, //0x000057b0 .long L0_9_set_811
	0xec, 0xf2, 0xff, 0xff, //0x000057b4 .long L0_9_set_811
	0xec, 0xf2, 0xff, 0xff, //0x000057b8 .long L0_9_set_811
	0xec, 0xf2, 0xff, 0xff, //0x000057bc .long L0_9_set_811
	0xec, 0xf2, 0xff, 0xff, //0x000057c0 .long L0_9_set_811
	0xec, 0xf2, 0xff, 0xff, //0x000057c4 .long L0_9_set_811
	0xec, 0xf2, 0xff, 0xff, //0x000057c8 .long L0_9_set_811
	0xec, 0xf2, 0xff, 0xff, //0x000057cc .long L0_9_set_811
	0xec, 0xf2, 0xff, 0xff, //0x000057d0 .long L0_9_set_811
	0xec, 0xf2, 0xff, 0xff, //0x000057d4 .long L0_9_set_811
	0xec, 0xf2, 0xff, 0xff, //0x000057d8 .long L0_9_set_811
	0xec, 0xf2, 0xff, 0xff, //0x000057dc .long L0_9_set_811
	0xec, 0xf2, 0xff, 0xff, //0x000057e0 .long L0_9_set_811
	0xec, 0xf2, 0xff, 0xff, //0x000057e4 .long L0_9_set_811
	0xec, 0xf2, 0xff, 0xff, //0x000057e8 .long L0_9_set_811
	0xec, 0xf2, 0xff, 0xff, //0x000057ec .long L0_9_set_811
	0x21, 0xc8, 0xff, 0xff, //0x000057f0 .long L0_9_set_362
	0xec, 0xf2, 0xff, 0xff, //0x000057f4 .long L0_9_set_811
	0xec, 0xf2, 0xff, 0xff, //0x000057f8 .long L0_9_set_811
	0xec, 0xf2, 0xff, 0xff, //0x000057fc .long L0_9_set_811
	0xec, 0xf2, 0xff, 0xff, //0x00005800 .long L0_9_set_811
	0xec, 0xf2, 0xff, 0xff, //0x00005804 .long L0_9_set_811
	0x21, 0xc8, 0xff, 0xff, //0x00005808 .long L0_9_set_362
	0xec, 0xf2, 0xff, 0xff, //0x0000580c .long L0_9_set_811
	0xec, 0xf2, 0xff, 0xff, //0x00005810 .long L0_9_set_811
	0xec, 0xf2, 0xff, 0xff, //0x00005814 .long L0_9_set_811
	0x21, 0xc8, 0xff, 0xff, //0x00005818 .long L0_9_set_362
	0xec, 0xf2, 0xff, 0xff, //0x0000581c .long L0_9_set_811
	0xec, 0xf2, 0xff, 0xff, //0x00005820 .long L0_9_set_811
	0xec, 0xf2, 0xff, 0xff, //0x00005824 .long L0_9_set_811
	0xec, 0xf2, 0xff, 0xff, //0x00005828 .long L0_9_set_811
	0xec, 0xf2, 0xff, 0xff, //0x0000582c .long L0_9_set_811
	0xec, 0xf2, 0xff, 0xff, //0x00005830 .long L0_9_set_811
	0xec, 0xf2, 0xff, 0xff, //0x00005834 .long L0_9_set_811
	0x21, 0xc8, 0xff, 0xff, //0x00005838 .long L0_9_set_362
	0xec, 0xf2, 0xff, 0xff, //0x0000583c .long L0_9_set_811
	0xec, 0xf2, 0xff, 0xff, //0x00005840 .long L0_9_set_811
	0xec, 0xf2, 0xff, 0xff, //0x00005844 .long L0_9_set_811
	0x21, 0xc8, 0xff, 0xff, //0x00005848 .long L0_9_set_362
	0xec, 0xf2, 0xff, 0xff, //0x0000584c .long L0_9_set_811
	0x21, 0xc8, 0xff, 0xff, //0x00005850 .long L0_9_set_362
	0x1f, 0xc6, 0xff, 0xff, //0x00005854 .long L0_9_set_346
	// // .set L0_10_set_685, LBB0_685-LJTI0_10
	// // .set L0_10_set_811, LBB0_811-LJTI0_10
	// // .set L0_10_set_664, LBB0_664-LJTI0_10
	//0x00005858 LJTI0_10
	0x29, 0xe3, 0xff, 0xff, //0x00005858 .long L0_10_set_685
	0x9c, 0xf1, 0xff, 0xff, //0x0000585c .long L0_10_set_811
	0x9c, 0xf1, 0xff, 0xff, //0x00005860 .long L0_10_set_811
	0x9c, 0xf1, 0xff, 0xff, //0x00005864 .long L0_10_set_811
	0x9c, 0xf1, 0xff, 0xff, //0x00005868 .long L0_10_set_811
	0x9c, 0xf1, 0xff, 0xff, //0x0000586c .long L0_10_set_811
	0x9c, 0xf1, 0xff, 0xff, //0x00005870 .long L0_10_set_811
	0x9c, 0xf1, 0xff, 0xff, //0x00005874 .long L0_10_set_811
	0x9c, 0xf1, 0xff, 0xff, //0x00005878 .long L0_10_set_811
	0x9c, 0xf1, 0xff, 0xff, //0x0000587c .long L0_10_set_811
	0x9c, 0xf1, 0xff, 0xff, //0x00005880 .long L0_10_set_811
	0x9c, 0xf1, 0xff, 0xff, //0x00005884 .long L0_10_set_811
	0x9c, 0xf1, 0xff, 0xff, //0x00005888 .long L0_10_set_811
	0x29, 0xe3, 0xff, 0xff, //0x0000588c .long L0_10_set_685
	0x9c, 0xf1, 0xff, 0xff, //0x00005890 .long L0_10_set_811
	0x9c, 0xf1, 0xff, 0xff, //0x00005894 .long L0_10_set_811
	0x9c, 0xf1, 0xff, 0xff, //0x00005898 .long L0_10_set_811
	0x9c, 0xf1, 0xff, 0xff, //0x0000589c .long L0_10_set_811
	0x9c, 0xf1, 0xff, 0xff, //0x000058a0 .long L0_10_set_811
	0x9c, 0xf1, 0xff, 0xff, //0x000058a4 .long L0_10_set_811
	0x9c, 0xf1, 0xff, 0xff, //0x000058a8 .long L0_10_set_811
	0x9c, 0xf1, 0xff, 0xff, //0x000058ac .long L0_10_set_811
	0x9c, 0xf1, 0xff, 0xff, //0x000058b0 .long L0_10_set_811
	0x9c, 0xf1, 0xff, 0xff, //0x000058b4 .long L0_10_set_811
	0x9c, 0xf1, 0xff, 0xff, //0x000058b8 .long L0_10_set_811
	0x9c, 0xf1, 0xff, 0xff, //0x000058bc .long L0_10_set_811
	0x9c, 0xf1, 0xff, 0xff, //0x000058c0 .long L0_10_set_811
	0x9c, 0xf1, 0xff, 0xff, //0x000058c4 .long L0_10_set_811
	0x9c, 0xf1, 0xff, 0xff, //0x000058c8 .long L0_10_set_811
	0x9c, 0xf1, 0xff, 0xff, //0x000058cc .long L0_10_set_811
	0x9c, 0xf1, 0xff, 0xff, //0x000058d0 .long L0_10_set_811
	0x9c, 0xf1, 0xff, 0xff, //0x000058d4 .long L0_10_set_811
	0x9c, 0xf1, 0xff, 0xff, //0x000058d8 .long L0_10_set_811
	0x9c, 0xf1, 0xff, 0xff, //0x000058dc .long L0_10_set_811
	0x9c, 0xf1, 0xff, 0xff, //0x000058e0 .long L0_10_set_811
	0x9c, 0xf1, 0xff, 0xff, //0x000058e4 .long L0_10_set_811
	0x9c, 0xf1, 0xff, 0xff, //0x000058e8 .long L0_10_set_811
	0x9c, 0xf1, 0xff, 0xff, //0x000058ec .long L0_10_set_811
	0x9c, 0xf1, 0xff, 0xff, //0x000058f0 .long L0_10_set_811
	0x9c, 0xf1, 0xff, 0xff, //0x000058f4 .long L0_10_set_811
	0x9c, 0xf1, 0xff, 0xff, //0x000058f8 .long L0_10_set_811
	0x9c, 0xf1, 0xff, 0xff, //0x000058fc .long L0_10_set_811
	0x9c, 0xf1, 0xff, 0xff, //0x00005900 .long L0_10_set_811
	0x9c, 0xf1, 0xff, 0xff, //0x00005904 .long L0_10_set_811
	0x9c, 0xf1, 0xff, 0xff, //0x00005908 .long L0_10_set_811
	0x9c, 0xf1, 0xff, 0xff, //0x0000590c .long L0_10_set_811
	0x9c, 0xf1, 0xff, 0xff, //0x00005910 .long L0_10_set_811
	0x9c, 0xf1, 0xff, 0xff, //0x00005914 .long L0_10_set_811
	0x9c, 0xf1, 0xff, 0xff, //0x00005918 .long L0_10_set_811
	0x9c, 0xf1, 0xff, 0xff, //0x0000591c .long L0_10_set_811
	0x9c, 0xf1, 0xff, 0xff, //0x00005920 .long L0_10_set_811
	0x9c, 0xf1, 0xff, 0xff, //0x00005924 .long L0_10_set_811
	0x9c, 0xf1, 0xff, 0xff, //0x00005928 .long L0_10_set_811
	0x9c, 0xf1, 0xff, 0xff, //0x0000592c .long L0_10_set_811
	0x9c, 0xf1, 0xff, 0xff, //0x00005930 .long L0_10_set_811
	0x9c, 0xf1, 0xff, 0xff, //0x00005934 .long L0_10_set_811
	0x9c, 0xf1, 0xff, 0xff, //0x00005938 .long L0_10_set_811
	0x9c, 0xf1, 0xff, 0xff, //0x0000593c .long L0_10_set_811
	0x29, 0xe3, 0xff, 0xff, //0x00005940 .long L0_10_set_685
	0x9c, 0xf1, 0xff, 0xff, //0x00005944 .long L0_10_set_811
	0x9c, 0xf1, 0xff, 0xff, //0x00005948 .long L0_10_set_811
	0x9c, 0xf1, 0xff, 0xff, //0x0000594c .long L0_10_set_811
	0x9c, 0xf1, 0xff, 0xff, //0x00005950 .long L0_10_set_811
	0x9c, 0xf1, 0xff, 0xff, //0x00005954 .long L0_10_set_811
	0x29, 0xe3, 0xff, 0xff, //0x00005958 .long L0_10_set_685
	0x9c, 0xf1, 0xff, 0xff, //0x0000595c .long L0_10_set_811
	0x9c, 0xf1, 0xff, 0xff, //0x00005960 .long L0_10_set_811
	0x9c, 0xf1, 0xff, 0xff, //0x00005964 .long L0_10_set_811
	0x29, 0xe3, 0xff, 0xff, //0x00005968 .long L0_10_set_685
	0x9c, 0xf1, 0xff, 0xff, //0x0000596c .long L0_10_set_811
	0x9c, 0xf1, 0xff, 0xff, //0x00005970 .long L0_10_set_811
	0x9c, 0xf1, 0xff, 0xff, //0x00005974 .long L0_10_set_811
	0x9c, 0xf1, 0xff, 0xff, //0x00005978 .long L0_10_set_811
	0x9c, 0xf1, 0xff, 0xff, //0x0000597c .long L0_10_set_811
	0x9c, 0xf1, 0xff, 0xff, //0x00005980 .long L0_10_set_811
	0x9c, 0xf1, 0xff, 0xff, //0x00005984 .long L0_10_set_811
	0x29, 0xe3, 0xff, 0xff, //0x00005988 .long L0_10_set_685
	0x9c, 0xf1, 0xff, 0xff, //0x0000598c .long L0_10_set_811
	0x9c, 0xf1, 0xff, 0xff, //0x00005990 .long L0_10_set_811
	0x9c, 0xf1, 0xff, 0xff, //0x00005994 .long L0_10_set_811
	0x29, 0xe3, 0xff, 0xff, //0x00005998 .long L0_10_set_685
	0x9c, 0xf1, 0xff, 0xff, //0x0000599c .long L0_10_set_811
	0x29, 0xe3, 0xff, 0xff, //0x000059a0 .long L0_10_set_685
	0x0a, 0xe1, 0xff, 0xff, //0x000059a4 .long L0_10_set_664
	// // .set L0_11_set_522, LBB0_522-LJTI0_11
	// // .set L0_11_set_833, LBB0_833-LJTI0_11
	// // .set L0_11_set_525, LBB0_525-LJTI0_11
	//0x000059a8 LJTI0_11
	0x0f, 0xd3, 0xff, 0xff, //0x000059a8 .long L0_11_set_522
	0x75, 0xf1, 0xff, 0xff, //0x000059ac .long L0_11_set_833
	0x75, 0xf1, 0xff, 0xff, //0x000059b0 .long L0_11_set_833
	0x75, 0xf1, 0xff, 0xff, //0x000059b4 .long L0_11_set_833
	0x75, 0xf1, 0xff, 0xff, //0x000059b8 .long L0_11_set_833
	0x75, 0xf1, 0xff, 0xff, //0x000059bc .long L0_11_set_833
	0x75, 0xf1, 0xff, 0xff, //0x000059c0 .long L0_11_set_833
	0x75, 0xf1, 0xff, 0xff, //0x000059c4 .long L0_11_set_833
	0x75, 0xf1, 0xff, 0xff, //0x000059c8 .long L0_11_set_833
	0x75, 0xf1, 0xff, 0xff, //0x000059cc .long L0_11_set_833
	0x75, 0xf1, 0xff, 0xff, //0x000059d0 .long L0_11_set_833
	0x75, 0xf1, 0xff, 0xff, //0x000059d4 .long L0_11_set_833
	0x75, 0xf1, 0xff, 0xff, //0x000059d8 .long L0_11_set_833
	0x0f, 0xd3, 0xff, 0xff, //0x000059dc .long L0_11_set_522
	0x75, 0xf1, 0xff, 0xff, //0x000059e0 .long L0_11_set_833
	0x75, 0xf1, 0xff, 0xff, //0x000059e4 .long L0_11_set_833
	0x75, 0xf1, 0xff, 0xff, //0x000059e8 .long L0_11_set_833
	0x75, 0xf1, 0xff, 0xff, //0x000059ec .long L0_11_set_833
	0x75, 0xf1, 0xff, 0xff, //0x000059f0 .long L0_11_set_833
	0x75, 0xf1, 0xff, 0xff, //0x000059f4 .long L0_11_set_833
	0x75, 0xf1, 0xff, 0xff, //0x000059f8 .long L0_11_set_833
	0x75, 0xf1, 0xff, 0xff, //0x000059fc .long L0_11_set_833
	0x75, 0xf1, 0xff, 0xff, //0x00005a00 .long L0_11_set_833
	0x75, 0xf1, 0xff, 0xff, //0x00005a04 .long L0_11_set_833
	0x75, 0xf1, 0xff, 0xff, //0x00005a08 .long L0_11_set_833
	0x75, 0xf1, 0xff, 0xff, //0x00005a0c .long L0_11_set_833
	0x75, 0xf1, 0xff, 0xff, //0x00005a10 .long L0_11_set_833
	0x75, 0xf1, 0xff, 0xff, //0x00005a14 .long L0_11_set_833
	0x75, 0xf1, 0xff, 0xff, //0x00005a18 .long L0_11_set_833
	0x75, 0xf1, 0xff, 0xff, //0x00005a1c .long L0_11_set_833
	0x75, 0xf1, 0xff, 0xff, //0x00005a20 .long L0_11_set_833
	0x75, 0xf1, 0xff, 0xff, //0x00005a24 .long L0_11_set_833
	0x75, 0xf1, 0xff, 0xff, //0x00005a28 .long L0_11_set_833
	0x75, 0xf1, 0xff, 0xff, //0x00005a2c .long L0_11_set_833
	0x75, 0xf1, 0xff, 0xff, //0x00005a30 .long L0_11_set_833
	0x75, 0xf1, 0xff, 0xff, //0x00005a34 .long L0_11_set_833
	0x75, 0xf1, 0xff, 0xff, //0x00005a38 .long L0_11_set_833
	0x75, 0xf1, 0xff, 0xff, //0x00005a3c .long L0_11_set_833
	0x75, 0xf1, 0xff, 0xff, //0x00005a40 .long L0_11_set_833
	0x75, 0xf1, 0xff, 0xff, //0x00005a44 .long L0_11_set_833
	0x75, 0xf1, 0xff, 0xff, //0x00005a48 .long L0_11_set_833
	0x75, 0xf1, 0xff, 0xff, //0x00005a4c .long L0_11_set_833
	0x75, 0xf1, 0xff, 0xff, //0x00005a50 .long L0_11_set_833
	0x75, 0xf1, 0xff, 0xff, //0x00005a54 .long L0_11_set_833
	0x75, 0xf1, 0xff, 0xff, //0x00005a58 .long L0_11_set_833
	0x75, 0xf1, 0xff, 0xff, //0x00005a5c .long L0_11_set_833
	0x75, 0xf1, 0xff, 0xff, //0x00005a60 .long L0_11_set_833
	0x75, 0xf1, 0xff, 0xff, //0x00005a64 .long L0_11_set_833
	0x75, 0xf1, 0xff, 0xff, //0x00005a68 .long L0_11_set_833
	0x75, 0xf1, 0xff, 0xff, //0x00005a6c .long L0_11_set_833
	0x75, 0xf1, 0xff, 0xff, //0x00005a70 .long L0_11_set_833
	0x75, 0xf1, 0xff, 0xff, //0x00005a74 .long L0_11_set_833
	0x75, 0xf1, 0xff, 0xff, //0x00005a78 .long L0_11_set_833
	0x75, 0xf1, 0xff, 0xff, //0x00005a7c .long L0_11_set_833
	0x75, 0xf1, 0xff, 0xff, //0x00005a80 .long L0_11_set_833
	0x75, 0xf1, 0xff, 0xff, //0x00005a84 .long L0_11_set_833
	0x75, 0xf1, 0xff, 0xff, //0x00005a88 .long L0_11_set_833
	0x75, 0xf1, 0xff, 0xff, //0x00005a8c .long L0_11_set_833
	0x0f, 0xd3, 0xff, 0xff, //0x00005a90 .long L0_11_set_522
	0x75, 0xf1, 0xff, 0xff, //0x00005a94 .long L0_11_set_833
	0x75, 0xf1, 0xff, 0xff, //0x00005a98 .long L0_11_set_833
	0x75, 0xf1, 0xff, 0xff, //0x00005a9c .long L0_11_set_833
	0x75, 0xf1, 0xff, 0xff, //0x00005aa0 .long L0_11_set_833
	0x75, 0xf1, 0xff, 0xff, //0x00005aa4 .long L0_11_set_833
	0x0f, 0xd3, 0xff, 0xff, //0x00005aa8 .long L0_11_set_522
	0x75, 0xf1, 0xff, 0xff, //0x00005aac .long L0_11_set_833
	0x75, 0xf1, 0xff, 0xff, //0x00005ab0 .long L0_11_set_833
	0x75, 0xf1, 0xff, 0xff, //0x00005ab4 .long L0_11_set_833
	0x0f, 0xd3, 0xff, 0xff, //0x00005ab8 .long L0_11_set_522
	0x75, 0xf1, 0xff, 0xff, //0x00005abc .long L0_11_set_833
	0x75, 0xf1, 0xff, 0xff, //0x00005ac0 .long L0_11_set_833
	0x75, 0xf1, 0xff, 0xff, //0x00005ac4 .long L0_11_set_833
	0x75, 0xf1, 0xff, 0xff, //0x00005ac8 .long L0_11_set_833
	0x75, 0xf1, 0xff, 0xff, //0x00005acc .long L0_11_set_833
	0x75, 0xf1, 0xff, 0xff, //0x00005ad0 .long L0_11_set_833
	0x75, 0xf1, 0xff, 0xff, //0x00005ad4 .long L0_11_set_833
	0x0f, 0xd3, 0xff, 0xff, //0x00005ad8 .long L0_11_set_522
	0x75, 0xf1, 0xff, 0xff, //0x00005adc .long L0_11_set_833
	0x75, 0xf1, 0xff, 0xff, //0x00005ae0 .long L0_11_set_833
	0x75, 0xf1, 0xff, 0xff, //0x00005ae4 .long L0_11_set_833
	0x0f, 0xd3, 0xff, 0xff, //0x00005ae8 .long L0_11_set_522
	0x75, 0xf1, 0xff, 0xff, //0x00005aec .long L0_11_set_833
	0x0f, 0xd3, 0xff, 0xff, //0x00005af0 .long L0_11_set_522
	0x32, 0xd3, 0xff, 0xff, //0x00005af4 .long L0_11_set_525
	// // .set L0_12_set_303, LBB0_303-LJTI0_12
	// // .set L0_12_set_367, LBB0_367-LJTI0_12
	// // .set L0_12_set_309, LBB0_309-LJTI0_12
	// // .set L0_12_set_312, LBB0_312-LJTI0_12
	//0x00005af8 LJTI0_12
	0xdd, 0xbe, 0xff, 0xff, //0x00005af8 .long L0_12_set_303
	0x83, 0xc4, 0xff, 0xff, //0x00005afc .long L0_12_set_367
	0xdd, 0xbe, 0xff, 0xff, //0x00005b00 .long L0_12_set_303
	0x31, 0xbf, 0xff, 0xff, //0x00005b04 .long L0_12_set_309
	0x83, 0xc4, 0xff, 0xff, //0x00005b08 .long L0_12_set_367
	0x83, 0xc4, 0xff, 0xff, //0x00005b0c .long L0_12_set_367
	0x83, 0xc4, 0xff, 0xff, //0x00005b10 .long L0_12_set_367
	0x83, 0xc4, 0xff, 0xff, //0x00005b14 .long L0_12_set_367
	0x83, 0xc4, 0xff, 0xff, //0x00005b18 .long L0_12_set_367
	0x83, 0xc4, 0xff, 0xff, //0x00005b1c .long L0_12_set_367
	0x83, 0xc4, 0xff, 0xff, //0x00005b20 .long L0_12_set_367
	0x83, 0xc4, 0xff, 0xff, //0x00005b24 .long L0_12_set_367
	0x83, 0xc4, 0xff, 0xff, //0x00005b28 .long L0_12_set_367
	0x83, 0xc4, 0xff, 0xff, //0x00005b2c .long L0_12_set_367
	0x83, 0xc4, 0xff, 0xff, //0x00005b30 .long L0_12_set_367
	0x83, 0xc4, 0xff, 0xff, //0x00005b34 .long L0_12_set_367
	0x83, 0xc4, 0xff, 0xff, //0x00005b38 .long L0_12_set_367
	0x83, 0xc4, 0xff, 0xff, //0x00005b3c .long L0_12_set_367
	0x83, 0xc4, 0xff, 0xff, //0x00005b40 .long L0_12_set_367
	0x83, 0xc4, 0xff, 0xff, //0x00005b44 .long L0_12_set_367
	0x83, 0xc4, 0xff, 0xff, //0x00005b48 .long L0_12_set_367
	0x83, 0xc4, 0xff, 0xff, //0x00005b4c .long L0_12_set_367
	0x83, 0xc4, 0xff, 0xff, //0x00005b50 .long L0_12_set_367
	0x83, 0xc4, 0xff, 0xff, //0x00005b54 .long L0_12_set_367
	0x83, 0xc4, 0xff, 0xff, //0x00005b58 .long L0_12_set_367
	0x83, 0xc4, 0xff, 0xff, //0x00005b5c .long L0_12_set_367
	0x4d, 0xbf, 0xff, 0xff, //0x00005b60 .long L0_12_set_312
	// // .set L0_13_set_120, LBB0_120-LJTI0_13
	// // .set L0_13_set_229, LBB0_229-LJTI0_13
	// // .set L0_13_set_122, LBB0_122-LJTI0_13
	// // .set L0_13_set_114, LBB0_114-LJTI0_13
	//0x00005b64 LJTI0_13
	0x0e, 0xae, 0xff, 0xff, //0x00005b64 .long L0_13_set_120
	0xe9, 0xb8, 0xff, 0xff, //0x00005b68 .long L0_13_set_229
	0x0e, 0xae, 0xff, 0xff, //0x00005b6c .long L0_13_set_120
	0x21, 0xae, 0xff, 0xff, //0x00005b70 .long L0_13_set_122
	0xe9, 0xb8, 0xff, 0xff, //0x00005b74 .long L0_13_set_229
	0xe9, 0xb8, 0xff, 0xff, //0x00005b78 .long L0_13_set_229
	0xe9, 0xb8, 0xff, 0xff, //0x00005b7c .long L0_13_set_229
	0xe9, 0xb8, 0xff, 0xff, //0x00005b80 .long L0_13_set_229
	0xe9, 0xb8, 0xff, 0xff, //0x00005b84 .long L0_13_set_229
	0xe9, 0xb8, 0xff, 0xff, //0x00005b88 .long L0_13_set_229
	0xe9, 0xb8, 0xff, 0xff, //0x00005b8c .long L0_13_set_229
	0xe9, 0xb8, 0xff, 0xff, //0x00005b90 .long L0_13_set_229
	0xe9, 0xb8, 0xff, 0xff, //0x00005b94 .long L0_13_set_229
	0xe9, 0xb8, 0xff, 0xff, //0x00005b98 .long L0_13_set_229
	0xe9, 0xb8, 0xff, 0xff, //0x00005b9c .long L0_13_set_229
	0xe9, 0xb8, 0xff, 0xff, //0x00005ba0 .long L0_13_set_229
	0xe9, 0xb8, 0xff, 0xff, //0x00005ba4 .long L0_13_set_229
	0xe9, 0xb8, 0xff, 0xff, //0x00005ba8 .long L0_13_set_229
	0xe9, 0xb8, 0xff, 0xff, //0x00005bac .long L0_13_set_229
	0xe9, 0xb8, 0xff, 0xff, //0x00005bb0 .long L0_13_set_229
	0xe9, 0xb8, 0xff, 0xff, //0x00005bb4 .long L0_13_set_229
	0xe9, 0xb8, 0xff, 0xff, //0x00005bb8 .long L0_13_set_229
	0xe9, 0xb8, 0xff, 0xff, //0x00005bbc .long L0_13_set_229
	0xe9, 0xb8, 0xff, 0xff, //0x00005bc0 .long L0_13_set_229
	0xe9, 0xb8, 0xff, 0xff, //0x00005bc4 .long L0_13_set_229
	0xe9, 0xb8, 0xff, 0xff, //0x00005bc8 .long L0_13_set_229
	0xca, 0xad, 0xff, 0xff, //0x00005bcc .long L0_13_set_114
	//0x00005bd0 .p2align 2, 0x00
	//0x00005bd0 _MASK_USE_NUMBER
	0x02, 0x00, 0x00, 0x00, //0x00005bd0 .long 2
}
