//go:build amd64
// +build amd64

// Code generated by asm2asm, DO NOT EDIT.

package sse

var _text_value = []byte{
	// .p2align 4, 0x00
	// LCPI0_0
	0x22, 0x22, 0x22, 0x22, 0x22, 0x22, 0x22, 0x22, 0x22, 0x22, 0x22, 0x22, 0x22, 0x22, 0x22, 0x22, // QUAD $0x2222222222222222; QUAD $0x2222222222222222  // .space 16, '""""""""""""""""'
	//0x00000010 LCPI0_1
	0x5c, 0x5c, 0x5c, 0x5c, 0x5c, 0x5c, 0x5c, 0x5c, 0x5c, 0x5c, 0x5c, 0x5c, 0x5c, 0x5c, 0x5c, 0x5c, //0x00000010 QUAD $0x5c5c5c5c5c5c5c5c; QUAD $0x5c5c5c5c5c5c5c5c  // .space 16, '\\\\\\\\\\\\\\\\\\\\\\\\\\\\\\\\'
	//0x00000020 LCPI0_2
	0x20, 0x20, 0x20, 0x20, 0x20, 0x20, 0x20, 0x20, 0x20, 0x20, 0x20, 0x20, 0x20, 0x20, 0x20, 0x20, //0x00000020 QUAD $0x2020202020202020; QUAD $0x2020202020202020  // .space 16, '                '
	//0x00000030 LCPI0_3
	0x2f, 0x2f, 0x2f, 0x2f, 0x2f, 0x2f, 0x2f, 0x2f, 0x2f, 0x2f, 0x2f, 0x2f, 0x2f, 0x2f, 0x2f, 0x2f, //0x00000030 QUAD $0x2f2f2f2f2f2f2f2f; QUAD $0x2f2f2f2f2f2f2f2f  // .space 16, '////////////////'
	//0x00000040 LCPI0_4
	0x3a, 0x3a, 0x3a, 0x3a, 0x3a, 0x3a, 0x3a, 0x3a, 0x3a, 0x3a, 0x3a, 0x3a, 0x3a, 0x3a, 0x3a, 0x3a, //0x00000040 QUAD $0x3a3a3a3a3a3a3a3a; QUAD $0x3a3a3a3a3a3a3a3a  // .space 16, '::::::::::::::::'
	//0x00000050 LCPI0_5
	0x2b, 0x2b, 0x2b, 0x2b, 0x2b, 0x2b, 0x2b, 0x2b, 0x2b, 0x2b, 0x2b, 0x2b, 0x2b, 0x2b, 0x2b, 0x2b, //0x00000050 QUAD $0x2b2b2b2b2b2b2b2b; QUAD $0x2b2b2b2b2b2b2b2b  // .space 16, '++++++++++++++++'
	//0x00000060 LCPI0_6
	0x2d, 0x2d, 0x2d, 0x2d, 0x2d, 0x2d, 0x2d, 0x2d, 0x2d, 0x2d, 0x2d, 0x2d, 0x2d, 0x2d, 0x2d, 0x2d, //0x00000060 QUAD $0x2d2d2d2d2d2d2d2d; QUAD $0x2d2d2d2d2d2d2d2d  // .space 16, '----------------'
	//0x00000070 LCPI0_7
	0xdf, 0xdf, 0xdf, 0xdf, 0xdf, 0xdf, 0xdf, 0xdf, 0xdf, 0xdf, 0xdf, 0xdf, 0xdf, 0xdf, 0xdf, 0xdf, //0x00000070 QUAD $0xdfdfdfdfdfdfdfdf; QUAD $0xdfdfdfdfdfdfdfdf  // .space 16, '\xdf\xdf\xdf\xdf\xdf\xdf\xdf\xdf\xdf\xdf\xdf\xdf\xdf\xdf\xdf\xdf'
	//0x00000080 LCPI0_8
	0x2e, 0x2e, 0x2e, 0x2e, 0x2e, 0x2e, 0x2e, 0x2e, 0x2e, 0x2e, 0x2e, 0x2e, 0x2e, 0x2e, 0x2e, 0x2e, //0x00000080 QUAD $0x2e2e2e2e2e2e2e2e; QUAD $0x2e2e2e2e2e2e2e2e  // .space 16, '................'
	//0x00000090 LCPI0_9
	0x45, 0x45, 0x45, 0x45, 0x45, 0x45, 0x45, 0x45, 0x45, 0x45, 0x45, 0x45, 0x45, 0x45, 0x45, 0x45, //0x00000090 QUAD $0x4545454545454545; QUAD $0x4545454545454545  // .space 16, 'EEEEEEEEEEEEEEEE'
	//0x000000a0 LCPI0_10
	0x00, 0x00, 0x30, 0x43, //0x000000a0 .long 1127219200
	0x00, 0x00, 0x30, 0x45, //0x000000a4 .long 1160773632
	0x00, 0x00, 0x00, 0x00, //0x000000a8 .long 0
	0x00, 0x00, 0x00, 0x00, //0x000000ac .long 0
	//0x000000b0 LCPI0_11
	0x00, 0x00, 0x00, 0x00, 0x00, 0x00, 0x30, 0x43, //0x000000b0 .quad 0x4330000000000000
	0x00, 0x00, 0x00, 0x00, 0x00, 0x00, 0x30, 0x45, //0x000000b8 .quad 0x4530000000000000
	//0x000000c0 .p2align 3, 0x00
	//0x000000c0 LCPI0_12
	0x00, 0x00, 0x34, 0x26, 0xf5, 0x6b, 0x0c, 0x43, //0x000000c0 .quad 0x430c6bf526340000
	//0x000000c8 LCPI0_13
	0x00, 0x00, 0x34, 0x26, 0xf5, 0x6b, 0x0c, 0xc3, //0x000000c8 .quad 0xc30c6bf526340000
	//0x000000d0 .p2align 4, 0x90
	//0x000000d0 _value
	0x55,             //0x000000d0 pushq        %rbp
	0x48, 0x89, 0xe5, //0x000000d1 movq         %rsp, %rbp
	0x41, 0x57, //0x000000d4 pushq        %r15
	0x41, 0x56, //0x000000d6 pushq        %r14
	0x41, 0x55, //0x000000d8 pushq        %r13
	0x41, 0x54, //0x000000da pushq        %r12
	0x53,                   //0x000000dc pushq        %rbx
	0x48, 0x83, 0xec, 0x50, //0x000000dd subq         $80, %rsp
	0x49, 0x89, 0xcf, //0x000000e1 movq         %rcx, %r15
	0x48, 0x39, 0xf2, //0x000000e4 cmpq         %rsi, %rdx
	0x0f, 0x83, 0x27, 0x00, 0x00, 0x00, //0x000000e7 jae          LBB0_5
	0x8a, 0x04, 0x17, //0x000000ed movb         (%rdi,%rdx), %al
	0x3c, 0x0d, //0x000000f0 cmpb         $13, %al
	0x0f, 0x84, 0x1c, 0x00, 0x00, 0x00, //0x000000f2 je           LBB0_5
	0x3c, 0x20, //0x000000f8 cmpb         $32, %al
	0x0f, 0x84, 0x14, 0x00, 0x00, 0x00, //0x000000fa je           LBB0_5
	0x8d, 0x48, 0xf7, //0x00000100 leal         $-9(%rax), %ecx
	0x80, 0xf9, 0x01, //0x00000103 cmpb         $1, %cl
	0x0f, 0x86, 0x08, 0x00, 0x00, 0x00, //0x00000106 jbe          LBB0_5
	0x49, 0x89, 0xd1, //0x0000010c movq         %rdx, %r9
	0xe9, 0xf7, 0x00, 0x00, 0x00, //0x0000010f jmp          LBB0_28
	//0x00000114 LBB0_5
	0x4c, 0x8d, 0x4a, 0x01, //0x00000114 leaq         $1(%rdx), %r9
	0x49, 0x39, 0xf1, //0x00000118 cmpq         %rsi, %r9
	0x0f, 0x83, 0x20, 0x00, 0x00, 0x00, //0x0000011b jae          LBB0_9
	0x42, 0x8a, 0x04, 0x0f, //0x00000121 movb         (%rdi,%r9), %al
	0x3c, 0x0d, //0x00000125 cmpb         $13, %al
	0x0f, 0x84, 0x14, 0x00, 0x00, 0x00, //0x00000127 je           LBB0_9
	0x3c, 0x20, //0x0000012d cmpb         $32, %al
	0x0f, 0x84, 0x0c, 0x00, 0x00, 0x00, //0x0000012f je           LBB0_9
	0x8d, 0x48, 0xf7, //0x00000135 leal         $-9(%rax), %ecx
	0x80, 0xf9, 0x01, //0x00000138 cmpb         $1, %cl
	0x0f, 0x87, 0xca, 0x00, 0x00, 0x00, //0x0000013b ja           LBB0_28
	//0x00000141 LBB0_9
	0x4c, 0x8d, 0x4a, 0x02, //0x00000141 leaq         $2(%rdx), %r9
	0x49, 0x39, 0xf1, //0x00000145 cmpq         %rsi, %r9
	0x0f, 0x83, 0x20, 0x00, 0x00, 0x00, //0x00000148 jae          LBB0_13
	0x42, 0x8a, 0x04, 0x0f, //0x0000014e movb         (%rdi,%r9), %al
	0x3c, 0x0d, //0x00000152 cmpb         $13, %al
	0x0f, 0x84, 0x14, 0x00, 0x00, 0x00, //0x00000154 je           LBB0_13
	0x3c, 0x20, //0x0000015a cmpb         $32, %al
	0x0f, 0x84, 0x0c, 0x00, 0x00, 0x00, //0x0000015c je           LBB0_13
	0x8d, 0x48, 0xf7, //0x00000162 leal         $-9(%rax), %ecx
	0x80, 0xf9, 0x01, //0x00000165 cmpb         $1, %cl
	0x0f, 0x87, 0x9d, 0x00, 0x00, 0x00, //0x00000168 ja           LBB0_28
	//0x0000016e LBB0_13
	0x4c, 0x8d, 0x4a, 0x03, //0x0000016e leaq         $3(%rdx), %r9
	0x49, 0x39, 0xf1, //0x00000172 cmpq         %rsi, %r9
	0x0f, 0x83, 0x20, 0x00, 0x00, 0x00, //0x00000175 jae          LBB0_17
	0x42, 0x8a, 0x04, 0x0f, //0x0000017b movb         (%rdi,%r9), %al
	0x3c, 0x0d, //0x0000017f cmpb         $13, %al
	0x0f, 0x84, 0x14, 0x00, 0x00, 0x00, //0x00000181 je           LBB0_17
	0x3c, 0x20, //0x00000187 cmpb         $32, %al
	0x0f, 0x84, 0x0c, 0x00, 0x00, 0x00, //0x00000189 je           LBB0_17
	0x8d, 0x48, 0xf7, //0x0000018f leal         $-9(%rax), %ecx
	0x80, 0xf9, 0x01, //0x00000192 cmpb         $1, %cl
	0x0f, 0x87, 0x70, 0x00, 0x00, 0x00, //0x00000195 ja           LBB0_28
	//0x0000019b LBB0_17
	0x4c, 0x8d, 0x4a, 0x04, //0x0000019b leaq         $4(%rdx), %r9
	0x49, 0x39, 0xf1, //0x0000019f cmpq         %rsi, %r9
	0x0f, 0x83, 0x42, 0x00, 0x00, 0x00, //0x000001a2 jae          LBB0_23
	0x4c, 0x39, 0xce, //0x000001a8 cmpq         %r9, %rsi
	0x0f, 0x84, 0x41, 0x00, 0x00, 0x00, //0x000001ab je           LBB0_24
	0x48, 0x8d, 0x04, 0x37, //0x000001b1 leaq         (%rdi,%rsi), %rax
	0x48, 0xb9, 0x00, 0x26, 0x00, 0x00, 0x01, 0x00, 0x00, 0x00, //0x000001b5 movabsq      $4294977024, %rcx
	0x90, //0x000001bf .p2align 4, 0x90
	//0x000001c0 LBB0_20
	0x42, 0x0f, 0xbe, 0x1c, 0x0f, //0x000001c0 movsbl       (%rdi,%r9), %ebx
	0x83, 0xfb, 0x20, //0x000001c5 cmpl         $32, %ebx
	0x0f, 0x87, 0x30, 0x00, 0x00, 0x00, //0x000001c8 ja           LBB0_26
	0x48, 0x0f, 0xa3, 0xd9, //0x000001ce btq          %rbx, %rcx
	0x0f, 0x83, 0x26, 0x00, 0x00, 0x00, //0x000001d2 jae          LBB0_26
	0x49, 0x83, 0xc1, 0x01, //0x000001d8 addq         $1, %r9
	0x4c, 0x39, 0xce, //0x000001dc cmpq         %r9, %rsi
	0x0f, 0x85, 0xdb, 0xff, 0xff, 0xff, //0x000001df jne          LBB0_20
	0xe9, 0x0e, 0x00, 0x00, 0x00, //0x000001e5 jmp          LBB0_25
	//0x000001ea LBB0_23
	0x4c, 0x89, 0xca, //0x000001ea movq         %r9, %rdx
	0xe9, 0xb7, 0x00, 0x00, 0x00, //0x000001ed jmp          LBB0_37
	//0x000001f2 LBB0_24
	0x49, 0x01, 0xf9, //0x000001f2 addq         %rdi, %r9
	0x4c, 0x89, 0xc8, //0x000001f5 movq         %r9, %rax
	//0x000001f8 LBB0_25
	0x48, 0x29, 0xf8, //0x000001f8 subq         %rdi, %rax
	0x49, 0x89, 0xc1, //0x000001fb movq         %rax, %r9
	//0x000001fe LBB0_26
	0x49, 0x39, 0xf1, //0x000001fe cmpq         %rsi, %r9
	0x0f, 0x83, 0xa2, 0x00, 0x00, 0x00, //0x00000201 jae          LBB0_37
	0x42, 0x8a, 0x04, 0x0f, //0x00000207 movb         (%rdi,%r9), %al
	//0x0000020b LBB0_28
	0x0f, 0xbe, 0xc8, //0x0000020b movsbl       %al, %ecx
	0x83, 0xf9, 0x7d, //0x0000020e cmpl         $125, %ecx
	0x0f, 0x87, 0xd3, 0x06, 0x00, 0x00, //0x00000211 ja           LBB0_125
	0x49, 0x8d, 0x51, 0x01, //0x00000217 leaq         $1(%r9), %rdx
	0x4e, 0x8d, 0x2c, 0x0f, //0x0000021b leaq         (%rdi,%r9), %r13
	0x48, 0x8d, 0x1d, 0xda, 0x32, 0x00, 0x00, //0x0000021f leaq         $13018(%rip), %rbx  /* LJTI0_0+0(%rip) */
	0x48, 0x63, 0x0c, 0x8b, //0x00000226 movslq       (%rbx,%rcx,4), %rcx
	0x48, 0x01, 0xd9, //0x0000022a addq         %rbx, %rcx
	0xff, 0xe1, //0x0000022d jmpq         *%rcx
	//0x0000022f LBB0_30
	0x41, 0xf6, 0xc0, 0x02, //0x0000022f testb        $2, %r8b
	0x0f, 0x85, 0x8c, 0x00, 0x00, 0x00, //0x00000233 jne          LBB0_40
	0x4d, 0x8b, 0x47, 0x20, //0x00000239 movq         $32(%r15), %r8
	0x4d, 0x8b, 0x5f, 0x28, //0x0000023d movq         $40(%r15), %r11
	0x49, 0xc7, 0x07, 0x09, 0x00, 0x00, 0x00, //0x00000241 movq         $9, (%r15)
	0x66, 0x0f, 0xef, 0xc0, //0x00000248 pxor         %xmm0, %xmm0
	0xf3, 0x41, 0x0f, 0x7f, 0x47, 0x08, //0x0000024c movdqu       %xmm0, $8(%r15)
	0x4d, 0x89, 0x4f, 0x18, //0x00000252 movq         %r9, $24(%r15)
	0x49, 0x39, 0xf1, //0x00000256 cmpq         %rsi, %r9
	0x0f, 0x83, 0x2b, 0x0f, 0x00, 0x00, //0x00000259 jae          LBB0_240
	0x45, 0x8a, 0x55, 0x00, //0x0000025f movb         (%r13), %r10b
	0x41, 0xbc, 0x01, 0x00, 0x00, 0x00, //0x00000263 movl         $1, %r12d
	0x44, 0x89, 0xd3, //0x00000269 movl         %r10d, %ebx
	0x4c, 0x89, 0xc8, //0x0000026c movq         %r9, %rax
	0x41, 0x80, 0xfa, 0x2d, //0x0000026f cmpb         $45, %r10b
	0x0f, 0x85, 0x15, 0x00, 0x00, 0x00, //0x00000273 jne          LBB0_35
	0x48, 0x39, 0xf2, //0x00000279 cmpq         %rsi, %rdx
	0x0f, 0x83, 0x08, 0x0f, 0x00, 0x00, //0x0000027c jae          LBB0_240
	0x8a, 0x1c, 0x17, //0x00000282 movb         (%rdi,%rdx), %bl
	0x41, 0xbc, 0xff, 0xff, 0xff, 0xff, //0x00000285 movl         $-1, %r12d
	0x48, 0x89, 0xd0, //0x0000028b movq         %rdx, %rax
	//0x0000028e LBB0_35
	0x8d, 0x4b, 0xd0, //0x0000028e leal         $-48(%rbx), %ecx
	0x80, 0xf9, 0x0a, //0x00000291 cmpb         $10, %cl
	0x0f, 0x82, 0x4a, 0x03, 0x00, 0x00, //0x00000294 jb           LBB0_89
	//0x0000029a LBB0_36
	0x49, 0xc7, 0x07, 0xfe, 0xff, 0xff, 0xff, //0x0000029a movq         $-2, (%r15)
	0x49, 0x89, 0xc6, //0x000002a1 movq         %rax, %r14
	0xe9, 0x0a, 0x00, 0x00, 0x00, //0x000002a4 jmp          LBB0_39
	//0x000002a9 LBB0_37
	0x49, 0xc7, 0x07, 0x01, 0x00, 0x00, 0x00, //0x000002a9 movq         $1, (%r15)
	//0x000002b0 LBB0_38
	0x49, 0x89, 0xd6, //0x000002b0 movq         %rdx, %r14
	//0x000002b3 LBB0_39
	0x4c, 0x89, 0xf0, //0x000002b3 movq         %r14, %rax
	0x48, 0x83, 0xc4, 0x50, //0x000002b6 addq         $80, %rsp
	0x5b,       //0x000002ba popq         %rbx
	0x41, 0x5c, //0x000002bb popq         %r12
	0x41, 0x5d, //0x000002bd popq         %r13
	0x41, 0x5e, //0x000002bf popq         %r14
	0x41, 0x5f, //0x000002c1 popq         %r15
	0x5d, //0x000002c3 popq         %rbp
	0xc3, //0x000002c4 retq
	//0x000002c5 LBB0_40
	0x4c, 0x29, 0xce, //0x000002c5 subq         %r9, %rsi
	0x31, 0xdb, //0x000002c8 xorl         %ebx, %ebx
	0x3c, 0x2d, //0x000002ca cmpb         $45, %al
	0x0f, 0x94, 0xc3, //0x000002cc sete         %bl
	0x4e, 0x8d, 0x34, 0x2b, //0x000002cf leaq         (%rbx,%r13), %r14
	0x48, 0x29, 0xde, //0x000002d3 subq         %rbx, %rsi
	0x0f, 0x84, 0xfe, 0x24, 0x00, 0x00, //0x000002d6 je           LBB0_563
	0x4c, 0x89, 0x7d, 0xa8, //0x000002dc movq         %r15, $-88(%rbp)
	0x41, 0x8a, 0x06, //0x000002e0 movb         (%r14), %al
	0x8d, 0x48, 0xd0, //0x000002e3 leal         $-48(%rax), %ecx
	0x80, 0xf9, 0x09, //0x000002e6 cmpb         $9, %cl
	0x0f, 0x87, 0xe1, 0x06, 0x00, 0x00, //0x000002e9 ja           LBB0_140
	0x3c, 0x30, //0x000002ef cmpb         $48, %al
	0x0f, 0x85, 0x36, 0x00, 0x00, 0x00, //0x000002f1 jne          LBB0_46
	0xb8, 0x01, 0x00, 0x00, 0x00, //0x000002f7 movl         $1, %eax
	0x48, 0x83, 0xfe, 0x01, //0x000002fc cmpq         $1, %rsi
	0x0f, 0x84, 0x87, 0x06, 0x00, 0x00, //0x00000300 je           LBB0_136
	0x41, 0x8a, 0x4e, 0x01, //0x00000306 movb         $1(%r14), %cl
	0x80, 0xc1, 0xd2, //0x0000030a addb         $-46, %cl
	0x80, 0xf9, 0x37, //0x0000030d cmpb         $55, %cl
	0x0f, 0x87, 0x77, 0x06, 0x00, 0x00, //0x00000310 ja           LBB0_136
	0x0f, 0xb6, 0xc9, //0x00000316 movzbl       %cl, %ecx
	0x48, 0xba, 0x01, 0x00, 0x80, 0x00, 0x00, 0x00, 0x80, 0x00, //0x00000319 movabsq      $36028797027352577, %rdx
	0x48, 0x0f, 0xa3, 0xca, //0x00000323 btq          %rcx, %rdx
	0x0f, 0x83, 0x60, 0x06, 0x00, 0x00, //0x00000327 jae          LBB0_136
	//0x0000032d LBB0_46
	0x48, 0x89, 0x5d, 0xb0, //0x0000032d movq         %rbx, $-80(%rbp)
	0x4c, 0x89, 0x6d, 0xc8, //0x00000331 movq         %r13, $-56(%rbp)
	0x48, 0x83, 0xfe, 0x10, //0x00000335 cmpq         $16, %rsi
	0x0f, 0x82, 0xca, 0x24, 0x00, 0x00, //0x00000339 jb           LBB0_566
	0x49, 0xc7, 0xc2, 0xff, 0xff, 0xff, 0xff, //0x0000033f movq         $-1, %r10
	0x31, 0xc0, //0x00000346 xorl         %eax, %eax
	0xf3, 0x44, 0x0f, 0x6f, 0x05, 0xdf, 0xfc, 0xff, 0xff, //0x00000348 movdqu       $-801(%rip), %xmm8  /* LCPI0_3+0(%rip) */
	0xf3, 0x44, 0x0f, 0x6f, 0x15, 0xe6, 0xfc, 0xff, 0xff, //0x00000351 movdqu       $-794(%rip), %xmm10  /* LCPI0_4+0(%rip) */
	0xf3, 0x44, 0x0f, 0x6f, 0x0d, 0xed, 0xfc, 0xff, 0xff, //0x0000035a movdqu       $-787(%rip), %xmm9  /* LCPI0_5+0(%rip) */
	0xf3, 0x0f, 0x6f, 0x1d, 0xf5, 0xfc, 0xff, 0xff, //0x00000363 movdqu       $-779(%rip), %xmm3  /* LCPI0_6+0(%rip) */
	0xf3, 0x0f, 0x6f, 0x25, 0xfd, 0xfc, 0xff, 0xff, //0x0000036b movdqu       $-771(%rip), %xmm4  /* LCPI0_7+0(%rip) */
	0xf3, 0x0f, 0x6f, 0x2d, 0x05, 0xfd, 0xff, 0xff, //0x00000373 movdqu       $-763(%rip), %xmm5  /* LCPI0_8+0(%rip) */
	0xf3, 0x0f, 0x6f, 0x35, 0x0d, 0xfd, 0xff, 0xff, //0x0000037b movdqu       $-755(%rip), %xmm6  /* LCPI0_9+0(%rip) */
	0x49, 0xc7, 0xc0, 0xff, 0xff, 0xff, 0xff, //0x00000383 movq         $-1, %r8
	0x49, 0xc7, 0xc7, 0xff, 0xff, 0xff, 0xff, //0x0000038a movq         $-1, %r15
	0x48, 0x89, 0xf3, //0x00000391 movq         %rsi, %rbx
	0x90, 0x90, 0x90, 0x90, 0x90, 0x90, 0x90, 0x90, 0x90, 0x90, 0x90, 0x90, //0x00000394 .p2align 4, 0x90
	//0x000003a0 LBB0_48
	0x4d, 0x89, 0xf4, //0x000003a0 movq         %r14, %r12
	0xf3, 0x41, 0x0f, 0x6f, 0x3c, 0x06, //0x000003a3 movdqu       (%r14,%rax), %xmm7
	0x66, 0x0f, 0x6f, 0xc7, //0x000003a9 movdqa       %xmm7, %xmm0
	0x66, 0x41, 0x0f, 0x64, 0xc0, //0x000003ad pcmpgtb      %xmm8, %xmm0
	0x66, 0x41, 0x0f, 0x6f, 0xca, //0x000003b2 movdqa       %xmm10, %xmm1
	0x66, 0x0f, 0x64, 0xcf, //0x000003b7 pcmpgtb      %xmm7, %xmm1
	0x66, 0x0f, 0xdb, 0xc8, //0x000003bb pand         %xmm0, %xmm1
	0x66, 0x0f, 0x6f, 0xc7, //0x000003bf movdqa       %xmm7, %xmm0
	0x66, 0x41, 0x0f, 0x74, 0xc1, //0x000003c3 pcmpeqb      %xmm9, %xmm0
	0x66, 0x0f, 0x6f, 0xd7, //0x000003c8 movdqa       %xmm7, %xmm2
	0x66, 0x0f, 0x74, 0xd3, //0x000003cc pcmpeqb      %xmm3, %xmm2
	0x66, 0x0f, 0xeb, 0xd0, //0x000003d0 por          %xmm0, %xmm2
	0x66, 0x0f, 0x6f, 0xc7, //0x000003d4 movdqa       %xmm7, %xmm0
	0x66, 0x0f, 0xdb, 0xc4, //0x000003d8 pand         %xmm4, %xmm0
	0x66, 0x0f, 0x74, 0xc6, //0x000003dc pcmpeqb      %xmm6, %xmm0
	0x66, 0x0f, 0x74, 0xfd, //0x000003e0 pcmpeqb      %xmm5, %xmm7
	0x66, 0x44, 0x0f, 0xd7, 0xd8, //0x000003e4 pmovmskb     %xmm0, %r11d
	0x66, 0x0f, 0xeb, 0xc7, //0x000003e9 por          %xmm7, %xmm0
	0x66, 0x0f, 0xeb, 0xca, //0x000003ed por          %xmm2, %xmm1
	0x66, 0x0f, 0xeb, 0xc8, //0x000003f1 por          %xmm0, %xmm1
	0x66, 0x44, 0x0f, 0xd7, 0xf7, //0x000003f5 pmovmskb     %xmm7, %r14d
	0x66, 0x44, 0x0f, 0xd7, 0xea, //0x000003fa pmovmskb     %xmm2, %r13d
	0x66, 0x0f, 0xd7, 0xc9, //0x000003ff pmovmskb     %xmm1, %ecx
	0xf7, 0xd1, //0x00000403 notl         %ecx
	0x0f, 0xbc, 0xc9, //0x00000405 bsfl         %ecx, %ecx
	0x83, 0xf9, 0x10, //0x00000408 cmpl         $16, %ecx
	0x0f, 0x84, 0x15, 0x00, 0x00, 0x00, //0x0000040b je           LBB0_50
	0xba, 0xff, 0xff, 0xff, 0xff, //0x00000411 movl         $-1, %edx
	0xd3, 0xe2, //0x00000416 shll         %cl, %edx
	0xf7, 0xd2, //0x00000418 notl         %edx
	0x41, 0x21, 0xd6, //0x0000041a andl         %edx, %r14d
	0x41, 0x21, 0xd3, //0x0000041d andl         %edx, %r11d
	0x44, 0x21, 0xea, //0x00000420 andl         %r13d, %edx
	0x41, 0x89, 0xd5, //0x00000423 movl         %edx, %r13d
	//0x00000426 LBB0_50
	0x41, 0x8d, 0x56, 0xff, //0x00000426 leal         $-1(%r14), %edx
	0x44, 0x21, 0xf2, //0x0000042a andl         %r14d, %edx
	0x0f, 0x85, 0xdb, 0x0b, 0x00, 0x00, //0x0000042d jne          LBB0_209
	0x41, 0x8d, 0x53, 0xff, //0x00000433 leal         $-1(%r11), %edx
	0x44, 0x21, 0xda, //0x00000437 andl         %r11d, %edx
	0x0f, 0x85, 0xce, 0x0b, 0x00, 0x00, //0x0000043a jne          LBB0_209
	0x41, 0x8d, 0x55, 0xff, //0x00000440 leal         $-1(%r13), %edx
	0x44, 0x21, 0xea, //0x00000444 andl         %r13d, %edx
	0x0f, 0x85, 0xc1, 0x0b, 0x00, 0x00, //0x00000447 jne          LBB0_209
	0x45, 0x85, 0xf6, //0x0000044d testl        %r14d, %r14d
	0x0f, 0x84, 0x14, 0x00, 0x00, 0x00, //0x00000450 je           LBB0_56
	0x41, 0x0f, 0xbc, 0xd6, //0x00000456 bsfl         %r14d, %edx
	0x49, 0x83, 0xff, 0xff, //0x0000045a cmpq         $-1, %r15
	0x0f, 0x85, 0x9e, 0x12, 0x00, 0x00, //0x0000045e jne          LBB0_311
	0x48, 0x01, 0xc2, //0x00000464 addq         %rax, %rdx
	0x49, 0x89, 0xd7, //0x00000467 movq         %rdx, %r15
	//0x0000046a LBB0_56
	0x4d, 0x89, 0xe6, //0x0000046a movq         %r12, %r14
	0x45, 0x85, 0xdb, //0x0000046d testl        %r11d, %r11d
	0x0f, 0x84, 0x14, 0x00, 0x00, 0x00, //0x00000470 je           LBB0_59
	0x41, 0x0f, 0xbc, 0xd3, //0x00000476 bsfl         %r11d, %edx
	0x49, 0x83, 0xf8, 0xff, //0x0000047a cmpq         $-1, %r8
	0x0f, 0x85, 0xf3, 0x0e, 0x00, 0x00, //0x0000047e jne          LBB0_267
	0x48, 0x01, 0xc2, //0x00000484 addq         %rax, %rdx
	0x49, 0x89, 0xd0, //0x00000487 movq         %rdx, %r8
	//0x0000048a LBB0_59
	0x45, 0x85, 0xed, //0x0000048a testl        %r13d, %r13d
	0x0f, 0x84, 0x14, 0x00, 0x00, 0x00, //0x0000048d je           LBB0_62
	0x41, 0x0f, 0xbc, 0xd5, //0x00000493 bsfl         %r13d, %edx
	0x49, 0x83, 0xfa, 0xff, //0x00000497 cmpq         $-1, %r10
	0x0f, 0x85, 0xd6, 0x0e, 0x00, 0x00, //0x0000049b jne          LBB0_267
	0x48, 0x01, 0xc2, //0x000004a1 addq         %rax, %rdx
	0x49, 0x89, 0xd2, //0x000004a4 movq         %rdx, %r10
	//0x000004a7 LBB0_62
	0x83, 0xf9, 0x10, //0x000004a7 cmpl         $16, %ecx
	0x0f, 0x85, 0xb8, 0x00, 0x00, 0x00, //0x000004aa jne          LBB0_77
	0x48, 0x83, 0xc3, 0xf0, //0x000004b0 addq         $-16, %rbx
	0x48, 0x83, 0xc0, 0x10, //0x000004b4 addq         $16, %rax
	0x48, 0x83, 0xfb, 0x0f, //0x000004b8 cmpq         $15, %rbx
	0x0f, 0x87, 0xde, 0xfe, 0xff, 0xff, //0x000004bc ja           LBB0_48
	0x49, 0x8d, 0x0c, 0x06, //0x000004c2 leaq         (%r14,%rax), %rcx
	0x49, 0x89, 0xcd, //0x000004c6 movq         %rcx, %r13
	0x48, 0x39, 0xc6, //0x000004c9 cmpq         %rax, %rsi
	0x0f, 0x84, 0xad, 0x00, 0x00, 0x00, //0x000004cc je           LBB0_80
	//0x000004d2 LBB0_65
	0x4c, 0x8d, 0x2c, 0x19, //0x000004d2 leaq         (%rcx,%rbx), %r13
	0x49, 0x89, 0xcb, //0x000004d6 movq         %rcx, %r11
	0x4d, 0x89, 0xf4, //0x000004d9 movq         %r14, %r12
	0x4d, 0x29, 0xf3, //0x000004dc subq         %r14, %r11
	0x31, 0xc0, //0x000004df xorl         %eax, %eax
	0x4c, 0x8d, 0x35, 0x00, 0x36, 0x00, 0x00, //0x000004e1 leaq         $13824(%rip), %r14  /* LJTI0_4+0(%rip) */
	0xe9, 0x30, 0x00, 0x00, 0x00, //0x000004e8 jmp          LBB0_70
	//0x000004ed LBB0_66
	0x83, 0xfe, 0x65, //0x000004ed cmpl         $101, %esi
	0x0f, 0x85, 0x80, 0x00, 0x00, 0x00, //0x000004f0 jne          LBB0_78
	//0x000004f6 LBB0_67
	0x49, 0x83, 0xf8, 0xff, //0x000004f6 cmpq         $-1, %r8
	0x0f, 0x85, 0xa8, 0x0c, 0x00, 0x00, //0x000004fa jne          LBB0_242
	0x4d, 0x8d, 0x04, 0x03, //0x00000500 leaq         (%r11,%rax), %r8
	0x90, 0x90, 0x90, 0x90, 0x90, 0x90, 0x90, 0x90, 0x90, 0x90, 0x90, 0x90, //0x00000504 .p2align 4, 0x90
	//0x00000510 LBB0_69
	0x48, 0x83, 0xc0, 0x01, //0x00000510 addq         $1, %rax
	0x48, 0x39, 0xc3, //0x00000514 cmpq         %rax, %rbx
	0x0f, 0x84, 0x5f, 0x00, 0x00, 0x00, //0x00000517 je           LBB0_79
	//0x0000051d LBB0_70
	0x0f, 0xbe, 0x34, 0x01, //0x0000051d movsbl       (%rcx,%rax), %esi
	0x8d, 0x56, 0xd0, //0x00000521 leal         $-48(%rsi), %edx
	0x83, 0xfa, 0x0a, //0x00000524 cmpl         $10, %edx
	0x0f, 0x82, 0xe3, 0xff, 0xff, 0xff, //0x00000527 jb           LBB0_69
	0x8d, 0x56, 0xd5, //0x0000052d leal         $-43(%rsi), %edx
	0x83, 0xfa, 0x1a, //0x00000530 cmpl         $26, %edx
	0x0f, 0x87, 0xb4, 0xff, 0xff, 0xff, //0x00000533 ja           LBB0_66
	0x49, 0x63, 0x14, 0x96, //0x00000539 movslq       (%r14,%rdx,4), %rdx
	0x4c, 0x01, 0xf2, //0x0000053d addq         %r14, %rdx
	0xff, 0xe2, //0x00000540 jmpq         *%rdx
	//0x00000542 LBB0_73
	0x49, 0x83, 0xfa, 0xff, //0x00000542 cmpq         $-1, %r10
	0x0f, 0x85, 0x5c, 0x0c, 0x00, 0x00, //0x00000546 jne          LBB0_242
	0x4d, 0x8d, 0x14, 0x03, //0x0000054c leaq         (%r11,%rax), %r10
	0xe9, 0xbb, 0xff, 0xff, 0xff, //0x00000550 jmp          LBB0_69
	//0x00000555 LBB0_75
	0x49, 0x83, 0xff, 0xff, //0x00000555 cmpq         $-1, %r15
	0x0f, 0x85, 0x49, 0x0c, 0x00, 0x00, //0x00000559 jne          LBB0_242
	0x4d, 0x8d, 0x3c, 0x03, //0x0000055f leaq         (%r11,%rax), %r15
	0xe9, 0xa8, 0xff, 0xff, 0xff, //0x00000563 jmp          LBB0_69
	//0x00000568 LBB0_77
	0x41, 0x89, 0xcd, //0x00000568 movl         %ecx, %r13d
	0x4d, 0x01, 0xf5, //0x0000056b addq         %r14, %r13
	0x49, 0x01, 0xc5, //0x0000056e addq         %rax, %r13
	0xe9, 0x09, 0x00, 0x00, 0x00, //0x00000571 jmp          LBB0_80
	//0x00000576 LBB0_78
	0x48, 0x01, 0xc1, //0x00000576 addq         %rax, %rcx
	0x49, 0x89, 0xcd, //0x00000579 movq         %rcx, %r13
	//0x0000057c LBB0_79
	0x4d, 0x89, 0xe6, //0x0000057c movq         %r12, %r14
	//0x0000057f LBB0_80
	0x48, 0xc7, 0xc0, 0xff, 0xff, 0xff, 0xff, //0x0000057f movq         $-1, %rax
	0x4d, 0x85, 0xff, //0x00000586 testq        %r15, %r15
	0x0f, 0x84, 0x3b, 0x04, 0x00, 0x00, //0x00000589 je           LBB0_139
	0x4d, 0x85, 0xd2, //0x0000058f testq        %r10, %r10
	0x0f, 0x84, 0x32, 0x04, 0x00, 0x00, //0x00000592 je           LBB0_139
	0x4d, 0x85, 0xc0, //0x00000598 testq        %r8, %r8
	0x0f, 0x84, 0x29, 0x04, 0x00, 0x00, //0x0000059b je           LBB0_139
	0x4d, 0x29, 0xf5, //0x000005a1 subq         %r14, %r13
	0x49, 0x8d, 0x45, 0xff, //0x000005a4 leaq         $-1(%r13), %rax
	0x49, 0x39, 0xc7, //0x000005a8 cmpq         %rax, %r15
	0x0f, 0x84, 0xcd, 0x03, 0x00, 0x00, //0x000005ab je           LBB0_134
	0x49, 0x39, 0xc2, //0x000005b1 cmpq         %rax, %r10
	0x0f, 0x84, 0xc4, 0x03, 0x00, 0x00, //0x000005b4 je           LBB0_134
	0x49, 0x39, 0xc0, //0x000005ba cmpq         %rax, %r8
	0x0f, 0x84, 0xbb, 0x03, 0x00, 0x00, //0x000005bd je           LBB0_134
	0x4d, 0x85, 0xd2, //0x000005c3 testq        %r10, %r10
	0x0f, 0x8e, 0xbb, 0x08, 0x00, 0x00, //0x000005c6 jle          LBB0_181
	0x49, 0x8d, 0x42, 0xff, //0x000005cc leaq         $-1(%r10), %rax
	0x49, 0x39, 0xc0, //0x000005d0 cmpq         %rax, %r8
	0x0f, 0x84, 0xae, 0x08, 0x00, 0x00, //0x000005d3 je           LBB0_181
	0x49, 0xf7, 0xd2, //0x000005d9 notq         %r10
	0x4c, 0x89, 0xd0, //0x000005dc movq         %r10, %rax
	0xe9, 0xa0, 0x03, 0x00, 0x00, //0x000005df jmp          LBB0_135
	//0x000005e4 LBB0_89
	0x80, 0xfb, 0x30, //0x000005e4 cmpb         $48, %bl
	0x0f, 0x85, 0x34, 0x00, 0x00, 0x00, //0x000005e7 jne          LBB0_93
	0x4c, 0x8d, 0x70, 0x01, //0x000005ed leaq         $1(%rax), %r14
	0x48, 0x39, 0xf0, //0x000005f1 cmpq         %rsi, %rax
	0x0f, 0x83, 0xb9, 0xfc, 0xff, 0xff, //0x000005f4 jae          LBB0_39
	0x42, 0x8a, 0x0c, 0x37, //0x000005fa movb         (%rdi,%r14), %cl
	0x80, 0xc1, 0xd2, //0x000005fe addb         $-46, %cl
	0x80, 0xf9, 0x37, //0x00000601 cmpb         $55, %cl
	0x0f, 0x87, 0xa9, 0xfc, 0xff, 0xff, //0x00000604 ja           LBB0_39
	0x0f, 0xb6, 0xc9, //0x0000060a movzbl       %cl, %ecx
	0x48, 0xba, 0x01, 0x00, 0x80, 0x00, 0x00, 0x00, 0x80, 0x00, //0x0000060d movabsq      $36028797027352577, %rdx
	0x48, 0x0f, 0xa3, 0xca, //0x00000617 btq          %rcx, %rdx
	0x0f, 0x83, 0x92, 0xfc, 0xff, 0xff, //0x0000061b jae          LBB0_39
	//0x00000621 LBB0_93
	0x44, 0x88, 0x55, 0xa0, //0x00000621 movb         %r10b, $-96(%rbp)
	0xb1, 0x01, //0x00000625 movb         $1, %cl
	0x89, 0x4d, 0xc0, //0x00000627 movl         %ecx, $-64(%rbp)
	0x48, 0x39, 0xf0, //0x0000062a cmpq         %rsi, %rax
	0x4c, 0x89, 0x5d, 0xb0, //0x0000062d movq         %r11, $-80(%rbp)
	0x0f, 0x83, 0x73, 0x08, 0x00, 0x00, //0x00000631 jae          LBB0_184
	0x41, 0xbb, 0xd0, 0xff, 0xff, 0xff, //0x00000637 movl         $4294967248, %r11d
	0x48, 0x83, 0xc0, 0x01, //0x0000063d addq         $1, %rax
	0x45, 0x31, 0xf6, //0x00000641 xorl         %r14d, %r14d
	0x31, 0xc9, //0x00000644 xorl         %ecx, %ecx
	0x45, 0x31, 0xd2, //0x00000646 xorl         %r10d, %r10d
	//0x00000649 LBB0_95
	0x83, 0xf9, 0x12, //0x00000649 cmpl         $18, %ecx
	0x0f, 0x8f, 0x16, 0x00, 0x00, 0x00, //0x0000064c jg           LBB0_97
	0x4b, 0x8d, 0x14, 0x92, //0x00000652 leaq         (%r10,%r10,4), %rdx
	0x0f, 0xb6, 0xdb, //0x00000656 movzbl       %bl, %ebx
	0x44, 0x01, 0xdb, //0x00000659 addl         %r11d, %ebx
	0x4c, 0x8d, 0x14, 0x53, //0x0000065c leaq         (%rbx,%rdx,2), %r10
	0x83, 0xc1, 0x01, //0x00000660 addl         $1, %ecx
	0xe9, 0x04, 0x00, 0x00, 0x00, //0x00000663 jmp          LBB0_98
	//0x00000668 LBB0_97
	0x41, 0x83, 0xc6, 0x01, //0x00000668 addl         $1, %r14d
	//0x0000066c LBB0_98
	0x48, 0x39, 0xc6, //0x0000066c cmpq         %rax, %rsi
	0x0f, 0x84, 0x6e, 0x09, 0x00, 0x00, //0x0000066f je           LBB0_206
	0x0f, 0xb6, 0x1c, 0x07, //0x00000675 movzbl       (%rdi,%rax), %ebx
	0x8d, 0x53, 0xd0, //0x00000679 leal         $-48(%rbx), %edx
	0x48, 0x83, 0xc0, 0x01, //0x0000067c addq         $1, %rax
	0x80, 0xfa, 0x0a, //0x00000680 cmpb         $10, %dl
	0x0f, 0x82, 0xc0, 0xff, 0xff, 0xff, //0x00000683 jb           LBB0_95
	0x80, 0xfb, 0x2e, //0x00000689 cmpb         $46, %bl
	0x0f, 0x85, 0x8d, 0x09, 0x00, 0x00, //0x0000068c jne          LBB0_211
	0x49, 0xc7, 0x07, 0x08, 0x00, 0x00, 0x00, //0x00000692 movq         $8, (%r15)
	0x48, 0x39, 0xf0, //0x00000699 cmpq         %rsi, %rax
	0x0f, 0x83, 0xe8, 0x0a, 0x00, 0x00, //0x0000069c jae          LBB0_240
	0x8a, 0x14, 0x07, //0x000006a2 movb         (%rdi,%rax), %dl
	0x80, 0xc2, 0xd0, //0x000006a5 addb         $-48, %dl
	0x80, 0xfa, 0x0a, //0x000006a8 cmpb         $10, %dl
	0x4c, 0x8b, 0x5d, 0xb0, //0x000006ab movq         $-80(%rbp), %r11
	0x0f, 0x83, 0xe5, 0xfb, 0xff, 0xff, //0x000006af jae          LBB0_36
	0xc7, 0x45, 0xc0, 0x00, 0x00, 0x00, 0x00, //0x000006b5 movl         $0, $-64(%rbp)
	0xe9, 0x66, 0x09, 0x00, 0x00, //0x000006bc jmp          LBB0_213
	//0x000006c1 LBB0_104
	0x48, 0x8d, 0x4e, 0xfd, //0x000006c1 leaq         $-3(%rsi), %rcx
	0x48, 0xc7, 0xc0, 0xff, 0xff, 0xff, 0xff, //0x000006c5 movq         $-1, %rax
	0x49, 0x39, 0xc9, //0x000006cc cmpq         %rcx, %r9
	0x0f, 0x83, 0x26, 0x09, 0x00, 0x00, //0x000006cf jae          LBB0_272
	0x41, 0x8b, 0x4d, 0x00, //0x000006d5 movl         (%r13), %ecx
	0x81, 0xf9, 0x6e, 0x75, 0x6c, 0x6c, //0x000006d9 cmpl         $1819047278, %ecx
	0x0f, 0x85, 0xd2, 0x07, 0x00, 0x00, //0x000006df jne          LBB0_185
	0x49, 0x83, 0xc1, 0x04, //0x000006e5 addq         $4, %r9
	0xb8, 0x02, 0x00, 0x00, 0x00, //0x000006e9 movl         $2, %eax
	0xe9, 0x05, 0x09, 0x00, 0x00, //0x000006ee jmp          LBB0_271
	//0x000006f3 LBB0_107
	0x45, 0x85, 0xc0, //0x000006f3 testl        %r8d, %r8d
	0x48, 0xc7, 0xc0, 0xfe, 0xff, 0xff, 0xff, //0x000006f6 movq         $-2, %rax
	0xb9, 0x0d, 0x00, 0x00, 0x00, //0x000006fd movl         $13, %ecx
	0xe9, 0x52, 0x02, 0x00, 0x00, //0x00000702 jmp          LBB0_132
	//0x00000707 LBB0_108
	0x45, 0x85, 0xc0, //0x00000707 testl        %r8d, %r8d
	0x48, 0xc7, 0xc0, 0xfe, 0xff, 0xff, 0xff, //0x0000070a movq         $-2, %rax
	0xb9, 0x0b, 0x00, 0x00, 0x00, //0x00000711 movl         $11, %ecx
	0xe9, 0x3e, 0x02, 0x00, 0x00, //0x00000716 jmp          LBB0_132
	//0x0000071b LBB0_109
	0x41, 0xf6, 0xc0, 0x20, //0x0000071b testb        $32, %r8b
	0x48, 0x89, 0x75, 0xb0, //0x0000071f movq         %rsi, $-80(%rbp)
	0x4c, 0x89, 0x7d, 0xa8, //0x00000723 movq         %r15, $-88(%rbp)
	0x0f, 0x85, 0xb9, 0x02, 0x00, 0x00, //0x00000727 jne          LBB0_141
	0x48, 0x39, 0xf2, //0x0000072d cmpq         %rsi, %rdx
	0x0f, 0x84, 0x24, 0x2b, 0x00, 0x00, //0x00000730 je           LBB0_636
	0x48, 0x29, 0xd6, //0x00000736 subq         %rdx, %rsi
	0x48, 0x83, 0xfe, 0x40, //0x00000739 cmpq         $64, %rsi
	0x0f, 0x82, 0x58, 0x25, 0x00, 0x00, //0x0000073d jb           LBB0_637
	0x49, 0xc7, 0xc4, 0xfe, 0xff, 0xff, 0xff, //0x00000743 movq         $-2, %r12
	0x4d, 0x29, 0xcc, //0x0000074a subq         %r9, %r12
	0x49, 0x83, 0xc1, 0x01, //0x0000074d addq         $1, %r9
	0x48, 0xc7, 0x45, 0xc8, 0xff, 0xff, 0xff, 0xff, //0x00000751 movq         $-1, $-56(%rbp)
	0x45, 0x31, 0xf6, //0x00000759 xorl         %r14d, %r14d
	0xf3, 0x0f, 0x6f, 0x05, 0x9c, 0xf8, 0xff, 0xff, //0x0000075c movdqu       $-1892(%rip), %xmm0  /* LCPI0_0+0(%rip) */
	0xf3, 0x0f, 0x6f, 0x0d, 0xa4, 0xf8, 0xff, 0xff, //0x00000764 movdqu       $-1884(%rip), %xmm1  /* LCPI0_1+0(%rip) */
	0x90, 0x90, 0x90, 0x90, //0x0000076c .p2align 4, 0x90
	//0x00000770 LBB0_113
	0xf3, 0x42, 0x0f, 0x6f, 0x14, 0x0f, //0x00000770 movdqu       (%rdi,%r9), %xmm2
	0xf3, 0x42, 0x0f, 0x6f, 0x5c, 0x0f, 0x10, //0x00000776 movdqu       $16(%rdi,%r9), %xmm3
	0xf3, 0x42, 0x0f, 0x6f, 0x64, 0x0f, 0x20, //0x0000077d movdqu       $32(%rdi,%r9), %xmm4
	0xf3, 0x42, 0x0f, 0x6f, 0x6c, 0x0f, 0x30, //0x00000784 movdqu       $48(%rdi,%r9), %xmm5
	0x66, 0x0f, 0x6f, 0xf2, //0x0000078b movdqa       %xmm2, %xmm6
	0x66, 0x0f, 0x74, 0xf0, //0x0000078f pcmpeqb      %xmm0, %xmm6
	0x66, 0x44, 0x0f, 0xd7, 0xfe, //0x00000793 pmovmskb     %xmm6, %r15d
	0x66, 0x0f, 0x6f, 0xf3, //0x00000798 movdqa       %xmm3, %xmm6
	0x66, 0x0f, 0x74, 0xf0, //0x0000079c pcmpeqb      %xmm0, %xmm6
	0x66, 0x0f, 0xd7, 0xde, //0x000007a0 pmovmskb     %xmm6, %ebx
	0x66, 0x0f, 0x6f, 0xf4, //0x000007a4 movdqa       %xmm4, %xmm6
	0x66, 0x0f, 0x74, 0xf0, //0x000007a8 pcmpeqb      %xmm0, %xmm6
	0x66, 0x0f, 0xd7, 0xce, //0x000007ac pmovmskb     %xmm6, %ecx
	0x66, 0x0f, 0x6f, 0xf5, //0x000007b0 movdqa       %xmm5, %xmm6
	0x66, 0x0f, 0x74, 0xf0, //0x000007b4 pcmpeqb      %xmm0, %xmm6
	0x66, 0x44, 0x0f, 0xd7, 0xc6, //0x000007b8 pmovmskb     %xmm6, %r8d
	0x66, 0x0f, 0x74, 0xd1, //0x000007bd pcmpeqb      %xmm1, %xmm2
	0x66, 0x44, 0x0f, 0xd7, 0xea, //0x000007c1 pmovmskb     %xmm2, %r13d
	0x66, 0x0f, 0x74, 0xd9, //0x000007c6 pcmpeqb      %xmm1, %xmm3
	0x66, 0x0f, 0xd7, 0xc3, //0x000007ca pmovmskb     %xmm3, %eax
	0x66, 0x0f, 0x74, 0xe1, //0x000007ce pcmpeqb      %xmm1, %xmm4
	0x66, 0x44, 0x0f, 0xd7, 0xd4, //0x000007d2 pmovmskb     %xmm4, %r10d
	0x66, 0x0f, 0x74, 0xe9, //0x000007d7 pcmpeqb      %xmm1, %xmm5
	0x66, 0x44, 0x0f, 0xd7, 0xdd, //0x000007db pmovmskb     %xmm5, %r11d
	0x49, 0xc1, 0xe0, 0x30, //0x000007e0 shlq         $48, %r8
	0x48, 0xc1, 0xe1, 0x20, //0x000007e4 shlq         $32, %rcx
	0x4c, 0x09, 0xc1, //0x000007e8 orq          %r8, %rcx
	0x48, 0xc1, 0xe3, 0x10, //0x000007eb shlq         $16, %rbx
	0x48, 0x09, 0xcb, //0x000007ef orq          %rcx, %rbx
	0x49, 0x09, 0xdf, //0x000007f2 orq          %rbx, %r15
	0x49, 0xc1, 0xe3, 0x30, //0x000007f5 shlq         $48, %r11
	0x49, 0xc1, 0xe2, 0x20, //0x000007f9 shlq         $32, %r10
	0x4d, 0x09, 0xda, //0x000007fd orq          %r11, %r10
	0x48, 0xc1, 0xe0, 0x10, //0x00000800 shlq         $16, %rax
	0x4c, 0x09, 0xd0, //0x00000804 orq          %r10, %rax
	0x49, 0x09, 0xc5, //0x00000807 orq          %rax, %r13
	0x0f, 0x85, 0x30, 0x00, 0x00, 0x00, //0x0000080a jne          LBB0_117
	0x4d, 0x85, 0xf6, //0x00000810 testq        %r14, %r14
	0x0f, 0x85, 0x3d, 0x00, 0x00, 0x00, //0x00000813 jne          LBB0_119
	0x45, 0x31, 0xf6, //0x00000819 xorl         %r14d, %r14d
	0x4d, 0x85, 0xff, //0x0000081c testq        %r15, %r15
	0x0f, 0x85, 0x83, 0x00, 0x00, 0x00, //0x0000081f jne          LBB0_120
	//0x00000825 LBB0_116
	0x48, 0x83, 0xc6, 0xc0, //0x00000825 addq         $-64, %rsi
	0x49, 0x83, 0xc4, 0xc0, //0x00000829 addq         $-64, %r12
	0x49, 0x83, 0xc1, 0x40, //0x0000082d addq         $64, %r9
	0x48, 0x83, 0xfe, 0x3f, //0x00000831 cmpq         $63, %rsi
	0x0f, 0x87, 0x35, 0xff, 0xff, 0xff, //0x00000835 ja           LBB0_113
	0xe9, 0x96, 0x0f, 0x00, 0x00, //0x0000083b jmp          LBB0_323
	//0x00000840 LBB0_117
	0x48, 0x83, 0x7d, 0xc8, 0xff, //0x00000840 cmpq         $-1, $-56(%rbp)
	0x0f, 0x85, 0x0b, 0x00, 0x00, 0x00, //0x00000845 jne          LBB0_119
	0x49, 0x0f, 0xbc, 0xc5, //0x0000084b bsfq         %r13, %rax
	0x4c, 0x01, 0xc8, //0x0000084f addq         %r9, %rax
	0x48, 0x89, 0x45, 0xc8, //0x00000852 movq         %rax, $-56(%rbp)
	//0x00000856 LBB0_119
	0x4c, 0x89, 0xf0, //0x00000856 movq         %r14, %rax
	0x48, 0xf7, 0xd0, //0x00000859 notq         %rax
	0x4c, 0x21, 0xe8, //0x0000085c andq         %r13, %rax
	0x4c, 0x8d, 0x04, 0x00, //0x0000085f leaq         (%rax,%rax), %r8
	0x4d, 0x09, 0xf0, //0x00000863 orq          %r14, %r8
	0x4c, 0x89, 0xc1, //0x00000866 movq         %r8, %rcx
	0x48, 0xf7, 0xd1, //0x00000869 notq         %rcx
	0x4c, 0x21, 0xe9, //0x0000086c andq         %r13, %rcx
	0x48, 0xbb, 0xaa, 0xaa, 0xaa, 0xaa, 0xaa, 0xaa, 0xaa, 0xaa, //0x0000086f movabsq      $-6148914691236517206, %rbx
	0x48, 0x21, 0xd9, //0x00000879 andq         %rbx, %rcx
	0x45, 0x31, 0xf6, //0x0000087c xorl         %r14d, %r14d
	0x48, 0x01, 0xc1, //0x0000087f addq         %rax, %rcx
	0x41, 0x0f, 0x92, 0xc6, //0x00000882 setb         %r14b
	0x48, 0x01, 0xc9, //0x00000886 addq         %rcx, %rcx
	0x48, 0xb8, 0x55, 0x55, 0x55, 0x55, 0x55, 0x55, 0x55, 0x55, //0x00000889 movabsq      $6148914691236517205, %rax
	0x48, 0x31, 0xc1, //0x00000893 xorq         %rax, %rcx
	0x4c, 0x21, 0xc1, //0x00000896 andq         %r8, %rcx
	0x48, 0xf7, 0xd1, //0x00000899 notq         %rcx
	0x49, 0x21, 0xcf, //0x0000089c andq         %rcx, %r15
	0x4d, 0x85, 0xff, //0x0000089f testq        %r15, %r15
	0x0f, 0x84, 0x7d, 0xff, 0xff, 0xff, //0x000008a2 je           LBB0_116
	//0x000008a8 LBB0_120
	0x4d, 0x0f, 0xbc, 0xf7, //0x000008a8 bsfq         %r15, %r14
	0x4d, 0x29, 0xe6, //0x000008ac subq         %r12, %r14
	//0x000008af LBB0_121
	0x48, 0x8b, 0x7d, 0xa8, //0x000008af movq         $-88(%rbp), %rdi
	0xe9, 0xe9, 0x06, 0x00, 0x00, //0x000008b3 jmp          LBB0_202
	//0x000008b8 LBB0_122
	0x48, 0x8d, 0x4e, 0xfd, //0x000008b8 leaq         $-3(%rsi), %rcx
	0x48, 0xc7, 0xc0, 0xff, 0xff, 0xff, 0xff, //0x000008bc movq         $-1, %rax
	0x49, 0x39, 0xc9, //0x000008c3 cmpq         %rcx, %r9
	0x0f, 0x83, 0x2f, 0x07, 0x00, 0x00, //0x000008c6 jae          LBB0_272
	0x41, 0x8b, 0x4d, 0x00, //0x000008cc movl         (%r13), %ecx
	0x81, 0xf9, 0x74, 0x72, 0x75, 0x65, //0x000008d0 cmpl         $1702195828, %ecx
	0x0f, 0x85, 0x10, 0x06, 0x00, 0x00, //0x000008d6 jne          LBB0_189
	0x49, 0x83, 0xc1, 0x04, //0x000008dc addq         $4, %r9
	0xb8, 0x03, 0x00, 0x00, 0x00, //0x000008e0 movl         $3, %eax
	0xe9, 0x0e, 0x07, 0x00, 0x00, //0x000008e5 jmp          LBB0_271
	//0x000008ea LBB0_125
	0x49, 0xc7, 0x07, 0xfe, 0xff, 0xff, 0xff, //0x000008ea movq         $-2, (%r15)
	0x4d, 0x89, 0xce, //0x000008f1 movq         %r9, %r14
	0xe9, 0xba, 0xf9, 0xff, 0xff, //0x000008f4 jmp          LBB0_39
	//0x000008f9 LBB0_126
	0x45, 0x85, 0xc0, //0x000008f9 testl        %r8d, %r8d
	0x48, 0xc7, 0xc0, 0xfe, 0xff, 0xff, 0xff, //0x000008fc movq         $-2, %rax
	0xb9, 0x0a, 0x00, 0x00, 0x00, //0x00000903 movl         $10, %ecx
	0xe9, 0x4c, 0x00, 0x00, 0x00, //0x00000908 jmp          LBB0_132
	//0x0000090d LBB0_127
	0x49, 0xc7, 0x07, 0x05, 0x00, 0x00, 0x00, //0x0000090d movq         $5, (%r15)
	0xe9, 0x97, 0xf9, 0xff, 0xff, //0x00000914 jmp          LBB0_38
	//0x00000919 LBB0_128
	0x48, 0x8d, 0x4e, 0xfc, //0x00000919 leaq         $-4(%rsi), %rcx
	0x48, 0xc7, 0xc0, 0xff, 0xff, 0xff, 0xff, //0x0000091d movq         $-1, %rax
	0x49, 0x39, 0xc9, //0x00000924 cmpq         %rcx, %r9
	0x0f, 0x83, 0xce, 0x06, 0x00, 0x00, //0x00000927 jae          LBB0_272
	0x8b, 0x0c, 0x17, //0x0000092d movl         (%rdi,%rdx), %ecx
	0x81, 0xf9, 0x61, 0x6c, 0x73, 0x65, //0x00000930 cmpl         $1702063201, %ecx
	0x0f, 0x85, 0xf0, 0x05, 0x00, 0x00, //0x00000936 jne          LBB0_194
	0x49, 0x83, 0xc1, 0x05, //0x0000093c addq         $5, %r9
	0xb8, 0x04, 0x00, 0x00, 0x00, //0x00000940 movl         $4, %eax
	0xe9, 0xae, 0x06, 0x00, 0x00, //0x00000945 jmp          LBB0_271
	//0x0000094a LBB0_131
	0x45, 0x85, 0xc0, //0x0000094a testl        %r8d, %r8d
	0x48, 0xc7, 0xc0, 0xfe, 0xff, 0xff, 0xff, //0x0000094d movq         $-2, %rax
	0xb9, 0x0c, 0x00, 0x00, 0x00, //0x00000954 movl         $12, %ecx
	//0x00000959 LBB0_132
	0x48, 0x0f, 0x49, 0xc8, //0x00000959 cmovnsq      %rax, %rcx
	0x49, 0x89, 0x0f, //0x0000095d movq         %rcx, (%r15)
	0x41, 0xc1, 0xf8, 0x1f, //0x00000960 sarl         $31, %r8d
	0x41, 0xf7, 0xd0, //0x00000964 notl         %r8d
	0x49, 0x63, 0xc0, //0x00000967 movslq       %r8d, %rax
	0x48, 0x01, 0xc2, //0x0000096a addq         %rax, %rdx
	0xe9, 0x3e, 0xf9, 0xff, 0xff, //0x0000096d jmp          LBB0_38
	//0x00000972 LBB0_133
	0x49, 0xc7, 0x07, 0x06, 0x00, 0x00, 0x00, //0x00000972 movq         $6, (%r15)
	0xe9, 0x32, 0xf9, 0xff, 0xff, //0x00000979 jmp          LBB0_38
	//0x0000097e LBB0_134
	0x49, 0xf7, 0xdd, //0x0000097e negq         %r13
	0x4c, 0x89, 0xe8, //0x00000981 movq         %r13, %rax
	//0x00000984 LBB0_135
	0x48, 0x85, 0xc0, //0x00000984 testq        %rax, %rax
	0x0f, 0x88, 0x3d, 0x00, 0x00, 0x00, //0x00000987 js           LBB0_139
	//0x0000098d LBB0_136
	0x49, 0x01, 0xc6, //0x0000098d addq         %rax, %r14
	0x49, 0x29, 0xfe, //0x00000990 subq         %rdi, %r14
	0x48, 0xb8, 0x00, 0x00, 0x00, 0x00, 0x00, 0x00, 0x00, 0x80, //0x00000993 movabsq      $-9223372036854775808, %rax
	0x48, 0x83, 0xc0, 0xfe, //0x0000099d addq         $-2, %rax
	0x49, 0x39, 0xc1, //0x000009a1 cmpq         %rax, %r9
	0x0f, 0x86, 0x0c, 0x00, 0x00, 0x00, //0x000009a4 jbe          LBB0_138
	0x4c, 0x8b, 0x7d, 0xa8, //0x000009aa movq         $-88(%rbp), %r15
	0x4d, 0x89, 0x0f, //0x000009ae movq         %r9, (%r15)
	0xe9, 0xfd, 0xf8, 0xff, 0xff, //0x000009b1 jmp          LBB0_39
	//0x000009b6 LBB0_138
	0x48, 0x8b, 0x45, 0xa8, //0x000009b6 movq         $-88(%rbp), %rax
	0x48, 0xc7, 0x00, 0x08, 0x00, 0x00, 0x00, //0x000009ba movq         $8, (%rax)
	0x4c, 0x89, 0x48, 0x18, //0x000009c1 movq         %r9, $24(%rax)
	0xe9, 0xe9, 0xf8, 0xff, 0xff, //0x000009c5 jmp          LBB0_39
	//0x000009ca LBB0_139
	0x48, 0xf7, 0xd0, //0x000009ca notq         %rax
	0x49, 0x01, 0xc6, //0x000009cd addq         %rax, %r14
	//0x000009d0 LBB0_140
	0x4c, 0x8b, 0x7d, 0xa8, //0x000009d0 movq         $-88(%rbp), %r15
	0x49, 0xc7, 0xc1, 0xfe, 0xff, 0xff, 0xff, //0x000009d4 movq         $-2, %r9
	0x49, 0x29, 0xfe, //0x000009db subq         %rdi, %r14
	0x4d, 0x89, 0x0f, //0x000009de movq         %r9, (%r15)
	0xe9, 0xcd, 0xf8, 0xff, 0xff, //0x000009e1 jmp          LBB0_39
	//0x000009e6 LBB0_141
	0x48, 0x39, 0xf2, //0x000009e6 cmpq         %rsi, %rdx
	0x0f, 0x84, 0x6b, 0x28, 0x00, 0x00, //0x000009e9 je           LBB0_636
	0x49, 0x89, 0xf4, //0x000009ef movq         %rsi, %r12
	0x49, 0x29, 0xd4, //0x000009f2 subq         %rdx, %r12
	0x4c, 0x8d, 0x04, 0x17, //0x000009f5 leaq         (%rdi,%rdx), %r8
	0x49, 0x83, 0xfc, 0x40, //0x000009f9 cmpq         $64, %r12
	0x0f, 0x82, 0xb9, 0x22, 0x00, 0x00, //0x000009fd jb           LBB0_639
	0x48, 0xc7, 0x45, 0xc8, 0xff, 0xff, 0xff, 0xff, //0x00000a03 movq         $-1, $-56(%rbp)
	0x45, 0x31, 0xff, //0x00000a0b xorl         %r15d, %r15d
	0xf3, 0x44, 0x0f, 0x6f, 0x05, 0xe9, 0xf5, 0xff, 0xff, //0x00000a0e movdqu       $-2583(%rip), %xmm8  /* LCPI0_0+0(%rip) */
	0xf3, 0x0f, 0x6f, 0x0d, 0xf1, 0xf5, 0xff, 0xff, //0x00000a17 movdqu       $-2575(%rip), %xmm1  /* LCPI0_1+0(%rip) */
	0xf3, 0x0f, 0x6f, 0x15, 0xf9, 0xf5, 0xff, 0xff, //0x00000a1f movdqu       $-2567(%rip), %xmm2  /* LCPI0_2+0(%rip) */
	0x66, 0x0f, 0x76, 0xdb, //0x00000a27 pcmpeqd      %xmm3, %xmm3
	0x48, 0x89, 0x55, 0xc0, //0x00000a2b movq         %rdx, $-64(%rbp)
	0x90, //0x00000a2f .p2align 4, 0x90
	//0x00000a30 LBB0_144
	0xf3, 0x41, 0x0f, 0x6f, 0x00, //0x00000a30 movdqu       (%r8), %xmm0
	0xf3, 0x41, 0x0f, 0x6f, 0x68, 0x10, //0x00000a35 movdqu       $16(%r8), %xmm5
	0xf3, 0x41, 0x0f, 0x6f, 0x78, 0x20, //0x00000a3b movdqu       $32(%r8), %xmm7
	0xf3, 0x41, 0x0f, 0x6f, 0x70, 0x30, //0x00000a41 movdqu       $48(%r8), %xmm6
	0x66, 0x0f, 0x6f, 0xe0, //0x00000a47 movdqa       %xmm0, %xmm4
	0x66, 0x41, 0x0f, 0x74, 0xe0, //0x00000a4b pcmpeqb      %xmm8, %xmm4
	0x66, 0x44, 0x0f, 0xd7, 0xd4, //0x00000a50 pmovmskb     %xmm4, %r10d
	0x66, 0x0f, 0x6f, 0xe5, //0x00000a55 movdqa       %xmm5, %xmm4
	0x66, 0x41, 0x0f, 0x74, 0xe0, //0x00000a59 pcmpeqb      %xmm8, %xmm4
	0x66, 0x0f, 0xd7, 0xc4, //0x00000a5e pmovmskb     %xmm4, %eax
	0x66, 0x0f, 0x6f, 0xe7, //0x00000a62 movdqa       %xmm7, %xmm4
	0x66, 0x41, 0x0f, 0x74, 0xe0, //0x00000a66 pcmpeqb      %xmm8, %xmm4
	0x66, 0x0f, 0xd7, 0xcc, //0x00000a6b pmovmskb     %xmm4, %ecx
	0x66, 0x0f, 0x6f, 0xe6, //0x00000a6f movdqa       %xmm6, %xmm4
	0x66, 0x41, 0x0f, 0x74, 0xe0, //0x00000a73 pcmpeqb      %xmm8, %xmm4
	0x66, 0x44, 0x0f, 0xd7, 0xcc, //0x00000a78 pmovmskb     %xmm4, %r9d
	0x66, 0x0f, 0x6f, 0xe0, //0x00000a7d movdqa       %xmm0, %xmm4
	0x66, 0x0f, 0x74, 0xe1, //0x00000a81 pcmpeqb      %xmm1, %xmm4
	0x66, 0x44, 0x0f, 0xd7, 0xdc, //0x00000a85 pmovmskb     %xmm4, %r11d
	0x66, 0x0f, 0x6f, 0xe5, //0x00000a8a movdqa       %xmm5, %xmm4
	0x66, 0x0f, 0x74, 0xe1, //0x00000a8e pcmpeqb      %xmm1, %xmm4
	0x66, 0x44, 0x0f, 0xd7, 0xf4, //0x00000a92 pmovmskb     %xmm4, %r14d
	0x66, 0x0f, 0x6f, 0xe7, //0x00000a97 movdqa       %xmm7, %xmm4
	0x66, 0x0f, 0x74, 0xe1, //0x00000a9b pcmpeqb      %xmm1, %xmm4
	0x66, 0x0f, 0xd7, 0xdc, //0x00000a9f pmovmskb     %xmm4, %ebx
	0x66, 0x0f, 0x6f, 0xe6, //0x00000aa3 movdqa       %xmm6, %xmm4
	0x66, 0x0f, 0x74, 0xe1, //0x00000aa7 pcmpeqb      %xmm1, %xmm4
	0x66, 0x44, 0x0f, 0xd7, 0xec, //0x00000aab pmovmskb     %xmm4, %r13d
	0x49, 0xc1, 0xe1, 0x30, //0x00000ab0 shlq         $48, %r9
	0x48, 0xc1, 0xe1, 0x20, //0x00000ab4 shlq         $32, %rcx
	0x4c, 0x09, 0xc9, //0x00000ab8 orq          %r9, %rcx
	0x48, 0xc1, 0xe0, 0x10, //0x00000abb shlq         $16, %rax
	0x48, 0x09, 0xc8, //0x00000abf orq          %rcx, %rax
	0x49, 0x09, 0xc2, //0x00000ac2 orq          %rax, %r10
	0x49, 0xc1, 0xe5, 0x30, //0x00000ac5 shlq         $48, %r13
	0x48, 0xc1, 0xe3, 0x20, //0x00000ac9 shlq         $32, %rbx
	0x4c, 0x09, 0xeb, //0x00000acd orq          %r13, %rbx
	0x49, 0xc1, 0xe6, 0x10, //0x00000ad0 shlq         $16, %r14
	0x49, 0x09, 0xde, //0x00000ad4 orq          %rbx, %r14
	0x4d, 0x09, 0xf3, //0x00000ad7 orq          %r14, %r11
	0x0f, 0x85, 0x30, 0x00, 0x00, 0x00, //0x00000ada jne          LBB0_148
	0x4d, 0x85, 0xff, //0x00000ae0 testq        %r15, %r15
	0x0f, 0x85, 0x43, 0x00, 0x00, 0x00, //0x00000ae3 jne          LBB0_150
	0x45, 0x31, 0xff, //0x00000ae9 xorl         %r15d, %r15d
	0x45, 0x31, 0xc9, //0x00000aec xorl         %r9d, %r9d
	0x4d, 0x85, 0xd2, //0x00000aef testq        %r10, %r10
	0x0f, 0x84, 0x86, 0x00, 0x00, 0x00, //0x00000af2 je           LBB0_151
	//0x00000af8 LBB0_147
	0x4d, 0x0f, 0xbc, 0xf2, //0x00000af8 bsfq         %r10, %r14
	0x4c, 0x89, 0xc1, //0x00000afc movq         %r8, %rcx
	0x48, 0x29, 0xf9, //0x00000aff subq         %rdi, %rcx
	0x4d, 0x85, 0xc9, //0x00000b02 testq        %r9, %r9
	0x0f, 0x84, 0x88, 0x00, 0x00, 0x00, //0x00000b05 je           LBB0_152
	0xe9, 0xe2, 0x02, 0x00, 0x00, //0x00000b0b jmp          LBB0_171
	//0x00000b10 LBB0_148
	0x48, 0x83, 0x7d, 0xc8, 0xff, //0x00000b10 cmpq         $-1, $-56(%rbp)
	0x0f, 0x85, 0x11, 0x00, 0x00, 0x00, //0x00000b15 jne          LBB0_150
	0x4c, 0x89, 0xc0, //0x00000b1b movq         %r8, %rax
	0x48, 0x29, 0xf8, //0x00000b1e subq         %rdi, %rax
	0x49, 0x0f, 0xbc, 0xcb, //0x00000b21 bsfq         %r11, %rcx
	0x48, 0x01, 0xc1, //0x00000b25 addq         %rax, %rcx
	0x48, 0x89, 0x4d, 0xc8, //0x00000b28 movq         %rcx, $-56(%rbp)
	//0x00000b2c LBB0_150
	0x4d, 0x89, 0xf9, //0x00000b2c movq         %r15, %r9
	0x49, 0xf7, 0xd1, //0x00000b2f notq         %r9
	0x4d, 0x21, 0xd9, //0x00000b32 andq         %r11, %r9
	0x4b, 0x8d, 0x04, 0x09, //0x00000b35 leaq         (%r9,%r9), %rax
	0x4c, 0x09, 0xf8, //0x00000b39 orq          %r15, %rax
	0x48, 0x89, 0xc1, //0x00000b3c movq         %rax, %rcx
	0x48, 0xf7, 0xd1, //0x00000b3f notq         %rcx
	0x4c, 0x21, 0xd9, //0x00000b42 andq         %r11, %rcx
	0x48, 0xbb, 0xaa, 0xaa, 0xaa, 0xaa, 0xaa, 0xaa, 0xaa, 0xaa, //0x00000b45 movabsq      $-6148914691236517206, %rbx
	0x48, 0x21, 0xd9, //0x00000b4f andq         %rbx, %rcx
	0x45, 0x31, 0xff, //0x00000b52 xorl         %r15d, %r15d
	0x4c, 0x01, 0xc9, //0x00000b55 addq         %r9, %rcx
	0x41, 0x0f, 0x92, 0xc7, //0x00000b58 setb         %r15b
	0x48, 0x01, 0xc9, //0x00000b5c addq         %rcx, %rcx
	0x48, 0xbb, 0x55, 0x55, 0x55, 0x55, 0x55, 0x55, 0x55, 0x55, //0x00000b5f movabsq      $6148914691236517205, %rbx
	0x48, 0x31, 0xd9, //0x00000b69 xorq         %rbx, %rcx
	0x48, 0x21, 0xc1, //0x00000b6c andq         %rax, %rcx
	0x48, 0xf7, 0xd1, //0x00000b6f notq         %rcx
	0x49, 0x21, 0xca, //0x00000b72 andq         %rcx, %r10
	0x4d, 0x85, 0xd2, //0x00000b75 testq        %r10, %r10
	0x0f, 0x85, 0x7a, 0xff, 0xff, 0xff, //0x00000b78 jne          LBB0_147
	//0x00000b7e LBB0_151
	0x41, 0xbe, 0x40, 0x00, 0x00, 0x00, //0x00000b7e movl         $64, %r14d
	0x4c, 0x89, 0xc1, //0x00000b84 movq         %r8, %rcx
	0x48, 0x29, 0xf9, //0x00000b87 subq         %rdi, %rcx
	0x4d, 0x85, 0xc9, //0x00000b8a testq        %r9, %r9
	0x0f, 0x85, 0x5f, 0x02, 0x00, 0x00, //0x00000b8d jne          LBB0_171
	//0x00000b93 LBB0_152
	0x66, 0x0f, 0x6f, 0xe2, //0x00000b93 movdqa       %xmm2, %xmm4
	0x66, 0x0f, 0x64, 0xe7, //0x00000b97 pcmpgtb      %xmm7, %xmm4
	0x66, 0x0f, 0x64, 0xfb, //0x00000b9b pcmpgtb      %xmm3, %xmm7
	0x66, 0x0f, 0xdb, 0xfc, //0x00000b9f pand         %xmm4, %xmm7
	0x66, 0x0f, 0xd7, 0xc7, //0x00000ba3 pmovmskb     %xmm7, %eax
	0x66, 0x0f, 0x6f, 0xe2, //0x00000ba7 movdqa       %xmm2, %xmm4
	0x66, 0x0f, 0x64, 0xe6, //0x00000bab pcmpgtb      %xmm6, %xmm4
	0x66, 0x0f, 0x64, 0xf3, //0x00000baf pcmpgtb      %xmm3, %xmm6
	0x66, 0x0f, 0xdb, 0xf4, //0x00000bb3 pand         %xmm4, %xmm6
	0x66, 0x0f, 0xd7, 0xde, //0x00000bb7 pmovmskb     %xmm6, %ebx
	0x48, 0xc1, 0xe3, 0x30, //0x00000bbb shlq         $48, %rbx
	0x48, 0xc1, 0xe0, 0x20, //0x00000bbf shlq         $32, %rax
	0x48, 0x09, 0xd8, //0x00000bc3 orq          %rbx, %rax
	0x66, 0x0f, 0x6f, 0xe2, //0x00000bc6 movdqa       %xmm2, %xmm4
	0x66, 0x0f, 0x64, 0xe5, //0x00000bca pcmpgtb      %xmm5, %xmm4
	0x66, 0x0f, 0x64, 0xeb, //0x00000bce pcmpgtb      %xmm3, %xmm5
	0x66, 0x0f, 0xdb, 0xec, //0x00000bd2 pand         %xmm4, %xmm5
	0x66, 0x0f, 0xd7, 0xdd, //0x00000bd6 pmovmskb     %xmm5, %ebx
	0x48, 0xc1, 0xe3, 0x10, //0x00000bda shlq         $16, %rbx
	0x48, 0x09, 0xc3, //0x00000bde orq          %rax, %rbx
	0x66, 0x0f, 0x6f, 0xe2, //0x00000be1 movdqa       %xmm2, %xmm4
	0x66, 0x0f, 0x64, 0xe0, //0x00000be5 pcmpgtb      %xmm0, %xmm4
	0x66, 0x0f, 0x64, 0xc3, //0x00000be9 pcmpgtb      %xmm3, %xmm0
	0x66, 0x0f, 0xdb, 0xc4, //0x00000bed pand         %xmm4, %xmm0
	0x66, 0x0f, 0xd7, 0xc0, //0x00000bf1 pmovmskb     %xmm0, %eax
	0x48, 0x09, 0xd8, //0x00000bf5 orq          %rbx, %rax
	0x4d, 0x85, 0xd2, //0x00000bf8 testq        %r10, %r10
	0x0f, 0x85, 0x74, 0x02, 0x00, 0x00, //0x00000bfb jne          LBB0_179
	0x48, 0x85, 0xc0, //0x00000c01 testq        %rax, %rax
	0x0f, 0x85, 0xe8, 0x28, 0x00, 0x00, //0x00000c04 jne          LBB0_690
	0x49, 0x83, 0xc0, 0x40, //0x00000c0a addq         $64, %r8
	0x49, 0x83, 0xc4, 0xc0, //0x00000c0e addq         $-64, %r12
	0x49, 0x83, 0xfc, 0x3f, //0x00000c12 cmpq         $63, %r12
	0x0f, 0x87, 0x14, 0xfe, 0xff, 0xff, //0x00000c16 ja           LBB0_144
	0xe9, 0xaa, 0x20, 0x00, 0x00, //0x00000c1c jmp          LBB0_640
	//0x00000c21 LBB0_155
	0x49, 0xc7, 0xc3, 0xff, 0xff, 0xff, 0xff, //0x00000c21 movq         $-1, %r11
	0x49, 0x83, 0xfd, 0x05, //0x00000c28 cmpq         $5, %r13
	0x0f, 0x82, 0xa1, 0x03, 0x00, 0x00, //0x00000c2c jb           LBB0_205
	0x48, 0x8b, 0x45, 0xc0, //0x00000c32 movq         $-64(%rbp), %rax
	0x8b, 0x5c, 0x07, 0x01, //0x00000c36 movl         $1(%rdi,%rax), %ebx
	0x89, 0xd8, //0x00000c3a movl         %ebx, %eax
	0xf7, 0xd0, //0x00000c3c notl         %eax
	0x48, 0x89, 0x5d, 0xb8, //0x00000c3e movq         %rbx, $-72(%rbp)
	0x44, 0x8d, 0x9b, 0xd0, 0xcf, 0xcf, 0xcf, //0x00000c42 leal         $-808464432(%rbx), %r11d
	0x25, 0x80, 0x80, 0x80, 0x80, //0x00000c49 andl         $-2139062144, %eax
	0x44, 0x85, 0xd8, //0x00000c4e testl        %r11d, %eax
	0x0f, 0x85, 0x9b, 0x28, 0x00, 0x00, //0x00000c51 jne          LBB0_690
	0x4c, 0x8b, 0x5d, 0xb8, //0x00000c57 movq         $-72(%rbp), %r11
	0x41, 0x8d, 0x9b, 0x19, 0x19, 0x19, 0x19, //0x00000c5b leal         $421075225(%r11), %ebx
	0x44, 0x09, 0xdb, //0x00000c62 orl          %r11d, %ebx
	0xf7, 0xc3, 0x80, 0x80, 0x80, 0x80, //0x00000c65 testl        $-2139062144, %ebx
	0x0f, 0x85, 0x81, 0x28, 0x00, 0x00, //0x00000c6b jne          LBB0_690
	0x48, 0x8b, 0x5d, 0xb8, //0x00000c71 movq         $-72(%rbp), %rbx
	0x41, 0x89, 0xdb, //0x00000c75 movl         %ebx, %r11d
	0x41, 0x81, 0xe3, 0x7f, 0x7f, 0x7f, 0x7f, //0x00000c78 andl         $2139062143, %r11d
	0xbb, 0xc0, 0xc0, 0xc0, 0xc0, //0x00000c7f movl         $-1061109568, %ebx
	0x44, 0x29, 0xdb, //0x00000c84 subl         %r11d, %ebx
	0x4c, 0x89, 0x5d, 0x98, //0x00000c87 movq         %r11, $-104(%rbp)
	0x41, 0x81, 0xc3, 0x46, 0x46, 0x46, 0x46, //0x00000c8b addl         $1179010630, %r11d
	0x21, 0xc3, //0x00000c92 andl         %eax, %ebx
	0x44, 0x85, 0xdb, //0x00000c94 testl        %r11d, %ebx
	0x0f, 0x85, 0x55, 0x28, 0x00, 0x00, //0x00000c97 jne          LBB0_690
	0x41, 0xbb, 0xe0, 0xe0, 0xe0, 0xe0, //0x00000c9d movl         $-522133280, %r11d
	0x48, 0x8b, 0x5d, 0x98, //0x00000ca3 movq         $-104(%rbp), %rbx
	0x41, 0x29, 0xdb, //0x00000ca7 subl         %ebx, %r11d
	0x81, 0xc3, 0x39, 0x39, 0x39, 0x39, //0x00000caa addl         $960051513, %ebx
	0x44, 0x21, 0xd8, //0x00000cb0 andl         %r11d, %eax
	0x49, 0xc7, 0xc3, 0xfe, 0xff, 0xff, 0xff, //0x00000cb3 movq         $-2, %r11
	0x85, 0xd8, //0x00000cba testl        %ebx, %eax
	0x0f, 0x85, 0x11, 0x03, 0x00, 0x00, //0x00000cbc jne          LBB0_205
	0x48, 0x8b, 0x45, 0xb8, //0x00000cc2 movq         $-72(%rbp), %rax
	0x0f, 0xc8, //0x00000cc6 bswapl       %eax
	0x89, 0xc3, //0x00000cc8 movl         %eax, %ebx
	0xc1, 0xeb, 0x04, //0x00000cca shrl         $4, %ebx
	0xf7, 0xd3, //0x00000ccd notl         %ebx
	0x81, 0xe3, 0x01, 0x01, 0x01, 0x01, //0x00000ccf andl         $16843009, %ebx
	0x8d, 0x1c, 0xdb, //0x00000cd5 leal         (%rbx,%rbx,8), %ebx
	0x25, 0x0f, 0x0f, 0x0f, 0x0f, //0x00000cd8 andl         $252645135, %eax
	0x01, 0xd8, //0x00000cdd addl         %ebx, %eax
	0x89, 0xc3, //0x00000cdf movl         %eax, %ebx
	0xc1, 0xeb, 0x0c, //0x00000ce1 shrl         $12, %ebx
	0xc1, 0xe8, 0x08, //0x00000ce4 shrl         $8, %eax
	0x09, 0xd8, //0x00000ce7 orl          %ebx, %eax
	0x25, 0x00, 0xfc, 0x00, 0x00, //0x00000ce9 andl         $64512, %eax
	0x3d, 0x00, 0xd8, 0x00, 0x00, //0x00000cee cmpl         $55296, %eax
	0x0f, 0x85, 0xf0, 0x00, 0x00, 0x00, //0x00000cf3 jne          LBB0_170
	0x49, 0x83, 0xfd, 0x0b, //0x00000cf9 cmpq         $11, %r13
	0x0f, 0x82, 0xe6, 0x00, 0x00, 0x00, //0x00000cfd jb           LBB0_170
	0x48, 0x8b, 0x45, 0xc0, //0x00000d03 movq         $-64(%rbp), %rax
	0x80, 0x7c, 0x07, 0x05, 0x5c, //0x00000d07 cmpb         $92, $5(%rdi,%rax)
	0x0f, 0x85, 0xd7, 0x00, 0x00, 0x00, //0x00000d0c jne          LBB0_170
	0x48, 0x8b, 0x45, 0xc0, //0x00000d12 movq         $-64(%rbp), %rax
	0x80, 0x7c, 0x07, 0x06, 0x75, //0x00000d16 cmpb         $117, $6(%rdi,%rax)
	0x0f, 0x85, 0xc8, 0x00, 0x00, 0x00, //0x00000d1b jne          LBB0_170
	0x48, 0x8b, 0x45, 0xc0, //0x00000d21 movq         $-64(%rbp), %rax
	0x44, 0x8b, 0x6c, 0x07, 0x07, //0x00000d25 movl         $7(%rdi,%rax), %r13d
	0x44, 0x89, 0xeb, //0x00000d2a movl         %r13d, %ebx
	0xf7, 0xd3, //0x00000d2d notl         %ebx
	0x41, 0x8d, 0x85, 0xd0, 0xcf, 0xcf, 0xcf, //0x00000d2f leal         $-808464432(%r13), %eax
	0x81, 0xe3, 0x80, 0x80, 0x80, 0x80, //0x00000d36 andl         $-2139062144, %ebx
	0x85, 0xc3, //0x00000d3c testl        %eax, %ebx
	0x0f, 0x85, 0xa5, 0x00, 0x00, 0x00, //0x00000d3e jne          LBB0_170
	0x41, 0x8d, 0x85, 0x19, 0x19, 0x19, 0x19, //0x00000d44 leal         $421075225(%r13), %eax
	0x44, 0x09, 0xe8, //0x00000d4b orl          %r13d, %eax
	0xa9, 0x80, 0x80, 0x80, 0x80, //0x00000d4e testl        $-2139062144, %eax
	0x0f, 0x85, 0x90, 0x00, 0x00, 0x00, //0x00000d53 jne          LBB0_170
	0x45, 0x89, 0xeb, //0x00000d59 movl         %r13d, %r11d
	0x41, 0x81, 0xe3, 0x7f, 0x7f, 0x7f, 0x7f, //0x00000d5c andl         $2139062143, %r11d
	0xb8, 0xc0, 0xc0, 0xc0, 0xc0, //0x00000d63 movl         $-1061109568, %eax
	0x44, 0x29, 0xd8, //0x00000d68 subl         %r11d, %eax
	0x4c, 0x89, 0x5d, 0xb8, //0x00000d6b movq         %r11, $-72(%rbp)
	0x41, 0x81, 0xc3, 0x46, 0x46, 0x46, 0x46, //0x00000d6f addl         $1179010630, %r11d
	0x44, 0x89, 0x5d, 0xc0, //0x00000d76 movl         %r11d, $-64(%rbp)
	0x21, 0xd8, //0x00000d7a andl         %ebx, %eax
	0x85, 0x45, 0xc0, //0x00000d7c testl        %eax, $-64(%rbp)
	0x0f, 0x85, 0x64, 0x00, 0x00, 0x00, //0x00000d7f jne          LBB0_170
	0x41, 0xbb, 0xe0, 0xe0, 0xe0, 0xe0, //0x00000d85 movl         $-522133280, %r11d
	0x48, 0x8b, 0x45, 0xb8, //0x00000d8b movq         $-72(%rbp), %rax
	0x41, 0x29, 0xc3, //0x00000d8f subl         %eax, %r11d
	0x05, 0x39, 0x39, 0x39, 0x39, //0x00000d92 addl         $960051513, %eax
	0x44, 0x21, 0xdb, //0x00000d97 andl         %r11d, %ebx
	0x85, 0xc3, //0x00000d9a testl        %eax, %ebx
	0x0f, 0x85, 0x47, 0x00, 0x00, 0x00, //0x00000d9c jne          LBB0_170
	0x41, 0x0f, 0xcd, //0x00000da2 bswapl       %r13d
	0x44, 0x89, 0xe8, //0x00000da5 movl         %r13d, %eax
	0xc1, 0xe8, 0x04, //0x00000da8 shrl         $4, %eax
	0xf7, 0xd0, //0x00000dab notl         %eax
	0x25, 0x01, 0x01, 0x01, 0x01, //0x00000dad andl         $16843009, %eax
	0x8d, 0x04, 0xc0, //0x00000db2 leal         (%rax,%rax,8), %eax
	0x41, 0x81, 0xe5, 0x0f, 0x0f, 0x0f, 0x0f, //0x00000db5 andl         $252645135, %r13d
	0x41, 0x01, 0xc5, //0x00000dbc addl         %eax, %r13d
	0x44, 0x89, 0xe8, //0x00000dbf movl         %r13d, %eax
	0xc1, 0xe8, 0x0c, //0x00000dc2 shrl         $12, %eax
	0x41, 0xc1, 0xed, 0x08, //0x00000dc5 shrl         $8, %r13d
	0x41, 0x09, 0xc5, //0x00000dc9 orl          %eax, %r13d
	0x41, 0x81, 0xe5, 0x00, 0xfc, 0x00, 0x00, //0x00000dcc andl         $64512, %r13d
	0x41, 0x81, 0xfd, 0x00, 0xdc, 0x00, 0x00, //0x00000dd3 cmpl         $56320, %r13d
	0x0f, 0x85, 0x09, 0x00, 0x00, 0x00, //0x00000dda jne          LBB0_170
	0x48, 0x83, 0xc6, 0x0c, //0x00000de0 addq         $12, %rsi
	0xe9, 0x6a, 0x00, 0x00, 0x00, //0x00000de4 jmp          LBB0_177
	//0x00000de9 LBB0_170
	0x48, 0x83, 0xc6, 0x06, //0x00000de9 addq         $6, %rsi
	0xe9, 0x61, 0x00, 0x00, 0x00, //0x00000ded jmp          LBB0_177
	//0x00000df2 LBB0_171
	0x49, 0x0f, 0xbc, 0xf1, //0x00000df2 bsfq         %r9, %rsi
	0x4c, 0x39, 0xf6, //0x00000df6 cmpq         %r14, %rsi
	0x0f, 0x83, 0x94, 0xfd, 0xff, 0xff, //0x00000df9 jae          LBB0_152
	0x48, 0x01, 0xce, //0x00000dff addq         %rcx, %rsi
	0x48, 0x3b, 0x75, 0xc0, //0x00000e02 cmpq         $-64(%rbp), %rsi
	0x0f, 0x8c, 0x57, 0x00, 0x00, 0x00, //0x00000e06 jl           LBB0_178
	0x48, 0x8d, 0x46, 0x01, //0x00000e0c leaq         $1(%rsi), %rax
	0x4c, 0x8b, 0x6d, 0xb0, //0x00000e10 movq         $-80(%rbp), %r13
	0x49, 0xc7, 0xc3, 0xff, 0xff, 0xff, 0xff, //0x00000e14 movq         $-1, %r11
	0x49, 0x29, 0xc5, //0x00000e1b subq         %rax, %r13
	0x0f, 0x84, 0xaf, 0x01, 0x00, 0x00, //0x00000e1e je           LBB0_205
	0x48, 0x89, 0x45, 0xc0, //0x00000e24 movq         %rax, $-64(%rbp)
	0x0f, 0xbe, 0x1c, 0x07, //0x00000e28 movsbl       (%rdi,%rax), %ebx
	0x83, 0xc3, 0xde, //0x00000e2c addl         $-34, %ebx
	0x83, 0xfb, 0x53, //0x00000e2f cmpl         $83, %ebx
	0x0f, 0x87, 0xba, 0x26, 0x00, 0x00, //0x00000e32 ja           LBB0_690
	0x48, 0x8d, 0x05, 0xb9, 0x28, 0x00, 0x00, //0x00000e38 leaq         $10425(%rip), %rax  /* LJTI0_1+0(%rip) */
	0x48, 0x63, 0x1c, 0x98, //0x00000e3f movslq       (%rax,%rbx,4), %rbx
	0x48, 0x01, 0xc3, //0x00000e43 addq         %rax, %rbx
	0x49, 0xc7, 0xc3, 0xfe, 0xff, 0xff, 0xff, //0x00000e46 movq         $-2, %r11
	0xff, 0xe3, //0x00000e4d jmpq         *%rbx
	//0x00000e4f LBB0_176
	0x48, 0x83, 0xc6, 0x02, //0x00000e4f addq         $2, %rsi
	//0x00000e53 LBB0_177
	0x48, 0x89, 0x75, 0xc0, //0x00000e53 movq         %rsi, $-64(%rbp)
	0x49, 0x89, 0xf3, //0x00000e57 movq         %rsi, %r11
	0x48, 0x85, 0xf6, //0x00000e5a testq        %rsi, %rsi
	0x0f, 0x88, 0x70, 0x01, 0x00, 0x00, //0x00000e5d js           LBB0_205
	//0x00000e63 LBB0_178
	0x49, 0x8d, 0x41, 0xff, //0x00000e63 leaq         $-1(%r9), %rax
	0x49, 0x21, 0xc1, //0x00000e67 andq         %rax, %r9
	0x0f, 0x84, 0x23, 0xfd, 0xff, 0xff, //0x00000e6a je           LBB0_152
	0xe9, 0x7d, 0xff, 0xff, 0xff, //0x00000e70 jmp          LBB0_171
	//0x00000e75 LBB0_179
	0x48, 0x85, 0xc0, //0x00000e75 testq        %rax, %rax
	0x0f, 0x84, 0x0a, 0x01, 0x00, 0x00, //0x00000e78 je           LBB0_199
	0x48, 0x0f, 0xbc, 0xc0, //0x00000e7e bsfq         %rax, %rax
	0xe9, 0x06, 0x01, 0x00, 0x00, //0x00000e82 jmp          LBB0_200
	//0x00000e87 LBB0_181
	0x4c, 0x89, 0xf8, //0x00000e87 movq         %r15, %rax
	0x4c, 0x09, 0xc0, //0x00000e8a orq          %r8, %rax
	0x0f, 0x99, 0xc0, //0x00000e8d setns        %al
	0x0f, 0x88, 0xd6, 0x00, 0x00, 0x00, //0x00000e90 js           LBB0_198
	0x4d, 0x39, 0xc7, //0x00000e96 cmpq         %r8, %r15
	0x0f, 0x8c, 0xcd, 0x00, 0x00, 0x00, //0x00000e99 jl           LBB0_198
	0x49, 0xf7, 0xd7, //0x00000e9f notq         %r15
	0x4c, 0x89, 0xf8, //0x00000ea2 movq         %r15, %rax
	0xe9, 0xda, 0xfa, 0xff, 0xff, //0x00000ea5 jmp          LBB0_135
	//0x00000eaa LBB0_184
	0x45, 0x31, 0xf6, //0x00000eaa xorl         %r14d, %r14d
	0x31, 0xc9, //0x00000ead xorl         %ecx, %ecx
	0x45, 0x31, 0xd2, //0x00000eaf xorl         %r10d, %r10d
	0xe9, 0x70, 0x01, 0x00, 0x00, //0x00000eb2 jmp          LBB0_213
	//0x00000eb7 LBB0_185
	0x48, 0xc7, 0xc0, 0xfe, 0xff, 0xff, 0xff, //0x00000eb7 movq         $-2, %rax
	0x80, 0xf9, 0x6e, //0x00000ebe cmpb         $110, %cl
	0x0f, 0x85, 0x31, 0x01, 0x00, 0x00, //0x00000ec1 jne          LBB0_271
	0x42, 0x80, 0x7c, 0x0f, 0x01, 0x75, //0x00000ec7 cmpb         $117, $1(%rdi,%r9)
	0x0f, 0x85, 0x18, 0x01, 0x00, 0x00, //0x00000ecd jne          LBB0_207
	0x42, 0x80, 0x7c, 0x0f, 0x02, 0x6c, //0x00000ed3 cmpb         $108, $2(%rdi,%r9)
	0x0f, 0x85, 0x15, 0x01, 0x00, 0x00, //0x00000ed9 jne          LBB0_269
	0x31, 0xc9, //0x00000edf xorl         %ecx, %ecx
	0x41, 0x80, 0x7c, 0x39, 0x03, 0x6c, //0x00000ee1 cmpb         $108, $3(%r9,%rdi)
	0xe9, 0x30, 0x00, 0x00, 0x00, //0x00000ee7 jmp          LBB0_193
	//0x00000eec LBB0_189
	0x48, 0xc7, 0xc0, 0xfe, 0xff, 0xff, 0xff, //0x00000eec movq         $-2, %rax
	0x80, 0xf9, 0x74, //0x00000ef3 cmpb         $116, %cl
	0x0f, 0x85, 0xfc, 0x00, 0x00, 0x00, //0x00000ef6 jne          LBB0_271
	0x42, 0x80, 0x7c, 0x0f, 0x01, 0x72, //0x00000efc cmpb         $114, $1(%rdi,%r9)
	0x0f, 0x85, 0xe3, 0x00, 0x00, 0x00, //0x00000f02 jne          LBB0_207
	0x42, 0x80, 0x7c, 0x0f, 0x02, 0x75, //0x00000f08 cmpb         $117, $2(%rdi,%r9)
	0x0f, 0x85, 0xe0, 0x00, 0x00, 0x00, //0x00000f0e jne          LBB0_269
	0x31, 0xc9, //0x00000f14 xorl         %ecx, %ecx
	0x41, 0x80, 0x7c, 0x39, 0x03, 0x65, //0x00000f16 cmpb         $101, $3(%r9,%rdi)
	//0x00000f1c LBB0_193
	0x0f, 0x94, 0xc1, //0x00000f1c sete         %cl
	0x4a, 0x8d, 0x34, 0x09, //0x00000f1f leaq         (%rcx,%r9), %rsi
	0x48, 0x83, 0xc6, 0x03, //0x00000f23 addq         $3, %rsi
	0xe9, 0xcf, 0x00, 0x00, 0x00, //0x00000f27 jmp          LBB0_272
	//0x00000f2c LBB0_194
	0x48, 0xc7, 0xc0, 0xfe, 0xff, 0xff, 0xff, //0x00000f2c movq         $-2, %rax
	0x80, 0xf9, 0x61, //0x00000f33 cmpb         $97, %cl
	0x0f, 0x85, 0xca, 0x00, 0x00, 0x00, //0x00000f36 jne          LBB0_208
	0x42, 0x80, 0x7c, 0x0f, 0x02, 0x6c, //0x00000f3c cmpb         $108, $2(%rdi,%r9)
	0x0f, 0x85, 0xac, 0x00, 0x00, 0x00, //0x00000f42 jne          LBB0_269
	0x42, 0x80, 0x7c, 0x0f, 0x03, 0x73, //0x00000f48 cmpb         $115, $3(%rdi,%r9)
	0x0f, 0x85, 0x30, 0x04, 0x00, 0x00, //0x00000f4e jne          LBB0_270
	0x31, 0xc9, //0x00000f54 xorl         %ecx, %ecx
	0x41, 0x80, 0x7c, 0x39, 0x04, 0x65, //0x00000f56 cmpb         $101, $4(%r9,%rdi)
	0x0f, 0x94, 0xc1, //0x00000f5c sete         %cl
	0x4a, 0x8d, 0x34, 0x09, //0x00000f5f leaq         (%rcx,%r9), %rsi
	0x48, 0x83, 0xc6, 0x04, //0x00000f63 addq         $4, %rsi
	0xe9, 0x8f, 0x00, 0x00, 0x00, //0x00000f67 jmp          LBB0_272
	//0x00000f6c LBB0_198
	0x49, 0x8d, 0x48, 0xff, //0x00000f6c leaq         $-1(%r8), %rcx
	0x49, 0x39, 0xcf, //0x00000f70 cmpq         %rcx, %r15
	0x49, 0xf7, 0xd0, //0x00000f73 notq         %r8
	0x4d, 0x0f, 0x45, 0xc5, //0x00000f76 cmovneq      %r13, %r8
	0x84, 0xc0, //0x00000f7a testb        %al, %al
	0x4d, 0x0f, 0x44, 0xc5, //0x00000f7c cmoveq       %r13, %r8
	0x4c, 0x89, 0xc0, //0x00000f80 movq         %r8, %rax
	0xe9, 0xfc, 0xf9, 0xff, 0xff, //0x00000f83 jmp          LBB0_135
	//0x00000f88 LBB0_199
	0xb8, 0x40, 0x00, 0x00, 0x00, //0x00000f88 movl         $64, %eax
	//0x00000f8d LBB0_200
	0x48, 0x8b, 0x7d, 0xa8, //0x00000f8d movq         $-88(%rbp), %rdi
	0x4c, 0x39, 0xf0, //0x00000f91 cmpq         %r14, %rax
	0x0f, 0x82, 0x58, 0x25, 0x00, 0x00, //0x00000f94 jb           LBB0_690
	0x49, 0x01, 0xce, //0x00000f9a addq         %rcx, %r14
	0x49, 0x83, 0xc6, 0x01, //0x00000f9d addq         $1, %r14
	//0x00000fa1 LBB0_202
	0x4d, 0x85, 0xf6, //0x00000fa1 testq        %r14, %r14
	0x0f, 0x88, 0x26, 0x00, 0x00, 0x00, //0x00000fa4 js           LBB0_204
	0x48, 0x89, 0x57, 0x10, //0x00000faa movq         %rdx, $16(%rdi)
	0x48, 0xc7, 0x07, 0x07, 0x00, 0x00, 0x00, //0x00000fae movq         $7, (%rdi)
	0x48, 0x8b, 0x4d, 0xc8, //0x00000fb5 movq         $-56(%rbp), %rcx
	0x4c, 0x39, 0xf1, //0x00000fb9 cmpq         %r14, %rcx
	0x48, 0xc7, 0xc0, 0xff, 0xff, 0xff, 0xff, //0x00000fbc movq         $-1, %rax
	0x48, 0x0f, 0x4c, 0xc1, //0x00000fc3 cmovlq       %rcx, %rax
	0x48, 0x89, 0x47, 0x18, //0x00000fc7 movq         %rax, $24(%rdi)
	0xe9, 0xe3, 0xf2, 0xff, 0xff, //0x00000fcb jmp          LBB0_39
	//0x00000fd0 LBB0_204
	0x4d, 0x89, 0xf3, //0x00000fd0 movq         %r14, %r11
	//0x00000fd3 LBB0_205
	0x48, 0x8b, 0x45, 0xa8, //0x00000fd3 movq         $-88(%rbp), %rax
	0x4c, 0x89, 0x18, //0x00000fd7 movq         %r11, (%rax)
	0x4c, 0x8b, 0x75, 0xb0, //0x00000fda movq         $-80(%rbp), %r14
	0xe9, 0xd0, 0xf2, 0xff, 0xff, //0x00000fde jmp          LBB0_39
	//0x00000fe3 LBB0_206
	0x48, 0x89, 0xf0, //0x00000fe3 movq         %rsi, %rax
	0xe9, 0x38, 0x00, 0x00, 0x00, //0x00000fe6 jmp          LBB0_212
	//0x00000feb LBB0_207
	0x49, 0x83, 0xc1, 0x01, //0x00000feb addq         $1, %r9
	0xe9, 0x04, 0x00, 0x00, 0x00, //0x00000fef jmp          LBB0_271
	//0x00000ff4 LBB0_269
	0x49, 0x83, 0xc1, 0x02, //0x00000ff4 addq         $2, %r9
	//0x00000ff8 LBB0_271
	0x4c, 0x89, 0xce, //0x00000ff8 movq         %r9, %rsi
	//0x00000ffb LBB0_272
	0x49, 0x89, 0x07, //0x00000ffb movq         %rax, (%r15)
	0x49, 0x89, 0xf6, //0x00000ffe movq         %rsi, %r14
	0xe9, 0xad, 0xf2, 0xff, 0xff, //0x00001001 jmp          LBB0_39
	//0x00001006 LBB0_208
	0x48, 0x89, 0xd6, //0x00001006 movq         %rdx, %rsi
	0xe9, 0xed, 0xff, 0xff, 0xff, //0x00001009 jmp          LBB0_272
	//0x0000100e LBB0_209
	0x0f, 0xbc, 0xca, //0x0000100e bsfl         %edx, %ecx
	//0x00001011 LBB0_210
	0x48, 0xf7, 0xd0, //0x00001011 notq         %rax
	0x48, 0x29, 0xc8, //0x00001014 subq         %rcx, %rax
	0x4d, 0x89, 0xe6, //0x00001017 movq         %r12, %r14
	0xe9, 0x65, 0xf9, 0xff, 0xff, //0x0000101a jmp          LBB0_135
	//0x0000101f LBB0_211
	0x48, 0x83, 0xc0, 0xff, //0x0000101f addq         $-1, %rax
	//0x00001023 LBB0_212
	0x4c, 0x8b, 0x5d, 0xb0, //0x00001023 movq         $-80(%rbp), %r11
	//0x00001027 LBB0_213
	0x31, 0xd2, //0x00001027 xorl         %edx, %edx
	0x45, 0x85, 0xf6, //0x00001029 testl        %r14d, %r14d
	0x0f, 0x9f, 0xc2, //0x0000102c setg         %dl
	0x89, 0x55, 0xb8, //0x0000102f movl         %edx, $-72(%rbp)
	0x4d, 0x85, 0xd2, //0x00001032 testq        %r10, %r10
	0x4c, 0x89, 0x7d, 0xa8, //0x00001035 movq         %r15, $-88(%rbp)
	0x0f, 0x85, 0x54, 0x00, 0x00, 0x00, //0x00001039 jne          LBB0_222
	0x45, 0x85, 0xf6, //0x0000103f testl        %r14d, %r14d
	0x0f, 0x85, 0x4b, 0x00, 0x00, 0x00, //0x00001042 jne          LBB0_222
	0x48, 0x39, 0xf0, //0x00001048 cmpq         %rsi, %rax
	0x0f, 0x83, 0x2e, 0x00, 0x00, 0x00, //0x0000104b jae          LBB0_220
	0x41, 0x89, 0xc7, //0x00001051 movl         %eax, %r15d
	0x41, 0x29, 0xf7, //0x00001054 subl         %esi, %r15d
	0x31, 0xc9, //0x00001057 xorl         %ecx, %ecx
	0x45, 0x31, 0xf6, //0x00001059 xorl         %r14d, %r14d
	//0x0000105c LBB0_217
	0x80, 0x3c, 0x07, 0x30, //0x0000105c cmpb         $48, (%rdi,%rax)
	0x0f, 0x85, 0x26, 0x00, 0x00, 0x00, //0x00001060 jne          LBB0_221
	0x48, 0x83, 0xc0, 0x01, //0x00001066 addq         $1, %rax
	0x41, 0x83, 0xc6, 0xff, //0x0000106a addl         $-1, %r14d
	0x48, 0x39, 0xc6, //0x0000106e cmpq         %rax, %rsi
	0x0f, 0x85, 0xe5, 0xff, 0xff, 0xff, //0x00001071 jne          LBB0_217
	0x45, 0x31, 0xd2, //0x00001077 xorl         %r10d, %r10d
	0xe9, 0x4c, 0x01, 0x00, 0x00, //0x0000107a jmp          LBB0_244
	//0x0000107f LBB0_220
	0x45, 0x31, 0xf6, //0x0000107f xorl         %r14d, %r14d
	0x31, 0xc9, //0x00001082 xorl         %ecx, %ecx
	0x45, 0x31, 0xd2, //0x00001084 xorl         %r10d, %r10d
	0xe9, 0x07, 0x00, 0x00, 0x00, //0x00001087 jmp          LBB0_222
	//0x0000108c LBB0_221
	0x45, 0x31, 0xd2, //0x0000108c xorl         %r10d, %r10d
	0x4c, 0x8b, 0x7d, 0xa8, //0x0000108f movq         $-88(%rbp), %r15
	//0x00001093 LBB0_222
	0x48, 0x39, 0xf0, //0x00001093 cmpq         %rsi, %rax
	0x0f, 0x83, 0x49, 0x00, 0x00, 0x00, //0x00001096 jae          LBB0_228
	0x83, 0xf9, 0x12, //0x0000109c cmpl         $18, %ecx
	0x0f, 0x8f, 0x40, 0x00, 0x00, 0x00, //0x0000109f jg           LBB0_228
	0x41, 0xbb, 0xd0, 0xff, 0xff, 0xff, //0x000010a5 movl         $4294967248, %r11d
	//0x000010ab LBB0_225
	0x0f, 0xb6, 0x1c, 0x07, //0x000010ab movzbl       (%rdi,%rax), %ebx
	0x8d, 0x53, 0xd0, //0x000010af leal         $-48(%rbx), %edx
	0x80, 0xfa, 0x09, //0x000010b2 cmpb         $9, %dl
	0x0f, 0x87, 0x2a, 0x00, 0x00, 0x00, //0x000010b5 ja           LBB0_228
	0x4b, 0x8d, 0x14, 0x92, //0x000010bb leaq         (%r10,%r10,4), %rdx
	0x44, 0x01, 0xdb, //0x000010bf addl         %r11d, %ebx
	0x4c, 0x8d, 0x14, 0x53, //0x000010c2 leaq         (%rbx,%rdx,2), %r10
	0x41, 0x83, 0xc6, 0xff, //0x000010c6 addl         $-1, %r14d
	0x48, 0x83, 0xc0, 0x01, //0x000010ca addq         $1, %rax
	0x48, 0x39, 0xf0, //0x000010ce cmpq         %rsi, %rax
	0x0f, 0x83, 0x0e, 0x00, 0x00, 0x00, //0x000010d1 jae          LBB0_228
	0x8d, 0x51, 0x01, //0x000010d7 leal         $1(%rcx), %edx
	0x83, 0xf9, 0x12, //0x000010da cmpl         $18, %ecx
	0x89, 0xd1, //0x000010dd movl         %edx, %ecx
	0x0f, 0x8c, 0xc6, 0xff, 0xff, 0xff, //0x000010df jl           LBB0_225
	//0x000010e5 LBB0_228
	0x48, 0x39, 0xf0, //0x000010e5 cmpq         %rsi, %rax
	0x0f, 0x83, 0xab, 0x00, 0x00, 0x00, //0x000010e8 jae          LBB0_241
	0x8a, 0x0c, 0x07, //0x000010ee movb         (%rdi,%rax), %cl
	0x8d, 0x51, 0xd0, //0x000010f1 leal         $-48(%rcx), %edx
	0x80, 0xfa, 0x09, //0x000010f4 cmpb         $9, %dl
	0x4c, 0x8b, 0x5d, 0xb0, //0x000010f7 movq         $-80(%rbp), %r11
	0x0f, 0x87, 0x29, 0x00, 0x00, 0x00, //0x000010fb ja           LBB0_234
	0x48, 0x8d, 0x5e, 0xff, //0x00001101 leaq         $-1(%rsi), %rbx
	//0x00001105 LBB0_231
	0x48, 0x39, 0xc3, //0x00001105 cmpq         %rax, %rbx
	0x0f, 0x84, 0xb3, 0x00, 0x00, 0x00, //0x00001108 je           LBB0_243
	0x0f, 0xb6, 0x4c, 0x07, 0x01, //0x0000110e movzbl       $1(%rdi,%rax), %ecx
	0x8d, 0x51, 0xd0, //0x00001113 leal         $-48(%rcx), %edx
	0x48, 0x83, 0xc0, 0x01, //0x00001116 addq         $1, %rax
	0x80, 0xfa, 0x09, //0x0000111a cmpb         $9, %dl
	0x0f, 0x86, 0xe2, 0xff, 0xff, 0xff, //0x0000111d jbe          LBB0_231
	0xc7, 0x45, 0xb8, 0x01, 0x00, 0x00, 0x00, //0x00001123 movl         $1, $-72(%rbp)
	//0x0000112a LBB0_234
	0x80, 0xc9, 0x20, //0x0000112a orb          $32, %cl
	0x80, 0xf9, 0x65, //0x0000112d cmpb         $101, %cl
	0x0f, 0x85, 0x9d, 0x00, 0x00, 0x00, //0x00001130 jne          LBB0_245
	0x48, 0x8d, 0x48, 0x01, //0x00001136 leaq         $1(%rax), %rcx
	0x49, 0xc7, 0x07, 0x08, 0x00, 0x00, 0x00, //0x0000113a movq         $8, (%r15)
	0x48, 0x39, 0xf1, //0x00001141 cmpq         %rsi, %rcx
	0x0f, 0x83, 0x40, 0x00, 0x00, 0x00, //0x00001144 jae          LBB0_240
	0x8a, 0x1c, 0x0f, //0x0000114a movb         (%rdi,%rcx), %bl
	0x80, 0xfb, 0x2d, //0x0000114d cmpb         $45, %bl
	0x0f, 0x84, 0x0f, 0x00, 0x00, 0x00, //0x00001150 je           LBB0_238
	0x41, 0xbb, 0x01, 0x00, 0x00, 0x00, //0x00001156 movl         $1, %r11d
	0x80, 0xfb, 0x2b, //0x0000115c cmpb         $43, %bl
	0x0f, 0x85, 0x0f, 0x05, 0x00, 0x00, //0x0000115f jne          LBB0_303
	//0x00001165 LBB0_238
	0x48, 0x83, 0xc0, 0x02, //0x00001165 addq         $2, %rax
	0x48, 0x39, 0xf0, //0x00001169 cmpq         %rsi, %rax
	0x0f, 0x83, 0x18, 0x00, 0x00, 0x00, //0x0000116c jae          LBB0_240
	0x31, 0xc9, //0x00001172 xorl         %ecx, %ecx
	0x80, 0xfb, 0x2b, //0x00001174 cmpb         $43, %bl
	0x0f, 0x94, 0xc1, //0x00001177 sete         %cl
	0x44, 0x8d, 0x1c, 0x09, //0x0000117a leal         (%rcx,%rcx), %r11d
	0x41, 0x83, 0xc3, 0xff, //0x0000117e addl         $-1, %r11d
	0x8a, 0x1c, 0x07, //0x00001182 movb         (%rdi,%rax), %bl
	0xe9, 0xed, 0x04, 0x00, 0x00, //0x00001185 jmp          LBB0_304
	//0x0000118a LBB0_240
	0x49, 0xc7, 0x07, 0xff, 0xff, 0xff, 0xff, //0x0000118a movq         $-1, (%r15)
	0x49, 0x89, 0xf6, //0x00001191 movq         %rsi, %r14
	0xe9, 0x1a, 0xf1, 0xff, 0xff, //0x00001194 jmp          LBB0_39
	//0x00001199 LBB0_241
	0x45, 0x89, 0xf7, //0x00001199 movl         %r14d, %r15d
	0x49, 0x89, 0xc6, //0x0000119c movq         %rax, %r14
	0x4c, 0x8b, 0x5d, 0xb0, //0x0000119f movq         $-80(%rbp), %r11
	0xe9, 0x31, 0x00, 0x00, 0x00, //0x000011a3 jmp          LBB0_246
	//0x000011a8 LBB0_242
	0x48, 0x8b, 0x55, 0xc8, //0x000011a8 movq         $-56(%rbp), %rdx
	0x48, 0x03, 0x55, 0xb0, //0x000011ac addq         $-80(%rbp), %rdx
	0x48, 0x29, 0xca, //0x000011b0 subq         %rcx, %rdx
	0x48, 0xf7, 0xd0, //0x000011b3 notq         %rax
	0x48, 0x01, 0xd0, //0x000011b6 addq         %rdx, %rax
	0x4d, 0x89, 0xe6, //0x000011b9 movq         %r12, %r14
	0xe9, 0xc3, 0xf7, 0xff, 0xff, //0x000011bc jmp          LBB0_135
	//0x000011c1 LBB0_243
	0xc7, 0x45, 0xb8, 0x01, 0x00, 0x00, 0x00, //0x000011c1 movl         $1, $-72(%rbp)
	0x45, 0x89, 0xf7, //0x000011c8 movl         %r14d, %r15d
	//0x000011cb LBB0_244
	0x49, 0x89, 0xf6, //0x000011cb movq         %rsi, %r14
	0xe9, 0x06, 0x00, 0x00, 0x00, //0x000011ce jmp          LBB0_246
	//0x000011d3 LBB0_245
	0x45, 0x89, 0xf7, //0x000011d3 movl         %r14d, %r15d
	0x49, 0x89, 0xc6, //0x000011d6 movq         %rax, %r14
	//0x000011d9 LBB0_246
	0x80, 0x7d, 0xc0, 0x00, //0x000011d9 cmpb         $0, $-64(%rbp)
	0x4c, 0x89, 0x75, 0x98, //0x000011dd movq         %r14, $-104(%rbp)
	0x4c, 0x89, 0x6d, 0xc8, //0x000011e1 movq         %r13, $-56(%rbp)
	0x0f, 0x84, 0x39, 0x00, 0x00, 0x00, //0x000011e5 je           LBB0_251
	0x45, 0x85, 0xff, //0x000011eb testl        %r15d, %r15d
	0x0f, 0x85, 0x25, 0x00, 0x00, 0x00, //0x000011ee jne          LBB0_250
	0x48, 0xb8, 0x00, 0x00, 0x00, 0x00, 0x00, 0x00, 0x00, 0x80, //0x000011f4 movabsq      $-9223372036854775808, %rax
	0x49, 0x63, 0xcc, //0x000011fe movslq       %r12d, %rcx
	0x4d, 0x85, 0xd2, //0x00001201 testq        %r10, %r10
	0x0f, 0x89, 0x2c, 0x01, 0x00, 0x00, //0x00001204 jns          LBB0_266
	0x4c, 0x89, 0xd2, //0x0000120a movq         %r10, %rdx
	0x48, 0x21, 0xca, //0x0000120d andq         %rcx, %rdx
	0x48, 0x39, 0xc2, //0x00001210 cmpq         %rax, %rdx
	0x0f, 0x84, 0x1d, 0x01, 0x00, 0x00, //0x00001213 je           LBB0_266
	//0x00001219 LBB0_250
	0x48, 0x8b, 0x45, 0xa8, //0x00001219 movq         $-88(%rbp), %rax
	0x48, 0xc7, 0x00, 0x08, 0x00, 0x00, 0x00, //0x0000121d movq         $8, (%rax)
	//0x00001224 LBB0_251
	0x49, 0xbd, 0x00, 0x00, 0x00, 0x00, 0x00, 0x00, 0x00, 0x80, //0x00001224 movabsq      $-9223372036854775808, %r13
	0x48, 0xb8, 0xff, 0xff, 0xff, 0xff, 0xff, 0xff, 0x0f, 0x00, //0x0000122e movabsq      $4503599627370495, %rax
	0x48, 0x8d, 0x50, 0x01, //0x00001238 leaq         $1(%rax), %rdx
	0x49, 0x39, 0xd2, //0x0000123c cmpq         %rdx, %r10
	0x0f, 0x83, 0xc5, 0x00, 0x00, 0x00, //0x0000123f jae          LBB0_263
	0x66, 0x49, 0x0f, 0x6e, 0xc2, //0x00001245 movq         %r10, %xmm0
	0x66, 0x0f, 0x62, 0x05, 0x4e, 0xee, 0xff, 0xff, //0x0000124a punpckldq    $-4530(%rip), %xmm0  /* LCPI0_10+0(%rip) */
	0x66, 0x0f, 0x5c, 0x05, 0x56, 0xee, 0xff, 0xff, //0x00001252 subpd        $-4522(%rip), %xmm0  /* LCPI0_11+0(%rip) */
	0x66, 0x0f, 0x28, 0xc8, //0x0000125a movapd       %xmm0, %xmm1
	0x66, 0x0f, 0x15, 0xc8, //0x0000125e unpckhpd     %xmm0, %xmm1
	0xf2, 0x0f, 0x58, 0xc8, //0x00001262 addsd        %xmm0, %xmm1
	0x41, 0xc1, 0xec, 0x1f, //0x00001266 shrl         $31, %r12d
	0x49, 0xc1, 0xe4, 0x3f, //0x0000126a shlq         $63, %r12
	0x66, 0x49, 0x0f, 0x6e, 0xc4, //0x0000126e movq         %r12, %xmm0
	0x66, 0x0f, 0xeb, 0xc1, //0x00001273 por          %xmm1, %xmm0
	0x45, 0x85, 0xff, //0x00001277 testl        %r15d, %r15d
	0x0f, 0x84, 0xe3, 0x19, 0x00, 0x00, //0x0000127a je           LBB0_632
	0x4d, 0x85, 0xd2, //0x00001280 testq        %r10, %r10
	0x0f, 0x84, 0xda, 0x19, 0x00, 0x00, //0x00001283 je           LBB0_632
	0x41, 0x8d, 0x47, 0xff, //0x00001289 leal         $-1(%r15), %eax
	0x83, 0xf8, 0x24, //0x0000128d cmpl         $36, %eax
	0x0f, 0x87, 0x55, 0x00, 0x00, 0x00, //0x00001290 ja           LBB0_261
	0x44, 0x89, 0xf8, //0x00001296 movl         %r15d, %eax
	0x41, 0x83, 0xff, 0x17, //0x00001299 cmpl         $23, %r15d
	0x0f, 0x8c, 0x15, 0x00, 0x00, 0x00, //0x0000129d jl           LBB0_257
	0x41, 0x8d, 0x47, 0xea, //0x000012a3 leal         $-22(%r15), %eax
	0x48, 0x8d, 0x0d, 0xb2, 0x28, 0x00, 0x00, //0x000012a7 leaq         $10418(%rip), %rcx  /* _P10_TAB+0(%rip) */
	0xf2, 0x0f, 0x59, 0x04, 0xc1, //0x000012ae mulsd        (%rcx,%rax,8), %xmm0
	0xb8, 0x16, 0x00, 0x00, 0x00, //0x000012b3 movl         $22, %eax
	//0x000012b8 LBB0_257
	0x66, 0x0f, 0x2e, 0x05, 0x00, 0xee, 0xff, 0xff, //0x000012b8 ucomisd      $-4608(%rip), %xmm0  /* LCPI0_12+0(%rip) */
	0x0f, 0x87, 0xc7, 0x00, 0x00, 0x00, //0x000012c0 ja           LBB0_273
	0xf2, 0x0f, 0x10, 0x0d, 0xfa, 0xed, 0xff, 0xff, //0x000012c6 movsd        $-4614(%rip), %xmm1  /* LCPI0_13+0(%rip) */
	0x66, 0x0f, 0x2e, 0xc8, //0x000012ce ucomisd      %xmm0, %xmm1
	0x0f, 0x87, 0xb5, 0x00, 0x00, 0x00, //0x000012d2 ja           LBB0_273
	0x89, 0xc0, //0x000012d8 movl         %eax, %eax
	0x48, 0x8d, 0x0d, 0x7f, 0x28, 0x00, 0x00, //0x000012da leaq         $10367(%rip), %rcx  /* _P10_TAB+0(%rip) */
	0xf2, 0x0f, 0x59, 0x04, 0xc1, //0x000012e1 mulsd        (%rcx,%rax,8), %xmm0
	0xe9, 0x78, 0x19, 0x00, 0x00, //0x000012e6 jmp          LBB0_632
	//0x000012eb LBB0_261
	0x41, 0x83, 0xff, 0xea, //0x000012eb cmpl         $-22, %r15d
	0x0f, 0x82, 0x15, 0x00, 0x00, 0x00, //0x000012ef jb           LBB0_263
	0x41, 0xf7, 0xdf, //0x000012f5 negl         %r15d
	0x48, 0x8d, 0x05, 0x61, 0x28, 0x00, 0x00, //0x000012f8 leaq         $10337(%rip), %rax  /* _P10_TAB+0(%rip) */
	0xf2, 0x42, 0x0f, 0x5e, 0x04, 0xf8, //0x000012ff divsd        (%rax,%r15,8), %xmm0
	0xe9, 0x59, 0x19, 0x00, 0x00, //0x00001305 jmp          LBB0_632
	//0x0000130a LBB0_263
	0x48, 0x89, 0x55, 0x90, //0x0000130a movq         %rdx, $-112(%rbp)
	0x41, 0x8d, 0x87, 0x5c, 0x01, 0x00, 0x00, //0x0000130e leal         $348(%r15), %eax
	0x3d, 0xb7, 0x02, 0x00, 0x00, //0x00001315 cmpl         $695, %eax
	0x0f, 0x87, 0x90, 0x01, 0x00, 0x00, //0x0000131a ja           LBB0_285
	0x4d, 0x85, 0xd2, //0x00001320 testq        %r10, %r10
	0x0f, 0x84, 0x78, 0x00, 0x00, 0x00, //0x00001323 je           LBB0_274
	//0x00001329 LBB0_265
	0x49, 0x0f, 0xbd, 0xca, //0x00001329 bsrq         %r10, %rcx
	0x48, 0x83, 0xf1, 0x3f, //0x0000132d xorq         $63, %rcx
	0xe9, 0x70, 0x00, 0x00, 0x00, //0x00001331 jmp          LBB0_275
	//0x00001336 LBB0_266
	0x66, 0x49, 0x0f, 0x6e, 0xc2, //0x00001336 movq         %r10, %xmm0
	0x4c, 0x0f, 0xaf, 0xd1, //0x0000133b imulq        %rcx, %r10
	0x48, 0x8b, 0x55, 0xa8, //0x0000133f movq         $-88(%rbp), %rdx
	0x4c, 0x89, 0x52, 0x10, //0x00001343 movq         %r10, $16(%rdx)
	0x66, 0x0f, 0x62, 0x05, 0x51, 0xed, 0xff, 0xff, //0x00001347 punpckldq    $-4783(%rip), %xmm0  /* LCPI0_10+0(%rip) */
	0x66, 0x0f, 0x5c, 0x05, 0x59, 0xed, 0xff, 0xff, //0x0000134f subpd        $-4775(%rip), %xmm0  /* LCPI0_11+0(%rip) */
	0x66, 0x0f, 0x28, 0xc8, //0x00001357 movapd       %xmm0, %xmm1
	0x66, 0x0f, 0x15, 0xc8, //0x0000135b unpckhpd     %xmm0, %xmm1
	0xf2, 0x0f, 0x58, 0xc8, //0x0000135f addsd        %xmm0, %xmm1
	0x48, 0x21, 0xc8, //0x00001363 andq         %rcx, %rax
	0x66, 0x48, 0x0f, 0x7e, 0xc9, //0x00001366 movq         %xmm1, %rcx
	0x48, 0x09, 0xc1, //0x0000136b orq          %rax, %rcx
	0x48, 0x89, 0x4a, 0x08, //0x0000136e movq         %rcx, $8(%rdx)
	0xe9, 0x3c, 0xef, 0xff, 0xff, //0x00001372 jmp          LBB0_39
	//0x00001377 LBB0_267
	0x89, 0xd1, //0x00001377 movl         %edx, %ecx
	0x48, 0xf7, 0xd0, //0x00001379 notq         %rax
	0x48, 0x29, 0xc8, //0x0000137c subq         %rcx, %rax
	0xe9, 0x00, 0xf6, 0xff, 0xff, //0x0000137f jmp          LBB0_135
	//0x00001384 LBB0_270
	0x49, 0x83, 0xc1, 0x03, //0x00001384 addq         $3, %r9
	0xe9, 0x6b, 0xfc, 0xff, 0xff, //0x00001388 jmp          LBB0_271
	//0x0000138d LBB0_273
	0x48, 0x89, 0x55, 0x90, //0x0000138d movq         %rdx, $-112(%rbp)
	0x41, 0x8d, 0x87, 0x5c, 0x01, 0x00, 0x00, //0x00001391 leal         $348(%r15), %eax
	0x4d, 0x85, 0xd2, //0x00001398 testq        %r10, %r10
	0x0f, 0x85, 0x88, 0xff, 0xff, 0xff, //0x0000139b jne          LBB0_265
	//0x000013a1 LBB0_274
	0xb9, 0x40, 0x00, 0x00, 0x00, //0x000013a1 movl         $64, %ecx
	//0x000013a6 LBB0_275
	0x4c, 0x89, 0xd6, //0x000013a6 movq         %r10, %rsi
	0x48, 0x89, 0x4d, 0xc0, //0x000013a9 movq         %rcx, $-64(%rbp)
	0x48, 0xd3, 0xe6, //0x000013ad shlq         %cl, %rsi
	0x89, 0xc3, //0x000013b0 movl         %eax, %ebx
	0x48, 0xc1, 0xe3, 0x04, //0x000013b2 shlq         $4, %rbx
	0x48, 0x8d, 0x05, 0x63, 0x28, 0x00, 0x00, //0x000013b6 leaq         $10339(%rip), %rax  /* _POW10_M128_TAB+0(%rip) */
	0x48, 0x8b, 0x44, 0x03, 0x08, //0x000013bd movq         $8(%rbx,%rax), %rax
	0x48, 0x89, 0x45, 0x88, //0x000013c2 movq         %rax, $-120(%rbp)
	0x48, 0xf7, 0xe6, //0x000013c6 mulq         %rsi
	0x49, 0x89, 0xd4, //0x000013c9 movq         %rdx, %r12
	0x81, 0xe2, 0xff, 0x01, 0x00, 0x00, //0x000013cc andl         $511, %edx
	0x48, 0x81, 0xfa, 0xff, 0x01, 0x00, 0x00, //0x000013d2 cmpq         $511, %rdx
	0x0f, 0x85, 0x5b, 0x00, 0x00, 0x00, //0x000013d9 jne          LBB0_280
	0x48, 0x89, 0xf1, //0x000013df movq         %rsi, %rcx
	0x48, 0xf7, 0xd1, //0x000013e2 notq         %rcx
	0x48, 0x39, 0xc8, //0x000013e5 cmpq         %rcx, %rax
	0x49, 0x89, 0xc6, //0x000013e8 movq         %rax, %r14
	0x0f, 0x86, 0x4c, 0x00, 0x00, 0x00, //0x000013eb jbe          LBB0_281
	0x48, 0x89, 0xf0, //0x000013f1 movq         %rsi, %rax
	0x48, 0x8d, 0x15, 0x25, 0x28, 0x00, 0x00, //0x000013f4 leaq         $10277(%rip), %rdx  /* _POW10_M128_TAB+0(%rip) */
	0x48, 0xf7, 0x24, 0x13, //0x000013fb mulq         (%rbx,%rdx)
	0x49, 0x01, 0xd6, //0x000013ff addq         %rdx, %r14
	0x49, 0x83, 0xd4, 0x00, //0x00001402 adcq         $0, %r12
	0x44, 0x89, 0xe2, //0x00001406 movl         %r12d, %edx
	0x81, 0xe2, 0xff, 0x01, 0x00, 0x00, //0x00001409 andl         $511, %edx
	0x48, 0x81, 0xfa, 0xff, 0x01, 0x00, 0x00, //0x0000140f cmpq         $511, %rdx
	0x0f, 0x85, 0x21, 0x00, 0x00, 0x00, //0x00001416 jne          LBB0_281
	0x4c, 0x89, 0xf6, //0x0000141c movq         %r14, %rsi
	0x49, 0x83, 0xfe, 0xff, //0x0000141f cmpq         $-1, %r14
	0x0f, 0x85, 0xa5, 0x03, 0x00, 0x00, //0x00001423 jne          LBB0_322
	0x48, 0x39, 0xc8, //0x00001429 cmpq         %rcx, %rax
	0x49, 0x89, 0xf6, //0x0000142c movq         %rsi, %r14
	0x0f, 0x87, 0x7b, 0x00, 0x00, 0x00, //0x0000142f ja           LBB0_285
	0xe9, 0x03, 0x00, 0x00, 0x00, //0x00001435 jmp          LBB0_281
	//0x0000143a LBB0_280
	0x49, 0x89, 0xc6, //0x0000143a movq         %rax, %r14
	//0x0000143d LBB0_281
	0x4c, 0x89, 0xe0, //0x0000143d movq         %r12, %rax
	0x48, 0xc1, 0xe8, 0x3f, //0x00001440 shrq         $63, %rax
	0x8d, 0x48, 0x09, //0x00001444 leal         $9(%rax), %ecx
	0x49, 0xd3, 0xec, //0x00001447 shrq         %cl, %r12
	0x4d, 0x85, 0xf6, //0x0000144a testq        %r14, %r14
	0x0f, 0x85, 0x18, 0x00, 0x00, 0x00, //0x0000144d jne          LBB0_284
	0x48, 0x85, 0xd2, //0x00001453 testq        %rdx, %rdx
	0x0f, 0x85, 0x0f, 0x00, 0x00, 0x00, //0x00001456 jne          LBB0_284
	0x44, 0x89, 0xe1, //0x0000145c movl         %r12d, %ecx
	0x83, 0xe1, 0x03, //0x0000145f andl         $3, %ecx
	0x83, 0xf9, 0x01, //0x00001462 cmpl         $1, %ecx
	0x0f, 0x84, 0x45, 0x00, 0x00, 0x00, //0x00001465 je           LBB0_285
	//0x0000146b LBB0_284
	0x41, 0x69, 0xcf, 0x6a, 0x52, 0x03, 0x00, //0x0000146b imull        $217706, %r15d, %ecx
	0xc1, 0xf9, 0x10, //0x00001472 sarl         $16, %ecx
	0x81, 0xc1, 0x3f, 0x04, 0x00, 0x00, //0x00001475 addl         $1087, %ecx
	0x4c, 0x63, 0xf9, //0x0000147b movslq       %ecx, %r15
	0x4c, 0x89, 0xfe, //0x0000147e movq         %r15, %rsi
	0x48, 0x2b, 0x75, 0xc0, //0x00001481 subq         $-64(%rbp), %rsi
	0x44, 0x89, 0xe2, //0x00001485 movl         %r12d, %edx
	0x83, 0xe2, 0x01, //0x00001488 andl         $1, %edx
	0x4c, 0x01, 0xe2, //0x0000148b addq         %r12, %rdx
	0x48, 0x89, 0xd1, //0x0000148e movq         %rdx, %rcx
	0x48, 0xc1, 0xe9, 0x36, //0x00001491 shrq         $54, %rcx
	0x48, 0x01, 0xc6, //0x00001495 addq         %rax, %rsi
	0x48, 0x83, 0xf9, 0x01, //0x00001498 cmpq         $1, %rcx
	0x48, 0x83, 0xde, 0x00, //0x0000149c sbbq         $0, %rsi
	0x48, 0x8d, 0x46, 0xff, //0x000014a0 leaq         $-1(%rsi), %rax
	0x48, 0x3d, 0xfd, 0x07, 0x00, 0x00, //0x000014a4 cmpq         $2045, %rax
	0x0f, 0x86, 0x45, 0x00, 0x00, 0x00, //0x000014aa jbe          LBB0_290
	//0x000014b0 LBB0_285
	0x4c, 0x8b, 0x55, 0x98, //0x000014b0 movq         $-104(%rbp), %r10
	0x4d, 0x89, 0xd6, //0x000014b4 movq         %r10, %r14
	0x4d, 0x29, 0xce, //0x000014b7 subq         %r9, %r14
	0x4d, 0x85, 0xdb, //0x000014ba testq        %r11, %r11
	0x0f, 0x84, 0xcd, 0x03, 0x00, 0x00, //0x000014bd je           LBB0_333
	0x41, 0xc6, 0x00, 0x00, //0x000014c3 movb         $0, (%r8)
	0x49, 0x83, 0xfb, 0x01, //0x000014c7 cmpq         $1, %r11
	0x0f, 0x84, 0xbf, 0x03, 0x00, 0x00, //0x000014cb je           LBB0_333
	0x49, 0x8d, 0x4b, 0xff, //0x000014d1 leaq         $-1(%r11), %rcx
	0xb8, 0x01, 0x00, 0x00, 0x00, //0x000014d5 movl         $1, %eax
	0x48, 0x83, 0xf9, 0x08, //0x000014da cmpq         $8, %rcx
	0x0f, 0x82, 0x9a, 0x03, 0x00, 0x00, //0x000014de jb           LBB0_332
	0x48, 0x83, 0xf9, 0x20, //0x000014e4 cmpq         $32, %rcx
	0x0f, 0x83, 0xe8, 0x01, 0x00, 0x00, //0x000014e8 jae          LBB0_309
	0x31, 0xd2, //0x000014ee xorl         %edx, %edx
	0xe9, 0xaa, 0x02, 0x00, 0x00, //0x000014f0 jmp          LBB0_319
	//0x000014f5 LBB0_290
	0x48, 0xb8, 0x00, 0x00, 0x00, 0x00, 0x00, 0x00, 0x40, 0x00, //0x000014f5 movabsq      $18014398509481984, %rax
	0x48, 0x39, 0xc2, //0x000014ff cmpq         %rax, %rdx
	0xb1, 0x02, //0x00001502 movb         $2, %cl
	0x80, 0xd9, 0x00, //0x00001504 sbbb         $0, %cl
	0x48, 0xd3, 0xea, //0x00001507 shrq         %cl, %rdx
	0x48, 0xc1, 0xe6, 0x34, //0x0000150a shlq         $52, %rsi
	0x48, 0xb8, 0xff, 0xff, 0xff, 0xff, 0xff, 0xff, 0x0f, 0x00, //0x0000150e movabsq      $4503599627370495, %rax
	0x48, 0x21, 0xc2, //0x00001518 andq         %rax, %rdx
	0x48, 0x09, 0xf2, //0x0000151b orq          %rsi, %rdx
	0x48, 0x89, 0xd0, //0x0000151e movq         %rdx, %rax
	0x4c, 0x09, 0xe8, //0x00001521 orq          %r13, %rax
	0x80, 0x7d, 0xa0, 0x2d, //0x00001524 cmpb         $45, $-96(%rbp)
	0x48, 0x0f, 0x45, 0xc2, //0x00001528 cmovneq      %rdx, %rax
	0x66, 0x48, 0x0f, 0x6e, 0xc0, //0x0000152c movq         %rax, %xmm0
	0x83, 0x7d, 0xb8, 0x00, //0x00001531 cmpl         $0, $-72(%rbp)
	0x0f, 0x84, 0x28, 0x17, 0x00, 0x00, //0x00001535 je           LBB0_632
	0x41, 0xbe, 0x40, 0x00, 0x00, 0x00, //0x0000153b movl         $64, %r14d
	0x49, 0xff, 0xc2, //0x00001541 incq         %r10
	0x0f, 0x84, 0x08, 0x00, 0x00, 0x00, //0x00001544 je           LBB0_293
	0x4d, 0x0f, 0xbd, 0xf2, //0x0000154a bsrq         %r10, %r14
	0x49, 0x83, 0xf6, 0x3f, //0x0000154e xorq         $63, %r14
	//0x00001552 LBB0_293
	0x44, 0x89, 0xf1, //0x00001552 movl         %r14d, %ecx
	0x49, 0xd3, 0xe2, //0x00001555 shlq         %cl, %r10
	0x48, 0x8b, 0x45, 0x88, //0x00001558 movq         $-120(%rbp), %rax
	0x49, 0xf7, 0xe2, //0x0000155c mulq         %r10
	0x48, 0x89, 0xc6, //0x0000155f movq         %rax, %rsi
	0x49, 0x89, 0xd4, //0x00001562 movq         %rdx, %r12
	0x81, 0xe2, 0xff, 0x01, 0x00, 0x00, //0x00001565 andl         $511, %edx
	0x48, 0x81, 0xfa, 0xff, 0x01, 0x00, 0x00, //0x0000156b cmpq         $511, %rdx
	0x0f, 0x85, 0x4d, 0x00, 0x00, 0x00, //0x00001572 jne          LBB0_298
	0x4c, 0x89, 0xd1, //0x00001578 movq         %r10, %rcx
	0x48, 0xf7, 0xd1, //0x0000157b notq         %rcx
	0x48, 0x39, 0xce, //0x0000157e cmpq         %rcx, %rsi
	0x0f, 0x86, 0x3e, 0x00, 0x00, 0x00, //0x00001581 jbe          LBB0_298
	0x4c, 0x89, 0xd0, //0x00001587 movq         %r10, %rax
	0x48, 0x8d, 0x15, 0x8f, 0x26, 0x00, 0x00, //0x0000158a leaq         $9871(%rip), %rdx  /* _POW10_M128_TAB+0(%rip) */
	0x48, 0xf7, 0x24, 0x13, //0x00001591 mulq         (%rbx,%rdx)
	0x48, 0x01, 0xd6, //0x00001595 addq         %rdx, %rsi
	0x49, 0x83, 0xd4, 0x00, //0x00001598 adcq         $0, %r12
	0x44, 0x89, 0xe2, //0x0000159c movl         %r12d, %edx
	0x81, 0xe2, 0xff, 0x01, 0x00, 0x00, //0x0000159f andl         $511, %edx
	0x48, 0x81, 0xfa, 0xff, 0x01, 0x00, 0x00, //0x000015a5 cmpq         $511, %rdx
	0x0f, 0x85, 0x13, 0x00, 0x00, 0x00, //0x000015ac jne          LBB0_298
	0x48, 0x83, 0xfe, 0xff, //0x000015b2 cmpq         $-1, %rsi
	0x0f, 0x85, 0x09, 0x00, 0x00, 0x00, //0x000015b6 jne          LBB0_298
	0x48, 0x39, 0xc8, //0x000015bc cmpq         %rcx, %rax
	0x0f, 0x87, 0xeb, 0xfe, 0xff, 0xff, //0x000015bf ja           LBB0_285
	//0x000015c5 LBB0_298
	0x4c, 0x89, 0xe0, //0x000015c5 movq         %r12, %rax
	0x48, 0xc1, 0xe8, 0x3f, //0x000015c8 shrq         $63, %rax
	0x8d, 0x48, 0x09, //0x000015cc leal         $9(%rax), %ecx
	0x49, 0xd3, 0xec, //0x000015cf shrq         %cl, %r12
	0x48, 0x85, 0xf6, //0x000015d2 testq        %rsi, %rsi
	0x0f, 0x85, 0x18, 0x00, 0x00, 0x00, //0x000015d5 jne          LBB0_301
	0x48, 0x85, 0xd2, //0x000015db testq        %rdx, %rdx
	0x0f, 0x85, 0x0f, 0x00, 0x00, 0x00, //0x000015de jne          LBB0_301
	0x44, 0x89, 0xe1, //0x000015e4 movl         %r12d, %ecx
	0x83, 0xe1, 0x03, //0x000015e7 andl         $3, %ecx
	0x83, 0xf9, 0x01, //0x000015ea cmpl         $1, %ecx
	0x0f, 0x84, 0xbd, 0xfe, 0xff, 0xff, //0x000015ed je           LBB0_285
	//0x000015f3 LBB0_301
	0x4d, 0x29, 0xf7, //0x000015f3 subq         %r14, %r15
	0x44, 0x89, 0xe2, //0x000015f6 movl         %r12d, %edx
	0x83, 0xe2, 0x01, //0x000015f9 andl         $1, %edx
	0x4c, 0x01, 0xe2, //0x000015fc addq         %r12, %rdx
	0x49, 0x01, 0xc7, //0x000015ff addq         %rax, %r15
	0x48, 0xb8, 0x00, 0x00, 0x00, 0x00, 0x00, 0x00, 0x40, 0x00, //0x00001602 movabsq      $18014398509481984, %rax
	0x48, 0x39, 0xc2, //0x0000160c cmpq         %rax, %rdx
	0x49, 0x83, 0xdf, 0x00, //0x0000160f sbbq         $0, %r15
	0x49, 0x8d, 0x47, 0xff, //0x00001613 leaq         $-1(%r15), %rax
	0x48, 0x3d, 0xfd, 0x07, 0x00, 0x00, //0x00001617 cmpq         $2045, %rax
	0x0f, 0x87, 0x8d, 0xfe, 0xff, 0xff, //0x0000161d ja           LBB0_285
	0x48, 0xb8, 0x00, 0x00, 0x00, 0x00, 0x00, 0x00, 0x40, 0x00, //0x00001623 movabsq      $18014398509481984, %rax
	0x48, 0x39, 0xc2, //0x0000162d cmpq         %rax, %rdx
	0xb1, 0x02, //0x00001630 movb         $2, %cl
	0x80, 0xd9, 0x00, //0x00001632 sbbb         $0, %cl
	0x48, 0xd3, 0xea, //0x00001635 shrq         %cl, %rdx
	0x49, 0xc1, 0xe7, 0x34, //0x00001638 shlq         $52, %r15
	0x48, 0xb8, 0xff, 0xff, 0xff, 0xff, 0xff, 0xff, 0x0f, 0x00, //0x0000163c movabsq      $4503599627370495, %rax
	0x48, 0x21, 0xc2, //0x00001646 andq         %rax, %rdx
	0x4c, 0x09, 0xfa, //0x00001649 orq          %r15, %rdx
	0x48, 0x89, 0xd0, //0x0000164c movq         %rdx, %rax
	0x4c, 0x09, 0xe8, //0x0000164f orq          %r13, %rax
	0x80, 0x7d, 0xa0, 0x2d, //0x00001652 cmpb         $45, $-96(%rbp)
	0x48, 0x0f, 0x45, 0xc2, //0x00001656 cmovneq      %rdx, %rax
	0x66, 0x48, 0x0f, 0x6e, 0xc8, //0x0000165a movq         %rax, %xmm1
	0x66, 0x0f, 0x2e, 0xc1, //0x0000165f ucomisd      %xmm1, %xmm0
	0x0f, 0x85, 0x47, 0xfe, 0xff, 0xff, //0x00001663 jne          LBB0_285
	0x0f, 0x8b, 0xf4, 0x15, 0x00, 0x00, //0x00001669 jnp          LBB0_632
	0xe9, 0x3c, 0xfe, 0xff, 0xff, //0x0000166f jmp          LBB0_285
	//0x00001674 LBB0_303
	0x48, 0x89, 0xc8, //0x00001674 movq         %rcx, %rax
	//0x00001677 LBB0_304
	0x8d, 0x4b, 0xd0, //0x00001677 leal         $-48(%rbx), %ecx
	0x80, 0xf9, 0x09, //0x0000167a cmpb         $9, %cl
	0x0f, 0x87, 0x17, 0xec, 0xff, 0xff, //0x0000167d ja           LBB0_36
	0x4c, 0x89, 0x6d, 0xc8, //0x00001683 movq         %r13, $-56(%rbp)
	0x45, 0x31, 0xff, //0x00001687 xorl         %r15d, %r15d
	0x48, 0x39, 0xf0, //0x0000168a cmpq         %rsi, %rax
	0x0f, 0x83, 0xd0, 0x01, 0x00, 0x00, //0x0000168d jae          LBB0_330
	0x4c, 0x8d, 0x6e, 0xff, //0x00001693 leaq         $-1(%rsi), %r13
	0x45, 0x31, 0xff, //0x00001697 xorl         %r15d, %r15d
	//0x0000169a LBB0_307
	0x44, 0x89, 0xfa, //0x0000169a movl         %r15d, %edx
	0x0f, 0xb6, 0xdb, //0x0000169d movzbl       %bl, %ebx
	0x41, 0x81, 0xff, 0x10, 0x27, 0x00, 0x00, //0x000016a0 cmpl         $10000, %r15d
	0x8d, 0x0c, 0x92, //0x000016a7 leal         (%rdx,%rdx,4), %ecx
	0x44, 0x8d, 0x7c, 0x4b, 0xd0, //0x000016aa leal         $-48(%rbx,%rcx,2), %r15d
	0x44, 0x0f, 0x4d, 0xfa, //0x000016af cmovgel      %edx, %r15d
	0x49, 0x39, 0xc5, //0x000016b3 cmpq         %rax, %r13
	0x0f, 0x84, 0xa4, 0x01, 0x00, 0x00, //0x000016b6 je           LBB0_329
	0x0f, 0xb6, 0x5c, 0x07, 0x01, //0x000016bc movzbl       $1(%rdi,%rax), %ebx
	0x8d, 0x4b, 0xd0, //0x000016c1 leal         $-48(%rbx), %ecx
	0x48, 0x83, 0xc0, 0x01, //0x000016c4 addq         $1, %rax
	0x80, 0xf9, 0x0a, //0x000016c8 cmpb         $10, %cl
	0x0f, 0x82, 0xc9, 0xff, 0xff, 0xff, //0x000016cb jb           LBB0_307
	0xe9, 0x8d, 0x01, 0x00, 0x00, //0x000016d1 jmp          LBB0_330
	//0x000016d6 LBB0_309
	0x48, 0x89, 0xca, //0x000016d6 movq         %rcx, %rdx
	0x48, 0x83, 0xe2, 0xe0, //0x000016d9 andq         $-32, %rdx
	0x48, 0x8d, 0x72, 0xe0, //0x000016dd leaq         $-32(%rdx), %rsi
	0x48, 0x89, 0xf0, //0x000016e1 movq         %rsi, %rax
	0x48, 0xc1, 0xe8, 0x05, //0x000016e4 shrq         $5, %rax
	0x48, 0x83, 0xc0, 0x01, //0x000016e8 addq         $1, %rax
	0x89, 0xc3, //0x000016ec movl         %eax, %ebx
	0x83, 0xe3, 0x03, //0x000016ee andl         $3, %ebx
	0x48, 0x83, 0xfe, 0x60, //0x000016f1 cmpq         $96, %rsi
	0x0f, 0x83, 0x0e, 0x00, 0x00, 0x00, //0x000016f5 jae          LBB0_312
	0x31, 0xf6, //0x000016fb xorl         %esi, %esi
	0xe9, 0x5a, 0x00, 0x00, 0x00, //0x000016fd jmp          LBB0_314
	//0x00001702 LBB0_311
	0x89, 0xd1, //0x00001702 movl         %edx, %ecx
	0xe9, 0x08, 0xf9, 0xff, 0xff, //0x00001704 jmp          LBB0_210
	//0x00001709 LBB0_312
	0x48, 0x83, 0xe0, 0xfc, //0x00001709 andq         $-4, %rax
	0x48, 0xf7, 0xd8, //0x0000170d negq         %rax
	0x31, 0xf6, //0x00001710 xorl         %esi, %esi
	0x66, 0x0f, 0xef, 0xc0, //0x00001712 pxor         %xmm0, %xmm0
	//0x00001716 LBB0_313
	0xf3, 0x41, 0x0f, 0x7f, 0x44, 0x30, 0x01, //0x00001716 movdqu       %xmm0, $1(%r8,%rsi)
	0xf3, 0x41, 0x0f, 0x7f, 0x44, 0x30, 0x11, //0x0000171d movdqu       %xmm0, $17(%r8,%rsi)
	0xf3, 0x41, 0x0f, 0x7f, 0x44, 0x30, 0x21, //0x00001724 movdqu       %xmm0, $33(%r8,%rsi)
	0xf3, 0x41, 0x0f, 0x7f, 0x44, 0x30, 0x31, //0x0000172b movdqu       %xmm0, $49(%r8,%rsi)
	0xf3, 0x41, 0x0f, 0x7f, 0x44, 0x30, 0x41, //0x00001732 movdqu       %xmm0, $65(%r8,%rsi)
	0xf3, 0x41, 0x0f, 0x7f, 0x44, 0x30, 0x51, //0x00001739 movdqu       %xmm0, $81(%r8,%rsi)
	0xf3, 0x41, 0x0f, 0x7f, 0x44, 0x30, 0x61, //0x00001740 movdqu       %xmm0, $97(%r8,%rsi)
	0xf3, 0x41, 0x0f, 0x7f, 0x44, 0x30, 0x71, //0x00001747 movdqu       %xmm0, $113(%r8,%rsi)
	0x48, 0x83, 0xee, 0x80, //0x0000174e subq         $-128, %rsi
	0x48, 0x83, 0xc0, 0x04, //0x00001752 addq         $4, %rax
	0x0f, 0x85, 0xba, 0xff, 0xff, 0xff, //0x00001756 jne          LBB0_313
	//0x0000175c LBB0_314
	0x48, 0x85, 0xdb, //0x0000175c testq        %rbx, %rbx
	0x0f, 0x84, 0x28, 0x00, 0x00, 0x00, //0x0000175f je           LBB0_317
	0x48, 0xf7, 0xdb, //0x00001765 negq         %rbx
	0x66, 0x0f, 0xef, 0xc0, //0x00001768 pxor         %xmm0, %xmm0
	//0x0000176c LBB0_316
	0x48, 0x89, 0xf0, //0x0000176c movq         %rsi, %rax
	0x48, 0x83, 0xc8, 0x01, //0x0000176f orq          $1, %rax
	0xf3, 0x41, 0x0f, 0x7f, 0x04, 0x00, //0x00001773 movdqu       %xmm0, (%r8,%rax)
	0xf3, 0x41, 0x0f, 0x7f, 0x44, 0x00, 0x10, //0x00001779 movdqu       %xmm0, $16(%r8,%rax)
	0x48, 0x83, 0xc6, 0x20, //0x00001780 addq         $32, %rsi
	0x48, 0xff, 0xc3, //0x00001784 incq         %rbx
	0x0f, 0x85, 0xdf, 0xff, 0xff, 0xff, //0x00001787 jne          LBB0_316
	//0x0000178d LBB0_317
	0x48, 0x39, 0xd1, //0x0000178d cmpq         %rdx, %rcx
	0x0f, 0x84, 0xfa, 0x00, 0x00, 0x00, //0x00001790 je           LBB0_333
	0xf6, 0xc1, 0x18, //0x00001796 testb        $24, %cl
	0x0f, 0x84, 0xd8, 0x00, 0x00, 0x00, //0x00001799 je           LBB0_331
	//0x0000179f LBB0_319
	0x48, 0x89, 0xce, //0x0000179f movq         %rcx, %rsi
	0x48, 0x83, 0xe6, 0xf8, //0x000017a2 andq         $-8, %rsi
	0x48, 0x8d, 0x46, 0x01, //0x000017a6 leaq         $1(%rsi), %rax
	//0x000017aa LBB0_320
	0x49, 0xc7, 0x44, 0x10, 0x01, 0x00, 0x00, 0x00, 0x00, //0x000017aa movq         $0, $1(%r8,%rdx)
	0x48, 0x83, 0xc2, 0x08, //0x000017b3 addq         $8, %rdx
	0x48, 0x39, 0xd6, //0x000017b7 cmpq         %rdx, %rsi
	0x0f, 0x85, 0xea, 0xff, 0xff, 0xff, //0x000017ba jne          LBB0_320
	0x48, 0x39, 0xf1, //0x000017c0 cmpq         %rsi, %rcx
	0x0f, 0x85, 0xb5, 0x00, 0x00, 0x00, //0x000017c3 jne          LBB0_332
	0xe9, 0xc2, 0x00, 0x00, 0x00, //0x000017c9 jmp          LBB0_333
	//0x000017ce LBB0_322
	0x49, 0x89, 0xf6, //0x000017ce movq         %rsi, %r14
	0xe9, 0x67, 0xfc, 0xff, 0xff, //0x000017d1 jmp          LBB0_281
	//0x000017d6 LBB0_323
	0x49, 0x01, 0xf9, //0x000017d6 addq         %rdi, %r9
	0x48, 0x83, 0xfe, 0x20, //0x000017d9 cmpq         $32, %rsi
	0x0f, 0x82, 0xd1, 0x14, 0x00, 0x00, //0x000017dd jb           LBB0_638
	//0x000017e3 LBB0_324
	0xf3, 0x41, 0x0f, 0x6f, 0x01, //0x000017e3 movdqu       (%r9), %xmm0
	0xf3, 0x41, 0x0f, 0x6f, 0x49, 0x10, //0x000017e8 movdqu       $16(%r9), %xmm1
	0xf3, 0x0f, 0x6f, 0x15, 0x0a, 0xe8, 0xff, 0xff, //0x000017ee movdqu       $-6134(%rip), %xmm2  /* LCPI0_0+0(%rip) */
	0xf3, 0x0f, 0x6f, 0x1d, 0x12, 0xe8, 0xff, 0xff, //0x000017f6 movdqu       $-6126(%rip), %xmm3  /* LCPI0_1+0(%rip) */
	0x66, 0x0f, 0x6f, 0xe0, //0x000017fe movdqa       %xmm0, %xmm4
	0x66, 0x0f, 0x74, 0xe2, //0x00001802 pcmpeqb      %xmm2, %xmm4
	0x66, 0x44, 0x0f, 0xd7, 0xc4, //0x00001806 pmovmskb     %xmm4, %r8d
	0x66, 0x0f, 0x74, 0xd1, //0x0000180b pcmpeqb      %xmm1, %xmm2
	0x66, 0x0f, 0xd7, 0xca, //0x0000180f pmovmskb     %xmm2, %ecx
	0x66, 0x0f, 0x74, 0xc3, //0x00001813 pcmpeqb      %xmm3, %xmm0
	0x66, 0x44, 0x0f, 0xd7, 0xd8, //0x00001817 pmovmskb     %xmm0, %r11d
	0x66, 0x0f, 0x74, 0xcb, //0x0000181c pcmpeqb      %xmm3, %xmm1
	0x66, 0x0f, 0xd7, 0xc1, //0x00001820 pmovmskb     %xmm1, %eax
	0x48, 0xc1, 0xe1, 0x10, //0x00001824 shlq         $16, %rcx
	0x49, 0x09, 0xc8, //0x00001828 orq          %rcx, %r8
	0x48, 0xc1, 0xe0, 0x10, //0x0000182b shlq         $16, %rax
	0x49, 0x09, 0xc3, //0x0000182f orq          %rax, %r11
	0x0f, 0x85, 0x2d, 0x18, 0x00, 0x00, //0x00001832 jne          LBB0_691
	0x4d, 0x85, 0xf6, //0x00001838 testq        %r14, %r14
	0x0f, 0x85, 0x40, 0x18, 0x00, 0x00, //0x0000183b jne          LBB0_693
	0x31, 0xc9, //0x00001841 xorl         %ecx, %ecx
	0x4d, 0x85, 0xc0, //0x00001843 testq        %r8, %r8
	0x0f, 0x84, 0x6f, 0x18, 0x00, 0x00, //0x00001846 je           LBB0_694
	//0x0000184c LBB0_327
	0x49, 0x0f, 0xbc, 0xc0, //0x0000184c bsfq         %r8, %rax
	0x49, 0x29, 0xf9, //0x00001850 subq         %rdi, %r9
	0x4d, 0x8d, 0x34, 0x01, //0x00001853 leaq         (%r9,%rax), %r14
	0x49, 0x83, 0xc6, 0x01, //0x00001857 addq         $1, %r14
	0xe9, 0x4f, 0xf0, 0xff, 0xff, //0x0000185b jmp          LBB0_121
	//0x00001860 LBB0_329
	0x48, 0x89, 0xf0, //0x00001860 movq         %rsi, %rax
	//0x00001863 LBB0_330
	0x45, 0x0f, 0xaf, 0xfb, //0x00001863 imull        %r11d, %r15d
	0x45, 0x01, 0xf7, //0x00001867 addl         %r14d, %r15d
	0x48, 0x89, 0x45, 0x98, //0x0000186a movq         %rax, $-104(%rbp)
	0x4c, 0x8b, 0x5d, 0xb0, //0x0000186e movq         $-80(%rbp), %r11
	0xe9, 0xad, 0xf9, 0xff, 0xff, //0x00001872 jmp          LBB0_251
	//0x00001877 LBB0_331
	0x48, 0x83, 0xca, 0x01, //0x00001877 orq          $1, %rdx
	0x48, 0x89, 0xd0, //0x0000187b movq         %rdx, %rax
	//0x0000187e LBB0_332
	0x41, 0xc6, 0x04, 0x00, 0x00, //0x0000187e movb         $0, (%r8,%rax)
	0x48, 0x83, 0xc0, 0x01, //0x00001883 addq         $1, %rax
	0x49, 0x39, 0xc3, //0x00001887 cmpq         %rax, %r11
	0x0f, 0x85, 0xee, 0xff, 0xff, 0xff, //0x0000188a jne          LBB0_332
	//0x00001890 LBB0_333
	0x48, 0x8b, 0x45, 0xc8, //0x00001890 movq         $-56(%rbp), %rax
	0x8a, 0x10, //0x00001894 movb         (%rax), %dl
	0x31, 0xc9, //0x00001896 xorl         %ecx, %ecx
	0x80, 0xfa, 0x2d, //0x00001898 cmpb         $45, %dl
	0x0f, 0x94, 0xc1, //0x0000189b sete         %cl
	0x31, 0xc0, //0x0000189e xorl         %eax, %eax
	0x49, 0x39, 0xce, //0x000018a0 cmpq         %rcx, %r14
	0x0f, 0x8e, 0xe7, 0x00, 0x00, 0x00, //0x000018a3 jle          LBB0_347
	0x88, 0x55, 0xd7, //0x000018a9 movb         %dl, $-41(%rbp)
	0x4c, 0x89, 0x75, 0xb8, //0x000018ac movq         %r14, $-72(%rbp)
	0x4d, 0x89, 0xd6, //0x000018b0 movq         %r10, %r14
	0x48, 0x8b, 0x55, 0xb8, //0x000018b3 movq         $-72(%rbp), %rdx
	0x4d, 0x29, 0xce, //0x000018b7 subq         %r9, %r14
	0xb3, 0x01, //0x000018ba movb         $1, %bl
	0x31, 0xf6, //0x000018bc xorl         %esi, %esi
	0x48, 0x89, 0x75, 0xc0, //0x000018be movq         %rsi, $-64(%rbp)
	0x45, 0x31, 0xd2, //0x000018c2 xorl         %r10d, %r10d
	0x45, 0x31, 0xed, //0x000018c5 xorl         %r13d, %r13d
	0x31, 0xf6, //0x000018c8 xorl         %esi, %esi
	0xe9, 0x30, 0x00, 0x00, 0x00, //0x000018ca jmp          LBB0_337
	//0x000018cf LBB0_335
	0xbe, 0x01, 0x00, 0x00, 0x00, //0x000018cf movl         $1, %esi
	0x4c, 0x89, 0xf2, //0x000018d4 movq         %r14, %rdx
	0x45, 0x89, 0xee, //0x000018d7 movl         %r13d, %r14d
	0x3c, 0x2e, //0x000018da cmpb         $46, %al
	0x4c, 0x89, 0xf0, //0x000018dc movq         %r14, %rax
	0x49, 0x89, 0xd6, //0x000018df movq         %rdx, %r14
	0x48, 0x8b, 0x55, 0xb8, //0x000018e2 movq         $-72(%rbp), %rdx
	0x0f, 0x85, 0xb7, 0x00, 0x00, 0x00, //0x000018e6 jne          LBB0_349
	//0x000018ec LBB0_336
	0x48, 0x83, 0xc1, 0x01, //0x000018ec addq         $1, %rcx
	0x48, 0x39, 0xd1, //0x000018f0 cmpq         %rdx, %rcx
	0x0f, 0x9c, 0xc3, //0x000018f3 setl         %bl
	0x49, 0x39, 0xce, //0x000018f6 cmpq         %rcx, %r14
	0x0f, 0x84, 0x9b, 0x00, 0x00, 0x00, //0x000018f9 je           LBB0_348
	//0x000018ff LBB0_337
	0x41, 0x89, 0xf4, //0x000018ff movl         %esi, %r12d
	0x41, 0x89, 0xc7, //0x00001902 movl         %eax, %r15d
	0x48, 0x8b, 0x45, 0xc8, //0x00001905 movq         $-56(%rbp), %rax
	0x0f, 0xb6, 0x04, 0x08, //0x00001909 movzbl       (%rax,%rcx), %eax
	0x8d, 0x70, 0xd0, //0x0000190d leal         $-48(%rax), %esi
	0x40, 0x80, 0xfe, 0x09, //0x00001910 cmpb         $9, %sil
	0x0f, 0x87, 0xb5, 0xff, 0xff, 0xff, //0x00001914 ja           LBB0_335
	0x3c, 0x30, //0x0000191a cmpb         $48, %al
	0x0f, 0x85, 0x22, 0x00, 0x00, 0x00, //0x0000191c jne          LBB0_342
	0x45, 0x85, 0xed, //0x00001922 testl        %r13d, %r13d
	0x0f, 0x84, 0x53, 0x00, 0x00, 0x00, //0x00001925 je           LBB0_346
	0x48, 0x63, 0x75, 0xc0, //0x0000192b movslq       $-64(%rbp), %rsi
	0x49, 0x39, 0xf3, //0x0000192f cmpq         %rsi, %r11
	0x0f, 0x87, 0x18, 0x00, 0x00, 0x00, //0x00001932 ja           LBB0_343
	0x44, 0x89, 0xf8, //0x00001938 movl         %r15d, %eax
	0x48, 0x8b, 0x75, 0xc0, //0x0000193b movq         $-64(%rbp), %rsi
	0xe9, 0x1e, 0x00, 0x00, 0x00, //0x0000193f jmp          LBB0_344
	//0x00001944 LBB0_342
	0x49, 0x63, 0xf5, //0x00001944 movslq       %r13d, %rsi
	0x49, 0x39, 0xf3, //0x00001947 cmpq         %rsi, %r11
	0x0f, 0x86, 0x1d, 0x00, 0x00, 0x00, //0x0000194a jbe          LBB0_345
	//0x00001950 LBB0_343
	0x41, 0x88, 0x04, 0x30, //0x00001950 movb         %al, (%r8,%rsi)
	0x48, 0x8b, 0x75, 0xc0, //0x00001954 movq         $-64(%rbp), %rsi
	0x83, 0xc6, 0x01, //0x00001958 addl         $1, %esi
	0x44, 0x89, 0xf8, //0x0000195b movl         %r15d, %eax
	0x48, 0x89, 0x75, 0xc0, //0x0000195e movq         %rsi, $-64(%rbp)
	//0x00001962 LBB0_344
	0x41, 0x89, 0xf5, //0x00001962 movl         %esi, %r13d
	0x44, 0x89, 0xe6, //0x00001965 movl         %r12d, %esi
	0xe9, 0x7f, 0xff, 0xff, 0xff, //0x00001968 jmp          LBB0_336
	//0x0000196d LBB0_345
	0x44, 0x89, 0xf8, //0x0000196d movl         %r15d, %eax
	0x41, 0xba, 0x01, 0x00, 0x00, 0x00, //0x00001970 movl         $1, %r10d
	0x44, 0x89, 0xe6, //0x00001976 movl         %r12d, %esi
	0xe9, 0x6e, 0xff, 0xff, 0xff, //0x00001979 jmp          LBB0_336
	//0x0000197e LBB0_346
	0x41, 0x83, 0xc7, 0xff, //0x0000197e addl         $-1, %r15d
	0x45, 0x31, 0xed, //0x00001982 xorl         %r13d, %r13d
	0x44, 0x89, 0xf8, //0x00001985 movl         %r15d, %eax
	0x44, 0x89, 0xe6, //0x00001988 movl         %r12d, %esi
	0xe9, 0x5c, 0xff, 0xff, 0xff, //0x0000198b jmp          LBB0_336
	//0x00001990 LBB0_347
	0x45, 0x31, 0xc9, //0x00001990 xorl         %r9d, %r9d
	0x31, 0xc9, //0x00001993 xorl         %ecx, %ecx
	0xe9, 0xa7, 0x12, 0x00, 0x00, //0x00001995 jmp          LBB0_631
	//0x0000199a LBB0_348
	0x41, 0x89, 0xc7, //0x0000199a movl         %eax, %r15d
	0x48, 0x89, 0xd1, //0x0000199d movq         %rdx, %rcx
	0x41, 0x89, 0xf4, //0x000019a0 movl         %esi, %r12d
	//0x000019a3 LBB0_349
	0x45, 0x85, 0xe4, //0x000019a3 testl        %r12d, %r12d
	0x4c, 0x8b, 0x65, 0xc0, //0x000019a6 movq         $-64(%rbp), %r12
	0x45, 0x0f, 0x44, 0xfc, //0x000019aa cmovel       %r12d, %r15d
	0xf6, 0xc3, 0x01, //0x000019ae testb        $1, %bl
	0x4c, 0x8b, 0x75, 0x98, //0x000019b1 movq         $-104(%rbp), %r14
	0x49, 0xbd, 0x00, 0x00, 0x00, 0x00, 0x00, 0x00, 0x00, 0x80, //0x000019b5 movabsq      $-9223372036854775808, %r13
	0x0f, 0x84, 0xa1, 0x00, 0x00, 0x00, //0x000019bf je           LBB0_364
	0x89, 0xc8, //0x000019c5 movl         %ecx, %eax
	0x48, 0x8b, 0x5d, 0xc8, //0x000019c7 movq         $-56(%rbp), %rbx
	0x8a, 0x04, 0x03, //0x000019cb movb         (%rbx,%rax), %al
	0x0c, 0x20, //0x000019ce orb          $32, %al
	0x3c, 0x65, //0x000019d0 cmpb         $101, %al
	0x0f, 0x85, 0x8e, 0x00, 0x00, 0x00, //0x000019d2 jne          LBB0_364
	0x89, 0xca, //0x000019d8 movl         %ecx, %edx
	0x8a, 0x5c, 0x13, 0x01, //0x000019da movb         $1(%rbx,%rdx), %bl
	0x80, 0xfb, 0x2d, //0x000019de cmpb         $45, %bl
	0x0f, 0x84, 0x16, 0x00, 0x00, 0x00, //0x000019e1 je           LBB0_354
	0xb8, 0x01, 0x00, 0x00, 0x00, //0x000019e7 movl         $1, %eax
	0x80, 0xfb, 0x2b, //0x000019ec cmpb         $43, %bl
	0x0f, 0x85, 0x17, 0x00, 0x00, 0x00, //0x000019ef jne          LBB0_356
	0x83, 0xc1, 0x02, //0x000019f5 addl         $2, %ecx
	0xe9, 0x08, 0x00, 0x00, 0x00, //0x000019f8 jmp          LBB0_355
	//0x000019fd LBB0_354
	0x83, 0xc1, 0x02, //0x000019fd addl         $2, %ecx
	0xb8, 0xff, 0xff, 0xff, 0xff, //0x00001a00 movl         $-1, %eax
	//0x00001a05 LBB0_355
	0x89, 0xca, //0x00001a05 movl         %ecx, %edx
	0xe9, 0x04, 0x00, 0x00, 0x00, //0x00001a07 jmp          LBB0_357
	//0x00001a0c LBB0_356
	0x48, 0x83, 0xc2, 0x01, //0x00001a0c addq         $1, %rdx
	//0x00001a10 LBB0_357
	0x48, 0x63, 0xd2, //0x00001a10 movslq       %edx, %rdx
	0x31, 0xc9, //0x00001a13 xorl         %ecx, %ecx
	0x48, 0x39, 0x55, 0xb8, //0x00001a15 cmpq         %rdx, $-72(%rbp)
	0x0f, 0x8e, 0x3e, 0x00, 0x00, 0x00, //0x00001a19 jle          LBB0_363
	0x49, 0x01, 0xd1, //0x00001a1f addq         %rdx, %r9
	0x31, 0xc9, //0x00001a22 xorl         %ecx, %ecx
	//0x00001a24 LBB0_359
	0x42, 0x0f, 0xbe, 0x14, 0x0f, //0x00001a24 movsbl       (%rdi,%r9), %edx
	0x83, 0xfa, 0x30, //0x00001a29 cmpl         $48, %edx
	0x0f, 0x8c, 0x2b, 0x00, 0x00, 0x00, //0x00001a2c jl           LBB0_363
	0x80, 0xfa, 0x39, //0x00001a32 cmpb         $57, %dl
	0x0f, 0x8f, 0x22, 0x00, 0x00, 0x00, //0x00001a35 jg           LBB0_363
	0x81, 0xf9, 0x0f, 0x27, 0x00, 0x00, //0x00001a3b cmpl         $9999, %ecx
	0x0f, 0x8f, 0x16, 0x00, 0x00, 0x00, //0x00001a41 jg           LBB0_363
	0x8d, 0x0c, 0x89, //0x00001a47 leal         (%rcx,%rcx,4), %ecx
	0x8d, 0x0c, 0x4a, //0x00001a4a leal         (%rdx,%rcx,2), %ecx
	0x83, 0xc1, 0xd0, //0x00001a4d addl         $-48, %ecx
	0x49, 0x83, 0xc1, 0x01, //0x00001a50 addq         $1, %r9
	0x4d, 0x39, 0xce, //0x00001a54 cmpq         %r9, %r14
	0x0f, 0x85, 0xc7, 0xff, 0xff, 0xff, //0x00001a57 jne          LBB0_359
	//0x00001a5d LBB0_363
	0x0f, 0xaf, 0xc8, //0x00001a5d imull        %eax, %ecx
	0x44, 0x01, 0xf9, //0x00001a60 addl         %r15d, %ecx
	0x41, 0x89, 0xcf, //0x00001a63 movl         %ecx, %r15d
	//0x00001a66 LBB0_364
	0x45, 0x85, 0xe4, //0x00001a66 testl        %r12d, %r12d
	0x0f, 0x84, 0x22, 0x00, 0x00, 0x00, //0x00001a69 je           LBB0_367
	0x41, 0x81, 0xff, 0x36, 0x01, 0x00, 0x00, //0x00001a6f cmpl         $310, %r15d
	0x0f, 0x8e, 0x22, 0x00, 0x00, 0x00, //0x00001a76 jle          LBB0_368
	//0x00001a7c LBB0_366
	0x45, 0x31, 0xc9, //0x00001a7c xorl         %r9d, %r9d
	0x48, 0xb9, 0x00, 0x00, 0x00, 0x00, 0x00, 0x00, 0xf0, 0x7f, //0x00001a7f movabsq      $9218868437227405312, %rcx
	0x8a, 0x55, 0xd7, //0x00001a89 movb         $-41(%rbp), %dl
	0xe9, 0xb0, 0x11, 0x00, 0x00, //0x00001a8c jmp          LBB0_631
	//0x00001a91 LBB0_367
	0x31, 0xc9, //0x00001a91 xorl         %ecx, %ecx
	0x45, 0x31, 0xc9, //0x00001a93 xorl         %r9d, %r9d
	0x8a, 0x55, 0xd7, //0x00001a96 movb         $-41(%rbp), %dl
	0xe9, 0xa3, 0x11, 0x00, 0x00, //0x00001a99 jmp          LBB0_631
	//0x00001a9e LBB0_368
	0x45, 0x31, 0xc9, //0x00001a9e xorl         %r9d, %r9d
	0x41, 0x81, 0xff, 0xb6, 0xfe, 0xff, 0xff, //0x00001aa1 cmpl         $-330, %r15d
	0x0f, 0x8d, 0x0a, 0x00, 0x00, 0x00, //0x00001aa8 jge          LBB0_370
	0x31, 0xc9, //0x00001aae xorl         %ecx, %ecx
	0x8a, 0x55, 0xd7, //0x00001ab0 movb         $-41(%rbp), %dl
	0xe9, 0x89, 0x11, 0x00, 0x00, //0x00001ab3 jmp          LBB0_631
	//0x00001ab8 LBB0_370
	0x4c, 0x89, 0xf8, //0x00001ab8 movq         %r15, %rax
	0x45, 0x85, 0xff, //0x00001abb testl        %r15d, %r15d
	0x0f, 0x8e, 0x24, 0x02, 0x00, 0x00, //0x00001abe jle          LBB0_404
	0x31, 0xdb, //0x00001ac4 xorl         %ebx, %ebx
	0x44, 0x89, 0xe7, //0x00001ac6 movl         %r12d, %edi
	0x45, 0x89, 0xe7, //0x00001ac9 movl         %r12d, %r15d
	0xe9, 0x19, 0x00, 0x00, 0x00, //0x00001acc jmp          LBB0_375
	//0x00001ad1 LBB0_372
	0x45, 0x31, 0xe4, //0x00001ad1 xorl         %r12d, %r12d
	0x31, 0xff, //0x00001ad4 xorl         %edi, %edi
	//0x00001ad6 LBB0_373
	0x45, 0x31, 0xff, //0x00001ad6 xorl         %r15d, %r15d
	//0x00001ad9 LBB0_374
	0x41, 0x01, 0xd9, //0x00001ad9 addl         %ebx, %r9d
	0x44, 0x89, 0xcb, //0x00001adc movl         %r9d, %ebx
	0x4c, 0x89, 0xf0, //0x00001adf movq         %r14, %rax
	0x85, 0xc0, //0x00001ae2 testl        %eax, %eax
	0x0f, 0x8e, 0x01, 0x02, 0x00, 0x00, //0x00001ae4 jle          LBB0_405
	//0x00001aea LBB0_375
	0x83, 0xf8, 0x08, //0x00001aea cmpl         $8, %eax
	0x0f, 0x8e, 0x0e, 0x00, 0x00, 0x00, //0x00001aed jle          LBB0_377
	0x49, 0x89, 0xc6, //0x00001af3 movq         %rax, %r14
	0x41, 0xb9, 0x1b, 0x00, 0x00, 0x00, //0x00001af6 movl         $27, %r9d
	0xe9, 0x10, 0x00, 0x00, 0x00, //0x00001afc jmp          LBB0_378
	//0x00001b01 LBB0_377
	0x49, 0x89, 0xc6, //0x00001b01 movq         %rax, %r14
	0x89, 0xc0, //0x00001b04 movl         %eax, %eax
	0x48, 0x8d, 0x0d, 0xa3, 0x4c, 0x00, 0x00, //0x00001b06 leaq         $19619(%rip), %rcx  /* _POW_TAB+0(%rip) */
	0x44, 0x8b, 0x0c, 0x81, //0x00001b0d movl         (%rcx,%rax,4), %r9d
	//0x00001b11 LBB0_378
	0x45, 0x85, 0xff, //0x00001b11 testl        %r15d, %r15d
	0x0f, 0x84, 0xbc, 0xff, 0xff, 0xff, //0x00001b14 je           LBB0_373
	0x44, 0x89, 0xc9, //0x00001b1a movl         %r9d, %ecx
	0x45, 0x85, 0xff, //0x00001b1d testl        %r15d, %r15d
	0xbe, 0x00, 0x00, 0x00, 0x00, //0x00001b20 movl         $0, %esi
	0x41, 0x0f, 0x4f, 0xf7, //0x00001b25 cmovgl       %r15d, %esi
	0x31, 0xc0, //0x00001b29 xorl         %eax, %eax
	0x31, 0xd2, //0x00001b2b xorl         %edx, %edx
	//0x00001b2d LBB0_380
	0x48, 0x39, 0xc6, //0x00001b2d cmpq         %rax, %rsi
	0x0f, 0x84, 0xb4, 0x00, 0x00, 0x00, //0x00001b30 je           LBB0_388
	0x48, 0x8d, 0x14, 0x92, //0x00001b36 leaq         (%rdx,%rdx,4), %rdx
	0x49, 0x0f, 0xbe, 0x3c, 0x00, //0x00001b3a movsbq       (%r8,%rax), %rdi
	0x48, 0x8d, 0x14, 0x57, //0x00001b3f leaq         (%rdi,%rdx,2), %rdx
	0x48, 0x83, 0xc2, 0xd0, //0x00001b43 addq         $-48, %rdx
	0x48, 0x83, 0xc0, 0x01, //0x00001b47 addq         $1, %rax
	0x48, 0x89, 0xd7, //0x00001b4b movq         %rdx, %rdi
	0x48, 0xd3, 0xef, //0x00001b4e shrq         %cl, %rdi
	0x48, 0x85, 0xff, //0x00001b51 testq        %rdi, %rdi
	0x0f, 0x84, 0xd3, 0xff, 0xff, 0xff, //0x00001b54 je           LBB0_380
	0x4c, 0x89, 0x4d, 0xa0, //0x00001b5a movq         %r9, $-96(%rbp)
	0x89, 0xc6, //0x00001b5e movl         %eax, %esi
	//0x00001b60 LBB0_383
	0x49, 0xc7, 0xc1, 0xff, 0xff, 0xff, 0xff, //0x00001b60 movq         $-1, %r9
	0x49, 0xd3, 0xe1, //0x00001b67 shlq         %cl, %r9
	0x49, 0xf7, 0xd1, //0x00001b6a notq         %r9
	0x31, 0xff, //0x00001b6d xorl         %edi, %edi
	0x44, 0x39, 0xfe, //0x00001b6f cmpl         %r15d, %esi
	0x0f, 0x8d, 0x58, 0x00, 0x00, 0x00, //0x00001b72 jge          LBB0_387
	0x48, 0x89, 0x5d, 0xc8, //0x00001b78 movq         %rbx, $-56(%rbp)
	0x4c, 0x63, 0xee, //0x00001b7c movslq       %esi, %r13
	0x4d, 0x63, 0xfc, //0x00001b7f movslq       %r12d, %r15
	0x4f, 0x8d, 0x1c, 0x28, //0x00001b82 leaq         (%r8,%r13), %r11
	0x31, 0xff, //0x00001b86 xorl         %edi, %edi
	//0x00001b88 LBB0_385
	0x48, 0x89, 0xd3, //0x00001b88 movq         %rdx, %rbx
	0x48, 0xd3, 0xeb, //0x00001b8b shrq         %cl, %rbx
	0x4c, 0x21, 0xca, //0x00001b8e andq         %r9, %rdx
	0x80, 0xc3, 0x30, //0x00001b91 addb         $48, %bl
	0x41, 0x88, 0x1c, 0x38, //0x00001b94 movb         %bl, (%r8,%rdi)
	0x49, 0x0f, 0xbe, 0x1c, 0x3b, //0x00001b98 movsbq       (%r11,%rdi), %rbx
	0x4a, 0x8d, 0x04, 0x2f, //0x00001b9d leaq         (%rdi,%r13), %rax
	0x48, 0x83, 0xc0, 0x01, //0x00001ba1 addq         $1, %rax
	0x48, 0x83, 0xc7, 0x01, //0x00001ba5 addq         $1, %rdi
	0x48, 0x8d, 0x14, 0x92, //0x00001ba9 leaq         (%rdx,%rdx,4), %rdx
	0x48, 0x8d, 0x14, 0x53, //0x00001bad leaq         (%rbx,%rdx,2), %rdx
	0x48, 0x83, 0xc2, 0xd0, //0x00001bb1 addq         $-48, %rdx
	0x4c, 0x39, 0xf8, //0x00001bb5 cmpq         %r15, %rax
	0x0f, 0x8c, 0xca, 0xff, 0xff, 0xff, //0x00001bb8 jl           LBB0_385
	0x4c, 0x8b, 0x5d, 0xb0, //0x00001bbe movq         $-80(%rbp), %r11
	0x49, 0xbd, 0x00, 0x00, 0x00, 0x00, 0x00, 0x00, 0x00, 0x80, //0x00001bc2 movabsq      $-9223372036854775808, %r13
	0x48, 0x8b, 0x5d, 0xc8, //0x00001bcc movq         $-56(%rbp), %rbx
	//0x00001bd0 LBB0_387
	0x41, 0x29, 0xf6, //0x00001bd0 subl         %esi, %r14d
	0x41, 0x83, 0xc6, 0x01, //0x00001bd3 addl         $1, %r14d
	0x48, 0x85, 0xd2, //0x00001bd7 testq        %rdx, %rdx
	0xb8, 0x01, 0x00, 0x00, 0x00, //0x00001bda movl         $1, %eax
	0x0f, 0x85, 0x3c, 0x00, 0x00, 0x00, //0x00001bdf jne          LBB0_391
	0xe9, 0x8b, 0x00, 0x00, 0x00, //0x00001be5 jmp          LBB0_396
	//0x00001bea LBB0_388
	0x48, 0x85, 0xd2, //0x00001bea testq        %rdx, %rdx
	0x0f, 0x84, 0xde, 0xfe, 0xff, 0xff, //0x00001bed je           LBB0_372
	0x4c, 0x89, 0x4d, 0xa0, //0x00001bf3 movq         %r9, $-96(%rbp)
	0x48, 0x89, 0xd0, //0x00001bf7 movq         %rdx, %rax
	0x48, 0xd3, 0xe8, //0x00001bfa shrq         %cl, %rax
	0x48, 0x85, 0xc0, //0x00001bfd testq        %rax, %rax
	0x0f, 0x84, 0xa4, 0x00, 0x00, 0x00, //0x00001c00 je           LBB0_400
	0x49, 0xc7, 0xc1, 0xff, 0xff, 0xff, 0xff, //0x00001c06 movq         $-1, %r9
	0x49, 0xd3, 0xe1, //0x00001c0d shlq         %cl, %r9
	0x49, 0xf7, 0xd1, //0x00001c10 notq         %r9
	0x41, 0x29, 0xf6, //0x00001c13 subl         %esi, %r14d
	0x41, 0x83, 0xc6, 0x01, //0x00001c16 addl         $1, %r14d
	0x31, 0xff, //0x00001c1a xorl         %edi, %edi
	0xb8, 0x01, 0x00, 0x00, 0x00, //0x00001c1c movl         $1, %eax
	//0x00001c21 LBB0_391
	0x49, 0x89, 0xdf, //0x00001c21 movq         %rbx, %r15
	0xe9, 0x17, 0x00, 0x00, 0x00, //0x00001c24 jmp          LBB0_393
	//0x00001c29 LBB0_392
	0x48, 0x85, 0xf6, //0x00001c29 testq        %rsi, %rsi
	0x44, 0x0f, 0x45, 0xd0, //0x00001c2c cmovnel      %eax, %r10d
	0x48, 0x01, 0xd2, //0x00001c30 addq         %rdx, %rdx
	0x48, 0x8d, 0x14, 0x92, //0x00001c33 leaq         (%rdx,%rdx,4), %rdx
	0x48, 0x85, 0xd2, //0x00001c37 testq        %rdx, %rdx
	0x0f, 0x84, 0x32, 0x00, 0x00, 0x00, //0x00001c3a je           LBB0_395
	//0x00001c40 LBB0_393
	0x48, 0x89, 0xd6, //0x00001c40 movq         %rdx, %rsi
	0x48, 0xd3, 0xee, //0x00001c43 shrq         %cl, %rsi
	0x4c, 0x21, 0xca, //0x00001c46 andq         %r9, %rdx
	0x48, 0x63, 0xdf, //0x00001c49 movslq       %edi, %rbx
	0x49, 0x39, 0xdb, //0x00001c4c cmpq         %rbx, %r11
	0x0f, 0x86, 0xd4, 0xff, 0xff, 0xff, //0x00001c4f jbe          LBB0_392
	0x40, 0x80, 0xc6, 0x30, //0x00001c55 addb         $48, %sil
	0x41, 0x88, 0x34, 0x18, //0x00001c59 movb         %sil, (%r8,%rbx)
	0x83, 0xc3, 0x01, //0x00001c5d addl         $1, %ebx
	0x89, 0xdf, //0x00001c60 movl         %ebx, %edi
	0x48, 0x01, 0xd2, //0x00001c62 addq         %rdx, %rdx
	0x48, 0x8d, 0x14, 0x92, //0x00001c65 leaq         (%rdx,%rdx,4), %rdx
	0x48, 0x85, 0xd2, //0x00001c69 testq        %rdx, %rdx
	0x0f, 0x85, 0xce, 0xff, 0xff, 0xff, //0x00001c6c jne          LBB0_393
	//0x00001c72 LBB0_395
	0x4c, 0x89, 0xfb, //0x00001c72 movq         %r15, %rbx
	//0x00001c75 LBB0_396
	0x85, 0xff, //0x00001c75 testl        %edi, %edi
	0x4c, 0x8b, 0x4d, 0xa0, //0x00001c77 movq         $-96(%rbp), %r9
	0x0f, 0x8e, 0x47, 0x00, 0x00, 0x00, //0x00001c7b jle          LBB0_401
	0x89, 0xf8, //0x00001c81 movl         %edi, %eax
	0x48, 0x83, 0xc0, 0x01, //0x00001c83 addq         $1, %rax
	//0x00001c87 LBB0_398
	0x8d, 0x4f, 0xff, //0x00001c87 leal         $-1(%rdi), %ecx
	0x41, 0x80, 0x3c, 0x08, 0x30, //0x00001c8a cmpb         $48, (%r8,%rcx)
	0x0f, 0x85, 0x39, 0x00, 0x00, 0x00, //0x00001c8f jne          LBB0_402
	0x48, 0x83, 0xc0, 0xff, //0x00001c95 addq         $-1, %rax
	0x89, 0xcf, //0x00001c99 movl         %ecx, %edi
	0x48, 0x83, 0xf8, 0x01, //0x00001c9b cmpq         $1, %rax
	0x0f, 0x8f, 0xe2, 0xff, 0xff, 0xff, //0x00001c9f jg           LBB0_398
	0xe9, 0x2f, 0x00, 0x00, 0x00, //0x00001ca5 jmp          LBB0_403
	//0x00001caa LBB0_400
	0x48, 0x01, 0xd2, //0x00001caa addq         %rdx, %rdx
	0x48, 0x8d, 0x14, 0x92, //0x00001cad leaq         (%rdx,%rdx,4), %rdx
	0x83, 0xc6, 0x01, //0x00001cb1 addl         $1, %esi
	0x48, 0x89, 0xd0, //0x00001cb4 movq         %rdx, %rax
	0x48, 0xd3, 0xe8, //0x00001cb7 shrq         %cl, %rax
	0x48, 0x85, 0xc0, //0x00001cba testq        %rax, %rax
	0x0f, 0x84, 0xe7, 0xff, 0xff, 0xff, //0x00001cbd je           LBB0_400
	0xe9, 0x98, 0xfe, 0xff, 0xff, //0x00001cc3 jmp          LBB0_383
	//0x00001cc8 LBB0_401
	0x0f, 0x84, 0x0b, 0x00, 0x00, 0x00, //0x00001cc8 je           LBB0_403
	//0x00001cce LBB0_402
	0x41, 0x89, 0xfc, //0x00001cce movl         %edi, %r12d
	0x41, 0x89, 0xff, //0x00001cd1 movl         %edi, %r15d
	0xe9, 0x00, 0xfe, 0xff, 0xff, //0x00001cd4 jmp          LBB0_374
	//0x00001cd9 LBB0_403
	0x41, 0x01, 0xd9, //0x00001cd9 addl         %ebx, %r9d
	0x31, 0xc0, //0x00001cdc xorl         %eax, %eax
	0x45, 0x31, 0xe4, //0x00001cde xorl         %r12d, %r12d
	0x31, 0xff, //0x00001ce1 xorl         %edi, %edi
	0xe9, 0x03, 0x00, 0x00, 0x00, //0x00001ce3 jmp          LBB0_405
	//0x00001ce8 LBB0_404
	0x44, 0x89, 0xe7, //0x00001ce8 movl         %r12d, %edi
	//0x00001ceb LBB0_405
	0x48, 0x89, 0x45, 0xc8, //0x00001ceb movq         %rax, $-56(%rbp)
	0x49, 0xbe, 0xff, 0xff, 0xff, 0xff, 0xff, 0xff, 0xff, 0x0f, //0x00001cef movabsq      $1152921504606846975, %r14
	0x49, 0x8d, 0x40, 0x01, //0x00001cf9 leaq         $1(%r8), %rax
	0x48, 0x89, 0x45, 0x88, //0x00001cfd movq         %rax, $-120(%rbp)
	0x41, 0x89, 0xff, //0x00001d01 movl         %edi, %r15d
	0xe9, 0x06, 0x00, 0x00, 0x00, //0x00001d04 jmp          LBB0_407
	//0x00001d09 LBB0_406
	0x45, 0x31, 0xff, //0x00001d09 xorl         %r15d, %r15d
	0x41, 0x29, 0xc9, //0x00001d0c subl         %ecx, %r9d
	//0x00001d0f LBB0_407
	0x48, 0x8b, 0x45, 0xc8, //0x00001d0f movq         $-56(%rbp), %rax
	0x85, 0xc0, //0x00001d13 testl        %eax, %eax
	0x0f, 0x88, 0x15, 0x00, 0x00, 0x00, //0x00001d15 js           LBB0_410
	0x0f, 0x85, 0x1e, 0x07, 0x00, 0x00, //0x00001d1b jne          LBB0_508
	0x41, 0x80, 0x38, 0x35, //0x00001d21 cmpb         $53, (%r8)
	0x0f, 0x8c, 0x23, 0x00, 0x00, 0x00, //0x00001d25 jl           LBB0_413
	0xe9, 0x0f, 0x07, 0x00, 0x00, //0x00001d2b jmp          LBB0_508
	//0x00001d30 LBB0_410
	0x83, 0xf8, 0xf8, //0x00001d30 cmpl         $-8, %eax
	0x0f, 0x8d, 0x15, 0x00, 0x00, 0x00, //0x00001d33 jge          LBB0_413
	0xb9, 0x1b, 0x00, 0x00, 0x00, //0x00001d39 movl         $27, %ecx
	0x85, 0xff, //0x00001d3e testl        %edi, %edi
	0x0f, 0x84, 0x7a, 0x05, 0x00, 0x00, //0x00001d40 je           LBB0_484
	0x41, 0x89, 0xff, //0x00001d46 movl         %edi, %r15d
	0xe9, 0x19, 0x00, 0x00, 0x00, //0x00001d49 jmp          LBB0_414
	//0x00001d4e LBB0_413
	0x48, 0x8b, 0x45, 0xc8, //0x00001d4e movq         $-56(%rbp), %rax
	0xf7, 0xd8, //0x00001d52 negl         %eax
	0x48, 0x8d, 0x0d, 0x55, 0x4a, 0x00, 0x00, //0x00001d54 leaq         $19029(%rip), %rcx  /* _POW_TAB+0(%rip) */
	0x8b, 0x0c, 0x81, //0x00001d5b movl         (%rcx,%rax,4), %ecx
	0x45, 0x85, 0xff, //0x00001d5e testl        %r15d, %r15d
	0x0f, 0x84, 0xa2, 0xff, 0xff, 0xff, //0x00001d61 je           LBB0_406
	//0x00001d67 LBB0_414
	0x89, 0x4d, 0xb8, //0x00001d67 movl         %ecx, $-72(%rbp)
	0x89, 0xc9, //0x00001d6a movl         %ecx, %ecx
	0x48, 0x6b, 0xc1, 0x68, //0x00001d6c imulq        $104, %rcx, %rax
	0x48, 0x8d, 0x35, 0x69, 0x4a, 0x00, 0x00, //0x00001d70 leaq         $19049(%rip), %rsi  /* _LSHIFT_TAB+0(%rip) */
	0x8b, 0x14, 0x30, //0x00001d77 movl         (%rax,%rsi), %edx
	0x48, 0x89, 0x55, 0xc0, //0x00001d7a movq         %rdx, $-64(%rbp)
	0x49, 0x63, 0xd7, //0x00001d7e movslq       %r15d, %rdx
	0x48, 0x01, 0xc6, //0x00001d81 addq         %rax, %rsi
	0x48, 0x83, 0xc6, 0x04, //0x00001d84 addq         $4, %rsi
	0x31, 0xff, //0x00001d88 xorl         %edi, %edi
	//0x00001d8a LBB0_415
	0x0f, 0xb6, 0x1c, 0x3e, //0x00001d8a movzbl       (%rsi,%rdi), %ebx
	0x84, 0xdb, //0x00001d8e testb        %bl, %bl
	0x0f, 0x84, 0x3a, 0x00, 0x00, 0x00, //0x00001d90 je           LBB0_420
	0x41, 0x38, 0x1c, 0x38, //0x00001d96 cmpb         %bl, (%r8,%rdi)
	0x0f, 0x85, 0x14, 0x01, 0x00, 0x00, //0x00001d9a jne          LBB0_429
	0x48, 0x83, 0xc7, 0x01, //0x00001da0 addq         $1, %rdi
	0x48, 0x39, 0xfa, //0x00001da4 cmpq         %rdi, %rdx
	0x0f, 0x85, 0xdd, 0xff, 0xff, 0xff, //0x00001da7 jne          LBB0_415
	0x44, 0x89, 0xfa, //0x00001dad movl         %r15d, %edx
	0x48, 0x8d, 0x35, 0x29, 0x4a, 0x00, 0x00, //0x00001db0 leaq         $18985(%rip), %rsi  /* _LSHIFT_TAB+0(%rip) */
	0x48, 0x01, 0xf0, //0x00001db7 addq         %rsi, %rax
	0x80, 0x7c, 0x02, 0x04, 0x00, //0x00001dba cmpb         $0, $4(%rdx,%rax)
	0x0f, 0x84, 0x0b, 0x00, 0x00, 0x00, //0x00001dbf je           LBB0_420
	//0x00001dc5 LBB0_419
	0x48, 0x8b, 0x45, 0xc0, //0x00001dc5 movq         $-64(%rbp), %rax
	0x83, 0xc0, 0xff, //0x00001dc9 addl         $-1, %eax
	0x48, 0x89, 0x45, 0xc0, //0x00001dcc movq         %rax, $-64(%rbp)
	//0x00001dd0 LBB0_420
	0x45, 0x85, 0xff, //0x00001dd0 testl        %r15d, %r15d
	0x4c, 0x89, 0x4d, 0xa0, //0x00001dd3 movq         %r9, $-96(%rbp)
	0x0f, 0x8e, 0xc9, 0x00, 0x00, 0x00, //0x00001dd7 jle          LBB0_428
	0x48, 0x8b, 0x45, 0xc0, //0x00001ddd movq         $-64(%rbp), %rax
	0x44, 0x01, 0xf8, //0x00001de1 addl         %r15d, %eax
	0x44, 0x89, 0xfb, //0x00001de4 movl         %r15d, %ebx
	0x48, 0x98, //0x00001de7 cltq
	0x49, 0x89, 0xc1, //0x00001de9 movq         %rax, %r9
	0x49, 0xc1, 0xe1, 0x20, //0x00001dec shlq         $32, %r9
	0x48, 0x83, 0xc0, 0xff, //0x00001df0 addq         $-1, %rax
	0x48, 0x83, 0xc3, 0x01, //0x00001df4 addq         $1, %rbx
	0x41, 0x83, 0xc7, 0xff, //0x00001df8 addl         $-1, %r15d
	0x31, 0xf6, //0x00001dfc xorl         %esi, %esi
	0xe9, 0x2f, 0x00, 0x00, 0x00, //0x00001dfe jmp          LBB0_424
	//0x00001e03 LBB0_422
	0x48, 0x85, 0xc0, //0x00001e03 testq        %rax, %rax
	0xb8, 0x01, 0x00, 0x00, 0x00, //0x00001e06 movl         $1, %eax
	0x44, 0x0f, 0x45, 0xd0, //0x00001e0b cmovnel      %eax, %r10d
	//0x00001e0f LBB0_423
	0x48, 0xb8, 0x00, 0x00, 0x00, 0x00, 0xff, 0xff, 0xff, 0xff, //0x00001e0f movabsq      $-4294967296, %rax
	0x49, 0x01, 0xc1, //0x00001e19 addq         %rax, %r9
	0x49, 0x8d, 0x45, 0xff, //0x00001e1c leaq         $-1(%r13), %rax
	0x48, 0x83, 0xc3, 0xff, //0x00001e20 addq         $-1, %rbx
	0x41, 0x83, 0xc7, 0xff, //0x00001e24 addl         $-1, %r15d
	0x48, 0x83, 0xfb, 0x01, //0x00001e28 cmpq         $1, %rbx
	0x0f, 0x8e, 0x4e, 0x00, 0x00, 0x00, //0x00001e2c jle          LBB0_426
	//0x00001e32 LBB0_424
	0x49, 0x89, 0xc5, //0x00001e32 movq         %rax, %r13
	0x44, 0x89, 0xf8, //0x00001e35 movl         %r15d, %eax
	0x49, 0x0f, 0xbe, 0x3c, 0x00, //0x00001e38 movsbq       (%r8,%rax), %rdi
	0x48, 0x83, 0xc7, 0xd0, //0x00001e3d addq         $-48, %rdi
	0x48, 0xd3, 0xe7, //0x00001e41 shlq         %cl, %rdi
	0x48, 0x01, 0xf7, //0x00001e44 addq         %rsi, %rdi
	0x48, 0x89, 0xf8, //0x00001e47 movq         %rdi, %rax
	0x48, 0xba, 0xcd, 0xcc, 0xcc, 0xcc, 0xcc, 0xcc, 0xcc, 0xcc, //0x00001e4a movabsq      $-3689348814741910323, %rdx
	0x48, 0xf7, 0xe2, //0x00001e54 mulq         %rdx
	0x48, 0x89, 0xd6, //0x00001e57 movq         %rdx, %rsi
	0x48, 0xc1, 0xee, 0x03, //0x00001e5a shrq         $3, %rsi
	0x48, 0x8d, 0x04, 0x36, //0x00001e5e leaq         (%rsi,%rsi), %rax
	0x48, 0x8d, 0x14, 0x80, //0x00001e62 leaq         (%rax,%rax,4), %rdx
	0x48, 0x89, 0xf8, //0x00001e66 movq         %rdi, %rax
	0x48, 0x29, 0xd0, //0x00001e69 subq         %rdx, %rax
	0x4d, 0x39, 0xdd, //0x00001e6c cmpq         %r11, %r13
	0x0f, 0x83, 0x8e, 0xff, 0xff, 0xff, //0x00001e6f jae          LBB0_422
	0x04, 0x30, //0x00001e75 addb         $48, %al
	0x43, 0x88, 0x04, 0x28, //0x00001e77 movb         %al, (%r8,%r13)
	0xe9, 0x8f, 0xff, 0xff, 0xff, //0x00001e7b jmp          LBB0_423
	//0x00001e80 LBB0_426
	0x48, 0x83, 0xff, 0x0a, //0x00001e80 cmpq         $10, %rdi
	0x4c, 0x8b, 0x7d, 0xc8, //0x00001e84 movq         $-56(%rbp), %r15
	0x4c, 0x8b, 0x4d, 0xa0, //0x00001e88 movq         $-96(%rbp), %r9
	0xbb, 0x01, 0x00, 0x00, 0x00, //0x00001e8c movl         $1, %ebx
	0x0f, 0x83, 0x28, 0x00, 0x00, 0x00, //0x00001e91 jae          LBB0_430
	0x49, 0xbd, 0x00, 0x00, 0x00, 0x00, 0x00, 0x00, 0x00, 0x80, //0x00001e97 movabsq      $-9223372036854775808, %r13
	0xe9, 0x89, 0x00, 0x00, 0x00, //0x00001ea1 jmp          LBB0_434
	//0x00001ea6 LBB0_428
	0x4c, 0x8b, 0x7d, 0xc8, //0x00001ea6 movq         $-56(%rbp), %r15
	0xbb, 0x01, 0x00, 0x00, 0x00, //0x00001eaa movl         $1, %ebx
	0xe9, 0x7b, 0x00, 0x00, 0x00, //0x00001eaf jmp          LBB0_434
	//0x00001eb4 LBB0_429
	0x0f, 0x8c, 0x0b, 0xff, 0xff, 0xff, //0x00001eb4 jl           LBB0_419
	0xe9, 0x11, 0xff, 0xff, 0xff, //0x00001eba jmp          LBB0_420
	//0x00001ebf LBB0_430
	0x49, 0x63, 0xcd, //0x00001ebf movslq       %r13d, %rcx
	0x48, 0x83, 0xc1, 0xff, //0x00001ec2 addq         $-1, %rcx
	0x49, 0xbd, 0x00, 0x00, 0x00, 0x00, 0x00, 0x00, 0x00, 0x80, //0x00001ec6 movabsq      $-9223372036854775808, %r13
	0xe9, 0x18, 0x00, 0x00, 0x00, //0x00001ed0 jmp          LBB0_432
	//0x00001ed5 LBB0_431
	0x48, 0x85, 0xc0, //0x00001ed5 testq        %rax, %rax
	0x44, 0x0f, 0x45, 0xd3, //0x00001ed8 cmovnel      %ebx, %r10d
	0x48, 0x83, 0xc1, 0xff, //0x00001edc addq         $-1, %rcx
	0x48, 0x83, 0xfe, 0x09, //0x00001ee0 cmpq         $9, %rsi
	0x48, 0x89, 0xd6, //0x00001ee4 movq         %rdx, %rsi
	0x0f, 0x86, 0x42, 0x00, 0x00, 0x00, //0x00001ee7 jbe          LBB0_434
	//0x00001eed LBB0_432
	0x48, 0x89, 0xf0, //0x00001eed movq         %rsi, %rax
	0x48, 0xba, 0xcd, 0xcc, 0xcc, 0xcc, 0xcc, 0xcc, 0xcc, 0xcc, //0x00001ef0 movabsq      $-3689348814741910323, %rdx
	0x48, 0xf7, 0xe2, //0x00001efa mulq         %rdx
	0x48, 0xc1, 0xea, 0x03, //0x00001efd shrq         $3, %rdx
	0x48, 0x8d, 0x04, 0x12, //0x00001f01 leaq         (%rdx,%rdx), %rax
	0x48, 0x8d, 0x3c, 0x80, //0x00001f05 leaq         (%rax,%rax,4), %rdi
	0x48, 0x89, 0xf0, //0x00001f09 movq         %rsi, %rax
	0x48, 0x29, 0xf8, //0x00001f0c subq         %rdi, %rax
	0x4c, 0x39, 0xd9, //0x00001f0f cmpq         %r11, %rcx
	0x0f, 0x83, 0xbd, 0xff, 0xff, 0xff, //0x00001f12 jae          LBB0_431
	0x04, 0x30, //0x00001f18 addb         $48, %al
	0x41, 0x88, 0x04, 0x08, //0x00001f1a movb         %al, (%r8,%rcx)
	0x48, 0x83, 0xc1, 0xff, //0x00001f1e addq         $-1, %rcx
	0x48, 0x83, 0xfe, 0x09, //0x00001f22 cmpq         $9, %rsi
	0x48, 0x89, 0xd6, //0x00001f26 movq         %rdx, %rsi
	0x0f, 0x87, 0xbe, 0xff, 0xff, 0xff, //0x00001f29 ja           LBB0_432
	//0x00001f2f LBB0_434
	0x48, 0x8b, 0x45, 0xc0, //0x00001f2f movq         $-64(%rbp), %rax
	0x41, 0x01, 0xc4, //0x00001f33 addl         %eax, %r12d
	0x4d, 0x63, 0xe4, //0x00001f36 movslq       %r12d, %r12
	0x4d, 0x39, 0xe3, //0x00001f39 cmpq         %r12, %r11
	0x45, 0x0f, 0x46, 0xe3, //0x00001f3c cmovbel      %r11d, %r12d
	0x41, 0x01, 0xc7, //0x00001f40 addl         %eax, %r15d
	0x45, 0x85, 0xe4, //0x00001f43 testl        %r12d, %r12d
	0x0f, 0x8e, 0x3a, 0x00, 0x00, 0x00, //0x00001f46 jle          LBB0_439
	0x41, 0x8d, 0x44, 0x24, 0xff, //0x00001f4c leal         $-1(%r12), %eax
	0x41, 0x80, 0x3c, 0x00, 0x30, //0x00001f51 cmpb         $48, (%r8,%rax)
	0x8b, 0x4d, 0xb8, //0x00001f56 movl         $-72(%rbp), %ecx
	0x0f, 0x85, 0x36, 0x00, 0x00, 0x00, //0x00001f59 jne          LBB0_441
	0x44, 0x89, 0xe0, //0x00001f5f movl         %r12d, %eax
	//0x00001f62 LBB0_437
	0x48, 0x83, 0xf8, 0x01, //0x00001f62 cmpq         $1, %rax
	0x0f, 0x8e, 0x23, 0x00, 0x00, 0x00, //0x00001f66 jle          LBB0_440
	0x4c, 0x8d, 0x60, 0xff, //0x00001f6c leaq         $-1(%rax), %r12
	0x83, 0xc0, 0xfe, //0x00001f70 addl         $-2, %eax
	0x41, 0x80, 0x3c, 0x00, 0x30, //0x00001f73 cmpb         $48, (%r8,%rax)
	0x4c, 0x89, 0xe0, //0x00001f78 movq         %r12, %rax
	0x0f, 0x84, 0xe1, 0xff, 0xff, 0xff, //0x00001f7b je           LBB0_437
	0xe9, 0x0f, 0x00, 0x00, 0x00, //0x00001f81 jmp          LBB0_441
	//0x00001f86 LBB0_439
	0x8b, 0x4d, 0xb8, //0x00001f86 movl         $-72(%rbp), %ecx
	0x0f, 0x85, 0x06, 0x00, 0x00, 0x00, //0x00001f89 jne          LBB0_441
	//0x00001f8f LBB0_440
	0x45, 0x31, 0xff, //0x00001f8f xorl         %r15d, %r15d
	0x45, 0x31, 0xe4, //0x00001f92 xorl         %r12d, %r12d
	//0x00001f95 LBB0_441
	0x85, 0xc9, //0x00001f95 testl        %ecx, %ecx
	0x0f, 0x88, 0x12, 0x00, 0x00, 0x00, //0x00001f97 js           LBB0_443
	0x4c, 0x89, 0x7d, 0xc8, //0x00001f9d movq         %r15, $-56(%rbp)
	0x44, 0x89, 0xe7, //0x00001fa1 movl         %r12d, %edi
	0x45, 0x89, 0xe7, //0x00001fa4 movl         %r12d, %r15d
	0x41, 0x29, 0xc9, //0x00001fa7 subl         %ecx, %r9d
	0xe9, 0x60, 0xfd, 0xff, 0xff, //0x00001faa jmp          LBB0_407
	//0x00001faf LBB0_443
	0x83, 0xf9, 0xc3, //0x00001faf cmpl         $-61, %ecx
	0x0f, 0x8f, 0x36, 0x02, 0x00, 0x00, //0x00001fb2 jg           LBB0_472
	0x41, 0x89, 0xc9, //0x00001fb8 movl         %ecx, %r9d
	0xe9, 0x19, 0x00, 0x00, 0x00, //0x00001fbb jmp          LBB0_448
	//0x00001fc0 LBB0_445
	0x45, 0x31, 0xff, //0x00001fc0 xorl         %r15d, %r15d
	//0x00001fc3 LBB0_446
	0x31, 0xc0, //0x00001fc3 xorl         %eax, %eax
	//0x00001fc5 LBB0_447
	0x41, 0x8d, 0x49, 0x3c, //0x00001fc5 leal         $60(%r9), %ecx
	0x41, 0x89, 0xc4, //0x00001fc9 movl         %eax, %r12d
	0x41, 0x83, 0xf9, 0x88, //0x00001fcc cmpl         $-120, %r9d
	0x41, 0x89, 0xc9, //0x00001fd0 movl         %ecx, %r9d
	0x0f, 0x8d, 0x18, 0x02, 0x00, 0x00, //0x00001fd3 jge          LBB0_473
	//0x00001fd9 LBB0_448
	0x45, 0x85, 0xe4, //0x00001fd9 testl        %r12d, %r12d
	0xbe, 0x00, 0x00, 0x00, 0x00, //0x00001fdc movl         $0, %esi
	0x41, 0x0f, 0x4f, 0xf4, //0x00001fe1 cmovgl       %r12d, %esi
	0x31, 0xc0, //0x00001fe5 xorl         %eax, %eax
	0x31, 0xc9, //0x00001fe7 xorl         %ecx, %ecx
	0x90, 0x90, 0x90, 0x90, 0x90, 0x90, 0x90, //0x00001fe9 .p2align 4, 0x90
	//0x00001ff0 LBB0_449
	0x48, 0x39, 0xc6, //0x00001ff0 cmpq         %rax, %rsi
	0x0f, 0x84, 0x29, 0x00, 0x00, 0x00, //0x00001ff3 je           LBB0_452
	0x48, 0x8d, 0x0c, 0x89, //0x00001ff9 leaq         (%rcx,%rcx,4), %rcx
	0x49, 0x0f, 0xbe, 0x14, 0x00, //0x00001ffd movsbq       (%r8,%rax), %rdx
	0x48, 0x8d, 0x0c, 0x4a, //0x00002002 leaq         (%rdx,%rcx,2), %rcx
	0x48, 0x83, 0xc1, 0xd0, //0x00002006 addq         $-48, %rcx
	0x48, 0x83, 0xc0, 0x01, //0x0000200a addq         $1, %rax
	0x49, 0x8d, 0x56, 0x01, //0x0000200e leaq         $1(%r14), %rdx
	0x48, 0x39, 0xd1, //0x00002012 cmpq         %rdx, %rcx
	0x0f, 0x82, 0xd5, 0xff, 0xff, 0xff, //0x00002015 jb           LBB0_449
	0x89, 0xc6, //0x0000201b movl         %eax, %esi
	0xe9, 0x25, 0x00, 0x00, 0x00, //0x0000201d jmp          LBB0_454
	//0x00002022 LBB0_452
	0x48, 0x85, 0xc9, //0x00002022 testq        %rcx, %rcx
	0x0f, 0x84, 0x98, 0xff, 0xff, 0xff, //0x00002025 je           LBB0_446
	0x90, 0x90, 0x90, 0x90, 0x90, //0x0000202b .p2align 4, 0x90
	//0x00002030 LBB0_453
	0x48, 0x01, 0xc9, //0x00002030 addq         %rcx, %rcx
	0x48, 0x8d, 0x0c, 0x89, //0x00002033 leaq         (%rcx,%rcx,4), %rcx
	0x83, 0xc6, 0x01, //0x00002037 addl         $1, %esi
	0x49, 0x8d, 0x46, 0x01, //0x0000203a leaq         $1(%r14), %rax
	0x48, 0x39, 0xc1, //0x0000203e cmpq         %rax, %rcx
	0x0f, 0x82, 0xe9, 0xff, 0xff, 0xff, //0x00002041 jb           LBB0_453
	//0x00002047 LBB0_454
	0x41, 0x29, 0xf7, //0x00002047 subl         %esi, %r15d
	0x44, 0x89, 0xe0, //0x0000204a movl         %r12d, %eax
	0x29, 0xf0, //0x0000204d subl         %esi, %eax
	0x0f, 0x8e, 0x25, 0x00, 0x00, 0x00, //0x0000204f jle          LBB0_457
	0x4d, 0x89, 0xfd, //0x00002055 movq         %r15, %r13
	0x48, 0x63, 0xf6, //0x00002058 movslq       %esi, %rsi
	0x49, 0x63, 0xd4, //0x0000205b movslq       %r12d, %rdx
	0x49, 0x89, 0xd7, //0x0000205e movq         %rdx, %r15
	0x49, 0x29, 0xf7, //0x00002061 subq         %rsi, %r15
	0x48, 0x89, 0xf7, //0x00002064 movq         %rsi, %rdi
	0x48, 0xf7, 0xd7, //0x00002067 notq         %rdi
	0x48, 0x01, 0xd7, //0x0000206a addq         %rdx, %rdi
	0x0f, 0x85, 0x0e, 0x00, 0x00, 0x00, //0x0000206d jne          LBB0_458
	0x31, 0xdb, //0x00002073 xorl         %ebx, %ebx
	0xe9, 0x87, 0x00, 0x00, 0x00, //0x00002075 jmp          LBB0_461
	//0x0000207a LBB0_457
	0x31, 0xc0, //0x0000207a xorl         %eax, %eax
	0xe9, 0xeb, 0x00, 0x00, 0x00, //0x0000207c jmp          LBB0_465
	//0x00002081 LBB0_458
	0x4d, 0x89, 0xfb, //0x00002081 movq         %r15, %r11
	0x49, 0x83, 0xe3, 0xfe, //0x00002084 andq         $-2, %r11
	0x49, 0xf7, 0xdb, //0x00002088 negq         %r11
	0x31, 0xdb, //0x0000208b xorl         %ebx, %ebx
	0x48, 0x8b, 0x55, 0x88, //0x0000208d movq         $-120(%rbp), %rdx
	0x90, 0x90, 0x90, 0x90, 0x90, 0x90, 0x90, 0x90, 0x90, 0x90, 0x90, 0x90, 0x90, 0x90, 0x90, //0x00002091 .p2align 4, 0x90
	//0x000020a0 LBB0_459
	0x48, 0x89, 0xcf, //0x000020a0 movq         %rcx, %rdi
	0x48, 0xc1, 0xef, 0x3c, //0x000020a3 shrq         $60, %rdi
	0x4c, 0x21, 0xf1, //0x000020a7 andq         %r14, %rcx
	0x40, 0x80, 0xcf, 0x30, //0x000020aa orb          $48, %dil
	0x40, 0x88, 0x7a, 0xff, //0x000020ae movb         %dil, $-1(%rdx)
	0x48, 0x8d, 0x0c, 0x89, //0x000020b2 leaq         (%rcx,%rcx,4), %rcx
	0x48, 0x0f, 0xbe, 0x7c, 0x32, 0xff, //0x000020b6 movsbq       $-1(%rdx,%rsi), %rdi
	0x48, 0x8d, 0x0c, 0x4f, //0x000020bc leaq         (%rdi,%rcx,2), %rcx
	0x48, 0x83, 0xc1, 0xd0, //0x000020c0 addq         $-48, %rcx
	0x48, 0x89, 0xcf, //0x000020c4 movq         %rcx, %rdi
	0x48, 0xc1, 0xef, 0x3c, //0x000020c7 shrq         $60, %rdi
	0x4c, 0x21, 0xf1, //0x000020cb andq         %r14, %rcx
	0x40, 0x80, 0xcf, 0x30, //0x000020ce orb          $48, %dil
	0x40, 0x88, 0x3a, //0x000020d2 movb         %dil, (%rdx)
	0x48, 0x8d, 0x0c, 0x89, //0x000020d5 leaq         (%rcx,%rcx,4), %rcx
	0x48, 0x0f, 0xbe, 0x3c, 0x32, //0x000020d9 movsbq       (%rdx,%rsi), %rdi
	0x48, 0x8d, 0x0c, 0x4f, //0x000020de leaq         (%rdi,%rcx,2), %rcx
	0x48, 0x83, 0xc1, 0xd0, //0x000020e2 addq         $-48, %rcx
	0x48, 0x83, 0xc2, 0x02, //0x000020e6 addq         $2, %rdx
	0x48, 0x83, 0xc3, 0xfe, //0x000020ea addq         $-2, %rbx
	0x49, 0x39, 0xdb, //0x000020ee cmpq         %rbx, %r11
	0x0f, 0x85, 0xa9, 0xff, 0xff, 0xff, //0x000020f1 jne          LBB0_459
	0x48, 0x29, 0xde, //0x000020f7 subq         %rbx, %rsi
	0x48, 0xf7, 0xdb, //0x000020fa negq         %rbx
	0x4c, 0x8b, 0x5d, 0xb0, //0x000020fd movq         $-80(%rbp), %r11
	//0x00002101 LBB0_461
	0x41, 0xf6, 0xc7, 0x01, //0x00002101 testb        $1, %r15b
	0x0f, 0x84, 0x22, 0x00, 0x00, 0x00, //0x00002105 je           LBB0_463
	0x48, 0x89, 0xca, //0x0000210b movq         %rcx, %rdx
	0x48, 0xc1, 0xea, 0x3c, //0x0000210e shrq         $60, %rdx
	0x80, 0xca, 0x30, //0x00002112 orb          $48, %dl
	0x41, 0x88, 0x14, 0x18, //0x00002115 movb         %dl, (%r8,%rbx)
	0x4c, 0x21, 0xf1, //0x00002119 andq         %r14, %rcx
	0x48, 0x8d, 0x0c, 0x89, //0x0000211c leaq         (%rcx,%rcx,4), %rcx
	0x49, 0x0f, 0xbe, 0x14, 0x30, //0x00002120 movsbq       (%r8,%rsi), %rdx
	0x48, 0x8d, 0x0c, 0x4a, //0x00002125 leaq         (%rdx,%rcx,2), %rcx
	0x48, 0x83, 0xc1, 0xd0, //0x00002129 addq         $-48, %rcx
	//0x0000212d LBB0_463
	0x48, 0x85, 0xc9, //0x0000212d testq        %rcx, %rcx
	0x4d, 0x89, 0xef, //0x00002130 movq         %r13, %r15
	0x49, 0xbd, 0x00, 0x00, 0x00, 0x00, 0x00, 0x00, 0x00, 0x80, //0x00002133 movabsq      $-9223372036854775808, %r13
	0xbb, 0x01, 0x00, 0x00, 0x00, //0x0000213d movl         $1, %ebx
	0x0f, 0x85, 0x24, 0x00, 0x00, 0x00, //0x00002142 jne          LBB0_465
	0xe9, 0x52, 0x00, 0x00, 0x00, //0x00002148 jmp          LBB0_467
	0x90, 0x90, 0x90, //0x0000214d .p2align 4, 0x90
	//0x00002150 LBB0_464
	0x49, 0x8d, 0x76, 0x01, //0x00002150 leaq         $1(%r14), %rsi
	0x48, 0x39, 0xf1, //0x00002154 cmpq         %rsi, %rcx
	0x44, 0x0f, 0x43, 0xd3, //0x00002157 cmovael      %ebx, %r10d
	0x48, 0x8d, 0x0c, 0x12, //0x0000215b leaq         (%rdx,%rdx), %rcx
	0x48, 0x8d, 0x0c, 0x89, //0x0000215f leaq         (%rcx,%rcx,4), %rcx
	0x48, 0x85, 0xd2, //0x00002163 testq        %rdx, %rdx
	0x0f, 0x84, 0x33, 0x00, 0x00, 0x00, //0x00002166 je           LBB0_467
	//0x0000216c LBB0_465
	0x48, 0x89, 0xca, //0x0000216c movq         %rcx, %rdx
	0x4c, 0x21, 0xf2, //0x0000216f andq         %r14, %rdx
	0x48, 0x63, 0xf0, //0x00002172 movslq       %eax, %rsi
	0x49, 0x39, 0xf3, //0x00002175 cmpq         %rsi, %r11
	0x0f, 0x86, 0xd2, 0xff, 0xff, 0xff, //0x00002178 jbe          LBB0_464
	0x48, 0xc1, 0xe9, 0x3c, //0x0000217e shrq         $60, %rcx
	0x80, 0xc9, 0x30, //0x00002182 orb          $48, %cl
	0x41, 0x88, 0x0c, 0x30, //0x00002185 movb         %cl, (%r8,%rsi)
	0x83, 0xc6, 0x01, //0x00002189 addl         $1, %esi
	0x89, 0xf0, //0x0000218c movl         %esi, %eax
	0x48, 0x8d, 0x0c, 0x12, //0x0000218e leaq         (%rdx,%rdx), %rcx
	0x48, 0x8d, 0x0c, 0x89, //0x00002192 leaq         (%rcx,%rcx,4), %rcx
	0x48, 0x85, 0xd2, //0x00002196 testq        %rdx, %rdx
	0x0f, 0x85, 0xcd, 0xff, 0xff, 0xff, //0x00002199 jne          LBB0_465
	//0x0000219f LBB0_467
	0x41, 0x83, 0xc7, 0x01, //0x0000219f addl         $1, %r15d
	0x85, 0xc0, //0x000021a3 testl        %eax, %eax
	0x0f, 0x8e, 0x38, 0x00, 0x00, 0x00, //0x000021a5 jle          LBB0_471
	0x89, 0xc1, //0x000021ab movl         %eax, %ecx
	0x48, 0x83, 0xc1, 0x01, //0x000021ad addq         $1, %rcx
	0x90, 0x90, 0x90, 0x90, 0x90, 0x90, 0x90, 0x90, 0x90, 0x90, 0x90, 0x90, 0x90, 0x90, 0x90, //0x000021b1 .p2align 4, 0x90
	//0x000021c0 LBB0_469
	0x8d, 0x50, 0xff, //0x000021c0 leal         $-1(%rax), %edx
	0x41, 0x80, 0x3c, 0x10, 0x30, //0x000021c3 cmpb         $48, (%r8,%rdx)
	0x0f, 0x85, 0xf7, 0xfd, 0xff, 0xff, //0x000021c8 jne          LBB0_447
	0x48, 0x83, 0xc1, 0xff, //0x000021ce addq         $-1, %rcx
	0x89, 0xd0, //0x000021d2 movl         %edx, %eax
	0x48, 0x83, 0xf9, 0x01, //0x000021d4 cmpq         $1, %rcx
	0x0f, 0x8f, 0xe2, 0xff, 0xff, 0xff, //0x000021d8 jg           LBB0_469
	0xe9, 0xdd, 0xfd, 0xff, 0xff, //0x000021de jmp          LBB0_445
	//0x000021e3 LBB0_471
	0x0f, 0x85, 0xdc, 0xfd, 0xff, 0xff, //0x000021e3 jne          LBB0_447
	0xe9, 0xd2, 0xfd, 0xff, 0xff, //0x000021e9 jmp          LBB0_445
	//0x000021ee LBB0_472
	0x44, 0x89, 0xe0, //0x000021ee movl         %r12d, %eax
	//0x000021f1 LBB0_473
	0xf7, 0xd9, //0x000021f1 negl         %ecx
	0x85, 0xc0, //0x000021f3 testl        %eax, %eax
	0xbe, 0x00, 0x00, 0x00, 0x00, //0x000021f5 movl         $0, %esi
	0x0f, 0x4f, 0xf0, //0x000021fa cmovgl       %eax, %esi
	0x31, 0xff, //0x000021fd xorl         %edi, %edi
	0x31, 0xdb, //0x000021ff xorl         %ebx, %ebx
	0x4c, 0x8b, 0x4d, 0xa0, //0x00002201 movq         $-96(%rbp), %r9
	//0x00002205 LBB0_474
	0x48, 0x39, 0xfe, //0x00002205 cmpq         %rdi, %rsi
	0x0f, 0x84, 0x60, 0x00, 0x00, 0x00, //0x00002208 je           LBB0_480
	0x48, 0x8d, 0x14, 0x9b, //0x0000220e leaq         (%rbx,%rbx,4), %rdx
	0x49, 0x0f, 0xbe, 0x1c, 0x38, //0x00002212 movsbq       (%r8,%rdi), %rbx
	0x48, 0x8d, 0x1c, 0x53, //0x00002217 leaq         (%rbx,%rdx,2), %rbx
	0x48, 0x83, 0xc3, 0xd0, //0x0000221b addq         $-48, %rbx
	0x48, 0x83, 0xc7, 0x01, //0x0000221f addq         $1, %rdi
	0x48, 0x89, 0xda, //0x00002223 movq         %rbx, %rdx
	0x48, 0xd3, 0xea, //0x00002226 shrq         %cl, %rdx
	0x48, 0x85, 0xd2, //0x00002229 testq        %rdx, %rdx
	0x0f, 0x84, 0xd3, 0xff, 0xff, 0xff, //0x0000222c je           LBB0_474
	0x89, 0xfe, //0x00002232 movl         %edi, %esi
	//0x00002234 LBB0_477
	0x49, 0xc7, 0xc3, 0xff, 0xff, 0xff, 0xff, //0x00002234 movq         $-1, %r11
	0x49, 0xd3, 0xe3, //0x0000223b shlq         %cl, %r11
	0x49, 0xf7, 0xd3, //0x0000223e notq         %r11
	0x41, 0x89, 0xc4, //0x00002241 movl         %eax, %r12d
	0x41, 0x29, 0xf4, //0x00002244 subl         %esi, %r12d
	0x0f, 0x8e, 0x80, 0x00, 0x00, 0x00, //0x00002247 jle          LBB0_485
	0x4c, 0x63, 0xee, //0x0000224d movslq       %esi, %r13
	0x48, 0x98, //0x00002250 cltq
	0x49, 0x89, 0xc1, //0x00002252 movq         %rax, %r9
	0x4d, 0x29, 0xe9, //0x00002255 subq         %r13, %r9
	0x4c, 0x89, 0xea, //0x00002258 movq         %r13, %rdx
	0x48, 0xf7, 0xd2, //0x0000225b notq         %rdx
	0x48, 0x01, 0xc2, //0x0000225e addq         %rax, %rdx
	0x0f, 0x85, 0x77, 0x00, 0x00, 0x00, //0x00002261 jne          LBB0_487
	0x31, 0xc0, //0x00002267 xorl         %eax, %eax
	0xe9, 0xe1, 0x00, 0x00, 0x00, //0x00002269 jmp          LBB0_490
	//0x0000226e LBB0_480
	0x48, 0x85, 0xdb, //0x0000226e testq        %rbx, %rbx
	0x0f, 0x84, 0x5e, 0x00, 0x00, 0x00, //0x00002271 je           LBB0_486
	0x48, 0x89, 0xdf, //0x00002277 movq         %rbx, %rdi
	0x48, 0xd3, 0xef, //0x0000227a shrq         %cl, %rdi
	0x48, 0x85, 0xff, //0x0000227d testq        %rdi, %rdi
	0x0f, 0x84, 0x1c, 0x00, 0x00, 0x00, //0x00002280 je           LBB0_483
	0x49, 0xc7, 0xc3, 0xff, 0xff, 0xff, 0xff, //0x00002286 movq         $-1, %r11
	0x49, 0xd3, 0xe3, //0x0000228d shlq         %cl, %r11
	0x49, 0xf7, 0xd3, //0x00002290 notq         %r11
	0x41, 0x29, 0xf7, //0x00002293 subl         %esi, %r15d
	0x41, 0x83, 0xc7, 0x01, //0x00002296 addl         $1, %r15d
	0x45, 0x31, 0xe4, //0x0000229a xorl         %r12d, %r12d
	0xe9, 0xf2, 0x00, 0x00, 0x00, //0x0000229d jmp          LBB0_494
	//0x000022a2 LBB0_483
	0x48, 0x01, 0xdb, //0x000022a2 addq         %rbx, %rbx
	0x48, 0x8d, 0x1c, 0x9b, //0x000022a5 leaq         (%rbx,%rbx,4), %rbx
	0x83, 0xc6, 0x01, //0x000022a9 addl         $1, %esi
	0x48, 0x89, 0xdf, //0x000022ac movq         %rbx, %rdi
	0x48, 0xd3, 0xef, //0x000022af shrq         %cl, %rdi
	0x48, 0x85, 0xff, //0x000022b2 testq        %rdi, %rdi
	0x0f, 0x84, 0xe7, 0xff, 0xff, 0xff, //0x000022b5 je           LBB0_483
	0xe9, 0x74, 0xff, 0xff, 0xff, //0x000022bb jmp          LBB0_477
	//0x000022c0 LBB0_484
	0x31, 0xff, //0x000022c0 xorl         %edi, %edi
	0x45, 0x31, 0xff, //0x000022c2 xorl         %r15d, %r15d
	0x41, 0x29, 0xc9, //0x000022c5 subl         %ecx, %r9d
	0xe9, 0x42, 0xfa, 0xff, 0xff, //0x000022c8 jmp          LBB0_407
	//0x000022cd LBB0_485
	0x45, 0x31, 0xe4, //0x000022cd xorl         %r12d, %r12d
	0xe9, 0xb3, 0x00, 0x00, 0x00, //0x000022d0 jmp          LBB0_493
	//0x000022d5 LBB0_486
	0x4c, 0x89, 0x7d, 0xc8, //0x000022d5 movq         %r15, $-56(%rbp)
	0xe9, 0x4e, 0x01, 0x00, 0x00, //0x000022d9 jmp          LBB0_506
	//0x000022de LBB0_487
	0x4c, 0x89, 0x7d, 0xc8, //0x000022de movq         %r15, $-56(%rbp)
	0x4d, 0x89, 0xcf, //0x000022e2 movq         %r9, %r15
	0x49, 0x83, 0xe7, 0xfe, //0x000022e5 andq         $-2, %r15
	0x49, 0xf7, 0xdf, //0x000022e9 negq         %r15
	0x31, 0xc0, //0x000022ec xorl         %eax, %eax
	0x48, 0x8b, 0x55, 0x88, //0x000022ee movq         $-120(%rbp), %rdx
	//0x000022f2 LBB0_488
	0x48, 0x89, 0xdf, //0x000022f2 movq         %rbx, %rdi
	0x48, 0xd3, 0xef, //0x000022f5 shrq         %cl, %rdi
	0x4c, 0x21, 0xdb, //0x000022f8 andq         %r11, %rbx
	0x40, 0x80, 0xc7, 0x30, //0x000022fb addb         $48, %dil
	0x40, 0x88, 0x7a, 0xff, //0x000022ff movb         %dil, $-1(%rdx)
	0x48, 0x8d, 0x3c, 0x9b, //0x00002303 leaq         (%rbx,%rbx,4), %rdi
	0x4a, 0x0f, 0xbe, 0x5c, 0x2a, 0xff, //0x00002307 movsbq       $-1(%rdx,%r13), %rbx
	0x48, 0x8d, 0x3c, 0x7b, //0x0000230d leaq         (%rbx,%rdi,2), %rdi
	0x48, 0x83, 0xc7, 0xd0, //0x00002311 addq         $-48, %rdi
	0x48, 0x89, 0xfb, //0x00002315 movq         %rdi, %rbx
	0x48, 0xd3, 0xeb, //0x00002318 shrq         %cl, %rbx
	0x4c, 0x21, 0xdf, //0x0000231b andq         %r11, %rdi
	0x80, 0xc3, 0x30, //0x0000231e addb         $48, %bl
	0x88, 0x1a, //0x00002321 movb         %bl, (%rdx)
	0x48, 0x8d, 0x3c, 0xbf, //0x00002323 leaq         (%rdi,%rdi,4), %rdi
	0x4a, 0x0f, 0xbe, 0x1c, 0x2a, //0x00002327 movsbq       (%rdx,%r13), %rbx
	0x48, 0x8d, 0x1c, 0x7b, //0x0000232c leaq         (%rbx,%rdi,2), %rbx
	0x48, 0x83, 0xc3, 0xd0, //0x00002330 addq         $-48, %rbx
	0x48, 0x83, 0xc2, 0x02, //0x00002334 addq         $2, %rdx
	0x48, 0x83, 0xc0, 0xfe, //0x00002338 addq         $-2, %rax
	0x49, 0x39, 0xc7, //0x0000233c cmpq         %rax, %r15
	0x0f, 0x85, 0xad, 0xff, 0xff, 0xff, //0x0000233f jne          LBB0_488
	0x49, 0x29, 0xc5, //0x00002345 subq         %rax, %r13
	0x48, 0xf7, 0xd8, //0x00002348 negq         %rax
	0x4c, 0x8b, 0x7d, 0xc8, //0x0000234b movq         $-56(%rbp), %r15
	//0x0000234f LBB0_490
	0x41, 0xf6, 0xc1, 0x01, //0x0000234f testb        $1, %r9b
	0x0f, 0x84, 0x21, 0x00, 0x00, 0x00, //0x00002353 je           LBB0_492
	0x48, 0x89, 0xda, //0x00002359 movq         %rbx, %rdx
	0x48, 0xd3, 0xea, //0x0000235c shrq         %cl, %rdx
	0x80, 0xc2, 0x30, //0x0000235f addb         $48, %dl
	0x41, 0x88, 0x14, 0x00, //0x00002362 movb         %dl, (%r8,%rax)
	0x4c, 0x21, 0xdb, //0x00002366 andq         %r11, %rbx
	0x48, 0x8d, 0x04, 0x9b, //0x00002369 leaq         (%rbx,%rbx,4), %rax
	0x4b, 0x0f, 0xbe, 0x14, 0x28, //0x0000236d movsbq       (%r8,%r13), %rdx
	0x48, 0x8d, 0x1c, 0x42, //0x00002372 leaq         (%rdx,%rax,2), %rbx
	0x48, 0x83, 0xc3, 0xd0, //0x00002376 addq         $-48, %rbx
	//0x0000237a LBB0_492
	0x49, 0xbd, 0x00, 0x00, 0x00, 0x00, 0x00, 0x00, 0x00, 0x80, //0x0000237a movabsq      $-9223372036854775808, %r13
	0x4c, 0x8b, 0x4d, 0xa0, //0x00002384 movq         $-96(%rbp), %r9
	//0x00002388 LBB0_493
	0x41, 0x29, 0xf7, //0x00002388 subl         %esi, %r15d
	0x41, 0x83, 0xc7, 0x01, //0x0000238b addl         $1, %r15d
	0xe9, 0x3a, 0x00, 0x00, 0x00, //0x0000238f jmp          LBB0_498
	//0x00002394 LBB0_494
	0x48, 0x89, 0xd8, //0x00002394 movq         %rbx, %rax
	0x48, 0xd3, 0xe8, //0x00002397 shrq         %cl, %rax
	0x4c, 0x21, 0xdb, //0x0000239a andq         %r11, %rbx
	0x49, 0x63, 0xf4, //0x0000239d movslq       %r12d, %rsi
	0x48, 0x39, 0x75, 0xb0, //0x000023a0 cmpq         %rsi, $-80(%rbp)
	0x0f, 0x86, 0x11, 0x00, 0x00, 0x00, //0x000023a4 jbe          LBB0_496
	0x04, 0x30, //0x000023aa addb         $48, %al
	0x41, 0x88, 0x04, 0x30, //0x000023ac movb         %al, (%r8,%rsi)
	0x83, 0xc6, 0x01, //0x000023b0 addl         $1, %esi
	0x41, 0x89, 0xf4, //0x000023b3 movl         %esi, %r12d
	0xe9, 0x0c, 0x00, 0x00, 0x00, //0x000023b6 jmp          LBB0_497
	//0x000023bb LBB0_496
	0x48, 0x85, 0xc0, //0x000023bb testq        %rax, %rax
	0xb8, 0x01, 0x00, 0x00, 0x00, //0x000023be movl         $1, %eax
	0x44, 0x0f, 0x45, 0xd0, //0x000023c3 cmovnel      %eax, %r10d
	//0x000023c7 LBB0_497
	0x48, 0x01, 0xdb, //0x000023c7 addq         %rbx, %rbx
	0x48, 0x8d, 0x1c, 0x9b, //0x000023ca leaq         (%rbx,%rbx,4), %rbx
	//0x000023ce LBB0_498
	0x48, 0x85, 0xdb, //0x000023ce testq        %rbx, %rbx
	0x0f, 0x85, 0xbd, 0xff, 0xff, 0xff, //0x000023d1 jne          LBB0_494
	0x45, 0x85, 0xe4, //0x000023d7 testl        %r12d, %r12d
	0x4c, 0x8b, 0x5d, 0xb0, //0x000023da movq         $-80(%rbp), %r11
	0x0f, 0x8e, 0x2d, 0x00, 0x00, 0x00, //0x000023de jle          LBB0_503
	0x44, 0x89, 0xe0, //0x000023e4 movl         %r12d, %eax
	0x48, 0x83, 0xc0, 0x01, //0x000023e7 addq         $1, %rax
	//0x000023eb LBB0_501
	0x41, 0x8d, 0x4c, 0x24, 0xff, //0x000023eb leal         $-1(%r12), %ecx
	0x41, 0x80, 0x3c, 0x08, 0x30, //0x000023f0 cmpb         $48, (%r8,%rcx)
	0x0f, 0x85, 0x1c, 0x00, 0x00, 0x00, //0x000023f5 jne          LBB0_504
	0x48, 0x83, 0xc0, 0xff, //0x000023fb addq         $-1, %rax
	0x41, 0x89, 0xcc, //0x000023ff movl         %ecx, %r12d
	0x48, 0x83, 0xf8, 0x01, //0x00002402 cmpq         $1, %rax
	0x0f, 0x8f, 0xdf, 0xff, 0xff, 0xff, //0x00002406 jg           LBB0_501
	0xe9, 0x15, 0x00, 0x00, 0x00, //0x0000240c jmp          LBB0_505
	//0x00002411 LBB0_503
	0x0f, 0x84, 0x0f, 0x00, 0x00, 0x00, //0x00002411 je           LBB0_505
	//0x00002417 LBB0_504
	0x4c, 0x89, 0x7d, 0xc8, //0x00002417 movq         %r15, $-56(%rbp)
	0x44, 0x89, 0xe7, //0x0000241b movl         %r12d, %edi
	0x45, 0x89, 0xe7, //0x0000241e movl         %r12d, %r15d
	0xe9, 0x0e, 0x00, 0x00, 0x00, //0x00002421 jmp          LBB0_507
	//0x00002426 LBB0_505
	0x31, 0xc0, //0x00002426 xorl         %eax, %eax
	0x48, 0x89, 0x45, 0xc8, //0x00002428 movq         %rax, $-56(%rbp)
	//0x0000242c LBB0_506
	0x45, 0x31, 0xe4, //0x0000242c xorl         %r12d, %r12d
	0x31, 0xff, //0x0000242f xorl         %edi, %edi
	0x45, 0x31, 0xff, //0x00002431 xorl         %r15d, %r15d
	//0x00002434 LBB0_507
	0x8b, 0x4d, 0xb8, //0x00002434 movl         $-72(%rbp), %ecx
	0x41, 0x29, 0xc9, //0x00002437 subl         %ecx, %r9d
	0xe9, 0xd0, 0xf8, 0xff, 0xff, //0x0000243a jmp          LBB0_407
	//0x0000243f LBB0_508
	0x41, 0x81, 0xf9, 0x02, 0xfc, 0xff, 0xff, //0x0000243f cmpl         $-1022, %r9d
	0x0f, 0x8f, 0xbb, 0x01, 0x00, 0x00, //0x00002446 jg           LBB0_538
	0xb8, 0x02, 0xfc, 0xff, 0xff, //0x0000244c movl         $-1022, %eax
	0x48, 0x89, 0x45, 0xc0, //0x00002451 movq         %rax, $-64(%rbp)
	0x45, 0x85, 0xff, //0x00002455 testl        %r15d, %r15d
	0x0f, 0x84, 0x93, 0x04, 0x00, 0x00, //0x00002458 je           LBB0_580
	0x4c, 0x89, 0xc8, //0x0000245e movq         %r9, %rax
	0x41, 0x81, 0xc1, 0xfd, 0x03, 0x00, 0x00, //0x00002461 addl         $1021, %r9d
	0x3d, 0xc6, 0xfb, 0xff, 0xff, //0x00002468 cmpl         $-1082, %eax
	0x0f, 0x8f, 0xaa, 0x01, 0x00, 0x00, //0x0000246d jg           LBB0_540
	0x4d, 0x8d, 0x6e, 0x01, //0x00002473 leaq         $1(%r14), %r13
	0x41, 0xbb, 0x01, 0x00, 0x00, 0x00, //0x00002477 movl         $1, %r11d
	0xe9, 0x21, 0x00, 0x00, 0x00, //0x0000247d jmp          LBB0_514
	//0x00002482 LBB0_534
	0x0f, 0x84, 0x71, 0x01, 0x00, 0x00, //0x00002482 je           LBB0_536
	//0x00002488 LBB0_512
	0x48, 0x89, 0x55, 0xc8, //0x00002488 movq         %rdx, $-56(%rbp)
	//0x0000248c LBB0_513
	0x41, 0x8d, 0x49, 0x3c, //0x0000248c leal         $60(%r9), %ecx
	0x45, 0x89, 0xe7, //0x00002490 movl         %r12d, %r15d
	0x44, 0x89, 0xe7, //0x00002493 movl         %r12d, %edi
	0x41, 0x83, 0xf9, 0x88, //0x00002496 cmpl         $-120, %r9d
	0x41, 0x89, 0xc9, //0x0000249a movl         %ecx, %r9d
	0x0f, 0x8d, 0x80, 0x01, 0x00, 0x00, //0x0000249d jge          LBB0_541
	//0x000024a3 LBB0_514
	0x45, 0x85, 0xff, //0x000024a3 testl        %r15d, %r15d
	0xbf, 0x00, 0x00, 0x00, 0x00, //0x000024a6 movl         $0, %edi
	0x41, 0x0f, 0x4f, 0xff, //0x000024ab cmovgl       %r15d, %edi
	0x31, 0xc0, //0x000024af xorl         %eax, %eax
	0x31, 0xc9, //0x000024b1 xorl         %ecx, %ecx
	//0x000024b3 LBB0_515
	0x48, 0x39, 0xc7, //0x000024b3 cmpq         %rax, %rdi
	0x0f, 0x84, 0x25, 0x00, 0x00, 0x00, //0x000024b6 je           LBB0_518
	0x48, 0x8d, 0x0c, 0x89, //0x000024bc leaq         (%rcx,%rcx,4), %rcx
	0x49, 0x0f, 0xbe, 0x1c, 0x00, //0x000024c0 movsbq       (%r8,%rax), %rbx
	0x48, 0x8d, 0x0c, 0x4b, //0x000024c5 leaq         (%rbx,%rcx,2), %rcx
	0x48, 0x83, 0xc1, 0xd0, //0x000024c9 addq         $-48, %rcx
	0x48, 0x83, 0xc0, 0x01, //0x000024cd addq         $1, %rax
	0x4c, 0x39, 0xe9, //0x000024d1 cmpq         %r13, %rcx
	0x0f, 0x82, 0xd9, 0xff, 0xff, 0xff, //0x000024d4 jb           LBB0_515
	0x89, 0xc7, //0x000024da movl         %eax, %edi
	0xe9, 0x1c, 0x00, 0x00, 0x00, //0x000024dc jmp          LBB0_520
	//0x000024e1 LBB0_518
	0x48, 0x85, 0xc9, //0x000024e1 testq        %rcx, %rcx
	0x0f, 0x84, 0x15, 0x01, 0x00, 0x00, //0x000024e4 je           LBB0_537
	//0x000024ea LBB0_519
	0x48, 0x01, 0xc9, //0x000024ea addq         %rcx, %rcx
	0x48, 0x8d, 0x0c, 0x89, //0x000024ed leaq         (%rcx,%rcx,4), %rcx
	0x83, 0xc7, 0x01, //0x000024f1 addl         $1, %edi
	0x4c, 0x39, 0xe9, //0x000024f4 cmpq         %r13, %rcx
	0x0f, 0x82, 0xed, 0xff, 0xff, 0xff, //0x000024f7 jb           LBB0_519
	//0x000024fd LBB0_520
	0x48, 0x8b, 0x45, 0xc8, //0x000024fd movq         $-56(%rbp), %rax
	0x29, 0xf8, //0x00002501 subl         %edi, %eax
	0x48, 0x89, 0x45, 0xc8, //0x00002503 movq         %rax, $-56(%rbp)
	0x31, 0xc0, //0x00002507 xorl         %eax, %eax
	0x44, 0x39, 0xff, //0x00002509 cmpl         %r15d, %edi
	0x0f, 0x8d, 0x5a, 0x00, 0x00, 0x00, //0x0000250c jge          LBB0_525
	0x48, 0x63, 0xff, //0x00002512 movslq       %edi, %rdi
	0x49, 0x63, 0xdc, //0x00002515 movslq       %r12d, %rbx
	0x49, 0x8d, 0x04, 0x38, //0x00002518 leaq         (%r8,%rdi), %rax
	0x45, 0x31, 0xe4, //0x0000251c xorl         %r12d, %r12d
	//0x0000251f LBB0_522
	0x48, 0x89, 0xce, //0x0000251f movq         %rcx, %rsi
	0x48, 0xc1, 0xee, 0x3c, //0x00002522 shrq         $60, %rsi
	0x4c, 0x21, 0xf1, //0x00002526 andq         %r14, %rcx
	0x40, 0x80, 0xce, 0x30, //0x00002529 orb          $48, %sil
	0x43, 0x88, 0x34, 0x20, //0x0000252d movb         %sil, (%r8,%r12)
	0x4a, 0x0f, 0xbe, 0x34, 0x20, //0x00002531 movsbq       (%rax,%r12), %rsi
	0x4a, 0x8d, 0x14, 0x27, //0x00002536 leaq         (%rdi,%r12), %rdx
	0x48, 0x83, 0xc2, 0x01, //0x0000253a addq         $1, %rdx
	0x49, 0x83, 0xc4, 0x01, //0x0000253e addq         $1, %r12
	0x48, 0x8d, 0x0c, 0x89, //0x00002542 leaq         (%rcx,%rcx,4), %rcx
	0x48, 0x8d, 0x0c, 0x4e, //0x00002546 leaq         (%rsi,%rcx,2), %rcx
	0x48, 0x83, 0xc1, 0xd0, //0x0000254a addq         $-48, %rcx
	0x48, 0x39, 0xda, //0x0000254e cmpq         %rbx, %rdx
	0x0f, 0x8c, 0xc8, 0xff, 0xff, 0xff, //0x00002551 jl           LBB0_522
	0x48, 0x85, 0xc9, //0x00002557 testq        %rcx, %rcx
	0x48, 0x8b, 0x55, 0xc8, //0x0000255a movq         $-56(%rbp), %rdx
	0x0f, 0x84, 0x61, 0x00, 0x00, 0x00, //0x0000255e je           LBB0_530
	0x44, 0x89, 0xe0, //0x00002564 movl         %r12d, %eax
	0xe9, 0x04, 0x00, 0x00, 0x00, //0x00002567 jmp          LBB0_526
	//0x0000256c LBB0_525
	0x48, 0x8b, 0x55, 0xc8, //0x0000256c movq         $-56(%rbp), %rdx
	//0x00002570 LBB0_526
	0x41, 0x89, 0xc4, //0x00002570 movl         %eax, %r12d
	0xe9, 0x18, 0x00, 0x00, 0x00, //0x00002573 jmp          LBB0_528
	//0x00002578 LBB0_527
	0x4c, 0x39, 0xe9, //0x00002578 cmpq         %r13, %rcx
	0x45, 0x0f, 0x43, 0xd3, //0x0000257b cmovael      %r11d, %r10d
	0x48, 0x8d, 0x04, 0x3f, //0x0000257f leaq         (%rdi,%rdi), %rax
	0x48, 0x8d, 0x0c, 0x80, //0x00002583 leaq         (%rax,%rax,4), %rcx
	0x48, 0x85, 0xff, //0x00002587 testq        %rdi, %rdi
	0x0f, 0x84, 0x35, 0x00, 0x00, 0x00, //0x0000258a je           LBB0_530
	//0x00002590 LBB0_528
	0x48, 0x89, 0xcf, //0x00002590 movq         %rcx, %rdi
	0x4c, 0x21, 0xf7, //0x00002593 andq         %r14, %rdi
	0x49, 0x63, 0xc4, //0x00002596 movslq       %r12d, %rax
	0x48, 0x39, 0x45, 0xb0, //0x00002599 cmpq         %rax, $-80(%rbp)
	0x0f, 0x86, 0xd5, 0xff, 0xff, 0xff, //0x0000259d jbe          LBB0_527
	0x48, 0xc1, 0xe9, 0x3c, //0x000025a3 shrq         $60, %rcx
	0x80, 0xc9, 0x30, //0x000025a7 orb          $48, %cl
	0x41, 0x88, 0x0c, 0x00, //0x000025aa movb         %cl, (%r8,%rax)
	0x83, 0xc0, 0x01, //0x000025ae addl         $1, %eax
	0x41, 0x89, 0xc4, //0x000025b1 movl         %eax, %r12d
	0x48, 0x8d, 0x04, 0x3f, //0x000025b4 leaq         (%rdi,%rdi), %rax
	0x48, 0x8d, 0x0c, 0x80, //0x000025b8 leaq         (%rax,%rax,4), %rcx
	0x48, 0x85, 0xff, //0x000025bc testq        %rdi, %rdi
	0x0f, 0x85, 0xcb, 0xff, 0xff, 0xff, //0x000025bf jne          LBB0_528
	//0x000025c5 LBB0_530
	0x83, 0xc2, 0x01, //0x000025c5 addl         $1, %edx
	0x45, 0x85, 0xe4, //0x000025c8 testl        %r12d, %r12d
	0x0f, 0x8e, 0xb1, 0xfe, 0xff, 0xff, //0x000025cb jle          LBB0_534
	0x44, 0x89, 0xe0, //0x000025d1 movl         %r12d, %eax
	0x48, 0x83, 0xc0, 0x01, //0x000025d4 addq         $1, %rax
	//0x000025d8 LBB0_532
	0x41, 0x8d, 0x4c, 0x24, 0xff, //0x000025d8 leal         $-1(%r12), %ecx
	0x41, 0x80, 0x3c, 0x08, 0x30, //0x000025dd cmpb         $48, (%r8,%rcx)
	0x0f, 0x85, 0xa0, 0xfe, 0xff, 0xff, //0x000025e2 jne          LBB0_512
	0x48, 0x83, 0xc0, 0xff, //0x000025e8 addq         $-1, %rax
	0x41, 0x89, 0xcc, //0x000025ec movl         %ecx, %r12d
	0x48, 0x83, 0xf8, 0x01, //0x000025ef cmpq         $1, %rax
	0x0f, 0x8f, 0xdf, 0xff, 0xff, 0xff, //0x000025f3 jg           LBB0_532
	//0x000025f9 LBB0_536
	0x31, 0xc0, //0x000025f9 xorl         %eax, %eax
	0x48, 0x89, 0x45, 0xc8, //0x000025fb movq         %rax, $-56(%rbp)
	//0x000025ff LBB0_537
	0x45, 0x31, 0xe4, //0x000025ff xorl         %r12d, %r12d
	0xe9, 0x85, 0xfe, 0xff, 0xff, //0x00002602 jmp          LBB0_513
	//0x00002607 LBB0_538
	0x41, 0x81, 0xf9, 0x00, 0x04, 0x00, 0x00, //0x00002607 cmpl         $1024, %r9d
	0x0f, 0x8f, 0x68, 0xf4, 0xff, 0xff, //0x0000260e jg           LBB0_366
	0x41, 0x83, 0xc1, 0xff, //0x00002614 addl         $-1, %r9d
	0xe9, 0x15, 0x02, 0x00, 0x00, //0x00002618 jmp          LBB0_568
	//0x0000261d LBB0_540
	0x44, 0x89, 0xff, //0x0000261d movl         %r15d, %edi
	0x44, 0x89, 0xc9, //0x00002620 movl         %r9d, %ecx
	//0x00002623 LBB0_541
	0xf7, 0xd9, //0x00002623 negl         %ecx
	0x31, 0xd2, //0x00002625 xorl         %edx, %edx
	0x85, 0xff, //0x00002627 testl        %edi, %edi
	0xbe, 0x00, 0x00, 0x00, 0x00, //0x00002629 movl         $0, %esi
	0x0f, 0x4f, 0xf7, //0x0000262e cmovgl       %edi, %esi
	0x31, 0xc0, //0x00002631 xorl         %eax, %eax
	//0x00002633 LBB0_542
	0x48, 0x39, 0xd6, //0x00002633 cmpq         %rdx, %rsi
	0x0f, 0x84, 0x9e, 0x00, 0x00, 0x00, //0x00002636 je           LBB0_550
	0x48, 0x8d, 0x04, 0x80, //0x0000263c leaq         (%rax,%rax,4), %rax
	0x49, 0x0f, 0xbe, 0x1c, 0x10, //0x00002640 movsbq       (%r8,%rdx), %rbx
	0x48, 0x8d, 0x04, 0x43, //0x00002645 leaq         (%rbx,%rax,2), %rax
	0x48, 0x83, 0xc0, 0xd0, //0x00002649 addq         $-48, %rax
	0x48, 0x83, 0xc2, 0x01, //0x0000264d addq         $1, %rdx
	0x48, 0x89, 0xc3, //0x00002651 movq         %rax, %rbx
	0x48, 0xd3, 0xeb, //0x00002654 shrq         %cl, %rbx
	0x48, 0x85, 0xdb, //0x00002657 testq        %rbx, %rbx
	0x0f, 0x84, 0xd3, 0xff, 0xff, 0xff, //0x0000265a je           LBB0_542
	0x89, 0xd6, //0x00002660 movl         %edx, %esi
	//0x00002662 LBB0_545
	0x49, 0xc7, 0xc7, 0xff, 0xff, 0xff, 0xff, //0x00002662 movq         $-1, %r15
	0x49, 0xd3, 0xe7, //0x00002669 shlq         %cl, %r15
	0x49, 0xf7, 0xd7, //0x0000266c notq         %r15
	0x31, 0xdb, //0x0000266f xorl         %ebx, %ebx
	0x39, 0xfe, //0x00002671 cmpl         %edi, %esi
	0x0f, 0x8d, 0x43, 0x00, 0x00, 0x00, //0x00002673 jge          LBB0_548
	0x4c, 0x63, 0xf6, //0x00002679 movslq       %esi, %r14
	0x4d, 0x63, 0xcc, //0x0000267c movslq       %r12d, %r9
	0x4f, 0x8d, 0x1c, 0x30, //0x0000267f leaq         (%r8,%r14), %r11
	0x31, 0xdb, //0x00002683 xorl         %ebx, %ebx
	//0x00002685 LBB0_547
	0x48, 0x89, 0xc7, //0x00002685 movq         %rax, %rdi
	0x48, 0xd3, 0xef, //0x00002688 shrq         %cl, %rdi
	0x4c, 0x21, 0xf8, //0x0000268b andq         %r15, %rax
	0x40, 0x80, 0xc7, 0x30, //0x0000268e addb         $48, %dil
	0x41, 0x88, 0x3c, 0x18, //0x00002692 movb         %dil, (%r8,%rbx)
	0x49, 0x0f, 0xbe, 0x3c, 0x1b, //0x00002696 movsbq       (%r11,%rbx), %rdi
	0x49, 0x8d, 0x14, 0x1e, //0x0000269b leaq         (%r14,%rbx), %rdx
	0x48, 0x83, 0xc2, 0x01, //0x0000269f addq         $1, %rdx
	0x48, 0x83, 0xc3, 0x01, //0x000026a3 addq         $1, %rbx
	0x48, 0x8d, 0x04, 0x80, //0x000026a7 leaq         (%rax,%rax,4), %rax
	0x48, 0x8d, 0x04, 0x47, //0x000026ab leaq         (%rdi,%rax,2), %rax
	0x48, 0x83, 0xc0, 0xd0, //0x000026af addq         $-48, %rax
	0x4c, 0x39, 0xca, //0x000026b3 cmpq         %r9, %rdx
	0x0f, 0x8c, 0xc9, 0xff, 0xff, 0xff, //0x000026b6 jl           LBB0_547
	//0x000026bc LBB0_548
	0x48, 0x8b, 0x55, 0xc8, //0x000026bc movq         $-56(%rbp), %rdx
	0x29, 0xf2, //0x000026c0 subl         %esi, %edx
	0x83, 0xc2, 0x01, //0x000026c2 addl         $1, %edx
	0x48, 0x89, 0x55, 0xc8, //0x000026c5 movq         %rdx, $-56(%rbp)
	0x48, 0x85, 0xc0, //0x000026c9 testq        %rax, %rax
	0x0f, 0x85, 0x3c, 0x00, 0x00, 0x00, //0x000026cc jne          LBB0_553
	0x41, 0x89, 0xdc, //0x000026d2 movl         %ebx, %r12d
	0xe9, 0x8f, 0x00, 0x00, 0x00, //0x000026d5 jmp          LBB0_557
	//0x000026da LBB0_550
	0x48, 0x85, 0xc0, //0x000026da testq        %rax, %rax
	0x0f, 0x84, 0x0e, 0x02, 0x00, 0x00, //0x000026dd je           LBB0_580
	0x48, 0x89, 0xc2, //0x000026e3 movq         %rax, %rdx
	0x48, 0xd3, 0xea, //0x000026e6 shrq         %cl, %rdx
	0x48, 0x85, 0xd2, //0x000026e9 testq        %rdx, %rdx
	0x0f, 0x84, 0xca, 0x00, 0x00, 0x00, //0x000026ec je           LBB0_562
	0x49, 0xc7, 0xc7, 0xff, 0xff, 0xff, 0xff, //0x000026f2 movq         $-1, %r15
	0x49, 0xd3, 0xe7, //0x000026f9 shlq         %cl, %r15
	0x49, 0xf7, 0xd7, //0x000026fc notq         %r15
	0x48, 0x8b, 0x55, 0xc8, //0x000026ff movq         $-56(%rbp), %rdx
	0x29, 0xf2, //0x00002703 subl         %esi, %edx
	0x83, 0xc2, 0x01, //0x00002705 addl         $1, %edx
	0x48, 0x89, 0x55, 0xc8, //0x00002708 movq         %rdx, $-56(%rbp)
	0x31, 0xdb, //0x0000270c xorl         %ebx, %ebx
	//0x0000270e LBB0_553
	0xbe, 0x01, 0x00, 0x00, 0x00, //0x0000270e movl         $1, %esi
	0x41, 0x89, 0xdc, //0x00002713 movl         %ebx, %r12d
	0x48, 0x8b, 0x55, 0xb0, //0x00002716 movq         $-80(%rbp), %rdx
	0xe9, 0x17, 0x00, 0x00, 0x00, //0x0000271a jmp          LBB0_555
	//0x0000271f LBB0_554
	0x48, 0x85, 0xff, //0x0000271f testq        %rdi, %rdi
	0x44, 0x0f, 0x45, 0xd6, //0x00002722 cmovnel      %esi, %r10d
	0x48, 0x01, 0xc0, //0x00002726 addq         %rax, %rax
	0x48, 0x8d, 0x04, 0x80, //0x00002729 leaq         (%rax,%rax,4), %rax
	0x48, 0x85, 0xc0, //0x0000272d testq        %rax, %rax
	0x0f, 0x84, 0x33, 0x00, 0x00, 0x00, //0x00002730 je           LBB0_557
	//0x00002736 LBB0_555
	0x48, 0x89, 0xc7, //0x00002736 movq         %rax, %rdi
	0x48, 0xd3, 0xef, //0x00002739 shrq         %cl, %rdi
	0x4c, 0x21, 0xf8, //0x0000273c andq         %r15, %rax
	0x49, 0x63, 0xdc, //0x0000273f movslq       %r12d, %rbx
	0x48, 0x39, 0xda, //0x00002742 cmpq         %rbx, %rdx
	0x0f, 0x86, 0xd4, 0xff, 0xff, 0xff, //0x00002745 jbe          LBB0_554
	0x40, 0x80, 0xc7, 0x30, //0x0000274b addb         $48, %dil
	0x41, 0x88, 0x3c, 0x18, //0x0000274f movb         %dil, (%r8,%rbx)
	0x83, 0xc3, 0x01, //0x00002753 addl         $1, %ebx
	0x41, 0x89, 0xdc, //0x00002756 movl         %ebx, %r12d
	0x48, 0x01, 0xc0, //0x00002759 addq         %rax, %rax
	0x48, 0x8d, 0x04, 0x80, //0x0000275c leaq         (%rax,%rax,4), %rax
	0x48, 0x85, 0xc0, //0x00002760 testq        %rax, %rax
	0x0f, 0x85, 0xcd, 0xff, 0xff, 0xff, //0x00002763 jne          LBB0_555
	//0x00002769 LBB0_557
	0x45, 0x85, 0xe4, //0x00002769 testl        %r12d, %r12d
	0x0f, 0x8e, 0x7a, 0x00, 0x00, 0x00, //0x0000276c jle          LBB0_564
	0x44, 0x89, 0xe0, //0x00002772 movl         %r12d, %eax
	0x48, 0x83, 0xc0, 0x01, //0x00002775 addq         $1, %rax
	//0x00002779 LBB0_559
	0x41, 0x8d, 0x4c, 0x24, 0xff, //0x00002779 leal         $-1(%r12), %ecx
	0x41, 0x80, 0x3c, 0x08, 0x30, //0x0000277e cmpb         $48, (%r8,%rcx)
	0x0f, 0x85, 0xa0, 0x00, 0x00, 0x00, //0x00002783 jne          LBB0_567
	0x48, 0x83, 0xc0, 0xff, //0x00002789 addq         $-1, %rax
	0x41, 0x89, 0xcc, //0x0000278d movl         %ecx, %r12d
	0x48, 0x83, 0xf8, 0x01, //0x00002790 cmpq         $1, %rax
	0x0f, 0x8f, 0xdf, 0xff, 0xff, 0xff, //0x00002794 jg           LBB0_559
	0xb8, 0x02, 0xfc, 0xff, 0xff, //0x0000279a movl         $-1022, %eax
	0x48, 0x89, 0x45, 0xc0, //0x0000279f movq         %rax, $-64(%rbp)
	0x49, 0xbd, 0x00, 0x00, 0x00, 0x00, 0x00, 0x00, 0x00, 0x80, //0x000027a3 movabsq      $-9223372036854775808, %r13
	0x48, 0x8b, 0x45, 0x90, //0x000027ad movq         $-112(%rbp), %rax
	0x8a, 0x55, 0xd7, //0x000027b1 movb         $-41(%rbp), %dl
	0x45, 0x31, 0xc9, //0x000027b4 xorl         %r9d, %r9d
	0xe9, 0x67, 0x04, 0x00, 0x00, //0x000027b7 jmp          LBB0_630
	//0x000027bc LBB0_562
	0x48, 0x01, 0xc0, //0x000027bc addq         %rax, %rax
	0x48, 0x8d, 0x04, 0x80, //0x000027bf leaq         (%rax,%rax,4), %rax
	0x83, 0xc6, 0x01, //0x000027c3 addl         $1, %esi
	0x48, 0x89, 0xc2, //0x000027c6 movq         %rax, %rdx
	0x48, 0xd3, 0xea, //0x000027c9 shrq         %cl, %rdx
	0x48, 0x85, 0xd2, //0x000027cc testq        %rdx, %rdx
	0x0f, 0x84, 0xe7, 0xff, 0xff, 0xff, //0x000027cf je           LBB0_562
	0xe9, 0x88, 0xfe, 0xff, 0xff, //0x000027d5 jmp          LBB0_545
	//0x000027da LBB0_563
	0x49, 0xc7, 0xc1, 0xff, 0xff, 0xff, 0xff, //0x000027da movq         $-1, %r9
	0x49, 0x29, 0xfe, //0x000027e1 subq         %rdi, %r14
	0x4d, 0x89, 0x0f, //0x000027e4 movq         %r9, (%r15)
	0xe9, 0xc7, 0xda, 0xff, 0xff, //0x000027e7 jmp          LBB0_39
	//0x000027ec LBB0_564
	0xb8, 0x02, 0xfc, 0xff, 0xff, //0x000027ec movl         $-1022, %eax
	0x48, 0x89, 0x45, 0xc0, //0x000027f1 movq         %rax, $-64(%rbp)
	0x45, 0x85, 0xe4, //0x000027f5 testl        %r12d, %r12d
	0x0f, 0x84, 0x11, 0x04, 0x00, 0x00, //0x000027f8 je           LBB0_627
	0x4d, 0x89, 0xe5, //0x000027fe movq         %r12, %r13
	0x45, 0x89, 0xef, //0x00002801 movl         %r13d, %r15d
	0xe9, 0x39, 0x00, 0x00, 0x00, //0x00002804 jmp          LBB0_570
	//0x00002809 LBB0_566
	0x49, 0xc7, 0xc7, 0xff, 0xff, 0xff, 0xff, //0x00002809 movq         $-1, %r15
	0x4c, 0x89, 0xf1, //0x00002810 movq         %r14, %rcx
	0x48, 0x89, 0xf3, //0x00002813 movq         %rsi, %rbx
	0x49, 0xc7, 0xc0, 0xff, 0xff, 0xff, 0xff, //0x00002816 movq         $-1, %r8
	0x49, 0xc7, 0xc2, 0xff, 0xff, 0xff, 0xff, //0x0000281d movq         $-1, %r10
	0xe9, 0xa9, 0xdc, 0xff, 0xff, //0x00002824 jmp          LBB0_65
	//0x00002829 LBB0_567
	0x41, 0xb9, 0x02, 0xfc, 0xff, 0xff, //0x00002829 movl         $-1022, %r9d
	0x45, 0x89, 0xe7, //0x0000282f movl         %r12d, %r15d
	//0x00002832 LBB0_568
	0x4c, 0x89, 0x4d, 0xc0, //0x00002832 movq         %r9, $-64(%rbp)
	0x45, 0x85, 0xff, //0x00002836 testl        %r15d, %r15d
	0x0f, 0x84, 0xb2, 0x00, 0x00, 0x00, //0x00002839 je           LBB0_580
	0x4d, 0x89, 0xe5, //0x0000283f movq         %r12, %r13
	//0x00002842 LBB0_570
	0x49, 0x63, 0xc7, //0x00002842 movslq       %r15d, %rax
	0x48, 0x8d, 0x78, 0xfe, //0x00002845 leaq         $-2(%rax), %rdi
	0x48, 0x8d, 0x50, 0xff, //0x00002849 leaq         $-1(%rax), %rdx
	0x31, 0xf6, //0x0000284d xorl         %esi, %esi
	//0x0000284f LBB0_571
	0x48, 0x8d, 0x0d, 0x8a, 0x3f, 0x00, 0x00, //0x0000284f leaq         $16266(%rip), %rcx  /* _LSHIFT_TAB+0(%rip) */
	0x0f, 0xb6, 0x9c, 0x0e, 0x8c, 0x15, 0x00, 0x00, //0x00002856 movzbl       $5516(%rsi,%rcx), %ebx
	0x41, 0x0f, 0xb6, 0x0c, 0x30, //0x0000285e movzbl       (%r8,%rsi), %ecx
	0x38, 0xd9, //0x00002863 cmpb         %bl, %cl
	0x0f, 0x85, 0xf5, 0x00, 0x00, 0x00, //0x00002865 jne          LBB0_587
	0x48, 0x39, 0xf2, //0x0000286b cmpq         %rsi, %rdx
	0x0f, 0x84, 0x5a, 0x00, 0x00, 0x00, //0x0000286e je           LBB0_578
	0x48, 0x8d, 0x0d, 0x65, 0x3f, 0x00, 0x00, //0x00002874 leaq         $16229(%rip), %rcx  /* _LSHIFT_TAB+0(%rip) */
	0x0f, 0xb6, 0x9c, 0x0e, 0x8d, 0x15, 0x00, 0x00, //0x0000287b movzbl       $5517(%rsi,%rcx), %ebx
	0x41, 0x0f, 0xb6, 0x4c, 0x30, 0x01, //0x00002883 movzbl       $1(%r8,%rsi), %ecx
	0x38, 0xd9, //0x00002889 cmpb         %bl, %cl
	0x0f, 0x85, 0xcf, 0x00, 0x00, 0x00, //0x0000288b jne          LBB0_587
	0x48, 0x39, 0xf7, //0x00002891 cmpq         %rsi, %rdi
	0x0f, 0x84, 0x34, 0x00, 0x00, 0x00, //0x00002894 je           LBB0_578
	0x48, 0x83, 0xfe, 0x24, //0x0000289a cmpq         $36, %rsi
	0x0f, 0x84, 0x42, 0x00, 0x00, 0x00, //0x0000289e je           LBB0_579
	0x48, 0x8d, 0x0d, 0x35, 0x3f, 0x00, 0x00, //0x000028a4 leaq         $16181(%rip), %rcx  /* _LSHIFT_TAB+0(%rip) */
	0x0f, 0xb6, 0x9c, 0x0e, 0x8e, 0x15, 0x00, 0x00, //0x000028ab movzbl       $5518(%rsi,%rcx), %ebx
	0x41, 0x0f, 0xb6, 0x4c, 0x30, 0x02, //0x000028b3 movzbl       $2(%r8,%rsi), %ecx
	0x38, 0xd9, //0x000028b9 cmpb         %bl, %cl
	0x0f, 0x85, 0x9f, 0x00, 0x00, 0x00, //0x000028bb jne          LBB0_587
	0x48, 0x83, 0xc6, 0x03, //0x000028c1 addq         $3, %rsi
	0x48, 0x39, 0xf0, //0x000028c5 cmpq         %rsi, %rax
	0x0f, 0x85, 0x81, 0xff, 0xff, 0xff, //0x000028c8 jne          LBB0_571
	//0x000028ce LBB0_578
	0x44, 0x89, 0xf8, //0x000028ce movl         %r15d, %eax
	0x48, 0x8d, 0x0d, 0x08, 0x3f, 0x00, 0x00, //0x000028d1 leaq         $16136(%rip), %rcx  /* _LSHIFT_TAB+0(%rip) */
	0x80, 0xbc, 0x08, 0x8c, 0x15, 0x00, 0x00, 0x00, //0x000028d8 cmpb         $0, $5516(%rax,%rcx)
	0x0f, 0x85, 0x88, 0x00, 0x00, 0x00, //0x000028e0 jne          LBB0_588
	//0x000028e6 LBB0_579
	0x41, 0xbc, 0x10, 0x00, 0x00, 0x00, //0x000028e6 movl         $16, %r12d
	0xe9, 0x83, 0x00, 0x00, 0x00, //0x000028ec jmp          LBB0_589
	//0x000028f1 LBB0_580
	0x31, 0xc0, //0x000028f1 xorl         %eax, %eax
	//0x000028f3 LBB0_581
	0x48, 0x8b, 0x4d, 0xc8, //0x000028f3 movq         $-56(%rbp), %rcx
	0x49, 0xc7, 0xc1, 0xff, 0xff, 0xff, 0xff, //0x000028f7 movq         $-1, %r9
	0x83, 0xf9, 0x14, //0x000028fe cmpl         $20, %ecx
	0x0f, 0x8f, 0x0b, 0x03, 0x00, 0x00, //0x00002901 jg           LBB0_628
	0x89, 0xca, //0x00002907 movl         %ecx, %edx
	0x49, 0x89, 0xcf, //0x00002909 movq         %rcx, %r15
	0x85, 0xc9, //0x0000290c testl        %ecx, %ecx
	0x0f, 0x8e, 0xdd, 0x01, 0x00, 0x00, //0x0000290e jle          LBB0_607
	0x31, 0xf6, //0x00002914 xorl         %esi, %esi
	0x85, 0xc0, //0x00002916 testl        %eax, %eax
	0xbb, 0x00, 0x00, 0x00, 0x00, //0x00002918 movl         $0, %ebx
	0x0f, 0x4f, 0xd8, //0x0000291d cmovgl       %eax, %ebx
	0x4c, 0x8d, 0x5a, 0xff, //0x00002920 leaq         $-1(%rdx), %r11
	0x49, 0x39, 0xdb, //0x00002924 cmpq         %rbx, %r11
	0x4c, 0x0f, 0x43, 0xdb, //0x00002927 cmovaeq      %rbx, %r11
	0x45, 0x8d, 0x4b, 0x01, //0x0000292b leal         $1(%r11), %r9d
	0x31, 0xc9, //0x0000292f xorl         %ecx, %ecx
	//0x00002931 LBB0_584
	0x48, 0x39, 0xf3, //0x00002931 cmpq         %rsi, %rbx
	0x0f, 0x84, 0xbc, 0x01, 0x00, 0x00, //0x00002934 je           LBB0_608
	0x48, 0x8d, 0x0c, 0x89, //0x0000293a leaq         (%rcx,%rcx,4), %rcx
	0x49, 0x0f, 0xbe, 0x3c, 0x30, //0x0000293e movsbq       (%r8,%rsi), %rdi
	0x48, 0x8d, 0x0c, 0x4f, //0x00002943 leaq         (%rdi,%rcx,2), %rcx
	0x48, 0x83, 0xc1, 0xd0, //0x00002947 addq         $-48, %rcx
	0x48, 0x83, 0xc6, 0x01, //0x0000294b addq         $1, %rsi
	0x48, 0x39, 0xf2, //0x0000294f cmpq         %rsi, %rdx
	0x0f, 0x85, 0xd9, 0xff, 0xff, 0xff, //0x00002952 jne          LBB0_584
	0x45, 0x89, 0xcb, //0x00002958 movl         %r9d, %r11d
	0xe9, 0x96, 0x01, 0x00, 0x00, //0x0000295b jmp          LBB0_608
	//0x00002960 LBB0_587
	0x41, 0xbc, 0x10, 0x00, 0x00, 0x00, //0x00002960 movl         $16, %r12d
	0x38, 0xd9, //0x00002966 cmpb         %bl, %cl
	0x0f, 0x8d, 0x06, 0x00, 0x00, 0x00, //0x00002968 jge          LBB0_589
	//0x0000296e LBB0_588
	0x41, 0xbc, 0x0f, 0x00, 0x00, 0x00, //0x0000296e movl         $15, %r12d
	//0x00002974 LBB0_589
	0x45, 0x85, 0xff, //0x00002974 testl        %r15d, %r15d
	0x0f, 0x8e, 0x16, 0x01, 0x00, 0x00, //0x00002977 jle          LBB0_600
	0x47, 0x8d, 0x34, 0x3c, //0x0000297d leal         (%r12,%r15), %r14d
	0x44, 0x89, 0xff, //0x00002981 movl         %r15d, %edi
	0x49, 0x63, 0xde, //0x00002984 movslq       %r14d, %rbx
	0x48, 0x83, 0xc3, 0xff, //0x00002987 addq         $-1, %rbx
	0x48, 0x83, 0xc7, 0x01, //0x0000298b addq         $1, %rdi
	0x41, 0x83, 0xc7, 0xff, //0x0000298f addl         $-1, %r15d
	0x31, 0xc9, //0x00002993 xorl         %ecx, %ecx
	0x49, 0xb9, 0x00, 0x00, 0x00, 0x00, 0x00, 0x00, 0x00, 0xfa, //0x00002995 movabsq      $-432345564227567616, %r9
	0x4c, 0x8b, 0x5d, 0xb0, //0x0000299f movq         $-80(%rbp), %r11
	0xe9, 0x26, 0x00, 0x00, 0x00, //0x000029a3 jmp          LBB0_593
	//0x000029a8 LBB0_591
	0x48, 0x85, 0xc0, //0x000029a8 testq        %rax, %rax
	0xb8, 0x01, 0x00, 0x00, 0x00, //0x000029ab movl         $1, %eax
	0x44, 0x0f, 0x45, 0xd0, //0x000029b0 cmovnel      %eax, %r10d
	//0x000029b4 LBB0_592
	0x41, 0x83, 0xc6, 0xff, //0x000029b4 addl         $-1, %r14d
	0x48, 0x83, 0xc3, 0xff, //0x000029b8 addq         $-1, %rbx
	0x48, 0x83, 0xc7, 0xff, //0x000029bc addq         $-1, %rdi
	0x41, 0x83, 0xc7, 0xff, //0x000029c0 addl         $-1, %r15d
	0x48, 0x83, 0xff, 0x01, //0x000029c4 cmpq         $1, %rdi
	0x0f, 0x8e, 0x4b, 0x00, 0x00, 0x00, //0x000029c8 jle          LBB0_595
	//0x000029ce LBB0_593
	0x44, 0x89, 0xf8, //0x000029ce movl         %r15d, %eax
	0x49, 0x0f, 0xbe, 0x34, 0x00, //0x000029d1 movsbq       (%r8,%rax), %rsi
	0x48, 0xc1, 0xe6, 0x35, //0x000029d6 shlq         $53, %rsi
	0x48, 0x01, 0xce, //0x000029da addq         %rcx, %rsi
	0x4c, 0x01, 0xce, //0x000029dd addq         %r9, %rsi
	0x48, 0x89, 0xf0, //0x000029e0 movq         %rsi, %rax
	0x48, 0xb9, 0xcd, 0xcc, 0xcc, 0xcc, 0xcc, 0xcc, 0xcc, 0xcc, //0x000029e3 movabsq      $-3689348814741910323, %rcx
	0x48, 0xf7, 0xe1, //0x000029ed mulq         %rcx
	0x48, 0x89, 0xd1, //0x000029f0 movq         %rdx, %rcx
	0x48, 0xc1, 0xe9, 0x03, //0x000029f3 shrq         $3, %rcx
	0x48, 0x8d, 0x04, 0x09, //0x000029f7 leaq         (%rcx,%rcx), %rax
	0x48, 0x8d, 0x14, 0x80, //0x000029fb leaq         (%rax,%rax,4), %rdx
	0x48, 0x89, 0xf0, //0x000029ff movq         %rsi, %rax
	0x48, 0x29, 0xd0, //0x00002a02 subq         %rdx, %rax
	0x4c, 0x39, 0xdb, //0x00002a05 cmpq         %r11, %rbx
	0x0f, 0x83, 0x9a, 0xff, 0xff, 0xff, //0x00002a08 jae          LBB0_591
	0x04, 0x30, //0x00002a0e addb         $48, %al
	0x41, 0x88, 0x04, 0x18, //0x00002a10 movb         %al, (%r8,%rbx)
	0xe9, 0x9b, 0xff, 0xff, 0xff, //0x00002a14 jmp          LBB0_592
	//0x00002a19 LBB0_595
	0x48, 0x83, 0xfe, 0x0a, //0x00002a19 cmpq         $10, %rsi
	0x0f, 0x82, 0x74, 0x00, 0x00, 0x00, //0x00002a1d jb           LBB0_601
	0x49, 0x63, 0xf6, //0x00002a23 movslq       %r14d, %rsi
	0x48, 0x83, 0xc6, 0xff, //0x00002a26 addq         $-1, %rsi
	0xbf, 0x01, 0x00, 0x00, 0x00, //0x00002a2a movl         $1, %edi
	0xe9, 0x18, 0x00, 0x00, 0x00, //0x00002a2f jmp          LBB0_598
	//0x00002a34 LBB0_597
	0x48, 0x85, 0xc0, //0x00002a34 testq        %rax, %rax
	0x44, 0x0f, 0x45, 0xd7, //0x00002a37 cmovnel      %edi, %r10d
	0x48, 0x83, 0xc6, 0xff, //0x00002a3b addq         $-1, %rsi
	0x48, 0x83, 0xf9, 0x09, //0x00002a3f cmpq         $9, %rcx
	0x48, 0x89, 0xd1, //0x00002a43 movq         %rdx, %rcx
	0x0f, 0x86, 0x4b, 0x00, 0x00, 0x00, //0x00002a46 jbe          LBB0_601
	//0x00002a4c LBB0_598
	0x48, 0x89, 0xc8, //0x00002a4c movq         %rcx, %rax
	0x48, 0xba, 0xcd, 0xcc, 0xcc, 0xcc, 0xcc, 0xcc, 0xcc, 0xcc, //0x00002a4f movabsq      $-3689348814741910323, %rdx
	0x48, 0xf7, 0xe2, //0x00002a59 mulq         %rdx
	0x48, 0xc1, 0xea, 0x03, //0x00002a5c shrq         $3, %rdx
	0x48, 0x8d, 0x04, 0x12, //0x00002a60 leaq         (%rdx,%rdx), %rax
	0x48, 0x8d, 0x1c, 0x80, //0x00002a64 leaq         (%rax,%rax,4), %rbx
	0x48, 0x89, 0xc8, //0x00002a68 movq         %rcx, %rax
	0x48, 0x29, 0xd8, //0x00002a6b subq         %rbx, %rax
	0x4c, 0x39, 0xde, //0x00002a6e cmpq         %r11, %rsi
	0x0f, 0x83, 0xbd, 0xff, 0xff, 0xff, //0x00002a71 jae          LBB0_597
	0x04, 0x30, //0x00002a77 addb         $48, %al
	0x41, 0x88, 0x04, 0x30, //0x00002a79 movb         %al, (%r8,%rsi)
	0x48, 0x83, 0xc6, 0xff, //0x00002a7d addq         $-1, %rsi
	0x48, 0x83, 0xf9, 0x09, //0x00002a81 cmpq         $9, %rcx
	0x48, 0x89, 0xd1, //0x00002a85 movq         %rdx, %rcx
	0x0f, 0x87, 0xbe, 0xff, 0xff, 0xff, //0x00002a88 ja           LBB0_598
	0xe9, 0x04, 0x00, 0x00, 0x00, //0x00002a8e jmp          LBB0_601
	//0x00002a93 LBB0_600
	0x4c, 0x8b, 0x5d, 0xb0, //0x00002a93 movq         $-80(%rbp), %r11
	//0x00002a97 LBB0_601
	0x45, 0x01, 0xe5, //0x00002a97 addl         %r12d, %r13d
	0x49, 0x63, 0xc5, //0x00002a9a movslq       %r13d, %rax
	0x49, 0x39, 0xc3, //0x00002a9d cmpq         %rax, %r11
	0x41, 0x0f, 0x46, 0xc3, //0x00002aa0 cmovbel      %r11d, %eax
	0x48, 0x8b, 0x4d, 0xc8, //0x00002aa4 movq         $-56(%rbp), %rcx
	0x44, 0x01, 0xe1, //0x00002aa8 addl         %r12d, %ecx
	0x48, 0x89, 0x4d, 0xc8, //0x00002aab movq         %rcx, $-56(%rbp)
	0x85, 0xc0, //0x00002aaf testl        %eax, %eax
	0x0f, 0x8e, 0x29, 0x00, 0x00, 0x00, //0x00002ab1 jle          LBB0_605
	0x89, 0xc1, //0x00002ab7 movl         %eax, %ecx
	0x48, 0x83, 0xc1, 0x01, //0x00002ab9 addq         $1, %rcx
	//0x00002abd LBB0_603
	0x8d, 0x50, 0xff, //0x00002abd leal         $-1(%rax), %edx
	0x41, 0x80, 0x3c, 0x10, 0x30, //0x00002ac0 cmpb         $48, (%r8,%rdx)
	0x0f, 0x85, 0x28, 0xfe, 0xff, 0xff, //0x00002ac5 jne          LBB0_581
	0x48, 0x83, 0xc1, 0xff, //0x00002acb addq         $-1, %rcx
	0x89, 0xd0, //0x00002acf movl         %edx, %eax
	0x48, 0x83, 0xf9, 0x01, //0x00002ad1 cmpq         $1, %rcx
	0x0f, 0x8f, 0xe2, 0xff, 0xff, 0xff, //0x00002ad5 jg           LBB0_603
	0xe9, 0x08, 0x00, 0x00, 0x00, //0x00002adb jmp          LBB0_606
	//0x00002ae0 LBB0_605
	0x85, 0xc0, //0x00002ae0 testl        %eax, %eax
	0x0f, 0x85, 0x0b, 0xfe, 0xff, 0xff, //0x00002ae2 jne          LBB0_581
	//0x00002ae8 LBB0_606
	0x31, 0xc9, //0x00002ae8 xorl         %ecx, %ecx
	0x31, 0xff, //0x00002aea xorl         %edi, %edi
	0xe9, 0xb9, 0x00, 0x00, 0x00, //0x00002aec jmp          LBB0_623
	//0x00002af1 LBB0_607
	0x45, 0x31, 0xdb, //0x00002af1 xorl         %r11d, %r11d
	0x31, 0xc9, //0x00002af4 xorl         %ecx, %ecx
	//0x00002af6 LBB0_608
	0x4c, 0x89, 0xfb, //0x00002af6 movq         %r15, %rbx
	0x85, 0xdb, //0x00002af9 testl        %ebx, %ebx
	0x41, 0x0f, 0x9e, 0xc1, //0x00002afb setle        %r9b
	0x89, 0xde, //0x00002aff movl         %ebx, %esi
	0x44, 0x29, 0xde, //0x00002b01 subl         %r11d, %esi
	0x0f, 0x8e, 0x4d, 0x00, 0x00, 0x00, //0x00002b04 jle          LBB0_616
	0x45, 0x89, 0xde, //0x00002b0a movl         %r11d, %r14d
	0x41, 0xf7, 0xd6, //0x00002b0d notl         %r14d
	0x41, 0x01, 0xde, //0x00002b10 addl         %ebx, %r14d
	0x83, 0xe6, 0x07, //0x00002b13 andl         $7, %esi
	0x0f, 0x84, 0x19, 0x00, 0x00, 0x00, //0x00002b16 je           LBB0_613
	0xf7, 0xde, //0x00002b1c negl         %esi
	0x31, 0xdb, //0x00002b1e xorl         %ebx, %ebx
	//0x00002b20 LBB0_611
	0x48, 0x01, 0xc9, //0x00002b20 addq         %rcx, %rcx
	0x48, 0x8d, 0x0c, 0x89, //0x00002b23 leaq         (%rcx,%rcx,4), %rcx
	0x83, 0xc3, 0xff, //0x00002b27 addl         $-1, %ebx
	0x39, 0xde, //0x00002b2a cmpl         %ebx, %esi
	0x0f, 0x85, 0xee, 0xff, 0xff, 0xff, //0x00002b2c jne          LBB0_611
	0x41, 0x29, 0xdb, //0x00002b32 subl         %ebx, %r11d
	//0x00002b35 LBB0_613
	0x41, 0x83, 0xfe, 0x07, //0x00002b35 cmpl         $7, %r14d
	0x4c, 0x89, 0xfb, //0x00002b39 movq         %r15, %rbx
	0x0f, 0x82, 0x15, 0x00, 0x00, 0x00, //0x00002b3c jb           LBB0_616
	0x89, 0xde, //0x00002b42 movl         %ebx, %esi
	0x44, 0x29, 0xde, //0x00002b44 subl         %r11d, %esi
	//0x00002b47 LBB0_615
	0x48, 0x69, 0xc9, 0x00, 0xe1, 0xf5, 0x05, //0x00002b47 imulq        $100000000, %rcx, %rcx
	0x83, 0xc6, 0xf8, //0x00002b4e addl         $-8, %esi
	0x0f, 0x85, 0xf0, 0xff, 0xff, 0xff, //0x00002b51 jne          LBB0_615
	//0x00002b57 LBB0_616
	0x31, 0xff, //0x00002b57 xorl         %edi, %edi
	0x85, 0xdb, //0x00002b59 testl        %ebx, %ebx
	0x0f, 0x88, 0x49, 0x00, 0x00, 0x00, //0x00002b5b js           LBB0_623
	0x39, 0xd8, //0x00002b61 cmpl         %ebx, %eax
	0x0f, 0x8e, 0x41, 0x00, 0x00, 0x00, //0x00002b63 jle          LBB0_623
	0x41, 0x8a, 0x14, 0x10, //0x00002b69 movb         (%r8,%rdx), %dl
	0x80, 0xfa, 0x35, //0x00002b6d cmpb         $53, %dl
	0x0f, 0x85, 0x2d, 0x00, 0x00, 0x00, //0x00002b70 jne          LBB0_622
	0x41, 0x8d, 0x77, 0x01, //0x00002b76 leal         $1(%r15), %esi
	0x39, 0xc6, //0x00002b7a cmpl         %eax, %esi
	0x0f, 0x85, 0x21, 0x00, 0x00, 0x00, //0x00002b7c jne          LBB0_622
	0x45, 0x85, 0xd2, //0x00002b82 testl        %r10d, %r10d
	0x40, 0x0f, 0x95, 0xc7, //0x00002b85 setne        %dil
	0x41, 0x08, 0xf9, //0x00002b89 orb          %dil, %r9b
	0x0f, 0x85, 0x18, 0x00, 0x00, 0x00, //0x00002b8c jne          LBB0_623
	0x41, 0x83, 0xc7, 0xff, //0x00002b92 addl         $-1, %r15d
	0x43, 0x8a, 0x3c, 0x38, //0x00002b96 movb         (%r8,%r15), %dil
	0x40, 0x80, 0xe7, 0x01, //0x00002b9a andb         $1, %dil
	0xe9, 0x07, 0x00, 0x00, 0x00, //0x00002b9e jmp          LBB0_623
	//0x00002ba3 LBB0_622
	0x80, 0xfa, 0x35, //0x00002ba3 cmpb         $53, %dl
	0x40, 0x0f, 0x9d, 0xc7, //0x00002ba6 setge        %dil
	//0x00002baa LBB0_623
	0x44, 0x0f, 0xb6, 0xcf, //0x00002baa movzbl       %dil, %r9d
	0x49, 0x01, 0xc9, //0x00002bae addq         %rcx, %r9
	0x48, 0xb8, 0x00, 0x00, 0x00, 0x00, 0x00, 0x00, 0x20, 0x00, //0x00002bb1 movabsq      $9007199254740992, %rax
	0x49, 0x39, 0xc1, //0x00002bbb cmpq         %rax, %r9
	0x0f, 0x85, 0x4e, 0x00, 0x00, 0x00, //0x00002bbe jne          LBB0_628
	0x48, 0x8b, 0x45, 0xc0, //0x00002bc4 movq         $-64(%rbp), %rax
	0x3d, 0xfe, 0x03, 0x00, 0x00, //0x00002bc8 cmpl         $1022, %eax
	0x0f, 0x8e, 0x1f, 0x00, 0x00, 0x00, //0x00002bcd jle          LBB0_626
	0x45, 0x31, 0xc9, //0x00002bd3 xorl         %r9d, %r9d
	0x48, 0xb9, 0x00, 0x00, 0x00, 0x00, 0x00, 0x00, 0xf0, 0x7f, //0x00002bd6 movabsq      $9218868437227405312, %rcx
	0x49, 0xbd, 0x00, 0x00, 0x00, 0x00, 0x00, 0x00, 0x00, 0x80, //0x00002be0 movabsq      $-9223372036854775808, %r13
	0x8a, 0x55, 0xd7, //0x00002bea movb         $-41(%rbp), %dl
	0xe9, 0x4f, 0x00, 0x00, 0x00, //0x00002bed jmp          LBB0_631
	//0x00002bf2 LBB0_626
	0x83, 0xc0, 0x01, //0x00002bf2 addl         $1, %eax
	0x48, 0x89, 0x45, 0xc0, //0x00002bf5 movq         %rax, $-64(%rbp)
	0x48, 0x8b, 0x45, 0x90, //0x00002bf9 movq         $-112(%rbp), %rax
	0x49, 0x89, 0xc1, //0x00002bfd movq         %rax, %r9
	0x49, 0xbd, 0x00, 0x00, 0x00, 0x00, 0x00, 0x00, 0x00, 0x80, //0x00002c00 movabsq      $-9223372036854775808, %r13
	0xe9, 0x11, 0x00, 0x00, 0x00, //0x00002c0a jmp          LBB0_629
	//0x00002c0f LBB0_627
	0x45, 0x31, 0xc9, //0x00002c0f xorl         %r9d, %r9d
	//0x00002c12 LBB0_628
	0x49, 0xbd, 0x00, 0x00, 0x00, 0x00, 0x00, 0x00, 0x00, 0x80, //0x00002c12 movabsq      $-9223372036854775808, %r13
	0x48, 0x8b, 0x45, 0x90, //0x00002c1c movq         $-112(%rbp), %rax
	//0x00002c20 LBB0_629
	0x8a, 0x55, 0xd7, //0x00002c20 movb         $-41(%rbp), %dl
	//0x00002c23 LBB0_630
	0x4c, 0x21, 0xc8, //0x00002c23 andq         %r9, %rax
	0x48, 0x8b, 0x4d, 0xc0, //0x00002c26 movq         $-64(%rbp), %rcx
	0x81, 0xc1, 0xff, 0x03, 0x00, 0x00, //0x00002c2a addl         $1023, %ecx
	0x81, 0xe1, 0xff, 0x07, 0x00, 0x00, //0x00002c30 andl         $2047, %ecx
	0x48, 0xc1, 0xe1, 0x34, //0x00002c36 shlq         $52, %rcx
	0x48, 0x85, 0xc0, //0x00002c3a testq        %rax, %rax
	0x48, 0x0f, 0x44, 0xc8, //0x00002c3d cmoveq       %rax, %rcx
	//0x00002c41 LBB0_631
	0x48, 0xb8, 0xff, 0xff, 0xff, 0xff, 0xff, 0xff, 0x0f, 0x00, //0x00002c41 movabsq      $4503599627370495, %rax
	0x49, 0x21, 0xc1, //0x00002c4b andq         %rax, %r9
	0x49, 0x09, 0xc9, //0x00002c4e orq          %rcx, %r9
	0x4c, 0x89, 0xc8, //0x00002c51 movq         %r9, %rax
	0x4c, 0x09, 0xe8, //0x00002c54 orq          %r13, %rax
	0x80, 0xfa, 0x2d, //0x00002c57 cmpb         $45, %dl
	0x49, 0x0f, 0x45, 0xc1, //0x00002c5a cmovneq      %r9, %rax
	0x66, 0x48, 0x0f, 0x6e, 0xc0, //0x00002c5e movq         %rax, %xmm0
	//0x00002c63 LBB0_632
	0x66, 0x48, 0x0f, 0x7e, 0xc0, //0x00002c63 movq         %xmm0, %rax
	0x49, 0x83, 0xc5, 0xff, //0x00002c68 addq         $-1, %r13
	0x49, 0x21, 0xc5, //0x00002c6c andq         %rax, %r13
	0x48, 0xb8, 0x00, 0x00, 0x00, 0x00, 0x00, 0x00, 0xf0, 0x7f, //0x00002c6f movabsq      $9218868437227405312, %rax
	0x49, 0x39, 0xc5, //0x00002c79 cmpq         %rax, %r13
	0x48, 0x8b, 0x45, 0xa8, //0x00002c7c movq         $-88(%rbp), %rax
	0x0f, 0x85, 0x07, 0x00, 0x00, 0x00, //0x00002c80 jne          LBB0_634
	0x48, 0xc7, 0x00, 0xf8, 0xff, 0xff, 0xff, //0x00002c86 movq         $-8, (%rax)
	//0x00002c8d LBB0_634
	0xf2, 0x0f, 0x11, 0x40, 0x08, //0x00002c8d movsd        %xmm0, $8(%rax)
	0x4c, 0x8b, 0x75, 0x98, //0x00002c92 movq         $-104(%rbp), %r14
	0xe9, 0x18, 0xd6, 0xff, 0xff, //0x00002c96 jmp          LBB0_39
	//0x00002c9b LBB0_637
	0x4c, 0x8d, 0x0c, 0x17, //0x00002c9b leaq         (%rdi,%rdx), %r9
	0x48, 0xc7, 0x45, 0xc8, 0xff, 0xff, 0xff, 0xff, //0x00002c9f movq         $-1, $-56(%rbp)
	0x45, 0x31, 0xf6, //0x00002ca7 xorl         %r14d, %r14d
	0x48, 0x83, 0xfe, 0x20, //0x00002caa cmpq         $32, %rsi
	0x0f, 0x83, 0x2f, 0xeb, 0xff, 0xff, //0x00002cae jae          LBB0_324
	//0x00002cb4 LBB0_638
	0x4c, 0x89, 0xf1, //0x00002cb4 movq         %r14, %rcx
	0xe9, 0x07, 0x04, 0x00, 0x00, //0x00002cb7 jmp          LBB0_695
	//0x00002cbc LBB0_639
	0x48, 0xc7, 0x45, 0xc8, 0xff, 0xff, 0xff, 0xff, //0x00002cbc movq         $-1, $-56(%rbp)
	0x45, 0x31, 0xff, //0x00002cc4 xorl         %r15d, %r15d
	0x48, 0x89, 0x55, 0xc0, //0x00002cc7 movq         %rdx, $-64(%rbp)
	//0x00002ccb LBB0_640
	0x49, 0x83, 0xfc, 0x20, //0x00002ccb cmpq         $32, %r12
	0x0f, 0x82, 0x02, 0x01, 0x00, 0x00, //0x00002ccf jb           LBB0_654
	0xf3, 0x41, 0x0f, 0x6f, 0x00, //0x00002cd5 movdqu       (%r8), %xmm0
	0xf3, 0x41, 0x0f, 0x6f, 0x48, 0x10, //0x00002cda movdqu       $16(%r8), %xmm1
	0xf3, 0x0f, 0x6f, 0x15, 0x18, 0xd3, 0xff, 0xff, //0x00002ce0 movdqu       $-11496(%rip), %xmm2  /* LCPI0_0+0(%rip) */
	0x66, 0x0f, 0x6f, 0xd8, //0x00002ce8 movdqa       %xmm0, %xmm3
	0x66, 0x0f, 0x74, 0xda, //0x00002cec pcmpeqb      %xmm2, %xmm3
	0x66, 0x44, 0x0f, 0xd7, 0xf3, //0x00002cf0 pmovmskb     %xmm3, %r14d
	0x66, 0x0f, 0x74, 0xd1, //0x00002cf5 pcmpeqb      %xmm1, %xmm2
	0x66, 0x0f, 0xd7, 0xda, //0x00002cf9 pmovmskb     %xmm2, %ebx
	0xf3, 0x0f, 0x6f, 0x15, 0x0b, 0xd3, 0xff, 0xff, //0x00002cfd movdqu       $-11509(%rip), %xmm2  /* LCPI0_1+0(%rip) */
	0x66, 0x0f, 0x6f, 0xd8, //0x00002d05 movdqa       %xmm0, %xmm3
	0x66, 0x0f, 0x74, 0xda, //0x00002d09 pcmpeqb      %xmm2, %xmm3
	0x66, 0x0f, 0xd7, 0xcb, //0x00002d0d pmovmskb     %xmm3, %ecx
	0x66, 0x0f, 0x74, 0xd1, //0x00002d11 pcmpeqb      %xmm1, %xmm2
	0x66, 0x0f, 0xd7, 0xc2, //0x00002d15 pmovmskb     %xmm2, %eax
	0xf3, 0x0f, 0x6f, 0x15, 0xff, 0xd2, 0xff, 0xff, //0x00002d19 movdqu       $-11521(%rip), %xmm2  /* LCPI0_2+0(%rip) */
	0x66, 0x0f, 0x6f, 0xda, //0x00002d21 movdqa       %xmm2, %xmm3
	0x66, 0x0f, 0x64, 0xd8, //0x00002d25 pcmpgtb      %xmm0, %xmm3
	0x66, 0x0f, 0x76, 0xe4, //0x00002d29 pcmpeqd      %xmm4, %xmm4
	0x66, 0x0f, 0x64, 0xc4, //0x00002d2d pcmpgtb      %xmm4, %xmm0
	0x66, 0x0f, 0xdb, 0xc3, //0x00002d31 pand         %xmm3, %xmm0
	0x66, 0x44, 0x0f, 0xd7, 0xc8, //0x00002d35 pmovmskb     %xmm0, %r9d
	0x66, 0x0f, 0x64, 0xd1, //0x00002d3a pcmpgtb      %xmm1, %xmm2
	0x66, 0x0f, 0x64, 0xcc, //0x00002d3e pcmpgtb      %xmm4, %xmm1
	0x66, 0x0f, 0xdb, 0xca, //0x00002d42 pand         %xmm2, %xmm1
	0x66, 0x44, 0x0f, 0xd7, 0xe9, //0x00002d46 pmovmskb     %xmm1, %r13d
	0x48, 0xc1, 0xe3, 0x10, //0x00002d4b shlq         $16, %rbx
	0x49, 0x09, 0xde, //0x00002d4f orq          %rbx, %r14
	0x48, 0xc1, 0xe0, 0x10, //0x00002d52 shlq         $16, %rax
	0x49, 0xc1, 0xe5, 0x10, //0x00002d56 shlq         $16, %r13
	0x48, 0x09, 0xc1, //0x00002d5a orq          %rax, %rcx
	0x0f, 0x85, 0x2a, 0x04, 0x00, 0x00, //0x00002d5d jne          LBB0_708
	0x4d, 0x85, 0xff, //0x00002d63 testq        %r15, %r15
	0x0f, 0x85, 0x3d, 0x04, 0x00, 0x00, //0x00002d66 jne          LBB0_710
	0x45, 0x31, 0xff, //0x00002d6c xorl         %r15d, %r15d
	0x31, 0xf6, //0x00002d6f xorl         %esi, %esi
	//0x00002d71 LBB0_644
	0x4d, 0x09, 0xcd, //0x00002d71 orq          %r9, %r13
	0xbb, 0x40, 0x00, 0x00, 0x00, //0x00002d74 movl         $64, %ebx
	0xb9, 0x40, 0x00, 0x00, 0x00, //0x00002d79 movl         $64, %ecx
	0x4d, 0x85, 0xf6, //0x00002d7e testq        %r14, %r14
	0x0f, 0x84, 0x04, 0x00, 0x00, 0x00, //0x00002d81 je           LBB0_646
	0x49, 0x0f, 0xbc, 0xce, //0x00002d87 bsfq         %r14, %rcx
	//0x00002d8b LBB0_646
	0x4d, 0x85, 0xed, //0x00002d8b testq        %r13, %r13
	0x0f, 0x84, 0x04, 0x00, 0x00, 0x00, //0x00002d8e je           LBB0_648
	0x49, 0x0f, 0xbc, 0xdd, //0x00002d94 bsfq         %r13, %rbx
	//0x00002d98 LBB0_648
	0x4d, 0x89, 0xc1, //0x00002d98 movq         %r8, %r9
	0x49, 0x29, 0xf9, //0x00002d9b subq         %rdi, %r9
	0x48, 0x85, 0xf6, //0x00002d9e testq        %rsi, %rsi
	0x0f, 0x85, 0xac, 0x06, 0x00, 0x00, //0x00002da1 jne          LBB0_737
	//0x00002da7 LBB0_649
	0x4d, 0x85, 0xf6, //0x00002da7 testq        %r14, %r14
	0x0f, 0x84, 0x16, 0x00, 0x00, 0x00, //0x00002daa je           LBB0_652
	0x48, 0x39, 0xcb, //0x00002db0 cmpq         %rcx, %rbx
	0x0f, 0x82, 0x39, 0x07, 0x00, 0x00, //0x00002db3 jb           LBB0_690
	0x4d, 0x8d, 0x34, 0x09, //0x00002db9 leaq         (%r9,%rcx), %r14
	0x49, 0x83, 0xc6, 0x01, //0x00002dbd addq         $1, %r14
	0xe9, 0xe9, 0xda, 0xff, 0xff, //0x00002dc1 jmp          LBB0_121
	//0x00002dc6 LBB0_652
	0x4d, 0x85, 0xed, //0x00002dc6 testq        %r13, %r13
	0x0f, 0x85, 0x23, 0x07, 0x00, 0x00, //0x00002dc9 jne          LBB0_690
	0x49, 0x83, 0xc0, 0x20, //0x00002dcf addq         $32, %r8
	0x49, 0x83, 0xc4, 0xe0, //0x00002dd3 addq         $-32, %r12
	//0x00002dd7 LBB0_654
	0x4d, 0x85, 0xff, //0x00002dd7 testq        %r15, %r15
	0x0f, 0x85, 0x40, 0x04, 0x00, 0x00, //0x00002dda jne          LBB0_714
	0x48, 0x8b, 0x45, 0xc8, //0x00002de0 movq         $-56(%rbp), %rax
	0x4d, 0x85, 0xe4, //0x00002de4 testq        %r12, %r12
	0x0f, 0x84, 0x6d, 0x04, 0x00, 0x00, //0x00002de7 je           LBB0_636
	//0x00002ded LBB0_656
	0x48, 0x8d, 0x0d, 0xa4, 0x0b, 0x00, 0x00, //0x00002ded leaq         $2980(%rip), %rcx  /* LJTI0_3+0(%rip) */
	//0x00002df4 LBB0_657
	0x41, 0x0f, 0xb6, 0x18, //0x00002df4 movzbl       (%r8), %ebx
	0x80, 0xfb, 0x22, //0x00002df8 cmpb         $34, %bl
	0x0f, 0x84, 0x55, 0x02, 0x00, 0x00, //0x00002dfb je           LBB0_684
	0x80, 0xfb, 0x5c, //0x00002e01 cmpb         $92, %bl
	0x0f, 0x84, 0x1f, 0x00, 0x00, 0x00, //0x00002e04 je           LBB0_661
	0x80, 0xfb, 0x20, //0x00002e0a cmpb         $32, %bl
	0x0f, 0x82, 0xdf, 0x06, 0x00, 0x00, //0x00002e0d jb           LBB0_690
	0x49, 0x83, 0xc0, 0x01, //0x00002e13 addq         $1, %r8
	0x49, 0x83, 0xc4, 0xff, //0x00002e17 addq         $-1, %r12
	0x4d, 0x85, 0xe4, //0x00002e1b testq        %r12, %r12
	0x0f, 0x85, 0xd0, 0xff, 0xff, 0xff, //0x00002e1e jne          LBB0_657
	0xe9, 0x31, 0x04, 0x00, 0x00, //0x00002e24 jmp          LBB0_636
	//0x00002e29 LBB0_661
	0x49, 0x83, 0xfc, 0x01, //0x00002e29 cmpq         $1, %r12
	0x0f, 0x84, 0x27, 0x04, 0x00, 0x00, //0x00002e2d je           LBB0_636
	0x4d, 0x89, 0xc1, //0x00002e33 movq         %r8, %r9
	0x49, 0x29, 0xf9, //0x00002e36 subq         %rdi, %r9
	0x48, 0x83, 0xf8, 0xff, //0x00002e39 cmpq         $-1, %rax
	0x48, 0x8b, 0x5d, 0xc8, //0x00002e3d movq         $-56(%rbp), %rbx
	0x49, 0x0f, 0x44, 0xd9, //0x00002e41 cmoveq       %r9, %rbx
	0x48, 0x89, 0x5d, 0xc8, //0x00002e45 movq         %rbx, $-56(%rbp)
	0x49, 0x0f, 0x44, 0xc1, //0x00002e49 cmoveq       %r9, %rax
	0x49, 0x83, 0xc1, 0x01, //0x00002e4d addq         $1, %r9
	0x4c, 0x8b, 0x55, 0xb0, //0x00002e51 movq         $-80(%rbp), %r10
	0x4d, 0x29, 0xca, //0x00002e55 subq         %r9, %r10
	0x0f, 0x84, 0xfc, 0x03, 0x00, 0x00, //0x00002e58 je           LBB0_636
	0x42, 0x0f, 0xbe, 0x1c, 0x0f, //0x00002e5e movsbl       (%rdi,%r9), %ebx
	0x49, 0xc7, 0xc3, 0xfe, 0xff, 0xff, 0xff, //0x00002e63 movq         $-2, %r11
	0x83, 0xc3, 0xde, //0x00002e6a addl         $-34, %ebx
	0x83, 0xfb, 0x53, //0x00002e6d cmpl         $83, %ebx
	0x0f, 0x87, 0x5d, 0xe1, 0xff, 0xff, //0x00002e70 ja           LBB0_205
	0x48, 0x63, 0x1c, 0x99, //0x00002e76 movslq       (%rcx,%rbx,4), %rbx
	0x48, 0x01, 0xcb, //0x00002e7a addq         %rcx, %rbx
	0xff, 0xe3, //0x00002e7d jmpq         *%rbx
	//0x00002e7f LBB0_665
	0x4d, 0x8d, 0x59, 0x01, //0x00002e7f leaq         $1(%r9), %r11
	//0x00002e83 LBB0_666
	0x4d, 0x85, 0xdb, //0x00002e83 testq        %r11, %r11
	0x0f, 0x88, 0x47, 0xe1, 0xff, 0xff, //0x00002e86 js           LBB0_205
	0x4d, 0x29, 0xcb, //0x00002e8c subq         %r9, %r11
	0x49, 0x8d, 0x5b, 0x01, //0x00002e8f leaq         $1(%r11), %rbx
	0x49, 0x29, 0xdc, //0x00002e93 subq         %rbx, %r12
	0x4d, 0x01, 0xd8, //0x00002e96 addq         %r11, %r8
	0x49, 0x83, 0xc0, 0x01, //0x00002e99 addq         $1, %r8
	0x4d, 0x85, 0xe4, //0x00002e9d testq        %r12, %r12
	0x0f, 0x85, 0x4e, 0xff, 0xff, 0xff, //0x00002ea0 jne          LBB0_657
	0xe9, 0xaf, 0x03, 0x00, 0x00, //0x00002ea6 jmp          LBB0_636
	//0x00002eab LBB0_668
	0x49, 0x83, 0xfa, 0x05, //0x00002eab cmpq         $5, %r10
	0x0f, 0x82, 0xa5, 0x03, 0x00, 0x00, //0x00002eaf jb           LBB0_636
	0x46, 0x8b, 0x74, 0x0f, 0x01, //0x00002eb5 movl         $1(%rdi,%r9), %r14d
	0x45, 0x89, 0xf5, //0x00002eba movl         %r14d, %r13d
	0x41, 0xf7, 0xd5, //0x00002ebd notl         %r13d
	0x41, 0x8d, 0x9e, 0xd0, 0xcf, 0xcf, 0xcf, //0x00002ec0 leal         $-808464432(%r14), %ebx
	0x41, 0x81, 0xe5, 0x80, 0x80, 0x80, 0x80, //0x00002ec7 andl         $-2139062144, %r13d
	0x41, 0x85, 0xdd, //0x00002ece testl        %ebx, %r13d
	0x0f, 0x85, 0xfc, 0xe0, 0xff, 0xff, //0x00002ed1 jne          LBB0_205
	0x41, 0x8d, 0x9e, 0x19, 0x19, 0x19, 0x19, //0x00002ed7 leal         $421075225(%r14), %ebx
	0x44, 0x09, 0xf3, //0x00002ede orl          %r14d, %ebx
	0xf7, 0xc3, 0x80, 0x80, 0x80, 0x80, //0x00002ee1 testl        $-2139062144, %ebx
	0x0f, 0x85, 0xe6, 0xe0, 0xff, 0xff, //0x00002ee7 jne          LBB0_205
	0x45, 0x89, 0xf7, //0x00002eed movl         %r14d, %r15d
	0x41, 0x81, 0xe7, 0x7f, 0x7f, 0x7f, 0x7f, //0x00002ef0 andl         $2139062143, %r15d
	0xbb, 0xc0, 0xc0, 0xc0, 0xc0, //0x00002ef7 movl         $-1061109568, %ebx
	0x44, 0x29, 0xfb, //0x00002efc subl         %r15d, %ebx
	0x41, 0x8d, 0xb7, 0x46, 0x46, 0x46, 0x46, //0x00002eff leal         $1179010630(%r15), %esi
	0x44, 0x21, 0xeb, //0x00002f06 andl         %r13d, %ebx
	0x85, 0xf3, //0x00002f09 testl        %esi, %ebx
	0x0f, 0x85, 0xc2, 0xe0, 0xff, 0xff, //0x00002f0b jne          LBB0_205
	0xbb, 0xe0, 0xe0, 0xe0, 0xe0, //0x00002f11 movl         $-522133280, %ebx
	0x44, 0x29, 0xfb, //0x00002f16 subl         %r15d, %ebx
	0x41, 0x81, 0xc7, 0x39, 0x39, 0x39, 0x39, //0x00002f19 addl         $960051513, %r15d
	0x41, 0x21, 0xdd, //0x00002f20 andl         %ebx, %r13d
	0x45, 0x85, 0xfd, //0x00002f23 testl        %r15d, %r13d
	0x0f, 0x85, 0xa7, 0xe0, 0xff, 0xff, //0x00002f26 jne          LBB0_205
	0x41, 0x0f, 0xce, //0x00002f2c bswapl       %r14d
	0x44, 0x89, 0xf3, //0x00002f2f movl         %r14d, %ebx
	0xc1, 0xeb, 0x04, //0x00002f32 shrl         $4, %ebx
	0xf7, 0xd3, //0x00002f35 notl         %ebx
	0x81, 0xe3, 0x01, 0x01, 0x01, 0x01, //0x00002f37 andl         $16843009, %ebx
	0x8d, 0x1c, 0xdb, //0x00002f3d leal         (%rbx,%rbx,8), %ebx
	0x41, 0x81, 0xe6, 0x0f, 0x0f, 0x0f, 0x0f, //0x00002f40 andl         $252645135, %r14d
	0x41, 0x01, 0xde, //0x00002f47 addl         %ebx, %r14d
	0x44, 0x89, 0xf3, //0x00002f4a movl         %r14d, %ebx
	0xc1, 0xeb, 0x0c, //0x00002f4d shrl         $12, %ebx
	0x41, 0xc1, 0xee, 0x08, //0x00002f50 shrl         $8, %r14d
	0x41, 0x09, 0xde, //0x00002f54 orl          %ebx, %r14d
	0x41, 0x81, 0xe6, 0x00, 0xfc, 0x00, 0x00, //0x00002f57 andl         $64512, %r14d
	0x41, 0x81, 0xfe, 0x00, 0xd8, 0x00, 0x00, //0x00002f5e cmpl         $55296, %r14d
	0x0f, 0x85, 0xe2, 0x00, 0x00, 0x00, //0x00002f65 jne          LBB0_683
	0x49, 0x83, 0xfa, 0x0b, //0x00002f6b cmpq         $11, %r10
	0x0f, 0x82, 0xd8, 0x00, 0x00, 0x00, //0x00002f6f jb           LBB0_683
	0x42, 0x80, 0x7c, 0x0f, 0x05, 0x5c, //0x00002f75 cmpb         $92, $5(%rdi,%r9)
	0x0f, 0x85, 0xcc, 0x00, 0x00, 0x00, //0x00002f7b jne          LBB0_683
	0x42, 0x80, 0x7c, 0x0f, 0x06, 0x75, //0x00002f81 cmpb         $117, $6(%rdi,%r9)
	0x0f, 0x85, 0xc0, 0x00, 0x00, 0x00, //0x00002f87 jne          LBB0_683
	0x46, 0x8b, 0x54, 0x0f, 0x07, //0x00002f8d movl         $7(%rdi,%r9), %r10d
	0x45, 0x89, 0xd6, //0x00002f92 movl         %r10d, %r14d
	0x41, 0xf7, 0xd6, //0x00002f95 notl         %r14d
	0x45, 0x8d, 0x9a, 0xd0, 0xcf, 0xcf, 0xcf, //0x00002f98 leal         $-808464432(%r10), %r11d
	0x41, 0x81, 0xe6, 0x80, 0x80, 0x80, 0x80, //0x00002f9f andl         $-2139062144, %r14d
	0x45, 0x85, 0xde, //0x00002fa6 testl        %r11d, %r14d
	0x0f, 0x85, 0x9e, 0x00, 0x00, 0x00, //0x00002fa9 jne          LBB0_683
	0x41, 0x8d, 0x9a, 0x19, 0x19, 0x19, 0x19, //0x00002faf leal         $421075225(%r10), %ebx
	0x44, 0x09, 0xd3, //0x00002fb6 orl          %r10d, %ebx
	0xf7, 0xc3, 0x80, 0x80, 0x80, 0x80, //0x00002fb9 testl        $-2139062144, %ebx
	0x0f, 0x85, 0x88, 0x00, 0x00, 0x00, //0x00002fbf jne          LBB0_683
	0x45, 0x89, 0xd3, //0x00002fc5 movl         %r10d, %r11d
	0x41, 0x81, 0xe3, 0x7f, 0x7f, 0x7f, 0x7f, //0x00002fc8 andl         $2139062143, %r11d
	0xbb, 0xc0, 0xc0, 0xc0, 0xc0, //0x00002fcf movl         $-1061109568, %ebx
	0x44, 0x29, 0xdb, //0x00002fd4 subl         %r11d, %ebx
	0x45, 0x8d, 0xbb, 0x46, 0x46, 0x46, 0x46, //0x00002fd7 leal         $1179010630(%r11), %r15d
	0x44, 0x21, 0xf3, //0x00002fde andl         %r14d, %ebx
	0x44, 0x85, 0xfb, //0x00002fe1 testl        %r15d, %ebx
	0x0f, 0x85, 0x63, 0x00, 0x00, 0x00, //0x00002fe4 jne          LBB0_683
	0xbb, 0xe0, 0xe0, 0xe0, 0xe0, //0x00002fea movl         $-522133280, %ebx
	0x44, 0x29, 0xdb, //0x00002fef subl         %r11d, %ebx
	0x41, 0x81, 0xc3, 0x39, 0x39, 0x39, 0x39, //0x00002ff2 addl         $960051513, %r11d
	0x41, 0x21, 0xde, //0x00002ff9 andl         %ebx, %r14d
	0x45, 0x85, 0xde, //0x00002ffc testl        %r11d, %r14d
	0x0f, 0x85, 0x48, 0x00, 0x00, 0x00, //0x00002fff jne          LBB0_683
	0x41, 0x0f, 0xca, //0x00003005 bswapl       %r10d
	0x44, 0x89, 0xd3, //0x00003008 movl         %r10d, %ebx
	0xc1, 0xeb, 0x04, //0x0000300b shrl         $4, %ebx
	0xf7, 0xd3, //0x0000300e notl         %ebx
	0x81, 0xe3, 0x01, 0x01, 0x01, 0x01, //0x00003010 andl         $16843009, %ebx
	0x8d, 0x1c, 0xdb, //0x00003016 leal         (%rbx,%rbx,8), %ebx
	0x41, 0x81, 0xe2, 0x0f, 0x0f, 0x0f, 0x0f, //0x00003019 andl         $252645135, %r10d
	0x41, 0x01, 0xda, //0x00003020 addl         %ebx, %r10d
	0x44, 0x89, 0xd3, //0x00003023 movl         %r10d, %ebx
	0xc1, 0xeb, 0x0c, //0x00003026 shrl         $12, %ebx
	0x41, 0xc1, 0xea, 0x08, //0x00003029 shrl         $8, %r10d
	0x41, 0x09, 0xda, //0x0000302d orl          %ebx, %r10d
	0x41, 0x81, 0xe2, 0x00, 0xfc, 0x00, 0x00, //0x00003030 andl         $64512, %r10d
	0x41, 0x81, 0xfa, 0x00, 0xdc, 0x00, 0x00, //0x00003037 cmpl         $56320, %r10d
	0x0f, 0x85, 0x09, 0x00, 0x00, 0x00, //0x0000303e jne          LBB0_683
	0x4d, 0x8d, 0x59, 0x0b, //0x00003044 leaq         $11(%r9), %r11
	0xe9, 0x36, 0xfe, 0xff, 0xff, //0x00003048 jmp          LBB0_666
	//0x0000304d LBB0_683
	0x4d, 0x8d, 0x59, 0x05, //0x0000304d leaq         $5(%r9), %r11
	0xe9, 0x2d, 0xfe, 0xff, 0xff, //0x00003051 jmp          LBB0_666
	//0x00003056 LBB0_684
	0x49, 0x29, 0xf8, //0x00003056 subq         %rdi, %r8
	0x49, 0x83, 0xc0, 0x01, //0x00003059 addq         $1, %r8
	0x4d, 0x89, 0xc6, //0x0000305d movq         %r8, %r14
	0xe9, 0x4a, 0xd8, 0xff, 0xff, //0x00003060 jmp          LBB0_121
	//0x00003065 LBB0_691
	0x48, 0x83, 0x7d, 0xc8, 0xff, //0x00003065 cmpq         $-1, $-56(%rbp)
	0x0f, 0x85, 0x11, 0x00, 0x00, 0x00, //0x0000306a jne          LBB0_693
	0x4d, 0x89, 0xca, //0x00003070 movq         %r9, %r10
	0x49, 0x29, 0xfa, //0x00003073 subq         %rdi, %r10
	0x49, 0x0f, 0xbc, 0xdb, //0x00003076 bsfq         %r11, %rbx
	0x4c, 0x01, 0xd3, //0x0000307a addq         %r10, %rbx
	0x48, 0x89, 0x5d, 0xc8, //0x0000307d movq         %rbx, $-56(%rbp)
	//0x00003081 LBB0_693
	0x44, 0x89, 0xf0, //0x00003081 movl         %r14d, %eax
	0xf7, 0xd0, //0x00003084 notl         %eax
	0x44, 0x21, 0xd8, //0x00003086 andl         %r11d, %eax
	0x45, 0x8d, 0x14, 0x46, //0x00003089 leal         (%r14,%rax,2), %r10d
	0x8d, 0x1c, 0x00, //0x0000308d leal         (%rax,%rax), %ebx
	0xf7, 0xd3, //0x00003090 notl         %ebx
	0x44, 0x21, 0xdb, //0x00003092 andl         %r11d, %ebx
	0x81, 0xe3, 0xaa, 0xaa, 0xaa, 0xaa, //0x00003095 andl         $-1431655766, %ebx
	0x31, 0xc9, //0x0000309b xorl         %ecx, %ecx
	0x01, 0xc3, //0x0000309d addl         %eax, %ebx
	0x0f, 0x92, 0xc1, //0x0000309f setb         %cl
	0x01, 0xdb, //0x000030a2 addl         %ebx, %ebx
	0x81, 0xf3, 0x55, 0x55, 0x55, 0x55, //0x000030a4 xorl         $1431655765, %ebx
	0x44, 0x21, 0xd3, //0x000030aa andl         %r10d, %ebx
	0xf7, 0xd3, //0x000030ad notl         %ebx
	0x41, 0x21, 0xd8, //0x000030af andl         %ebx, %r8d
	0x4d, 0x85, 0xc0, //0x000030b2 testq        %r8, %r8
	0x0f, 0x85, 0x91, 0xe7, 0xff, 0xff, //0x000030b5 jne          LBB0_327
	//0x000030bb LBB0_694
	0x49, 0x83, 0xc1, 0x20, //0x000030bb addq         $32, %r9
	0x48, 0x83, 0xc6, 0xe0, //0x000030bf addq         $-32, %rsi
	//0x000030c3 LBB0_695
	0x48, 0x85, 0xc9, //0x000030c3 testq        %rcx, %rcx
	0x0f, 0x85, 0x14, 0x01, 0x00, 0x00, //0x000030c6 jne          LBB0_712
	0x48, 0x89, 0xf8, //0x000030cc movq         %rdi, %rax
	0x48, 0xf7, 0xd0, //0x000030cf notq         %rax
	0x4c, 0x8b, 0x45, 0xc8, //0x000030d2 movq         $-56(%rbp), %r8
	0x48, 0x85, 0xf6, //0x000030d6 testq        %rsi, %rsi
	0x0f, 0x84, 0x8b, 0x00, 0x00, 0x00, //0x000030d9 je           LBB0_705
	//0x000030df LBB0_697
	0x48, 0x83, 0xc0, 0x01, //0x000030df addq         $1, %rax
	0x49, 0xc7, 0xc3, 0xff, 0xff, 0xff, 0xff, //0x000030e3 movq         $-1, %r11
	//0x000030ea LBB0_698
	0x31, 0xc9, //0x000030ea xorl         %ecx, %ecx
	//0x000030ec LBB0_699
	0x41, 0x0f, 0xb6, 0x1c, 0x09, //0x000030ec movzbl       (%r9,%rcx), %ebx
	0x80, 0xfb, 0x22, //0x000030f1 cmpb         $34, %bl
	0x0f, 0x84, 0x69, 0x00, 0x00, 0x00, //0x000030f4 je           LBB0_704
	0x80, 0xfb, 0x5c, //0x000030fa cmpb         $92, %bl
	0x0f, 0x84, 0x12, 0x00, 0x00, 0x00, //0x000030fd je           LBB0_702
	0x48, 0x83, 0xc1, 0x01, //0x00003103 addq         $1, %rcx
	0x48, 0x39, 0xce, //0x00003107 cmpq         %rcx, %rsi
	0x0f, 0x85, 0xdc, 0xff, 0xff, 0xff, //0x0000310a jne          LBB0_699
	0xe9, 0x60, 0x00, 0x00, 0x00, //0x00003110 jmp          LBB0_706
	//0x00003115 LBB0_702
	0x48, 0x8d, 0x5e, 0xff, //0x00003115 leaq         $-1(%rsi), %rbx
	0x48, 0x39, 0xcb, //0x00003119 cmpq         %rcx, %rbx
	0x0f, 0x84, 0xb1, 0xde, 0xff, 0xff, //0x0000311c je           LBB0_205
	0x4e, 0x8d, 0x14, 0x08, //0x00003122 leaq         (%rax,%r9), %r10
	0x49, 0x01, 0xca, //0x00003126 addq         %rcx, %r10
	0x49, 0x83, 0xf8, 0xff, //0x00003129 cmpq         $-1, %r8
	0x48, 0x8b, 0x5d, 0xc8, //0x0000312d movq         $-56(%rbp), %rbx
	0x49, 0x0f, 0x44, 0xda, //0x00003131 cmoveq       %r10, %rbx
	0x48, 0x89, 0x5d, 0xc8, //0x00003135 movq         %rbx, $-56(%rbp)
	0x4d, 0x0f, 0x44, 0xc2, //0x00003139 cmoveq       %r10, %r8
	0x49, 0x01, 0xc9, //0x0000313d addq         %rcx, %r9
	0x49, 0x83, 0xc1, 0x02, //0x00003140 addq         $2, %r9
	0x48, 0x89, 0xf3, //0x00003144 movq         %rsi, %rbx
	0x48, 0x29, 0xcb, //0x00003147 subq         %rcx, %rbx
	0x48, 0x83, 0xc3, 0xfe, //0x0000314a addq         $-2, %rbx
	0x48, 0x83, 0xc6, 0xfe, //0x0000314e addq         $-2, %rsi
	0x48, 0x39, 0xce, //0x00003152 cmpq         %rcx, %rsi
	0x48, 0x89, 0xde, //0x00003155 movq         %rbx, %rsi
	0x0f, 0x85, 0x8c, 0xff, 0xff, 0xff, //0x00003158 jne          LBB0_698
	0xe9, 0x70, 0xde, 0xff, 0xff, //0x0000315e jmp          LBB0_205
	//0x00003163 LBB0_704
	0x49, 0x01, 0xc9, //0x00003163 addq         %rcx, %r9
	0x49, 0x83, 0xc1, 0x01, //0x00003166 addq         $1, %r9
	//0x0000316a LBB0_705
	0x49, 0x29, 0xf9, //0x0000316a subq         %rdi, %r9
	0x4d, 0x89, 0xce, //0x0000316d movq         %r9, %r14
	0xe9, 0x3a, 0xd7, 0xff, 0xff, //0x00003170 jmp          LBB0_121
	//0x00003175 LBB0_706
	0x49, 0xc7, 0xc3, 0xff, 0xff, 0xff, 0xff, //0x00003175 movq         $-1, %r11
	0x80, 0xfb, 0x22, //0x0000317c cmpb         $34, %bl
	0x0f, 0x85, 0x4e, 0xde, 0xff, 0xff, //0x0000317f jne          LBB0_205
	0x49, 0x01, 0xf1, //0x00003185 addq         %rsi, %r9
	0xe9, 0xdd, 0xff, 0xff, 0xff, //0x00003188 jmp          LBB0_705
	//0x0000318d LBB0_708
	0x48, 0x83, 0x7d, 0xc8, 0xff, //0x0000318d cmpq         $-1, $-56(%rbp)
	0x0f, 0x85, 0x11, 0x00, 0x00, 0x00, //0x00003192 jne          LBB0_710
	0x4c, 0x89, 0xc0, //0x00003198 movq         %r8, %rax
	0x48, 0x29, 0xf8, //0x0000319b subq         %rdi, %rax
	0x48, 0x0f, 0xbc, 0xd9, //0x0000319e bsfq         %rcx, %rbx
	0x48, 0x01, 0xc3, //0x000031a2 addq         %rax, %rbx
	0x48, 0x89, 0x5d, 0xc8, //0x000031a5 movq         %rbx, $-56(%rbp)
	//0x000031a9 LBB0_710
	0x4c, 0x89, 0xfe, //0x000031a9 movq         %r15, %rsi
	0x48, 0xf7, 0xd6, //0x000031ac notq         %rsi
	0x48, 0x21, 0xce, //0x000031af andq         %rcx, %rsi
	0x41, 0x8d, 0x04, 0x77, //0x000031b2 leal         (%r15,%rsi,2), %eax
	0x8d, 0x1c, 0x36, //0x000031b6 leal         (%rsi,%rsi), %ebx
	0xf7, 0xd3, //0x000031b9 notl         %ebx
	0x21, 0xd9, //0x000031bb andl         %ebx, %ecx
	0x81, 0xe1, 0xaa, 0xaa, 0xaa, 0xaa, //0x000031bd andl         $-1431655766, %ecx
	0x45, 0x31, 0xff, //0x000031c3 xorl         %r15d, %r15d
	0x01, 0xf1, //0x000031c6 addl         %esi, %ecx
	0x41, 0x0f, 0x92, 0xc7, //0x000031c8 setb         %r15b
	0x01, 0xc9, //0x000031cc addl         %ecx, %ecx
	0x81, 0xf1, 0x55, 0x55, 0x55, 0x55, //0x000031ce xorl         $1431655765, %ecx
	0x21, 0xc1, //0x000031d4 andl         %eax, %ecx
	0xf7, 0xd1, //0x000031d6 notl         %ecx
	0x41, 0x21, 0xce, //0x000031d8 andl         %ecx, %r14d
	0xe9, 0x91, 0xfb, 0xff, 0xff, //0x000031db jmp          LBB0_644
	//0x000031e0 LBB0_712
	0x48, 0x85, 0xf6, //0x000031e0 testq        %rsi, %rsi
	0x0f, 0x84, 0x71, 0x00, 0x00, 0x00, //0x000031e3 je           LBB0_636
	0x48, 0x89, 0xf8, //0x000031e9 movq         %rdi, %rax
	0x48, 0xf7, 0xd0, //0x000031ec notq         %rax
	0x49, 0x8d, 0x0c, 0x01, //0x000031ef leaq         (%r9,%rax), %rcx
	0x48, 0x8b, 0x5d, 0xc8, //0x000031f3 movq         $-56(%rbp), %rbx
	0x48, 0x83, 0xfb, 0xff, //0x000031f7 cmpq         $-1, %rbx
	0x49, 0x89, 0xd8, //0x000031fb movq         %rbx, %r8
	0x48, 0x0f, 0x44, 0xd9, //0x000031fe cmoveq       %rcx, %rbx
	0x4c, 0x0f, 0x44, 0xc1, //0x00003202 cmoveq       %rcx, %r8
	0x49, 0x83, 0xc1, 0x01, //0x00003206 addq         $1, %r9
	0x48, 0x83, 0xc6, 0xff, //0x0000320a addq         $-1, %rsi
	0x48, 0x89, 0x5d, 0xc8, //0x0000320e movq         %rbx, $-56(%rbp)
	0x48, 0x85, 0xf6, //0x00003212 testq        %rsi, %rsi
	0x0f, 0x85, 0xc4, 0xfe, 0xff, 0xff, //0x00003215 jne          LBB0_697
	0xe9, 0x4a, 0xff, 0xff, 0xff, //0x0000321b jmp          LBB0_705
	//0x00003220 LBB0_714
	0x4d, 0x85, 0xe4, //0x00003220 testq        %r12, %r12
	0x0f, 0x84, 0x31, 0x00, 0x00, 0x00, //0x00003223 je           LBB0_636
	0x48, 0x89, 0xf8, //0x00003229 movq         %rdi, %rax
	0x48, 0xf7, 0xd0, //0x0000322c notq         %rax
	0x4c, 0x01, 0xc0, //0x0000322f addq         %r8, %rax
	0x48, 0x8b, 0x4d, 0xc8, //0x00003232 movq         $-56(%rbp), %rcx
	0x48, 0x83, 0xf9, 0xff, //0x00003236 cmpq         $-1, %rcx
	0x48, 0x89, 0xcb, //0x0000323a movq         %rcx, %rbx
	0x48, 0x0f, 0x44, 0xd8, //0x0000323d cmoveq       %rax, %rbx
	0x48, 0x0f, 0x45, 0xc1, //0x00003241 cmovneq      %rcx, %rax
	0x49, 0x83, 0xc0, 0x01, //0x00003245 addq         $1, %r8
	0x49, 0x83, 0xc4, 0xff, //0x00003249 addq         $-1, %r12
	0x48, 0x89, 0x5d, 0xc8, //0x0000324d movq         %rbx, $-56(%rbp)
	0x4d, 0x85, 0xe4, //0x00003251 testq        %r12, %r12
	0x0f, 0x85, 0x93, 0xfb, 0xff, 0xff, //0x00003254 jne          LBB0_656
	//0x0000325a LBB0_636
	0x49, 0xc7, 0xc3, 0xff, 0xff, 0xff, 0xff, //0x0000325a movq         $-1, %r11
	0xe9, 0x6d, 0xdd, 0xff, 0xff, //0x00003261 jmp          LBB0_205
	//0x00003266 LBB0_721
	0x49, 0xc7, 0xc3, 0xff, 0xff, 0xff, 0xff, //0x00003266 movq         $-1, %r11
	0x48, 0x83, 0x7d, 0x98, 0x05, //0x0000326d cmpq         $5, $-104(%rbp)
	0x0f, 0x82, 0x5b, 0xdd, 0xff, 0xff, //0x00003272 jb           LBB0_205
	0x48, 0x8b, 0x45, 0xc0, //0x00003278 movq         $-64(%rbp), %rax
	0x44, 0x8b, 0x5c, 0x07, 0x01, //0x0000327c movl         $1(%rdi,%rax), %r11d
	0x44, 0x89, 0xd8, //0x00003281 movl         %r11d, %eax
	0xf7, 0xd0, //0x00003284 notl         %eax
	0x4c, 0x89, 0x5d, 0xa0, //0x00003286 movq         %r11, $-96(%rbp)
	0x41, 0x81, 0xc3, 0xd0, 0xcf, 0xcf, 0xcf, //0x0000328a addl         $-808464432, %r11d
	0x25, 0x80, 0x80, 0x80, 0x80, //0x00003291 andl         $-2139062144, %eax
	0x89, 0x45, 0x88, //0x00003296 movl         %eax, $-120(%rbp)
	0x44, 0x85, 0xd8, //0x00003299 testl        %r11d, %eax
	0x0f, 0x85, 0x50, 0x02, 0x00, 0x00, //0x0000329c jne          LBB0_690
	0x4c, 0x8b, 0x5d, 0xa0, //0x000032a2 movq         $-96(%rbp), %r11
	0x41, 0x8d, 0x83, 0x19, 0x19, 0x19, 0x19, //0x000032a6 leal         $421075225(%r11), %eax
	0x44, 0x09, 0xd8, //0x000032ad orl          %r11d, %eax
	0xa9, 0x80, 0x80, 0x80, 0x80, //0x000032b0 testl        $-2139062144, %eax
	0x0f, 0x85, 0x37, 0x02, 0x00, 0x00, //0x000032b5 jne          LBB0_690
	0x48, 0x8b, 0x45, 0xa0, //0x000032bb movq         $-96(%rbp), %rax
	0x41, 0x89, 0xc3, //0x000032bf movl         %eax, %r11d
	0x41, 0x81, 0xe3, 0x7f, 0x7f, 0x7f, 0x7f, //0x000032c2 andl         $2139062143, %r11d
	0xb8, 0xc0, 0xc0, 0xc0, 0xc0, //0x000032c9 movl         $-1061109568, %eax
	0x44, 0x29, 0xd8, //0x000032ce subl         %r11d, %eax
	0x4c, 0x89, 0x5d, 0x90, //0x000032d1 movq         %r11, $-112(%rbp)
	0x41, 0x81, 0xc3, 0x46, 0x46, 0x46, 0x46, //0x000032d5 addl         $1179010630, %r11d
	0x23, 0x45, 0x88, //0x000032dc andl         $-120(%rbp), %eax
	0x44, 0x85, 0xd8, //0x000032df testl        %r11d, %eax
	0x0f, 0x85, 0x0a, 0x02, 0x00, 0x00, //0x000032e2 jne          LBB0_690
	0x41, 0xbb, 0xe0, 0xe0, 0xe0, 0xe0, //0x000032e8 movl         $-522133280, %r11d
	0x48, 0x8b, 0x45, 0x90, //0x000032ee movq         $-112(%rbp), %rax
	0x41, 0x29, 0xc3, //0x000032f2 subl         %eax, %r11d
	0x05, 0x39, 0x39, 0x39, 0x39, //0x000032f5 addl         $960051513, %eax
	0x44, 0x21, 0x5d, 0x88, //0x000032fa andl         %r11d, $-120(%rbp)
	0x49, 0xc7, 0xc3, 0xfe, 0xff, 0xff, 0xff, //0x000032fe movq         $-2, %r11
	0x85, 0x45, 0x88, //0x00003305 testl        %eax, $-120(%rbp)
	0x0f, 0x85, 0xc5, 0xdc, 0xff, 0xff, //0x00003308 jne          LBB0_205
	0x4c, 0x8b, 0x5d, 0xa0, //0x0000330e movq         $-96(%rbp), %r11
	0x41, 0x0f, 0xcb, //0x00003312 bswapl       %r11d
	0x44, 0x89, 0xd8, //0x00003315 movl         %r11d, %eax
	0xc1, 0xe8, 0x04, //0x00003318 shrl         $4, %eax
	0xf7, 0xd0, //0x0000331b notl         %eax
	0x25, 0x01, 0x01, 0x01, 0x01, //0x0000331d andl         $16843009, %eax
	0x8d, 0x04, 0xc0, //0x00003322 leal         (%rax,%rax,8), %eax
	0x41, 0x81, 0xe3, 0x0f, 0x0f, 0x0f, 0x0f, //0x00003325 andl         $252645135, %r11d
	0x41, 0x01, 0xc3, //0x0000332c addl         %eax, %r11d
	0x44, 0x89, 0xd8, //0x0000332f movl         %r11d, %eax
	0xc1, 0xe8, 0x0c, //0x00003332 shrl         $12, %eax
	0x41, 0xc1, 0xeb, 0x08, //0x00003335 shrl         $8, %r11d
	0x41, 0x09, 0xc3, //0x00003339 orl          %eax, %r11d
	0x41, 0x81, 0xe3, 0x00, 0xfc, 0x00, 0x00, //0x0000333c andl         $64512, %r11d
	0x41, 0x81, 0xfb, 0x00, 0xd8, 0x00, 0x00, //0x00003343 cmpl         $55296, %r11d
	0x0f, 0x85, 0xf9, 0x00, 0x00, 0x00, //0x0000334a jne          LBB0_736
	0x48, 0x83, 0x7d, 0x98, 0x0b, //0x00003350 cmpq         $11, $-104(%rbp)
	0x0f, 0x82, 0xee, 0x00, 0x00, 0x00, //0x00003355 jb           LBB0_736
	0x48, 0x8b, 0x45, 0xc0, //0x0000335b movq         $-64(%rbp), %rax
	0x80, 0x7c, 0x07, 0x05, 0x5c, //0x0000335f cmpb         $92, $5(%rdi,%rax)
	0x0f, 0x85, 0xdf, 0x00, 0x00, 0x00, //0x00003364 jne          LBB0_736
	0x48, 0x8b, 0x45, 0xc0, //0x0000336a movq         $-64(%rbp), %rax
	0x80, 0x7c, 0x07, 0x06, 0x75, //0x0000336e cmpb         $117, $6(%rdi,%rax)
	0x0f, 0x85, 0xd0, 0x00, 0x00, 0x00, //0x00003373 jne          LBB0_736
	0x48, 0x8b, 0x45, 0xc0, //0x00003379 movq         $-64(%rbp), %rax
	0x44, 0x8b, 0x54, 0x07, 0x07, //0x0000337d movl         $7(%rdi,%rax), %r10d
	0x45, 0x89, 0xd3, //0x00003382 movl         %r10d, %r11d
	0x41, 0xf7, 0xd3, //0x00003385 notl         %r11d
	0x41, 0x8d, 0x82, 0xd0, 0xcf, 0xcf, 0xcf, //0x00003388 leal         $-808464432(%r10), %eax
	0x41, 0x81, 0xe3, 0x80, 0x80, 0x80, 0x80, //0x0000338f andl         $-2139062144, %r11d
	0x41, 0x85, 0xc3, //0x00003396 testl        %eax, %r11d
	0x0f, 0x85, 0xaa, 0x00, 0x00, 0x00, //0x00003399 jne          LBB0_736
	0x41, 0x8d, 0x82, 0x19, 0x19, 0x19, 0x19, //0x0000339f leal         $421075225(%r10), %eax
	0x44, 0x09, 0xd0, //0x000033a6 orl          %r10d, %eax
	0xa9, 0x80, 0x80, 0x80, 0x80, //0x000033a9 testl        $-2139062144, %eax
	0x0f, 0x85, 0x95, 0x00, 0x00, 0x00, //0x000033ae jne          LBB0_736
	0x44, 0x89, 0xd0, //0x000033b4 movl         %r10d, %eax
	0x25, 0x7f, 0x7f, 0x7f, 0x7f, //0x000033b7 andl         $2139062143, %eax
	0xc7, 0x45, 0xc0, 0xc0, 0xc0, 0xc0, 0xc0, //0x000033bc movl         $-1061109568, $-64(%rbp)
	0x29, 0x45, 0xc0, //0x000033c3 subl         %eax, $-64(%rbp)
	0x48, 0x89, 0x45, 0xa0, //0x000033c6 movq         %rax, $-96(%rbp)
	0x05, 0x46, 0x46, 0x46, 0x46, //0x000033ca addl         $1179010630, %eax
	0x89, 0x45, 0x98, //0x000033cf movl         %eax, $-104(%rbp)
	0x8b, 0x45, 0xc0, //0x000033d2 movl         $-64(%rbp), %eax
	0x44, 0x21, 0xd8, //0x000033d5 andl         %r11d, %eax
	0x85, 0x45, 0x98, //0x000033d8 testl        %eax, $-104(%rbp)
	0x0f, 0x85, 0x68, 0x00, 0x00, 0x00, //0x000033db jne          LBB0_736
	0xc7, 0x45, 0xc0, 0xe0, 0xe0, 0xe0, 0xe0, //0x000033e1 movl         $-522133280, $-64(%rbp)
	0x48, 0x8b, 0x45, 0xa0, //0x000033e8 movq         $-96(%rbp), %rax
	0x29, 0x45, 0xc0, //0x000033ec subl         %eax, $-64(%rbp)
	0x05, 0x39, 0x39, 0x39, 0x39, //0x000033ef addl         $960051513, %eax
	0x44, 0x23, 0x5d, 0xc0, //0x000033f4 andl         $-64(%rbp), %r11d
	0x41, 0x85, 0xc3, //0x000033f8 testl        %eax, %r11d
	0x0f, 0x85, 0x48, 0x00, 0x00, 0x00, //0x000033fb jne          LBB0_736
	0x41, 0x0f, 0xca, //0x00003401 bswapl       %r10d
	0x44, 0x89, 0xd0, //0x00003404 movl         %r10d, %eax
	0xc1, 0xe8, 0x04, //0x00003407 shrl         $4, %eax
	0xf7, 0xd0, //0x0000340a notl         %eax
	0x25, 0x01, 0x01, 0x01, 0x01, //0x0000340c andl         $16843009, %eax
	0x8d, 0x04, 0xc0, //0x00003411 leal         (%rax,%rax,8), %eax
	0x41, 0x81, 0xe2, 0x0f, 0x0f, 0x0f, 0x0f, //0x00003414 andl         $252645135, %r10d
	0x41, 0x01, 0xc2, //0x0000341b addl         %eax, %r10d
	0x44, 0x89, 0xd0, //0x0000341e movl         %r10d, %eax
	0xc1, 0xe8, 0x0c, //0x00003421 shrl         $12, %eax
	0x41, 0xc1, 0xea, 0x08, //0x00003424 shrl         $8, %r10d
	0x41, 0x09, 0xc2, //0x00003428 orl          %eax, %r10d
	0x41, 0x81, 0xe2, 0x00, 0xfc, 0x00, 0x00, //0x0000342b andl         $64512, %r10d
	0x41, 0x81, 0xfa, 0x00, 0xdc, 0x00, 0x00, //0x00003432 cmpl         $56320, %r10d
	0x0f, 0x85, 0x0a, 0x00, 0x00, 0x00, //0x00003439 jne          LBB0_736
	0x48, 0x83, 0x45, 0xb8, 0x0c, //0x0000343f addq         $12, $-72(%rbp)
	0xe9, 0x83, 0x00, 0x00, 0x00, //0x00003444 jmp          LBB0_743
	//0x00003449 LBB0_736
	0x48, 0x83, 0x45, 0xb8, 0x06, //0x00003449 addq         $6, $-72(%rbp)
	0xe9, 0x79, 0x00, 0x00, 0x00, //0x0000344e jmp          LBB0_743
	//0x00003453 LBB0_737
	0x4c, 0x0f, 0xbc, 0xd6, //0x00003453 bsfq         %rsi, %r10
	0x49, 0x39, 0xca, //0x00003457 cmpq         %rcx, %r10
	0x0f, 0x83, 0x47, 0xf9, 0xff, 0xff, //0x0000345a jae          LBB0_649
	0x4c, 0x89, 0xd0, //0x00003460 movq         %r10, %rax
	0x4c, 0x01, 0xc8, //0x00003463 addq         %r9, %rax
	0x48, 0x89, 0x45, 0xb8, //0x00003466 movq         %rax, $-72(%rbp)
	0x48, 0x3b, 0x45, 0xc0, //0x0000346a cmpq         $-64(%rbp), %rax
	0x0f, 0x8c, 0x6c, 0x00, 0x00, 0x00, //0x0000346e jl           LBB0_744
	0x48, 0x8b, 0x45, 0xb8, //0x00003474 movq         $-72(%rbp), %rax
	0x48, 0x83, 0xc0, 0x01, //0x00003478 addq         $1, %rax
	0x48, 0x89, 0x45, 0xc0, //0x0000347c movq         %rax, $-64(%rbp)
	0x48, 0x8b, 0x45, 0xb0, //0x00003480 movq         $-80(%rbp), %rax
	0x49, 0xc7, 0xc3, 0xff, 0xff, 0xff, 0xff, //0x00003484 movq         $-1, %r11
	0x48, 0x2b, 0x45, 0xc0, //0x0000348b subq         $-64(%rbp), %rax
	0x48, 0x89, 0x45, 0x98, //0x0000348f movq         %rax, $-104(%rbp)
	0x0f, 0x84, 0x3a, 0xdb, 0xff, 0xff, //0x00003493 je           LBB0_205
	0x48, 0x8b, 0x45, 0xc0, //0x00003499 movq         $-64(%rbp), %rax
	0x44, 0x0f, 0xbe, 0x1c, 0x07, //0x0000349d movsbl       (%rdi,%rax), %r11d
	0x41, 0x83, 0xc3, 0xde, //0x000034a2 addl         $-34, %r11d
	0x41, 0x83, 0xfb, 0x53, //0x000034a6 cmpl         $83, %r11d
	0x0f, 0x87, 0x42, 0x00, 0x00, 0x00, //0x000034aa ja           LBB0_690
	0x4c, 0x8d, 0x15, 0x91, 0x03, 0x00, 0x00, //0x000034b0 leaq         $913(%rip), %r10  /* LJTI0_2+0(%rip) */
	0x4b, 0x63, 0x04, 0x9a, //0x000034b7 movslq       (%r10,%r11,4), %rax
	0x4c, 0x01, 0xd0, //0x000034bb addq         %r10, %rax
	0x49, 0xc7, 0xc3, 0xfe, 0xff, 0xff, 0xff, //0x000034be movq         $-2, %r11
	0xff, 0xe0, //0x000034c5 jmpq         *%rax
	//0x000034c7 LBB0_742
	0x48, 0x83, 0x45, 0xb8, 0x02, //0x000034c7 addq         $2, $-72(%rbp)
	//0x000034cc LBB0_743
	0x48, 0x8b, 0x45, 0xb8, //0x000034cc movq         $-72(%rbp), %rax
	0x48, 0x89, 0x45, 0xc0, //0x000034d0 movq         %rax, $-64(%rbp)
	0x49, 0x89, 0xc3, //0x000034d4 movq         %rax, %r11
	0x48, 0x85, 0xc0, //0x000034d7 testq        %rax, %rax
	0x0f, 0x88, 0xf3, 0xda, 0xff, 0xff, //0x000034da js           LBB0_205
	//0x000034e0 LBB0_744
	0x48, 0x8d, 0x46, 0xff, //0x000034e0 leaq         $-1(%rsi), %rax
	0x48, 0x21, 0xc6, //0x000034e4 andq         %rax, %rsi
	0x0f, 0x84, 0xba, 0xf8, 0xff, 0xff, //0x000034e7 je           LBB0_649
	0xe9, 0x61, 0xff, 0xff, 0xff, //0x000034ed jmp          LBB0_737
	//0x000034f2 LBB0_690
	0x49, 0xc7, 0xc3, 0xfe, 0xff, 0xff, 0xff, //0x000034f2 movq         $-2, %r11
	0xe9, 0xd5, 0xda, 0xff, 0xff, //0x000034f9 jmp          LBB0_205
	0x90, 0x90, //0x000034fe .p2align 2, 0x90
	// // .set L0_0_set_37, LBB0_37-LJTI0_0
	// // .set L0_0_set_125, LBB0_125-LJTI0_0
	// // .set L0_0_set_109, LBB0_109-LJTI0_0
	// // .set L0_0_set_108, LBB0_108-LJTI0_0
	// // .set L0_0_set_30, LBB0_30-LJTI0_0
	// // .set L0_0_set_126, LBB0_126-LJTI0_0
	// // .set L0_0_set_127, LBB0_127-LJTI0_0
	// // .set L0_0_set_131, LBB0_131-LJTI0_0
	// // .set L0_0_set_128, LBB0_128-LJTI0_0
	// // .set L0_0_set_104, LBB0_104-LJTI0_0
	// // .set L0_0_set_122, LBB0_122-LJTI0_0
	// // .set L0_0_set_133, LBB0_133-LJTI0_0
	// // .set L0_0_set_107, LBB0_107-LJTI0_0
	//0x00003500 LJTI0_0
	0xa9, 0xcd, 0xff, 0xff, //0x00003500 .long L0_0_set_37
	0xea, 0xd3, 0xff, 0xff, //0x00003504 .long L0_0_set_125
	0xea, 0xd3, 0xff, 0xff, //0x00003508 .long L0_0_set_125
	0xea, 0xd3, 0xff, 0xff, //0x0000350c .long L0_0_set_125
	0xea, 0xd3, 0xff, 0xff, //0x00003510 .long L0_0_set_125
	0xea, 0xd3, 0xff, 0xff, //0x00003514 .long L0_0_set_125
	0xea, 0xd3, 0xff, 0xff, //0x00003518 .long L0_0_set_125
	0xea, 0xd3, 0xff, 0xff, //0x0000351c .long L0_0_set_125
	0xea, 0xd3, 0xff, 0xff, //0x00003520 .long L0_0_set_125
	0xea, 0xd3, 0xff, 0xff, //0x00003524 .long L0_0_set_125
	0xea, 0xd3, 0xff, 0xff, //0x00003528 .long L0_0_set_125
	0xea, 0xd3, 0xff, 0xff, //0x0000352c .long L0_0_set_125
	0xea, 0xd3, 0xff, 0xff, //0x00003530 .long L0_0_set_125
	0xea, 0xd3, 0xff, 0xff, //0x00003534 .long L0_0_set_125
	0xea, 0xd3, 0xff, 0xff, //0x00003538 .long L0_0_set_125
	0xea, 0xd3, 0xff, 0xff, //0x0000353c .long L0_0_set_125
	0xea, 0xd3, 0xff, 0xff, //0x00003540 .long L0_0_set_125
	0xea, 0xd3, 0xff, 0xff, //0x00003544 .long L0_0_set_125
	0xea, 0xd3, 0xff, 0xff, //0x00003548 .long L0_0_set_125
	0xea, 0xd3, 0xff, 0xff, //0x0000354c .long L0_0_set_125
	0xea, 0xd3, 0xff, 0xff, //0x00003550 .long L0_0_set_125
	0xea, 0xd3, 0xff, 0xff, //0x00003554 .long L0_0_set_125
	0xea, 0xd3, 0xff, 0xff, //0x00003558 .long L0_0_set_125
	0xea, 0xd3, 0xff, 0xff, //0x0000355c .long L0_0_set_125
	0xea, 0xd3, 0xff, 0xff, //0x00003560 .long L0_0_set_125
	0xea, 0xd3, 0xff, 0xff, //0x00003564 .long L0_0_set_125
	0xea, 0xd3, 0xff, 0xff, //0x00003568 .long L0_0_set_125
	0xea, 0xd3, 0xff, 0xff, //0x0000356c .long L0_0_set_125
	0xea, 0xd3, 0xff, 0xff, //0x00003570 .long L0_0_set_125
	0xea, 0xd3, 0xff, 0xff, //0x00003574 .long L0_0_set_125
	0xea, 0xd3, 0xff, 0xff, //0x00003578 .long L0_0_set_125
	0xea, 0xd3, 0xff, 0xff, //0x0000357c .long L0_0_set_125
	0xea, 0xd3, 0xff, 0xff, //0x00003580 .long L0_0_set_125
	0xea, 0xd3, 0xff, 0xff, //0x00003584 .long L0_0_set_125
	0x1b, 0xd2, 0xff, 0xff, //0x00003588 .long L0_0_set_109
	0xea, 0xd3, 0xff, 0xff, //0x0000358c .long L0_0_set_125
	0xea, 0xd3, 0xff, 0xff, //0x00003590 .long L0_0_set_125
	0xea, 0xd3, 0xff, 0xff, //0x00003594 .long L0_0_set_125
	0xea, 0xd3, 0xff, 0xff, //0x00003598 .long L0_0_set_125
	0xea, 0xd3, 0xff, 0xff, //0x0000359c .long L0_0_set_125
	0xea, 0xd3, 0xff, 0xff, //0x000035a0 .long L0_0_set_125
	0xea, 0xd3, 0xff, 0xff, //0x000035a4 .long L0_0_set_125
	0xea, 0xd3, 0xff, 0xff, //0x000035a8 .long L0_0_set_125
	0xea, 0xd3, 0xff, 0xff, //0x000035ac .long L0_0_set_125
	0x07, 0xd2, 0xff, 0xff, //0x000035b0 .long L0_0_set_108
	0x2f, 0xcd, 0xff, 0xff, //0x000035b4 .long L0_0_set_30
	0xea, 0xd3, 0xff, 0xff, //0x000035b8 .long L0_0_set_125
	0xea, 0xd3, 0xff, 0xff, //0x000035bc .long L0_0_set_125
	0x2f, 0xcd, 0xff, 0xff, //0x000035c0 .long L0_0_set_30
	0x2f, 0xcd, 0xff, 0xff, //0x000035c4 .long L0_0_set_30
	0x2f, 0xcd, 0xff, 0xff, //0x000035c8 .long L0_0_set_30
	0x2f, 0xcd, 0xff, 0xff, //0x000035cc .long L0_0_set_30
	0x2f, 0xcd, 0xff, 0xff, //0x000035d0 .long L0_0_set_30
	0x2f, 0xcd, 0xff, 0xff, //0x000035d4 .long L0_0_set_30
	0x2f, 0xcd, 0xff, 0xff, //0x000035d8 .long L0_0_set_30
	0x2f, 0xcd, 0xff, 0xff, //0x000035dc .long L0_0_set_30
	0x2f, 0xcd, 0xff, 0xff, //0x000035e0 .long L0_0_set_30
	0x2f, 0xcd, 0xff, 0xff, //0x000035e4 .long L0_0_set_30
	0xf9, 0xd3, 0xff, 0xff, //0x000035e8 .long L0_0_set_126
	0xea, 0xd3, 0xff, 0xff, //0x000035ec .long L0_0_set_125
	0xea, 0xd3, 0xff, 0xff, //0x000035f0 .long L0_0_set_125
	0xea, 0xd3, 0xff, 0xff, //0x000035f4 .long L0_0_set_125
	0xea, 0xd3, 0xff, 0xff, //0x000035f8 .long L0_0_set_125
	0xea, 0xd3, 0xff, 0xff, //0x000035fc .long L0_0_set_125
	0xea, 0xd3, 0xff, 0xff, //0x00003600 .long L0_0_set_125
	0xea, 0xd3, 0xff, 0xff, //0x00003604 .long L0_0_set_125
	0xea, 0xd3, 0xff, 0xff, //0x00003608 .long L0_0_set_125
	0xea, 0xd3, 0xff, 0xff, //0x0000360c .long L0_0_set_125
	0xea, 0xd3, 0xff, 0xff, //0x00003610 .long L0_0_set_125
	0xea, 0xd3, 0xff, 0xff, //0x00003614 .long L0_0_set_125
	0xea, 0xd3, 0xff, 0xff, //0x00003618 .long L0_0_set_125
	0xea, 0xd3, 0xff, 0xff, //0x0000361c .long L0_0_set_125
	0xea, 0xd3, 0xff, 0xff, //0x00003620 .long L0_0_set_125
	0xea, 0xd3, 0xff, 0xff, //0x00003624 .long L0_0_set_125
	0xea, 0xd3, 0xff, 0xff, //0x00003628 .long L0_0_set_125
	0xea, 0xd3, 0xff, 0xff, //0x0000362c .long L0_0_set_125
	0xea, 0xd3, 0xff, 0xff, //0x00003630 .long L0_0_set_125
	0xea, 0xd3, 0xff, 0xff, //0x00003634 .long L0_0_set_125
	0xea, 0xd3, 0xff, 0xff, //0x00003638 .long L0_0_set_125
	0xea, 0xd3, 0xff, 0xff, //0x0000363c .long L0_0_set_125
	0xea, 0xd3, 0xff, 0xff, //0x00003640 .long L0_0_set_125
	0xea, 0xd3, 0xff, 0xff, //0x00003644 .long L0_0_set_125
	0xea, 0xd3, 0xff, 0xff, //0x00003648 .long L0_0_set_125
	0xea, 0xd3, 0xff, 0xff, //0x0000364c .long L0_0_set_125
	0xea, 0xd3, 0xff, 0xff, //0x00003650 .long L0_0_set_125
	0xea, 0xd3, 0xff, 0xff, //0x00003654 .long L0_0_set_125
	0xea, 0xd3, 0xff, 0xff, //0x00003658 .long L0_0_set_125
	0xea, 0xd3, 0xff, 0xff, //0x0000365c .long L0_0_set_125
	0xea, 0xd3, 0xff, 0xff, //0x00003660 .long L0_0_set_125
	0xea, 0xd3, 0xff, 0xff, //0x00003664 .long L0_0_set_125
	0xea, 0xd3, 0xff, 0xff, //0x00003668 .long L0_0_set_125
	0x0d, 0xd4, 0xff, 0xff, //0x0000366c .long L0_0_set_127
	0xea, 0xd3, 0xff, 0xff, //0x00003670 .long L0_0_set_125
	0x4a, 0xd4, 0xff, 0xff, //0x00003674 .long L0_0_set_131
	0xea, 0xd3, 0xff, 0xff, //0x00003678 .long L0_0_set_125
	0xea, 0xd3, 0xff, 0xff, //0x0000367c .long L0_0_set_125
	0xea, 0xd3, 0xff, 0xff, //0x00003680 .long L0_0_set_125
	0xea, 0xd3, 0xff, 0xff, //0x00003684 .long L0_0_set_125
	0xea, 0xd3, 0xff, 0xff, //0x00003688 .long L0_0_set_125
	0xea, 0xd3, 0xff, 0xff, //0x0000368c .long L0_0_set_125
	0xea, 0xd3, 0xff, 0xff, //0x00003690 .long L0_0_set_125
	0xea, 0xd3, 0xff, 0xff, //0x00003694 .long L0_0_set_125
	0x19, 0xd4, 0xff, 0xff, //0x00003698 .long L0_0_set_128
	0xea, 0xd3, 0xff, 0xff, //0x0000369c .long L0_0_set_125
	0xea, 0xd3, 0xff, 0xff, //0x000036a0 .long L0_0_set_125
	0xea, 0xd3, 0xff, 0xff, //0x000036a4 .long L0_0_set_125
	0xea, 0xd3, 0xff, 0xff, //0x000036a8 .long L0_0_set_125
	0xea, 0xd3, 0xff, 0xff, //0x000036ac .long L0_0_set_125
	0xea, 0xd3, 0xff, 0xff, //0x000036b0 .long L0_0_set_125
	0xea, 0xd3, 0xff, 0xff, //0x000036b4 .long L0_0_set_125
	0xc1, 0xd1, 0xff, 0xff, //0x000036b8 .long L0_0_set_104
	0xea, 0xd3, 0xff, 0xff, //0x000036bc .long L0_0_set_125
	0xea, 0xd3, 0xff, 0xff, //0x000036c0 .long L0_0_set_125
	0xea, 0xd3, 0xff, 0xff, //0x000036c4 .long L0_0_set_125
	0xea, 0xd3, 0xff, 0xff, //0x000036c8 .long L0_0_set_125
	0xea, 0xd3, 0xff, 0xff, //0x000036cc .long L0_0_set_125
	0xb8, 0xd3, 0xff, 0xff, //0x000036d0 .long L0_0_set_122
	0xea, 0xd3, 0xff, 0xff, //0x000036d4 .long L0_0_set_125
	0xea, 0xd3, 0xff, 0xff, //0x000036d8 .long L0_0_set_125
	0xea, 0xd3, 0xff, 0xff, //0x000036dc .long L0_0_set_125
	0xea, 0xd3, 0xff, 0xff, //0x000036e0 .long L0_0_set_125
	0xea, 0xd3, 0xff, 0xff, //0x000036e4 .long L0_0_set_125
	0xea, 0xd3, 0xff, 0xff, //0x000036e8 .long L0_0_set_125
	0x72, 0xd4, 0xff, 0xff, //0x000036ec .long L0_0_set_133
	0xea, 0xd3, 0xff, 0xff, //0x000036f0 .long L0_0_set_125
	0xf3, 0xd1, 0xff, 0xff, //0x000036f4 .long L0_0_set_107
	// // .set L0_1_set_176, LBB0_176-LJTI0_1
	// // .set L0_1_set_205, LBB0_205-LJTI0_1
	// // .set L0_1_set_155, LBB0_155-LJTI0_1
	//0x000036f8 LJTI0_1
	0x57, 0xd7, 0xff, 0xff, //0x000036f8 .long L0_1_set_176
	0xdb, 0xd8, 0xff, 0xff, //0x000036fc .long L0_1_set_205
	0xdb, 0xd8, 0xff, 0xff, //0x00003700 .long L0_1_set_205
	0xdb, 0xd8, 0xff, 0xff, //0x00003704 .long L0_1_set_205
	0xdb, 0xd8, 0xff, 0xff, //0x00003708 .long L0_1_set_205
	0xdb, 0xd8, 0xff, 0xff, //0x0000370c .long L0_1_set_205
	0xdb, 0xd8, 0xff, 0xff, //0x00003710 .long L0_1_set_205
	0xdb, 0xd8, 0xff, 0xff, //0x00003714 .long L0_1_set_205
	0xdb, 0xd8, 0xff, 0xff, //0x00003718 .long L0_1_set_205
	0xdb, 0xd8, 0xff, 0xff, //0x0000371c .long L0_1_set_205
	0xdb, 0xd8, 0xff, 0xff, //0x00003720 .long L0_1_set_205
	0xdb, 0xd8, 0xff, 0xff, //0x00003724 .long L0_1_set_205
	0xdb, 0xd8, 0xff, 0xff, //0x00003728 .long L0_1_set_205
	0x57, 0xd7, 0xff, 0xff, //0x0000372c .long L0_1_set_176
	0xdb, 0xd8, 0xff, 0xff, //0x00003730 .long L0_1_set_205
	0xdb, 0xd8, 0xff, 0xff, //0x00003734 .long L0_1_set_205
	0xdb, 0xd8, 0xff, 0xff, //0x00003738 .long L0_1_set_205
	0xdb, 0xd8, 0xff, 0xff, //0x0000373c .long L0_1_set_205
	0xdb, 0xd8, 0xff, 0xff, //0x00003740 .long L0_1_set_205
	0xdb, 0xd8, 0xff, 0xff, //0x00003744 .long L0_1_set_205
	0xdb, 0xd8, 0xff, 0xff, //0x00003748 .long L0_1_set_205
	0xdb, 0xd8, 0xff, 0xff, //0x0000374c .long L0_1_set_205
	0xdb, 0xd8, 0xff, 0xff, //0x00003750 .long L0_1_set_205
	0xdb, 0xd8, 0xff, 0xff, //0x00003754 .long L0_1_set_205
	0xdb, 0xd8, 0xff, 0xff, //0x00003758 .long L0_1_set_205
	0xdb, 0xd8, 0xff, 0xff, //0x0000375c .long L0_1_set_205
	0xdb, 0xd8, 0xff, 0xff, //0x00003760 .long L0_1_set_205
	0xdb, 0xd8, 0xff, 0xff, //0x00003764 .long L0_1_set_205
	0xdb, 0xd8, 0xff, 0xff, //0x00003768 .long L0_1_set_205
	0xdb, 0xd8, 0xff, 0xff, //0x0000376c .long L0_1_set_205
	0xdb, 0xd8, 0xff, 0xff, //0x00003770 .long L0_1_set_205
	0xdb, 0xd8, 0xff, 0xff, //0x00003774 .long L0_1_set_205
	0xdb, 0xd8, 0xff, 0xff, //0x00003778 .long L0_1_set_205
	0xdb, 0xd8, 0xff, 0xff, //0x0000377c .long L0_1_set_205
	0xdb, 0xd8, 0xff, 0xff, //0x00003780 .long L0_1_set_205
	0xdb, 0xd8, 0xff, 0xff, //0x00003784 .long L0_1_set_205
	0xdb, 0xd8, 0xff, 0xff, //0x00003788 .long L0_1_set_205
	0xdb, 0xd8, 0xff, 0xff, //0x0000378c .long L0_1_set_205
	0xdb, 0xd8, 0xff, 0xff, //0x00003790 .long L0_1_set_205
	0xdb, 0xd8, 0xff, 0xff, //0x00003794 .long L0_1_set_205
	0xdb, 0xd8, 0xff, 0xff, //0x00003798 .long L0_1_set_205
	0xdb, 0xd8, 0xff, 0xff, //0x0000379c .long L0_1_set_205
	0xdb, 0xd8, 0xff, 0xff, //0x000037a0 .long L0_1_set_205
	0xdb, 0xd8, 0xff, 0xff, //0x000037a4 .long L0_1_set_205
	0xdb, 0xd8, 0xff, 0xff, //0x000037a8 .long L0_1_set_205
	0xdb, 0xd8, 0xff, 0xff, //0x000037ac .long L0_1_set_205
	0xdb, 0xd8, 0xff, 0xff, //0x000037b0 .long L0_1_set_205
	0xdb, 0xd8, 0xff, 0xff, //0x000037b4 .long L0_1_set_205
	0xdb, 0xd8, 0xff, 0xff, //0x000037b8 .long L0_1_set_205
	0xdb, 0xd8, 0xff, 0xff, //0x000037bc .long L0_1_set_205
	0xdb, 0xd8, 0xff, 0xff, //0x000037c0 .long L0_1_set_205
	0xdb, 0xd8, 0xff, 0xff, //0x000037c4 .long L0_1_set_205
	0xdb, 0xd8, 0xff, 0xff, //0x000037c8 .long L0_1_set_205
	0xdb, 0xd8, 0xff, 0xff, //0x000037cc .long L0_1_set_205
	0xdb, 0xd8, 0xff, 0xff, //0x000037d0 .long L0_1_set_205
	0xdb, 0xd8, 0xff, 0xff, //0x000037d4 .long L0_1_set_205
	0xdb, 0xd8, 0xff, 0xff, //0x000037d8 .long L0_1_set_205
	0xdb, 0xd8, 0xff, 0xff, //0x000037dc .long L0_1_set_205
	0x57, 0xd7, 0xff, 0xff, //0x000037e0 .long L0_1_set_176
	0xdb, 0xd8, 0xff, 0xff, //0x000037e4 .long L0_1_set_205
	0xdb, 0xd8, 0xff, 0xff, //0x000037e8 .long L0_1_set_205
	0xdb, 0xd8, 0xff, 0xff, //0x000037ec .long L0_1_set_205
	0xdb, 0xd8, 0xff, 0xff, //0x000037f0 .long L0_1_set_205
	0xdb, 0xd8, 0xff, 0xff, //0x000037f4 .long L0_1_set_205
	0x57, 0xd7, 0xff, 0xff, //0x000037f8 .long L0_1_set_176
	0xdb, 0xd8, 0xff, 0xff, //0x000037fc .long L0_1_set_205
	0xdb, 0xd8, 0xff, 0xff, //0x00003800 .long L0_1_set_205
	0xdb, 0xd8, 0xff, 0xff, //0x00003804 .long L0_1_set_205
	0x57, 0xd7, 0xff, 0xff, //0x00003808 .long L0_1_set_176
	0xdb, 0xd8, 0xff, 0xff, //0x0000380c .long L0_1_set_205
	0xdb, 0xd8, 0xff, 0xff, //0x00003810 .long L0_1_set_205
	0xdb, 0xd8, 0xff, 0xff, //0x00003814 .long L0_1_set_205
	0xdb, 0xd8, 0xff, 0xff, //0x00003818 .long L0_1_set_205
	0xdb, 0xd8, 0xff, 0xff, //0x0000381c .long L0_1_set_205
	0xdb, 0xd8, 0xff, 0xff, //0x00003820 .long L0_1_set_205
	0xdb, 0xd8, 0xff, 0xff, //0x00003824 .long L0_1_set_205
	0x57, 0xd7, 0xff, 0xff, //0x00003828 .long L0_1_set_176
	0xdb, 0xd8, 0xff, 0xff, //0x0000382c .long L0_1_set_205
	0xdb, 0xd8, 0xff, 0xff, //0x00003830 .long L0_1_set_205
	0xdb, 0xd8, 0xff, 0xff, //0x00003834 .long L0_1_set_205
	0x57, 0xd7, 0xff, 0xff, //0x00003838 .long L0_1_set_176
	0xdb, 0xd8, 0xff, 0xff, //0x0000383c .long L0_1_set_205
	0x57, 0xd7, 0xff, 0xff, //0x00003840 .long L0_1_set_176
	0x29, 0xd5, 0xff, 0xff, //0x00003844 .long L0_1_set_155
	// // .set L0_2_set_742, LBB0_742-LJTI0_2
	// // .set L0_2_set_205, LBB0_205-LJTI0_2
	// // .set L0_2_set_721, LBB0_721-LJTI0_2
	//0x00003848 LJTI0_2
	0x7f, 0xfc, 0xff, 0xff, //0x00003848 .long L0_2_set_742
	0x8b, 0xd7, 0xff, 0xff, //0x0000384c .long L0_2_set_205
	0x8b, 0xd7, 0xff, 0xff, //0x00003850 .long L0_2_set_205
	0x8b, 0xd7, 0xff, 0xff, //0x00003854 .long L0_2_set_205
	0x8b, 0xd7, 0xff, 0xff, //0x00003858 .long L0_2_set_205
	0x8b, 0xd7, 0xff, 0xff, //0x0000385c .long L0_2_set_205
	0x8b, 0xd7, 0xff, 0xff, //0x00003860 .long L0_2_set_205
	0x8b, 0xd7, 0xff, 0xff, //0x00003864 .long L0_2_set_205
	0x8b, 0xd7, 0xff, 0xff, //0x00003868 .long L0_2_set_205
	0x8b, 0xd7, 0xff, 0xff, //0x0000386c .long L0_2_set_205
	0x8b, 0xd7, 0xff, 0xff, //0x00003870 .long L0_2_set_205
	0x8b, 0xd7, 0xff, 0xff, //0x00003874 .long L0_2_set_205
	0x8b, 0xd7, 0xff, 0xff, //0x00003878 .long L0_2_set_205
	0x7f, 0xfc, 0xff, 0xff, //0x0000387c .long L0_2_set_742
	0x8b, 0xd7, 0xff, 0xff, //0x00003880 .long L0_2_set_205
	0x8b, 0xd7, 0xff, 0xff, //0x00003884 .long L0_2_set_205
	0x8b, 0xd7, 0xff, 0xff, //0x00003888 .long L0_2_set_205
	0x8b, 0xd7, 0xff, 0xff, //0x0000388c .long L0_2_set_205
	0x8b, 0xd7, 0xff, 0xff, //0x00003890 .long L0_2_set_205
	0x8b, 0xd7, 0xff, 0xff, //0x00003894 .long L0_2_set_205
	0x8b, 0xd7, 0xff, 0xff, //0x00003898 .long L0_2_set_205
	0x8b, 0xd7, 0xff, 0xff, //0x0000389c .long L0_2_set_205
	0x8b, 0xd7, 0xff, 0xff, //0x000038a0 .long L0_2_set_205
	0x8b, 0xd7, 0xff, 0xff, //0x000038a4 .long L0_2_set_205
	0x8b, 0xd7, 0xff, 0xff, //0x000038a8 .long L0_2_set_205
	0x8b, 0xd7, 0xff, 0xff, //0x000038ac .long L0_2_set_205
	0x8b, 0xd7, 0xff, 0xff, //0x000038b0 .long L0_2_set_205
	0x8b, 0xd7, 0xff, 0xff, //0x000038b4 .long L0_2_set_205
	0x8b, 0xd7, 0xff, 0xff, //0x000038b8 .long L0_2_set_205
	0x8b, 0xd7, 0xff, 0xff, //0x000038bc .long L0_2_set_205
	0x8b, 0xd7, 0xff, 0xff, //0x000038c0 .long L0_2_set_205
	0x8b, 0xd7, 0xff, 0xff, //0x000038c4 .long L0_2_set_205
	0x8b, 0xd7, 0xff, 0xff, //0x000038c8 .long L0_2_set_205
	0x8b, 0xd7, 0xff, 0xff, //0x000038cc .long L0_2_set_205
	0x8b, 0xd7, 0xff, 0xff, //0x000038d0 .long L0_2_set_205
	0x8b, 0xd7, 0xff, 0xff, //0x000038d4 .long L0_2_set_205
	0x8b, 0xd7, 0xff, 0xff, //0x000038d8 .long L0_2_set_205
	0x8b, 0xd7, 0xff, 0xff, //0x000038dc .long L0_2_set_205
	0x8b, 0xd7, 0xff, 0xff, //0x000038e0 .long L0_2_set_205
	0x8b, 0xd7, 0xff, 0xff, //0x000038e4 .long L0_2_set_205
	0x8b, 0xd7, 0xff, 0xff, //0x000038e8 .long L0_2_set_205
	0x8b, 0xd7, 0xff, 0xff, //0x000038ec .long L0_2_set_205
	0x8b, 0xd7, 0xff, 0xff, //0x000038f0 .long L0_2_set_205
	0x8b, 0xd7, 0xff, 0xff, //0x000038f4 .long L0_2_set_205
	0x8b, 0xd7, 0xff, 0xff, //0x000038f8 .long L0_2_set_205
	0x8b, 0xd7, 0xff, 0xff, //0x000038fc .long L0_2_set_205
	0x8b, 0xd7, 0xff, 0xff, //0x00003900 .long L0_2_set_205
	0x8b, 0xd7, 0xff, 0xff, //0x00003904 .long L0_2_set_205
	0x8b, 0xd7, 0xff, 0xff, //0x00003908 .long L0_2_set_205
	0x8b, 0xd7, 0xff, 0xff, //0x0000390c .long L0_2_set_205
	0x8b, 0xd7, 0xff, 0xff, //0x00003910 .long L0_2_set_205
	0x8b, 0xd7, 0xff, 0xff, //0x00003914 .long L0_2_set_205
	0x8b, 0xd7, 0xff, 0xff, //0x00003918 .long L0_2_set_205
	0x8b, 0xd7, 0xff, 0xff, //0x0000391c .long L0_2_set_205
	0x8b, 0xd7, 0xff, 0xff, //0x00003920 .long L0_2_set_205
	0x8b, 0xd7, 0xff, 0xff, //0x00003924 .long L0_2_set_205
	0x8b, 0xd7, 0xff, 0xff, //0x00003928 .long L0_2_set_205
	0x8b, 0xd7, 0xff, 0xff, //0x0000392c .long L0_2_set_205
	0x7f, 0xfc, 0xff, 0xff, //0x00003930 .long L0_2_set_742
	0x8b, 0xd7, 0xff, 0xff, //0x00003934 .long L0_2_set_205
	0x8b, 0xd7, 0xff, 0xff, //0x00003938 .long L0_2_set_205
	0x8b, 0xd7, 0xff, 0xff, //0x0000393c .long L0_2_set_205
	0x8b, 0xd7, 0xff, 0xff, //0x00003940 .long L0_2_set_205
	0x8b, 0xd7, 0xff, 0xff, //0x00003944 .long L0_2_set_205
	0x7f, 0xfc, 0xff, 0xff, //0x00003948 .long L0_2_set_742
	0x8b, 0xd7, 0xff, 0xff, //0x0000394c .long L0_2_set_205
	0x8b, 0xd7, 0xff, 0xff, //0x00003950 .long L0_2_set_205
	0x8b, 0xd7, 0xff, 0xff, //0x00003954 .long L0_2_set_205
	0x7f, 0xfc, 0xff, 0xff, //0x00003958 .long L0_2_set_742
	0x8b, 0xd7, 0xff, 0xff, //0x0000395c .long L0_2_set_205
	0x8b, 0xd7, 0xff, 0xff, //0x00003960 .long L0_2_set_205
	0x8b, 0xd7, 0xff, 0xff, //0x00003964 .long L0_2_set_205
	0x8b, 0xd7, 0xff, 0xff, //0x00003968 .long L0_2_set_205
	0x8b, 0xd7, 0xff, 0xff, //0x0000396c .long L0_2_set_205
	0x8b, 0xd7, 0xff, 0xff, //0x00003970 .long L0_2_set_205
	0x8b, 0xd7, 0xff, 0xff, //0x00003974 .long L0_2_set_205
	0x7f, 0xfc, 0xff, 0xff, //0x00003978 .long L0_2_set_742
	0x8b, 0xd7, 0xff, 0xff, //0x0000397c .long L0_2_set_205
	0x8b, 0xd7, 0xff, 0xff, //0x00003980 .long L0_2_set_205
	0x8b, 0xd7, 0xff, 0xff, //0x00003984 .long L0_2_set_205
	0x7f, 0xfc, 0xff, 0xff, //0x00003988 .long L0_2_set_742
	0x8b, 0xd7, 0xff, 0xff, //0x0000398c .long L0_2_set_205
	0x7f, 0xfc, 0xff, 0xff, //0x00003990 .long L0_2_set_742
	0x1e, 0xfa, 0xff, 0xff, //0x00003994 .long L0_2_set_721
	// // .set L0_3_set_665, LBB0_665-LJTI0_3
	// // .set L0_3_set_205, LBB0_205-LJTI0_3
	// // .set L0_3_set_668, LBB0_668-LJTI0_3
	//0x00003998 LJTI0_3
	0xe7, 0xf4, 0xff, 0xff, //0x00003998 .long L0_3_set_665
	0x3b, 0xd6, 0xff, 0xff, //0x0000399c .long L0_3_set_205
	0x3b, 0xd6, 0xff, 0xff, //0x000039a0 .long L0_3_set_205
	0x3b, 0xd6, 0xff, 0xff, //0x000039a4 .long L0_3_set_205
	0x3b, 0xd6, 0xff, 0xff, //0x000039a8 .long L0_3_set_205
	0x3b, 0xd6, 0xff, 0xff, //0x000039ac .long L0_3_set_205
	0x3b, 0xd6, 0xff, 0xff, //0x000039b0 .long L0_3_set_205
	0x3b, 0xd6, 0xff, 0xff, //0x000039b4 .long L0_3_set_205
	0x3b, 0xd6, 0xff, 0xff, //0x000039b8 .long L0_3_set_205
	0x3b, 0xd6, 0xff, 0xff, //0x000039bc .long L0_3_set_205
	0x3b, 0xd6, 0xff, 0xff, //0x000039c0 .long L0_3_set_205
	0x3b, 0xd6, 0xff, 0xff, //0x000039c4 .long L0_3_set_205
	0x3b, 0xd6, 0xff, 0xff, //0x000039c8 .long L0_3_set_205
	0xe7, 0xf4, 0xff, 0xff, //0x000039cc .long L0_3_set_665
	0x3b, 0xd6, 0xff, 0xff, //0x000039d0 .long L0_3_set_205
	0x3b, 0xd6, 0xff, 0xff, //0x000039d4 .long L0_3_set_205
	0x3b, 0xd6, 0xff, 0xff, //0x000039d8 .long L0_3_set_205
	0x3b, 0xd6, 0xff, 0xff, //0x000039dc .long L0_3_set_205
	0x3b, 0xd6, 0xff, 0xff, //0x000039e0 .long L0_3_set_205
	0x3b, 0xd6, 0xff, 0xff, //0x000039e4 .long L0_3_set_205
	0x3b, 0xd6, 0xff, 0xff, //0x000039e8 .long L0_3_set_205
	0x3b, 0xd6, 0xff, 0xff, //0x000039ec .long L0_3_set_205
	0x3b, 0xd6, 0xff, 0xff, //0x000039f0 .long L0_3_set_205
	0x3b, 0xd6, 0xff, 0xff, //0x000039f4 .long L0_3_set_205
	0x3b, 0xd6, 0xff, 0xff, //0x000039f8 .long L0_3_set_205
	0x3b, 0xd6, 0xff, 0xff, //0x000039fc .long L0_3_set_205
	0x3b, 0xd6, 0xff, 0xff, //0x00003a00 .long L0_3_set_205
	0x3b, 0xd6, 0xff, 0xff, //0x00003a04 .long L0_3_set_205
	0x3b, 0xd6, 0xff, 0xff, //0x00003a08 .long L0_3_set_205
	0x3b, 0xd6, 0xff, 0xff, //0x00003a0c .long L0_3_set_205
	0x3b, 0xd6, 0xff, 0xff, //0x00003a10 .long L0_3_set_205
	0x3b, 0xd6, 0xff, 0xff, //0x00003a14 .long L0_3_set_205
	0x3b, 0xd6, 0xff, 0xff, //0x00003a18 .long L0_3_set_205
	0x3b, 0xd6, 0xff, 0xff, //0x00003a1c .long L0_3_set_205
	0x3b, 0xd6, 0xff, 0xff, //0x00003a20 .long L0_3_set_205
	0x3b, 0xd6, 0xff, 0xff, //0x00003a24 .long L0_3_set_205
	0x3b, 0xd6, 0xff, 0xff, //0x00003a28 .long L0_3_set_205
	0x3b, 0xd6, 0xff, 0xff, //0x00003a2c .long L0_3_set_205
	0x3b, 0xd6, 0xff, 0xff, //0x00003a30 .long L0_3_set_205
	0x3b, 0xd6, 0xff, 0xff, //0x00003a34 .long L0_3_set_205
	0x3b, 0xd6, 0xff, 0xff, //0x00003a38 .long L0_3_set_205
	0x3b, 0xd6, 0xff, 0xff, //0x00003a3c .long L0_3_set_205
	0x3b, 0xd6, 0xff, 0xff, //0x00003a40 .long L0_3_set_205
	0x3b, 0xd6, 0xff, 0xff, //0x00003a44 .long L0_3_set_205
	0x3b, 0xd6, 0xff, 0xff, //0x00003a48 .long L0_3_set_205
	0x3b, 0xd6, 0xff, 0xff, //0x00003a4c .long L0_3_set_205
	0x3b, 0xd6, 0xff, 0xff, //0x00003a50 .long L0_3_set_205
	0x3b, 0xd6, 0xff, 0xff, //0x00003a54 .long L0_3_set_205
	0x3b, 0xd6, 0xff, 0xff, //0x00003a58 .long L0_3_set_205
	0x3b, 0xd6, 0xff, 0xff, //0x00003a5c .long L0_3_set_205
	0x3b, 0xd6, 0xff, 0xff, //0x00003a60 .long L0_3_set_205
	0x3b, 0xd6, 0xff, 0xff, //0x00003a64 .long L0_3_set_205
	0x3b, 0xd6, 0xff, 0xff, //0x00003a68 .long L0_3_set_205
	0x3b, 0xd6, 0xff, 0xff, //0x00003a6c .long L0_3_set_205
	0x3b, 0xd6, 0xff, 0xff, //0x00003a70 .long L0_3_set_205
	0x3b, 0xd6, 0xff, 0xff, //0x00003a74 .long L0_3_set_205
	0x3b, 0xd6, 0xff, 0xff, //0x00003a78 .long L0_3_set_205
	0x3b, 0xd6, 0xff, 0xff, //0x00003a7c .long L0_3_set_205
	0xe7, 0xf4, 0xff, 0xff, //0x00003a80 .long L0_3_set_665
	0x3b, 0xd6, 0xff, 0xff, //0x00003a84 .long L0_3_set_205
	0x3b, 0xd6, 0xff, 0xff, //0x00003a88 .long L0_3_set_205
	0x3b, 0xd6, 0xff, 0xff, //0x00003a8c .long L0_3_set_205
	0x3b, 0xd6, 0xff, 0xff, //0x00003a90 .long L0_3_set_205
	0x3b, 0xd6, 0xff, 0xff, //0x00003a94 .long L0_3_set_205
	0xe7, 0xf4, 0xff, 0xff, //0x00003a98 .long L0_3_set_665
	0x3b, 0xd6, 0xff, 0xff, //0x00003a9c .long L0_3_set_205
	0x3b, 0xd6, 0xff, 0xff, //0x00003aa0 .long L0_3_set_205
	0x3b, 0xd6, 0xff, 0xff, //0x00003aa4 .long L0_3_set_205
	0xe7, 0xf4, 0xff, 0xff, //0x00003aa8 .long L0_3_set_665
	0x3b, 0xd6, 0xff, 0xff, //0x00003aac .long L0_3_set_205
	0x3b, 0xd6, 0xff, 0xff, //0x00003ab0 .long L0_3_set_205
	0x3b, 0xd6, 0xff, 0xff, //0x00003ab4 .long L0_3_set_205
	0x3b, 0xd6, 0xff, 0xff, //0x00003ab8 .long L0_3_set_205
	0x3b, 0xd6, 0xff, 0xff, //0x00003abc .long L0_3_set_205
	0x3b, 0xd6, 0xff, 0xff, //0x00003ac0 .long L0_3_set_205
	0x3b, 0xd6, 0xff, 0xff, //0x00003ac4 .long L0_3_set_205
	0xe7, 0xf4, 0xff, 0xff, //0x00003ac8 .long L0_3_set_665
	0x3b, 0xd6, 0xff, 0xff, //0x00003acc .long L0_3_set_205
	0x3b, 0xd6, 0xff, 0xff, //0x00003ad0 .long L0_3_set_205
	0x3b, 0xd6, 0xff, 0xff, //0x00003ad4 .long L0_3_set_205
	0xe7, 0xf4, 0xff, 0xff, //0x00003ad8 .long L0_3_set_665
	0x3b, 0xd6, 0xff, 0xff, //0x00003adc .long L0_3_set_205
	0xe7, 0xf4, 0xff, 0xff, //0x00003ae0 .long L0_3_set_665
	0x13, 0xf5, 0xff, 0xff, //0x00003ae4 .long L0_3_set_668
	// // .set L0_4_set_73, LBB0_73-LJTI0_4
	// // .set L0_4_set_78, LBB0_78-LJTI0_4
	// // .set L0_4_set_75, LBB0_75-LJTI0_4
	// // .set L0_4_set_67, LBB0_67-LJTI0_4
	//0x00003ae8 LJTI0_4
	0x5a, 0xca, 0xff, 0xff, //0x00003ae8 .long L0_4_set_73
	0x8e, 0xca, 0xff, 0xff, //0x00003aec .long L0_4_set_78
	0x5a, 0xca, 0xff, 0xff, //0x00003af0 .long L0_4_set_73
	0x6d, 0xca, 0xff, 0xff, //0x00003af4 .long L0_4_set_75
	0x8e, 0xca, 0xff, 0xff, //0x00003af8 .long L0_4_set_78
	0x8e, 0xca, 0xff, 0xff, //0x00003afc .long L0_4_set_78
	0x8e, 0xca, 0xff, 0xff, //0x00003b00 .long L0_4_set_78
	0x8e, 0xca, 0xff, 0xff, //0x00003b04 .long L0_4_set_78
	0x8e, 0xca, 0xff, 0xff, //0x00003b08 .long L0_4_set_78
	0x8e, 0xca, 0xff, 0xff, //0x00003b0c .long L0_4_set_78
	0x8e, 0xca, 0xff, 0xff, //0x00003b10 .long L0_4_set_78
	0x8e, 0xca, 0xff, 0xff, //0x00003b14 .long L0_4_set_78
	0x8e, 0xca, 0xff, 0xff, //0x00003b18 .long L0_4_set_78
	0x8e, 0xca, 0xff, 0xff, //0x00003b1c .long L0_4_set_78
	0x8e, 0xca, 0xff, 0xff, //0x00003b20 .long L0_4_set_78
	0x8e, 0xca, 0xff, 0xff, //0x00003b24 .long L0_4_set_78
	0x8e, 0xca, 0xff, 0xff, //0x00003b28 .long L0_4_set_78
	0x8e, 0xca, 0xff, 0xff, //0x00003b2c .long L0_4_set_78
	0x8e, 0xca, 0xff, 0xff, //0x00003b30 .long L0_4_set_78
	0x8e, 0xca, 0xff, 0xff, //0x00003b34 .long L0_4_set_78
	0x8e, 0xca, 0xff, 0xff, //0x00003b38 .long L0_4_set_78
	0x8e, 0xca, 0xff, 0xff, //0x00003b3c .long L0_4_set_78
	0x8e, 0xca, 0xff, 0xff, //0x00003b40 .long L0_4_set_78
	0x8e, 0xca, 0xff, 0xff, //0x00003b44 .long L0_4_set_78
	0x8e, 0xca, 0xff, 0xff, //0x00003b48 .long L0_4_set_78
	0x8e, 0xca, 0xff, 0xff, //0x00003b4c .long L0_4_set_78
	0x0e, 0xca, 0xff, 0xff, //0x00003b50 .long L0_4_set_67
	//0x00003b54 .p2align 2, 0x00
	//0x00003b54 _MASK_USE_NUMBER
	0x02, 0x00, 0x00, 0x00, //0x00003b54 .long 2
	0x00, 0x00, 0x00, 0x00, 0x00, 0x00, 0x00, 0x00, //0x00003b58 .p2align 4, 0x00
	//0x00003b60 _P10_TAB
	0x00, 0x00, 0x00, 0x00, 0x00, 0x00, 0xf0, 0x3f, //0x00003b60 .quad 0x3ff0000000000000
	0x00, 0x00, 0x00, 0x00, 0x00, 0x00, 0x24, 0x40, //0x00003b68 .quad 0x4024000000000000
	0x00, 0x00, 0x00, 0x00, 0x00, 0x00, 0x59, 0x40, //0x00003b70 .quad 0x4059000000000000
	0x00, 0x00, 0x00, 0x00, 0x00, 0x40, 0x8f, 0x40, //0x00003b78 .quad 0x408f400000000000
	0x00, 0x00, 0x00, 0x00, 0x00, 0x88, 0xc3, 0x40, //0x00003b80 .quad 0x40c3880000000000
	0x00, 0x00, 0x00, 0x00, 0x00, 0x6a, 0xf8, 0x40, //0x00003b88 .quad 0x40f86a0000000000
	0x00, 0x00, 0x00, 0x00, 0x80, 0x84, 0x2e, 0x41, //0x00003b90 .quad 0x412e848000000000
	0x00, 0x00, 0x00, 0x00, 0xd0, 0x12, 0x63, 0x41, //0x00003b98 .quad 0x416312d000000000
	0x00, 0x00, 0x00, 0x00, 0x84, 0xd7, 0x97, 0x41, //0x00003ba0 .quad 0x4197d78400000000
	0x00, 0x00, 0x00, 0x00, 0x65, 0xcd, 0xcd, 0x41, //0x00003ba8 .quad 0x41cdcd6500000000
	0x00, 0x00, 0x00, 0x20, 0x5f, 0xa0, 0x02, 0x42, //0x00003bb0 .quad 0x4202a05f20000000
	0x00, 0x00, 0x00, 0xe8, 0x76, 0x48, 0x37, 0x42, //0x00003bb8 .quad 0x42374876e8000000
	0x00, 0x00, 0x00, 0xa2, 0x94, 0x1a, 0x6d, 0x42, //0x00003bc0 .quad 0x426d1a94a2000000
	0x00, 0x00, 0x40, 0xe5, 0x9c, 0x30, 0xa2, 0x42, //0x00003bc8 .quad 0x42a2309ce5400000
	0x00, 0x00, 0x90, 0x1e, 0xc4, 0xbc, 0xd6, 0x42, //0x00003bd0 .quad 0x42d6bcc41e900000
	0x00, 0x00, 0x34, 0x26, 0xf5, 0x6b, 0x0c, 0x43, //0x00003bd8 .quad 0x430c6bf526340000
	0x00, 0x80, 0xe0, 0x37, 0x79, 0xc3, 0x41, 0x43, //0x00003be0 .quad 0x4341c37937e08000
	0x00, 0xa0, 0xd8, 0x85, 0x57, 0x34, 0x76, 0x43, //0x00003be8 .quad 0x4376345785d8a000
	0x00, 0xc8, 0x4e, 0x67, 0x6d, 0xc1, 0xab, 0x43, //0x00003bf0 .quad 0x43abc16d674ec800
	0x00, 0x3d, 0x91, 0x60, 0xe4, 0x58, 0xe1, 0x43, //0x00003bf8 .quad 0x43e158e460913d00
	0x40, 0x8c, 0xb5, 0x78, 0x1d, 0xaf, 0x15, 0x44, //0x00003c00 .quad 0x4415af1d78b58c40
	0x50, 0xef, 0xe2, 0xd6, 0xe4, 0x1a, 0x4b, 0x44, //0x00003c08 .quad 0x444b1ae4d6e2ef50
	0x92, 0xd5, 0x4d, 0x06, 0xcf, 0xf0, 0x80, 0x44, //0x00003c10 .quad 0x4480f0cf064dd592
	0x00, 0x00, 0x00, 0x00, 0x00, 0x00, 0x00, 0x00, //0x00003c18 .p2align 4, 0x00
	//0x00003c20 _POW10_M128_TAB
	0x53, 0xe4, 0x60, 0xcd, 0x69, 0xc8, 0x32, 0x17, //0x00003c20 .quad 1671618768450675795
	0x88, 0x02, 0x1c, 0x08, 0xa0, 0xd5, 0x8f, 0xfa, //0x00003c28 .quad -391859759250406776
	0xb4, 0x8e, 0x5c, 0x20, 0x42, 0xbd, 0x7f, 0x0e, //0x00003c30 .quad 1044761730281672372
	0x95, 0x81, 0x11, 0x05, 0x84, 0xe5, 0x99, 0x9c, //0x00003c38 .quad -7162441377172586091
	0x61, 0xb2, 0x73, 0xa8, 0x92, 0xac, 0x1f, 0x52, //0x00003c40 .quad 5917638181279478369
	0xfa, 0xe1, 0x55, 0x06, 0xe5, 0x5e, 0xc0, 0xc3, //0x00003c48 .quad -4341365703038344710
	0xf9, 0x9e, 0x90, 0x52, 0xb7, 0x97, 0xa7, 0xe6, //0x00003c50 .quad -1826324310255427847
	0x78, 0x5a, 0xeb, 0x47, 0x9e, 0x76, 0xb0, 0xf4, //0x00003c58 .quad -815021110370542984
	0x5c, 0x63, 0x9a, 0x93, 0xd2, 0xbe, 0x28, 0x90, //0x00003c60 .quad -8058981721550724260
	0x8b, 0x18, 0xf3, 0xec, 0x22, 0x4a, 0xee, 0x98, //0x00003c68 .quad -7426917221622671221
	0x33, 0xfc, 0x80, 0x38, 0x87, 0xee, 0x32, 0x74, //0x00003c70 .quad 8373016921771146291
	0xae, 0xde, 0x2f, 0xa8, 0xab, 0xdc, 0x29, 0xbf, //0x00003c78 .quad -4671960508600951122
	0x3f, 0x3b, 0xa1, 0x06, 0x29, 0xaa, 0x3f, 0x11, //0x00003c80 .quad 1242899115359157055
	0x5a, 0xd6, 0x3b, 0x92, 0xd6, 0x53, 0xf4, 0xee, //0x00003c88 .quad -1228264617323800998
	0x07, 0xc5, 0x24, 0xa4, 0x59, 0xca, 0xc7, 0x4a, //0x00003c90 .quad 5388497965526861063
	0xf8, 0x65, 0x65, 0x1b, 0x66, 0xb4, 0x58, 0x95, //0x00003c98 .quad -7685194413468457480
	0x49, 0xf6, 0x2d, 0x0d, 0xf0, 0xbc, 0x79, 0x5d, //0x00003ca0 .quad 6735622456908576329
	0x76, 0xbf, 0x3e, 0xa2, 0x7f, 0xe1, 0xae, 0xba, //0x00003ca8 .quad -4994806998408183946
	0xdc, 0x73, 0x79, 0x10, 0x2c, 0x2c, 0xd8, 0xf4, //0x00003cb0 .quad -803843965719055396
	0x53, 0x6f, 0xce, 0x8a, 0xdf, 0x99, 0x5a, 0xe9, //0x00003cb8 .quad -1631822729582842029
	0x69, 0xe8, 0x4b, 0x8a, 0x9b, 0x1b, 0x07, 0x79, //0x00003cc0 .quad 8720969558280366185
	0x94, 0x05, 0xc1, 0xb6, 0x2b, 0xa0, 0xd8, 0x91, //0x00003cc8 .quad -7937418233630358124
	0x84, 0xe2, 0xde, 0x6c, 0x82, 0xe2, 0x48, 0x97, //0x00003cd0 .quad -7545532125859093884
	0xf9, 0x46, 0x71, 0xa4, 0x36, 0xc8, 0x4e, 0xb6, //0x00003cd8 .quad -5310086773610559751
	0x25, 0x9b, 0x16, 0x08, 0x23, 0x1b, 0x1b, 0xfd, //0x00003ce0 .quad -208543120469091547
	0xb7, 0x98, 0x8d, 0x4d, 0x44, 0x7a, 0xe2, 0xe3, //0x00003ce8 .quad -2025922448585811785
	0xf7, 0x20, 0x0e, 0xe5, 0xf5, 0xf0, 0x30, 0xfe, //0x00003cf0 .quad -130339450293182217
	0x72, 0x7f, 0x78, 0xb0, 0x6a, 0x8c, 0x6d, 0x8e, //0x00003cf8 .quad -8183730558007214222
	0x35, 0xa9, 0x51, 0x5e, 0x33, 0x2d, 0xbd, 0xbd, //0x00003d00 .quad -4774610331293865675
	0x4f, 0x9f, 0x96, 0x5c, 0x85, 0xef, 0x08, 0xb2, //0x00003d08 .quad -5617977179081629873
	0x82, 0x13, 0xe6, 0x35, 0x80, 0x78, 0x2c, 0xad, //0x00003d10 .quad -5968262914117332094
	0x23, 0x47, 0xbc, 0xb3, 0x66, 0x2b, 0x8b, 0xde, //0x00003d18 .quad -2410785455424649437
	0x31, 0xcc, 0xaf, 0x21, 0x50, 0xcb, 0x3b, 0x4c, //0x00003d20 .quad 5493207715531443249
	0x76, 0xac, 0x55, 0x30, 0x20, 0xfb, 0x16, 0x8b, //0x00003d28 .quad -8424269937281487754
	0x3d, 0xbf, 0x1b, 0x2a, 0x24, 0xbe, 0x4a, 0xdf, //0x00003d30 .quad -2356862392440471747
	0x93, 0x17, 0x6b, 0x3c, 0xe8, 0xb9, 0xdc, 0xad, //0x00003d38 .quad -5918651403174471789
	0x0d, 0xaf, 0xa2, 0x34, 0xad, 0x6d, 0x1d, 0xd7, //0x00003d40 .quad -2946077990550589683
	0x78, 0xdd, 0x85, 0x4b, 0x62, 0xe8, 0x53, 0xd9, //0x00003d48 .quad -2786628235540701832
	0x68, 0xad, 0xe5, 0x40, 0x8c, 0x64, 0x72, 0x86, //0x00003d50 .quad -8758827771735200408
	0x6b, 0xaa, 0x33, 0x6f, 0x3d, 0x71, 0xd4, 0x87, //0x00003d58 .quad -8659171674854020501
	0xc2, 0x18, 0x1f, 0x51, 0xaf, 0xfd, 0x0e, 0x68, //0x00003d60 .quad 7498209359040551106
	0x06, 0x95, 0x00, 0xcb, 0x8c, 0x8d, 0xc9, 0xa9, //0x00003d68 .quad -6212278575140137722
	0xf2, 0xde, 0x66, 0x25, 0x1b, 0xbd, 0x12, 0x02, //0x00003d70 .quad 149389661945913074
	0x48, 0xba, 0xc0, 0xfd, 0xef, 0xf0, 0x3b, 0xd4, //0x00003d78 .quad -3153662200497784248
	0x57, 0x4b, 0x60, 0xf7, 0x30, 0xb6, 0x4b, 0x01, //0x00003d80 .quad 93368538716195671
	0x6d, 0x74, 0x98, 0xfe, 0x95, 0x76, 0xa5, 0x84, //0x00003d88 .quad -8888567902952197011
	0x2d, 0x5e, 0x38, 0x35, 0xbd, 0xa3, 0x9e, 0x41, //0x00003d90 .quad 4728396691822632493
	0x88, 0x91, 0x3e, 0x7e, 0x3b, 0xd4, 0xce, 0xa5, //0x00003d98 .quad -6499023860262858360
	0xb9, 0x75, 0x86, 0x82, 0xac, 0x4c, 0x06, 0x52, //0x00003da0 .quad 5910495864778290617
	0xea, 0x35, 0xce, 0x5d, 0x4a, 0x89, 0x42, 0xcf, //0x00003da8 .quad -3512093806901185046
	0x93, 0x09, 0x94, 0xd1, 0xeb, 0xef, 0x43, 0x73, //0x00003db0 .quad 8305745933913819539
	0xb2, 0xe1, 0xa0, 0x7a, 0xce, 0x95, 0x89, 0x81, //0x00003db8 .quad -9112587656954322510
	0xf8, 0x0b, 0xf9, 0xc5, 0xe6, 0xeb, 0x14, 0x10, //0x00003dc0 .quad 1158810380537498616
	0x1f, 0x1a, 0x49, 0x19, 0x42, 0xfb, 0xeb, 0xa1, //0x00003dc8 .quad -6779048552765515233
	0xf6, 0x4e, 0x77, 0x77, 0xe0, 0x26, 0x1a, 0xd4, //0x00003dd0 .quad -3163173042755514634
	0xa6, 0x60, 0x9b, 0x9f, 0x12, 0xfa, 0x66, 0xca, //0x00003dd8 .quad -3862124672529506138
	0xb4, 0x22, 0x55, 0x95, 0x98, 0xb0, 0x20, 0x89, //0x00003de0 .quad -8565652321871781196
	0xd0, 0x38, 0x82, 0x47, 0x97, 0xb8, 0x00, 0xfd, //0x00003de8 .quad -215969822234494768
	0xb0, 0x35, 0x55, 0x5d, 0x5f, 0x6e, 0xb4, 0x55, //0x00003df0 .quad 6175682344898606512
	0x82, 0x63, 0xb1, 0x8c, 0x5e, 0x73, 0x20, 0x9e, //0x00003df8 .quad -7052510166537641086
	0x1d, 0x83, 0xaa, 0x34, 0xf7, 0x89, 0x21, 0xeb, //0x00003e00 .quad -1503769105731517667
	0x62, 0xbc, 0xdd, 0x2f, 0x36, 0x90, 0xa8, 0xc5, //0x00003e08 .quad -4203951689744663454
	0xe4, 0x23, 0xd5, 0x01, 0x75, 0xec, 0xe9, 0xa5, //0x00003e10 .quad -6491397400591784988
	0x7b, 0x2b, 0xd5, 0xbb, 0x43, 0xb4, 0x12, 0xf7, //0x00003e18 .quad -643253593753441413
	0x6e, 0x36, 0x25, 0x21, 0xc9, 0x33, 0xb2, 0x47, //0x00003e20 .quad 5166248661484910190
	0x2d, 0x3b, 0x65, 0x55, 0xaa, 0xb0, 0x6b, 0x9a, //0x00003e28 .quad -7319562523736982739
	0x0a, 0x84, 0x6e, 0x69, 0xbb, 0xc0, 0x9e, 0x99, //0x00003e30 .quad -7377247228426025974
	0xf8, 0x89, 0xbe, 0xea, 0xd4, 0x9c, 0x06, 0xc1, //0x00003e38 .quad -4537767136243840520
	0x0d, 0x25, 0xca, 0x43, 0xea, 0x70, 0x06, 0xc0, //0x00003e40 .quad -4609873017105144563
	0x76, 0x2c, 0x6e, 0x25, 0x0a, 0x44, 0x48, 0xf1, //0x00003e48 .quad -1060522901877412746
	0x28, 0x57, 0x5e, 0x6a, 0x92, 0x06, 0x04, 0x38, //0x00003e50 .quad 4036358391950366504
	0xca, 0xdb, 0x64, 0x57, 0x86, 0x2a, 0xcd, 0x96, //0x00003e58 .quad -7580355841314464822
	0xf2, 0xec, 0xf5, 0x04, 0x37, 0x08, 0x05, 0xc6, //0x00003e60 .quad -4177924046916817678
	0xbc, 0x12, 0x3e, 0xed, 0x27, 0x75, 0x80, 0xbc, //0x00003e68 .quad -4863758783215693124
	0x2e, 0x68, 0x33, 0xc6, 0x44, 0x4a, 0x86, 0xf7, //0x00003e70 .quad -610719040218634194
	0x6b, 0x97, 0x8d, 0xe8, 0x71, 0x92, 0xa0, 0xeb, //0x00003e78 .quad -1468012460592228501
	0x1d, 0x21, 0xe0, 0xfb, 0x6a, 0xee, 0xb3, 0x7a, //0x00003e80 .quad 8841672636718129437
	0xa3, 0x7e, 0x58, 0x31, 0x87, 0x5b, 0x44, 0x93, //0x00003e88 .quad -7835036815511224669
	0x64, 0x29, 0xd8, 0xba, 0x05, 0xea, 0x60, 0x59, //0x00003e90 .quad 6440404777470273892
	0x4c, 0x9e, 0xae, 0xfd, 0x68, 0x72, 0x15, 0xb8, //0x00003e98 .quad -5182110000961642932
	0xbd, 0x33, 0x8e, 0x29, 0x87, 0x24, 0xb9, 0x6f, //0x00003ea0 .quad 8050505971837842365
	0xdf, 0x45, 0x1a, 0x3d, 0x03, 0xcf, 0x1a, 0xe6, //0x00003ea8 .quad -1865951482774665761
	0x56, 0xe0, 0xf8, 0x79, 0xd4, 0xb6, 0xd3, 0xa5, //0x00003eb0 .quad -6497648813669818282
	0xab, 0x6b, 0x30, 0x06, 0x62, 0xc1, 0xd0, 0x8f, //0x00003eb8 .quad -8083748704375247957
	0x6c, 0x18, 0x77, 0x98, 0x89, 0xa4, 0x48, 0x8f, //0x00003ec0 .quad -8122061017087272852
	0x96, 0x86, 0xbc, 0x87, 0xba, 0xf1, 0xc4, 0xb3, //0x00003ec8 .quad -5492999862041672042
	0x87, 0xde, 0x94, 0xfe, 0xab, 0xcd, 0x1a, 0x33, //0x00003ed0 .quad 3682481783923072647
	0x3c, 0xa8, 0xab, 0x29, 0x29, 0x2e, 0xb6, 0xe0, //0x00003ed8 .quad -2254563809124702148
	0x14, 0x0b, 0x1d, 0x7f, 0x8b, 0xc0, 0xf0, 0x9f, //0x00003ee0 .quad -6921820921902855404
	0x25, 0x49, 0x0b, 0xba, 0xd9, 0xdc, 0x71, 0x8c, //0x00003ee8 .quad -8326631408344020699
	0xd9, 0x4d, 0xe4, 0x5e, 0xae, 0xf0, 0xec, 0x07, //0x00003ef0 .quad 571095884476206553
	0x6f, 0x1b, 0x8e, 0x28, 0x10, 0x54, 0x8e, 0xaf, //0x00003ef8 .quad -5796603242002637969
	0x50, 0x61, 0x9d, 0xf6, 0xd9, 0x2c, 0xe8, 0xc9, //0x00003f00 .quad -3897816162832129712
	0x4a, 0xa2, 0xb1, 0x32, 0x14, 0xe9, 0x71, 0xdb, //0x00003f08 .quad -2634068034075909558
	0xd2, 0x5c, 0x22, 0x3a, 0x08, 0x1c, 0x31, 0xbe, //0x00003f10 .quad -4741978110983775022
	0x6e, 0x05, 0xaf, 0x9f, 0xac, 0x31, 0x27, 0x89, //0x00003f18 .quad -8563821548938525330
	0x06, 0xf4, 0xaa, 0x48, 0x0a, 0x63, 0xbd, 0x6d, //0x00003f20 .quad 7907585416552444934
	0xca, 0xc6, 0x9a, 0xc7, 0x17, 0xfe, 0x70, 0xab, //0x00003f28 .quad -6093090917745768758
	0x08, 0xb1, 0xd5, 0xda, 0xcc, 0xbb, 0x2c, 0x09, //0x00003f30 .quad 661109733835780360
	0x7d, 0x78, 0x81, 0xb9, 0x9d, 0x3d, 0x4d, 0xd6, //0x00003f38 .quad -3004677628754823043
	0xa5, 0x8e, 0xc5, 0x08, 0x60, 0xf5, 0xbb, 0x25, //0x00003f40 .quad 2719036592861056677
	0x4e, 0xeb, 0xf0, 0x93, 0x82, 0x46, 0xf0, 0x85, //0x00003f48 .quad -8795452545612846258
	0x4e, 0xf2, 0xf6, 0x0a, 0xb8, 0xf2, 0x2a, 0xaf, //0x00003f50 .quad -5824576295778454962
	0x21, 0x26, 0xed, 0x38, 0x23, 0x58, 0x6c, 0xa7, //0x00003f58 .quad -6382629663588669919
	0xe1, 0xae, 0xb4, 0x0d, 0x66, 0xaf, 0xf5, 0x1a, //0x00003f60 .quad 1942651667131707105
	0xaa, 0x6f, 0x28, 0x07, 0x2c, 0x6e, 0x47, 0xd1, //0x00003f68 .quad -3366601061058449494
	0x4d, 0xed, 0x90, 0xc8, 0x9f, 0x8d, 0xd9, 0x50, //0x00003f70 .quad 5825843310384704845
	0xca, 0x45, 0x79, 0x84, 0xdb, 0xa4, 0xcc, 0x82, //0x00003f78 .quad -9021654690802612790
	0xa0, 0x28, 0xb5, 0xba, 0x07, 0xf1, 0x0f, 0xe5, //0x00003f80 .quad -1941067898873894752
	0x3c, 0x97, 0x97, 0x65, 0x12, 0xce, 0x7f, 0xa3, //0x00003f88 .quad -6665382345075878084
	0xc8, 0x72, 0x62, 0xa9, 0x49, 0xed, 0x53, 0x1e, //0x00003f90 .quad 2185351144835019464
	0x0c, 0x7d, 0xfd, 0xfe, 0x96, 0xc1, 0x5f, 0xcc, //0x00003f98 .quad -3720041912917459700
	0x7a, 0x0f, 0xbb, 0x13, 0x9c, 0xe8, 0xe8, 0x25, //0x00003fa0 .quad 2731688931043774330
	0x4f, 0xdc, 0xbc, 0xbe, 0xfc, 0xb1, 0x77, 0xff, //0x00003fa8 .quad -38366372719436721
	0xac, 0xe9, 0x54, 0x8c, 0x61, 0x91, 0xb1, 0x77, //0x00003fb0 .quad 8624834609543440812
	0xb1, 0x09, 0x36, 0xf7, 0x3d, 0xcf, 0xaa, 0x9f, //0x00003fb8 .quad -6941508010590729807
	0x17, 0x24, 0x6a, 0xef, 0xb9, 0xf5, 0x9d, 0xd5, //0x00003fc0 .quad -3054014793352862697
	0x1d, 0x8c, 0x03, 0x75, 0x0d, 0x83, 0x95, 0xc7, //0x00003fc8 .quad -4065198994811024355
	0x1d, 0xad, 0x44, 0x6b, 0x28, 0x73, 0x05, 0x4b, //0x00003fd0 .quad 5405853545163697437
	0x25, 0x6f, 0x44, 0xd2, 0xd0, 0xe3, 0x7a, 0xf9, //0x00003fd8 .quad -469812725086392539
	0x32, 0xec, 0x0a, 0x43, 0xf9, 0x67, 0xe3, 0x4e, //0x00003fe0 .quad 5684501474941004850
	0x77, 0xc5, 0x6a, 0x83, 0x62, 0xce, 0xec, 0x9b, //0x00003fe8 .quad -7211161980820077193
	0x3f, 0xa7, 0xcd, 0x93, 0xf7, 0x41, 0x9c, 0x22, //0x00003ff0 .quad 2493940825248868159
	0xd5, 0x76, 0x45, 0x24, 0xfb, 0x01, 0xe8, 0xc2, //0x00003ff8 .quad -4402266457597708587
	0x0f, 0x11, 0xc1, 0x78, 0x75, 0x52, 0x43, 0x6b, //0x00004000 .quad 7729112049988473103
	0x8a, 0xd4, 0x56, 0xed, 0x79, 0x02, 0xa2, 0xf3, //0x00004008 .quad -891147053569747830
	0xa9, 0xaa, 0x78, 0x6b, 0x89, 0x13, 0x0a, 0x83, //0x00004010 .quad -9004363024039368023
	0xd6, 0x44, 0x56, 0x34, 0x8c, 0x41, 0x45, 0x98, //0x00004018 .quad -7474495936122174250
	0x53, 0xd5, 0x56, 0xc6, 0x6b, 0x98, 0xcc, 0x23, //0x00004020 .quad 2579604275232953683
	0x0c, 0xd6, 0x6b, 0x41, 0xef, 0x91, 0x56, 0xbe, //0x00004028 .quad -4731433901725329908
	0xa8, 0x8a, 0xec, 0xb7, 0x86, 0xbe, 0xbf, 0x2c, //0x00004030 .quad 3224505344041192104
	0x8f, 0xcb, 0xc6, 0x11, 0x6b, 0x36, 0xec, 0xed, //0x00004038 .quad -1302606358729274481
	0xa9, 0xd6, 0xf3, 0x32, 0x14, 0xd7, 0xf7, 0x7b, //0x00004040 .quad 8932844867666826921
	0x39, 0x3f, 0x1c, 0xeb, 0x02, 0xa2, 0xb3, 0x94, //0x00004048 .quad -7731658001846878407
	0x53, 0xcc, 0xb0, 0x3f, 0xd9, 0xcc, 0xf5, 0xda, //0x00004050 .quad -2669001970698630061
	0x07, 0x4f, 0xe3, 0xa5, 0x83, 0x8a, 0xe0, 0xb9, //0x00004058 .quad -5052886483881210105
	0x68, 0xff, 0x9c, 0x8f, 0x0f, 0x40, 0xb3, 0xd1, //0x00004060 .quad -3336252463373287576
	0xc9, 0x22, 0x5c, 0x8f, 0x24, 0xad, 0x58, 0xe8, //0x00004068 .quad -1704422086424124727
	0xa1, 0x1f, 0xc2, 0xb9, 0x09, 0x08, 0x10, 0x23, //0x00004070 .quad 2526528228819083169
	0xbe, 0x95, 0x99, 0xd9, 0x36, 0x6c, 0x37, 0x91, //0x00004078 .quad -7982792831656159810
	0x8a, 0xa7, 0x32, 0x28, 0x0c, 0x0a, 0xd4, 0xab, //0x00004080 .quad -6065211750830921846
	0x2d, 0xfb, 0xff, 0x8f, 0x44, 0x47, 0x85, 0xb5, //0x00004088 .quad -5366805021142811859
	0x6c, 0x51, 0x3f, 0x32, 0x8f, 0x0c, 0xc9, 0x16, //0x00004090 .quad 1641857348316123500
	0xf9, 0xf9, 0xff, 0xb3, 0x15, 0x99, 0xe6, 0xe2, //0x00004098 .quad -2096820258001126919
	0xe3, 0x92, 0x67, 0x7f, 0xd9, 0xa7, 0x3d, 0xae, //0x000040a0 .quad -5891368184943504669
	0x3b, 0xfc, 0x7f, 0x90, 0xad, 0x1f, 0xd0, 0x8d, //0x000040a8 .quad -8228041688891786181
	0x9c, 0x77, 0x41, 0xdf, 0xcf, 0x11, 0xcd, 0x99, //0x000040b0 .quad -7364210231179380836
	0x4a, 0xfb, 0x9f, 0xf4, 0x98, 0x27, 0x44, 0xb1, //0x000040b8 .quad -5673366092687344822
	0x83, 0xd5, 0x11, 0xd7, 0x43, 0x56, 0x40, 0x40, //0x000040c0 .quad 4629795266307937667
	0x1d, 0xfa, 0xc7, 0x31, 0x7f, 0x31, 0x95, 0xdd, //0x000040c8 .quad -2480021597431793123
	0x72, 0x25, 0x6b, 0x66, 0xea, 0x35, 0x28, 0x48, //0x000040d0 .quad 5199465050656154994
	0x52, 0xfc, 0x1c, 0x7f, 0xef, 0x3e, 0x7d, 0x8a, //0x000040d8 .quad -8467542526035952558
	0xcf, 0xee, 0x05, 0x00, 0x65, 0x43, 0x32, 0xda, //0x000040e0 .quad -2724040723534582065
	0x66, 0x3b, 0xe4, 0x5e, 0xab, 0x8e, 0x1c, 0xad, //0x000040e8 .quad -5972742139117552794
	0x82, 0x6a, 0x07, 0x40, 0x3e, 0xd4, 0xbe, 0x90, //0x000040f0 .quad -8016736922845615486
	0x40, 0x4a, 0x9d, 0x36, 0x56, 0xb2, 0x63, 0xd8, //0x000040f8 .quad -2854241655469553088
	0x91, 0xa2, 0x04, 0xe8, 0xa6, 0x44, 0x77, 0x5a, //0x00004100 .quad 6518754469289960081
	0x68, 0x4e, 0x22, 0xe2, 0x75, 0x4f, 0x3e, 0x87, //0x00004108 .quad -8701430062309552536
	0x36, 0xcb, 0x05, 0xa2, 0xd0, 0x15, 0x15, 0x71, //0x00004110 .quad 8148443086612450102
	0x02, 0xe2, 0xaa, 0x5a, 0x53, 0xe3, 0x0d, 0xa9, //0x00004118 .quad -6265101559459552766
	0x03, 0x3e, 0x87, 0xca, 0x44, 0x5b, 0x5a, 0x0d, //0x00004120 .quad 962181821410786819
	0x83, 0x9a, 0x55, 0x31, 0x28, 0x5c, 0x51, 0xd3, //0x00004128 .quad -3219690930897053053
	0xc2, 0x86, 0x94, 0xfe, 0x0a, 0x79, 0x58, 0xe8, //0x00004130 .quad -1704479370831952190
	0x91, 0x80, 0xd5, 0x1e, 0x99, 0xd9, 0x12, 0x84, //0x00004138 .quad -8929835859451740015
	0x72, 0xa8, 0x39, 0xbe, 0x4d, 0x97, 0x6e, 0x62, //0x00004140 .quad 7092772823314835570
	0xb6, 0xe0, 0x8a, 0x66, 0xff, 0x8f, 0x17, 0xa5, //0x00004148 .quad -6550608805887287114
	0x8f, 0x12, 0xc8, 0x2d, 0x21, 0x3d, 0x0a, 0xfb, //0x00004150 .quad -357406007711231345
	0xe3, 0x98, 0x2d, 0x40, 0xff, 0x73, 0x5d, 0xce, //0x00004158 .quad -3576574988931720989
	0x99, 0x0b, 0x9d, 0xbc, 0x34, 0x66, 0xe6, 0x7c, //0x00004160 .quad 8999993282035256217
	0x8e, 0x7f, 0x1c, 0x88, 0x7f, 0x68, 0xfa, 0x80, //0x00004168 .quad -9152888395723407474
	0x80, 0x4e, 0xc4, 0xeb, 0xc1, 0xff, 0x1f, 0x1c, //0x00004170 .quad 2026619565689294464
	0x72, 0x9f, 0x23, 0x6a, 0x9f, 0x02, 0x39, 0xa1, //0x00004178 .quad -6829424476226871438
	0x20, 0x62, 0xb5, 0x66, 0xb2, 0xff, 0x27, 0xa3, //0x00004180 .quad -6690097579743157728
	0x4e, 0x87, 0xac, 0x44, 0x47, 0x43, 0x87, 0xc9, //0x00004188 .quad -3925094576856201394
	0xa8, 0xba, 0x62, 0x00, 0x9f, 0xff, 0xf1, 0x4b, //0x00004190 .quad 5472436080603216552
	0x22, 0xa9, 0xd7, 0x15, 0x19, 0x14, 0xe9, 0xfb, //0x00004198 .quad -294682202642863838
	0xa9, 0xb4, 0x3d, 0x60, 0xc3, 0x3f, 0x77, 0x6f, //0x000041a0 .quad 8031958568804398249
	0xb5, 0xc9, 0xa6, 0xad, 0x8f, 0xac, 0x71, 0x9d, //0x000041a8 .quad -7101705404292871755
	0xd3, 0x21, 0x4d, 0x38, 0xb4, 0x0f, 0x55, 0xcb, //0x000041b0 .quad -3795109844276665901
	0x22, 0x7c, 0x10, 0x99, 0xb3, 0x17, 0xce, 0xc4, //0x000041b8 .quad -4265445736938701790
	0x48, 0x6a, 0x60, 0x46, 0xa1, 0x53, 0x2a, 0x7e, //0x000041c0 .quad 9091170749936331336
	0x2b, 0x9b, 0x54, 0x7f, 0xa0, 0x9d, 0x01, 0xf6, //0x000041c8 .quad -720121152745989333
	0x6d, 0x42, 0xfc, 0xcb, 0x44, 0x74, 0xda, 0x2e, //0x000041d0 .quad 3376138709496513133
	0xfb, 0xe0, 0x94, 0x4f, 0x84, 0x02, 0xc1, 0x99, //0x000041d8 .quad -7367604748107325189
	0x08, 0x53, 0xfb, 0xfe, 0x55, 0x11, 0x91, 0xfa, //0x000041e0 .quad -391512631556746488
	0x39, 0x19, 0x7a, 0x63, 0x25, 0x43, 0x31, 0xc0, //0x000041e8 .quad -4597819916706768583
	0xca, 0x27, 0xba, 0x7e, 0xab, 0x55, 0x35, 0x79, //0x000041f0 .quad 8733981247408842698
	0x88, 0x9f, 0x58, 0xbc, 0xee, 0x93, 0x3d, 0xf0, //0x000041f8 .quad -1135588877456072824
	0xde, 0x58, 0x34, 0x2f, 0x8b, 0x55, 0xc1, 0x4b, //0x00004200 .quad 5458738279630526686
	0xb5, 0x63, 0xb7, 0x35, 0x75, 0x7c, 0x26, 0x96, //0x00004208 .quad -7627272076051127371
	0x16, 0x6f, 0x01, 0xfb, 0xed, 0xaa, 0xb1, 0x9e, //0x00004210 .quad -7011635205744005354
	0xa2, 0x3c, 0x25, 0x83, 0x92, 0x1b, 0xb0, 0xbb, //0x00004218 .quad -4922404076636521310
	0xdc, 0xca, 0xc1, 0x79, 0xa9, 0x15, 0x5e, 0x46, //0x00004220 .quad 5070514048102157020
	0xcb, 0x8b, 0xee, 0x23, 0x77, 0x22, 0x9c, 0xea, //0x00004228 .quad -1541319077368263733
	0xc9, 0x1e, 0x19, 0xec, 0x89, 0xcd, 0xfa, 0x0b, //0x00004230 .quad 863228270850154185
	0x5f, 0x17, 0x75, 0x76, 0x8a, 0x95, 0xa1, 0x92, //0x00004238 .quad -7880853450996246689
	0x7b, 0x66, 0x1f, 0x67, 0xec, 0x80, 0xf9, 0xce, //0x00004240 .quad -3532650679864695173
	0x36, 0x5d, 0x12, 0x14, 0xed, 0xfa, 0x49, 0xb7, //0x00004248 .quad -5239380795317920458
	0x1a, 0x40, 0xe7, 0x80, 0x27, 0xe1, 0xb7, 0x82, //0x00004250 .quad -9027499368258256870
	0x84, 0xf4, 0x16, 0x59, 0xa8, 0x79, 0x1c, 0xe5, //0x00004258 .quad -1937539975720012668
	0x10, 0x88, 0x90, 0xb0, 0xb8, 0xec, 0xb2, 0xd1, //0x00004260 .quad -3336344095947716592
	0xd2, 0x58, 0xae, 0x37, 0x09, 0xcc, 0x31, 0x8f, //0x00004268 .quad -8128491512466089774
	0x15, 0xaa, 0xb4, 0xdc, 0xe6, 0xa7, 0x1f, 0x86, //0x00004270 .quad -8782116138362033643
	0x07, 0xef, 0x99, 0x85, 0x0b, 0x3f, 0xfe, 0xb2, //0x00004278 .quad -5548928372155224313
	0x9a, 0xd4, 0xe1, 0x93, 0xe0, 0x91, 0xa7, 0x67, //0x00004280 .quad 7469098900757009562
	0xc9, 0x6a, 0x00, 0x67, 0xce, 0xce, 0xbd, 0xdf, //0x00004288 .quad -2324474446766642487
	0xe0, 0x24, 0x6d, 0x5c, 0x2c, 0xbb, 0xc8, 0xe0, //0x00004290 .quad -2249342214667950880
	0xbd, 0x42, 0x60, 0x00, 0x41, 0xa1, 0xd6, 0x8b, //0x00004298 .quad -8370325556870233411
	0x18, 0x6e, 0x88, 0x73, 0xf7, 0xe9, 0xfa, 0x58, //0x000042a0 .quad 6411694268519837208
	0x6d, 0x53, 0x78, 0x40, 0x91, 0x49, 0xcc, 0xae, //0x000042a8 .quad -5851220927660403859
	0x9e, 0x89, 0x6a, 0x50, 0x75, 0xa4, 0x39, 0xaf, //0x000042b0 .quad -5820440219632367202
	0x48, 0x68, 0x96, 0x90, 0xf5, 0x5b, 0x7f, 0xda, //0x000042b8 .quad -2702340141148116920
	0x03, 0x96, 0x42, 0x52, 0xc9, 0x06, 0x84, 0x6d, //0x000042c0 .quad 7891439908798240259
	0x2d, 0x01, 0x5e, 0x7a, 0x79, 0x99, 0x8f, 0x88, //0x000042c8 .quad -8606491615858654931
	0x83, 0x3b, 0xd3, 0xa6, 0x7b, 0x08, 0xe5, 0xc8, //0x000042d0 .quad -3970758169284363389
	0x78, 0x81, 0xf5, 0xd8, 0xd7, 0x7f, 0xb3, 0xaa, //0x000042d8 .quad -6146428501395930760
	0x64, 0x0a, 0x88, 0x90, 0x9a, 0x4a, 0x1e, 0xfb, //0x000042e0 .quad -351761693178066332
	0xd6, 0xe1, 0x32, 0xcf, 0xcd, 0x5f, 0x60, 0xd5, //0x000042e8 .quad -3071349608317525546
	0x7f, 0x06, 0x55, 0x9a, 0xa0, 0xee, 0xf2, 0x5c, //0x000042f0 .quad 6697677969404790399
	0x26, 0xcd, 0x7f, 0xa1, 0xe0, 0x3b, 0x5c, 0x85, //0x000042f8 .quad -8837122532839535322
	0x1e, 0x48, 0xea, 0xc0, 0x48, 0xaa, 0x2f, 0xf4, //0x00004300 .quad -851274575098787810
	0x6f, 0xc0, 0xdf, 0xc9, 0xd8, 0x4a, 0xb3, 0xa6, //0x00004308 .quad -6434717147622031249
	0x26, 0xda, 0x24, 0xf1, 0xda, 0x94, 0x3b, 0xf1, //0x00004310 .quad -1064093218873484762
	0x8b, 0xb0, 0x57, 0xfc, 0x8e, 0x1d, 0x60, 0xd0, //0x00004318 .quad -3431710416100151157
	0x58, 0x08, 0xb7, 0xd6, 0x08, 0x3d, 0xc5, 0x76, //0x00004320 .quad 8558313775058847832
	0x57, 0xce, 0xb6, 0x5d, 0x79, 0x12, 0x3c, 0x82, //0x00004328 .quad -9062348037703676329
	0x6e, 0xca, 0x64, 0x0c, 0x4b, 0x8c, 0x76, 0x54, //0x00004330 .quad 6086206200396171886
	0xed, 0x81, 0x24, 0xb5, 0x17, 0x17, 0xcb, 0xa2, //0x00004338 .quad -6716249028702207507
	0x09, 0xfd, 0x7d, 0xcf, 0x5d, 0x2f, 0x94, 0xa9, //0x00004340 .quad -6227300304786948855
	0x68, 0xa2, 0x6d, 0xa2, 0xdd, 0xdc, 0x7d, 0xcb, //0x00004348 .quad -3783625267450371480
	0x4c, 0x7c, 0x5d, 0x43, 0x35, 0x3b, 0xf9, 0xd3, //0x00004350 .quad -3172439362556298164
	0x02, 0x0b, 0x09, 0x0b, 0x15, 0x54, 0x5d, 0xfe, //0x00004358 .quad -117845565885576446
	0xaf, 0x6d, 0x1a, 0x4a, 0x01, 0xc5, 0x7b, 0xc4, //0x00004360 .quad -4288617610811380305
	0xe1, 0xa6, 0xe5, 0x26, 0x8d, 0x54, 0xfa, 0x9e, //0x00004368 .quad -6991182506319567135
	0x1b, 0x09, 0xa1, 0x9c, 0x41, 0xb6, 0x9a, 0x35, //0x00004370 .quad 3862600023340550427
	0x9a, 0x10, 0x9f, 0x70, 0xb0, 0xe9, 0xb8, 0xc6, //0x00004378 .quad -4127292114472071014
	0x62, 0x4b, 0xc9, 0x03, 0xd2, 0x63, 0x01, 0xc3, //0x00004380 .quad -4395122007679087774
	0xc0, 0xd4, 0xc6, 0x8c, 0x1c, 0x24, 0x67, 0xf8, //0x00004388 .quad -547429124662700864
	0x1d, 0xcf, 0x5d, 0x42, 0x63, 0xde, 0xe0, 0x79, //0x00004390 .quad 8782263791269039901
	0xf8, 0x44, 0xfc, 0xd7, 0x91, 0x76, 0x40, 0x9b, //0x00004398 .quad -7259672230555269896
	0xe4, 0x42, 0xf5, 0x12, 0xfc, 0x15, 0x59, 0x98, //0x000043a0 .quad -7468914334623251740
	0x36, 0x56, 0xfb, 0x4d, 0x36, 0x94, 0x10, 0xc2, //0x000043a8 .quad -4462904269766699466
	0x9d, 0x93, 0xb2, 0x17, 0x7b, 0x5b, 0x6f, 0x3e, //0x000043b0 .quad 4498915137003099037
	0xc4, 0x2b, 0x7a, 0xe1, 0x43, 0xb9, 0x94, 0xf2, //0x000043b8 .quad -966944318780986428
	0x42, 0x9c, 0xcf, 0xee, 0x2c, 0x99, 0x05, 0xa7, //0x000043c0 .quad -6411550076227838910
	0x5a, 0x5b, 0xec, 0x6c, 0xca, 0xf3, 0x9c, 0x97, //0x000043c8 .quad -7521869226879198374
	0x53, 0x83, 0x83, 0x2a, 0x78, 0xff, 0xc6, 0x50, //0x000043d0 .quad 5820620459997365075
	0x31, 0x72, 0x27, 0x08, 0xbd, 0x30, 0x84, 0xbd, //0x000043d8 .quad -4790650515171610063
	0x28, 0x64, 0x24, 0x35, 0x56, 0xbf, 0xf8, 0xa4, //0x000043e0 .quad -6559282480285457368
	0xbd, 0x4e, 0x31, 0x4a, 0xec, 0x3c, 0xe5, 0xec, //0x000043e8 .quad -1376627125537124675
	0x99, 0xbe, 0x36, 0xe1, 0x95, 0x77, 0x1b, 0x87, //0x000043f0 .quad -8711237568605798759
	0x36, 0xd1, 0x5e, 0xae, 0x13, 0x46, 0x0f, 0x94, //0x000043f8 .quad -7777920981101784778
	0x3f, 0x6e, 0x84, 0x59, 0x7b, 0x55, 0xe2, 0x28, //0x00004400 .quad 2946011094524915263
	0x84, 0x85, 0xf6, 0x99, 0x98, 0x17, 0x13, 0xb9, //0x00004408 .quad -5110715207949843068
	0xcf, 0x89, 0xe5, 0x2f, 0xda, 0xea, 0x1a, 0x33, //0x00004410 .quad 3682513868156144079
	0xe5, 0x26, 0x74, 0xc0, 0x7e, 0xdd, 0x57, 0xe7, //0x00004418 .quad -1776707991509915931
	0x21, 0x76, 0xef, 0x5d, 0xc8, 0xd2, 0xf0, 0x3f, //0x00004420 .quad 4607414176811284001
	0x4f, 0x98, 0x48, 0x38, 0x6f, 0xea, 0x96, 0x90, //0x00004428 .quad -8027971522334779313
	0xa9, 0x53, 0x6b, 0x75, 0x7a, 0x07, 0xed, 0x0f, //0x00004430 .quad 1147581702586717097
	0x63, 0xbe, 0x5a, 0x06, 0x0b, 0xa5, 0xbc, 0xb4, //0x00004438 .quad -5423278384491086237
	0x94, 0x28, 0xc6, 0x12, 0x59, 0x49, 0xe8, 0xd3, //0x00004440 .quad -3177208890193991532
	0xfb, 0x6d, 0xf1, 0xc7, 0x4d, 0xce, 0xeb, 0xe1, //0x00004448 .quad -2167411962186469893
	0x5c, 0xd9, 0xbb, 0xab, 0xd7, 0x2d, 0x71, 0x64, //0x00004450 .quad 7237616480483531100
	0xbd, 0xe4, 0xf6, 0x9c, 0xf0, 0x60, 0x33, 0x8d, //0x00004458 .quad -8272161504007625539
	0xb3, 0xcf, 0xaa, 0x96, 0x4d, 0x79, 0x8d, 0xbd, //0x00004460 .quad -4788037454677749837
	0xec, 0x9d, 0x34, 0xc4, 0x2c, 0x39, 0x80, 0xb0, //0x00004468 .quad -5728515861582144020
	0xa0, 0x83, 0x55, 0xfc, 0xa0, 0xd7, 0xf0, 0xec, //0x00004470 .quad -1373360799919799392
	0x67, 0xc5, 0x41, 0xf5, 0x77, 0x47, 0xa0, 0xdc, //0x00004478 .quad -2548958808550292121
	0x44, 0x72, 0xb5, 0x9d, 0xc4, 0x86, 0x16, 0xf4, //0x00004480 .quad -858350499949874620
	0x60, 0x1b, 0x49, 0xf9, 0xaa, 0x2c, 0xe4, 0x89, //0x00004488 .quad -8510628282985014432
	0xd5, 0xce, 0x22, 0xc5, 0x75, 0x28, 0x1c, 0x31, //0x00004490 .quad 3538747893490044629
	0x39, 0x62, 0x9b, 0xb7, 0xd5, 0x37, 0x5d, 0xac, //0x00004498 .quad -6026599335303880135
	0x8b, 0x82, 0x6b, 0x36, 0x93, 0x32, 0x63, 0x7d, //0x000044a0 .quad 9035120885289943691
	0xc7, 0x3a, 0x82, 0x25, 0xcb, 0x85, 0x74, 0xd7, //0x000044a8 .quad -2921563150702462265
	0x97, 0x31, 0x03, 0x02, 0x9c, 0xff, 0x5d, 0xae, //0x000044b0 .quad -5882264492762254953
	0xbc, 0x64, 0x71, 0xf7, 0x9e, 0xd3, 0xa8, 0x86, //0x000044b8 .quad -8743505996830120772
	0xfc, 0xfd, 0x83, 0x02, 0x83, 0x7f, 0xf5, 0xd9, //0x000044c0 .quad -2741144597525430788
	0xeb, 0xbd, 0x4d, 0xb5, 0x86, 0x08, 0x53, 0xa8, //0x000044c8 .quad -6317696477610263061
	0x7b, 0xfd, 0x24, 0xc3, 0x63, 0xdf, 0x72, 0xd0, //0x000044d0 .quad -3426430746906788485
	0x66, 0x2d, 0xa1, 0x62, 0xa8, 0xca, 0x67, 0xd2, //0x000044d8 .quad -3285434578585440922
	0x6d, 0x1e, 0xf7, 0x59, 0x9e, 0xcb, 0x47, 0x42, //0x000044e0 .quad 4776009810824339053
	0x60, 0xbc, 0xa4, 0x3d, 0xa9, 0xde, 0x80, 0x83, //0x000044e8 .quad -8970925639256982432
	0x08, 0xe6, 0x74, 0xf0, 0x85, 0xbe, 0xd9, 0x52, //0x000044f0 .quad 5970012263530423816
	0x78, 0xeb, 0x0d, 0x8d, 0x53, 0x16, 0x61, 0xa4, //0x000044f8 .quad -6601971030643840136
	0x8b, 0x1f, 0x92, 0x6c, 0x27, 0x2e, 0x90, 0x67, //0x00004500 .quad 7462515329413029771
	0x56, 0x66, 0x51, 0x70, 0xe8, 0x5b, 0x79, 0xcd, //0x00004508 .quad -3640777769877412266
	0xb6, 0x53, 0xdb, 0xa3, 0xd8, 0x1c, 0xba, 0x00, //0x00004510 .quad 52386062455755702
	0xf6, 0xdf, 0x32, 0x46, 0x71, 0xd9, 0x6b, 0x80, //0x00004518 .quad -9193015133814464522
	0xa4, 0x28, 0xd2, 0xcc, 0x0e, 0xa4, 0xe8, 0x80, //0x00004520 .quad -9157889458785081180
	0xf3, 0x97, 0xbf, 0x97, 0xcd, 0xcf, 0x86, 0xa0, //0x00004528 .quad -6879582898840692749
	0xcd, 0xb2, 0x06, 0x80, 0x12, 0xcd, 0x22, 0x61, //0x00004530 .quad 6999382250228200141
	0xf0, 0x7d, 0xaf, 0xfd, 0xc0, 0x83, 0xa8, 0xc8, //0x00004538 .quad -3987792605123478032
	0x81, 0x5f, 0x08, 0x20, 0x57, 0x80, 0x6b, 0x79, //0x00004540 .quad 8749227812785250177
	0x6c, 0x5d, 0x1b, 0x3d, 0xb1, 0xa4, 0xd2, 0xfa, //0x00004548 .quad -373054737976959636
	0xb0, 0x3b, 0x05, 0x74, 0x36, 0x30, 0xe3, 0xcb, //0x00004550 .quad -3755104653863994448
	0x63, 0x1a, 0x31, 0xc6, 0xee, 0xa6, 0xc3, 0x9c, //0x00004558 .quad -7150688238876681629
	0x9c, 0x8a, 0x06, 0x11, 0x44, 0xfc, 0xdb, 0xbe, //0x00004560 .quad -4693880817329993060
	0xfc, 0x60, 0xbd, 0x77, 0xaa, 0x90, 0xf4, 0xc3, //0x00004568 .quad -4326674280168464132
	0x44, 0x2d, 0x48, 0x15, 0x55, 0xfb, 0x92, 0xee, //0x00004570 .quad -1255665003235103420
	0x3b, 0xb9, 0xac, 0x15, 0xd5, 0xb4, 0xf1, 0xf4, //0x00004578 .quad -796656831783192261
	0x4a, 0x1c, 0x4d, 0x2d, 0x15, 0xdd, 0x1b, 0x75, //0x00004580 .quad 8438581409832836170
	0xc5, 0xf3, 0x8b, 0x2d, 0x05, 0x11, 0x17, 0x99, //0x00004588 .quad -7415439547505577019
	0x5d, 0x63, 0xa0, 0x78, 0x5a, 0xd4, 0x62, 0xd2, //0x00004590 .quad -3286831292991118499
	0xb6, 0xf0, 0xee, 0x78, 0x46, 0xd5, 0x5c, 0xbf, //0x00004598 .quad -4657613415954583370
	0x34, 0x7c, 0xc8, 0x16, 0x71, 0x89, 0xfb, 0x86, //0x000045a0 .quad -8720225134666286028
	0xe4, 0xac, 0x2a, 0x17, 0x98, 0x0a, 0x34, 0xef, //0x000045a8 .quad -1210330751515841308
	0xa0, 0x4d, 0x3d, 0xae, 0xe6, 0x35, 0x5d, 0xd4, //0x000045b0 .quad -3144297699952734816
	0x0e, 0xac, 0x7a, 0x0e, 0x9f, 0x86, 0x80, 0x95, //0x000045b8 .quad -7673985747338482674
	0x09, 0xa1, 0xcc, 0x59, 0x60, 0x83, 0x74, 0x89, //0x000045c0 .quad -8542058143368306423
	0x12, 0x57, 0x19, 0xd2, 0x46, 0xa8, 0xe0, 0xba, //0x000045c8 .quad -4980796165745715438
	0x4b, 0xc9, 0x3f, 0x70, 0x38, 0xa4, 0xd1, 0x2b, //0x000045d0 .quad 3157485376071780683
	0xd7, 0xac, 0x9f, 0x86, 0x58, 0xd2, 0x98, 0xe9, //0x000045d8 .quad -1614309188754756393
	0xcf, 0xdd, 0x27, 0x46, 0xa3, 0x06, 0x63, 0x7b, //0x000045e0 .quad 8890957387685944783
	0x06, 0xcc, 0x23, 0x54, 0x77, 0x83, 0xff, 0x91, //0x000045e8 .quad -7926472270612804602
	0x42, 0xd5, 0xb1, 0x17, 0x4c, 0xc8, 0x3b, 0x1a, //0x000045f0 .quad 1890324697752655170
	0x08, 0xbf, 0x2c, 0x29, 0x55, 0x64, 0x7f, 0xb6, //0x000045f8 .quad -5296404319838617848
	0x93, 0x4a, 0x9e, 0x1d, 0x5f, 0xba, 0xca, 0x20, //0x00004600 .quad 2362905872190818963
	0xca, 0xee, 0x77, 0x73, 0x6a, 0x3d, 0x1f, 0xe4, //0x00004608 .quad -2008819381370884406
	0x9c, 0xee, 0x82, 0x72, 0x7b, 0xb4, 0x7e, 0x54, //0x00004610 .quad 6088502188546649756
	0x3e, 0xf5, 0x2a, 0x88, 0x62, 0x86, 0x93, 0x8e, //0x00004618 .quad -8173041140997884610
	0x43, 0xaa, 0x23, 0x4f, 0x9a, 0x61, 0x9e, 0xe9, //0x00004620 .quad -1612744301171463613
	0x8d, 0xb2, 0x35, 0x2a, 0xfb, 0x67, 0x38, 0xb2, //0x00004628 .quad -5604615407819967859
	0xd4, 0x94, 0xec, 0xe2, 0x00, 0xfa, 0x05, 0x64, //0x00004630 .quad 7207441660390446292
	0x31, 0x1f, 0xc3, 0xf4, 0xf9, 0x81, 0xc6, 0xde, //0x00004638 .quad -2394083241347571919
	0x04, 0xdd, 0xd3, 0x8d, 0x40, 0xbc, 0x83, 0xde, //0x00004640 .quad -2412877989897052924
	0x7e, 0xf3, 0xf9, 0x38, 0x3c, 0x11, 0x3c, 0x8b, //0x00004648 .quad -8413831053483314306
	0x45, 0xd4, 0x48, 0xb1, 0x50, 0xab, 0x24, 0x96, //0x00004650 .quad -7627783505798704059
	0x5e, 0x70, 0x38, 0x47, 0x8b, 0x15, 0x0b, 0xae, //0x00004658 .quad -5905602798426754978
	0x57, 0x09, 0x9b, 0xdd, 0x24, 0xd6, 0xad, 0x3b, //0x00004660 .quad 4300328673033783639
	0x76, 0x8c, 0x06, 0x19, 0xee, 0xda, 0x8d, 0xd9, //0x00004668 .quad -2770317479606055818
	0xd6, 0xe5, 0x80, 0x0a, 0xd7, 0xa5, 0x4c, 0xe5, //0x00004670 .quad -1923980597781273130
	0xc9, 0x17, 0xa4, 0xcf, 0xd4, 0xa8, 0xf8, 0x87, //0x00004678 .quad -8648977452394866743
	0x4c, 0x1f, 0x21, 0xcd, 0x4c, 0xcf, 0x9f, 0x5e, //0x00004680 .quad 6818396289628184396
	0xbc, 0x1d, 0x8d, 0x03, 0x0a, 0xd3, 0xf6, 0xa9, //0x00004688 .quad -6199535797066195524
	0x1f, 0x67, 0x69, 0x00, 0x20, 0xc3, 0x47, 0x76, //0x00004690 .quad 8522995362035230495
	0x2b, 0x65, 0x70, 0x84, 0xcc, 0x87, 0x74, 0xd4, //0x00004698 .quad -3137733727905356501
	0x73, 0xe0, 0x41, 0x00, 0xf4, 0xd9, 0xec, 0x29, //0x000046a0 .quad 3021029092058325107
	0x3b, 0x3f, 0xc6, 0xd2, 0xdf, 0xd4, 0xc8, 0x84, //0x000046a8 .quad -8878612607581929669
	0x90, 0x58, 0x52, 0x00, 0x71, 0x10, 0x68, 0xf4, //0x000046b0 .quad -835399653354481520
	0x09, 0xcf, 0x77, 0xc7, 0x17, 0x0a, 0xfb, 0xa5, //0x000046b8 .quad -6486579741050024183
	0xb4, 0xee, 0x66, 0x40, 0x8d, 0x14, 0x82, 0x71, //0x000046c0 .quad 8179122470161673908
	0xcc, 0xc2, 0x55, 0xb9, 0x9d, 0xcc, 0x79, 0xcf, //0x000046c8 .quad -3496538657885142324
	0x30, 0x55, 0x40, 0x48, 0xd8, 0x4c, 0xf1, 0xc6, //0x000046d0 .quad -4111420493003729616
	0xbf, 0x99, 0xd5, 0x93, 0xe2, 0x1f, 0xac, 0x81, //0x000046d8 .quad -9102865688819295809
	0x7c, 0x6a, 0x50, 0x5a, 0x0e, 0xa0, 0xad, 0xb8, //0x000046e0 .quad -5139275616254662020
	0x2f, 0x00, 0xcb, 0x38, 0xdb, 0x27, 0x17, 0xa2, //0x000046e8 .quad -6766896092596731857
	0x1c, 0x85, 0xe4, 0xf0, 0x11, 0x08, 0xd9, 0xa6, //0x000046f0 .quad -6424094520318327524
	0x3b, 0xc0, 0xfd, 0x06, 0xd2, 0xf1, 0x9c, 0xca, //0x000046f8 .quad -3846934097318526917
	0x63, 0xa6, 0x1d, 0x6d, 0x16, 0x4a, 0x8f, 0x90, //0x00004700 .quad -8030118150397909405
	0x4a, 0x30, 0xbd, 0x88, 0x46, 0x2e, 0x44, 0xfd, //0x00004708 .quad -196981603220770742
	0xfe, 0x87, 0x32, 0x04, 0x4e, 0x8e, 0x59, 0x9a, //0x00004710 .quad -7324666853212387330
	0x2e, 0x3e, 0x76, 0x15, 0xec, 0x9c, 0x4a, 0x9e, //0x00004718 .quad -7040642529654063570
	0xfd, 0x29, 0x3f, 0x85, 0xe1, 0xf1, 0xef, 0x40, //0x00004720 .quad 4679224488766679549
	0xba, 0xcd, 0xd3, 0x1a, 0x27, 0x44, 0xdd, 0xc5, //0x00004728 .quad -4189117143640191558
	0x7c, 0xf4, 0x8e, 0xe6, 0x59, 0xee, 0x2b, 0xd1, //0x00004730 .quad -3374341425896426372
	0x28, 0xc1, 0x88, 0xe1, 0x30, 0x95, 0x54, 0xf7, //0x00004738 .quad -624710411122851544
	0xce, 0x58, 0x19, 0x30, 0xf8, 0x74, 0xbb, 0x82, //0x00004740 .quad -9026492418826348338
	0xb9, 0x78, 0xf5, 0x8c, 0x3e, 0xdd, 0x94, 0x9a, //0x00004748 .quad -7307973034592864071
	0x01, 0xaf, 0x1f, 0x3c, 0x36, 0x52, 0x6a, 0xe3, //0x00004750 .quad -2059743486678159615
	0xe7, 0xd6, 0x32, 0x30, 0x8e, 0x14, 0x3a, 0xc1, //0x00004758 .quad -4523280274813692185
	0xc1, 0x9a, 0x27, 0xcb, 0xc3, 0xe6, 0x44, 0xdc, //0x00004760 .quad -2574679358347699519
	0xa1, 0x8c, 0x3f, 0xbc, 0xb1, 0x99, 0x88, 0xf1, //0x00004768 .quad -1042414325089727327
	0xb9, 0xc0, 0xf8, 0x5e, 0x3a, 0x10, 0xab, 0x29, //0x00004770 .quad 3002511419460075705
	0xe5, 0xb7, 0xa7, 0x15, 0x0f, 0x60, 0xf5, 0x96, //0x00004778 .quad -7569037980822161435
	0xe7, 0xf0, 0xb6, 0xf6, 0x48, 0xd4, 0x15, 0x74, //0x00004780 .quad 8364825292752482535
	0xde, 0xa5, 0x11, 0xdb, 0x12, 0xb8, 0xb2, 0xbc, //0x00004788 .quad -4849611457600313890
	0x21, 0xad, 0x64, 0x34, 0x5b, 0x49, 0x1b, 0x11, //0x00004790 .quad 1232659579085827361
	0x56, 0x0f, 0xd6, 0x91, 0x17, 0x66, 0xdf, 0xeb, //0x00004798 .quad -1450328303573004458
	0x34, 0xec, 0xbe, 0x00, 0xd9, 0x0d, 0xb1, 0xca, //0x000047a0 .quad -3841273781498745804
	0x95, 0xc9, 0x25, 0xbb, 0xce, 0x9f, 0x6b, 0x93, //0x000047a8 .quad -7823984217374209643
	0x42, 0xa7, 0xee, 0x40, 0x4f, 0x51, 0x5d, 0x3d, //0x000047b0 .quad 4421779809981343554
	0xfb, 0x3b, 0xef, 0x69, 0xc2, 0x87, 0x46, 0xb8, //0x000047b8 .quad -5168294253290374149
	0x12, 0x51, 0x2a, 0x11, 0xa3, 0xa5, 0xb4, 0x0c, //0x000047c0 .quad 915538744049291538
	0xfa, 0x0a, 0x6b, 0x04, 0xb3, 0x29, 0x58, 0xe6, //0x000047c8 .quad -1848681798185579782
	0xab, 0x72, 0xba, 0xea, 0x85, 0xe7, 0xf0, 0x47, //0x000047d0 .quad 5183897733458195115
	0xdc, 0xe6, 0xc2, 0xe2, 0x0f, 0x1a, 0xf7, 0x8f, //0x000047d8 .quad -8072955151507069220
	0x56, 0x0f, 0x69, 0x65, 0x67, 0x21, 0xed, 0x59, //0x000047e0 .quad 6479872166822743894
	0x93, 0xa0, 0x73, 0xdb, 0x93, 0xe0, 0xf4, 0xb3, //0x000047e8 .quad -5479507920956448621
	0x2c, 0x53, 0xc3, 0x3e, 0xc1, 0x69, 0x68, 0x30, //0x000047f0 .quad 3488154190101041964
	0xb8, 0x88, 0x50, 0xd2, 0xb8, 0x18, 0xf2, 0xe0, //0x000047f8 .quad -2237698882768172872
	0xfb, 0x13, 0x3a, 0xc7, 0x18, 0x42, 0x41, 0x1e, //0x00004800 .quad 2180096368813151227
	0x73, 0x55, 0x72, 0x83, 0x73, 0x4f, 0x97, 0x8c, //0x00004808 .quad -8316090829371189901
	0xfa, 0x98, 0x08, 0xf9, 0x9e, 0x92, 0xd1, 0xe5, //0x00004810 .quad -1886565557410948870
	0xcf, 0xea, 0x4e, 0x64, 0x50, 0x23, 0xbd, 0xaf, //0x00004818 .quad -5783427518286599473
	0x39, 0xbf, 0x4a, 0xb7, 0x46, 0xf7, 0x45, 0xdf, //0x00004820 .quad -2358206946763686087
	0x83, 0xa5, 0x62, 0x7d, 0x24, 0x6c, 0xac, 0xdb, //0x00004828 .quad -2617598379430861437
	0x83, 0xb7, 0x8e, 0x32, 0x8c, 0xba, 0x8b, 0x6b, //0x00004830 .quad 7749492695127472003
	0x72, 0xa7, 0x5d, 0xce, 0x96, 0xc3, 0x4b, 0x89, //0x00004838 .quad -8553528014785370254
	0x64, 0x65, 0x32, 0x3f, 0x2f, 0xa9, 0x6e, 0x06, //0x00004840 .quad 463493832054564196
	0x4f, 0x11, 0xf5, 0x81, 0x7c, 0xb4, 0x9e, 0xab, //0x00004848 .quad -6080224000054324913
	0xbd, 0xfe, 0xfe, 0x0e, 0x7b, 0x53, 0x0a, 0xc8, //0x00004850 .quad -4032318728359182659
	0xa2, 0x55, 0x72, 0xa2, 0x9b, 0x61, 0x86, 0xd6, //0x00004858 .quad -2988593981640518238
	0x36, 0x5f, 0x5f, 0xe9, 0x2c, 0x74, 0x06, 0xbd, //0x00004860 .quad -4826042214438183114
	0x85, 0x75, 0x87, 0x45, 0x01, 0xfd, 0x13, 0x86, //0x00004868 .quad -8785400266166405755
	0x04, 0x37, 0xb7, 0x23, 0x38, 0x11, 0x48, 0x2c, //0x00004870 .quad 3190819268807046916
	0xe7, 0x52, 0xe9, 0x96, 0x41, 0xfc, 0x98, 0xa7, //0x00004878 .quad -6370064314280619289
	0xc5, 0x04, 0xa5, 0x2c, 0x86, 0x15, 0x5a, 0xf7, //0x00004880 .quad -623161932418579259
	0xa0, 0xa7, 0xa3, 0xfc, 0x51, 0x3b, 0x7f, 0xd1, //0x00004888 .quad -3350894374423386208
	0xfb, 0x22, 0xe7, 0xdb, 0x73, 0x4d, 0x98, 0x9a, //0x00004890 .quad -7307005235402693893
	0xc4, 0x48, 0xe6, 0x3d, 0x13, 0x85, 0xef, 0x82, //0x00004898 .quad -9011838011655698236
	0xba, 0xeb, 0xe0, 0xd2, 0xd0, 0x60, 0x3e, 0xc1, //0x000048a0 .quad -4522070525825979462
	0xf5, 0xda, 0x5f, 0x0d, 0x58, 0x66, 0xab, 0xa3, //0x000048a8 .quad -6653111496142234891
	0xa8, 0x26, 0x99, 0x07, 0x05, 0xf9, 0x8d, 0x31, //0x000048b0 .quad 3570783879572301480
	0xb3, 0xd1, 0xb7, 0x10, 0xee, 0x3f, 0x96, 0xcc, //0x000048b8 .quad -3704703351750405709
	0x52, 0x70, 0x7f, 0x49, 0x46, 0x77, 0xf1, 0xfd, //0x000048c0 .quad -148206168962011054
	0x1f, 0xc6, 0xe5, 0x94, 0xe9, 0xcf, 0xbb, 0xff, //0x000048c8 .quad -19193171260619233
	0x33, 0xa6, 0xef, 0xed, 0x8b, 0xea, 0xb6, 0xfe, //0x000048d0 .quad -92628855601256909
	0xd3, 0x9b, 0x0f, 0xfd, 0xf1, 0x61, 0xd5, 0x9f, //0x000048d8 .quad -6929524759678968877
	0xc0, 0x8f, 0x6b, 0xe9, 0x2e, 0xa5, 0x64, 0xfe, //0x000048e0 .quad -115786069501571136
	0xc8, 0x82, 0x53, 0x7c, 0x6e, 0xba, 0xca, 0xc7, //0x000048e8 .quad -4050219931171323192
	0xb0, 0x73, 0xc6, 0xa3, 0x7a, 0xce, 0xfd, 0x3d, //0x000048f0 .quad 4466953431550423984
	0x7b, 0x63, 0x68, 0x1b, 0x0a, 0x69, 0xbd, 0xf9, //0x000048f8 .quad -451088895536766085
	0x4e, 0x08, 0x5c, 0xa6, 0x0c, 0xa1, 0xbe, 0x06, //0x00004900 .quad 486002885505321038
	0x2d, 0x3e, 0x21, 0x51, 0xa6, 0x61, 0x16, 0x9c, //0x00004908 .quad -7199459587351560659
	0x62, 0x0a, 0xf3, 0xcf, 0x4f, 0x49, 0x6e, 0x48, //0x00004910 .quad 5219189625309039202
	0xb8, 0x8d, 0x69, 0xe5, 0x0f, 0xfa, 0x1b, 0xc3, //0x00004918 .quad -4387638465762062920
	0xfa, 0xcc, 0xef, 0xc3, 0xa3, 0xdb, 0x89, 0x5a, //0x00004920 .quad 6523987031636299002
	0x26, 0xf1, 0xc3, 0xde, 0x93, 0xf8, 0xe2, 0xf3, //0x00004928 .quad -872862063775190746
	0x1c, 0xe0, 0x75, 0x5a, 0x46, 0x29, 0x96, 0xf8, //0x00004930 .quad -534194123654701028
	0xb7, 0x76, 0x3a, 0x6b, 0x5c, 0xdb, 0x6d, 0x98, //0x00004938 .quad -7463067817500576073
	0x23, 0x58, 0x13, 0xf1, 0x97, 0xb3, 0xbb, 0xf6, //0x00004940 .quad -667742654568376285
	0x65, 0x14, 0x09, 0x86, 0x33, 0x52, 0x89, 0xbe, //0x00004948 .quad -4717148753448332187
	0x2c, 0x2e, 0x58, 0xed, 0x7d, 0xa0, 0x6a, 0x74, //0x00004950 .quad 8388693718644305452
	0x7f, 0x59, 0x8b, 0x67, 0xc0, 0xa6, 0x2b, 0xee, //0x00004958 .quad -1284749923383027329
	0xdc, 0x1c, 0x57, 0xb4, 0x4e, 0xa4, 0xc2, 0xa8, //0x00004960 .quad -6286281471915778852
	0xef, 0x17, 0xb7, 0x40, 0x38, 0x48, 0xdb, 0x94, //0x00004968 .quad -7720497729755473937
	0x13, 0xe4, 0x6c, 0x61, 0x62, 0x4d, 0xf3, 0x92, //0x00004970 .quad -7857851839894723565
	0xeb, 0xdd, 0xe4, 0x50, 0x46, 0x1a, 0x12, 0xba, //0x00004978 .quad -5038936143766954517
	0x17, 0x1d, 0xc8, 0xf9, 0xba, 0x20, 0xb0, 0x77, //0x00004980 .quad 8624429273841147159
	0x66, 0x15, 0x1e, 0xe5, 0xd7, 0xa0, 0x96, 0xe8, //0x00004988 .quad -1686984161281305242
	0x2e, 0x12, 0x1d, 0xdc, 0x74, 0x14, 0xce, 0x0a, //0x00004990 .quad 778582277723329070
	0x60, 0xcd, 0x32, 0xef, 0x86, 0x24, 0x5e, 0x91, //0x00004998 .quad -7971894128441897632
	0xba, 0x56, 0x24, 0x13, 0x92, 0x99, 0x81, 0x0d, //0x000049a0 .quad 973227847154161338
	0xb8, 0x80, 0xff, 0xaa, 0xa8, 0xad, 0xb5, 0xb5, //0x000049a8 .quad -5353181642124984136
	0x69, 0x6c, 0xed, 0x97, 0xf6, 0xff, 0xe1, 0x10, //0x000049b0 .quad 1216534808942701673
	0xe6, 0x60, 0xbf, 0xd5, 0x12, 0x19, 0x23, 0xe3, //0x000049b8 .quad -2079791034228842266
	0xc1, 0x63, 0xf4, 0x1e, 0xfa, 0x3f, 0x8d, 0xca, //0x000049c0 .quad -3851351762838199359
	0x8f, 0x9c, 0x97, 0xc5, 0xab, 0xef, 0xf5, 0x8d, //0x000049c8 .quad -8217398424034108273
	0xb2, 0x7c, 0xb1, 0xa6, 0xf8, 0x8f, 0x30, 0xbd, //0x000049d0 .quad -4814189703547749198
	0xb3, 0x83, 0xfd, 0xb6, 0x96, 0x6b, 0x73, 0xb1, //0x000049d8 .quad -5660062011615247437
	0xde, 0xdb, 0x5d, 0xd0, 0xf6, 0xb3, 0x7c, 0xac, //0x000049e0 .quad -6017737129434686498
	0xa0, 0xe4, 0xbc, 0x64, 0x7c, 0x46, 0xd0, 0xdd, //0x000049e8 .quad -2463391496091671392
	0x6b, 0xa9, 0x3a, 0x42, 0x7a, 0xf0, 0xcd, 0x6b, //0x000049f0 .quad 7768129340171790699
	0xe4, 0x0e, 0xf6, 0xbe, 0x0d, 0x2c, 0xa2, 0x8a, //0x000049f8 .quad -8457148712698376476
	0xc6, 0x53, 0xc9, 0xd2, 0x98, 0x6c, 0xc1, 0x86, //0x00004a00 .quad -8736582398494813242
	0x9d, 0x92, 0xb3, 0x2e, 0x11, 0xb7, 0x4a, 0xad, //0x00004a08 .quad -5959749872445582691
	0xb7, 0xa8, 0x7b, 0x07, 0xbf, 0xc7, 0x71, 0xe8, //0x00004a10 .quad -1697355961263740745
	0x44, 0x77, 0x60, 0x7a, 0xd5, 0x64, 0x9d, 0xd8, //0x00004a18 .quad -2838001322129590460
	0x72, 0x49, 0xad, 0x64, 0xd7, 0x1c, 0x47, 0x11, //0x00004a20 .quad 1244995533423855986
	0x8b, 0x4a, 0x7c, 0x6c, 0x05, 0x5f, 0x62, 0x87, //0x00004a28 .quad -8691279853972075893
	0xcf, 0x9b, 0xd8, 0x3d, 0x0d, 0xe4, 0x98, 0xd5, //0x00004a30 .quad -3055441601647567921
	0x2d, 0x5d, 0x9b, 0xc7, 0xc6, 0xf6, 0x3a, 0xa9, //0x00004a38 .quad -6252413799037706963
	0xc3, 0xc2, 0x4e, 0x8d, 0x10, 0x1d, 0xff, 0x4a, //0x00004a40 .quad 5404070034795315907
	0x79, 0x34, 0x82, 0x79, 0x78, 0xb4, 0x89, 0xd3, //0x00004a48 .quad -3203831230369745799
	0xba, 0x39, 0x51, 0x58, 0x2a, 0x72, 0xdf, 0xce, //0x00004a50 .quad -3539985255894009414
	0xcb, 0x60, 0xf1, 0x4b, 0xcb, 0x10, 0x36, 0x84, //0x00004a58 .quad -8919923546622172981
	0x28, 0x88, 0x65, 0xee, 0xb4, 0x4e, 0x97, 0xc2, //0x00004a60 .quad -4424981569867511768
	0xfe, 0xb8, 0xed, 0x1e, 0xfe, 0x94, 0x43, 0xa5, //0x00004a68 .quad -6538218414850328322
	0x32, 0xea, 0xfe, 0x29, 0x62, 0x22, 0x3d, 0x73, //0x00004a70 .quad 8303831092947774002
	0x3e, 0x27, 0xa9, 0xa6, 0x3d, 0x7a, 0x94, 0xce, //0x00004a78 .quad -3561087000135522498
	0x5f, 0x52, 0x3f, 0x5a, 0x7d, 0x35, 0x06, 0x08, //0x00004a80 .quad 578208414664970847
	0x87, 0xb8, 0x29, 0x88, 0x66, 0xcc, 0x1c, 0x81, //0x00004a88 .quad -9143208402725783417
	0xf7, 0x26, 0xcf, 0xb0, 0xdc, 0xc2, 0x07, 0xca, //0x00004a90 .quad -3888925500096174345
	0xa8, 0x26, 0x34, 0x2a, 0x80, 0xff, 0x63, 0xa1, //0x00004a98 .quad -6817324484979841368
	0xb5, 0xf0, 0x02, 0xdd, 0x93, 0xb3, 0x89, 0xfc, //0x00004aa0 .quad -249470856692830027
	0x52, 0x30, 0xc1, 0x34, 0x60, 0xff, 0xbc, 0xc9, //0x00004aa8 .quad -3909969587797413806
	0xe2, 0xac, 0x43, 0xd4, 0x78, 0x20, 0xac, 0xbb, //0x00004ab0 .quad -4923524589293425438
	0x67, 0x7c, 0xf1, 0x41, 0x38, 0x3f, 0x2c, 0xfc, //0x00004ab8 .quad -275775966319379353
	0x0d, 0x4c, 0xaa, 0x84, 0x4b, 0x94, 0x4b, 0xd5, //0x00004ac0 .quad -3077202868308390899
	0xc0, 0xed, 0x36, 0x29, 0x83, 0xa7, 0x9b, 0x9d, //0x00004ac8 .quad -7089889006590693952
	0x11, 0xdf, 0xd4, 0x65, 0x5e, 0x79, 0x9e, 0x0a, //0x00004ad0 .quad 765182433041899281
	0x31, 0xa9, 0x84, 0xf3, 0x63, 0x91, 0x02, 0xc5, //0x00004ad8 .quad -4250675239810979535
	0xd5, 0x16, 0x4a, 0xff, 0xb5, 0x17, 0x46, 0x4d, //0x00004ae0 .quad 5568164059729762005
	0x7d, 0xd3, 0x65, 0xf0, 0xbc, 0x35, 0x43, 0xf6, //0x00004ae8 .quad -701658031336336515
	0x45, 0x4e, 0x8e, 0xbf, 0xd1, 0xce, 0x4b, 0x50, //0x00004af0 .quad 5785945546544795205
	0x2e, 0xa4, 0x3f, 0x16, 0x96, 0x01, 0xea, 0x99, //0x00004af8 .quad -7356065297226292178
	0xd6, 0xe1, 0x71, 0x2f, 0x86, 0xc2, 0x5e, 0xe4, //0x00004b00 .quad -1990940103673781802
	0x39, 0x8d, 0xcf, 0x9b, 0xfb, 0x81, 0x64, 0xc0, //0x00004b08 .quad -4583395603105477319
	0x4c, 0x5a, 0x4e, 0xbb, 0x27, 0x73, 0x76, 0x5d, //0x00004b10 .quad 6734696907262548556
	0x88, 0x70, 0xc3, 0x82, 0x7a, 0xa2, 0x7d, 0xf0, //0x00004b18 .quad -1117558485454458744
	0x6f, 0xf8, 0x10, 0xd5, 0xf8, 0x07, 0x6a, 0x3a, //0x00004b20 .quad 4209185567039092847
	0x55, 0x26, 0xba, 0x91, 0x8c, 0x85, 0x4e, 0x96, //0x00004b28 .quad -7616003081050118571
	0x8b, 0x36, 0x55, 0x0a, 0xf7, 0x89, 0x04, 0x89, //0x00004b30 .quad -8573576096483297653
	0xea, 0xaf, 0x28, 0xb6, 0xef, 0x26, 0xe2, 0xbb, //0x00004b38 .quad -4908317832885260310
	0x2e, 0x84, 0xea, 0xcc, 0x74, 0xac, 0x45, 0x2b, //0x00004b40 .quad 3118087934678041646
	0xe5, 0xdb, 0xb2, 0xa3, 0xab, 0xb0, 0xda, 0xea, //0x00004b48 .quad -1523711272679187483
	0x9d, 0x92, 0x12, 0x00, 0xc9, 0x8b, 0x0b, 0x3b, //0x00004b50 .quad 4254647968387469981
	0x6f, 0xc9, 0x4f, 0x46, 0x6b, 0xae, 0xc8, 0x92, //0x00004b58 .quad -7869848573065574033
	0x44, 0x37, 0x17, 0x40, 0xbb, 0x6e, 0xce, 0x09, //0x00004b60 .quad 706623942056949572
	0xcb, 0xbb, 0xe3, 0x17, 0x06, 0xda, 0x7a, 0xb7, //0x00004b68 .quad -5225624697904579637
	0x15, 0x05, 0x1d, 0x10, 0x6a, 0x0a, 0x42, 0xcc, //0x00004b70 .quad -3728406090856200939
	0xbd, 0xaa, 0xdc, 0x9d, 0x87, 0x90, 0x59, 0xe5, //0x00004b78 .quad -1920344853953336643
	0x2d, 0x23, 0x12, 0x4a, 0x82, 0x46, 0xa9, 0x9f, //0x00004b80 .quad -6941939825212513491
	0xb6, 0xea, 0xa9, 0xc2, 0x54, 0xfa, 0x57, 0x8f, //0x00004b88 .quad -8117744561361917258
	0xf9, 0xab, 0x96, 0xdc, 0x22, 0x98, 0x93, 0x47, //0x00004b90 .quad 5157633273766521849
	0x64, 0x65, 0x54, 0xf3, 0xe9, 0xf8, 0x2d, 0xb3, //0x00004b98 .quad -5535494683275008668
	0xf7, 0x56, 0xbc, 0x93, 0x2b, 0x7e, 0x78, 0x59, //0x00004ba0 .quad 6447041592208152311
	0xbd, 0x7e, 0x29, 0x70, 0x24, 0x77, 0xf9, 0xdf, //0x00004ba8 .quad -2307682335666372931
	0x5a, 0xb6, 0x55, 0x3c, 0xdb, 0x4e, 0xeb, 0x57, //0x00004bb0 .quad 6335244004343789146
	0x36, 0xef, 0x19, 0xc6, 0x76, 0xea, 0xfb, 0x8b, //0x00004bb8 .quad -8359830487432564938
	0xf1, 0x23, 0x6b, 0x0b, 0x92, 0x22, 0xe6, 0xed, //0x00004bc0 .quad -1304317031425039375
	0x03, 0x6b, 0xa0, 0x77, 0x14, 0xe5, 0xfa, 0xae, //0x00004bc8 .quad -5838102090863318269
	0xed, 0xec, 0x45, 0x8e, 0x36, 0xab, 0x5f, 0xe9, //0x00004bd0 .quad -1630396289281299219
	0xc4, 0x85, 0x88, 0x95, 0x59, 0x9e, 0xb9, 0xda, //0x00004bd8 .quad -2685941595151759932
	0x14, 0xb4, 0xeb, 0x18, 0x02, 0xcb, 0xdb, 0x11, //0x00004be0 .quad 1286845328412881940
	0x9b, 0x53, 0x75, 0xfd, 0xf7, 0x02, 0xb4, 0x88, //0x00004be8 .quad -8596242524610931813
	0x19, 0xa1, 0x26, 0x9f, 0xc2, 0xbd, 0x52, 0xd6, //0x00004bf0 .quad -3003129357911285479
	0x81, 0xa8, 0xd2, 0xfc, 0xb5, 0x03, 0xe1, 0xaa, //0x00004bf8 .quad -6133617137336276863
	0x5f, 0x49, 0xf0, 0x46, 0x33, 0x6d, 0xe7, 0x4b, //0x00004c00 .quad 5469460339465668959
	0xa2, 0x52, 0x07, 0x7c, 0xa3, 0x44, 0x99, 0xd5, //0x00004c08 .quad -3055335403242958174
	0xdb, 0x2d, 0x56, 0x0c, 0x40, 0xa4, 0x70, 0x6f, //0x00004c10 .quad 8030098730593431003
	0xa5, 0x93, 0x84, 0x2d, 0xe6, 0xca, 0x7f, 0x85, //0x00004c18 .quad -8827113654667930715
	0x52, 0xb9, 0x6b, 0x0f, 0x50, 0xcd, 0x4c, 0xcb, //0x00004c20 .quad -3797434642040374958
	0x8e, 0xb8, 0xe5, 0xb8, 0x9f, 0xbd, 0xdf, 0xa6, //0x00004c28 .quad -6422206049907525490
	0xa7, 0xa7, 0x46, 0x13, 0xa4, 0x00, 0x20, 0x7e, //0x00004c30 .quad 9088264752731695015
	0xb2, 0x26, 0x1f, 0xa7, 0x07, 0xad, 0x97, 0xd0, //0x00004c38 .quad -3416071543957018958
	0xc8, 0x28, 0x0c, 0x8c, 0x66, 0x00, 0xd4, 0x8e, //0x00004c40 .quad -8154892584824854328
	0x2f, 0x78, 0x73, 0xc8, 0x24, 0xcc, 0x5e, 0x82, //0x00004c48 .quad -9052573742614218705
	0xfa, 0x32, 0x0f, 0x2f, 0x80, 0x00, 0x89, 0x72, //0x00004c50 .quad 8253128342678483706
	0x3b, 0x56, 0x90, 0xfa, 0x2d, 0x7f, 0xf6, 0xa2, //0x00004c58 .quad -6704031159840385477
	0xb9, 0xff, 0xd2, 0x3a, 0xa0, 0x40, 0x2b, 0x4f, //0x00004c60 .quad 5704724409920716729
	0xca, 0x6b, 0x34, 0x79, 0xf9, 0x1e, 0xb4, 0xcb, //0x00004c68 .quad -3768352931373093942
	0xa8, 0xbf, 0x87, 0x49, 0xc8, 0x10, 0xf6, 0xe2, //0x00004c70 .quad -2092466524453879896
	0xbc, 0x86, 0x81, 0xd7, 0xb7, 0x26, 0xa1, 0xfe, //0x00004c78 .quad -98755145788979524
	0xc9, 0xd7, 0xf4, 0x2d, 0x7d, 0xca, 0xd9, 0x0d, //0x00004c80 .quad 998051431430019017
	0x36, 0xf4, 0xb0, 0xe6, 0x32, 0xb8, 0x24, 0x9f, //0x00004c88 .quad -6979250993759194058
	0xbb, 0x0d, 0x72, 0x79, 0x1c, 0x3d, 0x50, 0x91, //0x00004c90 .quad -7975807747567252037
	0x43, 0x31, 0x5d, 0xa0, 0x3f, 0xe6, 0xed, 0xc6, //0x00004c98 .quad -4112377723771604669
	0x2a, 0x91, 0xce, 0x97, 0x63, 0x4c, 0xa4, 0x75, //0x00004ca0 .quad 8476984389250486570
	0x94, 0x7d, 0x74, 0x88, 0xcf, 0x5f, 0xa9, 0xf8, //0x00004ca8 .quad -528786136287117932
	0xba, 0x1a, 0xe1, 0x3e, 0xbe, 0xaf, 0x86, 0xc9, //0x00004cb0 .quad -3925256793573221702
	0x7c, 0xce, 0x48, 0xb5, 0xe1, 0xdb, 0x69, 0x9b, //0x00004cb8 .quad -7248020362820530564
	0x68, 0x61, 0x99, 0xce, 0xad, 0x5b, 0xe8, 0xfb, //0x00004cc0 .quad -294884973539139224
	0x1b, 0x02, 0x9b, 0x22, 0xda, 0x52, 0x44, 0xc2, //0x00004cc8 .quad -4448339435098275301
	0xc3, 0xb9, 0x3f, 0x42, 0x99, 0x72, 0xe2, 0xfa, //0x00004cd0 .quad -368606216923924029
	0xa2, 0xc2, 0x41, 0xab, 0x90, 0x67, 0xd5, 0xf2, //0x00004cd8 .quad -948738275445456222
	0x1a, 0xd4, 0x67, 0xc9, 0x9f, 0x87, 0xcd, 0xdc, //0x00004ce0 .quad -2536221894791146470
	0xa5, 0x19, 0x09, 0x6b, 0xba, 0x60, 0xc5, 0x97, //0x00004ce8 .quad -7510490449794491995
	0x20, 0xc9, 0xc1, 0xbb, 0x87, 0xe9, 0x00, 0x54, //0x00004cf0 .quad 6053094668365842720
	0x0f, 0x60, 0xcb, 0x05, 0xe9, 0xb8, 0xb6, 0xbd, //0x00004cf8 .quad -4776427043815727089
	0x68, 0x3b, 0xb2, 0xaa, 0xe9, 0x23, 0x01, 0x29, //0x00004d00 .quad 2954682317029915496
	0x13, 0x38, 0x3e, 0x47, 0x23, 0x67, 0x24, 0xed, //0x00004d08 .quad -1358847786342270957
	0x21, 0x65, 0xaf, 0x0a, 0x72, 0xb6, 0xa0, 0xf9, //0x00004d10 .quad -459166561069996767
	0x0b, 0xe3, 0x86, 0x0c, 0x76, 0xc0, 0x36, 0x94, //0x00004d18 .quad -7766808894105001205
	0x69, 0x3e, 0x5b, 0x8d, 0x0e, 0xe4, 0x08, 0xf8, //0x00004d20 .quad -573958201337495959
	0xce, 0x9b, 0xa8, 0x8f, 0x93, 0x70, 0x44, 0xb9, //0x00004d28 .quad -5096825099203863602
	0x04, 0x0e, 0xb2, 0x30, 0x12, 0x1d, 0x0b, 0xb6, //0x00004d30 .quad -5329133770099257852
	0xc2, 0xc2, 0x92, 0x73, 0xb8, 0x8c, 0x95, 0xe7, //0x00004d38 .quad -1759345355577441598
	0xc2, 0x48, 0x6f, 0x5e, 0x2b, 0xf2, 0xc6, 0xb1, //0x00004d40 .quad -5636551615525730110
	0xb9, 0xb9, 0x3b, 0x48, 0xf3, 0x77, 0xbd, 0x90, //0x00004d48 .quad -8017119874876982855
	0xf3, 0x1a, 0x0b, 0x36, 0xb6, 0xae, 0x38, 0x1e, //0x00004d50 .quad 2177682517447613171
	0x28, 0xa8, 0x4a, 0x1a, 0xf0, 0xd5, 0xec, 0xb4, //0x00004d58 .quad -5409713825168840664
	0xb0, 0xe1, 0x8d, 0xc3, 0x63, 0xda, 0xc6, 0x25, //0x00004d60 .quad 2722103146809516464
	0x32, 0x52, 0xdd, 0x20, 0x6c, 0x0b, 0x28, 0xe2, //0x00004d68 .quad -2150456263033662926
	0x0e, 0xad, 0x38, 0x5a, 0x7e, 0x48, 0x9c, 0x57, //0x00004d70 .quad 6313000485183335694
	0x5f, 0x53, 0x8a, 0x94, 0x23, 0x07, 0x59, 0x8d, //0x00004d78 .quad -8261564192037121185
	0x51, 0xd8, 0xc6, 0xf0, 0x9d, 0x5a, 0x83, 0x2d, //0x00004d80 .quad 3279564588051781713
	0x37, 0xe8, 0xac, 0x79, 0xec, 0x48, 0xaf, 0xb0, //0x00004d88 .quad -5715269221619013577
	0x65, 0x8e, 0xf8, 0x6c, 0x45, 0x31, 0xe4, 0xf8, //0x00004d90 .quad -512230283362660763
	0x44, 0x22, 0x18, 0x98, 0x27, 0x1b, 0xdb, 0xdc, //0x00004d98 .quad -2532400508596379068
	0xff, 0x58, 0x1b, 0x64, 0xcb, 0x9e, 0x8e, 0x1b, //0x00004da0 .quad 1985699082112030975
	0x6b, 0x15, 0x0f, 0xbf, 0xf8, 0xf0, 0x08, 0x8a, //0x00004da8 .quad -8500279345513818773
	0x3f, 0x2f, 0x22, 0x3d, 0x7e, 0x46, 0x72, 0xe2, //0x00004db0 .quad -2129562165787349185
	0xc5, 0xda, 0xd2, 0xee, 0x36, 0x2d, 0x8b, 0xac, //0x00004db8 .quad -6013663163464885563
	0x0f, 0xbb, 0x6a, 0xcc, 0x1d, 0xd8, 0x0e, 0x5b, //0x00004dc0 .quad 6561419329620589327
	0x77, 0x91, 0x87, 0xaa, 0x84, 0xf8, 0xad, 0xd7, //0x00004dc8 .quad -2905392935903719049
	0xe9, 0xb4, 0xc2, 0x9f, 0x12, 0x47, 0xe9, 0x98, //0x00004dd0 .quad -7428327965055601431
	0xea, 0xba, 0x94, 0xea, 0x52, 0xbb, 0xcc, 0x86, //0x00004dd8 .quad -8733399612580906262
	0x24, 0x62, 0xb3, 0x47, 0xd7, 0x98, 0x23, 0x3f, //0x00004de0 .quad 4549648098962661924
	0xa5, 0xe9, 0x39, 0xa5, 0x27, 0xea, 0x7f, 0xa8, //0x00004de8 .quad -6305063497298744923
	0xad, 0x3a, 0xa0, 0x19, 0x0d, 0x7f, 0xec, 0x8e, //0x00004df0 .quad -8147997931578836307
	0x0e, 0x64, 0x88, 0x8e, 0xb1, 0xe4, 0x9f, 0xd2, //0x00004df8 .quad -3269643353196043250
	0xac, 0x24, 0x04, 0x30, 0x68, 0xcf, 0x53, 0x19, //0x00004e00 .quad 1825030320404309164
	0x89, 0x3e, 0x15, 0xf9, 0xee, 0xee, 0xa3, 0x83, //0x00004e08 .quad -8961056123388608887
	0xd7, 0x2d, 0x05, 0x3c, 0x42, 0xc3, 0xa8, 0x5f, //0x00004e10 .quad 6892973918932774359
	0x2b, 0x8e, 0x5a, 0xb7, 0xaa, 0xea, 0x8c, 0xa4, //0x00004e18 .quad -6589634135808373205
	0x4d, 0x79, 0x06, 0xcb, 0x12, 0xf4, 0x92, 0x37, //0x00004e20 .quad 4004531380238580045
	0xb6, 0x31, 0x31, 0x65, 0x55, 0x25, 0xb0, 0xcd, //0x00004e28 .quad -3625356651333078602
	0xd0, 0x0b, 0xe4, 0xbe, 0x8b, 0xd8, 0xbb, 0xe2, //0x00004e30 .quad -2108853905778275376
	0x11, 0xbf, 0x3e, 0x5f, 0x55, 0x17, 0x8e, 0x80, //0x00004e38 .quad -9183376934724255983
	0xc4, 0x0e, 0x9d, 0xae, 0xae, 0xce, 0x6a, 0x5b, //0x00004e40 .quad 6587304654631931588
	0xd6, 0x6e, 0x0e, 0xb7, 0x2a, 0x9d, 0xb1, 0xa0, //0x00004e48 .quad -6867535149977932074
	0x75, 0x52, 0x44, 0x5a, 0x5a, 0x82, 0x45, 0xf2, //0x00004e50 .quad -989241218564861323
	0x8b, 0x0a, 0xd2, 0x64, 0x75, 0x04, 0xde, 0xc8, //0x00004e58 .quad -3972732919045027189
	0x12, 0x67, 0xd5, 0xf0, 0xf0, 0xe2, 0xd6, 0xee, //0x00004e60 .quad -1236551523206076654
	0x2e, 0x8d, 0x06, 0xbe, 0x92, 0x85, 0x15, 0xfb, //0x00004e68 .quad -354230130378896082
	0x6b, 0x60, 0x85, 0x96, 0xd6, 0x4d, 0x46, 0x55, //0x00004e70 .quad 6144684325637283947
	0x3d, 0x18, 0xc4, 0xb6, 0x7b, 0x73, 0xed, 0x9c, //0x00004e78 .quad -7138922859127891907
	0x86, 0xb8, 0x26, 0x3c, 0x4c, 0xe1, 0x97, 0xaa, //0x00004e80 .quad -6154202648235558778
	0x4c, 0x1e, 0x75, 0xa4, 0x5a, 0xd0, 0x28, 0xc4, //0x00004e88 .quad -4311967555482476980
	0xa8, 0x66, 0x30, 0x4b, 0x9f, 0xd9, 0x3d, 0xd5, //0x00004e90 .quad -3081067291867060568
	0xdf, 0x65, 0x92, 0x4d, 0x71, 0x04, 0x33, 0xf5, //0x00004e98 .quad -778273425925708321
	0x29, 0x40, 0xfe, 0x8e, 0x03, 0xa8, 0x46, 0xe5, //0x00004ea0 .quad -1925667057416912855
	0xab, 0x7f, 0x7b, 0xd0, 0xc6, 0xe2, 0x3f, 0x99, //0x00004ea8 .quad -7403949918844649557
	0x33, 0xd0, 0xbd, 0x72, 0x04, 0x52, 0x98, 0xde, //0x00004eb0 .quad -2407083821771141069
	0x96, 0x5f, 0x9a, 0x84, 0x78, 0xdb, 0x8f, 0xbf, //0x00004eb8 .quad -4643251380128424042
	0x40, 0x44, 0x6d, 0x8f, 0x85, 0x66, 0x3e, 0x96, //0x00004ec0 .quad -7620540795641314240
	0x7c, 0xf7, 0xc0, 0xa5, 0x56, 0xd2, 0x73, 0xef, //0x00004ec8 .quad -1192378206733142148
	0xa8, 0x4a, 0xa4, 0x79, 0x13, 0x00, 0xe7, 0xdd, //0x00004ed0 .quad -2456994988062127448
	0xad, 0x9a, 0x98, 0x27, 0x76, 0x63, 0xa8, 0x95, //0x00004ed8 .quad -7662765406849295699
	0x52, 0x5d, 0x0d, 0x58, 0x18, 0xc0, 0x60, 0x55, //0x00004ee0 .quad 6152128301777116498
	0x59, 0xc1, 0x7e, 0xb1, 0x53, 0x7c, 0x12, 0xbb, //0x00004ee8 .quad -4966770740134231719
	0xa6, 0xb4, 0x10, 0x6e, 0x1e, 0xf0, 0xb8, 0xaa, //0x00004ef0 .quad -6144897678060768090
	0xaf, 0x71, 0xde, 0x9d, 0x68, 0x1b, 0xd7, 0xe9, //0x00004ef8 .quad -1596777406740401745
	0xe8, 0x70, 0xca, 0x04, 0x13, 0x96, 0xb3, 0xca, //0x00004f00 .quad -3840561048787980056
	0x0d, 0x07, 0xab, 0x62, 0x21, 0x71, 0x26, 0x92, //0x00004f08 .quad -7915514906853832947
	0x22, 0x0d, 0xfd, 0xc5, 0x97, 0x7b, 0x60, 0x3d, //0x00004f10 .quad 4422670725869800738
	0xd1, 0xc8, 0x55, 0xbb, 0x69, 0x0d, 0xb0, 0xb6, //0x00004f18 .quad -5282707615139903279
	0x6a, 0x50, 0x7c, 0xb7, 0x7d, 0x9a, 0xb8, 0x8c, //0x00004f20 .quad -8306719647944912790
	0x05, 0x3b, 0x2b, 0x2a, 0xc4, 0x10, 0x5c, 0xe4, //0x00004f28 .quad -1991698500497491195
	0x42, 0xb2, 0xad, 0x92, 0x8e, 0x60, 0xf3, 0x77, //0x00004f30 .quad 8643358275316593218
	0xe3, 0x04, 0x5b, 0x9a, 0x7a, 0x8a, 0xb9, 0x8e, //0x00004f38 .quad -8162340590452013853
	0xd3, 0x1e, 0x59, 0x37, 0xb2, 0x38, 0xf0, 0x55, //0x00004f40 .quad 6192511825718353619
	0x1c, 0xc6, 0xf1, 0x40, 0x19, 0xed, 0x67, 0xb2, //0x00004f48 .quad -5591239719637629412
	0x88, 0x66, 0x2f, 0xc5, 0xde, 0x46, 0x6c, 0x6b, //0x00004f50 .quad 7740639782147942024
	0xa3, 0x37, 0x2e, 0x91, 0x5f, 0xe8, 0x01, 0xdf, //0x00004f58 .quad -2377363631119648861
	0x15, 0xa0, 0x3d, 0x3b, 0x4b, 0xac, 0x23, 0x23, //0x00004f60 .quad 2532056854628769813
	0xc6, 0xe2, 0xbc, 0xba, 0x3b, 0x31, 0x61, 0x8b, //0x00004f68 .quad -8403381297090862394
	0x1a, 0x08, 0x0d, 0x0a, 0x5e, 0x97, 0xec, 0xab, //0x00004f70 .quad -6058300968568813542
	0x77, 0x1b, 0x6c, 0xa9, 0x8a, 0x7d, 0x39, 0xae, //0x00004f78 .quad -5892540602936190089
	0x21, 0x4a, 0x90, 0x8c, 0x35, 0xbd, 0xe7, 0x96, //0x00004f80 .quad -7572876210711016927
	0x55, 0x22, 0xc7, 0x53, 0xed, 0xdc, 0xc7, 0xd9, //0x00004f88 .quad -2753989735242849707
	0x54, 0x2e, 0xda, 0x77, 0x41, 0xd6, 0x50, 0x7e, //0x00004f90 .quad 9102010423587778132
	0x75, 0x75, 0x5c, 0x54, 0x14, 0xea, 0x1c, 0x88, //0x00004f98 .quad -8638772612167862923
	0xe9, 0xb9, 0xd0, 0xd5, 0xd1, 0x0b, 0xe5, 0xdd, //0x00004fa0 .quad -2457545025797441047
	0xd2, 0x92, 0x73, 0x69, 0x99, 0x24, 0x24, 0xaa, //0x00004fa8 .quad -6186779746782440750
	0x64, 0xe8, 0x44, 0x4b, 0xc6, 0x4e, 0x5e, 0x95, //0x00004fb0 .quad -7683617300674189212
	0x87, 0x77, 0xd0, 0xc3, 0xbf, 0x2d, 0xad, 0xd4, //0x00004fb8 .quad -3121788665050663033
	0x3e, 0x11, 0x0b, 0xef, 0x3b, 0xf1, 0x5a, 0xbd, //0x00004fc0 .quad -4802260812921368258
	0xb4, 0x4a, 0x62, 0xda, 0x97, 0x3c, 0xec, 0x84, //0x00004fc8 .quad -8868646943297746252
	0x8e, 0xd5, 0xcd, 0xea, 0x8a, 0xad, 0xb1, 0xec, //0x00004fd0 .quad -1391139997724322418
	0x61, 0xdd, 0xfa, 0xd0, 0xbd, 0x4b, 0x27, 0xa6, //0x00004fd8 .quad -6474122660694794911
	0xf2, 0x4a, 0x81, 0xa5, 0xed, 0x18, 0xde, 0x67, //0x00004fe0 .quad 7484447039699372786
	0xba, 0x94, 0x39, 0x45, 0xad, 0x1e, 0xb1, 0xcf, //0x00004fe8 .quad -3480967307441105734
	0xd7, 0xce, 0x70, 0x87, 0x94, 0xcf, 0xea, 0x80, //0x00004ff0 .quad -9157278655470055721
	0xf4, 0xfc, 0x43, 0x4b, 0x2c, 0xb3, 0xce, 0x81, //0x00004ff8 .quad -9093133594791772940
	0x8d, 0x02, 0x4d, 0xa9, 0x79, 0x83, 0x25, 0xa1, //0x00005000 .quad -6834912300910181747
	0x31, 0xfc, 0x14, 0x5e, 0xf7, 0x5f, 0x42, 0xa2, //0x00005008 .quad -6754730975062328271
	0x30, 0x43, 0xa0, 0x13, 0x58, 0xe4, 0x6e, 0x09, //0x00005010 .quad 679731660717048624
	0x3e, 0x3b, 0x9a, 0x35, 0xf5, 0xf7, 0xd2, 0xca, //0x00005018 .quad -3831727700400522434
	0xfc, 0x53, 0x88, 0x18, 0x6e, 0x9d, 0xca, 0x8b, //0x00005020 .quad -8373707460958465028
	0x0d, 0xca, 0x00, 0x83, 0xf2, 0xb5, 0x87, 0xfd, //0x00005028 .quad -177973607073265139
	0x7d, 0x34, 0x55, 0xcf, 0x64, 0xa2, 0x5e, 0x77, //0x00005030 .quad 8601490892183123069
	0x48, 0x7e, 0xe0, 0x91, 0xb7, 0xd1, 0x74, 0x9e, //0x00005038 .quad -7028762532061872568
	0x9d, 0x81, 0x2a, 0x03, 0xfe, 0x4a, 0x36, 0x95, //0x00005040 .quad -7694880458480647779
	0xda, 0x9d, 0x58, 0x76, 0x25, 0x06, 0x12, 0xc6, //0x00005048 .quad -4174267146649952806
	0x04, 0x22, 0xf5, 0x83, 0xbd, 0xdd, 0x83, 0x3a, //0x00005050 .quad 4216457482181353988
	0x51, 0xc5, 0xee, 0xd3, 0xae, 0x87, 0x96, 0xf7, //0x00005058 .quad -606147914885053103
	0x42, 0x35, 0x79, 0x72, 0x96, 0x6a, 0x92, 0xc4, //0x00005060 .quad -4282243101277735614
	0x52, 0x3b, 0x75, 0x44, 0xcd, 0x14, 0xbe, 0x9a, //0x00005068 .quad -7296371474444240046
	0x93, 0x82, 0x17, 0x0f, 0x3c, 0x05, 0xb7, 0x75, //0x00005070 .quad 8482254178684994195
	0x27, 0x8a, 0x92, 0x95, 0x00, 0x9a, 0x6d, 0xc1, //0x00005078 .quad -4508778324627912153
	0x38, 0x63, 0xdd, 0x12, 0x8b, 0xc6, 0x24, 0x53, //0x00005080 .quad 5991131704928854840
	0xb1, 0x2c, 0xf7, 0xba, 0x80, 0x00, 0xc9, 0xf1, //0x00005088 .quad -1024286887357502287
	0x03, 0x5e, 0xca, 0xeb, 0x16, 0xfc, 0xf6, 0xd3, //0x00005090 .quad -3173071712060547581
	0xee, 0x7b, 0xda, 0x74, 0x50, 0xa0, 0x1d, 0x97, //0x00005098 .quad -7557708332239520786
	0x84, 0xf5, 0xbc, 0xa6, 0x1c, 0xbb, 0xf4, 0x88, //0x000050a0 .quad -8578025658503072380
	0xea, 0x1a, 0x11, 0x92, 0x64, 0x08, 0xe5, 0xbc, //0x000050a8 .quad -4835449396872013078
	0xe5, 0x32, 0x6c, 0xd0, 0xe3, 0xe9, 0x31, 0x2b, //0x000050b0 .quad 3112525982153323237
	0xa5, 0x61, 0x95, 0xb6, 0x7d, 0x4a, 0x1e, 0xec, //0x000050b8 .quad -1432625727662628443
	0xcf, 0x9f, 0x43, 0x62, 0x2e, 0x32, 0xff, 0x3a, //0x000050c0 .quad 4251171748059520975
	0x07, 0x5d, 0x1d, 0x92, 0x8e, 0xee, 0x92, 0x93, //0x000050c8 .quad -7812920107430224633
	0xc2, 0x87, 0xd4, 0xfa, 0xb9, 0xfe, 0xbe, 0x09, //0x000050d0 .quad 702278666647013314
	0x49, 0xb4, 0xa4, 0x36, 0x32, 0xaa, 0x77, 0xb8, //0x000050d8 .quad -5154464115860392887
	0xb3, 0xa9, 0x89, 0x79, 0x68, 0xbe, 0x2e, 0x4c, //0x000050e0 .quad 5489534351736154547
	0x5b, 0xe1, 0x4d, 0xc4, 0xbe, 0x94, 0x95, 0xe6, //0x000050e8 .quad -1831394126398103205
	0x10, 0x0a, 0xf6, 0x4b, 0x01, 0x37, 0x9d, 0x0f, //0x000050f0 .quad 1125115960621402640
	0xd9, 0xac, 0xb0, 0x3a, 0xf7, 0x7c, 0x1d, 0x90, //0x000050f8 .quad -8062150356639896359
	0x94, 0x8c, 0xf3, 0x9e, 0xc1, 0x84, 0x84, 0x53, //0x00005100 .quad 6018080969204141204
	0x0f, 0xd8, 0x5c, 0x09, 0x35, 0xdc, 0x24, 0xb4, //0x00005108 .quad -5466001927372482545
	0xb9, 0x6f, 0xb0, 0x06, 0xf2, 0xa5, 0x65, 0x28, //0x00005110 .quad 2910915193077788601
	0x13, 0x0e, 0xb4, 0x4b, 0x42, 0x13, 0x2e, 0xe1, //0x00005118 .quad -2220816390788215277
	0xd3, 0x45, 0x2e, 0x44, 0xb7, 0x87, 0x3f, 0xf9, //0x00005120 .quad -486521013540076077
	0xcb, 0x88, 0x50, 0x6f, 0x09, 0xcc, 0xbc, 0x8c, //0x00005128 .quad -8305539271883716405
	0x48, 0xd7, 0x39, 0x15, 0xa5, 0x69, 0x8f, 0xf7, //0x00005130 .quad -608151266925095096
	0xfe, 0xaa, 0x24, 0xcb, 0x0b, 0xff, 0xeb, 0xaf, //0x00005138 .quad -5770238071427257602
	0x1b, 0x4d, 0x88, 0x5a, 0x0e, 0x44, 0x73, 0xb5, //0x00005140 .quad -5371875102083756773
	0xbe, 0xd5, 0xed, 0xbd, 0xce, 0xfe, 0xe6, 0xdb, //0x00005148 .quad -2601111570856684098
	0x30, 0x30, 0x95, 0xf8, 0x88, 0x0a, 0x68, 0x31, //0x00005150 .quad 3560107088838733872
	0x97, 0xa5, 0xb4, 0x36, 0x41, 0x5f, 0x70, 0x89, //0x00005158 .quad -8543223759426509417
	0x3d, 0x7c, 0xba, 0x36, 0x2b, 0x0d, 0xc2, 0xfd, //0x00005160 .quad -161552157378970563
	0xfc, 0xce, 0x61, 0x84, 0x11, 0x77, 0xcc, 0xab, //0x00005168 .quad -6067343680855748868
	0x4c, 0x1b, 0x69, 0x04, 0x76, 0x90, 0x32, 0x3d, //0x00005170 .quad 4409745821703674700
	0xbc, 0x42, 0x7a, 0xe5, 0xd5, 0x94, 0xbf, 0xd6, //0x00005178 .quad -2972493582642298180
	0x0f, 0xb1, 0xc1, 0xc2, 0x49, 0x9a, 0x3f, 0xa6, //0x00005180 .quad -6467280898289979121
	0xb5, 0x69, 0x6c, 0xaf, 0x05, 0xbd, 0x37, 0x86, //0x00005188 .quad -8775337516792518219
	0x53, 0x1d, 0x72, 0x33, 0xdc, 0x80, 0xcf, 0x0f, //0x00005190 .quad 1139270913992301907
	0x23, 0x84, 0x47, 0x1b, 0x47, 0xac, 0xc5, 0xa7, //0x00005198 .quad -6357485877563259869
	0xa8, 0xa4, 0x4e, 0x40, 0x13, 0x61, 0xc3, 0xd3, //0x000051a0 .quad -3187597375937010520
	0x2b, 0x65, 0x19, 0xe2, 0x58, 0x17, 0xb7, 0xd1, //0x000051a8 .quad -3335171328526686933
	0xe9, 0x26, 0x31, 0x08, 0xac, 0x1c, 0x5a, 0x64, //0x000051b0 .quad 7231123676894144233
	0x3b, 0xdf, 0x4f, 0x8d, 0x97, 0x6e, 0x12, 0x83, //0x000051b8 .quad -9002011107970261189
	0xa3, 0x70, 0x3d, 0x0a, 0xd7, 0xa3, 0x70, 0x3d, //0x000051c0 .quad 4427218577690292387
	0x0a, 0xd7, 0xa3, 0x70, 0x3d, 0x0a, 0xd7, 0xa3, //0x000051c8 .quad -6640827866535438582
	0xcc, 0xcc, 0xcc, 0xcc, 0xcc, 0xcc, 0xcc, 0xcc, 0xcc, 0xcc, 0xcc, 0xcc, 0xcc, 0xcc, 0xcc, 0xcc, //0x000051d0 QUAD $0xcccccccccccccccc; QUAD $0xcccccccccccccccc  // .space 16, '\xcc\xcc\xcc\xcc\xcc\xcc\xcc\xcc\xcc\xcc\xcc\xcc\xcc\xcc\xcc\xcc'
	0x00, 0x00, 0x00, 0x00, 0x00, 0x00, 0x00, 0x00, //0x000051e0 .quad 0
	0x00, 0x00, 0x00, 0x00, 0x00, 0x00, 0x00, 0x80, //0x000051e8 .quad -9223372036854775808
	0x00, 0x00, 0x00, 0x00, 0x00, 0x00, 0x00, 0x00, //0x000051f0 .quad 0
	0x00, 0x00, 0x00, 0x00, 0x00, 0x00, 0x00, 0xa0, //0x000051f8 .quad -6917529027641081856
	0x00, 0x00, 0x00, 0x00, 0x00, 0x00, 0x00, 0x00, //0x00005200 .quad 0
	0x00, 0x00, 0x00, 0x00, 0x00, 0x00, 0x00, 0xc8, //0x00005208 .quad -4035225266123964416
	0x00, 0x00, 0x00, 0x00, 0x00, 0x00, 0x00, 0x00, //0x00005210 .quad 0
	0x00, 0x00, 0x00, 0x00, 0x00, 0x00, 0x00, 0xfa, //0x00005218 .quad -432345564227567616
	0x00, 0x00, 0x00, 0x00, 0x00, 0x00, 0x00, 0x00, //0x00005220 .quad 0
	0x00, 0x00, 0x00, 0x00, 0x00, 0x00, 0x40, 0x9c, //0x00005228 .quad -7187745005283311616
	0x00, 0x00, 0x00, 0x00, 0x00, 0x00, 0x00, 0x00, //0x00005230 .quad 0
	0x00, 0x00, 0x00, 0x00, 0x00, 0x00, 0x50, 0xc3, //0x00005238 .quad -4372995238176751616
	0x00, 0x00, 0x00, 0x00, 0x00, 0x00, 0x00, 0x00, //0x00005240 .quad 0
	0x00, 0x00, 0x00, 0x00, 0x00, 0x00, 0x24, 0xf4, //0x00005248 .quad -854558029293551616
	0x00, 0x00, 0x00, 0x00, 0x00, 0x00, 0x00, 0x00, //0x00005250 .quad 0
	0x00, 0x00, 0x00, 0x00, 0x00, 0x80, 0x96, 0x98, //0x00005258 .quad -7451627795949551616
	0x00, 0x00, 0x00, 0x00, 0x00, 0x00, 0x00, 0x00, //0x00005260 .quad 0
	0x00, 0x00, 0x00, 0x00, 0x00, 0x20, 0xbc, 0xbe, //0x00005268 .quad -4702848726509551616
	0x00, 0x00, 0x00, 0x00, 0x00, 0x00, 0x00, 0x00, //0x00005270 .quad 0
	0x00, 0x00, 0x00, 0x00, 0x00, 0x28, 0x6b, 0xee, //0x00005278 .quad -1266874889709551616
	0x00, 0x00, 0x00, 0x00, 0x00, 0x00, 0x00, 0x00, //0x00005280 .quad 0
	0x00, 0x00, 0x00, 0x00, 0x00, 0xf9, 0x02, 0x95, //0x00005288 .quad -7709325833709551616
	0x00, 0x00, 0x00, 0x00, 0x00, 0x00, 0x00, 0x00, //0x00005290 .quad 0
	0x00, 0x00, 0x00, 0x00, 0x40, 0xb7, 0x43, 0xba, //0x00005298 .quad -5024971273709551616
	0x00, 0x00, 0x00, 0x00, 0x00, 0x00, 0x00, 0x00, //0x000052a0 .quad 0
	0x00, 0x00, 0x00, 0x00, 0x10, 0xa5, 0xd4, 0xe8, //0x000052a8 .quad -1669528073709551616
	0x00, 0x00, 0x00, 0x00, 0x00, 0x00, 0x00, 0x00, //0x000052b0 .quad 0
	0x00, 0x00, 0x00, 0x00, 0x2a, 0xe7, 0x84, 0x91, //0x000052b8 .quad -7960984073709551616
	0x00, 0x00, 0x00, 0x00, 0x00, 0x00, 0x00, 0x00, //0x000052c0 .quad 0
	0x00, 0x00, 0x00, 0x80, 0xf4, 0x20, 0xe6, 0xb5, //0x000052c8 .quad -5339544073709551616
	0x00, 0x00, 0x00, 0x00, 0x00, 0x00, 0x00, 0x00, //0x000052d0 .quad 0
	0x00, 0x00, 0x00, 0xa0, 0x31, 0xa9, 0x5f, 0xe3, //0x000052d8 .quad -2062744073709551616
	0x00, 0x00, 0x00, 0x00, 0x00, 0x00, 0x00, 0x00, //0x000052e0 .quad 0
	0x00, 0x00, 0x00, 0x04, 0xbf, 0xc9, 0x1b, 0x8e, //0x000052e8 .quad -8206744073709551616
	0x00, 0x00, 0x00, 0x00, 0x00, 0x00, 0x00, 0x00, //0x000052f0 .quad 0
	0x00, 0x00, 0x00, 0xc5, 0x2e, 0xbc, 0xa2, 0xb1, //0x000052f8 .quad -5646744073709551616
	0x00, 0x00, 0x00, 0x00, 0x00, 0x00, 0x00, 0x00, //0x00005300 .quad 0
	0x00, 0x00, 0x40, 0x76, 0x3a, 0x6b, 0x0b, 0xde, //0x00005308 .quad -2446744073709551616
	0x00, 0x00, 0x00, 0x00, 0x00, 0x00, 0x00, 0x00, //0x00005310 .quad 0
	0x00, 0x00, 0xe8, 0x89, 0x04, 0x23, 0xc7, 0x8a, //0x00005318 .quad -8446744073709551616
	0x00, 0x00, 0x00, 0x00, 0x00, 0x00, 0x00, 0x00, //0x00005320 .quad 0
	0x00, 0x00, 0x62, 0xac, 0xc5, 0xeb, 0x78, 0xad, //0x00005328 .quad -5946744073709551616
	0x00, 0x00, 0x00, 0x00, 0x00, 0x00, 0x00, 0x00, //0x00005330 .quad 0
	0x00, 0x80, 0x7a, 0x17, 0xb7, 0x26, 0xd7, 0xd8, //0x00005338 .quad -2821744073709551616
	0x00, 0x00, 0x00, 0x00, 0x00, 0x00, 0x00, 0x00, //0x00005340 .quad 0
	0x00, 0x90, 0xac, 0x6e, 0x32, 0x78, 0x86, 0x87, //0x00005348 .quad -8681119073709551616
	0x00, 0x00, 0x00, 0x00, 0x00, 0x00, 0x00, 0x00, //0x00005350 .quad 0
	0x00, 0xb4, 0x57, 0x0a, 0x3f, 0x16, 0x68, 0xa9, //0x00005358 .quad -6239712823709551616
	0x00, 0x00, 0x00, 0x00, 0x00, 0x00, 0x00, 0x00, //0x00005360 .quad 0
	0x00, 0xa1, 0xed, 0xcc, 0xce, 0x1b, 0xc2, 0xd3, //0x00005368 .quad -3187955011209551616
	0x00, 0x00, 0x00, 0x00, 0x00, 0x00, 0x00, 0x00, //0x00005370 .quad 0
	0xa0, 0x84, 0x14, 0x40, 0x61, 0x51, 0x59, 0x84, //0x00005378 .quad -8910000909647051616
	0x00, 0x00, 0x00, 0x00, 0x00, 0x00, 0x00, 0x00, //0x00005380 .quad 0
	0xc8, 0xa5, 0x19, 0x90, 0xb9, 0xa5, 0x6f, 0xa5, //0x00005388 .quad -6525815118631426616
	0x00, 0x00, 0x00, 0x00, 0x00, 0x00, 0x00, 0x00, //0x00005390 .quad 0
	0x3a, 0x0f, 0x20, 0xf4, 0x27, 0x8f, 0xcb, 0xce, //0x00005398 .quad -3545582879861895366
	0x00, 0x00, 0x00, 0x00, 0x00, 0x00, 0x00, 0x40, //0x000053a0 .quad 4611686018427387904
	0x84, 0x09, 0x94, 0xf8, 0x78, 0x39, 0x3f, 0x81, //0x000053a8 .quad -9133518327554766460
	0x00, 0x00, 0x00, 0x00, 0x00, 0x00, 0x00, 0x50, //0x000053b0 .quad 5764607523034234880
	0xe5, 0x0b, 0xb9, 0x36, 0xd7, 0x07, 0x8f, 0xa1, //0x000053b8 .quad -6805211891016070171
	0x00, 0x00, 0x00, 0x00, 0x00, 0x00, 0x00, 0xa4, //0x000053c0 .quad -6629298651489370112
	0xde, 0x4e, 0x67, 0x04, 0xcd, 0xc9, 0xf2, 0xc9, //0x000053c8 .quad -3894828845342699810
	0x00, 0x00, 0x00, 0x00, 0x00, 0x00, 0x00, 0x4d, //0x000053d0 .quad 5548434740920451072
	0x96, 0x22, 0x81, 0x45, 0x40, 0x7c, 0x6f, 0xfc, //0x000053d8 .quad -256850038250986858
	0x00, 0x00, 0x00, 0x00, 0x00, 0x00, 0x20, 0xf0, //0x000053e0 .quad -1143914305352105984
	0x9d, 0xb5, 0x70, 0x2b, 0xa8, 0xad, 0xc5, 0x9d, //0x000053e8 .quad -7078060301547948643
	0x00, 0x00, 0x00, 0x00, 0x00, 0x00, 0x28, 0x6c, //0x000053f0 .quad 7793479155164643328
	0x05, 0xe3, 0x4c, 0x36, 0x12, 0x19, 0x37, 0xc5, //0x000053f8 .quad -4235889358507547899
	0x00, 0x00, 0x00, 0x00, 0x00, 0x00, 0x32, 0xc7, //0x00005400 .quad -4093209111326359552
	0xc6, 0x1b, 0xe0, 0xc3, 0x56, 0xdf, 0x84, 0xf6, //0x00005408 .quad -683175679707046970
	0x00, 0x00, 0x00, 0x00, 0x00, 0x40, 0x7f, 0x3c, //0x00005410 .quad 4359273333062107136
	0x5c, 0x11, 0x6c, 0x3a, 0x96, 0x0b, 0x13, 0x9a, //0x00005418 .quad -7344513827457986212
	0x00, 0x00, 0x00, 0x00, 0x00, 0x10, 0x9f, 0x4b, //0x00005420 .quad 5449091666327633920
	0xb3, 0x15, 0x07, 0xc9, 0x7b, 0xce, 0x97, 0xc0, //0x00005428 .quad -4568956265895094861
	0x00, 0x00, 0x00, 0x00, 0x00, 0xd4, 0x86, 0x1e, //0x00005430 .quad 2199678564482154496
	0x20, 0xdb, 0x48, 0xbb, 0x1a, 0xc2, 0xbd, 0xf0, //0x00005438 .quad -1099509313941480672
	0x00, 0x00, 0x00, 0x00, 0x80, 0x44, 0x14, 0x13, //0x00005440 .quad 1374799102801346560
	0xf4, 0x88, 0x0d, 0xb5, 0x50, 0x99, 0x76, 0x96, //0x00005448 .quad -7604722348854507276
	0x00, 0x00, 0x00, 0x00, 0xa0, 0x55, 0xd9, 0x17, //0x00005450 .quad 1718498878501683200
	0x31, 0xeb, 0x50, 0xe2, 0xa4, 0x3f, 0x14, 0xbc, //0x00005458 .quad -4894216917640746191
	0x00, 0x00, 0x00, 0x00, 0x08, 0xab, 0xcf, 0x5d, //0x00005460 .quad 6759809616554491904
	0xfd, 0x25, 0xe5, 0x1a, 0x8e, 0x4f, 0x19, 0xeb, //0x00005468 .quad -1506085128623544835
	0x00, 0x00, 0x00, 0x00, 0xe5, 0xca, 0xa1, 0x5a, //0x00005470 .quad 6530724019560251392
	0xbe, 0x37, 0xcf, 0xd0, 0xb8, 0xd1, 0xef, 0x92, //0x00005478 .quad -7858832233030797378
	0x00, 0x00, 0x00, 0x40, 0x9e, 0x3d, 0x4a, 0xf1, //0x00005480 .quad -1059967012404461568
	0xad, 0x05, 0x03, 0x05, 0x27, 0xc6, 0xab, 0xb7, //0x00005488 .quad -5211854272861108819
	0x00, 0x00, 0x00, 0xd0, 0x05, 0xcd, 0x9c, 0x6d, //0x00005490 .quad 7898413271349198848
	0x19, 0xc7, 0x43, 0xc6, 0xb0, 0xb7, 0x96, 0xe5, //0x00005498 .quad -1903131822648998119
	0x00, 0x00, 0x00, 0xa2, 0x23, 0x00, 0x82, 0xe4, //0x000054a0 .quad -1981020733047832576
	0x6f, 0x5c, 0xea, 0x7b, 0xce, 0x32, 0x7e, 0x8f, //0x000054a8 .quad -8106986416796705681
	0x00, 0x00, 0x80, 0x8a, 0x2c, 0x80, 0xa2, 0xdd, //0x000054b0 .quad -2476275916309790720
	0x8b, 0xf3, 0xe4, 0x1a, 0x82, 0xbf, 0x5d, 0xb3, //0x000054b8 .quad -5522047002568494197
	0x00, 0x00, 0x20, 0xad, 0x37, 0x20, 0x0b, 0xd5, //0x000054c0 .quad -3095344895387238400
	0x6e, 0x30, 0x9e, 0xa1, 0x62, 0x2f, 0x35, 0xe0, //0x000054c8 .quad -2290872734783229842
	0x00, 0x00, 0x34, 0xcc, 0x22, 0xf4, 0x26, 0x45, //0x000054d0 .quad 4982938468024057856
	0x45, 0xde, 0x02, 0xa5, 0x9d, 0x3d, 0x21, 0x8c, //0x000054d8 .quad -8349324486880600507
	0x00, 0x00, 0x41, 0x7f, 0x2b, 0xb1, 0x70, 0x96, //0x000054e0 .quad -7606384970252091392
	0xd6, 0x95, 0x43, 0x0e, 0x05, 0x8d, 0x29, 0xaf, //0x000054e8 .quad -5824969590173362730
	0x00, 0x40, 0x11, 0x5f, 0x76, 0xdd, 0x0c, 0x3c, //0x000054f0 .quad 4327076842467049472
	0x4c, 0x7b, 0xd4, 0x51, 0x46, 0xf0, 0xf3, 0xda, //0x000054f8 .quad -2669525969289315508
	0x00, 0xc8, 0x6a, 0xfb, 0x69, 0x0a, 0x88, 0xa5, //0x00005500 .quad -6518949010312869888
	0x0f, 0xcd, 0x24, 0xf3, 0x2b, 0x76, 0xd8, 0x88, //0x00005508 .quad -8585982758446904049
	0x00, 0x7a, 0x45, 0x7a, 0x04, 0x0d, 0xea, 0x8e, //0x00005510 .quad -8148686262891087360
	0x53, 0x00, 0xee, 0xef, 0xb6, 0x93, 0x0e, 0xab, //0x00005518 .quad -6120792429631242157
	0x80, 0xd8, 0xd6, 0x98, 0x45, 0x90, 0xa4, 0x72, //0x00005520 .quad 8260886245095692416
	0x68, 0x80, 0xe9, 0xab, 0xa4, 0x38, 0xd2, 0xd5, //0x00005528 .quad -3039304518611664792
	0x50, 0x47, 0x86, 0x7f, 0x2b, 0xda, 0xa6, 0x47, //0x00005530 .quad 5163053903184807760
	0x41, 0xf0, 0x71, 0xeb, 0x66, 0x63, 0xa3, 0x85, //0x00005538 .quad -8817094351773372351
	0x24, 0xd9, 0x67, 0x5f, 0xb6, 0x90, 0x90, 0x99, //0x00005540 .quad -7381240676301154012
	0x51, 0x6c, 0x4e, 0xa6, 0x40, 0x3c, 0x0c, 0xa7, //0x00005548 .quad -6409681921289327535
	0x6d, 0xcf, 0x41, 0xf7, 0xe3, 0xb4, 0xf4, 0xff, //0x00005550 .quad -3178808521666707
	0x65, 0x07, 0xe2, 0xcf, 0x50, 0x4b, 0xcf, 0xd0, //0x00005558 .quad -3400416383184271515
	0xa4, 0x21, 0x89, 0x7a, 0x0e, 0xf1, 0xf8, 0xbf, //0x00005560 .quad -4613672773753429596
	0x9f, 0x44, 0xed, 0x81, 0x12, 0x8f, 0x81, 0x82, //0x00005568 .quad -9042789267131251553
	0x0d, 0x6a, 0x2b, 0x19, 0x52, 0x2d, 0xf7, 0xaf, //0x00005570 .quad -5767090967191786995
	0xc7, 0x95, 0x68, 0x22, 0xd7, 0xf2, 0x21, 0xa3, //0x00005578 .quad -6691800565486676537
	0x90, 0x44, 0x76, 0x9f, 0xa6, 0xf8, 0xf4, 0x9b, //0x00005580 .quad -7208863708989733744
	0x39, 0xbb, 0x02, 0xeb, 0x8c, 0x6f, 0xea, 0xcb, //0x00005588 .quad -3753064688430957767
	0xb4, 0xd5, 0x53, 0x47, 0xd0, 0x36, 0xf2, 0x02, //0x00005590 .quad 212292400617608628
	0x08, 0x6a, 0xc3, 0x25, 0x70, 0x0b, 0xe5, 0xfe, //0x00005598 .quad -79644842111309304
	0x90, 0x65, 0x94, 0x2c, 0x42, 0x62, 0xd7, 0x01, //0x000055a0 .quad 132682750386005392
	0x45, 0x22, 0x9a, 0x17, 0x26, 0x27, 0x4f, 0x9f, //0x000055a8 .quad -6967307053960650171
	0xf5, 0x7e, 0xb9, 0xb7, 0xd2, 0x3a, 0x4d, 0x42, //0x000055b0 .quad 4777539456409894645
	0xd6, 0xaa, 0x80, 0x9d, 0xef, 0xf0, 0x22, 0xc7, //0x000055b8 .quad -4097447799023424810
	0xb2, 0xde, 0xa7, 0x65, 0x87, 0x89, 0xe0, 0xd2, //0x000055c0 .quad -3251447716342407502
	0x8b, 0xd5, 0xe0, 0x84, 0x2b, 0xad, 0xeb, 0xf8, //0x000055c8 .quad -510123730351893109
	0x2f, 0xeb, 0x88, 0x9f, 0xf4, 0x55, 0xcc, 0x63, //0x000055d0 .quad 7191217214140771119
	0x77, 0x85, 0x0c, 0x33, 0x3b, 0x4c, 0x93, 0x9b, //0x000055d8 .quad -7236356359111015049
	0xfb, 0x25, 0x6b, 0xc7, 0x71, 0x6b, 0xbf, 0x3c, //0x000055e0 .quad 4377335499248575995
	0xd5, 0xa6, 0xcf, 0xff, 0x49, 0x1f, 0x78, 0xc2, //0x000055e8 .quad -4433759430461380907
	0x7a, 0xef, 0x45, 0x39, 0x4e, 0x46, 0xef, 0x8b, //0x000055f0 .quad -8363388681221443718
	0x8a, 0x90, 0xc3, 0x7f, 0x1c, 0x27, 0x16, 0xf3, //0x000055f8 .quad -930513269649338230
	0xac, 0xb5, 0xcb, 0xe3, 0xf0, 0x8b, 0x75, 0x97, //0x00005600 .quad -7532960934977096276
	0x56, 0x3a, 0xda, 0xcf, 0x71, 0xd8, 0xed, 0x97, //0x00005608 .quad -7499099821171918250
	0x17, 0xa3, 0xbe, 0x1c, 0xed, 0xee, 0x52, 0x3d, //0x00005610 .quad 4418856886560793367
	0xec, 0xc8, 0xd0, 0x43, 0x8e, 0x4e, 0xe9, 0xbd, //0x00005618 .quad -4762188758037509908
	0xdd, 0x4b, 0xee, 0x63, 0xa8, 0xaa, 0xa7, 0x4c, //0x00005620 .quad 5523571108200991709
	0x27, 0xfb, 0xc4, 0xd4, 0x31, 0xa2, 0x63, 0xed, //0x00005628 .quad -1341049929119499481
	0x6a, 0xef, 0x74, 0x3e, 0xa9, 0xca, 0xe8, 0x8f, //0x00005630 .quad -8076983103442849942
	0xf8, 0x1c, 0xfb, 0x24, 0x5f, 0x45, 0x5e, 0x94, //0x00005638 .quad -7755685233340769032
	0x44, 0x2b, 0x12, 0x8e, 0x53, 0xfd, 0xe2, 0xb3, //0x00005640 .quad -5484542860876174524
	0x36, 0xe4, 0x39, 0xee, 0xb6, 0xd6, 0x75, 0xb9, //0x00005648 .quad -5082920523248573386
	0x16, 0xb6, 0x96, 0x71, 0xa8, 0xbc, 0xdb, 0x60, //0x00005650 .quad 6979379479186945558
	0x44, 0x5d, 0xc8, 0xa9, 0x64, 0x4c, 0xd3, 0xe7, //0x00005658 .quad -1741964635633328828
	0xcd, 0x31, 0xfe, 0x46, 0xe9, 0x55, 0x89, 0xbc, //0x00005660 .quad -4861259862362934835
	0x4a, 0x3a, 0x1d, 0xea, 0xbe, 0x0f, 0xe4, 0x90, //0x00005668 .quad -8006256924911912374
	0x41, 0xbe, 0xbd, 0x98, 0x63, 0xab, 0xab, 0x6b, //0x00005670 .quad 7758483227328495169
	0xdd, 0x88, 0xa4, 0xa4, 0xae, 0x13, 0x1d, 0xb5, //0x00005678 .quad -5396135137712502563
	0xd1, 0x2d, 0xed, 0x7e, 0x3c, 0x96, 0x96, 0xc6, //0x00005680 .quad -4136954021121544751
	0x14, 0xab, 0xcd, 0x4d, 0x9a, 0x58, 0x64, 0xe2, //0x00005688 .quad -2133482903713240300
	0xa2, 0x3c, 0x54, 0xcf, 0xe5, 0x1d, 0x1e, 0xfc, //0x00005690 .quad -279753253987271518
	0xec, 0x8a, 0xa0, 0x70, 0x60, 0xb7, 0x7e, 0x8d, //0x00005698 .quad -8250955842461857044
	0xcb, 0x4b, 0x29, 0x43, 0x5f, 0xa5, 0x25, 0x3b, //0x000056a0 .quad 4261994450943298507
	0xa8, 0xad, 0xc8, 0x8c, 0x38, 0x65, 0xde, 0xb0, //0x000056a8 .quad -5702008784649933400
	0xbe, 0x9e, 0xf3, 0x13, 0xb7, 0x0e, 0xef, 0x49, //0x000056b0 .quad 5327493063679123134
	0x12, 0xd9, 0xfa, 0xaf, 0x86, 0xfe, 0x15, 0xdd, //0x000056b8 .quad -2515824962385028846
	0x37, 0x43, 0x78, 0x6c, 0x32, 0x69, 0x35, 0x6e, //0x000056c0 .quad 7941369183226839863
	0xab, 0xc7, 0xfc, 0x2d, 0x14, 0xbf, 0x2d, 0x8a, //0x000056c8 .quad -8489919629131724885
	0x04, 0x54, 0x96, 0x07, 0x7f, 0xc3, 0xc2, 0x49, //0x000056d0 .quad 5315025460606161924
	0x96, 0xf9, 0x7b, 0x39, 0xd9, 0x2e, 0xb9, 0xac, //0x000056d8 .quad -6000713517987268202
	0x06, 0xe9, 0x7b, 0xc9, 0x5e, 0x74, 0x33, 0xdc, //0x000056e0 .quad -2579590211097073402
	0xfb, 0xf7, 0xda, 0x87, 0x8f, 0x7a, 0xe7, 0xd7, //0x000056e8 .quad -2889205879056697349
	0xa3, 0x71, 0xed, 0x3d, 0xbb, 0x28, 0xa0, 0x69, //0x000056f0 .quad 7611128154919104931
	0xfd, 0xda, 0xe8, 0xb4, 0x99, 0xac, 0xf0, 0x86, //0x000056f8 .quad -8723282702051517699
	0x0c, 0xce, 0x68, 0x0d, 0xea, 0x32, 0x08, 0xc4, //0x00005700 .quad -4321147861633282548
	0xbc, 0x11, 0x23, 0x22, 0xc0, 0xd7, 0xac, 0xa8, //0x00005708 .quad -6292417359137009220
	0x90, 0x01, 0xc3, 0x90, 0xa4, 0x3f, 0x0a, 0xf5, //0x00005710 .quad -789748808614215280
	0x2b, 0xd6, 0xab, 0x2a, 0xb0, 0x0d, 0xd8, 0xd2, //0x00005718 .quad -3253835680493873621
	0xfa, 0xe0, 0x79, 0xda, 0xc6, 0x67, 0x26, 0x79, //0x00005720 .quad 8729779031470891258
	0xdb, 0x65, 0xab, 0x1a, 0x8e, 0x08, 0xc7, 0x83, //0x00005728 .quad -8951176327949752869
	0x38, 0x59, 0x18, 0x91, 0xb8, 0x01, 0x70, 0x57, //0x00005730 .quad 6300537770911226168
	0x52, 0x3f, 0x56, 0xa1, 0xb1, 0xca, 0xb8, 0xa4, //0x00005738 .quad -6577284391509803182
	0x86, 0x6f, 0x5e, 0xb5, 0x26, 0x02, 0x4c, 0xed, //0x00005740 .quad -1347699823215743098
	0x26, 0xcf, 0xab, 0x09, 0x5e, 0xfd, 0xe6, 0xcd, //0x00005748 .quad -3609919470959866074
	0xb4, 0x05, 0x5b, 0x31, 0x58, 0x81, 0x4f, 0x54, //0x00005750 .quad 6075216638131242420
	0x78, 0x61, 0x0b, 0xc6, 0x5a, 0x5e, 0xb0, 0x80, //0x00005758 .quad -9173728696990998152
	0x21, 0xc7, 0xb1, 0x3d, 0xae, 0x61, 0x63, 0x69, //0x00005760 .quad 7594020797664053025
	0xd6, 0x39, 0x8e, 0x77, 0xf1, 0x75, 0xdc, 0xa0, //0x00005768 .quad -6855474852811359786
	0xe9, 0x38, 0x1e, 0xcd, 0x19, 0x3a, 0xbc, 0x03, //0x00005770 .quad 269153960225290473
	0x4c, 0xc8, 0x71, 0xd5, 0x6d, 0x93, 0x13, 0xc9, //0x00005778 .quad -3957657547586811828
	0x23, 0xc7, 0x65, 0x40, 0xa0, 0x48, 0xab, 0x04, //0x00005780 .quad 336442450281613091
	0x5f, 0x3a, 0xce, 0x4a, 0x49, 0x78, 0x58, 0xfb, //0x00005788 .quad -335385916056126881
	0x76, 0x9c, 0x3f, 0x28, 0x64, 0x0d, 0xeb, 0x62, //0x00005790 .quad 7127805559067090038
	0x7b, 0xe4, 0xc0, 0xce, 0x2d, 0x4b, 0x17, 0x9d, //0x00005798 .quad -7127145225176161157
	0x94, 0x83, 0x4f, 0x32, 0xbd, 0xd0, 0xa5, 0x3b, //0x000057a0 .quad 4298070930406474644
	0x9a, 0x1d, 0x71, 0x42, 0xf9, 0x1d, 0x5d, 0xc4, //0x000057a8 .quad -4297245513042813542
	0x79, 0x64, 0xe3, 0x7e, 0xec, 0x44, 0x8f, 0xca, //0x000057b0 .quad -3850783373846682503
	0x00, 0x65, 0x0d, 0x93, 0x77, 0x65, 0x74, 0xf5, //0x000057b8 .quad -759870872876129024
	0xcb, 0x1e, 0x4e, 0xcf, 0x13, 0x8b, 0x99, 0x7e, //0x000057c0 .quad 9122475437414293195
	0x20, 0x5f, 0xe8, 0xbb, 0x6a, 0xbf, 0x68, 0x99, //0x000057c8 .quad -7392448323188662496
	0x7e, 0xa6, 0x21, 0xc3, 0xd8, 0xed, 0x3f, 0x9e, //0x000057d0 .quad -7043649776941685122
	0xe8, 0x76, 0xe2, 0x6a, 0x45, 0xef, 0xc2, 0xbf, //0x000057d8 .quad -4628874385558440216
	0x1e, 0x10, 0xea, 0xf3, 0x4e, 0xe9, 0xcf, 0xc5, //0x000057e0 .quad -4192876202749718498
	0xa2, 0x14, 0x9b, 0xc5, 0x16, 0xab, 0xb3, 0xef, //0x000057e8 .quad -1174406963520662366
	0x12, 0x4a, 0x72, 0x58, 0xd1, 0xf1, 0xa1, 0xbb, //0x000057f0 .quad -4926390635932268014
	0xe5, 0xec, 0x80, 0x3b, 0xee, 0x4a, 0xd0, 0x95, //0x000057f8 .quad -7651533379841495835
	0x97, 0xdc, 0x8e, 0xae, 0x45, 0x6e, 0x8a, 0x2a, //0x00005800 .quad 3065383741939440791
	0x1f, 0x28, 0x61, 0xca, 0xa9, 0x5d, 0x44, 0xbb, //0x00005808 .quad -4952730706374481889
	0xbd, 0x93, 0x32, 0x1a, 0xd7, 0x09, 0x2d, 0xf5, //0x00005810 .quad -779956341003086915
	0x26, 0x72, 0xf9, 0x3c, 0x14, 0x75, 0x15, 0xea, //0x00005818 .quad -1579227364540714458
	0x56, 0x9c, 0x5f, 0x70, 0x26, 0x26, 0x3c, 0x59, //0x00005820 .quad 6430056314514152534
	0x58, 0xe7, 0x1b, 0xa6, 0x2c, 0x69, 0x4d, 0x92, //0x00005828 .quad -7904546130479028392
	0x6c, 0x83, 0x77, 0x0c, 0xb0, 0x2f, 0x8b, 0x6f, //0x00005830 .quad 8037570393142690668
	0x2e, 0xe1, 0xa2, 0xcf, 0x77, 0xc3, 0xe0, 0xb6, //0x00005838 .quad -5268996644671397586
	0x47, 0x64, 0x95, 0x0f, 0x9c, 0xfb, 0x6d, 0x0b, //0x00005840 .quad 823590954573587527
	0x7a, 0x99, 0x8b, 0xc3, 0x55, 0xf4, 0x98, 0xe4, //0x00005848 .quad -1974559787411859078
	0xac, 0x5e, 0xbd, 0x89, 0x41, 0xbd, 0x24, 0x47, //0x00005850 .quad 5126430365035880108
	0xec, 0x3f, 0x37, 0x9a, 0xb5, 0x98, 0xdf, 0x8e, //0x00005858 .quad -8151628894773493780
	0x57, 0xb6, 0x2c, 0xec, 0x91, 0xec, 0xed, 0x58, //0x00005860 .quad 6408037956294850135
	0xe7, 0x0f, 0xc5, 0x00, 0xe3, 0x7e, 0x97, 0xb2, //0x00005868 .quad -5577850100039479321
	0xed, 0xe3, 0x37, 0x67, 0xb6, 0x67, 0x29, 0x2f, //0x00005870 .quad 3398361426941174765
	0xe1, 0x53, 0xf6, 0xc0, 0x9b, 0x5e, 0x3d, 0xdf, //0x00005878 .quad -2360626606621961247
	0x74, 0xee, 0x82, 0x00, 0xd2, 0xe0, 0x79, 0xbd, //0x00005880 .quad -4793553135802847628
	0x6c, 0xf4, 0x99, 0x58, 0x21, 0x5b, 0x86, 0x8b, //0x00005888 .quad -8392920656779807636
	0x11, 0xaa, 0xa3, 0x80, 0x06, 0x59, 0xd8, 0xec, //0x00005890 .quad -1380255401326171631
	0x87, 0x71, 0xc0, 0xae, 0xe9, 0xf1, 0x67, 0xae, //0x00005898 .quad -5879464802547371641
	0x95, 0x94, 0xcc, 0x20, 0x48, 0x6f, 0x0e, 0xe8, //0x000058a0 .quad -1725319251657714539
	0xe9, 0x8d, 0x70, 0x1a, 0x64, 0xee, 0x01, 0xda, //0x000058a8 .quad -2737644984756826647
	0xdd, 0xdc, 0x7f, 0x14, 0x8d, 0x05, 0x09, 0x31, //0x000058b0 .quad 3533361486141316317
	0xb2, 0x58, 0x86, 0x90, 0xfe, 0x34, 0x41, 0x88, //0x000058b8 .quad -8628557143114098510
	0x15, 0xd4, 0x9f, 0x59, 0xf0, 0x46, 0x4b, 0xbd, //0x000058c0 .quad -4806670179178130411
	0xde, 0xee, 0xa7, 0x34, 0x3e, 0x82, 0x51, 0xaa, //0x000058c8 .quad -6174010410465235234
	0x1a, 0xc9, 0x07, 0x70, 0xac, 0x18, 0x9e, 0x6c, //0x000058d0 .quad 7826720331309500698
	0x96, 0xea, 0xd1, 0xc1, 0xcd, 0xe2, 0xe5, 0xd4, //0x000058d8 .quad -3105826994654156138
	0xb0, 0xdd, 0x04, 0xc6, 0x6b, 0xcf, 0xe2, 0x03, //0x000058e0 .quad 280014188641050032
	0x9e, 0x32, 0x23, 0x99, 0xc0, 0xad, 0x0f, 0x85, //0x000058e8 .quad -8858670899299929442
	0x1c, 0x15, 0x86, 0xb7, 0x46, 0x83, 0xdb, 0x84, //0x000058f0 .quad -8873354301053463268
	0x45, 0xff, 0x6b, 0xbf, 0x30, 0x99, 0x53, 0xa6, //0x000058f8 .quad -6461652605697523899
	0x63, 0x9a, 0x67, 0x65, 0x18, 0x64, 0x12, 0xe6, //0x00005900 .quad -1868320839462053277
	0x16, 0xff, 0x46, 0xef, 0x7c, 0x7f, 0xe8, 0xcf, //0x00005908 .quad -3465379738694516970
	0x7e, 0xc0, 0x60, 0x3f, 0x8f, 0x7e, 0xcb, 0x4f, //0x00005910 .quad 5749828502977298558
	0x6e, 0x5f, 0x8c, 0x15, 0xae, 0x4f, 0xf1, 0x81, //0x00005918 .quad -9083391364325154962
	0x9d, 0xf0, 0x38, 0x0f, 0x33, 0x5e, 0xbe, 0xe3, //0x00005920 .quad -2036086408133152611
	0x49, 0x77, 0xef, 0x9a, 0x99, 0xa3, 0x6d, 0xa2, //0x00005928 .quad -6742553186979055799
	0xc5, 0x2c, 0x07, 0xd3, 0xbf, 0xf5, 0xad, 0x5c, //0x00005930 .quad 6678264026688335045
	0x1c, 0x55, 0xab, 0x01, 0x80, 0x0c, 0x09, 0xcb, //0x00005938 .quad -3816505465296431844
	0xf6, 0xf7, 0xc8, 0xc7, 0x2f, 0x73, 0xd9, 0x73, //0x00005940 .quad 8347830033360418806
	0x63, 0x2a, 0x16, 0x02, 0xa0, 0x4f, 0xcb, 0xfd, //0x00005948 .quad -158945813193151901
	0xfa, 0x9a, 0xdd, 0xdc, 0xfd, 0xe7, 0x67, 0x28, //0x00005950 .quad 2911550761636567802
	0x7e, 0xda, 0x4d, 0x01, 0xc4, 0x11, 0x9f, 0x9e, //0x00005958 .quad -7016870160886801794
	0xb8, 0x01, 0x15, 0x54, 0xfd, 0xe1, 0x81, 0xb2, //0x00005960 .quad -5583933584809066056
	0x1d, 0x51, 0xa1, 0x01, 0x35, 0xd6, 0x46, 0xc6, //0x00005968 .quad -4159401682681114339
	0x26, 0x42, 0x1a, 0xa9, 0x7c, 0x5a, 0x22, 0x1f, //0x00005970 .quad 2243455055843443238
	0x65, 0xa5, 0x09, 0x42, 0xc2, 0x8b, 0xd8, 0xf7, //0x00005978 .quad -587566084924005019
	0x58, 0x69, 0xb0, 0xe9, 0x8d, 0x78, 0x75, 0x33, //0x00005980 .quad 3708002419115845976
	0x5f, 0x07, 0x46, 0x69, 0x59, 0x57, 0xe7, 0x9a, //0x00005988 .quad -7284757830718584993
	0xae, 0x83, 0x1c, 0x64, 0xb1, 0xd6, 0x52, 0x00, //0x00005990 .quad 23317005467419566
	0x37, 0x89, 0x97, 0xc3, 0x2f, 0x2d, 0xa1, 0xc1, //0x00005998 .quad -4494261269970843337
	0x9a, 0xa4, 0x23, 0xbd, 0x5d, 0x8c, 0x67, 0xc0, //0x000059a0 .quad -4582539761593113446
	0x84, 0x6b, 0x7d, 0xb4, 0x7b, 0x78, 0x09, 0xf2, //0x000059a8 .quad -1006140569036166268
	0xe0, 0x46, 0x36, 0x96, 0xba, 0xb7, 0x40, 0xf8, //0x000059b0 .quad -558244341782001952
	0x32, 0x63, 0xce, 0x50, 0x4d, 0xeb, 0x45, 0x97, //0x000059b8 .quad -7546366883288685774
	0x98, 0xd8, 0xc3, 0x3b, 0xa9, 0xe5, 0x50, 0xb6, //0x000059c0 .quad -5309491445654890344
	0xff, 0xfb, 0x01, 0xa5, 0x20, 0x66, 0x17, 0xbd, //0x000059c8 .quad -4821272585683469313
	0xbe, 0xce, 0xb4, 0x8a, 0x13, 0x1f, 0xe5, 0xa3, //0x000059d0 .quad -6636864307068612930
	0xff, 0x7a, 0x42, 0xce, 0xa8, 0x3f, 0x5d, 0xec, //0x000059d8 .quad -1414904713676948737
	0x37, 0x01, 0xb1, 0x36, 0x6c, 0x33, 0x6f, 0xc6, //0x000059e0 .quad -4148040191917883081
	0xdf, 0x8c, 0xe9, 0x80, 0xc9, 0x47, 0xba, 0x93, //0x000059e8 .quad -7801844473689174817
	0x84, 0x41, 0x5d, 0x44, 0x47, 0x00, 0x0b, 0xb8, //0x000059f0 .quad -5185050239897353852
	0x17, 0xf0, 0x23, 0xe1, 0xbb, 0xd9, 0xa8, 0xb8, //0x000059f8 .quad -5140619573684080617
	0xe5, 0x91, 0x74, 0x15, 0x59, 0xc0, 0x0d, 0xa6, //0x00005a00 .quad -6481312799871692315
	0x1d, 0xec, 0x6c, 0xd9, 0x2a, 0x10, 0xd3, 0xe6, //0x00005a08 .quad -1814088448677712867
	0x2f, 0xdb, 0x68, 0xad, 0x37, 0x98, 0xc8, 0x87, //0x00005a10 .quad -8662506518347195601
	0x92, 0x13, 0xe4, 0xc7, 0x1a, 0xea, 0x43, 0x90, //0x00005a18 .quad -8051334308064652398
	0xfb, 0x11, 0xc3, 0x98, 0x45, 0xbe, 0xba, 0x29, //0x00005a20 .quad 3006924907348169211
	0x77, 0x18, 0xdd, 0x79, 0xa1, 0xe4, 0x54, 0xb4, //0x00005a28 .quad -5452481866653427593
	0x7a, 0xd6, 0xf3, 0xfe, 0xd6, 0x6d, 0x29, 0xf4, //0x00005a30 .quad -853029884242176390
	0x94, 0x5e, 0x54, 0xd8, 0xc9, 0x1d, 0x6a, 0xe1, //0x00005a38 .quad -2203916314889396588
	0x0c, 0x66, 0x58, 0x5f, 0xa6, 0xe4, 0x99, 0x18, //0x00005a40 .quad 1772699331562333708
	0x1d, 0xbb, 0x34, 0x27, 0x9e, 0x52, 0xe2, 0x8c, //0x00005a48 .quad -8294976724446954723
	0x8f, 0x7f, 0x2e, 0xf7, 0xcf, 0x5d, 0xc0, 0x5e, //0x00005a50 .quad 6827560182880305039
	0xe4, 0xe9, 0x01, 0xb1, 0x45, 0xe7, 0x1a, 0xb0, //0x00005a58 .quad -5757034887131305500
	0x73, 0x1f, 0xfa, 0xf4, 0x43, 0x75, 0x70, 0x76, //0x00005a60 .quad 8534450228600381299
	0x5d, 0x64, 0x42, 0x1d, 0x17, 0xa1, 0x21, 0xdc, //0x00005a68 .quad -2584607590486743971
	0xa8, 0x53, 0x1c, 0x79, 0x4a, 0x49, 0x06, 0x6a, //0x00005a70 .quad 7639874402088932264
	0xba, 0x7e, 0x49, 0x72, 0xae, 0x04, 0x95, 0x89, //0x00005a78 .quad -8532908771695296838
	0x92, 0x68, 0x63, 0x17, 0x9d, 0xdb, 0x87, 0x04, //0x00005a80 .quad 326470965756389522
	0x69, 0xde, 0xdb, 0x0e, 0xda, 0x45, 0xfa, 0xab, //0x00005a88 .quad -6054449946191733143
	0xb6, 0x42, 0x3c, 0x5d, 0x84, 0xd2, 0xa9, 0x45, //0x00005a90 .quad 5019774725622874806
	0x03, 0xd6, 0x92, 0x92, 0x50, 0xd7, 0xf8, 0xd6, //0x00005a98 .quad -2956376414312278525
	0xb2, 0xa9, 0x45, 0xba, 0x92, 0x23, 0x8a, 0x0b, //0x00005aa0 .quad 831516194300602802
	0xc2, 0xc5, 0x9b, 0x5b, 0x92, 0x86, 0x5b, 0x86, //0x00005aa8 .quad -8765264286586255934
	0x1e, 0x14, 0xd7, 0x68, 0x77, 0xac, 0x6c, 0x8e, //0x00005ab0 .quad -8183976793979022306
	0x32, 0xb7, 0x82, 0xf2, 0x36, 0x68, 0xf2, 0xa7, //0x00005ab8 .quad -6344894339805432014
	0x26, 0xd9, 0x0c, 0x43, 0x95, 0xd7, 0x07, 0x32, //0x00005ac0 .quad 3605087062808385830
	0xff, 0x64, 0x23, 0xaf, 0x44, 0x02, 0xef, 0xd1, //0x00005ac8 .quad -3319431906329402113
	0xb8, 0x07, 0xe8, 0x49, 0xbd, 0xe6, 0x44, 0x7f, //0x00005ad0 .quad 9170708441896323000
	0x1f, 0x1f, 0x76, 0xed, 0x6a, 0x61, 0x35, 0x83, //0x00005ad8 .quad -8992173969096958177
	0xa6, 0x09, 0x62, 0x9c, 0x6c, 0x20, 0x16, 0x5f, //0x00005ae0 .quad 6851699533943015846
	0xe7, 0xa6, 0xd3, 0xa8, 0xc5, 0xb9, 0x02, 0xa4, //0x00005ae8 .quad -6628531442943809817
	0x0f, 0x8c, 0x7a, 0xc3, 0x87, 0xa8, 0xdb, 0x36, //0x00005af0 .quad 3952938399001381903
	0xa1, 0x90, 0x08, 0x13, 0x37, 0x68, 0x03, 0xcd, //0x00005af8 .quad -3673978285252374367
	0x89, 0x97, 0x2c, 0xda, 0x54, 0x49, 0x49, 0xc2, //0x00005b00 .quad -4446942528265218167
	0x64, 0x5a, 0xe5, 0x6b, 0x22, 0x21, 0x22, 0x80, //0x00005b08 .quad -9213765455923815836
	0x6c, 0xbd, 0xb7, 0x10, 0xaa, 0x9b, 0xdb, 0xf2, //0x00005b10 .quad -946992141904134804
	0xfd, 0xb0, 0xde, 0x06, 0x6b, 0xa9, 0x2a, 0xa0, //0x00005b18 .quad -6905520801477381891
	0xc7, 0xac, 0xe5, 0x94, 0x94, 0x82, 0x92, 0x6f, //0x00005b20 .quad 8039631859474607303
	0x3d, 0x5d, 0x96, 0xc8, 0xc5, 0x53, 0x35, 0xc8, //0x00005b28 .quad -4020214983419339459
	0xf9, 0x17, 0x1f, 0xba, 0x39, 0x23, 0x77, 0xcb, //0x00005b30 .quad -3785518230938904583
	0x8c, 0xf4, 0xbb, 0x3a, 0xb7, 0xa8, 0x42, 0xfa, //0x00005b38 .quad -413582710846786420
	0xfb, 0x6e, 0x53, 0x14, 0x04, 0x76, 0x2a, 0xff, //0x00005b40 .quad -60105885123121413
	0xd7, 0x78, 0xb5, 0x84, 0x72, 0xa9, 0x69, 0x9c, //0x00005b48 .quad -7176018221920323369
	0xba, 0x4a, 0x68, 0x19, 0x85, 0x13, 0xf5, 0xfe, //0x00005b50 .quad -75132356403901766
	0x0d, 0xd7, 0xe2, 0x25, 0xcf, 0x13, 0x84, 0xc3, //0x00005b58 .quad -4358336758973016307
	0x69, 0x5d, 0xc2, 0x5f, 0x66, 0x58, 0xb2, 0x7e, //0x00005b60 .quad 9129456591349898601
	0xd1, 0x8c, 0x5b, 0xef, 0xc2, 0x18, 0x65, 0xf4, //0x00005b68 .quad -836234930288882479
	0x61, 0x7a, 0xd9, 0xfb, 0x3f, 0x77, 0x2f, 0xef, //0x00005b70 .quad -1211618658047395231
	0x02, 0x38, 0x99, 0xd5, 0x79, 0x2f, 0xbf, 0x98, //0x00005b78 .quad -7440175859071633406
	0xfa, 0xd8, 0xcf, 0xfa, 0x0f, 0x55, 0xfb, 0xaa, //0x00005b80 .quad -6126209340986631942
	0x03, 0x86, 0xff, 0x4a, 0x58, 0xfb, 0xee, 0xbe, //0x00005b88 .quad -4688533805412153853
	0x38, 0xcf, 0x83, 0xf9, 0x53, 0x2a, 0xba, 0x95, //0x00005b90 .quad -7657761676233289928
	0x84, 0x67, 0xbf, 0x5d, 0x2e, 0xba, 0xaa, 0xee, //0x00005b98 .quad -1248981238337804412
	0x83, 0x61, 0xf2, 0x7b, 0x74, 0x5a, 0x94, 0xdd, //0x00005ba0 .quad -2480258038432112253
	0xb2, 0xa0, 0x97, 0xfa, 0x5c, 0xb4, 0x2a, 0x95, //0x00005ba8 .quad -7698142301602209614
	0xe4, 0xf9, 0xee, 0x9a, 0x11, 0x71, 0xf9, 0x94, //0x00005bb0 .quad -7712008566467528220
	0xdf, 0x88, 0x3d, 0x39, 0x74, 0x61, 0x75, 0xba, //0x00005bb8 .quad -5010991858575374113
	0x5d, 0xb8, 0xaa, 0x01, 0x56, 0xcd, 0x37, 0x7a, //0x00005bc0 .quad 8806733365625141341
	0x17, 0xeb, 0x8c, 0x47, 0xd1, 0xb9, 0x12, 0xe9, //0x00005bc8 .quad -1652053804791829737
	0x3a, 0xb3, 0x0a, 0xc1, 0x55, 0xe0, 0x62, 0xac, //0x00005bd0 .quad -6025006692552756422
	0xee, 0x12, 0xb8, 0xcc, 0x22, 0xb4, 0xab, 0x91, //0x00005bd8 .quad -7950062655635975442
	0x09, 0x60, 0x4d, 0x31, 0x6b, 0x98, 0x7b, 0x57, //0x00005be0 .quad 6303799689591218185
	0xaa, 0x17, 0xe6, 0x7f, 0x2b, 0xa1, 0x16, 0xb6, //0x00005be8 .quad -5325892301117581398
	0x0b, 0xb8, 0xa0, 0xfd, 0x85, 0x7e, 0x5a, 0xed, //0x00005bf0 .quad -1343622424865753077
	0x94, 0x9d, 0xdf, 0x5f, 0x76, 0x49, 0x9c, 0xe3, //0x00005bf8 .quad -2045679357969588844
	0x07, 0x73, 0x84, 0xbe, 0x13, 0x8f, 0x58, 0x14, //0x00005c00 .quad 1466078993672598279
	0x7d, 0xc2, 0xeb, 0xfb, 0xe9, 0xad, 0x41, 0x8e, //0x00005c08 .quad -8196078626372074883
	0xc8, 0x8f, 0x25, 0xae, 0xd8, 0xb2, 0x6e, 0x59, //0x00005c10 .quad 6444284760518135752
	0x1c, 0xb3, 0xe6, 0x7a, 0x64, 0x19, 0xd2, 0xb1, //0x00005c18 .quad -5633412264537705700
	0xbb, 0xf3, 0xae, 0xd9, 0x8e, 0x5f, 0xca, 0x6f, //0x00005c20 .quad 8055355950647669691
	0xe3, 0x5f, 0xa0, 0x99, 0xbd, 0x9f, 0x46, 0xde, //0x00005c28 .quad -2430079312244744221
	0x54, 0x58, 0x0d, 0x48, 0xb9, 0x7b, 0xde, 0x25, //0x00005c30 .quad 2728754459941099604
	0xee, 0x3b, 0x04, 0x80, 0xd6, 0x23, 0xec, 0x8a, //0x00005c38 .quad -8436328597794046994
	0x6a, 0xae, 0x10, 0x9a, 0xa7, 0x1a, 0x56, 0xaf, //0x00005c40 .quad -5812428961928401302
	0xe9, 0x4a, 0x05, 0x20, 0xcc, 0x2c, 0xa7, 0xad, //0x00005c48 .quad -5933724728815170839
	0x04, 0xda, 0x94, 0x80, 0x51, 0xa1, 0x2b, 0x1b, //0x00005c50 .quad 1957835834444274180
	0xa4, 0x9d, 0x06, 0x28, 0xff, 0xf7, 0x10, 0xd9, //0x00005c58 .quad -2805469892591575644
	0x42, 0x08, 0x5d, 0xf0, 0xd2, 0x44, 0xfb, 0x90, //0x00005c60 .quad -7999724640327104446
	0x86, 0x22, 0x04, 0x79, 0xff, 0x9a, 0xaa, 0x87, //0x00005c68 .quad -8670947710510816634
	0x53, 0x4a, 0x74, 0xac, 0x07, 0x16, 0x3a, 0x35, //0x00005c70 .quad 3835402254873283155
	0x28, 0x2b, 0x45, 0x57, 0xbf, 0x41, 0x95, 0xa9, //0x00005c78 .quad -6226998619711132888
	0xe8, 0x5c, 0x91, 0x97, 0x89, 0x9b, 0x88, 0x42, //0x00005c80 .quad 4794252818591603944
	0xf2, 0x75, 0x16, 0x2d, 0x2f, 0x92, 0xfa, 0xd3, //0x00005c88 .quad -3172062256211528206
	0x11, 0xda, 0xba, 0xfe, 0x35, 0x61, 0x95, 0x69, //0x00005c90 .quad 7608094030047140369
	0xb7, 0x09, 0x2e, 0x7c, 0x5d, 0x9b, 0x7c, 0x84, //0x00005c98 .quad -8900067937773286985
	0x95, 0x90, 0x69, 0x7e, 0x83, 0xb9, 0xfa, 0x43, //0x00005ca0 .quad 4898431519131537557
	0x25, 0x8c, 0x39, 0xdb, 0x34, 0xc2, 0x9b, 0xa5, //0x00005ca8 .quad -6513398903789220827
	0xbb, 0xf4, 0x03, 0x5e, 0xe4, 0x67, 0xf9, 0x94, //0x00005cb0 .quad -7712018656367741765
	0x2e, 0xef, 0x07, 0x12, 0xc2, 0xb2, 0x02, 0xcf, //0x00005cb8 .quad -3530062611309138130
	0xf5, 0x78, 0xc2, 0xba, 0xee, 0xe0, 0x1b, 0x1d, //0x00005cc0 .quad 2097517367411243253
	0x7d, 0xf5, 0x44, 0x4b, 0xb9, 0xaf, 0x61, 0x81, //0x00005cc8 .quad -9123818159709293187
	0x32, 0x17, 0x73, 0x69, 0x2a, 0xd9, 0x62, 0x64, //0x00005cd0 .quad 7233582727691441970
	0xdc, 0x32, 0x16, 0x9e, 0xa7, 0x1b, 0xba, 0xa1, //0x00005cd8 .quad -6793086681209228580
	0xfe, 0xdc, 0xcf, 0x03, 0x75, 0x8f, 0x7b, 0x7d, //0x00005ce0 .quad 9041978409614302462
	0x93, 0xbf, 0x9b, 0x85, 0x91, 0xa2, 0x28, 0xca, //0x00005ce8 .quad -3879672333084147821
	0x3e, 0xd4, 0xc3, 0x44, 0x52, 0x73, 0xda, 0x5c, //0x00005cf0 .quad 6690786993590490174
	0x78, 0xaf, 0x02, 0xe7, 0x35, 0xcb, 0xb2, 0xfc, //0x00005cf8 .quad -237904397927796872
	0xa7, 0x64, 0xfa, 0x6a, 0x13, 0x88, 0x08, 0x3a, //0x00005d00 .quad 4181741870994056359
	0xab, 0xad, 0x61, 0xb0, 0x01, 0xbf, 0xef, 0x9d, //0x00005d08 .quad -7066219276345954901
	0xd0, 0xfd, 0xb8, 0x45, 0x18, 0xaa, 0x8a, 0x08, //0x00005d10 .quad 615491320315182544
	0x16, 0x19, 0x7a, 0x1c, 0xc2, 0xae, 0x6b, 0xc5, //0x00005d18 .quad -4221088077005055722
	0x45, 0x3d, 0x27, 0x57, 0x9e, 0x54, 0xad, 0x8a, //0x00005d20 .quad -8454007886460797627
	0x5b, 0x9f, 0x98, 0xa3, 0x72, 0x9a, 0xc6, 0xf6, //0x00005d28 .quad -664674077828931749
	0x4b, 0x86, 0x78, 0xf6, 0xe2, 0x54, 0xac, 0x36, //0x00005d30 .quad 3939617107816777291
	0x99, 0x63, 0x3f, 0xa6, 0x87, 0x20, 0x3c, 0x9a, //0x00005d38 .quad -7332950326284164199
	0xdd, 0xa7, 0x16, 0xb4, 0x1b, 0x6a, 0x57, 0x84, //0x00005d40 .quad -8910536670511192099
	0x7f, 0x3c, 0xcf, 0x8f, 0xa9, 0x28, 0xcb, 0xc0, //0x00005d48 .quad -4554501889427817345
	0xd5, 0x51, 0x1c, 0xa1, 0xa2, 0x44, 0x6d, 0x65, //0x00005d50 .quad 7308573235570561493
	0x9f, 0x0b, 0xc3, 0xf3, 0xd3, 0xf2, 0xfd, 0xf0, //0x00005d58 .quad -1081441343357383777
	0x25, 0xb3, 0xb1, 0xa4, 0xe5, 0x4a, 0x64, 0x9f, //0x00005d60 .quad -6961356773836868827
	0x43, 0xe7, 0x59, 0x78, 0xc4, 0xb7, 0x9e, 0x96, //0x00005d68 .quad -7593429867239446717
	0xee, 0x1f, 0xde, 0x0d, 0x9f, 0x5d, 0x3d, 0x87, //0x00005d70 .quad -8701695967296086034
	0x14, 0x61, 0x70, 0x96, 0xb5, 0x65, 0x46, 0xbc, //0x00005d78 .quad -4880101315621920492
	0xea, 0xa7, 0x55, 0xd1, 0x06, 0xb5, 0x0c, 0xa9, //0x00005d80 .quad -6265433940692719638
	0x59, 0x79, 0x0c, 0xfc, 0x22, 0xff, 0x57, 0xeb, //0x00005d88 .quad -1488440626100012711
	0xf2, 0x88, 0xd5, 0x42, 0x24, 0xf1, 0xa7, 0x09, //0x00005d90 .quad 695789805494438130
	0xd8, 0xcb, 0x87, 0xdd, 0x75, 0xff, 0x16, 0x93, //0x00005d98 .quad -7847804418953589800
	0x2f, 0xeb, 0x8a, 0x53, 0x6d, 0xed, 0x11, 0x0c, //0x00005da0 .quad 869737256868047663
	0xce, 0xbe, 0xe9, 0x54, 0x53, 0xbf, 0xdc, 0xb7, //0x00005da8 .quad -5198069505264599346
	0xfa, 0xa5, 0x6d, 0xa8, 0xc8, 0x68, 0x16, 0x8f, //0x00005db0 .quad -8136200465769716230
	0x81, 0x2e, 0x24, 0x2a, 0x28, 0xef, 0xd3, 0xe5, //0x00005db8 .quad -1885900863153361279
	0xbc, 0x87, 0x44, 0x69, 0x7d, 0x01, 0x6e, 0xf9, //0x00005dc0 .quad -473439272678684740
	0x10, 0x9d, 0x56, 0x1a, 0x79, 0x75, 0xa4, 0x8f, //0x00005dc8 .quad -8096217067111932656
	0xac, 0xa9, 0x95, 0xc3, 0xdc, 0x81, 0xc9, 0x37, //0x00005dd0 .quad 4019886927579031980
	0x55, 0x44, 0xec, 0x60, 0xd7, 0x92, 0x8d, 0xb3, //0x00005dd8 .quad -5508585315462527915
	0x17, 0x14, 0x7b, 0xf4, 0x53, 0xe2, 0xbb, 0x85, //0x00005de0 .quad -8810199395808373737
	0x6a, 0x55, 0x27, 0x39, 0x8d, 0xf7, 0x70, 0xe0, //0x00005de8 .quad -2274045625900771990
	0x8e, 0xec, 0xcc, 0x78, 0x74, 0x6d, 0x95, 0x93, //0x00005df0 .quad -7812217631593927538
	0x62, 0x95, 0xb8, 0x43, 0xb8, 0x9a, 0x46, 0x8c, //0x00005df8 .quad -8338807543829064350
	0xb2, 0x27, 0x00, 0x97, 0xd1, 0xc8, 0x7a, 0x38, //0x00005e00 .quad 4069786015789754290
	0xbb, 0xba, 0xa6, 0x54, 0x66, 0x41, 0x58, 0xaf, //0x00005e08 .quad -5811823411358942533
	0x9e, 0x31, 0xc0, 0xfc, 0x05, 0x7b, 0x99, 0x06, //0x00005e10 .quad 475546501309804958
	0x6a, 0x69, 0xd0, 0xe9, 0xbf, 0x51, 0x2e, 0xdb, //0x00005e18 .quad -2653093245771290262
	0x03, 0x1f, 0xf8, 0xbd, 0xe3, 0xec, 0x1f, 0x44, //0x00005e20 .quad 4908902581746016003
	0xe2, 0x41, 0x22, 0xf2, 0x17, 0xf3, 0xfc, 0x88, //0x00005e28 .quad -8575712306248138270
	0xc3, 0x26, 0x76, 0xad, 0x1c, 0xe8, 0x27, 0xd5, //0x00005e30 .quad -3087243809672255805
	0x5a, 0xd2, 0xaa, 0xee, 0xdd, 0x2f, 0x3c, 0xab, //0x00005e38 .quad -6107954364382784934
	0x74, 0xb0, 0xd3, 0xd8, 0x23, 0xe2, 0x71, 0x8a, //0x00005e40 .quad -8470740780517707660
	0xf1, 0x86, 0x55, 0x6a, 0xd5, 0x3b, 0x0b, 0xd6, //0x00005e48 .quad -3023256937051093263
	0x49, 0x4e, 0x84, 0x67, 0x56, 0x2d, 0x87, 0xf6, //0x00005e50 .quad -682526969396179383
	0x56, 0x74, 0x75, 0x62, 0x65, 0x05, 0xc7, 0x85, //0x00005e58 .quad -8807064613298015146
	0xdb, 0x61, 0x65, 0x01, 0xac, 0xf8, 0x28, 0xb4, //0x00005e60 .quad -5464844730172612133
	0x6c, 0xd1, 0x12, 0xbb, 0xbe, 0xc6, 0x38, 0xa7, //0x00005e68 .quad -6397144748195131028
	0x52, 0xba, 0xbe, 0x01, 0xd7, 0x36, 0x33, 0xe1, //0x00005e70 .quad -2219369894288377262
	0xc7, 0x85, 0xd7, 0x69, 0x6e, 0xf8, 0x06, 0xd1, //0x00005e78 .quad -3384744916816525881
	0x73, 0x34, 0x17, 0x61, 0x46, 0x02, 0xc0, 0xec, //0x00005e80 .quad -1387106183930235789
	0x9c, 0xb3, 0x26, 0x02, 0x45, 0x5b, 0xa4, 0x82, //0x00005e88 .quad -9032994600651410532
	0x90, 0x01, 0x5d, 0xf9, 0xd7, 0x02, 0xf0, 0x27, //0x00005e90 .quad 2877803288514593168
	0x84, 0x60, 0xb0, 0x42, 0x16, 0x72, 0x4d, 0xa3, //0x00005e98 .quad -6679557232386875260
	0xf4, 0x41, 0xb4, 0xf7, 0x8d, 0x03, 0xec, 0x31, //0x00005ea0 .quad 3597254110643241460
	0xa5, 0x78, 0x5c, 0xd3, 0x9b, 0xce, 0x20, 0xcc, //0x00005ea8 .quad -3737760522056206171
	0x71, 0x52, 0xa1, 0x75, 0x71, 0x04, 0x67, 0x7e, //0x00005eb0 .quad 9108253656731439729
	0xce, 0x96, 0x33, 0xc8, 0x42, 0x02, 0x29, 0xff, //0x00005eb8 .quad -60514634142869810
	0x86, 0xd3, 0x84, 0xe9, 0xc6, 0x62, 0x00, 0x0f, //0x00005ec0 .quad 1080972517029761926
	0x41, 0x3e, 0x20, 0xbd, 0x69, 0xa1, 0x79, 0x9f, //0x00005ec8 .quad -6955350673980375487
	0x68, 0x08, 0xe6, 0xa3, 0x78, 0x7b, 0xc0, 0x52, //0x00005ed0 .quad 5962901664714590312
	0xd1, 0x4d, 0x68, 0x2c, 0xc4, 0x09, 0x58, 0xc7, //0x00005ed8 .quad -4082502324048081455
	0x82, 0x8a, 0xdf, 0xcc, 0x56, 0x9a, 0x70, 0xa7, //0x00005ee0 .quad -6381430974388925822
	0x45, 0x61, 0x82, 0x37, 0x35, 0x0c, 0x2e, 0xf9, //0x00005ee8 .quad -491441886632713915
	0x91, 0xb6, 0x0b, 0x40, 0x76, 0x60, 0xa6, 0x88, //0x00005ef0 .quad -8600080377420466543
	0xcb, 0x7c, 0xb1, 0x42, 0xa1, 0xc7, 0xbc, 0x9b, //0x00005ef8 .quad -7224680206786528053
	0x35, 0xa4, 0x0e, 0xd0, 0x93, 0xf8, 0xcf, 0x6a, //0x00005f00 .quad 7696643601933968437
	0xfe, 0xdb, 0x5d, 0x93, 0x89, 0xf9, 0xab, 0xc2, //0x00005f08 .quad -4419164240055772162
	0x43, 0x4d, 0x12, 0xc4, 0xb8, 0xf6, 0x83, 0x05, //0x00005f10 .quad 397432465562684739
	0xfe, 0x52, 0x35, 0xf8, 0xeb, 0xf7, 0x56, 0xf3, //0x00005f18 .quad -912269281642327298
	0x4a, 0x70, 0x8b, 0x7a, 0x33, 0x7a, 0x72, 0xc3, //0x00005f20 .quad -4363290727450709942
	0xde, 0x53, 0x21, 0x7b, 0xf3, 0x5a, 0x16, 0x98, //0x00005f28 .quad -7487697328667536418
	0x5c, 0x4c, 0x2e, 0x59, 0xc0, 0x18, 0x4f, 0x74, //0x00005f30 .quad 8380944645968776284
	0xd6, 0xa8, 0xe9, 0x59, 0xb0, 0xf1, 0x1b, 0xbe, //0x00005f38 .quad -4747935642407032618
	0x73, 0xdf, 0x79, 0x6f, 0xf0, 0xde, 0x62, 0x11, //0x00005f40 .quad 1252808770606194547
	0x0c, 0x13, 0x64, 0x70, 0x1c, 0xee, 0xa2, 0xed, //0x00005f48 .quad -1323233534581402868
	0xa8, 0x2b, 0xac, 0x45, 0x56, 0xcb, 0xdd, 0x8a, //0x00005f50 .quad -8440366555225904216
	0xe7, 0x8b, 0x3e, 0xc6, 0xd1, 0xd4, 0x85, 0x94, //0x00005f58 .quad -7744549986754458649
	0x92, 0x36, 0x17, 0xd7, 0x2b, 0x3e, 0x95, 0x6d, //0x00005f60 .quad 7896285879677171346
	0xe1, 0x2e, 0xce, 0x37, 0x06, 0x4a, 0xa7, 0xb9, //0x00005f68 .quad -5069001465015685407
	0x37, 0x04, 0xdd, 0xcc, 0xb6, 0x8d, 0xfa, 0xc8, //0x00005f70 .quad -3964700705685699529
	0x99, 0xba, 0xc1, 0xc5, 0x87, 0x1c, 0x11, 0xe8, //0x00005f78 .quad -1724565812842218855
	0xa2, 0x22, 0x0a, 0x40, 0x92, 0x98, 0x9c, 0x1d, //0x00005f80 .quad 2133748077373825698
	0xa0, 0x14, 0x99, 0xdb, 0xd4, 0xb1, 0x0a, 0x91, //0x00005f88 .quad -7995382660667468640
	0x4b, 0xab, 0x0c, 0xd0, 0xb6, 0xbe, 0x03, 0x25, //0x00005f90 .quad 2667185096717282123
	0xc8, 0x59, 0x7f, 0x12, 0x4a, 0x5e, 0x4d, 0xb5, //0x00005f98 .quad -5382542307406947896
	0x1d, 0xd6, 0x0f, 0x84, 0x64, 0xae, 0x44, 0x2e, //0x00005fa0 .quad 3333981370896602653
	0x3a, 0x30, 0x1f, 0x97, 0xdc, 0xb5, 0xa0, 0xe2, //0x00005fa8 .quad -2116491865831296966
	0xd2, 0xe5, 0x89, 0xd2, 0xfe, 0xec, 0xea, 0x5c, //0x00005fb0 .quad 6695424375237764562
	0x24, 0x7e, 0x73, 0xde, 0xa9, 0x71, 0xa4, 0x8d, //0x00005fb8 .quad -8240336443785642460
	0x47, 0x5f, 0x2c, 0x87, 0x3e, 0xa8, 0x25, 0x74, //0x00005fc0 .quad 8369280469047205703
	0xad, 0x5d, 0x10, 0x56, 0x14, 0x8e, 0x0d, 0xb1, //0x00005fc8 .quad -5688734536304665171
	0x19, 0x77, 0xf7, 0x28, 0x4e, 0x12, 0x2f, 0xd1, //0x00005fd0 .quad -3373457468973156583
	0x18, 0x75, 0x94, 0x6b, 0x99, 0xf1, 0x50, 0xdd, //0x00005fd8 .quad -2499232151953443560
	0x6f, 0xaa, 0x9a, 0xd9, 0x70, 0x6b, 0xbd, 0x82, //0x00005fe0 .quad -9025939945749304721
	0x2f, 0xc9, 0x3c, 0xe3, 0xff, 0x96, 0x52, 0x8a, //0x00005fe8 .quad -8479549122611984081
	0x0b, 0x55, 0x01, 0x10, 0x4d, 0xc6, 0x6c, 0x63, //0x00005ff0 .quad 7164319141522920715
	0x7b, 0xfb, 0x0b, 0xdc, 0xbf, 0x3c, 0xe7, 0xac, //0x00005ff8 .quad -5987750384837592197
	0x4e, 0xaa, 0x01, 0x54, 0xe0, 0xf7, 0x47, 0x3c, //0x00006000 .quad 4343712908476262990
	0x5a, 0xfa, 0x0e, 0xd3, 0xef, 0x0b, 0x21, 0xd8, //0x00006008 .quad -2873001962619602342
	0x71, 0x0a, 0x81, 0x34, 0xec, 0xfa, 0xac, 0x65, //0x00006010 .quad 7326506586225052273
	0x78, 0x5c, 0xe9, 0xe3, 0x75, 0xa7, 0x14, 0x87, //0x00006018 .quad -8713155254278333320
	0x0d, 0x4d, 0xa1, 0x41, 0xa7, 0x39, 0x18, 0x7f, //0x00006020 .quad 9158133232781315341
	0x96, 0xb3, 0xe3, 0x5c, 0x53, 0xd1, 0xd9, 0xa8, //0x00006028 .quad -6279758049420528746
	0x50, 0xa0, 0x09, 0x12, 0x11, 0x48, 0xde, 0x1e, //0x00006030 .quad 2224294504121868368
	0x7c, 0xa0, 0x1c, 0x34, 0xa8, 0x45, 0x10, 0xd3, //0x00006038 .quad -3238011543348273028
	0x32, 0x04, 0x46, 0xab, 0x0a, 0xed, 0x4a, 0x93, //0x00006040 .quad -7833187971778608078
	0x4d, 0xe4, 0x91, 0x20, 0x89, 0x2b, 0xea, 0x83, //0x00006048 .quad -8941286242233752499
	0x3f, 0x85, 0x17, 0x56, 0x4d, 0xa8, 0x1d, 0xf8, //0x00006050 .quad -568112927868484289
	0x60, 0x5d, 0xb6, 0x68, 0x6b, 0xb6, 0xe4, 0xa4, //0x00006058 .quad -6564921784364802720
	0x8e, 0x66, 0x9d, 0xab, 0x60, 0x12, 0x25, 0x36, //0x00006060 .quad 3901544858591782542
	0xb9, 0xf4, 0xe3, 0x42, 0x06, 0xe4, 0x1d, 0xce, //0x00006068 .quad -3594466212028615495
	0x19, 0x60, 0x42, 0x6b, 0x7c, 0x2b, 0xd7, 0xc1, //0x00006070 .quad -4479063491021217767
	0xf3, 0x78, 0xce, 0xe9, 0x83, 0xae, 0xd2, 0x80, //0x00006078 .quad -9164070410158966541
	0x1f, 0xf8, 0x12, 0x86, 0x5b, 0xf6, 0x4c, 0xb2, //0x00006080 .quad -5598829363776522209
	0x30, 0x17, 0x42, 0xe4, 0x24, 0x5a, 0x07, 0xa1, //0x00006088 .quad -6843401994271320272
	0x27, 0xb6, 0x97, 0x67, 0xf2, 0x33, 0xe0, 0xde, //0x00006090 .quad -2386850686293264857
	0xfc, 0x9c, 0x52, 0x1d, 0xae, 0x30, 0x49, 0xc9, //0x00006098 .quad -3942566474411762436
	0xb1, 0xa3, 0x7d, 0x01, 0xef, 0x40, 0x98, 0x16, //0x000060a0 .quad 1628122660560806833
	0x3c, 0x44, 0xa7, 0xa4, 0xd9, 0x7c, 0x9b, 0xfb, //0x000060a8 .quad -316522074587315140
	0x4e, 0x86, 0xee, 0x60, 0x95, 0x28, 0x1f, 0x8e, //0x000060b0 .quad -8205795374004271538
	0xa5, 0x8a, 0xe8, 0x06, 0x08, 0x2e, 0x41, 0x9d, //0x000060b8 .quad -7115355324258153819
	0xe2, 0x27, 0x2a, 0xb9, 0xba, 0xf2, 0xa6, 0xf1, //0x000060c0 .quad -1033872180650563614
	0x4e, 0xad, 0xa2, 0x08, 0x8a, 0x79, 0x91, 0xc4, //0x000060c8 .quad -4282508136895304370
	0xdb, 0xb1, 0x74, 0x67, 0x69, 0xaf, 0x10, 0xae, //0x000060d0 .quad -5904026244240592421
	0xa2, 0x58, 0xcb, 0x8a, 0xec, 0xd7, 0xb5, 0xf5, //0x000060d8 .quad -741449152691742558
	0x29, 0xef, 0xa8, 0xe0, 0xa1, 0x6d, 0xca, 0xac, //0x000060e0 .quad -5995859411864064215
	0x65, 0x17, 0xbf, 0xd6, 0xf3, 0xa6, 0x91, 0x99, //0x000060e8 .quad -7380934748073420955
	0xf3, 0x2a, 0xd3, 0x58, 0x0a, 0x09, 0xfd, 0x17, //0x000060f0 .quad 1728547772024695539
	0x3f, 0xdd, 0x6e, 0xcc, 0xb0, 0x10, 0xf6, 0xbf, //0x000060f8 .quad -4614482416664388289
	0xb0, 0xf5, 0x07, 0xef, 0x4c, 0x4b, 0xfc, 0xdd, //0x00006100 .quad -2451001303396518480
	0x8e, 0x94, 0x8a, 0xff, 0xdc, 0x94, 0xf3, 0xef, //0x00006108 .quad -1156417002403097458
	0x8e, 0xf9, 0x64, 0x15, 0x10, 0xaf, 0xbd, 0x4a, //0x00006110 .quad 5385653213018257806
	0xd9, 0x9c, 0xb6, 0x1f, 0x0a, 0x3d, 0xf8, 0x95, //0x00006118 .quad -7640289654143017767
	0xf1, 0x37, 0xbe, 0x1a, 0xd4, 0x1a, 0x6d, 0x9d, //0x00006120 .quad -7102991539009341455
	0x0f, 0x44, 0xa4, 0xa7, 0x4c, 0x4c, 0x76, 0xbb, //0x00006128 .quad -4938676049251384305
	0xed, 0xc5, 0x6d, 0x21, 0x89, 0x61, 0xc8, 0x84, //0x00006130 .quad -8878739423761676819
	0x13, 0x55, 0x8d, 0xd1, 0x5f, 0xdf, 0x53, 0xea, //0x00006138 .quad -1561659043136842477
	0xb4, 0x9b, 0xe4, 0xb4, 0xf5, 0x3c, 0xfd, 0x32, //0x00006140 .quad 3674159897003727796
	0x2c, 0x55, 0xf8, 0xe2, 0x9b, 0x6b, 0x74, 0x92, //0x00006148 .quad -7893565929601608404
	0xa1, 0xc2, 0x1d, 0x22, 0x33, 0x8c, 0xbc, 0x3f, //0x00006150 .quad 4592699871254659745
	0x77, 0x6a, 0xb6, 0xdb, 0x82, 0x86, 0x11, 0xb7, //0x00006158 .quad -5255271393574622601
	0x4a, 0x33, 0xa5, 0xea, 0x3f, 0xaf, 0xab, 0x0f, //0x00006160 .quad 1129188820640936778
	0x15, 0x05, 0xa4, 0x92, 0x23, 0xe8, 0xd5, 0xe4, //0x00006168 .quad -1957403223540890347
	0x0e, 0x40, 0xa7, 0xf2, 0x87, 0x4d, 0xcb, 0x29, //0x00006170 .quad 3011586022114279438
	0x2d, 0x83, 0xa6, 0x3b, 0x16, 0xb1, 0x05, 0x8f, //0x00006178 .quad -8140906042354138323
	0x12, 0x10, 0x51, 0xef, 0xe9, 0x20, 0x3e, 0x74, //0x00006180 .quad 8376168546070237202
	0xf8, 0x23, 0x90, 0xca, 0x5b, 0x1d, 0xc7, 0xb2, //0x00006188 .quad -5564446534515285000
	0x16, 0x54, 0x25, 0x6b, 0x24, 0xa9, 0x4d, 0x91, //0x00006190 .quad -7976533391121755114
	0xf6, 0x2c, 0x34, 0xbd, 0xb2, 0xe4, 0x78, 0xdf, //0x00006198 .quad -2343872149716718346
	0x8e, 0x54, 0xf7, 0xc2, 0xb6, 0x89, 0xd0, 0x1a, //0x000061a0 .quad 1932195658189984910
	0x1a, 0x9c, 0x40, 0xb6, 0xef, 0x8e, 0xab, 0x8b, //0x000061a8 .quad -8382449121214030822
	0xb1, 0x29, 0xb5, 0x73, 0x24, 0xac, 0x84, 0xa1, //0x000061b0 .quad -6808127464117294671
	0x20, 0xc3, 0xd0, 0xa3, 0xab, 0x72, 0x96, 0xae, //0x000061b8 .quad -5866375383090150624
	0x1e, 0x74, 0xa2, 0x90, 0x2d, 0xd7, 0xe5, 0xc9, //0x000061c0 .quad -3898473311719230434
	0xe8, 0xf3, 0xc4, 0x8c, 0x56, 0x0f, 0x3c, 0xda, //0x000061c8 .quad -2721283210435300376
	0x92, 0x88, 0x65, 0x7a, 0x7c, 0xa6, 0x2f, 0x7e, //0x000061d0 .quad 9092669226243950738
	0x71, 0x18, 0xfb, 0x17, 0x96, 0x89, 0x65, 0x88, //0x000061d8 .quad -8618331034163144591
	0xb7, 0xea, 0xfe, 0x98, 0x1b, 0x90, 0xbb, 0xdd, //0x000061e0 .quad -2469221522477225289
	0x8d, 0xde, 0xf9, 0x9d, 0xfb, 0xeb, 0x7e, 0xaa, //0x000061e8 .quad -6161227774276542835
	0x65, 0xa5, 0x3e, 0x7f, 0x22, 0x74, 0x2a, 0x55, //0x000061f0 .quad 6136845133758244197
	0x31, 0x56, 0x78, 0x85, 0xfa, 0xa6, 0x1e, 0xd5, //0x000061f8 .quad -3089848699418290639
	0x5f, 0x27, 0x87, 0x8f, 0x95, 0x88, 0x3a, 0xd5, //0x00006200 .quad -3082000819042179233
	0xde, 0x35, 0x6b, 0x93, 0x5c, 0x28, 0x33, 0x85, //0x00006208 .quad -8848684464777513506
	0x37, 0xf1, 0x68, 0xf3, 0xba, 0x2a, 0x89, 0x8a, //0x00006210 .quad -8464187042230111945
	0x56, 0x03, 0x46, 0xb8, 0x73, 0xf2, 0x7f, 0xa6, //0x00006218 .quad -6449169562544503978
	0x85, 0x2d, 0x43, 0xb0, 0x69, 0x75, 0x2b, 0x2d, //0x00006220 .quad 3254824252494523781
	0x2c, 0x84, 0x57, 0xa6, 0x10, 0xef, 0x1f, 0xd0, //0x00006228 .quad -3449775934753242068
	0x73, 0xfc, 0x29, 0x0e, 0x62, 0x29, 0x3b, 0x9c, //0x00006230 .quad -7189106879045698445
	0x9b, 0xb2, 0xf6, 0x67, 0x6a, 0xf5, 0x13, 0x82, //0x00006238 .quad -9073638986861858149
	0x8f, 0x7b, 0xb4, 0x91, 0xba, 0xf3, 0x49, 0x83, //0x00006240 .quad -8986383598807123057
	0x42, 0x5f, 0xf4, 0x01, 0xc5, 0xf2, 0x98, 0xa2, //0x00006248 .quad -6730362715149934782
	0x73, 0x9a, 0x21, 0x36, 0xa9, 0x70, 0x1c, 0x24, //0x00006250 .quad 2602078556773259891
	0x13, 0x77, 0x71, 0x42, 0x76, 0x2f, 0x3f, 0xcb, //0x00006258 .quad -3801267375510030573
	0x10, 0x01, 0xaa, 0x83, 0xd3, 0x8c, 0x23, 0xed, //0x00006260 .quad -1359087822460813040
	0xd7, 0xd4, 0x0d, 0xd3, 0x53, 0xfb, 0x0e, 0xfe, //0x00006268 .quad -139898200960150313
	0xaa, 0x40, 0x4a, 0x32, 0x04, 0x38, 0x36, 0xf4, //0x00006270 .quad -849429889038008150
	0x06, 0xa5, 0xe8, 0x63, 0x14, 0x5d, 0xc9, 0x9e, //0x00006278 .quad -7004965403241175802
	0xd5, 0xd0, 0xdc, 0x3e, 0x05, 0xc6, 0x43, 0xb1, //0x00006280 .quad -5673473379724898091
	0x48, 0xce, 0xe2, 0x7c, 0x59, 0xb4, 0x7b, 0xc6, //0x00006288 .quad -4144520735624081848
	0x0a, 0x05, 0x94, 0x8e, 0x86, 0xb7, 0x94, 0xdd, //0x00006290 .quad -2480155706228734710
	0xda, 0x81, 0x1b, 0xdc, 0x6f, 0xa1, 0x1a, 0xf8, //0x00006298 .quad -568964901102714406
	0x26, 0x83, 0x1c, 0x19, 0xb4, 0xf2, 0x7c, 0xca, //0x000062a0 .quad -3855940325606653146
	0x28, 0x31, 0x91, 0xe9, 0xe5, 0xa4, 0x10, 0x9b, //0x000062a8 .quad -7273132090830278360
	0xf0, 0xa3, 0x63, 0x1f, 0x61, 0x2f, 0x1c, 0xfd, //0x000062b0 .quad -208239388580928528
	0x72, 0x7d, 0xf5, 0x63, 0x1f, 0xce, 0xd4, 0xc1, //0x000062b8 .quad -4479729095110460046
	0xec, 0x8c, 0x3c, 0x67, 0x39, 0x3b, 0x63, 0xbc, //0x000062c0 .quad -4871985254153548564
	0xcf, 0xdc, 0xf2, 0x3c, 0xa7, 0x01, 0x4a, 0xf2, //0x000062c8 .quad -987975350460687153
	0x13, 0xd8, 0x85, 0xe0, 0x03, 0x05, 0xbe, 0xd5, //0x000062d0 .quad -3044990783845967853
	0x01, 0xca, 0x17, 0x86, 0x08, 0x41, 0x6e, 0x97, //0x000062d8 .quad -7535013621679011327
	0x18, 0x4e, 0xa7, 0xd8, 0x44, 0x86, 0x2d, 0x4b, //0x000062e0 .quad 5417133557047315992
	0x82, 0xbc, 0x9d, 0xa7, 0x4a, 0xd1, 0x49, 0xbd, //0x000062e8 .quad -4807081008671376254
	0x9e, 0x21, 0xd1, 0x0e, 0xd6, 0xe7, 0xf8, 0xdd, //0x000062f0 .quad -2451955090545630818
	0xa2, 0x2b, 0x85, 0x51, 0x9d, 0x45, 0x9c, 0xec, //0x000062f8 .quad -1397165242411832414
	0x03, 0xb5, 0x42, 0xc9, 0xe5, 0x90, 0xbb, 0xca, //0x00006300 .quad -3838314940804713213
	0x45, 0x3b, 0xf3, 0x52, 0x82, 0xab, 0xe1, 0x93, //0x00006308 .quad -7790757304148477115
	0x43, 0x62, 0x93, 0x3b, 0x1f, 0x75, 0x6a, 0x3d, //0x00006310 .quad 4425478360848884291
	0x17, 0x0a, 0xb0, 0xe7, 0x62, 0x16, 0xda, 0xb8, //0x00006318 .quad -5126760611758208489
	0xd4, 0x3a, 0x78, 0x0a, 0x67, 0x12, 0xc5, 0x0c, //0x00006320 .quad 920161932633717460
	0x9d, 0x0c, 0x9c, 0xa1, 0xfb, 0x9b, 0x10, 0xe7, //0x00006328 .quad -1796764746270372707
	0xc5, 0x24, 0x8b, 0x66, 0x80, 0x2b, 0xfb, 0x27, //0x00006330 .quad 2880944217109767365
	0xe2, 0x87, 0x01, 0x45, 0x7d, 0x61, 0x6a, 0x90, //0x00006338 .quad -8040506994060064798
	0xf6, 0xed, 0x2d, 0x80, 0x60, 0xf6, 0xf9, 0xb1, //0x00006340 .quad -5622191765467566602
	0xda, 0xe9, 0x41, 0x96, 0xdc, 0xf9, 0x84, 0xb4, //0x00006348 .quad -5438947724147693094
	0x73, 0x69, 0x39, 0xa0, 0xf8, 0x73, 0x78, 0x5e, //0x00006350 .quad 6807318348447705459
	0x51, 0x64, 0xd2, 0xbb, 0x53, 0x38, 0xa6, 0xe1, //0x00006358 .quad -2186998636757228463
	0xe8, 0xe1, 0x23, 0x64, 0x7b, 0x48, 0x0b, 0xdb, //0x00006360 .quad -2662955059861265944
	0xb2, 0x7e, 0x63, 0x55, 0x34, 0xe3, 0x07, 0x8d, //0x00006368 .quad -8284403175614349646
	0x62, 0xda, 0x2c, 0x3d, 0x9a, 0x1a, 0xce, 0x91, //0x00006370 .quad -7940379843253970334
	0x5f, 0x5e, 0xbc, 0x6a, 0x01, 0xdc, 0x49, 0xb0, //0x00006378 .quad -5743817951090549153
	0xfb, 0x10, 0x78, 0xcc, 0x40, 0xa1, 0x41, 0x76, //0x00006380 .quad 8521269269642088699
	0xf7, 0x75, 0x6b, 0xc5, 0x01, 0x53, 0x5c, 0xdc, //0x00006388 .quad -2568086420435798537
	0x9d, 0x0a, 0xcb, 0x7f, 0xc8, 0x04, 0xe9, 0xa9, //0x00006390 .quad -6203421752542164323
	0xba, 0x29, 0x63, 0x1b, 0xe1, 0xb3, 0xb9, 0x89, //0x00006398 .quad -8522583040413455942
	0x44, 0xcd, 0xbd, 0x9f, 0xfa, 0x45, 0x63, 0x54, //0x000063a0 .quad 6080780864604458308
	0x29, 0xf4, 0x3b, 0x62, 0xd9, 0x20, 0x28, 0xac, //0x000063a8 .quad -6041542782089432023
	0x95, 0x40, 0xad, 0x47, 0x79, 0x17, 0x7c, 0xa9, //0x000063b0 .quad -6234081974526590827
	0x33, 0xf1, 0xca, 0xba, 0x0f, 0x29, 0x32, 0xd7, //0x000063b8 .quad -2940242459184402125
	0x5d, 0x48, 0xcc, 0xcc, 0xab, 0x8e, 0xed, 0x49, //0x000063c0 .quad 5327070802775656541
	0xc0, 0xd6, 0xbe, 0xd4, 0xa9, 0x59, 0x7f, 0x86, //0x000063c8 .quad -8755180564631333184
	0x74, 0x5a, 0xff, 0xbf, 0x56, 0xf2, 0x68, 0x5c, //0x000063d0 .quad 6658838503469570676
	0x70, 0x8c, 0xee, 0x49, 0x14, 0x30, 0x1f, 0xa8, //0x000063d8 .quad -6332289687361778576
	0x11, 0x31, 0xff, 0x6f, 0xec, 0x2e, 0x83, 0x73, //0x000063e0 .quad 8323548129336963345
	0x8c, 0x2f, 0x6a, 0x5c, 0x19, 0xfc, 0x26, 0xd2, //0x000063e8 .quad -3303676090774835316
	0xab, 0x7e, 0xff, 0xc5, 0x53, 0xfd, 0x31, 0xc8, //0x000063f0 .quad -4021154456019173717
	0xb7, 0x5d, 0xc2, 0xd9, 0x8f, 0x5d, 0x58, 0x83, //0x000063f8 .quad -8982326584375353929
	0x55, 0x5e, 0x7f, 0xb7, 0xa8, 0x7c, 0x3e, 0xba, //0x00006400 .quad -5026443070023967147
	0x25, 0xf5, 0x32, 0xd0, 0xf3, 0x74, 0x2e, 0xa4, //0x00006408 .quad -6616222212041804507
	0xeb, 0x35, 0x5f, 0xe5, 0xd2, 0x1b, 0xce, 0x28, //0x00006410 .quad 2940318199324816875
	0x6f, 0xb2, 0x3f, 0xc4, 0x30, 0x12, 0x3a, 0xcd, //0x00006418 .quad -3658591746624867729
	0xb3, 0x81, 0x5b, 0xcf, 0x63, 0xd1, 0x80, 0x79, //0x00006420 .quad 8755227902219092403
	0x85, 0xcf, 0xa7, 0x7a, 0x5e, 0x4b, 0x44, 0x80, //0x00006428 .quad -9204148869281624187
	0x1f, 0x62, 0x32, 0xc3, 0xbc, 0x05, 0xe1, 0xd7, //0x00006430 .quad -2891023177508298209
	0x66, 0xc3, 0x51, 0x19, 0x36, 0x5e, 0x55, 0xa0, //0x00006438 .quad -6893500068174642330
	0xa7, 0xfa, 0xfe, 0xf3, 0x2b, 0x47, 0xd9, 0x8d, //0x00006440 .quad -8225464990312760665
	0x40, 0x34, 0xa6, 0x9f, 0xc3, 0xb5, 0x6a, 0xc8, //0x00006448 .quad -4005189066790915008
	0x51, 0xb9, 0xfe, 0xf0, 0xf6, 0x98, 0x4f, 0xb1, //0x00006450 .quad -5670145219463562927
	0x50, 0xc1, 0x8f, 0x87, 0x34, 0x63, 0x85, 0xfa, //0x00006458 .quad -394800315061255856
	0xd3, 0x33, 0x9f, 0x56, 0x9a, 0xbf, 0xd1, 0x6e, //0x00006460 .quad 7985374283903742931
	0xd2, 0xd8, 0xb9, 0xd4, 0x00, 0x5e, 0x93, 0x9c, //0x00006468 .quad -7164279224554366766
	0xc8, 0x00, 0x47, 0xec, 0x80, 0x2f, 0x86, 0x0a, //0x00006470 .quad 758345818024902856
	0x07, 0x4f, 0xe8, 0x09, 0x81, 0x35, 0xb8, 0xc3, //0x00006478 .quad -4343663012265570553
	0xfa, 0xc0, 0x58, 0x27, 0x61, 0xbb, 0x27, 0xcd, //0x00006480 .quad -3663753745896259334
	0xc8, 0x62, 0x62, 0x4c, 0xe1, 0x42, 0xa6, 0xf4, //0x00006488 .quad -817892746904575288
	0x9c, 0x78, 0x97, 0xb8, 0x1c, 0xd5, 0x38, 0x80, //0x00006490 .quad -9207375118826243940
	0xbd, 0x7d, 0xbd, 0xcf, 0xcc, 0xe9, 0xe7, 0x98, //0x00006498 .quad -7428711994456441411
	0xc3, 0x56, 0xbd, 0xe6, 0x63, 0x0a, 0x47, 0xe0, //0x000064a0 .quad -2285846861678029117
	0x2c, 0xdd, 0xac, 0x03, 0x40, 0xe4, 0x21, 0xbf, //0x000064a8 .quad -4674203974643163860
	0x74, 0xac, 0x6c, 0xe0, 0xfc, 0xcc, 0x58, 0x18, //0x000064b0 .quad 1754377441329851508
	0x78, 0x14, 0x98, 0x04, 0x50, 0x5d, 0xea, 0xee, //0x000064b8 .quad -1231068949876566920
	0xc8, 0xeb, 0x43, 0x0c, 0x1e, 0x80, 0x37, 0x0f, //0x000064c0 .quad 1096485900831157192
	0xcb, 0x0c, 0xdf, 0x02, 0x52, 0x7a, 0x52, 0x95, //0x000064c8 .quad -7686947121313936181
	0xba, 0xe6, 0x54, 0x8f, 0x25, 0x60, 0x05, 0xd3, //0x000064d0 .quad -3241078642388441414
	0xfd, 0xcf, 0x96, 0x83, 0xe6, 0x18, 0xa7, 0xba, //0x000064d8 .quad -4996997883215032323
	0x69, 0x20, 0x2a, 0xf3, 0x2e, 0xb8, 0xc6, 0x47, //0x000064e0 .quad 5172023733869224041
	0xfd, 0x83, 0x7c, 0x24, 0x20, 0xdf, 0x50, 0xe9, //0x000064e8 .quad -1634561335591402499
	0x41, 0x54, 0xfa, 0x57, 0x1d, 0x33, 0xdc, 0x4c, //0x000064f0 .quad 5538357842881958977
	0x7e, 0xd2, 0xcd, 0x16, 0x74, 0x8b, 0xd2, 0x91, //0x000064f8 .quad -7939129862385708418
	0x52, 0xe9, 0xf8, 0xad, 0xe4, 0x3f, 0x13, 0xe0, //0x00006500 .quad -2300424733252327086
	0x1d, 0x47, 0x81, 0x1c, 0x51, 0x2e, 0x47, 0xb6, //0x00006508 .quad -5312226309554747619
	0xa6, 0x23, 0x77, 0xd9, 0xdd, 0x0f, 0x18, 0x58, //0x00006510 .quad 6347841120289366950
	0xe5, 0x98, 0xa1, 0x63, 0xe5, 0xf9, 0xd8, 0xe3, //0x00006518 .quad -2028596868516046619
	0x48, 0x76, 0xea, 0xa7, 0xea, 0x09, 0x0f, 0x57, //0x00006520 .quad 6273243709394548296
	0x8f, 0xff, 0x44, 0x5e, 0x2f, 0x9c, 0x67, 0x8e, //0x00006528 .quad -8185402070463610993
	0xda, 0x13, 0xe5, 0x51, 0x65, 0xcc, 0xd2, 0x2c, //0x00006530 .quad 3229868618315797466
	0x73, 0x3f, 0xd6, 0x35, 0x3b, 0x83, 0x01, 0xb2, //0x00006538 .quad -5620066569652125837
	0xd1, 0x58, 0x5e, 0xa6, 0x7e, 0x7f, 0x07, 0xf8, //0x00006540 .quad -574350245532641071
	0x4f, 0xcf, 0x4b, 0x03, 0x0a, 0xe4, 0x81, 0xde, //0x00006548 .quad -2413397193637769393
	0x82, 0xf7, 0xfa, 0x27, 0xaf, 0xaf, 0x04, 0xfb, //0x00006550 .quad -358968903457900670
	0x91, 0x61, 0x0f, 0x42, 0x86, 0x2e, 0x11, 0x8b, //0x00006558 .quad -8425902273664687727
	0x63, 0xb5, 0xf9, 0xf1, 0x9a, 0xdb, 0xc5, 0x79, //0x00006560 .quad 8774660907532399971
	0xf6, 0x39, 0x93, 0xd2, 0x27, 0x7a, 0xd5, 0xad, //0x00006568 .quad -5920691823653471754
	0xbc, 0x22, 0x78, 0xae, 0x81, 0x52, 0x37, 0x18, //0x00006570 .quad 1744954097560724156
	0x74, 0x08, 0x38, 0xc7, 0xb1, 0xd8, 0x4a, 0xd9, //0x00006578 .quad -2789178761139451788
	0xb5, 0x15, 0x0b, 0x0d, 0x91, 0x93, 0x22, 0x8f, //0x00006580 .quad -8132775725879323211
	0x48, 0x05, 0x83, 0x1c, 0x6f, 0xc7, 0xce, 0x87, //0x00006588 .quad -8660765753353239224
	0x22, 0xdb, 0x4d, 0x50, 0x75, 0x38, 0xeb, 0xb2, //0x00006590 .quad -5554283638921766110
	0x9a, 0xc6, 0xa3, 0xe3, 0x4a, 0x79, 0xc2, 0xa9, //0x00006598 .quad -6214271173264161126
	0xeb, 0x51, 0x61, 0xa4, 0x92, 0x06, 0xa6, 0x5f, //0x000065a0 .quad 6892203506629956075
	0x41, 0xb8, 0x8c, 0x9c, 0x9d, 0x17, 0x33, 0xd4, //0x000065a8 .quad -3156152948152813503
	0x33, 0xd3, 0xbc, 0xa6, 0x1b, 0xc4, 0xc7, 0xdb, //0x000065b0 .quad -2609901835997359309
	0x28, 0xf3, 0xd7, 0x81, 0xc2, 0xee, 0x9f, 0x84, //0x000065b8 .quad -8890124620236590296
	0x00, 0x08, 0x6c, 0x90, 0x22, 0xb5, 0xb9, 0x12, //0x000065c0 .quad 1349308723430688768
	0xf3, 0xef, 0x4d, 0x22, 0x73, 0xea, 0xc7, 0xa5, //0x000065c8 .quad -6500969756868349965
	0x00, 0x0a, 0x87, 0x34, 0x6b, 0x22, 0x68, 0xd7, //0x000065d0 .quad -2925050114139026944
	0xef, 0x6b, 0xe1, 0xea, 0x0f, 0xe5, 0x39, 0xcf, //0x000065d8 .quad -3514526177658049553
	0x40, 0x66, 0xd4, 0x00, 0x83, 0x15, 0xa1, 0xe6, //0x000065e0 .quad -1828156321336891840
	0x75, 0xe3, 0xcc, 0xf2, 0x29, 0x2f, 0x84, 0x81, //0x000065e8 .quad -9114107888677362827
	0xd0, 0x7f, 0x09, 0xc1, 0xe3, 0x5a, 0x49, 0x60, //0x000065f0 .quad 6938176635183661008
	0x53, 0x1c, 0x80, 0x6f, 0xf4, 0x3a, 0xe5, 0xa1, //0x000065f8 .quad -6780948842419315629
	0xc4, 0xdf, 0x4b, 0xb1, 0x9c, 0xb1, 0x5b, 0x38, //0x00006600 .quad 4061034775552188356
	0x68, 0x23, 0x60, 0x8b, 0xb1, 0x89, 0x5e, 0xca, //0x00006608 .quad -3864500034596756632
	0xb5, 0xd7, 0x9e, 0xdd, 0x03, 0x9e, 0x72, 0x46, //0x00006610 .quad 5076293469440235445
	0x42, 0x2c, 0x38, 0xee, 0x1d, 0x2c, 0xf6, 0xfc, //0x00006618 .quad -218939024818557886
	0xd1, 0x46, 0x83, 0x6a, 0xc2, 0xa2, 0x07, 0x6c, //0x00006620 .quad 7784369436827535057
	0xa9, 0x1b, 0xe3, 0xb4, 0x92, 0xdb, 0x19, 0x9e, //0x00006628 .quad -7054365918152680535
	0x85, 0x18, 0x24, 0x05, 0x73, 0x8b, 0x09, 0xc7, //0x00006630 .quad -4104596259247744891
	0x93, 0xe2, 0x1b, 0x62, 0x77, 0x52, 0xa0, 0xc5, //0x00006638 .quad -4206271379263462765
	0xa7, 0x1e, 0x6d, 0xc6, 0x4f, 0xee, 0xcb, 0xb8, //0x00006640 .quad -5130745324059681113
	0x38, 0xdb, 0xa2, 0x3a, 0x15, 0x67, 0x08, 0xf7, //0x00006648 .quad -646153205651940552
	0x28, 0x33, 0x04, 0xdc, 0xf1, 0x74, 0x7f, 0x73, //0x00006650 .quad 8322499218531169064
	0x03, 0xc9, 0xa5, 0x44, 0x6d, 0x40, 0x65, 0x9a, //0x00006658 .quad -7321374781173544701
	0xf2, 0x3f, 0x05, 0x53, 0x2e, 0x52, 0x5f, 0x50, //0x00006660 .quad 5791438004736573426
	0x44, 0x3b, 0xcf, 0x95, 0x88, 0x90, 0xfe, 0xc0, //0x00006668 .quad -4540032458039542972
	0xef, 0x8f, 0xc6, 0xe7, 0xb9, 0x26, 0x77, 0x64, //0x00006670 .quad 7239297505920716783
	0x15, 0x0a, 0x43, 0xbb, 0xaa, 0x34, 0x3e, 0xf1, //0x00006678 .quad -1063354554122040811
	0xf5, 0x19, 0xdc, 0x30, 0x34, 0x78, 0xca, 0x5e, //0x00006680 .quad 6830403950414141941
	0x4d, 0xe6, 0x09, 0xb5, 0xea, 0xe0, 0xc6, 0x96, //0x00006688 .quad -7582125623967357363
	0x72, 0x20, 0x13, 0x3d, 0x41, 0x16, 0x7d, 0xb6, //0x00006690 .quad -5297053117264486286
	0xe0, 0x5f, 0x4c, 0x62, 0x25, 0x99, 0x78, 0xbc, //0x00006698 .quad -4865971011531808800
	0x8f, 0xe8, 0x57, 0x8c, 0xd1, 0x5b, 0x1c, 0xe4, //0x000066a0 .quad -2009630378153219953
	0xd8, 0x77, 0xdf, 0xba, 0x6e, 0xbf, 0x96, 0xeb, //0x000066a8 .quad -1470777745987373096
	0x59, 0xf1, 0xb6, 0xf7, 0x62, 0xb9, 0x91, 0x8e, //0x000066b0 .quad -8173548013986844327
	0xe7, 0xaa, 0xcb, 0x34, 0xa5, 0x37, 0x3e, 0x93, //0x000066b8 .quad -7836765118883190041
	0xb0, 0xad, 0xa4, 0xb5, 0xbb, 0x27, 0x36, 0x72, //0x000066c0 .quad 8229809056225996208
	0xa1, 0x95, 0xfe, 0x81, 0x8e, 0xc5, 0x0d, 0xb8, //0x000066c8 .quad -5184270380176599647
	0x1c, 0xd9, 0x0d, 0xa3, 0xaa, 0xb1, 0xc3, 0xce, //0x000066d0 .quad -3547796734999668452
	0x09, 0x3b, 0x7e, 0x22, 0xf2, 0x36, 0x11, 0xe6, //0x000066d8 .quad -1868651956793361655
	0xb1, 0xa7, 0xe8, 0xa5, 0x0a, 0x4f, 0x3a, 0x21, //0x000066e0 .quad 2394313059052595121
	0xe6, 0xe4, 0x8e, 0x55, 0x57, 0xc2, 0xca, 0x8f, //0x000066e8 .quad -8085436500636932890
	0x9d, 0xd1, 0x62, 0x4f, 0xcd, 0xe2, 0x88, 0xa9, //0x000066f0 .quad -6230480713039031907
	0x1f, 0x9e, 0xf2, 0x2a, 0xed, 0x72, 0xbd, 0xb3, //0x000066f8 .quad -5495109607368778209
	0x05, 0x86, 0x3b, 0xa3, 0x80, 0x1b, 0xeb, 0x93, //0x00006700 .quad -7788100891298789883
	0xa7, 0x45, 0xaf, 0x75, 0xa8, 0xcf, 0xac, 0xe0, //0x00006708 .quad -2257200990783584857
	0xc3, 0x33, 0x05, 0x66, 0x30, 0xf1, 0x72, 0xbc, //0x00006710 .quad -4867563057061743677
	0x88, 0x8b, 0x8d, 0x49, 0xc9, 0x01, 0x6c, 0x8c, //0x00006718 .quad -8328279646880822392
	0xb4, 0x80, 0x86, 0x7f, 0x7c, 0xad, 0x8f, 0xeb, //0x00006720 .quad -1472767802899791692
	0x6a, 0xee, 0xf0, 0x9b, 0x3b, 0x02, 0x87, 0xaf, //0x00006728 .quad -5798663540173640086
	0xe1, 0x20, 0x68, 0x9f, 0xdb, 0x98, 0x73, 0xa6, //0x00006730 .quad -6452645772052127519
	0x05, 0x2a, 0xed, 0x82, 0xca, 0xc2, 0x68, 0xdb, //0x00006738 .quad -2636643406789662203
	0x8c, 0x14, 0xa1, 0x43, 0x89, 0x3f, 0x08, 0x88, //0x00006740 .quad -8644589625959967604
	0x43, 0x3a, 0xd4, 0x91, 0xbe, 0x79, 0x21, 0x89, //0x00006748 .quad -8565431156884620733
	0xb0, 0x59, 0x89, 0x94, 0x6b, 0x4f, 0x0a, 0x6a, //0x00006750 .quad 7641007041259592112
	0xd4, 0x48, 0x49, 0x36, 0x2e, 0xd8, 0x69, 0xab, //0x00006758 .quad -6095102927678388012
	0x1c, 0xb0, 0xab, 0x79, 0x46, 0xe3, 0x8c, 0x84, //0x00006760 .quad -8895485272135061476
	0x09, 0x9b, 0xdb, 0xc3, 0x39, 0x4e, 0x44, 0xd6, //0x00006768 .quad -3007192641170597111
	0x11, 0x4e, 0x0b, 0x0c, 0x0c, 0x0e, 0xd8, 0xf2, //0x00006770 .quad -947992276657025519
	0xe5, 0x40, 0x69, 0x1a, 0xe4, 0xb0, 0xea, 0x85, //0x00006778 .quad -8797024428372705051
	0x95, 0x21, 0x0e, 0x0f, 0x8f, 0x11, 0x8e, 0x6f, //0x00006780 .quad 8038381691033493909
	0x1f, 0x91, 0x03, 0x21, 0x1d, 0x5d, 0x65, 0xa7, //0x00006788 .quad -6384594517038493409
	0xfb, 0xa9, 0xd1, 0xd2, 0xf2, 0x95, 0x71, 0x4b, //0x00006790 .quad 5436291095364479483
	0x67, 0x75, 0x44, 0x69, 0x64, 0xb4, 0x3e, 0xd1, //0x00006798 .quad -3369057127870728857
	0x00, 0x00, 0x00, 0x00, 0x00, 0x00, 0x00, 0x00, 0x00, 0x00, 0x00, 0x00, 0x00, 0x00, 0x00, 0x00, //0x000067a0 QUAD $0x0000000000000000; QUAD $0x0000000000000000  // .space 16, '\x00\x00\x00\x00\x00\x00\x00\x00\x00\x00\x00\x00\x00\x00\x00\x00'
	//0x000067b0 .p2align 4, 0x00
	//0x000067b0 _POW_TAB
	0x01, 0x00, 0x00, 0x00, //0x000067b0 .long 1
	0x03, 0x00, 0x00, 0x00, //0x000067b4 .long 3
	0x06, 0x00, 0x00, 0x00, //0x000067b8 .long 6
	0x09, 0x00, 0x00, 0x00, //0x000067bc .long 9
	0x0d, 0x00, 0x00, 0x00, //0x000067c0 .long 13
	0x10, 0x00, 0x00, 0x00, //0x000067c4 .long 16
	0x13, 0x00, 0x00, 0x00, //0x000067c8 .long 19
	0x17, 0x00, 0x00, 0x00, //0x000067cc .long 23
	0x1a, 0x00, 0x00, 0x00, //0x000067d0 .long 26
	0x00, 0x00, 0x00, 0x00, 0x00, 0x00, 0x00, 0x00, 0x00, 0x00, 0x00, 0x00, //0x000067d4 .p2align 4, 0x00
	//0x000067e0 _LSHIFT_TAB
	0x00, 0x00, 0x00, 0x00, 0x00, 0x00, 0x00, 0x00, 0x00, 0x00, 0x00, 0x00, 0x00, 0x00, 0x00, 0x00, //0x000067e0 QUAD $0x0000000000000000; QUAD $0x0000000000000000  // .space 16, '\x00\x00\x00\x00\x00\x00\x00\x00\x00\x00\x00\x00\x00\x00\x00\x00'
	0x00, 0x00, 0x00, 0x00, 0x00, 0x00, 0x00, 0x00, 0x00, 0x00, 0x00, 0x00, 0x00, 0x00, 0x00, 0x00, //0x000067f0 QUAD $0x0000000000000000; QUAD $0x0000000000000000  // .space 16, '\x00\x00\x00\x00\x00\x00\x00\x00\x00\x00\x00\x00\x00\x00\x00\x00'
	0x00, 0x00, 0x00, 0x00, 0x00, 0x00, 0x00, 0x00, 0x00, 0x00, 0x00, 0x00, 0x00, 0x00, 0x00, 0x00, //0x00006800 QUAD $0x0000000000000000; QUAD $0x0000000000000000  // .space 16, '\x00\x00\x00\x00\x00\x00\x00\x00\x00\x00\x00\x00\x00\x00\x00\x00'
	0x00, 0x00, 0x00, 0x00, 0x00, 0x00, 0x00, 0x00, 0x00, 0x00, 0x00, 0x00, 0x00, 0x00, 0x00, 0x00, //0x00006810 QUAD $0x0000000000000000; QUAD $0x0000000000000000  // .space 16, '\x00\x00\x00\x00\x00\x00\x00\x00\x00\x00\x00\x00\x00\x00\x00\x00'
	0x00, 0x00, 0x00, 0x00, 0x00, 0x00, 0x00, 0x00, 0x00, 0x00, 0x00, 0x00, 0x00, 0x00, 0x00, 0x00, //0x00006820 QUAD $0x0000000000000000; QUAD $0x0000000000000000  // .space 16, '\x00\x00\x00\x00\x00\x00\x00\x00\x00\x00\x00\x00\x00\x00\x00\x00'
	0x00, 0x00, 0x00, 0x00, 0x00, 0x00, 0x00, 0x00, 0x00, 0x00, 0x00, 0x00, 0x00, 0x00, 0x00, 0x00, //0x00006830 QUAD $0x0000000000000000; QUAD $0x0000000000000000  // .space 16, '\x00\x00\x00\x00\x00\x00\x00\x00\x00\x00\x00\x00\x00\x00\x00\x00'
	0x00, 0x00, 0x00, 0x00, 0x00, 0x00, 0x00, 0x00, //0x00006840 QUAD $0x0000000000000000  // .space 8, '\x00\x00\x00\x00\x00\x00\x00\x00'
	0x01, 0x00, 0x00, 0x00, //0x00006848 .long 1
	0x35, 0x00, 0x00, 0x00, 0x00, 0x00, 0x00, 0x00, 0x00, 0x00, 0x00, 0x00, 0x00, 0x00, 0x00, 0x00, //0x0000684c QUAD $0x0000000000000035; QUAD $0x0000000000000000  // .asciz 16, '5\x00\x00\x00\x00\x00\x00\x00\x00\x00\x00\x00\x00\x00\x00\x00'
	0x00, 0x00, 0x00, 0x00, 0x00, 0x00, 0x00, 0x00, 0x00, 0x00, 0x00, 0x00, 0x00, 0x00, 0x00, 0x00, //0x0000685c QUAD $0x0000000000000000; QUAD $0x0000000000000000  // .asciz 16, '\x00\x00\x00\x00\x00\x00\x00\x00\x00\x00\x00\x00\x00\x00\x00\x00'
	0x00, 0x00, 0x00, 0x00, 0x00, 0x00, 0x00, 0x00, 0x00, 0x00, 0x00, 0x00, 0x00, 0x00, 0x00, 0x00, //0x0000686c QUAD $0x0000000000000000; QUAD $0x0000000000000000  // .asciz 16, '\x00\x00\x00\x00\x00\x00\x00\x00\x00\x00\x00\x00\x00\x00\x00\x00'
	0x00, 0x00, 0x00, 0x00, 0x00, 0x00, 0x00, 0x00, 0x00, 0x00, 0x00, 0x00, 0x00, 0x00, 0x00, 0x00, //0x0000687c QUAD $0x0000000000000000; QUAD $0x0000000000000000  // .asciz 16, '\x00\x00\x00\x00\x00\x00\x00\x00\x00\x00\x00\x00\x00\x00\x00\x00'
	0x00, 0x00, 0x00, 0x00, 0x00, 0x00, 0x00, 0x00, 0x00, 0x00, 0x00, 0x00, 0x00, 0x00, 0x00, 0x00, //0x0000688c QUAD $0x0000000000000000; QUAD $0x0000000000000000  // .asciz 16, '\x00\x00\x00\x00\x00\x00\x00\x00\x00\x00\x00\x00\x00\x00\x00\x00'
	0x00, 0x00, 0x00, 0x00, 0x00, 0x00, 0x00, 0x00, 0x00, 0x00, 0x00, 0x00, 0x00, 0x00, 0x00, 0x00, //0x0000689c QUAD $0x0000000000000000; QUAD $0x0000000000000000  // .asciz 16, '\x00\x00\x00\x00\x00\x00\x00\x00\x00\x00\x00\x00\x00\x00\x00\x00'
	0x00, 0x00, 0x00, 0x00, //0x000068ac LONG $0x00000000  // .asciz 4, '\x00\x00\x00\x00'
	0x01, 0x00, 0x00, 0x00, //0x000068b0 .long 1
	0x32, 0x35, 0x00, 0x00, 0x00, 0x00, 0x00, 0x00, 0x00, 0x00, 0x00, 0x00, 0x00, 0x00, 0x00, 0x00, //0x000068b4 QUAD $0x0000000000003532; QUAD $0x0000000000000000  // .asciz 16, '25\x00\x00\x00\x00\x00\x00\x00\x00\x00\x00\x00\x00\x00\x00'
	0x00, 0x00, 0x00, 0x00, 0x00, 0x00, 0x00, 0x00, 0x00, 0x00, 0x00, 0x00, 0x00, 0x00, 0x00, 0x00, //0x000068c4 QUAD $0x0000000000000000; QUAD $0x0000000000000000  // .asciz 16, '\x00\x00\x00\x00\x00\x00\x00\x00\x00\x00\x00\x00\x00\x00\x00\x00'
	0x00, 0x00, 0x00, 0x00, 0x00, 0x00, 0x00, 0x00, 0x00, 0x00, 0x00, 0x00, 0x00, 0x00, 0x00, 0x00, //0x000068d4 QUAD $0x0000000000000000; QUAD $0x0000000000000000  // .asciz 16, '\x00\x00\x00\x00\x00\x00\x00\x00\x00\x00\x00\x00\x00\x00\x00\x00'
	0x00, 0x00, 0x00, 0x00, 0x00, 0x00, 0x00, 0x00, 0x00, 0x00, 0x00, 0x00, 0x00, 0x00, 0x00, 0x00, //0x000068e4 QUAD $0x0000000000000000; QUAD $0x0000000000000000  // .asciz 16, '\x00\x00\x00\x00\x00\x00\x00\x00\x00\x00\x00\x00\x00\x00\x00\x00'
	0x00, 0x00, 0x00, 0x00, 0x00, 0x00, 0x00, 0x00, 0x00, 0x00, 0x00, 0x00, 0x00, 0x00, 0x00, 0x00, //0x000068f4 QUAD $0x0000000000000000; QUAD $0x0000000000000000  // .asciz 16, '\x00\x00\x00\x00\x00\x00\x00\x00\x00\x00\x00\x00\x00\x00\x00\x00'
	0x00, 0x00, 0x00, 0x00, 0x00, 0x00, 0x00, 0x00, 0x00, 0x00, 0x00, 0x00, 0x00, 0x00, 0x00, 0x00, //0x00006904 QUAD $0x0000000000000000; QUAD $0x0000000000000000  // .asciz 16, '\x00\x00\x00\x00\x00\x00\x00\x00\x00\x00\x00\x00\x00\x00\x00\x00'
	0x00, 0x00, 0x00, 0x00, //0x00006914 LONG $0x00000000  // .asciz 4, '\x00\x00\x00\x00'
	0x01, 0x00, 0x00, 0x00, //0x00006918 .long 1
	0x31, 0x32, 0x35, 0x00, 0x00, 0x00, 0x00, 0x00, 0x00, 0x00, 0x00, 0x00, 0x00, 0x00, 0x00, 0x00, //0x0000691c QUAD $0x0000000000353231; QUAD $0x0000000000000000  // .asciz 16, '125\x00\x00\x00\x00\x00\x00\x00\x00\x00\x00\x00\x00\x00'
	0x00, 0x00, 0x00, 0x00, 0x00, 0x00, 0x00, 0x00, 0x00, 0x00, 0x00, 0x00, 0x00, 0x00, 0x00, 0x00, //0x0000692c QUAD $0x0000000000000000; QUAD $0x0000000000000000  // .asciz 16, '\x00\x00\x00\x00\x00\x00\x00\x00\x00\x00\x00\x00\x00\x00\x00\x00'
	0x00, 0x00, 0x00, 0x00, 0x00, 0x00, 0x00, 0x00, 0x00, 0x00, 0x00, 0x00, 0x00, 0x00, 0x00, 0x00, //0x0000693c QUAD $0x0000000000000000; QUAD $0x0000000000000000  // .asciz 16, '\x00\x00\x00\x00\x00\x00\x00\x00\x00\x00\x00\x00\x00\x00\x00\x00'
	0x00, 0x00, 0x00, 0x00, 0x00, 0x00, 0x00, 0x00, 0x00, 0x00, 0x00, 0x00, 0x00, 0x00, 0x00, 0x00, //0x0000694c QUAD $0x0000000000000000; QUAD $0x0000000000000000  // .asciz 16, '\x00\x00\x00\x00\x00\x00\x00\x00\x00\x00\x00\x00\x00\x00\x00\x00'
	0x00, 0x00, 0x00, 0x00, 0x00, 0x00, 0x00, 0x00, 0x00, 0x00, 0x00, 0x00, 0x00, 0x00, 0x00, 0x00, //0x0000695c QUAD $0x0000000000000000; QUAD $0x0000000000000000  // .asciz 16, '\x00\x00\x00\x00\x00\x00\x00\x00\x00\x00\x00\x00\x00\x00\x00\x00'
	0x00, 0x00, 0x00, 0x00, 0x00, 0x00, 0x00, 0x00, 0x00, 0x00, 0x00, 0x00, 0x00, 0x00, 0x00, 0x00, //0x0000696c QUAD $0x0000000000000000; QUAD $0x0000000000000000  // .asciz 16, '\x00\x00\x00\x00\x00\x00\x00\x00\x00\x00\x00\x00\x00\x00\x00\x00'
	0x00, 0x00, 0x00, 0x00, //0x0000697c LONG $0x00000000  // .asciz 4, '\x00\x00\x00\x00'
	0x02, 0x00, 0x00, 0x00, //0x00006980 .long 2
	0x36, 0x32, 0x35, 0x00, 0x00, 0x00, 0x00, 0x00, 0x00, 0x00, 0x00, 0x00, 0x00, 0x00, 0x00, 0x00, //0x00006984 QUAD $0x0000000000353236; QUAD $0x0000000000000000  // .asciz 16, '625\x00\x00\x00\x00\x00\x00\x00\x00\x00\x00\x00\x00\x00'
	0x00, 0x00, 0x00, 0x00, 0x00, 0x00, 0x00, 0x00, 0x00, 0x00, 0x00, 0x00, 0x00, 0x00, 0x00, 0x00, //0x00006994 QUAD $0x0000000000000000; QUAD $0x0000000000000000  // .asciz 16, '\x00\x00\x00\x00\x00\x00\x00\x00\x00\x00\x00\x00\x00\x00\x00\x00'
	0x00, 0x00, 0x00, 0x00, 0x00, 0x00, 0x00, 0x00, 0x00, 0x00, 0x00, 0x00, 0x00, 0x00, 0x00, 0x00, //0x000069a4 QUAD $0x0000000000000000; QUAD $0x0000000000000000  // .asciz 16, '\x00\x00\x00\x00\x00\x00\x00\x00\x00\x00\x00\x00\x00\x00\x00\x00'
	0x00, 0x00, 0x00, 0x00, 0x00, 0x00, 0x00, 0x00, 0x00, 0x00, 0x00, 0x00, 0x00, 0x00, 0x00, 0x00, //0x000069b4 QUAD $0x0000000000000000; QUAD $0x0000000000000000  // .asciz 16, '\x00\x00\x00\x00\x00\x00\x00\x00\x00\x00\x00\x00\x00\x00\x00\x00'
	0x00, 0x00, 0x00, 0x00, 0x00, 0x00, 0x00, 0x00, 0x00, 0x00, 0x00, 0x00, 0x00, 0x00, 0x00, 0x00, //0x000069c4 QUAD $0x0000000000000000; QUAD $0x0000000000000000  // .asciz 16, '\x00\x00\x00\x00\x00\x00\x00\x00\x00\x00\x00\x00\x00\x00\x00\x00'
	0x00, 0x00, 0x00, 0x00, 0x00, 0x00, 0x00, 0x00, 0x00, 0x00, 0x00, 0x00, 0x00, 0x00, 0x00, 0x00, //0x000069d4 QUAD $0x0000000000000000; QUAD $0x0000000000000000  // .asciz 16, '\x00\x00\x00\x00\x00\x00\x00\x00\x00\x00\x00\x00\x00\x00\x00\x00'
	0x00, 0x00, 0x00, 0x00, //0x000069e4 LONG $0x00000000  // .asciz 4, '\x00\x00\x00\x00'
	0x02, 0x00, 0x00, 0x00, //0x000069e8 .long 2
	0x33, 0x31, 0x32, 0x35, 0x00, 0x00, 0x00, 0x00, 0x00, 0x00, 0x00, 0x00, 0x00, 0x00, 0x00, 0x00, //0x000069ec QUAD $0x0000000035323133; QUAD $0x0000000000000000  // .asciz 16, '3125\x00\x00\x00\x00\x00\x00\x00\x00\x00\x00\x00\x00'
	0x00, 0x00, 0x00, 0x00, 0x00, 0x00, 0x00, 0x00, 0x00, 0x00, 0x00, 0x00, 0x00, 0x00, 0x00, 0x00, //0x000069fc QUAD $0x0000000000000000; QUAD $0x0000000000000000  // .asciz 16, '\x00\x00\x00\x00\x00\x00\x00\x00\x00\x00\x00\x00\x00\x00\x00\x00'
	0x00, 0x00, 0x00, 0x00, 0x00, 0x00, 0x00, 0x00, 0x00, 0x00, 0x00, 0x00, 0x00, 0x00, 0x00, 0x00, //0x00006a0c QUAD $0x0000000000000000; QUAD $0x0000000000000000  // .asciz 16, '\x00\x00\x00\x00\x00\x00\x00\x00\x00\x00\x00\x00\x00\x00\x00\x00'
	0x00, 0x00, 0x00, 0x00, 0x00, 0x00, 0x00, 0x00, 0x00, 0x00, 0x00, 0x00, 0x00, 0x00, 0x00, 0x00, //0x00006a1c QUAD $0x0000000000000000; QUAD $0x0000000000000000  // .asciz 16, '\x00\x00\x00\x00\x00\x00\x00\x00\x00\x00\x00\x00\x00\x00\x00\x00'
	0x00, 0x00, 0x00, 0x00, 0x00, 0x00, 0x00, 0x00, 0x00, 0x00, 0x00, 0x00, 0x00, 0x00, 0x00, 0x00, //0x00006a2c QUAD $0x0000000000000000; QUAD $0x0000000000000000  // .asciz 16, '\x00\x00\x00\x00\x00\x00\x00\x00\x00\x00\x00\x00\x00\x00\x00\x00'
	0x00, 0x00, 0x00, 0x00, 0x00, 0x00, 0x00, 0x00, 0x00, 0x00, 0x00, 0x00, 0x00, 0x00, 0x00, 0x00, //0x00006a3c QUAD $0x0000000000000000; QUAD $0x0000000000000000  // .asciz 16, '\x00\x00\x00\x00\x00\x00\x00\x00\x00\x00\x00\x00\x00\x00\x00\x00'
	0x00, 0x00, 0x00, 0x00, //0x00006a4c LONG $0x00000000  // .asciz 4, '\x00\x00\x00\x00'
	0x02, 0x00, 0x00, 0x00, //0x00006a50 .long 2
	0x31, 0x35, 0x36, 0x32, 0x35, 0x00, 0x00, 0x00, 0x00, 0x00, 0x00, 0x00, 0x00, 0x00, 0x00, 0x00, //0x00006a54 QUAD $0x0000003532363531; QUAD $0x0000000000000000  // .asciz 16, '15625\x00\x00\x00\x00\x00\x00\x00\x00\x00\x00\x00'
	0x00, 0x00, 0x00, 0x00, 0x00, 0x00, 0x00, 0x00, 0x00, 0x00, 0x00, 0x00, 0x00, 0x00, 0x00, 0x00, //0x00006a64 QUAD $0x0000000000000000; QUAD $0x0000000000000000  // .asciz 16, '\x00\x00\x00\x00\x00\x00\x00\x00\x00\x00\x00\x00\x00\x00\x00\x00'
	0x00, 0x00, 0x00, 0x00, 0x00, 0x00, 0x00, 0x00, 0x00, 0x00, 0x00, 0x00, 0x00, 0x00, 0x00, 0x00, //0x00006a74 QUAD $0x0000000000000000; QUAD $0x0000000000000000  // .asciz 16, '\x00\x00\x00\x00\x00\x00\x00\x00\x00\x00\x00\x00\x00\x00\x00\x00'
	0x00, 0x00, 0x00, 0x00, 0x00, 0x00, 0x00, 0x00, 0x00, 0x00, 0x00, 0x00, 0x00, 0x00, 0x00, 0x00, //0x00006a84 QUAD $0x0000000000000000; QUAD $0x0000000000000000  // .asciz 16, '\x00\x00\x00\x00\x00\x00\x00\x00\x00\x00\x00\x00\x00\x00\x00\x00'
	0x00, 0x00, 0x00, 0x00, 0x00, 0x00, 0x00, 0x00, 0x00, 0x00, 0x00, 0x00, 0x00, 0x00, 0x00, 0x00, //0x00006a94 QUAD $0x0000000000000000; QUAD $0x0000000000000000  // .asciz 16, '\x00\x00\x00\x00\x00\x00\x00\x00\x00\x00\x00\x00\x00\x00\x00\x00'
	0x00, 0x00, 0x00, 0x00, 0x00, 0x00, 0x00, 0x00, 0x00, 0x00, 0x00, 0x00, 0x00, 0x00, 0x00, 0x00, //0x00006aa4 QUAD $0x0000000000000000; QUAD $0x0000000000000000  // .asciz 16, '\x00\x00\x00\x00\x00\x00\x00\x00\x00\x00\x00\x00\x00\x00\x00\x00'
	0x00, 0x00, 0x00, 0x00, //0x00006ab4 LONG $0x00000000  // .asciz 4, '\x00\x00\x00\x00'
	0x03, 0x00, 0x00, 0x00, //0x00006ab8 .long 3
	0x37, 0x38, 0x31, 0x32, 0x35, 0x00, 0x00, 0x00, 0x00, 0x00, 0x00, 0x00, 0x00, 0x00, 0x00, 0x00, //0x00006abc QUAD $0x0000003532313837; QUAD $0x0000000000000000  // .asciz 16, '78125\x00\x00\x00\x00\x00\x00\x00\x00\x00\x00\x00'
	0x00, 0x00, 0x00, 0x00, 0x00, 0x00, 0x00, 0x00, 0x00, 0x00, 0x00, 0x00, 0x00, 0x00, 0x00, 0x00, //0x00006acc QUAD $0x0000000000000000; QUAD $0x0000000000000000  // .asciz 16, '\x00\x00\x00\x00\x00\x00\x00\x00\x00\x00\x00\x00\x00\x00\x00\x00'
	0x00, 0x00, 0x00, 0x00, 0x00, 0x00, 0x00, 0x00, 0x00, 0x00, 0x00, 0x00, 0x00, 0x00, 0x00, 0x00, //0x00006adc QUAD $0x0000000000000000; QUAD $0x0000000000000000  // .asciz 16, '\x00\x00\x00\x00\x00\x00\x00\x00\x00\x00\x00\x00\x00\x00\x00\x00'
	0x00, 0x00, 0x00, 0x00, 0x00, 0x00, 0x00, 0x00, 0x00, 0x00, 0x00, 0x00, 0x00, 0x00, 0x00, 0x00, //0x00006aec QUAD $0x0000000000000000; QUAD $0x0000000000000000  // .asciz 16, '\x00\x00\x00\x00\x00\x00\x00\x00\x00\x00\x00\x00\x00\x00\x00\x00'
	0x00, 0x00, 0x00, 0x00, 0x00, 0x00, 0x00, 0x00, 0x00, 0x00, 0x00, 0x00, 0x00, 0x00, 0x00, 0x00, //0x00006afc QUAD $0x0000000000000000; QUAD $0x0000000000000000  // .asciz 16, '\x00\x00\x00\x00\x00\x00\x00\x00\x00\x00\x00\x00\x00\x00\x00\x00'
	0x00, 0x00, 0x00, 0x00, 0x00, 0x00, 0x00, 0x00, 0x00, 0x00, 0x00, 0x00, 0x00, 0x00, 0x00, 0x00, //0x00006b0c QUAD $0x0000000000000000; QUAD $0x0000000000000000  // .asciz 16, '\x00\x00\x00\x00\x00\x00\x00\x00\x00\x00\x00\x00\x00\x00\x00\x00'
	0x00, 0x00, 0x00, 0x00, //0x00006b1c LONG $0x00000000  // .asciz 4, '\x00\x00\x00\x00'
	0x03, 0x00, 0x00, 0x00, //0x00006b20 .long 3
	0x33, 0x39, 0x30, 0x36, 0x32, 0x35, 0x00, 0x00, 0x00, 0x00, 0x00, 0x00, 0x00, 0x00, 0x00, 0x00, //0x00006b24 QUAD $0x0000353236303933; QUAD $0x0000000000000000  // .asciz 16, '390625\x00\x00\x00\x00\x00\x00\x00\x00\x00\x00'
	0x00, 0x00, 0x00, 0x00, 0x00, 0x00, 0x00, 0x00, 0x00, 0x00, 0x00, 0x00, 0x00, 0x00, 0x00, 0x00, //0x00006b34 QUAD $0x0000000000000000; QUAD $0x0000000000000000  // .asciz 16, '\x00\x00\x00\x00\x00\x00\x00\x00\x00\x00\x00\x00\x00\x00\x00\x00'
	0x00, 0x00, 0x00, 0x00, 0x00, 0x00, 0x00, 0x00, 0x00, 0x00, 0x00, 0x00, 0x00, 0x00, 0x00, 0x00, //0x00006b44 QUAD $0x0000000000000000; QUAD $0x0000000000000000  // .asciz 16, '\x00\x00\x00\x00\x00\x00\x00\x00\x00\x00\x00\x00\x00\x00\x00\x00'
	0x00, 0x00, 0x00, 0x00, 0x00, 0x00, 0x00, 0x00, 0x00, 0x00, 0x00, 0x00, 0x00, 0x00, 0x00, 0x00, //0x00006b54 QUAD $0x0000000000000000; QUAD $0x0000000000000000  // .asciz 16, '\x00\x00\x00\x00\x00\x00\x00\x00\x00\x00\x00\x00\x00\x00\x00\x00'
	0x00, 0x00, 0x00, 0x00, 0x00, 0x00, 0x00, 0x00, 0x00, 0x00, 0x00, 0x00, 0x00, 0x00, 0x00, 0x00, //0x00006b64 QUAD $0x0000000000000000; QUAD $0x0000000000000000  // .asciz 16, '\x00\x00\x00\x00\x00\x00\x00\x00\x00\x00\x00\x00\x00\x00\x00\x00'
	0x00, 0x00, 0x00, 0x00, 0x00, 0x00, 0x00, 0x00, 0x00, 0x00, 0x00, 0x00, 0x00, 0x00, 0x00, 0x00, //0x00006b74 QUAD $0x0000000000000000; QUAD $0x0000000000000000  // .asciz 16, '\x00\x00\x00\x00\x00\x00\x00\x00\x00\x00\x00\x00\x00\x00\x00\x00'
	0x00, 0x00, 0x00, 0x00, //0x00006b84 LONG $0x00000000  // .asciz 4, '\x00\x00\x00\x00'
	0x03, 0x00, 0x00, 0x00, //0x00006b88 .long 3
	0x31, 0x39, 0x35, 0x33, 0x31, 0x32, 0x35, 0x00, 0x00, 0x00, 0x00, 0x00, 0x00, 0x00, 0x00, 0x00, //0x00006b8c QUAD $0x0035323133353931; QUAD $0x0000000000000000  // .asciz 16, '1953125\x00\x00\x00\x00\x00\x00\x00\x00\x00'
	0x00, 0x00, 0x00, 0x00, 0x00, 0x00, 0x00, 0x00, 0x00, 0x00, 0x00, 0x00, 0x00, 0x00, 0x00, 0x00, //0x00006b9c QUAD $0x0000000000000000; QUAD $0x0000000000000000  // .asciz 16, '\x00\x00\x00\x00\x00\x00\x00\x00\x00\x00\x00\x00\x00\x00\x00\x00'
	0x00, 0x00, 0x00, 0x00, 0x00, 0x00, 0x00, 0x00, 0x00, 0x00, 0x00, 0x00, 0x00, 0x00, 0x00, 0x00, //0x00006bac QUAD $0x0000000000000000; QUAD $0x0000000000000000  // .asciz 16, '\x00\x00\x00\x00\x00\x00\x00\x00\x00\x00\x00\x00\x00\x00\x00\x00'
	0x00, 0x00, 0x00, 0x00, 0x00, 0x00, 0x00, 0x00, 0x00, 0x00, 0x00, 0x00, 0x00, 0x00, 0x00, 0x00, //0x00006bbc QUAD $0x0000000000000000; QUAD $0x0000000000000000  // .asciz 16, '\x00\x00\x00\x00\x00\x00\x00\x00\x00\x00\x00\x00\x00\x00\x00\x00'
	0x00, 0x00, 0x00, 0x00, 0x00, 0x00, 0x00, 0x00, 0x00, 0x00, 0x00, 0x00, 0x00, 0x00, 0x00, 0x00, //0x00006bcc QUAD $0x0000000000000000; QUAD $0x0000000000000000  // .asciz 16, '\x00\x00\x00\x00\x00\x00\x00\x00\x00\x00\x00\x00\x00\x00\x00\x00'
	0x00, 0x00, 0x00, 0x00, 0x00, 0x00, 0x00, 0x00, 0x00, 0x00, 0x00, 0x00, 0x00, 0x00, 0x00, 0x00, //0x00006bdc QUAD $0x0000000000000000; QUAD $0x0000000000000000  // .asciz 16, '\x00\x00\x00\x00\x00\x00\x00\x00\x00\x00\x00\x00\x00\x00\x00\x00'
	0x00, 0x00, 0x00, 0x00, //0x00006bec LONG $0x00000000  // .asciz 4, '\x00\x00\x00\x00'
	0x04, 0x00, 0x00, 0x00, //0x00006bf0 .long 4
	0x39, 0x37, 0x36, 0x35, 0x36, 0x32, 0x35, 0x00, 0x00, 0x00, 0x00, 0x00, 0x00, 0x00, 0x00, 0x00, //0x00006bf4 QUAD $0x0035323635363739; QUAD $0x0000000000000000  // .asciz 16, '9765625\x00\x00\x00\x00\x00\x00\x00\x00\x00'
	0x00, 0x00, 0x00, 0x00, 0x00, 0x00, 0x00, 0x00, 0x00, 0x00, 0x00, 0x00, 0x00, 0x00, 0x00, 0x00, //0x00006c04 QUAD $0x0000000000000000; QUAD $0x0000000000000000  // .asciz 16, '\x00\x00\x00\x00\x00\x00\x00\x00\x00\x00\x00\x00\x00\x00\x00\x00'
	0x00, 0x00, 0x00, 0x00, 0x00, 0x00, 0x00, 0x00, 0x00, 0x00, 0x00, 0x00, 0x00, 0x00, 0x00, 0x00, //0x00006c14 QUAD $0x0000000000000000; QUAD $0x0000000000000000  // .asciz 16, '\x00\x00\x00\x00\x00\x00\x00\x00\x00\x00\x00\x00\x00\x00\x00\x00'
	0x00, 0x00, 0x00, 0x00, 0x00, 0x00, 0x00, 0x00, 0x00, 0x00, 0x00, 0x00, 0x00, 0x00, 0x00, 0x00, //0x00006c24 QUAD $0x0000000000000000; QUAD $0x0000000000000000  // .asciz 16, '\x00\x00\x00\x00\x00\x00\x00\x00\x00\x00\x00\x00\x00\x00\x00\x00'
	0x00, 0x00, 0x00, 0x00, 0x00, 0x00, 0x00, 0x00, 0x00, 0x00, 0x00, 0x00, 0x00, 0x00, 0x00, 0x00, //0x00006c34 QUAD $0x0000000000000000; QUAD $0x0000000000000000  // .asciz 16, '\x00\x00\x00\x00\x00\x00\x00\x00\x00\x00\x00\x00\x00\x00\x00\x00'
	0x00, 0x00, 0x00, 0x00, 0x00, 0x00, 0x00, 0x00, 0x00, 0x00, 0x00, 0x00, 0x00, 0x00, 0x00, 0x00, //0x00006c44 QUAD $0x0000000000000000; QUAD $0x0000000000000000  // .asciz 16, '\x00\x00\x00\x00\x00\x00\x00\x00\x00\x00\x00\x00\x00\x00\x00\x00'
	0x00, 0x00, 0x00, 0x00, //0x00006c54 LONG $0x00000000  // .asciz 4, '\x00\x00\x00\x00'
	0x04, 0x00, 0x00, 0x00, //0x00006c58 .long 4
	0x34, 0x38, 0x38, 0x32, 0x38, 0x31, 0x32, 0x35, 0x00, 0x00, 0x00, 0x00, 0x00, 0x00, 0x00, 0x00, //0x00006c5c QUAD $0x3532313832383834; QUAD $0x0000000000000000  // .asciz 16, '48828125\x00\x00\x00\x00\x00\x00\x00\x00'
	0x00, 0x00, 0x00, 0x00, 0x00, 0x00, 0x00, 0x00, 0x00, 0x00, 0x00, 0x00, 0x00, 0x00, 0x00, 0x00, //0x00006c6c QUAD $0x0000000000000000; QUAD $0x0000000000000000  // .asciz 16, '\x00\x00\x00\x00\x00\x00\x00\x00\x00\x00\x00\x00\x00\x00\x00\x00'
	0x00, 0x00, 0x00, 0x00, 0x00, 0x00, 0x00, 0x00, 0x00, 0x00, 0x00, 0x00, 0x00, 0x00, 0x00, 0x00, //0x00006c7c QUAD $0x0000000000000000; QUAD $0x0000000000000000  // .asciz 16, '\x00\x00\x00\x00\x00\x00\x00\x00\x00\x00\x00\x00\x00\x00\x00\x00'
	0x00, 0x00, 0x00, 0x00, 0x00, 0x00, 0x00, 0x00, 0x00, 0x00, 0x00, 0x00, 0x00, 0x00, 0x00, 0x00, //0x00006c8c QUAD $0x0000000000000000; QUAD $0x0000000000000000  // .asciz 16, '\x00\x00\x00\x00\x00\x00\x00\x00\x00\x00\x00\x00\x00\x00\x00\x00'
	0x00, 0x00, 0x00, 0x00, 0x00, 0x00, 0x00, 0x00, 0x00, 0x00, 0x00, 0x00, 0x00, 0x00, 0x00, 0x00, //0x00006c9c QUAD $0x0000000000000000; QUAD $0x0000000000000000  // .asciz 16, '\x00\x00\x00\x00\x00\x00\x00\x00\x00\x00\x00\x00\x00\x00\x00\x00'
	0x00, 0x00, 0x00, 0x00, 0x00, 0x00, 0x00, 0x00, 0x00, 0x00, 0x00, 0x00, 0x00, 0x00, 0x00, 0x00, //0x00006cac QUAD $0x0000000000000000; QUAD $0x0000000000000000  // .asciz 16, '\x00\x00\x00\x00\x00\x00\x00\x00\x00\x00\x00\x00\x00\x00\x00\x00'
	0x00, 0x00, 0x00, 0x00, //0x00006cbc LONG $0x00000000  // .asciz 4, '\x00\x00\x00\x00'
	0x04, 0x00, 0x00, 0x00, //0x00006cc0 .long 4
	0x32, 0x34, 0x34, 0x31, 0x34, 0x30, 0x36, 0x32, 0x35, 0x00, 0x00, 0x00, 0x00, 0x00, 0x00, 0x00, //0x00006cc4 QUAD $0x3236303431343432; QUAD $0x0000000000000035  // .asciz 16, '244140625\x00\x00\x00\x00\x00\x00\x00'
	0x00, 0x00, 0x00, 0x00, 0x00, 0x00, 0x00, 0x00, 0x00, 0x00, 0x00, 0x00, 0x00, 0x00, 0x00, 0x00, //0x00006cd4 QUAD $0x0000000000000000; QUAD $0x0000000000000000  // .asciz 16, '\x00\x00\x00\x00\x00\x00\x00\x00\x00\x00\x00\x00\x00\x00\x00\x00'
	0x00, 0x00, 0x00, 0x00, 0x00, 0x00, 0x00, 0x00, 0x00, 0x00, 0x00, 0x00, 0x00, 0x00, 0x00, 0x00, //0x00006ce4 QUAD $0x0000000000000000; QUAD $0x0000000000000000  // .asciz 16, '\x00\x00\x00\x00\x00\x00\x00\x00\x00\x00\x00\x00\x00\x00\x00\x00'
	0x00, 0x00, 0x00, 0x00, 0x00, 0x00, 0x00, 0x00, 0x00, 0x00, 0x00, 0x00, 0x00, 0x00, 0x00, 0x00, //0x00006cf4 QUAD $0x0000000000000000; QUAD $0x0000000000000000  // .asciz 16, '\x00\x00\x00\x00\x00\x00\x00\x00\x00\x00\x00\x00\x00\x00\x00\x00'
	0x00, 0x00, 0x00, 0x00, 0x00, 0x00, 0x00, 0x00, 0x00, 0x00, 0x00, 0x00, 0x00, 0x00, 0x00, 0x00, //0x00006d04 QUAD $0x0000000000000000; QUAD $0x0000000000000000  // .asciz 16, '\x00\x00\x00\x00\x00\x00\x00\x00\x00\x00\x00\x00\x00\x00\x00\x00'
	0x00, 0x00, 0x00, 0x00, 0x00, 0x00, 0x00, 0x00, 0x00, 0x00, 0x00, 0x00, 0x00, 0x00, 0x00, 0x00, //0x00006d14 QUAD $0x0000000000000000; QUAD $0x0000000000000000  // .asciz 16, '\x00\x00\x00\x00\x00\x00\x00\x00\x00\x00\x00\x00\x00\x00\x00\x00'
	0x00, 0x00, 0x00, 0x00, //0x00006d24 LONG $0x00000000  // .asciz 4, '\x00\x00\x00\x00'
	0x04, 0x00, 0x00, 0x00, //0x00006d28 .long 4
	0x31, 0x32, 0x32, 0x30, 0x37, 0x30, 0x33, 0x31, 0x32, 0x35, 0x00, 0x00, 0x00, 0x00, 0x00, 0x00, //0x00006d2c QUAD $0x3133303730323231; QUAD $0x0000000000003532  // .asciz 16, '1220703125\x00\x00\x00\x00\x00\x00'
	0x00, 0x00, 0x00, 0x00, 0x00, 0x00, 0x00, 0x00, 0x00, 0x00, 0x00, 0x00, 0x00, 0x00, 0x00, 0x00, //0x00006d3c QUAD $0x0000000000000000; QUAD $0x0000000000000000  // .asciz 16, '\x00\x00\x00\x00\x00\x00\x00\x00\x00\x00\x00\x00\x00\x00\x00\x00'
	0x00, 0x00, 0x00, 0x00, 0x00, 0x00, 0x00, 0x00, 0x00, 0x00, 0x00, 0x00, 0x00, 0x00, 0x00, 0x00, //0x00006d4c QUAD $0x0000000000000000; QUAD $0x0000000000000000  // .asciz 16, '\x00\x00\x00\x00\x00\x00\x00\x00\x00\x00\x00\x00\x00\x00\x00\x00'
	0x00, 0x00, 0x00, 0x00, 0x00, 0x00, 0x00, 0x00, 0x00, 0x00, 0x00, 0x00, 0x00, 0x00, 0x00, 0x00, //0x00006d5c QUAD $0x0000000000000000; QUAD $0x0000000000000000  // .asciz 16, '\x00\x00\x00\x00\x00\x00\x00\x00\x00\x00\x00\x00\x00\x00\x00\x00'
	0x00, 0x00, 0x00, 0x00, 0x00, 0x00, 0x00, 0x00, 0x00, 0x00, 0x00, 0x00, 0x00, 0x00, 0x00, 0x00, //0x00006d6c QUAD $0x0000000000000000; QUAD $0x0000000000000000  // .asciz 16, '\x00\x00\x00\x00\x00\x00\x00\x00\x00\x00\x00\x00\x00\x00\x00\x00'
	0x00, 0x00, 0x00, 0x00, 0x00, 0x00, 0x00, 0x00, 0x00, 0x00, 0x00, 0x00, 0x00, 0x00, 0x00, 0x00, //0x00006d7c QUAD $0x0000000000000000; QUAD $0x0000000000000000  // .asciz 16, '\x00\x00\x00\x00\x00\x00\x00\x00\x00\x00\x00\x00\x00\x00\x00\x00'
	0x00, 0x00, 0x00, 0x00, //0x00006d8c LONG $0x00000000  // .asciz 4, '\x00\x00\x00\x00'
	0x05, 0x00, 0x00, 0x00, //0x00006d90 .long 5
	0x36, 0x31, 0x30, 0x33, 0x35, 0x31, 0x35, 0x36, 0x32, 0x35, 0x00, 0x00, 0x00, 0x00, 0x00, 0x00, //0x00006d94 QUAD $0x3635313533303136; QUAD $0x0000000000003532  // .asciz 16, '6103515625\x00\x00\x00\x00\x00\x00'
	0x00, 0x00, 0x00, 0x00, 0x00, 0x00, 0x00, 0x00, 0x00, 0x00, 0x00, 0x00, 0x00, 0x00, 0x00, 0x00, //0x00006da4 QUAD $0x0000000000000000; QUAD $0x0000000000000000  // .asciz 16, '\x00\x00\x00\x00\x00\x00\x00\x00\x00\x00\x00\x00\x00\x00\x00\x00'
	0x00, 0x00, 0x00, 0x00, 0x00, 0x00, 0x00, 0x00, 0x00, 0x00, 0x00, 0x00, 0x00, 0x00, 0x00, 0x00, //0x00006db4 QUAD $0x0000000000000000; QUAD $0x0000000000000000  // .asciz 16, '\x00\x00\x00\x00\x00\x00\x00\x00\x00\x00\x00\x00\x00\x00\x00\x00'
	0x00, 0x00, 0x00, 0x00, 0x00, 0x00, 0x00, 0x00, 0x00, 0x00, 0x00, 0x00, 0x00, 0x00, 0x00, 0x00, //0x00006dc4 QUAD $0x0000000000000000; QUAD $0x0000000000000000  // .asciz 16, '\x00\x00\x00\x00\x00\x00\x00\x00\x00\x00\x00\x00\x00\x00\x00\x00'
	0x00, 0x00, 0x00, 0x00, 0x00, 0x00, 0x00, 0x00, 0x00, 0x00, 0x00, 0x00, 0x00, 0x00, 0x00, 0x00, //0x00006dd4 QUAD $0x0000000000000000; QUAD $0x0000000000000000  // .asciz 16, '\x00\x00\x00\x00\x00\x00\x00\x00\x00\x00\x00\x00\x00\x00\x00\x00'
	0x00, 0x00, 0x00, 0x00, 0x00, 0x00, 0x00, 0x00, 0x00, 0x00, 0x00, 0x00, 0x00, 0x00, 0x00, 0x00, //0x00006de4 QUAD $0x0000000000000000; QUAD $0x0000000000000000  // .asciz 16, '\x00\x00\x00\x00\x00\x00\x00\x00\x00\x00\x00\x00\x00\x00\x00\x00'
	0x00, 0x00, 0x00, 0x00, //0x00006df4 LONG $0x00000000  // .asciz 4, '\x00\x00\x00\x00'
	0x05, 0x00, 0x00, 0x00, //0x00006df8 .long 5
	0x33, 0x30, 0x35, 0x31, 0x37, 0x35, 0x37, 0x38, 0x31, 0x32, 0x35, 0x00, 0x00, 0x00, 0x00, 0x00, //0x00006dfc QUAD $0x3837353731353033; QUAD $0x0000000000353231  // .asciz 16, '30517578125\x00\x00\x00\x00\x00'
	0x00, 0x00, 0x00, 0x00, 0x00, 0x00, 0x00, 0x00, 0x00, 0x00, 0x00, 0x00, 0x00, 0x00, 0x00, 0x00, //0x00006e0c QUAD $0x0000000000000000; QUAD $0x0000000000000000  // .asciz 16, '\x00\x00\x00\x00\x00\x00\x00\x00\x00\x00\x00\x00\x00\x00\x00\x00'
	0x00, 0x00, 0x00, 0x00, 0x00, 0x00, 0x00, 0x00, 0x00, 0x00, 0x00, 0x00, 0x00, 0x00, 0x00, 0x00, //0x00006e1c QUAD $0x0000000000000000; QUAD $0x0000000000000000  // .asciz 16, '\x00\x00\x00\x00\x00\x00\x00\x00\x00\x00\x00\x00\x00\x00\x00\x00'
	0x00, 0x00, 0x00, 0x00, 0x00, 0x00, 0x00, 0x00, 0x00, 0x00, 0x00, 0x00, 0x00, 0x00, 0x00, 0x00, //0x00006e2c QUAD $0x0000000000000000; QUAD $0x0000000000000000  // .asciz 16, '\x00\x00\x00\x00\x00\x00\x00\x00\x00\x00\x00\x00\x00\x00\x00\x00'
	0x00, 0x00, 0x00, 0x00, 0x00, 0x00, 0x00, 0x00, 0x00, 0x00, 0x00, 0x00, 0x00, 0x00, 0x00, 0x00, //0x00006e3c QUAD $0x0000000000000000; QUAD $0x0000000000000000  // .asciz 16, '\x00\x00\x00\x00\x00\x00\x00\x00\x00\x00\x00\x00\x00\x00\x00\x00'
	0x00, 0x00, 0x00, 0x00, 0x00, 0x00, 0x00, 0x00, 0x00, 0x00, 0x00, 0x00, 0x00, 0x00, 0x00, 0x00, //0x00006e4c QUAD $0x0000000000000000; QUAD $0x0000000000000000  // .asciz 16, '\x00\x00\x00\x00\x00\x00\x00\x00\x00\x00\x00\x00\x00\x00\x00\x00'
	0x00, 0x00, 0x00, 0x00, //0x00006e5c LONG $0x00000000  // .asciz 4, '\x00\x00\x00\x00'
	0x05, 0x00, 0x00, 0x00, //0x00006e60 .long 5
	0x31, 0x35, 0x32, 0x35, 0x38, 0x37, 0x38, 0x39, 0x30, 0x36, 0x32, 0x35, 0x00, 0x00, 0x00, 0x00, //0x00006e64 QUAD $0x3938373835323531; QUAD $0x0000000035323630  // .asciz 16, '152587890625\x00\x00\x00\x00'
	0x00, 0x00, 0x00, 0x00, 0x00, 0x00, 0x00, 0x00, 0x00, 0x00, 0x00, 0x00, 0x00, 0x00, 0x00, 0x00, //0x00006e74 QUAD $0x0000000000000000; QUAD $0x0000000000000000  // .asciz 16, '\x00\x00\x00\x00\x00\x00\x00\x00\x00\x00\x00\x00\x00\x00\x00\x00'
	0x00, 0x00, 0x00, 0x00, 0x00, 0x00, 0x00, 0x00, 0x00, 0x00, 0x00, 0x00, 0x00, 0x00, 0x00, 0x00, //0x00006e84 QUAD $0x0000000000000000; QUAD $0x0000000000000000  // .asciz 16, '\x00\x00\x00\x00\x00\x00\x00\x00\x00\x00\x00\x00\x00\x00\x00\x00'
	0x00, 0x00, 0x00, 0x00, 0x00, 0x00, 0x00, 0x00, 0x00, 0x00, 0x00, 0x00, 0x00, 0x00, 0x00, 0x00, //0x00006e94 QUAD $0x0000000000000000; QUAD $0x0000000000000000  // .asciz 16, '\x00\x00\x00\x00\x00\x00\x00\x00\x00\x00\x00\x00\x00\x00\x00\x00'
	0x00, 0x00, 0x00, 0x00, 0x00, 0x00, 0x00, 0x00, 0x00, 0x00, 0x00, 0x00, 0x00, 0x00, 0x00, 0x00, //0x00006ea4 QUAD $0x0000000000000000; QUAD $0x0000000000000000  // .asciz 16, '\x00\x00\x00\x00\x00\x00\x00\x00\x00\x00\x00\x00\x00\x00\x00\x00'
	0x00, 0x00, 0x00, 0x00, 0x00, 0x00, 0x00, 0x00, 0x00, 0x00, 0x00, 0x00, 0x00, 0x00, 0x00, 0x00, //0x00006eb4 QUAD $0x0000000000000000; QUAD $0x0000000000000000  // .asciz 16, '\x00\x00\x00\x00\x00\x00\x00\x00\x00\x00\x00\x00\x00\x00\x00\x00'
	0x00, 0x00, 0x00, 0x00, //0x00006ec4 LONG $0x00000000  // .asciz 4, '\x00\x00\x00\x00'
	0x06, 0x00, 0x00, 0x00, //0x00006ec8 .long 6
	0x37, 0x36, 0x32, 0x39, 0x33, 0x39, 0x34, 0x35, 0x33, 0x31, 0x32, 0x35, 0x00, 0x00, 0x00, 0x00, //0x00006ecc QUAD $0x3534393339323637; QUAD $0x0000000035323133  // .asciz 16, '762939453125\x00\x00\x00\x00'
	0x00, 0x00, 0x00, 0x00, 0x00, 0x00, 0x00, 0x00, 0x00, 0x00, 0x00, 0x00, 0x00, 0x00, 0x00, 0x00, //0x00006edc QUAD $0x0000000000000000; QUAD $0x0000000000000000  // .asciz 16, '\x00\x00\x00\x00\x00\x00\x00\x00\x00\x00\x00\x00\x00\x00\x00\x00'
	0x00, 0x00, 0x00, 0x00, 0x00, 0x00, 0x00, 0x00, 0x00, 0x00, 0x00, 0x00, 0x00, 0x00, 0x00, 0x00, //0x00006eec QUAD $0x0000000000000000; QUAD $0x0000000000000000  // .asciz 16, '\x00\x00\x00\x00\x00\x00\x00\x00\x00\x00\x00\x00\x00\x00\x00\x00'
	0x00, 0x00, 0x00, 0x00, 0x00, 0x00, 0x00, 0x00, 0x00, 0x00, 0x00, 0x00, 0x00, 0x00, 0x00, 0x00, //0x00006efc QUAD $0x0000000000000000; QUAD $0x0000000000000000  // .asciz 16, '\x00\x00\x00\x00\x00\x00\x00\x00\x00\x00\x00\x00\x00\x00\x00\x00'
	0x00, 0x00, 0x00, 0x00, 0x00, 0x00, 0x00, 0x00, 0x00, 0x00, 0x00, 0x00, 0x00, 0x00, 0x00, 0x00, //0x00006f0c QUAD $0x0000000000000000; QUAD $0x0000000000000000  // .asciz 16, '\x00\x00\x00\x00\x00\x00\x00\x00\x00\x00\x00\x00\x00\x00\x00\x00'
	0x00, 0x00, 0x00, 0x00, 0x00, 0x00, 0x00, 0x00, 0x00, 0x00, 0x00, 0x00, 0x00, 0x00, 0x00, 0x00, //0x00006f1c QUAD $0x0000000000000000; QUAD $0x0000000000000000  // .asciz 16, '\x00\x00\x00\x00\x00\x00\x00\x00\x00\x00\x00\x00\x00\x00\x00\x00'
	0x00, 0x00, 0x00, 0x00, //0x00006f2c LONG $0x00000000  // .asciz 4, '\x00\x00\x00\x00'
	0x06, 0x00, 0x00, 0x00, //0x00006f30 .long 6
	0x33, 0x38, 0x31, 0x34, 0x36, 0x39, 0x37, 0x32, 0x36, 0x35, 0x36, 0x32, 0x35, 0x00, 0x00, 0x00, //0x00006f34 QUAD $0x3237393634313833; QUAD $0x0000003532363536  // .asciz 16, '3814697265625\x00\x00\x00'
	0x00, 0x00, 0x00, 0x00, 0x00, 0x00, 0x00, 0x00, 0x00, 0x00, 0x00, 0x00, 0x00, 0x00, 0x00, 0x00, //0x00006f44 QUAD $0x0000000000000000; QUAD $0x0000000000000000  // .asciz 16, '\x00\x00\x00\x00\x00\x00\x00\x00\x00\x00\x00\x00\x00\x00\x00\x00'
	0x00, 0x00, 0x00, 0x00, 0x00, 0x00, 0x00, 0x00, 0x00, 0x00, 0x00, 0x00, 0x00, 0x00, 0x00, 0x00, //0x00006f54 QUAD $0x0000000000000000; QUAD $0x0000000000000000  // .asciz 16, '\x00\x00\x00\x00\x00\x00\x00\x00\x00\x00\x00\x00\x00\x00\x00\x00'
	0x00, 0x00, 0x00, 0x00, 0x00, 0x00, 0x00, 0x00, 0x00, 0x00, 0x00, 0x00, 0x00, 0x00, 0x00, 0x00, //0x00006f64 QUAD $0x0000000000000000; QUAD $0x0000000000000000  // .asciz 16, '\x00\x00\x00\x00\x00\x00\x00\x00\x00\x00\x00\x00\x00\x00\x00\x00'
	0x00, 0x00, 0x00, 0x00, 0x00, 0x00, 0x00, 0x00, 0x00, 0x00, 0x00, 0x00, 0x00, 0x00, 0x00, 0x00, //0x00006f74 QUAD $0x0000000000000000; QUAD $0x0000000000000000  // .asciz 16, '\x00\x00\x00\x00\x00\x00\x00\x00\x00\x00\x00\x00\x00\x00\x00\x00'
	0x00, 0x00, 0x00, 0x00, 0x00, 0x00, 0x00, 0x00, 0x00, 0x00, 0x00, 0x00, 0x00, 0x00, 0x00, 0x00, //0x00006f84 QUAD $0x0000000000000000; QUAD $0x0000000000000000  // .asciz 16, '\x00\x00\x00\x00\x00\x00\x00\x00\x00\x00\x00\x00\x00\x00\x00\x00'
	0x00, 0x00, 0x00, 0x00, //0x00006f94 LONG $0x00000000  // .asciz 4, '\x00\x00\x00\x00'
	0x06, 0x00, 0x00, 0x00, //0x00006f98 .long 6
	0x31, 0x39, 0x30, 0x37, 0x33, 0x34, 0x38, 0x36, 0x33, 0x32, 0x38, 0x31, 0x32, 0x35, 0x00, 0x00, //0x00006f9c QUAD $0x3638343337303931; QUAD $0x0000353231383233  // .asciz 16, '19073486328125\x00\x00'
	0x00, 0x00, 0x00, 0x00, 0x00, 0x00, 0x00, 0x00, 0x00, 0x00, 0x00, 0x00, 0x00, 0x00, 0x00, 0x00, //0x00006fac QUAD $0x0000000000000000; QUAD $0x0000000000000000  // .asciz 16, '\x00\x00\x00\x00\x00\x00\x00\x00\x00\x00\x00\x00\x00\x00\x00\x00'
	0x00, 0x00, 0x00, 0x00, 0x00, 0x00, 0x00, 0x00, 0x00, 0x00, 0x00, 0x00, 0x00, 0x00, 0x00, 0x00, //0x00006fbc QUAD $0x0000000000000000; QUAD $0x0000000000000000  // .asciz 16, '\x00\x00\x00\x00\x00\x00\x00\x00\x00\x00\x00\x00\x00\x00\x00\x00'
	0x00, 0x00, 0x00, 0x00, 0x00, 0x00, 0x00, 0x00, 0x00, 0x00, 0x00, 0x00, 0x00, 0x00, 0x00, 0x00, //0x00006fcc QUAD $0x0000000000000000; QUAD $0x0000000000000000  // .asciz 16, '\x00\x00\x00\x00\x00\x00\x00\x00\x00\x00\x00\x00\x00\x00\x00\x00'
	0x00, 0x00, 0x00, 0x00, 0x00, 0x00, 0x00, 0x00, 0x00, 0x00, 0x00, 0x00, 0x00, 0x00, 0x00, 0x00, //0x00006fdc QUAD $0x0000000000000000; QUAD $0x0000000000000000  // .asciz 16, '\x00\x00\x00\x00\x00\x00\x00\x00\x00\x00\x00\x00\x00\x00\x00\x00'
	0x00, 0x00, 0x00, 0x00, 0x00, 0x00, 0x00, 0x00, 0x00, 0x00, 0x00, 0x00, 0x00, 0x00, 0x00, 0x00, //0x00006fec QUAD $0x0000000000000000; QUAD $0x0000000000000000  // .asciz 16, '\x00\x00\x00\x00\x00\x00\x00\x00\x00\x00\x00\x00\x00\x00\x00\x00'
	0x00, 0x00, 0x00, 0x00, //0x00006ffc LONG $0x00000000  // .asciz 4, '\x00\x00\x00\x00'
	0x07, 0x00, 0x00, 0x00, //0x00007000 .long 7
	0x39, 0x35, 0x33, 0x36, 0x37, 0x34, 0x33, 0x31, 0x36, 0x34, 0x30, 0x36, 0x32, 0x35, 0x00, 0x00, //0x00007004 QUAD $0x3133343736333539; QUAD $0x0000353236303436  // .asciz 16, '95367431640625\x00\x00'
	0x00, 0x00, 0x00, 0x00, 0x00, 0x00, 0x00, 0x00, 0x00, 0x00, 0x00, 0x00, 0x00, 0x00, 0x00, 0x00, //0x00007014 QUAD $0x0000000000000000; QUAD $0x0000000000000000  // .asciz 16, '\x00\x00\x00\x00\x00\x00\x00\x00\x00\x00\x00\x00\x00\x00\x00\x00'
	0x00, 0x00, 0x00, 0x00, 0x00, 0x00, 0x00, 0x00, 0x00, 0x00, 0x00, 0x00, 0x00, 0x00, 0x00, 0x00, //0x00007024 QUAD $0x0000000000000000; QUAD $0x0000000000000000  // .asciz 16, '\x00\x00\x00\x00\x00\x00\x00\x00\x00\x00\x00\x00\x00\x00\x00\x00'
	0x00, 0x00, 0x00, 0x00, 0x00, 0x00, 0x00, 0x00, 0x00, 0x00, 0x00, 0x00, 0x00, 0x00, 0x00, 0x00, //0x00007034 QUAD $0x0000000000000000; QUAD $0x0000000000000000  // .asciz 16, '\x00\x00\x00\x00\x00\x00\x00\x00\x00\x00\x00\x00\x00\x00\x00\x00'
	0x00, 0x00, 0x00, 0x00, 0x00, 0x00, 0x00, 0x00, 0x00, 0x00, 0x00, 0x00, 0x00, 0x00, 0x00, 0x00, //0x00007044 QUAD $0x0000000000000000; QUAD $0x0000000000000000  // .asciz 16, '\x00\x00\x00\x00\x00\x00\x00\x00\x00\x00\x00\x00\x00\x00\x00\x00'
	0x00, 0x00, 0x00, 0x00, 0x00, 0x00, 0x00, 0x00, 0x00, 0x00, 0x00, 0x00, 0x00, 0x00, 0x00, 0x00, //0x00007054 QUAD $0x0000000000000000; QUAD $0x0000000000000000  // .asciz 16, '\x00\x00\x00\x00\x00\x00\x00\x00\x00\x00\x00\x00\x00\x00\x00\x00'
	0x00, 0x00, 0x00, 0x00, //0x00007064 LONG $0x00000000  // .asciz 4, '\x00\x00\x00\x00'
	0x07, 0x00, 0x00, 0x00, //0x00007068 .long 7
	0x34, 0x37, 0x36, 0x38, 0x33, 0x37, 0x31, 0x35, 0x38, 0x32, 0x30, 0x33, 0x31, 0x32, 0x35, 0x00, //0x0000706c QUAD $0x3531373338363734; QUAD $0x0035323133303238  // .asciz 16, '476837158203125\x00'
	0x00, 0x00, 0x00, 0x00, 0x00, 0x00, 0x00, 0x00, 0x00, 0x00, 0x00, 0x00, 0x00, 0x00, 0x00, 0x00, //0x0000707c QUAD $0x0000000000000000; QUAD $0x0000000000000000  // .asciz 16, '\x00\x00\x00\x00\x00\x00\x00\x00\x00\x00\x00\x00\x00\x00\x00\x00'
	0x00, 0x00, 0x00, 0x00, 0x00, 0x00, 0x00, 0x00, 0x00, 0x00, 0x00, 0x00, 0x00, 0x00, 0x00, 0x00, //0x0000708c QUAD $0x0000000000000000; QUAD $0x0000000000000000  // .asciz 16, '\x00\x00\x00\x00\x00\x00\x00\x00\x00\x00\x00\x00\x00\x00\x00\x00'
	0x00, 0x00, 0x00, 0x00, 0x00, 0x00, 0x00, 0x00, 0x00, 0x00, 0x00, 0x00, 0x00, 0x00, 0x00, 0x00, //0x0000709c QUAD $0x0000000000000000; QUAD $0x0000000000000000  // .asciz 16, '\x00\x00\x00\x00\x00\x00\x00\x00\x00\x00\x00\x00\x00\x00\x00\x00'
	0x00, 0x00, 0x00, 0x00, 0x00, 0x00, 0x00, 0x00, 0x00, 0x00, 0x00, 0x00, 0x00, 0x00, 0x00, 0x00, //0x000070ac QUAD $0x0000000000000000; QUAD $0x0000000000000000  // .asciz 16, '\x00\x00\x00\x00\x00\x00\x00\x00\x00\x00\x00\x00\x00\x00\x00\x00'
	0x00, 0x00, 0x00, 0x00, 0x00, 0x00, 0x00, 0x00, 0x00, 0x00, 0x00, 0x00, 0x00, 0x00, 0x00, 0x00, //0x000070bc QUAD $0x0000000000000000; QUAD $0x0000000000000000  // .asciz 16, '\x00\x00\x00\x00\x00\x00\x00\x00\x00\x00\x00\x00\x00\x00\x00\x00'
	0x00, 0x00, 0x00, 0x00, //0x000070cc LONG $0x00000000  // .asciz 4, '\x00\x00\x00\x00'
	0x07, 0x00, 0x00, 0x00, //0x000070d0 .long 7
	0x32, 0x33, 0x38, 0x34, 0x31, 0x38, 0x35, 0x37, 0x39, 0x31, 0x30, 0x31, 0x35, 0x36, 0x32, 0x35, //0x000070d4 QUAD $0x3735383134383332; QUAD $0x3532363531303139  // .asciz 16, '2384185791015625'
	0x00, 0x00, 0x00, 0x00, 0x00, 0x00, 0x00, 0x00, 0x00, 0x00, 0x00, 0x00, 0x00, 0x00, 0x00, 0x00, //0x000070e4 QUAD $0x0000000000000000; QUAD $0x0000000000000000  // .asciz 16, '\x00\x00\x00\x00\x00\x00\x00\x00\x00\x00\x00\x00\x00\x00\x00\x00'
	0x00, 0x00, 0x00, 0x00, 0x00, 0x00, 0x00, 0x00, 0x00, 0x00, 0x00, 0x00, 0x00, 0x00, 0x00, 0x00, //0x000070f4 QUAD $0x0000000000000000; QUAD $0x0000000000000000  // .asciz 16, '\x00\x00\x00\x00\x00\x00\x00\x00\x00\x00\x00\x00\x00\x00\x00\x00'
	0x00, 0x00, 0x00, 0x00, 0x00, 0x00, 0x00, 0x00, 0x00, 0x00, 0x00, 0x00, 0x00, 0x00, 0x00, 0x00, //0x00007104 QUAD $0x0000000000000000; QUAD $0x0000000000000000  // .asciz 16, '\x00\x00\x00\x00\x00\x00\x00\x00\x00\x00\x00\x00\x00\x00\x00\x00'
	0x00, 0x00, 0x00, 0x00, 0x00, 0x00, 0x00, 0x00, 0x00, 0x00, 0x00, 0x00, 0x00, 0x00, 0x00, 0x00, //0x00007114 QUAD $0x0000000000000000; QUAD $0x0000000000000000  // .asciz 16, '\x00\x00\x00\x00\x00\x00\x00\x00\x00\x00\x00\x00\x00\x00\x00\x00'
	0x00, 0x00, 0x00, 0x00, 0x00, 0x00, 0x00, 0x00, 0x00, 0x00, 0x00, 0x00, 0x00, 0x00, 0x00, 0x00, //0x00007124 QUAD $0x0000000000000000; QUAD $0x0000000000000000  // .asciz 16, '\x00\x00\x00\x00\x00\x00\x00\x00\x00\x00\x00\x00\x00\x00\x00\x00'
	0x00, 0x00, 0x00, 0x00, //0x00007134 LONG $0x00000000  // .asciz 4, '\x00\x00\x00\x00'
	0x07, 0x00, 0x00, 0x00, //0x00007138 .long 7
	0x31, 0x31, 0x39, 0x32, 0x30, 0x39, 0x32, 0x38, 0x39, 0x35, 0x35, 0x30, 0x37, 0x38, 0x31, 0x32, //0x0000713c QUAD $0x3832393032393131; QUAD $0x3231383730353539  // .asciz 16, '1192092895507812'
	0x35, 0x00, 0x00, 0x00, 0x00, 0x00, 0x00, 0x00, 0x00, 0x00, 0x00, 0x00, 0x00, 0x00, 0x00, 0x00, //0x0000714c QUAD $0x0000000000000035; QUAD $0x0000000000000000  // .asciz 16, '5\x00\x00\x00\x00\x00\x00\x00\x00\x00\x00\x00\x00\x00\x00\x00'
	0x00, 0x00, 0x00, 0x00, 0x00, 0x00, 0x00, 0x00, 0x00, 0x00, 0x00, 0x00, 0x00, 0x00, 0x00, 0x00, //0x0000715c QUAD $0x0000000000000000; QUAD $0x0000000000000000  // .asciz 16, '\x00\x00\x00\x00\x00\x00\x00\x00\x00\x00\x00\x00\x00\x00\x00\x00'
	0x00, 0x00, 0x00, 0x00, 0x00, 0x00, 0x00, 0x00, 0x00, 0x00, 0x00, 0x00, 0x00, 0x00, 0x00, 0x00, //0x0000716c QUAD $0x0000000000000000; QUAD $0x0000000000000000  // .asciz 16, '\x00\x00\x00\x00\x00\x00\x00\x00\x00\x00\x00\x00\x00\x00\x00\x00'
	0x00, 0x00, 0x00, 0x00, 0x00, 0x00, 0x00, 0x00, 0x00, 0x00, 0x00, 0x00, 0x00, 0x00, 0x00, 0x00, //0x0000717c QUAD $0x0000000000000000; QUAD $0x0000000000000000  // .asciz 16, '\x00\x00\x00\x00\x00\x00\x00\x00\x00\x00\x00\x00\x00\x00\x00\x00'
	0x00, 0x00, 0x00, 0x00, 0x00, 0x00, 0x00, 0x00, 0x00, 0x00, 0x00, 0x00, 0x00, 0x00, 0x00, 0x00, //0x0000718c QUAD $0x0000000000000000; QUAD $0x0000000000000000  // .asciz 16, '\x00\x00\x00\x00\x00\x00\x00\x00\x00\x00\x00\x00\x00\x00\x00\x00'
	0x00, 0x00, 0x00, 0x00, //0x0000719c LONG $0x00000000  // .asciz 4, '\x00\x00\x00\x00'
	0x08, 0x00, 0x00, 0x00, //0x000071a0 .long 8
	0x35, 0x39, 0x36, 0x30, 0x34, 0x36, 0x34, 0x34, 0x37, 0x37, 0x35, 0x33, 0x39, 0x30, 0x36, 0x32, //0x000071a4 QUAD $0x3434363430363935; QUAD $0x3236303933353737  // .asciz 16, '5960464477539062'
	0x35, 0x00, 0x00, 0x00, 0x00, 0x00, 0x00, 0x00, 0x00, 0x00, 0x00, 0x00, 0x00, 0x00, 0x00, 0x00, //0x000071b4 QUAD $0x0000000000000035; QUAD $0x0000000000000000  // .asciz 16, '5\x00\x00\x00\x00\x00\x00\x00\x00\x00\x00\x00\x00\x00\x00\x00'
	0x00, 0x00, 0x00, 0x00, 0x00, 0x00, 0x00, 0x00, 0x00, 0x00, 0x00, 0x00, 0x00, 0x00, 0x00, 0x00, //0x000071c4 QUAD $0x0000000000000000; QUAD $0x0000000000000000  // .asciz 16, '\x00\x00\x00\x00\x00\x00\x00\x00\x00\x00\x00\x00\x00\x00\x00\x00'
	0x00, 0x00, 0x00, 0x00, 0x00, 0x00, 0x00, 0x00, 0x00, 0x00, 0x00, 0x00, 0x00, 0x00, 0x00, 0x00, //0x000071d4 QUAD $0x0000000000000000; QUAD $0x0000000000000000  // .asciz 16, '\x00\x00\x00\x00\x00\x00\x00\x00\x00\x00\x00\x00\x00\x00\x00\x00'
	0x00, 0x00, 0x00, 0x00, 0x00, 0x00, 0x00, 0x00, 0x00, 0x00, 0x00, 0x00, 0x00, 0x00, 0x00, 0x00, //0x000071e4 QUAD $0x0000000000000000; QUAD $0x0000000000000000  // .asciz 16, '\x00\x00\x00\x00\x00\x00\x00\x00\x00\x00\x00\x00\x00\x00\x00\x00'
	0x00, 0x00, 0x00, 0x00, 0x00, 0x00, 0x00, 0x00, 0x00, 0x00, 0x00, 0x00, 0x00, 0x00, 0x00, 0x00, //0x000071f4 QUAD $0x0000000000000000; QUAD $0x0000000000000000  // .asciz 16, '\x00\x00\x00\x00\x00\x00\x00\x00\x00\x00\x00\x00\x00\x00\x00\x00'
	0x00, 0x00, 0x00, 0x00, //0x00007204 LONG $0x00000000  // .asciz 4, '\x00\x00\x00\x00'
	0x08, 0x00, 0x00, 0x00, //0x00007208 .long 8
	0x32, 0x39, 0x38, 0x30, 0x32, 0x33, 0x32, 0x32, 0x33, 0x38, 0x37, 0x36, 0x39, 0x35, 0x33, 0x31, //0x0000720c QUAD $0x3232333230383932; QUAD $0x3133353936373833  // .asciz 16, '2980232238769531'
	0x32, 0x35, 0x00, 0x00, 0x00, 0x00, 0x00, 0x00, 0x00, 0x00, 0x00, 0x00, 0x00, 0x00, 0x00, 0x00, //0x0000721c QUAD $0x0000000000003532; QUAD $0x0000000000000000  // .asciz 16, '25\x00\x00\x00\x00\x00\x00\x00\x00\x00\x00\x00\x00\x00\x00'
	0x00, 0x00, 0x00, 0x00, 0x00, 0x00, 0x00, 0x00, 0x00, 0x00, 0x00, 0x00, 0x00, 0x00, 0x00, 0x00, //0x0000722c QUAD $0x0000000000000000; QUAD $0x0000000000000000  // .asciz 16, '\x00\x00\x00\x00\x00\x00\x00\x00\x00\x00\x00\x00\x00\x00\x00\x00'
	0x00, 0x00, 0x00, 0x00, 0x00, 0x00, 0x00, 0x00, 0x00, 0x00, 0x00, 0x00, 0x00, 0x00, 0x00, 0x00, //0x0000723c QUAD $0x0000000000000000; QUAD $0x0000000000000000  // .asciz 16, '\x00\x00\x00\x00\x00\x00\x00\x00\x00\x00\x00\x00\x00\x00\x00\x00'
	0x00, 0x00, 0x00, 0x00, 0x00, 0x00, 0x00, 0x00, 0x00, 0x00, 0x00, 0x00, 0x00, 0x00, 0x00, 0x00, //0x0000724c QUAD $0x0000000000000000; QUAD $0x0000000000000000  // .asciz 16, '\x00\x00\x00\x00\x00\x00\x00\x00\x00\x00\x00\x00\x00\x00\x00\x00'
	0x00, 0x00, 0x00, 0x00, 0x00, 0x00, 0x00, 0x00, 0x00, 0x00, 0x00, 0x00, 0x00, 0x00, 0x00, 0x00, //0x0000725c QUAD $0x0000000000000000; QUAD $0x0000000000000000  // .asciz 16, '\x00\x00\x00\x00\x00\x00\x00\x00\x00\x00\x00\x00\x00\x00\x00\x00'
	0x00, 0x00, 0x00, 0x00, //0x0000726c LONG $0x00000000  // .asciz 4, '\x00\x00\x00\x00'
	0x08, 0x00, 0x00, 0x00, //0x00007270 .long 8
	0x31, 0x34, 0x39, 0x30, 0x31, 0x31, 0x36, 0x31, 0x31, 0x39, 0x33, 0x38, 0x34, 0x37, 0x36, 0x35, //0x00007274 QUAD $0x3136313130393431; QUAD $0x3536373438333931  // .asciz 16, '1490116119384765'
	0x36, 0x32, 0x35, 0x00, 0x00, 0x00, 0x00, 0x00, 0x00, 0x00, 0x00, 0x00, 0x00, 0x00, 0x00, 0x00, //0x00007284 QUAD $0x0000000000353236; QUAD $0x0000000000000000  // .asciz 16, '625\x00\x00\x00\x00\x00\x00\x00\x00\x00\x00\x00\x00\x00'
	0x00, 0x00, 0x00, 0x00, 0x00, 0x00, 0x00, 0x00, 0x00, 0x00, 0x00, 0x00, 0x00, 0x00, 0x00, 0x00, //0x00007294 QUAD $0x0000000000000000; QUAD $0x0000000000000000  // .asciz 16, '\x00\x00\x00\x00\x00\x00\x00\x00\x00\x00\x00\x00\x00\x00\x00\x00'
	0x00, 0x00, 0x00, 0x00, 0x00, 0x00, 0x00, 0x00, 0x00, 0x00, 0x00, 0x00, 0x00, 0x00, 0x00, 0x00, //0x000072a4 QUAD $0x0000000000000000; QUAD $0x0000000000000000  // .asciz 16, '\x00\x00\x00\x00\x00\x00\x00\x00\x00\x00\x00\x00\x00\x00\x00\x00'
	0x00, 0x00, 0x00, 0x00, 0x00, 0x00, 0x00, 0x00, 0x00, 0x00, 0x00, 0x00, 0x00, 0x00, 0x00, 0x00, //0x000072b4 QUAD $0x0000000000000000; QUAD $0x0000000000000000  // .asciz 16, '\x00\x00\x00\x00\x00\x00\x00\x00\x00\x00\x00\x00\x00\x00\x00\x00'
	0x00, 0x00, 0x00, 0x00, 0x00, 0x00, 0x00, 0x00, 0x00, 0x00, 0x00, 0x00, 0x00, 0x00, 0x00, 0x00, //0x000072c4 QUAD $0x0000000000000000; QUAD $0x0000000000000000  // .asciz 16, '\x00\x00\x00\x00\x00\x00\x00\x00\x00\x00\x00\x00\x00\x00\x00\x00'
	0x00, 0x00, 0x00, 0x00, //0x000072d4 LONG $0x00000000  // .asciz 4, '\x00\x00\x00\x00'
	0x09, 0x00, 0x00, 0x00, //0x000072d8 .long 9
	0x37, 0x34, 0x35, 0x30, 0x35, 0x38, 0x30, 0x35, 0x39, 0x36, 0x39, 0x32, 0x33, 0x38, 0x32, 0x38, //0x000072dc QUAD $0x3530383530353437; QUAD $0x3832383332393639  // .asciz 16, '7450580596923828'
	0x31, 0x32, 0x35, 0x00, 0x00, 0x00, 0x00, 0x00, 0x00, 0x00, 0x00, 0x00, 0x00, 0x00, 0x00, 0x00, //0x000072ec QUAD $0x0000000000353231; QUAD $0x0000000000000000  // .asciz 16, '125\x00\x00\x00\x00\x00\x00\x00\x00\x00\x00\x00\x00\x00'
	0x00, 0x00, 0x00, 0x00, 0x00, 0x00, 0x00, 0x00, 0x00, 0x00, 0x00, 0x00, 0x00, 0x00, 0x00, 0x00, //0x000072fc QUAD $0x0000000000000000; QUAD $0x0000000000000000  // .asciz 16, '\x00\x00\x00\x00\x00\x00\x00\x00\x00\x00\x00\x00\x00\x00\x00\x00'
	0x00, 0x00, 0x00, 0x00, 0x00, 0x00, 0x00, 0x00, 0x00, 0x00, 0x00, 0x00, 0x00, 0x00, 0x00, 0x00, //0x0000730c QUAD $0x0000000000000000; QUAD $0x0000000000000000  // .asciz 16, '\x00\x00\x00\x00\x00\x00\x00\x00\x00\x00\x00\x00\x00\x00\x00\x00'
	0x00, 0x00, 0x00, 0x00, 0x00, 0x00, 0x00, 0x00, 0x00, 0x00, 0x00, 0x00, 0x00, 0x00, 0x00, 0x00, //0x0000731c QUAD $0x0000000000000000; QUAD $0x0000000000000000  // .asciz 16, '\x00\x00\x00\x00\x00\x00\x00\x00\x00\x00\x00\x00\x00\x00\x00\x00'
	0x00, 0x00, 0x00, 0x00, 0x00, 0x00, 0x00, 0x00, 0x00, 0x00, 0x00, 0x00, 0x00, 0x00, 0x00, 0x00, //0x0000732c QUAD $0x0000000000000000; QUAD $0x0000000000000000  // .asciz 16, '\x00\x00\x00\x00\x00\x00\x00\x00\x00\x00\x00\x00\x00\x00\x00\x00'
	0x00, 0x00, 0x00, 0x00, //0x0000733c LONG $0x00000000  // .asciz 4, '\x00\x00\x00\x00'
	0x09, 0x00, 0x00, 0x00, //0x00007340 .long 9
	0x33, 0x37, 0x32, 0x35, 0x32, 0x39, 0x30, 0x32, 0x39, 0x38, 0x34, 0x36, 0x31, 0x39, 0x31, 0x34, //0x00007344 QUAD $0x3230393235323733; QUAD $0x3431393136343839  // .asciz 16, '3725290298461914'
	0x30, 0x36, 0x32, 0x35, 0x00, 0x00, 0x00, 0x00, 0x00, 0x00, 0x00, 0x00, 0x00, 0x00, 0x00, 0x00, //0x00007354 QUAD $0x0000000035323630; QUAD $0x0000000000000000  // .asciz 16, '0625\x00\x00\x00\x00\x00\x00\x00\x00\x00\x00\x00\x00'
	0x00, 0x00, 0x00, 0x00, 0x00, 0x00, 0x00, 0x00, 0x00, 0x00, 0x00, 0x00, 0x00, 0x00, 0x00, 0x00, //0x00007364 QUAD $0x0000000000000000; QUAD $0x0000000000000000  // .asciz 16, '\x00\x00\x00\x00\x00\x00\x00\x00\x00\x00\x00\x00\x00\x00\x00\x00'
	0x00, 0x00, 0x00, 0x00, 0x00, 0x00, 0x00, 0x00, 0x00, 0x00, 0x00, 0x00, 0x00, 0x00, 0x00, 0x00, //0x00007374 QUAD $0x0000000000000000; QUAD $0x0000000000000000  // .asciz 16, '\x00\x00\x00\x00\x00\x00\x00\x00\x00\x00\x00\x00\x00\x00\x00\x00'
	0x00, 0x00, 0x00, 0x00, 0x00, 0x00, 0x00, 0x00, 0x00, 0x00, 0x00, 0x00, 0x00, 0x00, 0x00, 0x00, //0x00007384 QUAD $0x0000000000000000; QUAD $0x0000000000000000  // .asciz 16, '\x00\x00\x00\x00\x00\x00\x00\x00\x00\x00\x00\x00\x00\x00\x00\x00'
	0x00, 0x00, 0x00, 0x00, 0x00, 0x00, 0x00, 0x00, 0x00, 0x00, 0x00, 0x00, 0x00, 0x00, 0x00, 0x00, //0x00007394 QUAD $0x0000000000000000; QUAD $0x0000000000000000  // .asciz 16, '\x00\x00\x00\x00\x00\x00\x00\x00\x00\x00\x00\x00\x00\x00\x00\x00'
	0x00, 0x00, 0x00, 0x00, //0x000073a4 LONG $0x00000000  // .asciz 4, '\x00\x00\x00\x00'
	0x09, 0x00, 0x00, 0x00, //0x000073a8 .long 9
	0x31, 0x38, 0x36, 0x32, 0x36, 0x34, 0x35, 0x31, 0x34, 0x39, 0x32, 0x33, 0x30, 0x39, 0x35, 0x37, //0x000073ac QUAD $0x3135343632363831; QUAD $0x3735393033323934  // .asciz 16, '1862645149230957'
	0x30, 0x33, 0x31, 0x32, 0x35, 0x00, 0x00, 0x00, 0x00, 0x00, 0x00, 0x00, 0x00, 0x00, 0x00, 0x00, //0x000073bc QUAD $0x0000003532313330; QUAD $0x0000000000000000  // .asciz 16, '03125\x00\x00\x00\x00\x00\x00\x00\x00\x00\x00\x00'
	0x00, 0x00, 0x00, 0x00, 0x00, 0x00, 0x00, 0x00, 0x00, 0x00, 0x00, 0x00, 0x00, 0x00, 0x00, 0x00, //0x000073cc QUAD $0x0000000000000000; QUAD $0x0000000000000000  // .asciz 16, '\x00\x00\x00\x00\x00\x00\x00\x00\x00\x00\x00\x00\x00\x00\x00\x00'
	0x00, 0x00, 0x00, 0x00, 0x00, 0x00, 0x00, 0x00, 0x00, 0x00, 0x00, 0x00, 0x00, 0x00, 0x00, 0x00, //0x000073dc QUAD $0x0000000000000000; QUAD $0x0000000000000000  // .asciz 16, '\x00\x00\x00\x00\x00\x00\x00\x00\x00\x00\x00\x00\x00\x00\x00\x00'
	0x00, 0x00, 0x00, 0x00, 0x00, 0x00, 0x00, 0x00, 0x00, 0x00, 0x00, 0x00, 0x00, 0x00, 0x00, 0x00, //0x000073ec QUAD $0x0000000000000000; QUAD $0x0000000000000000  // .asciz 16, '\x00\x00\x00\x00\x00\x00\x00\x00\x00\x00\x00\x00\x00\x00\x00\x00'
	0x00, 0x00, 0x00, 0x00, 0x00, 0x00, 0x00, 0x00, 0x00, 0x00, 0x00, 0x00, 0x00, 0x00, 0x00, 0x00, //0x000073fc QUAD $0x0000000000000000; QUAD $0x0000000000000000  // .asciz 16, '\x00\x00\x00\x00\x00\x00\x00\x00\x00\x00\x00\x00\x00\x00\x00\x00'
	0x00, 0x00, 0x00, 0x00, //0x0000740c LONG $0x00000000  // .asciz 4, '\x00\x00\x00\x00'
	0x0a, 0x00, 0x00, 0x00, //0x00007410 .long 10
	0x39, 0x33, 0x31, 0x33, 0x32, 0x32, 0x35, 0x37, 0x34, 0x36, 0x31, 0x35, 0x34, 0x37, 0x38, 0x35, //0x00007414 QUAD $0x3735323233313339; QUAD $0x3538373435313634  // .asciz 16, '9313225746154785'
	0x31, 0x35, 0x36, 0x32, 0x35, 0x00, 0x00, 0x00, 0x00, 0x00, 0x00, 0x00, 0x00, 0x00, 0x00, 0x00, //0x00007424 QUAD $0x0000003532363531; QUAD $0x0000000000000000  // .asciz 16, '15625\x00\x00\x00\x00\x00\x00\x00\x00\x00\x00\x00'
	0x00, 0x00, 0x00, 0x00, 0x00, 0x00, 0x00, 0x00, 0x00, 0x00, 0x00, 0x00, 0x00, 0x00, 0x00, 0x00, //0x00007434 QUAD $0x0000000000000000; QUAD $0x0000000000000000  // .asciz 16, '\x00\x00\x00\x00\x00\x00\x00\x00\x00\x00\x00\x00\x00\x00\x00\x00'
	0x00, 0x00, 0x00, 0x00, 0x00, 0x00, 0x00, 0x00, 0x00, 0x00, 0x00, 0x00, 0x00, 0x00, 0x00, 0x00, //0x00007444 QUAD $0x0000000000000000; QUAD $0x0000000000000000  // .asciz 16, '\x00\x00\x00\x00\x00\x00\x00\x00\x00\x00\x00\x00\x00\x00\x00\x00'
	0x00, 0x00, 0x00, 0x00, 0x00, 0x00, 0x00, 0x00, 0x00, 0x00, 0x00, 0x00, 0x00, 0x00, 0x00, 0x00, //0x00007454 QUAD $0x0000000000000000; QUAD $0x0000000000000000  // .asciz 16, '\x00\x00\x00\x00\x00\x00\x00\x00\x00\x00\x00\x00\x00\x00\x00\x00'
	0x00, 0x00, 0x00, 0x00, 0x00, 0x00, 0x00, 0x00, 0x00, 0x00, 0x00, 0x00, 0x00, 0x00, 0x00, 0x00, //0x00007464 QUAD $0x0000000000000000; QUAD $0x0000000000000000  // .asciz 16, '\x00\x00\x00\x00\x00\x00\x00\x00\x00\x00\x00\x00\x00\x00\x00\x00'
	0x00, 0x00, 0x00, 0x00, //0x00007474 LONG $0x00000000  // .asciz 4, '\x00\x00\x00\x00'
	0x0a, 0x00, 0x00, 0x00, //0x00007478 .long 10
	0x34, 0x36, 0x35, 0x36, 0x36, 0x31, 0x32, 0x38, 0x37, 0x33, 0x30, 0x37, 0x37, 0x33, 0x39, 0x32, //0x0000747c QUAD $0x3832313636353634; QUAD $0x3239333737303337  // .asciz 16, '4656612873077392'
	0x35, 0x37, 0x38, 0x31, 0x32, 0x35, 0x00, 0x00, 0x00, 0x00, 0x00, 0x00, 0x00, 0x00, 0x00, 0x00, //0x0000748c QUAD $0x0000353231383735; QUAD $0x0000000000000000  // .asciz 16, '578125\x00\x00\x00\x00\x00\x00\x00\x00\x00\x00'
	0x00, 0x00, 0x00, 0x00, 0x00, 0x00, 0x00, 0x00, 0x00, 0x00, 0x00, 0x00, 0x00, 0x00, 0x00, 0x00, //0x0000749c QUAD $0x0000000000000000; QUAD $0x0000000000000000  // .asciz 16, '\x00\x00\x00\x00\x00\x00\x00\x00\x00\x00\x00\x00\x00\x00\x00\x00'
	0x00, 0x00, 0x00, 0x00, 0x00, 0x00, 0x00, 0x00, 0x00, 0x00, 0x00, 0x00, 0x00, 0x00, 0x00, 0x00, //0x000074ac QUAD $0x0000000000000000; QUAD $0x0000000000000000  // .asciz 16, '\x00\x00\x00\x00\x00\x00\x00\x00\x00\x00\x00\x00\x00\x00\x00\x00'
	0x00, 0x00, 0x00, 0x00, 0x00, 0x00, 0x00, 0x00, 0x00, 0x00, 0x00, 0x00, 0x00, 0x00, 0x00, 0x00, //0x000074bc QUAD $0x0000000000000000; QUAD $0x0000000000000000  // .asciz 16, '\x00\x00\x00\x00\x00\x00\x00\x00\x00\x00\x00\x00\x00\x00\x00\x00'
	0x00, 0x00, 0x00, 0x00, 0x00, 0x00, 0x00, 0x00, 0x00, 0x00, 0x00, 0x00, 0x00, 0x00, 0x00, 0x00, //0x000074cc QUAD $0x0000000000000000; QUAD $0x0000000000000000  // .asciz 16, '\x00\x00\x00\x00\x00\x00\x00\x00\x00\x00\x00\x00\x00\x00\x00\x00'
	0x00, 0x00, 0x00, 0x00, //0x000074dc LONG $0x00000000  // .asciz 4, '\x00\x00\x00\x00'
	0x0a, 0x00, 0x00, 0x00, //0x000074e0 .long 10
	0x32, 0x33, 0x32, 0x38, 0x33, 0x30, 0x36, 0x34, 0x33, 0x36, 0x35, 0x33, 0x38, 0x36, 0x39, 0x36, //0x000074e4 QUAD $0x3436303338323332; QUAD $0x3639363833353633  // .asciz 16, '2328306436538696'
	0x32, 0x38, 0x39, 0x30, 0x36, 0x32, 0x35, 0x00, 0x00, 0x00, 0x00, 0x00, 0x00, 0x00, 0x00, 0x00, //0x000074f4 QUAD $0x0035323630393832; QUAD $0x0000000000000000  // .asciz 16, '2890625\x00\x00\x00\x00\x00\x00\x00\x00\x00'
	0x00, 0x00, 0x00, 0x00, 0x00, 0x00, 0x00, 0x00, 0x00, 0x00, 0x00, 0x00, 0x00, 0x00, 0x00, 0x00, //0x00007504 QUAD $0x0000000000000000; QUAD $0x0000000000000000  // .asciz 16, '\x00\x00\x00\x00\x00\x00\x00\x00\x00\x00\x00\x00\x00\x00\x00\x00'
	0x00, 0x00, 0x00, 0x00, 0x00, 0x00, 0x00, 0x00, 0x00, 0x00, 0x00, 0x00, 0x00, 0x00, 0x00, 0x00, //0x00007514 QUAD $0x0000000000000000; QUAD $0x0000000000000000  // .asciz 16, '\x00\x00\x00\x00\x00\x00\x00\x00\x00\x00\x00\x00\x00\x00\x00\x00'
	0x00, 0x00, 0x00, 0x00, 0x00, 0x00, 0x00, 0x00, 0x00, 0x00, 0x00, 0x00, 0x00, 0x00, 0x00, 0x00, //0x00007524 QUAD $0x0000000000000000; QUAD $0x0000000000000000  // .asciz 16, '\x00\x00\x00\x00\x00\x00\x00\x00\x00\x00\x00\x00\x00\x00\x00\x00'
	0x00, 0x00, 0x00, 0x00, 0x00, 0x00, 0x00, 0x00, 0x00, 0x00, 0x00, 0x00, 0x00, 0x00, 0x00, 0x00, //0x00007534 QUAD $0x0000000000000000; QUAD $0x0000000000000000  // .asciz 16, '\x00\x00\x00\x00\x00\x00\x00\x00\x00\x00\x00\x00\x00\x00\x00\x00'
	0x00, 0x00, 0x00, 0x00, //0x00007544 LONG $0x00000000  // .asciz 4, '\x00\x00\x00\x00'
	0x0a, 0x00, 0x00, 0x00, //0x00007548 .long 10
	0x31, 0x31, 0x36, 0x34, 0x31, 0x35, 0x33, 0x32, 0x31, 0x38, 0x32, 0x36, 0x39, 0x33, 0x34, 0x38, //0x0000754c QUAD $0x3233353134363131; QUAD $0x3834333936323831  // .asciz 16, '1164153218269348'
	0x31, 0x34, 0x34, 0x35, 0x33, 0x31, 0x32, 0x35, 0x00, 0x00, 0x00, 0x00, 0x00, 0x00, 0x00, 0x00, //0x0000755c QUAD $0x3532313335343431; QUAD $0x0000000000000000  // .asciz 16, '14453125\x00\x00\x00\x00\x00\x00\x00\x00'
	0x00, 0x00, 0x00, 0x00, 0x00, 0x00, 0x00, 0x00, 0x00, 0x00, 0x00, 0x00, 0x00, 0x00, 0x00, 0x00, //0x0000756c QUAD $0x0000000000000000; QUAD $0x0000000000000000  // .asciz 16, '\x00\x00\x00\x00\x00\x00\x00\x00\x00\x00\x00\x00\x00\x00\x00\x00'
	0x00, 0x00, 0x00, 0x00, 0x00, 0x00, 0x00, 0x00, 0x00, 0x00, 0x00, 0x00, 0x00, 0x00, 0x00, 0x00, //0x0000757c QUAD $0x0000000000000000; QUAD $0x0000000000000000  // .asciz 16, '\x00\x00\x00\x00\x00\x00\x00\x00\x00\x00\x00\x00\x00\x00\x00\x00'
	0x00, 0x00, 0x00, 0x00, 0x00, 0x00, 0x00, 0x00, 0x00, 0x00, 0x00, 0x00, 0x00, 0x00, 0x00, 0x00, //0x0000758c QUAD $0x0000000000000000; QUAD $0x0000000000000000  // .asciz 16, '\x00\x00\x00\x00\x00\x00\x00\x00\x00\x00\x00\x00\x00\x00\x00\x00'
	0x00, 0x00, 0x00, 0x00, 0x00, 0x00, 0x00, 0x00, 0x00, 0x00, 0x00, 0x00, 0x00, 0x00, 0x00, 0x00, //0x0000759c QUAD $0x0000000000000000; QUAD $0x0000000000000000  // .asciz 16, '\x00\x00\x00\x00\x00\x00\x00\x00\x00\x00\x00\x00\x00\x00\x00\x00'
	0x00, 0x00, 0x00, 0x00, //0x000075ac LONG $0x00000000  // .asciz 4, '\x00\x00\x00\x00'
	0x0b, 0x00, 0x00, 0x00, //0x000075b0 .long 11
	0x35, 0x38, 0x32, 0x30, 0x37, 0x36, 0x36, 0x30, 0x39, 0x31, 0x33, 0x34, 0x36, 0x37, 0x34, 0x30, //0x000075b4 QUAD $0x3036363730323835; QUAD $0x3034373634333139  // .asciz 16, '5820766091346740'
	0x37, 0x32, 0x32, 0x36, 0x35, 0x36, 0x32, 0x35, 0x00, 0x00, 0x00, 0x00, 0x00, 0x00, 0x00, 0x00, //0x000075c4 QUAD $0x3532363536323237; QUAD $0x0000000000000000  // .asciz 16, '72265625\x00\x00\x00\x00\x00\x00\x00\x00'
	0x00, 0x00, 0x00, 0x00, 0x00, 0x00, 0x00, 0x00, 0x00, 0x00, 0x00, 0x00, 0x00, 0x00, 0x00, 0x00, //0x000075d4 QUAD $0x0000000000000000; QUAD $0x0000000000000000  // .asciz 16, '\x00\x00\x00\x00\x00\x00\x00\x00\x00\x00\x00\x00\x00\x00\x00\x00'
	0x00, 0x00, 0x00, 0x00, 0x00, 0x00, 0x00, 0x00, 0x00, 0x00, 0x00, 0x00, 0x00, 0x00, 0x00, 0x00, //0x000075e4 QUAD $0x0000000000000000; QUAD $0x0000000000000000  // .asciz 16, '\x00\x00\x00\x00\x00\x00\x00\x00\x00\x00\x00\x00\x00\x00\x00\x00'
	0x00, 0x00, 0x00, 0x00, 0x00, 0x00, 0x00, 0x00, 0x00, 0x00, 0x00, 0x00, 0x00, 0x00, 0x00, 0x00, //0x000075f4 QUAD $0x0000000000000000; QUAD $0x0000000000000000  // .asciz 16, '\x00\x00\x00\x00\x00\x00\x00\x00\x00\x00\x00\x00\x00\x00\x00\x00'
	0x00, 0x00, 0x00, 0x00, 0x00, 0x00, 0x00, 0x00, 0x00, 0x00, 0x00, 0x00, 0x00, 0x00, 0x00, 0x00, //0x00007604 QUAD $0x0000000000000000; QUAD $0x0000000000000000  // .asciz 16, '\x00\x00\x00\x00\x00\x00\x00\x00\x00\x00\x00\x00\x00\x00\x00\x00'
	0x00, 0x00, 0x00, 0x00, //0x00007614 LONG $0x00000000  // .asciz 4, '\x00\x00\x00\x00'
	0x0b, 0x00, 0x00, 0x00, //0x00007618 .long 11
	0x32, 0x39, 0x31, 0x30, 0x33, 0x38, 0x33, 0x30, 0x34, 0x35, 0x36, 0x37, 0x33, 0x33, 0x37, 0x30, //0x0000761c QUAD $0x3033383330313932; QUAD $0x3037333337363534  // .asciz 16, '2910383045673370'
	0x33, 0x36, 0x31, 0x33, 0x32, 0x38, 0x31, 0x32, 0x35, 0x00, 0x00, 0x00, 0x00, 0x00, 0x00, 0x00, //0x0000762c QUAD $0x3231383233313633; QUAD $0x0000000000000035  // .asciz 16, '361328125\x00\x00\x00\x00\x00\x00\x00'
	0x00, 0x00, 0x00, 0x00, 0x00, 0x00, 0x00, 0x00, 0x00, 0x00, 0x00, 0x00, 0x00, 0x00, 0x00, 0x00, //0x0000763c QUAD $0x0000000000000000; QUAD $0x0000000000000000  // .asciz 16, '\x00\x00\x00\x00\x00\x00\x00\x00\x00\x00\x00\x00\x00\x00\x00\x00'
	0x00, 0x00, 0x00, 0x00, 0x00, 0x00, 0x00, 0x00, 0x00, 0x00, 0x00, 0x00, 0x00, 0x00, 0x00, 0x00, //0x0000764c QUAD $0x0000000000000000; QUAD $0x0000000000000000  // .asciz 16, '\x00\x00\x00\x00\x00\x00\x00\x00\x00\x00\x00\x00\x00\x00\x00\x00'
	0x00, 0x00, 0x00, 0x00, 0x00, 0x00, 0x00, 0x00, 0x00, 0x00, 0x00, 0x00, 0x00, 0x00, 0x00, 0x00, //0x0000765c QUAD $0x0000000000000000; QUAD $0x0000000000000000  // .asciz 16, '\x00\x00\x00\x00\x00\x00\x00\x00\x00\x00\x00\x00\x00\x00\x00\x00'
	0x00, 0x00, 0x00, 0x00, 0x00, 0x00, 0x00, 0x00, 0x00, 0x00, 0x00, 0x00, 0x00, 0x00, 0x00, 0x00, //0x0000766c QUAD $0x0000000000000000; QUAD $0x0000000000000000  // .asciz 16, '\x00\x00\x00\x00\x00\x00\x00\x00\x00\x00\x00\x00\x00\x00\x00\x00'
	0x00, 0x00, 0x00, 0x00, //0x0000767c LONG $0x00000000  // .asciz 4, '\x00\x00\x00\x00'
	0x0b, 0x00, 0x00, 0x00, //0x00007680 .long 11
	0x31, 0x34, 0x35, 0x35, 0x31, 0x39, 0x31, 0x35, 0x32, 0x32, 0x38, 0x33, 0x36, 0x36, 0x38, 0x35, //0x00007684 QUAD $0x3531393135353431; QUAD $0x3538363633383232  // .asciz 16, '1455191522836685'
	0x31, 0x38, 0x30, 0x36, 0x36, 0x34, 0x30, 0x36, 0x32, 0x35, 0x00, 0x00, 0x00, 0x00, 0x00, 0x00, //0x00007694 QUAD $0x3630343636303831; QUAD $0x0000000000003532  // .asciz 16, '1806640625\x00\x00\x00\x00\x00\x00'
	0x00, 0x00, 0x00, 0x00, 0x00, 0x00, 0x00, 0x00, 0x00, 0x00, 0x00, 0x00, 0x00, 0x00, 0x00, 0x00, //0x000076a4 QUAD $0x0000000000000000; QUAD $0x0000000000000000  // .asciz 16, '\x00\x00\x00\x00\x00\x00\x00\x00\x00\x00\x00\x00\x00\x00\x00\x00'
	0x00, 0x00, 0x00, 0x00, 0x00, 0x00, 0x00, 0x00, 0x00, 0x00, 0x00, 0x00, 0x00, 0x00, 0x00, 0x00, //0x000076b4 QUAD $0x0000000000000000; QUAD $0x0000000000000000  // .asciz 16, '\x00\x00\x00\x00\x00\x00\x00\x00\x00\x00\x00\x00\x00\x00\x00\x00'
	0x00, 0x00, 0x00, 0x00, 0x00, 0x00, 0x00, 0x00, 0x00, 0x00, 0x00, 0x00, 0x00, 0x00, 0x00, 0x00, //0x000076c4 QUAD $0x0000000000000000; QUAD $0x0000000000000000  // .asciz 16, '\x00\x00\x00\x00\x00\x00\x00\x00\x00\x00\x00\x00\x00\x00\x00\x00'
	0x00, 0x00, 0x00, 0x00, 0x00, 0x00, 0x00, 0x00, 0x00, 0x00, 0x00, 0x00, 0x00, 0x00, 0x00, 0x00, //0x000076d4 QUAD $0x0000000000000000; QUAD $0x0000000000000000  // .asciz 16, '\x00\x00\x00\x00\x00\x00\x00\x00\x00\x00\x00\x00\x00\x00\x00\x00'
	0x00, 0x00, 0x00, 0x00, //0x000076e4 LONG $0x00000000  // .asciz 4, '\x00\x00\x00\x00'
	0x0c, 0x00, 0x00, 0x00, //0x000076e8 .long 12
	0x37, 0x32, 0x37, 0x35, 0x39, 0x35, 0x37, 0x36, 0x31, 0x34, 0x31, 0x38, 0x33, 0x34, 0x32, 0x35, //0x000076ec QUAD $0x3637353935373237; QUAD $0x3532343338313431  // .asciz 16, '7275957614183425'
	0x39, 0x30, 0x33, 0x33, 0x32, 0x30, 0x33, 0x31, 0x32, 0x35, 0x00, 0x00, 0x00, 0x00, 0x00, 0x00, //0x000076fc QUAD $0x3133303233333039; QUAD $0x0000000000003532  // .asciz 16, '9033203125\x00\x00\x00\x00\x00\x00'
	0x00, 0x00, 0x00, 0x00, 0x00, 0x00, 0x00, 0x00, 0x00, 0x00, 0x00, 0x00, 0x00, 0x00, 0x00, 0x00, //0x0000770c QUAD $0x0000000000000000; QUAD $0x0000000000000000  // .asciz 16, '\x00\x00\x00\x00\x00\x00\x00\x00\x00\x00\x00\x00\x00\x00\x00\x00'
	0x00, 0x00, 0x00, 0x00, 0x00, 0x00, 0x00, 0x00, 0x00, 0x00, 0x00, 0x00, 0x00, 0x00, 0x00, 0x00, //0x0000771c QUAD $0x0000000000000000; QUAD $0x0000000000000000  // .asciz 16, '\x00\x00\x00\x00\x00\x00\x00\x00\x00\x00\x00\x00\x00\x00\x00\x00'
	0x00, 0x00, 0x00, 0x00, 0x00, 0x00, 0x00, 0x00, 0x00, 0x00, 0x00, 0x00, 0x00, 0x00, 0x00, 0x00, //0x0000772c QUAD $0x0000000000000000; QUAD $0x0000000000000000  // .asciz 16, '\x00\x00\x00\x00\x00\x00\x00\x00\x00\x00\x00\x00\x00\x00\x00\x00'
	0x00, 0x00, 0x00, 0x00, 0x00, 0x00, 0x00, 0x00, 0x00, 0x00, 0x00, 0x00, 0x00, 0x00, 0x00, 0x00, //0x0000773c QUAD $0x0000000000000000; QUAD $0x0000000000000000  // .asciz 16, '\x00\x00\x00\x00\x00\x00\x00\x00\x00\x00\x00\x00\x00\x00\x00\x00'
	0x00, 0x00, 0x00, 0x00, //0x0000774c LONG $0x00000000  // .asciz 4, '\x00\x00\x00\x00'
	0x0c, 0x00, 0x00, 0x00, //0x00007750 .long 12
	0x33, 0x36, 0x33, 0x37, 0x39, 0x37, 0x38, 0x38, 0x30, 0x37, 0x30, 0x39, 0x31, 0x37, 0x31, 0x32, //0x00007754 QUAD $0x3838373937333633; QUAD $0x3231373139303730  // .asciz 16, '3637978807091712'
	0x39, 0x35, 0x31, 0x36, 0x36, 0x30, 0x31, 0x35, 0x36, 0x32, 0x35, 0x00, 0x00, 0x00, 0x00, 0x00, //0x00007764 QUAD $0x3531303636313539; QUAD $0x0000000000353236  // .asciz 16, '95166015625\x00\x00\x00\x00\x00'
	0x00, 0x00, 0x00, 0x00, 0x00, 0x00, 0x00, 0x00, 0x00, 0x00, 0x00, 0x00, 0x00, 0x00, 0x00, 0x00, //0x00007774 QUAD $0x0000000000000000; QUAD $0x0000000000000000  // .asciz 16, '\x00\x00\x00\x00\x00\x00\x00\x00\x00\x00\x00\x00\x00\x00\x00\x00'
	0x00, 0x00, 0x00, 0x00, 0x00, 0x00, 0x00, 0x00, 0x00, 0x00, 0x00, 0x00, 0x00, 0x00, 0x00, 0x00, //0x00007784 QUAD $0x0000000000000000; QUAD $0x0000000000000000  // .asciz 16, '\x00\x00\x00\x00\x00\x00\x00\x00\x00\x00\x00\x00\x00\x00\x00\x00'
	0x00, 0x00, 0x00, 0x00, 0x00, 0x00, 0x00, 0x00, 0x00, 0x00, 0x00, 0x00, 0x00, 0x00, 0x00, 0x00, //0x00007794 QUAD $0x0000000000000000; QUAD $0x0000000000000000  // .asciz 16, '\x00\x00\x00\x00\x00\x00\x00\x00\x00\x00\x00\x00\x00\x00\x00\x00'
	0x00, 0x00, 0x00, 0x00, 0x00, 0x00, 0x00, 0x00, 0x00, 0x00, 0x00, 0x00, 0x00, 0x00, 0x00, 0x00, //0x000077a4 QUAD $0x0000000000000000; QUAD $0x0000000000000000  // .asciz 16, '\x00\x00\x00\x00\x00\x00\x00\x00\x00\x00\x00\x00\x00\x00\x00\x00'
	0x00, 0x00, 0x00, 0x00, //0x000077b4 LONG $0x00000000  // .asciz 4, '\x00\x00\x00\x00'
	0x0c, 0x00, 0x00, 0x00, //0x000077b8 .long 12
	0x31, 0x38, 0x31, 0x38, 0x39, 0x38, 0x39, 0x34, 0x30, 0x33, 0x35, 0x34, 0x35, 0x38, 0x35, 0x36, //0x000077bc QUAD $0x3439383938313831; QUAD $0x3635383534353330  // .asciz 16, '1818989403545856'
	0x34, 0x37, 0x35, 0x38, 0x33, 0x30, 0x30, 0x37, 0x38, 0x31, 0x32, 0x35, 0x00, 0x00, 0x00, 0x00, //0x000077cc QUAD $0x3730303338353734; QUAD $0x0000000035323138  // .asciz 16, '475830078125\x00\x00\x00\x00'
	0x00, 0x00, 0x00, 0x00, 0x00, 0x00, 0x00, 0x00, 0x00, 0x00, 0x00, 0x00, 0x00, 0x00, 0x00, 0x00, //0x000077dc QUAD $0x0000000000000000; QUAD $0x0000000000000000  // .asciz 16, '\x00\x00\x00\x00\x00\x00\x00\x00\x00\x00\x00\x00\x00\x00\x00\x00'
	0x00, 0x00, 0x00, 0x00, 0x00, 0x00, 0x00, 0x00, 0x00, 0x00, 0x00, 0x00, 0x00, 0x00, 0x00, 0x00, //0x000077ec QUAD $0x0000000000000000; QUAD $0x0000000000000000  // .asciz 16, '\x00\x00\x00\x00\x00\x00\x00\x00\x00\x00\x00\x00\x00\x00\x00\x00'
	0x00, 0x00, 0x00, 0x00, 0x00, 0x00, 0x00, 0x00, 0x00, 0x00, 0x00, 0x00, 0x00, 0x00, 0x00, 0x00, //0x000077fc QUAD $0x0000000000000000; QUAD $0x0000000000000000  // .asciz 16, '\x00\x00\x00\x00\x00\x00\x00\x00\x00\x00\x00\x00\x00\x00\x00\x00'
	0x00, 0x00, 0x00, 0x00, 0x00, 0x00, 0x00, 0x00, 0x00, 0x00, 0x00, 0x00, 0x00, 0x00, 0x00, 0x00, //0x0000780c QUAD $0x0000000000000000; QUAD $0x0000000000000000  // .asciz 16, '\x00\x00\x00\x00\x00\x00\x00\x00\x00\x00\x00\x00\x00\x00\x00\x00'
	0x00, 0x00, 0x00, 0x00, //0x0000781c LONG $0x00000000  // .asciz 4, '\x00\x00\x00\x00'
	0x0d, 0x00, 0x00, 0x00, //0x00007820 .long 13
	0x39, 0x30, 0x39, 0x34, 0x39, 0x34, 0x37, 0x30, 0x31, 0x37, 0x37, 0x32, 0x39, 0x32, 0x38, 0x32, //0x00007824 QUAD $0x3037343934393039; QUAD $0x3238323932373731  // .asciz 16, '9094947017729282'
	0x33, 0x37, 0x39, 0x31, 0x35, 0x30, 0x33, 0x39, 0x30, 0x36, 0x32, 0x35, 0x00, 0x00, 0x00, 0x00, //0x00007834 QUAD $0x3933303531393733; QUAD $0x0000000035323630  // .asciz 16, '379150390625\x00\x00\x00\x00'
	0x00, 0x00, 0x00, 0x00, 0x00, 0x00, 0x00, 0x00, 0x00, 0x00, 0x00, 0x00, 0x00, 0x00, 0x00, 0x00, //0x00007844 QUAD $0x0000000000000000; QUAD $0x0000000000000000  // .asciz 16, '\x00\x00\x00\x00\x00\x00\x00\x00\x00\x00\x00\x00\x00\x00\x00\x00'
	0x00, 0x00, 0x00, 0x00, 0x00, 0x00, 0x00, 0x00, 0x00, 0x00, 0x00, 0x00, 0x00, 0x00, 0x00, 0x00, //0x00007854 QUAD $0x0000000000000000; QUAD $0x0000000000000000  // .asciz 16, '\x00\x00\x00\x00\x00\x00\x00\x00\x00\x00\x00\x00\x00\x00\x00\x00'
	0x00, 0x00, 0x00, 0x00, 0x00, 0x00, 0x00, 0x00, 0x00, 0x00, 0x00, 0x00, 0x00, 0x00, 0x00, 0x00, //0x00007864 QUAD $0x0000000000000000; QUAD $0x0000000000000000  // .asciz 16, '\x00\x00\x00\x00\x00\x00\x00\x00\x00\x00\x00\x00\x00\x00\x00\x00'
	0x00, 0x00, 0x00, 0x00, 0x00, 0x00, 0x00, 0x00, 0x00, 0x00, 0x00, 0x00, 0x00, 0x00, 0x00, 0x00, //0x00007874 QUAD $0x0000000000000000; QUAD $0x0000000000000000  // .asciz 16, '\x00\x00\x00\x00\x00\x00\x00\x00\x00\x00\x00\x00\x00\x00\x00\x00'
	0x00, 0x00, 0x00, 0x00, //0x00007884 LONG $0x00000000  // .asciz 4, '\x00\x00\x00\x00'
	0x0d, 0x00, 0x00, 0x00, //0x00007888 .long 13
	0x34, 0x35, 0x34, 0x37, 0x34, 0x37, 0x33, 0x35, 0x30, 0x38, 0x38, 0x36, 0x34, 0x36, 0x34, 0x31, //0x0000788c QUAD $0x3533373437343534; QUAD $0x3134363436383830  // .asciz 16, '4547473508864641'
	0x31, 0x38, 0x39, 0x35, 0x37, 0x35, 0x31, 0x39, 0x35, 0x33, 0x31, 0x32, 0x35, 0x00, 0x00, 0x00, //0x0000789c QUAD $0x3931353735393831; QUAD $0x0000003532313335  // .asciz 16, '1895751953125\x00\x00\x00'
	0x00, 0x00, 0x00, 0x00, 0x00, 0x00, 0x00, 0x00, 0x00, 0x00, 0x00, 0x00, 0x00, 0x00, 0x00, 0x00, //0x000078ac QUAD $0x0000000000000000; QUAD $0x0000000000000000  // .asciz 16, '\x00\x00\x00\x00\x00\x00\x00\x00\x00\x00\x00\x00\x00\x00\x00\x00'
	0x00, 0x00, 0x00, 0x00, 0x00, 0x00, 0x00, 0x00, 0x00, 0x00, 0x00, 0x00, 0x00, 0x00, 0x00, 0x00, //0x000078bc QUAD $0x0000000000000000; QUAD $0x0000000000000000  // .asciz 16, '\x00\x00\x00\x00\x00\x00\x00\x00\x00\x00\x00\x00\x00\x00\x00\x00'
	0x00, 0x00, 0x00, 0x00, 0x00, 0x00, 0x00, 0x00, 0x00, 0x00, 0x00, 0x00, 0x00, 0x00, 0x00, 0x00, //0x000078cc QUAD $0x0000000000000000; QUAD $0x0000000000000000  // .asciz 16, '\x00\x00\x00\x00\x00\x00\x00\x00\x00\x00\x00\x00\x00\x00\x00\x00'
	0x00, 0x00, 0x00, 0x00, 0x00, 0x00, 0x00, 0x00, 0x00, 0x00, 0x00, 0x00, 0x00, 0x00, 0x00, 0x00, //0x000078dc QUAD $0x0000000000000000; QUAD $0x0000000000000000  // .asciz 16, '\x00\x00\x00\x00\x00\x00\x00\x00\x00\x00\x00\x00\x00\x00\x00\x00'
	0x00, 0x00, 0x00, 0x00, //0x000078ec LONG $0x00000000  // .asciz 4, '\x00\x00\x00\x00'
	0x0d, 0x00, 0x00, 0x00, //0x000078f0 .long 13
	0x32, 0x32, 0x37, 0x33, 0x37, 0x33, 0x36, 0x37, 0x35, 0x34, 0x34, 0x33, 0x32, 0x33, 0x32, 0x30, //0x000078f4 QUAD $0x3736333733373232; QUAD $0x3032333233343435  // .asciz 16, '2273736754432320'
	0x35, 0x39, 0x34, 0x37, 0x38, 0x37, 0x35, 0x39, 0x37, 0x36, 0x35, 0x36, 0x32, 0x35, 0x00, 0x00, //0x00007904 QUAD $0x3935373837343935; QUAD $0x0000353236353637  // .asciz 16, '59478759765625\x00\x00'
	0x00, 0x00, 0x00, 0x00, 0x00, 0x00, 0x00, 0x00, 0x00, 0x00, 0x00, 0x00, 0x00, 0x00, 0x00, 0x00, //0x00007914 QUAD $0x0000000000000000; QUAD $0x0000000000000000  // .asciz 16, '\x00\x00\x00\x00\x00\x00\x00\x00\x00\x00\x00\x00\x00\x00\x00\x00'
	0x00, 0x00, 0x00, 0x00, 0x00, 0x00, 0x00, 0x00, 0x00, 0x00, 0x00, 0x00, 0x00, 0x00, 0x00, 0x00, //0x00007924 QUAD $0x0000000000000000; QUAD $0x0000000000000000  // .asciz 16, '\x00\x00\x00\x00\x00\x00\x00\x00\x00\x00\x00\x00\x00\x00\x00\x00'
	0x00, 0x00, 0x00, 0x00, 0x00, 0x00, 0x00, 0x00, 0x00, 0x00, 0x00, 0x00, 0x00, 0x00, 0x00, 0x00, //0x00007934 QUAD $0x0000000000000000; QUAD $0x0000000000000000  // .asciz 16, '\x00\x00\x00\x00\x00\x00\x00\x00\x00\x00\x00\x00\x00\x00\x00\x00'
	0x00, 0x00, 0x00, 0x00, 0x00, 0x00, 0x00, 0x00, 0x00, 0x00, 0x00, 0x00, 0x00, 0x00, 0x00, 0x00, //0x00007944 QUAD $0x0000000000000000; QUAD $0x0000000000000000  // .asciz 16, '\x00\x00\x00\x00\x00\x00\x00\x00\x00\x00\x00\x00\x00\x00\x00\x00'
	0x00, 0x00, 0x00, 0x00, //0x00007954 LONG $0x00000000  // .asciz 4, '\x00\x00\x00\x00'
	0x0d, 0x00, 0x00, 0x00, //0x00007958 .long 13
	0x31, 0x31, 0x33, 0x36, 0x38, 0x36, 0x38, 0x33, 0x37, 0x37, 0x32, 0x31, 0x36, 0x31, 0x36, 0x30, //0x0000795c QUAD $0x3338363836333131; QUAD $0x3036313631323737  // .asciz 16, '1136868377216160'
	0x32, 0x39, 0x37, 0x33, 0x39, 0x33, 0x37, 0x39, 0x38, 0x38, 0x32, 0x38, 0x31, 0x32, 0x35, 0x00, //0x0000796c QUAD $0x3937333933373932; QUAD $0x0035323138323838  // .asciz 16, '297393798828125\x00'
	0x00, 0x00, 0x00, 0x00, 0x00, 0x00, 0x00, 0x00, 0x00, 0x00, 0x00, 0x00, 0x00, 0x00, 0x00, 0x00, //0x0000797c QUAD $0x0000000000000000; QUAD $0x0000000000000000  // .asciz 16, '\x00\x00\x00\x00\x00\x00\x00\x00\x00\x00\x00\x00\x00\x00\x00\x00'
	0x00, 0x00, 0x00, 0x00, 0x00, 0x00, 0x00, 0x00, 0x00, 0x00, 0x00, 0x00, 0x00, 0x00, 0x00, 0x00, //0x0000798c QUAD $0x0000000000000000; QUAD $0x0000000000000000  // .asciz 16, '\x00\x00\x00\x00\x00\x00\x00\x00\x00\x00\x00\x00\x00\x00\x00\x00'
	0x00, 0x00, 0x00, 0x00, 0x00, 0x00, 0x00, 0x00, 0x00, 0x00, 0x00, 0x00, 0x00, 0x00, 0x00, 0x00, //0x0000799c QUAD $0x0000000000000000; QUAD $0x0000000000000000  // .asciz 16, '\x00\x00\x00\x00\x00\x00\x00\x00\x00\x00\x00\x00\x00\x00\x00\x00'
	0x00, 0x00, 0x00, 0x00, 0x00, 0x00, 0x00, 0x00, 0x00, 0x00, 0x00, 0x00, 0x00, 0x00, 0x00, 0x00, //0x000079ac QUAD $0x0000000000000000; QUAD $0x0000000000000000  // .asciz 16, '\x00\x00\x00\x00\x00\x00\x00\x00\x00\x00\x00\x00\x00\x00\x00\x00'
	0x00, 0x00, 0x00, 0x00, //0x000079bc LONG $0x00000000  // .asciz 4, '\x00\x00\x00\x00'
	0x0e, 0x00, 0x00, 0x00, //0x000079c0 .long 14
	0x35, 0x36, 0x38, 0x34, 0x33, 0x34, 0x31, 0x38, 0x38, 0x36, 0x30, 0x38, 0x30, 0x38, 0x30, 0x31, //0x000079c4 QUAD $0x3831343334383635; QUAD $0x3130383038303638  // .asciz 16, '5684341886080801'
	0x34, 0x38, 0x36, 0x39, 0x36, 0x38, 0x39, 0x39, 0x34, 0x31, 0x34, 0x30, 0x36, 0x32, 0x35, 0x00, //0x000079d4 QUAD $0x3939383639363834; QUAD $0x0035323630343134  // .asciz 16, '486968994140625\x00'
	0x00, 0x00, 0x00, 0x00, 0x00, 0x00, 0x00, 0x00, 0x00, 0x00, 0x00, 0x00, 0x00, 0x00, 0x00, 0x00, //0x000079e4 QUAD $0x0000000000000000; QUAD $0x0000000000000000  // .asciz 16, '\x00\x00\x00\x00\x00\x00\x00\x00\x00\x00\x00\x00\x00\x00\x00\x00'
	0x00, 0x00, 0x00, 0x00, 0x00, 0x00, 0x00, 0x00, 0x00, 0x00, 0x00, 0x00, 0x00, 0x00, 0x00, 0x00, //0x000079f4 QUAD $0x0000000000000000; QUAD $0x0000000000000000  // .asciz 16, '\x00\x00\x00\x00\x00\x00\x00\x00\x00\x00\x00\x00\x00\x00\x00\x00'
	0x00, 0x00, 0x00, 0x00, 0x00, 0x00, 0x00, 0x00, 0x00, 0x00, 0x00, 0x00, 0x00, 0x00, 0x00, 0x00, //0x00007a04 QUAD $0x0000000000000000; QUAD $0x0000000000000000  // .asciz 16, '\x00\x00\x00\x00\x00\x00\x00\x00\x00\x00\x00\x00\x00\x00\x00\x00'
	0x00, 0x00, 0x00, 0x00, 0x00, 0x00, 0x00, 0x00, 0x00, 0x00, 0x00, 0x00, 0x00, 0x00, 0x00, 0x00, //0x00007a14 QUAD $0x0000000000000000; QUAD $0x0000000000000000  // .asciz 16, '\x00\x00\x00\x00\x00\x00\x00\x00\x00\x00\x00\x00\x00\x00\x00\x00'
	0x00, 0x00, 0x00, 0x00, //0x00007a24 LONG $0x00000000  // .asciz 4, '\x00\x00\x00\x00'
	0x0e, 0x00, 0x00, 0x00, //0x00007a28 .long 14
	0x32, 0x38, 0x34, 0x32, 0x31, 0x37, 0x30, 0x39, 0x34, 0x33, 0x30, 0x34, 0x30, 0x34, 0x30, 0x30, //0x00007a2c QUAD $0x3930373132343832; QUAD $0x3030343034303334  // .asciz 16, '2842170943040400'
	0x37, 0x34, 0x33, 0x34, 0x38, 0x34, 0x34, 0x39, 0x37, 0x30, 0x37, 0x30, 0x33, 0x31, 0x32, 0x35, //0x00007a3c QUAD $0x3934343834333437; QUAD $0x3532313330373037  // .asciz 16, '7434844970703125'
	0x00, 0x00, 0x00, 0x00, 0x00, 0x00, 0x00, 0x00, 0x00, 0x00, 0x00, 0x00, 0x00, 0x00, 0x00, 0x00, //0x00007a4c QUAD $0x0000000000000000; QUAD $0x0000000000000000  // .asciz 16, '\x00\x00\x00\x00\x00\x00\x00\x00\x00\x00\x00\x00\x00\x00\x00\x00'
	0x00, 0x00, 0x00, 0x00, 0x00, 0x00, 0x00, 0x00, 0x00, 0x00, 0x00, 0x00, 0x00, 0x00, 0x00, 0x00, //0x00007a5c QUAD $0x0000000000000000; QUAD $0x0000000000000000  // .asciz 16, '\x00\x00\x00\x00\x00\x00\x00\x00\x00\x00\x00\x00\x00\x00\x00\x00'
	0x00, 0x00, 0x00, 0x00, 0x00, 0x00, 0x00, 0x00, 0x00, 0x00, 0x00, 0x00, 0x00, 0x00, 0x00, 0x00, //0x00007a6c QUAD $0x0000000000000000; QUAD $0x0000000000000000  // .asciz 16, '\x00\x00\x00\x00\x00\x00\x00\x00\x00\x00\x00\x00\x00\x00\x00\x00'
	0x00, 0x00, 0x00, 0x00, 0x00, 0x00, 0x00, 0x00, 0x00, 0x00, 0x00, 0x00, 0x00, 0x00, 0x00, 0x00, //0x00007a7c QUAD $0x0000000000000000; QUAD $0x0000000000000000  // .asciz 16, '\x00\x00\x00\x00\x00\x00\x00\x00\x00\x00\x00\x00\x00\x00\x00\x00'
	0x00, 0x00, 0x00, 0x00, //0x00007a8c LONG $0x00000000  // .asciz 4, '\x00\x00\x00\x00'
	0x0e, 0x00, 0x00, 0x00, //0x00007a90 .long 14
	0x31, 0x34, 0x32, 0x31, 0x30, 0x38, 0x35, 0x34, 0x37, 0x31, 0x35, 0x32, 0x30, 0x32, 0x30, 0x30, //0x00007a94 QUAD $0x3435383031323431; QUAD $0x3030323032353137  // .asciz 16, '1421085471520200'
	0x33, 0x37, 0x31, 0x37, 0x34, 0x32, 0x32, 0x34, 0x38, 0x35, 0x33, 0x35, 0x31, 0x35, 0x36, 0x32, //0x00007aa4 QUAD $0x3432323437313733; QUAD $0x3236353135333538  // .asciz 16, '3717422485351562'
	0x35, 0x00, 0x00, 0x00, 0x00, 0x00, 0x00, 0x00, 0x00, 0x00, 0x00, 0x00, 0x00, 0x00, 0x00, 0x00, //0x00007ab4 QUAD $0x0000000000000035; QUAD $0x0000000000000000  // .asciz 16, '5\x00\x00\x00\x00\x00\x00\x00\x00\x00\x00\x00\x00\x00\x00\x00'
	0x00, 0x00, 0x00, 0x00, 0x00, 0x00, 0x00, 0x00, 0x00, 0x00, 0x00, 0x00, 0x00, 0x00, 0x00, 0x00, //0x00007ac4 QUAD $0x0000000000000000; QUAD $0x0000000000000000  // .asciz 16, '\x00\x00\x00\x00\x00\x00\x00\x00\x00\x00\x00\x00\x00\x00\x00\x00'
	0x00, 0x00, 0x00, 0x00, 0x00, 0x00, 0x00, 0x00, 0x00, 0x00, 0x00, 0x00, 0x00, 0x00, 0x00, 0x00, //0x00007ad4 QUAD $0x0000000000000000; QUAD $0x0000000000000000  // .asciz 16, '\x00\x00\x00\x00\x00\x00\x00\x00\x00\x00\x00\x00\x00\x00\x00\x00'
	0x00, 0x00, 0x00, 0x00, 0x00, 0x00, 0x00, 0x00, 0x00, 0x00, 0x00, 0x00, 0x00, 0x00, 0x00, 0x00, //0x00007ae4 QUAD $0x0000000000000000; QUAD $0x0000000000000000  // .asciz 16, '\x00\x00\x00\x00\x00\x00\x00\x00\x00\x00\x00\x00\x00\x00\x00\x00'
	0x00, 0x00, 0x00, 0x00, //0x00007af4 LONG $0x00000000  // .asciz 4, '\x00\x00\x00\x00'
	0x0f, 0x00, 0x00, 0x00, //0x00007af8 .long 15
	0x37, 0x31, 0x30, 0x35, 0x34, 0x32, 0x37, 0x33, 0x35, 0x37, 0x36, 0x30, 0x31, 0x30, 0x30, 0x31, //0x00007afc QUAD $0x3337323435303137; QUAD $0x3130303130363735  // .asciz 16, '7105427357601001'
	0x38, 0x35, 0x38, 0x37, 0x31, 0x31, 0x32, 0x34, 0x32, 0x36, 0x37, 0x35, 0x37, 0x38, 0x31, 0x32, //0x00007b0c QUAD $0x3432313137383538; QUAD $0x3231383735373632  // .asciz 16, '8587112426757812'
	0x35, 0x00, 0x00, 0x00, 0x00, 0x00, 0x00, 0x00, 0x00, 0x00, 0x00, 0x00, 0x00, 0x00, 0x00, 0x00, //0x00007b1c QUAD $0x0000000000000035; QUAD $0x0000000000000000  // .asciz 16, '5\x00\x00\x00\x00\x00\x00\x00\x00\x00\x00\x00\x00\x00\x00\x00'
	0x00, 0x00, 0x00, 0x00, 0x00, 0x00, 0x00, 0x00, 0x00, 0x00, 0x00, 0x00, 0x00, 0x00, 0x00, 0x00, //0x00007b2c QUAD $0x0000000000000000; QUAD $0x0000000000000000  // .asciz 16, '\x00\x00\x00\x00\x00\x00\x00\x00\x00\x00\x00\x00\x00\x00\x00\x00'
	0x00, 0x00, 0x00, 0x00, 0x00, 0x00, 0x00, 0x00, 0x00, 0x00, 0x00, 0x00, 0x00, 0x00, 0x00, 0x00, //0x00007b3c QUAD $0x0000000000000000; QUAD $0x0000000000000000  // .asciz 16, '\x00\x00\x00\x00\x00\x00\x00\x00\x00\x00\x00\x00\x00\x00\x00\x00'
	0x00, 0x00, 0x00, 0x00, 0x00, 0x00, 0x00, 0x00, 0x00, 0x00, 0x00, 0x00, 0x00, 0x00, 0x00, 0x00, //0x00007b4c QUAD $0x0000000000000000; QUAD $0x0000000000000000  // .asciz 16, '\x00\x00\x00\x00\x00\x00\x00\x00\x00\x00\x00\x00\x00\x00\x00\x00'
	0x00, 0x00, 0x00, 0x00, //0x00007b5c LONG $0x00000000  // .asciz 4, '\x00\x00\x00\x00'
	0x0f, 0x00, 0x00, 0x00, //0x00007b60 .long 15
	0x33, 0x35, 0x35, 0x32, 0x37, 0x31, 0x33, 0x36, 0x37, 0x38, 0x38, 0x30, 0x30, 0x35, 0x30, 0x30, //0x00007b64 QUAD $0x3633313732353533; QUAD $0x3030353030383837  // .asciz 16, '3552713678800500'
	0x39, 0x32, 0x39, 0x33, 0x35, 0x35, 0x36, 0x32, 0x31, 0x33, 0x33, 0x37, 0x38, 0x39, 0x30, 0x36, //0x00007b74 QUAD $0x3236353533393239; QUAD $0x3630393837333331  // .asciz 16, '9293556213378906'
	0x32, 0x35, 0x00, 0x00, 0x00, 0x00, 0x00, 0x00, 0x00, 0x00, 0x00, 0x00, 0x00, 0x00, 0x00, 0x00, //0x00007b84 QUAD $0x0000000000003532; QUAD $0x0000000000000000  // .asciz 16, '25\x00\x00\x00\x00\x00\x00\x00\x00\x00\x00\x00\x00\x00\x00'
	0x00, 0x00, 0x00, 0x00, 0x00, 0x00, 0x00, 0x00, 0x00, 0x00, 0x00, 0x00, 0x00, 0x00, 0x00, 0x00, //0x00007b94 QUAD $0x0000000000000000; QUAD $0x0000000000000000  // .asciz 16, '\x00\x00\x00\x00\x00\x00\x00\x00\x00\x00\x00\x00\x00\x00\x00\x00'
	0x00, 0x00, 0x00, 0x00, 0x00, 0x00, 0x00, 0x00, 0x00, 0x00, 0x00, 0x00, 0x00, 0x00, 0x00, 0x00, //0x00007ba4 QUAD $0x0000000000000000; QUAD $0x0000000000000000  // .asciz 16, '\x00\x00\x00\x00\x00\x00\x00\x00\x00\x00\x00\x00\x00\x00\x00\x00'
	0x00, 0x00, 0x00, 0x00, 0x00, 0x00, 0x00, 0x00, 0x00, 0x00, 0x00, 0x00, 0x00, 0x00, 0x00, 0x00, //0x00007bb4 QUAD $0x0000000000000000; QUAD $0x0000000000000000  // .asciz 16, '\x00\x00\x00\x00\x00\x00\x00\x00\x00\x00\x00\x00\x00\x00\x00\x00'
	0x00, 0x00, 0x00, 0x00, //0x00007bc4 LONG $0x00000000  // .asciz 4, '\x00\x00\x00\x00'
	0x0f, 0x00, 0x00, 0x00, //0x00007bc8 .long 15
	0x31, 0x37, 0x37, 0x36, 0x33, 0x35, 0x36, 0x38, 0x33, 0x39, 0x34, 0x30, 0x30, 0x32, 0x35, 0x30, //0x00007bcc QUAD $0x3836353336373731; QUAD $0x3035323030343933  // .asciz 16, '1776356839400250'
	0x34, 0x36, 0x34, 0x36, 0x37, 0x37, 0x38, 0x31, 0x30, 0x36, 0x36, 0x38, 0x39, 0x34, 0x35, 0x33, //0x00007bdc QUAD $0x3138373736343634; QUAD $0x3335343938363630  // .asciz 16, '4646778106689453'
	0x31, 0x32, 0x35, 0x00, 0x00, 0x00, 0x00, 0x00, 0x00, 0x00, 0x00, 0x00, 0x00, 0x00, 0x00, 0x00, //0x00007bec QUAD $0x0000000000353231; QUAD $0x0000000000000000  // .asciz 16, '125\x00\x00\x00\x00\x00\x00\x00\x00\x00\x00\x00\x00\x00'
	0x00, 0x00, 0x00, 0x00, 0x00, 0x00, 0x00, 0x00, 0x00, 0x00, 0x00, 0x00, 0x00, 0x00, 0x00, 0x00, //0x00007bfc QUAD $0x0000000000000000; QUAD $0x0000000000000000  // .asciz 16, '\x00\x00\x00\x00\x00\x00\x00\x00\x00\x00\x00\x00\x00\x00\x00\x00'
	0x00, 0x00, 0x00, 0x00, 0x00, 0x00, 0x00, 0x00, 0x00, 0x00, 0x00, 0x00, 0x00, 0x00, 0x00, 0x00, //0x00007c0c QUAD $0x0000000000000000; QUAD $0x0000000000000000  // .asciz 16, '\x00\x00\x00\x00\x00\x00\x00\x00\x00\x00\x00\x00\x00\x00\x00\x00'
	0x00, 0x00, 0x00, 0x00, 0x00, 0x00, 0x00, 0x00, 0x00, 0x00, 0x00, 0x00, 0x00, 0x00, 0x00, 0x00, //0x00007c1c QUAD $0x0000000000000000; QUAD $0x0000000000000000  // .asciz 16, '\x00\x00\x00\x00\x00\x00\x00\x00\x00\x00\x00\x00\x00\x00\x00\x00'
	0x00, 0x00, 0x00, 0x00, //0x00007c2c LONG $0x00000000  // .asciz 4, '\x00\x00\x00\x00'
	0x10, 0x00, 0x00, 0x00, //0x00007c30 .long 16
	0x38, 0x38, 0x38, 0x31, 0x37, 0x38, 0x34, 0x31, 0x39, 0x37, 0x30, 0x30, 0x31, 0x32, 0x35, 0x32, //0x00007c34 QUAD $0x3134383731383838; QUAD $0x3235323130303739  // .asciz 16, '8881784197001252'
	0x33, 0x32, 0x33, 0x33, 0x38, 0x39, 0x30, 0x35, 0x33, 0x33, 0x34, 0x34, 0x37, 0x32, 0x36, 0x35, //0x00007c44 QUAD $0x3530393833333233; QUAD $0x3536323734343333  // .asciz 16, '3233890533447265'
	0x36, 0x32, 0x35, 0x00, 0x00, 0x00, 0x00, 0x00, 0x00, 0x00, 0x00, 0x00, 0x00, 0x00, 0x00, 0x00, //0x00007c54 QUAD $0x0000000000353236; QUAD $0x0000000000000000  // .asciz 16, '625\x00\x00\x00\x00\x00\x00\x00\x00\x00\x00\x00\x00\x00'
	0x00, 0x00, 0x00, 0x00, 0x00, 0x00, 0x00, 0x00, 0x00, 0x00, 0x00, 0x00, 0x00, 0x00, 0x00, 0x00, //0x00007c64 QUAD $0x0000000000000000; QUAD $0x0000000000000000  // .asciz 16, '\x00\x00\x00\x00\x00\x00\x00\x00\x00\x00\x00\x00\x00\x00\x00\x00'
	0x00, 0x00, 0x00, 0x00, 0x00, 0x00, 0x00, 0x00, 0x00, 0x00, 0x00, 0x00, 0x00, 0x00, 0x00, 0x00, //0x00007c74 QUAD $0x0000000000000000; QUAD $0x0000000000000000  // .asciz 16, '\x00\x00\x00\x00\x00\x00\x00\x00\x00\x00\x00\x00\x00\x00\x00\x00'
	0x00, 0x00, 0x00, 0x00, 0x00, 0x00, 0x00, 0x00, 0x00, 0x00, 0x00, 0x00, 0x00, 0x00, 0x00, 0x00, //0x00007c84 QUAD $0x0000000000000000; QUAD $0x0000000000000000  // .asciz 16, '\x00\x00\x00\x00\x00\x00\x00\x00\x00\x00\x00\x00\x00\x00\x00\x00'
	0x00, 0x00, 0x00, 0x00, //0x00007c94 LONG $0x00000000  // .asciz 4, '\x00\x00\x00\x00'
	0x10, 0x00, 0x00, 0x00, //0x00007c98 .long 16
	0x34, 0x34, 0x34, 0x30, 0x38, 0x39, 0x32, 0x30, 0x39, 0x38, 0x35, 0x30, 0x30, 0x36, 0x32, 0x36, //0x00007c9c QUAD $0x3032393830343434; QUAD $0x3632363030353839  // .asciz 16, '4440892098500626'
	0x31, 0x36, 0x31, 0x36, 0x39, 0x34, 0x35, 0x32, 0x36, 0x36, 0x37, 0x32, 0x33, 0x36, 0x33, 0x32, //0x00007cac QUAD $0x3235343936313631; QUAD $0x3233363332373636  // .asciz 16, '1616945266723632'
	0x38, 0x31, 0x32, 0x35, 0x00, 0x00, 0x00, 0x00, 0x00, 0x00, 0x00, 0x00, 0x00, 0x00, 0x00, 0x00, //0x00007cbc QUAD $0x0000000035323138; QUAD $0x0000000000000000  // .asciz 16, '8125\x00\x00\x00\x00\x00\x00\x00\x00\x00\x00\x00\x00'
	0x00, 0x00, 0x00, 0x00, 0x00, 0x00, 0x00, 0x00, 0x00, 0x00, 0x00, 0x00, 0x00, 0x00, 0x00, 0x00, //0x00007ccc QUAD $0x0000000000000000; QUAD $0x0000000000000000  // .asciz 16, '\x00\x00\x00\x00\x00\x00\x00\x00\x00\x00\x00\x00\x00\x00\x00\x00'
	0x00, 0x00, 0x00, 0x00, 0x00, 0x00, 0x00, 0x00, 0x00, 0x00, 0x00, 0x00, 0x00, 0x00, 0x00, 0x00, //0x00007cdc QUAD $0x0000000000000000; QUAD $0x0000000000000000  // .asciz 16, '\x00\x00\x00\x00\x00\x00\x00\x00\x00\x00\x00\x00\x00\x00\x00\x00'
	0x00, 0x00, 0x00, 0x00, 0x00, 0x00, 0x00, 0x00, 0x00, 0x00, 0x00, 0x00, 0x00, 0x00, 0x00, 0x00, //0x00007cec QUAD $0x0000000000000000; QUAD $0x0000000000000000  // .asciz 16, '\x00\x00\x00\x00\x00\x00\x00\x00\x00\x00\x00\x00\x00\x00\x00\x00'
	0x00, 0x00, 0x00, 0x00, //0x00007cfc LONG $0x00000000  // .asciz 4, '\x00\x00\x00\x00'
	0x10, 0x00, 0x00, 0x00, //0x00007d00 .long 16
	0x32, 0x32, 0x32, 0x30, 0x34, 0x34, 0x36, 0x30, 0x34, 0x39, 0x32, 0x35, 0x30, 0x33, 0x31, 0x33, //0x00007d04 QUAD $0x3036343430323232; QUAD $0x3331333035323934  // .asciz 16, '2220446049250313'
	0x30, 0x38, 0x30, 0x38, 0x34, 0x37, 0x32, 0x36, 0x33, 0x33, 0x33, 0x36, 0x31, 0x38, 0x31, 0x36, //0x00007d14 QUAD $0x3632373438303830; QUAD $0x3631383136333333  // .asciz 16, '0808472633361816'
	0x34, 0x30, 0x36, 0x32, 0x35, 0x00, 0x00, 0x00, 0x00, 0x00, 0x00, 0x00, 0x00, 0x00, 0x00, 0x00, //0x00007d24 QUAD $0x0000003532363034; QUAD $0x0000000000000000  // .asciz 16, '40625\x00\x00\x00\x00\x00\x00\x00\x00\x00\x00\x00'
	0x00, 0x00, 0x00, 0x00, 0x00, 0x00, 0x00, 0x00, 0x00, 0x00, 0x00, 0x00, 0x00, 0x00, 0x00, 0x00, //0x00007d34 QUAD $0x0000000000000000; QUAD $0x0000000000000000  // .asciz 16, '\x00\x00\x00\x00\x00\x00\x00\x00\x00\x00\x00\x00\x00\x00\x00\x00'
	0x00, 0x00, 0x00, 0x00, 0x00, 0x00, 0x00, 0x00, 0x00, 0x00, 0x00, 0x00, 0x00, 0x00, 0x00, 0x00, //0x00007d44 QUAD $0x0000000000000000; QUAD $0x0000000000000000  // .asciz 16, '\x00\x00\x00\x00\x00\x00\x00\x00\x00\x00\x00\x00\x00\x00\x00\x00'
	0x00, 0x00, 0x00, 0x00, 0x00, 0x00, 0x00, 0x00, 0x00, 0x00, 0x00, 0x00, 0x00, 0x00, 0x00, 0x00, //0x00007d54 QUAD $0x0000000000000000; QUAD $0x0000000000000000  // .asciz 16, '\x00\x00\x00\x00\x00\x00\x00\x00\x00\x00\x00\x00\x00\x00\x00\x00'
	0x00, 0x00, 0x00, 0x00, //0x00007d64 LONG $0x00000000  // .asciz 4, '\x00\x00\x00\x00'
	0x10, 0x00, 0x00, 0x00, //0x00007d68 .long 16
	0x31, 0x31, 0x31, 0x30, 0x32, 0x32, 0x33, 0x30, 0x32, 0x34, 0x36, 0x32, 0x35, 0x31, 0x35, 0x36, //0x00007d6c QUAD $0x3033323230313131; QUAD $0x3635313532363432  // .asciz 16, '1110223024625156'
	0x35, 0x34, 0x30, 0x34, 0x32, 0x33, 0x36, 0x33, 0x31, 0x36, 0x36, 0x38, 0x30, 0x39, 0x30, 0x38, //0x00007d7c QUAD $0x3336333234303435; QUAD $0x3830393038363631  // .asciz 16, '5404236316680908'
	0x32, 0x30, 0x33, 0x31, 0x32, 0x35, 0x00, 0x00, 0x00, 0x00, 0x00, 0x00, 0x00, 0x00, 0x00, 0x00, //0x00007d8c QUAD $0x0000353231333032; QUAD $0x0000000000000000  // .asciz 16, '203125\x00\x00\x00\x00\x00\x00\x00\x00\x00\x00'
	0x00, 0x00, 0x00, 0x00, 0x00, 0x00, 0x00, 0x00, 0x00, 0x00, 0x00, 0x00, 0x00, 0x00, 0x00, 0x00, //0x00007d9c QUAD $0x0000000000000000; QUAD $0x0000000000000000  // .asciz 16, '\x00\x00\x00\x00\x00\x00\x00\x00\x00\x00\x00\x00\x00\x00\x00\x00'
	0x00, 0x00, 0x00, 0x00, 0x00, 0x00, 0x00, 0x00, 0x00, 0x00, 0x00, 0x00, 0x00, 0x00, 0x00, 0x00, //0x00007dac QUAD $0x0000000000000000; QUAD $0x0000000000000000  // .asciz 16, '\x00\x00\x00\x00\x00\x00\x00\x00\x00\x00\x00\x00\x00\x00\x00\x00'
	0x00, 0x00, 0x00, 0x00, 0x00, 0x00, 0x00, 0x00, 0x00, 0x00, 0x00, 0x00, 0x00, 0x00, 0x00, 0x00, //0x00007dbc QUAD $0x0000000000000000; QUAD $0x0000000000000000  // .asciz 16, '\x00\x00\x00\x00\x00\x00\x00\x00\x00\x00\x00\x00\x00\x00\x00\x00'
	0x00, 0x00, 0x00, 0x00, //0x00007dcc LONG $0x00000000  // .asciz 4, '\x00\x00\x00\x00'
	0x11, 0x00, 0x00, 0x00, //0x00007dd0 .long 17
	0x35, 0x35, 0x35, 0x31, 0x31, 0x31, 0x35, 0x31, 0x32, 0x33, 0x31, 0x32, 0x35, 0x37, 0x38, 0x32, //0x00007dd4 QUAD $0x3135313131353535; QUAD $0x3238373532313332  // .asciz 16, '5551115123125782'
	0x37, 0x30, 0x32, 0x31, 0x31, 0x38, 0x31, 0x35, 0x38, 0x33, 0x34, 0x30, 0x34, 0x35, 0x34, 0x31, //0x00007de4 QUAD $0x3531383131323037; QUAD $0x3134353430343338  // .asciz 16, '7021181583404541'
	0x30, 0x31, 0x35, 0x36, 0x32, 0x35, 0x00, 0x00, 0x00, 0x00, 0x00, 0x00, 0x00, 0x00, 0x00, 0x00, //0x00007df4 QUAD $0x0000353236353130; QUAD $0x0000000000000000  // .asciz 16, '015625\x00\x00\x00\x00\x00\x00\x00\x00\x00\x00'
	0x00, 0x00, 0x00, 0x00, 0x00, 0x00, 0x00, 0x00, 0x00, 0x00, 0x00, 0x00, 0x00, 0x00, 0x00, 0x00, //0x00007e04 QUAD $0x0000000000000000; QUAD $0x0000000000000000  // .asciz 16, '\x00\x00\x00\x00\x00\x00\x00\x00\x00\x00\x00\x00\x00\x00\x00\x00'
	0x00, 0x00, 0x00, 0x00, 0x00, 0x00, 0x00, 0x00, 0x00, 0x00, 0x00, 0x00, 0x00, 0x00, 0x00, 0x00, //0x00007e14 QUAD $0x0000000000000000; QUAD $0x0000000000000000  // .asciz 16, '\x00\x00\x00\x00\x00\x00\x00\x00\x00\x00\x00\x00\x00\x00\x00\x00'
	0x00, 0x00, 0x00, 0x00, 0x00, 0x00, 0x00, 0x00, 0x00, 0x00, 0x00, 0x00, 0x00, 0x00, 0x00, 0x00, //0x00007e24 QUAD $0x0000000000000000; QUAD $0x0000000000000000  // .asciz 16, '\x00\x00\x00\x00\x00\x00\x00\x00\x00\x00\x00\x00\x00\x00\x00\x00'
	0x00, 0x00, 0x00, 0x00, //0x00007e34 LONG $0x00000000  // .asciz 4, '\x00\x00\x00\x00'
	0x11, 0x00, 0x00, 0x00, //0x00007e38 .long 17
	0x32, 0x37, 0x37, 0x35, 0x35, 0x35, 0x37, 0x35, 0x36, 0x31, 0x35, 0x36, 0x32, 0x38, 0x39, 0x31, //0x00007e3c QUAD $0x3537353535373732; QUAD $0x3139383236353136  // .asciz 16, '2775557561562891'
	0x33, 0x35, 0x31, 0x30, 0x35, 0x39, 0x30, 0x37, 0x39, 0x31, 0x37, 0x30, 0x32, 0x32, 0x37, 0x30, //0x00007e4c QUAD $0x3730393530313533; QUAD $0x3037323230373139  // .asciz 16, '3510590791702270'
	0x35, 0x30, 0x37, 0x38, 0x31, 0x32, 0x35, 0x00, 0x00, 0x00, 0x00, 0x00, 0x00, 0x00, 0x00, 0x00, //0x00007e5c QUAD $0x0035323138373035; QUAD $0x0000000000000000  // .asciz 16, '5078125\x00\x00\x00\x00\x00\x00\x00\x00\x00'
	0x00, 0x00, 0x00, 0x00, 0x00, 0x00, 0x00, 0x00, 0x00, 0x00, 0x00, 0x00, 0x00, 0x00, 0x00, 0x00, //0x00007e6c QUAD $0x0000000000000000; QUAD $0x0000000000000000  // .asciz 16, '\x00\x00\x00\x00\x00\x00\x00\x00\x00\x00\x00\x00\x00\x00\x00\x00'
	0x00, 0x00, 0x00, 0x00, 0x00, 0x00, 0x00, 0x00, 0x00, 0x00, 0x00, 0x00, 0x00, 0x00, 0x00, 0x00, //0x00007e7c QUAD $0x0000000000000000; QUAD $0x0000000000000000  // .asciz 16, '\x00\x00\x00\x00\x00\x00\x00\x00\x00\x00\x00\x00\x00\x00\x00\x00'
	0x00, 0x00, 0x00, 0x00, 0x00, 0x00, 0x00, 0x00, 0x00, 0x00, 0x00, 0x00, 0x00, 0x00, 0x00, 0x00, //0x00007e8c QUAD $0x0000000000000000; QUAD $0x0000000000000000  // .asciz 16, '\x00\x00\x00\x00\x00\x00\x00\x00\x00\x00\x00\x00\x00\x00\x00\x00'
	0x00, 0x00, 0x00, 0x00, //0x00007e9c LONG $0x00000000  // .asciz 4, '\x00\x00\x00\x00'
	0x11, 0x00, 0x00, 0x00, //0x00007ea0 .long 17
	0x31, 0x33, 0x38, 0x37, 0x37, 0x37, 0x38, 0x37, 0x38, 0x30, 0x37, 0x38, 0x31, 0x34, 0x34, 0x35, //0x00007ea4 QUAD $0x3738373737383331; QUAD $0x3534343138373038  // .asciz 16, '1387778780781445'
	0x36, 0x37, 0x35, 0x35, 0x32, 0x39, 0x35, 0x33, 0x39, 0x35, 0x38, 0x35, 0x31, 0x31, 0x33, 0x35, //0x00007eb4 QUAD $0x3335393235353736; QUAD $0x3533313135383539  // .asciz 16, '6755295395851135'
	0x32, 0x35, 0x33, 0x39, 0x30, 0x36, 0x32, 0x35, 0x00, 0x00, 0x00, 0x00, 0x00, 0x00, 0x00, 0x00, //0x00007ec4 QUAD $0x3532363039333532; QUAD $0x0000000000000000  // .asciz 16, '25390625\x00\x00\x00\x00\x00\x00\x00\x00'
	0x00, 0x00, 0x00, 0x00, 0x00, 0x00, 0x00, 0x00, 0x00, 0x00, 0x00, 0x00, 0x00, 0x00, 0x00, 0x00, //0x00007ed4 QUAD $0x0000000000000000; QUAD $0x0000000000000000  // .asciz 16, '\x00\x00\x00\x00\x00\x00\x00\x00\x00\x00\x00\x00\x00\x00\x00\x00'
	0x00, 0x00, 0x00, 0x00, 0x00, 0x00, 0x00, 0x00, 0x00, 0x00, 0x00, 0x00, 0x00, 0x00, 0x00, 0x00, //0x00007ee4 QUAD $0x0000000000000000; QUAD $0x0000000000000000  // .asciz 16, '\x00\x00\x00\x00\x00\x00\x00\x00\x00\x00\x00\x00\x00\x00\x00\x00'
	0x00, 0x00, 0x00, 0x00, 0x00, 0x00, 0x00, 0x00, 0x00, 0x00, 0x00, 0x00, 0x00, 0x00, 0x00, 0x00, //0x00007ef4 QUAD $0x0000000000000000; QUAD $0x0000000000000000  // .asciz 16, '\x00\x00\x00\x00\x00\x00\x00\x00\x00\x00\x00\x00\x00\x00\x00\x00'
	0x00, 0x00, 0x00, 0x00, //0x00007f04 LONG $0x00000000  // .asciz 4, '\x00\x00\x00\x00'
	0x12, 0x00, 0x00, 0x00, //0x00007f08 .long 18
	0x36, 0x39, 0x33, 0x38, 0x38, 0x39, 0x33, 0x39, 0x30, 0x33, 0x39, 0x30, 0x37, 0x32, 0x32, 0x38, //0x00007f0c QUAD $0x3933393838333936; QUAD $0x3832323730393330  // .asciz 16, '6938893903907228'
	0x33, 0x37, 0x37, 0x36, 0x34, 0x37, 0x36, 0x39, 0x37, 0x39, 0x32, 0x35, 0x35, 0x36, 0x37, 0x36, //0x00007f1c QUAD $0x3936373436373733; QUAD $0x3637363535323937  // .asciz 16, '3776476979255676'
	0x32, 0x36, 0x39, 0x35, 0x33, 0x31, 0x32, 0x35, 0x00, 0x00, 0x00, 0x00, 0x00, 0x00, 0x00, 0x00, //0x00007f2c QUAD $0x3532313335393632; QUAD $0x0000000000000000  // .asciz 16, '26953125\x00\x00\x00\x00\x00\x00\x00\x00'
	0x00, 0x00, 0x00, 0x00, 0x00, 0x00, 0x00, 0x00, 0x00, 0x00, 0x00, 0x00, 0x00, 0x00, 0x00, 0x00, //0x00007f3c QUAD $0x0000000000000000; QUAD $0x0000000000000000  // .asciz 16, '\x00\x00\x00\x00\x00\x00\x00\x00\x00\x00\x00\x00\x00\x00\x00\x00'
	0x00, 0x00, 0x00, 0x00, 0x00, 0x00, 0x00, 0x00, 0x00, 0x00, 0x00, 0x00, 0x00, 0x00, 0x00, 0x00, //0x00007f4c QUAD $0x0000000000000000; QUAD $0x0000000000000000  // .asciz 16, '\x00\x00\x00\x00\x00\x00\x00\x00\x00\x00\x00\x00\x00\x00\x00\x00'
	0x00, 0x00, 0x00, 0x00, 0x00, 0x00, 0x00, 0x00, 0x00, 0x00, 0x00, 0x00, 0x00, 0x00, 0x00, 0x00, //0x00007f5c QUAD $0x0000000000000000; QUAD $0x0000000000000000  // .asciz 16, '\x00\x00\x00\x00\x00\x00\x00\x00\x00\x00\x00\x00\x00\x00\x00\x00'
	0x00, 0x00, 0x00, 0x00, //0x00007f6c LONG $0x00000000  // .asciz 4, '\x00\x00\x00\x00'
	0x12, 0x00, 0x00, 0x00, //0x00007f70 .long 18
	0x33, 0x34, 0x36, 0x39, 0x34, 0x34, 0x36, 0x39, 0x35, 0x31, 0x39, 0x35, 0x33, 0x36, 0x31, 0x34, //0x00007f74 QUAD $0x3936343439363433; QUAD $0x3431363335393135  // .asciz 16, '3469446951953614'
	0x31, 0x38, 0x38, 0x38, 0x32, 0x33, 0x38, 0x34, 0x38, 0x39, 0x36, 0x32, 0x37, 0x38, 0x33, 0x38, //0x00007f84 QUAD $0x3438333238383831; QUAD $0x3833383732363938  // .asciz 16, '1888238489627838'
	0x31, 0x33, 0x34, 0x37, 0x36, 0x35, 0x36, 0x32, 0x35, 0x00, 0x00, 0x00, 0x00, 0x00, 0x00, 0x00, //0x00007f94 QUAD $0x3236353637343331; QUAD $0x0000000000000035  // .asciz 16, '134765625\x00\x00\x00\x00\x00\x00\x00'
	0x00, 0x00, 0x00, 0x00, 0x00, 0x00, 0x00, 0x00, 0x00, 0x00, 0x00, 0x00, 0x00, 0x00, 0x00, 0x00, //0x00007fa4 QUAD $0x0000000000000000; QUAD $0x0000000000000000  // .asciz 16, '\x00\x00\x00\x00\x00\x00\x00\x00\x00\x00\x00\x00\x00\x00\x00\x00'
	0x00, 0x00, 0x00, 0x00, 0x00, 0x00, 0x00, 0x00, 0x00, 0x00, 0x00, 0x00, 0x00, 0x00, 0x00, 0x00, //0x00007fb4 QUAD $0x0000000000000000; QUAD $0x0000000000000000  // .asciz 16, '\x00\x00\x00\x00\x00\x00\x00\x00\x00\x00\x00\x00\x00\x00\x00\x00'
	0x00, 0x00, 0x00, 0x00, 0x00, 0x00, 0x00, 0x00, 0x00, 0x00, 0x00, 0x00, 0x00, 0x00, 0x00, 0x00, //0x00007fc4 QUAD $0x0000000000000000; QUAD $0x0000000000000000  // .asciz 16, '\x00\x00\x00\x00\x00\x00\x00\x00\x00\x00\x00\x00\x00\x00\x00\x00'
	0x00, 0x00, 0x00, 0x00, //0x00007fd4 LONG $0x00000000  // .asciz 4, '\x00\x00\x00\x00'
	0x12, 0x00, 0x00, 0x00, //0x00007fd8 .long 18
	0x31, 0x37, 0x33, 0x34, 0x37, 0x32, 0x33, 0x34, 0x37, 0x35, 0x39, 0x37, 0x36, 0x38, 0x30, 0x37, //0x00007fdc QUAD $0x3433323734333731; QUAD $0x3730383637393537  // .asciz 16, '1734723475976807'
	0x30, 0x39, 0x34, 0x34, 0x31, 0x31, 0x39, 0x32, 0x34, 0x34, 0x38, 0x31, 0x33, 0x39, 0x31, 0x39, //0x00007fec QUAD $0x3239313134343930; QUAD $0x3931393331383434  // .asciz 16, '0944119244813919'
	0x30, 0x36, 0x37, 0x33, 0x38, 0x32, 0x38, 0x31, 0x32, 0x35, 0x00, 0x00, 0x00, 0x00, 0x00, 0x00, //0x00007ffc QUAD $0x3138323833373630; QUAD $0x0000000000003532  // .asciz 16, '0673828125\x00\x00\x00\x00\x00\x00'
	0x00, 0x00, 0x00, 0x00, 0x00, 0x00, 0x00, 0x00, 0x00, 0x00, 0x00, 0x00, 0x00, 0x00, 0x00, 0x00, //0x0000800c QUAD $0x0000000000000000; QUAD $0x0000000000000000  // .asciz 16, '\x00\x00\x00\x00\x00\x00\x00\x00\x00\x00\x00\x00\x00\x00\x00\x00'
	0x00, 0x00, 0x00, 0x00, 0x00, 0x00, 0x00, 0x00, 0x00, 0x00, 0x00, 0x00, 0x00, 0x00, 0x00, 0x00, //0x0000801c QUAD $0x0000000000000000; QUAD $0x0000000000000000  // .asciz 16, '\x00\x00\x00\x00\x00\x00\x00\x00\x00\x00\x00\x00\x00\x00\x00\x00'
	0x00, 0x00, 0x00, 0x00, 0x00, 0x00, 0x00, 0x00, 0x00, 0x00, 0x00, 0x00, 0x00, 0x00, 0x00, 0x00, //0x0000802c QUAD $0x0000000000000000; QUAD $0x0000000000000000  // .asciz 16, '\x00\x00\x00\x00\x00\x00\x00\x00\x00\x00\x00\x00\x00\x00\x00\x00'
	0x00, 0x00, 0x00, 0x00, //0x0000803c LONG $0x00000000  // .asciz 4, '\x00\x00\x00\x00'
	0x13, 0x00, 0x00, 0x00, //0x00008040 .long 19
	0x38, 0x36, 0x37, 0x33, 0x36, 0x31, 0x37, 0x33, 0x37, 0x39, 0x38, 0x38, 0x34, 0x30, 0x33, 0x35, //0x00008044 QUAD $0x3337313633373638; QUAD $0x3533303438383937  // .asciz 16, '8673617379884035'
	0x34, 0x37, 0x32, 0x30, 0x35, 0x39, 0x36, 0x32, 0x32, 0x34, 0x30, 0x36, 0x39, 0x35, 0x39, 0x35, //0x00008054 QUAD $0x3236393530323734; QUAD $0x3539353936303432  // .asciz 16, '4720596224069595'
	0x33, 0x33, 0x36, 0x39, 0x31, 0x34, 0x30, 0x36, 0x32, 0x35, 0x00, 0x00, 0x00, 0x00, 0x00, 0x00, //0x00008064 QUAD $0x3630343139363333; QUAD $0x0000000000003532  // .asciz 16, '3369140625\x00\x00\x00\x00\x00\x00'
	0x00, 0x00, 0x00, 0x00, 0x00, 0x00, 0x00, 0x00, 0x00, 0x00, 0x00, 0x00, 0x00, 0x00, 0x00, 0x00, //0x00008074 QUAD $0x0000000000000000; QUAD $0x0000000000000000  // .asciz 16, '\x00\x00\x00\x00\x00\x00\x00\x00\x00\x00\x00\x00\x00\x00\x00\x00'
	0x00, 0x00, 0x00, 0x00, 0x00, 0x00, 0x00, 0x00, 0x00, 0x00, 0x00, 0x00, 0x00, 0x00, 0x00, 0x00, //0x00008084 QUAD $0x0000000000000000; QUAD $0x0000000000000000  // .asciz 16, '\x00\x00\x00\x00\x00\x00\x00\x00\x00\x00\x00\x00\x00\x00\x00\x00'
	0x00, 0x00, 0x00, 0x00, 0x00, 0x00, 0x00, 0x00, 0x00, 0x00, 0x00, 0x00, 0x00, 0x00, 0x00, 0x00, //0x00008094 QUAD $0x0000000000000000; QUAD $0x0000000000000000  // .asciz 16, '\x00\x00\x00\x00\x00\x00\x00\x00\x00\x00\x00\x00\x00\x00\x00\x00'
	0x00, 0x00, 0x00, 0x00, //0x000080a4 LONG $0x00000000  // .asciz 4, '\x00\x00\x00\x00'
}
